time,obj_x,obj_y,obj_yaw,ref_x,ref_y,ref_yaw,ref_v,car_idx,lk_idx,relative_x,throttle,steering,approach_dist,approached,elapsed
-1,0,0,0,0,0,0,0,0,0,0,0,0,0,0,traj_sz=0
-1,0,0,0,0,0,0,0,0,0,0,0,0,0,0,traj_sz=0
-1,0,0,0,0,0,0,0,0,0,0,0,0,0,0,traj_sz=0
-1,0,0,0,0,0,0,0,0,0,0,0,0,0,0,traj_sz=0
-1,0,0,0,0,0,0,0,0,0,0,0,0,0,0,traj_sz=0
-1,0,0,0,0,0,0,0,0,0,0,0,0,0,0,traj_sz=0
-1,0,0,0,0,0,0,0,0,0,0,0,0,0,0,traj_sz=0
-1,0,0,0,0,0,0,0,0,0,0,0,0,0,0,traj_sz=0
-1,0,0,0,0,0,0,0,0,0,0,0,0,0,0,traj_sz=0
-1,0,0,0,0,0,0,0,0,0,0,0,0,0,0,traj_sz=0
-1,0,0,0,0,0,0,0,0,0,0,0,0,0,0,traj_sz=0
-1,0,0,0,0,0,0,0,0,0,0,0,0,0,0,traj_sz=0
-1,0,0,0,0,0,0,0,0,0,0,0,0,0,0,traj_sz=0
-1,0,0,0,0,0,0,0,0,0,0,0,0,0,0,traj_sz=0
-1,0.250571,1.52442,-0.00216363,0,0,0,0,0,0,0,0,0,0,0,traj_sz=0
-1,0.250571,1.52442,-0.00216363,0,0,0,0,0,0,0,0,0,0,0,traj_sz=0
-1,0.250571,1.52442,-0.00216363,0,0,0,0,0,0,0,0,0,0,0,traj_sz=0
-1,0.250571,1.52442,-0.00216363,0,0,0,0,0,0,0,0,0,0,0,traj_sz=0
-1,0.250571,1.52442,-0.00216363,0,0,0,0,0,0,0,0,0,0,0,traj_sz=0
-1,0.250571,1.52442,-0.00216363,0,0,0,0,0,0,0,0,0,0,0,traj_sz=0
-1,0.250571,1.52442,-0.00216363,0,0,0,0,0,0,0,0,0,0,0,traj_sz=0
-1,0.250571,1.52442,-0.00216363,0,0,0,0,0,0,0,0,0,0,0,traj_sz=0
-1,0.250571,1.52442,-0.00216363,0,0,0,0,0,0,0,0,0,0,0,traj_sz=0
-1,0.250571,1.52442,-0.00216363,0,0,0,0,0,0,0,0,0,0,0,traj_sz=0
-1,0.250571,1.52442,-0.00216363,0,0,0,0,0,0,0,0,0,0,0,traj_sz=0
-1,0.250571,1.52442,-0.00216363,0,0,0,0,0,0,0,0,0,0,0,traj_sz=0
-1,0.250571,1.52442,-0.00216363,0,0,0,0,0,0,0,0,0,0,0,traj_sz=0
-1,0.250571,1.52442,-0.00216363,0,0,0,0,0,0,0,0,0,0,0,traj_sz=0
-1,0.250571,1.52442,-0.00216363,0,0,0,0,0,0,0,0,0,0,0,traj_sz=0
-1,0.250571,1.52442,-0.00216363,0,0,0,0,0,0,0,0,0,0,0,traj_sz=0
-1,0.250571,1.52442,-0.00216363,0,0,0,0,0,0,0,0,0,0,0,traj_sz=0
-1,0.250571,1.52442,-0.00216363,0,0,0,0,0,0,0,0,0,0,0,traj_sz=0
-1,0.250571,1.52442,-0.00216363,0,0,0,0,0,0,0,0,0,0,0,traj_sz=0
-1,0.250571,1.52442,-0.00216363,0,0,0,0,0,0,0,0,0,0,0,traj_sz=0
-1,0.250571,1.52442,-0.00216363,0,0,0,0,0,0,0,0,0,0,0,traj_sz=0
-1,0.250571,1.52442,-0.00216363,0,0,0,0,0,0,0,0,0,0,0,traj_sz=0
-1,0.250571,1.52442,-0.00216363,0,0,0,0,0,0,0,0,0,0,0,traj_sz=0
-1,0.250571,1.52442,-0.00216363,0,0,0,0,0,0,0,0,0,0,0,traj_sz=0
-1,0.250571,1.52442,-0.00216363,0,0,0,0,0,0,0,0,0,0,0,traj_sz=0
-1,0.250571,1.52442,-0.00216363,0,0,0,0,0,0,0,0,0,0,0,traj_sz=0
-1,0.250571,1.52442,-0.00216363,0,0,0,0,0,0,0,0,0,0,0,traj_sz=0
-1,0.250571,1.52442,-0.00216363,0,0,0,0,0,0,0,0,0,0,0,traj_sz=0
-1,0.250571,1.52442,-0.00216363,0,0,0,0,0,0,0,0,0,0,0,traj_sz=0
-1,0.250571,1.52442,-0.00216363,0,0,0,0,0,0,0,0,0,0,0,traj_sz=0
-1,0.250571,1.52442,-0.00216363,0,0,0,0,0,0,0,0,0,0,0,traj_sz=0
-1,0.250571,1.52442,-0.00216363,0,0,0,0,0,0,0,0,0,0,0,traj_sz=0
-1,0.250571,1.52442,-0.00216363,0,0,0,0,0,0,0,0,0,0,0,traj_sz=0
-1,0.250571,1.52442,-0.00216363,0,0,0,0,0,0,0,0,0,0,0,traj_sz=0
-1,0.250571,1.52442,-0.00216363,0,0,0,0,0,0,0,0,0,0,0,traj_sz=0
-1,0.250571,1.52442,-0.00216363,0,0,0,0,0,0,0,0,0,0,0,traj_sz=0
-1,0.250571,1.52442,-0.00216363,0,0,0,0,0,0,0,0,0,0,0,traj_sz=0
-1,0.250571,1.52442,-0.00216363,0,0,0,0,0,0,0,0,0,0,0,traj_sz=0
-1,0.250571,1.52442,-0.00216363,0,0,0,0,0,0,0,0,0,0,0,traj_sz=0
-1,0.250571,1.52442,-0.00216363,0,0,0,0,0,0,0,0,0,0,0,traj_sz=0
-1,0.250571,1.52442,-0.00216363,0,0,0,0,0,0,0,0,0,0,0,traj_sz=0
-1,0.250571,1.52442,-0.00216363,0,0,0,0,0,0,0,0,0,0,0,traj_sz=0
-1,0.250571,1.52442,-0.00216363,0,0,0,0,0,0,0,0,0,0,0,traj_sz=0
-1,0.250571,1.52442,-0.00216363,0,0,0,0,0,0,0,0,0,0,0,traj_sz=0
-1,0.250571,1.52442,-0.00216363,0,0,0,0,0,0,0,0,0,0,0,traj_sz=0
-1,0.250571,1.52442,-0.00216363,0,0,0,0,0,0,0,0,0,0,0,traj_sz=0
-1,0.250571,1.52442,-0.00216363,0,0,0,0,0,0,0,0,0,0,0,traj_sz=0
-1,0.250571,1.52442,-0.00216363,0,0,0,0,0,0,0,0,0,0,0,traj_sz=0
-1,0.250571,1.52442,-0.00216363,0,0,0,0,0,0,0,0,0,0,0,traj_sz=0
-1,0.250571,1.52442,-0.00216363,0,0,0,0,0,0,0,0,0,0,0,traj_sz=0
-1,0.250571,1.52442,-0.00216363,0,0,0,0,0,0,0,0,0,0,0,traj_sz=0
-1,0.250571,1.52442,-0.00216363,0,0,0,0,0,0,0,0,0,0,0,traj_sz=0
-1,0.250571,1.52442,-0.00216363,0,0,0,0,0,0,0,0,0,0,0,traj_sz=0
-1,0.250571,1.52442,-0.00216363,0,0,0,0,0,0,0,0,0,0,0,traj_sz=0
-1,0.250571,1.52442,-0.00216363,0,0,0,0,0,0,0,0,0,0,0,traj_sz=0
-1,0.250571,1.52442,-0.00216363,0,0,0,0,0,0,0,0,0,0,0,traj_sz=0
-1,0.250571,1.52442,-0.00216363,0,0,0,0,0,0,0,0,0,0,0,traj_sz=0
-1,0.250571,1.52442,-0.00216363,0,0,0,0,0,0,0,0,0,0,0,traj_sz=0
-1,0.250571,1.52442,-0.00216363,0,0,0,0,0,0,0,0,0,0,0,traj_sz=0
-1,0.250571,1.52442,-0.00216363,0,0,0,0,0,0,0,0,0,0,0,traj_sz=0
-1,0.250571,1.52442,-0.00216363,0,0,0,0,0,0,0,0,0,0,0,traj_sz=0
-1,0.250571,1.52442,-0.00216363,0,0,0,0,0,0,0,0,0,0,0,traj_sz=0
-1,0.250571,1.52442,-0.00216363,0,0,0,0,0,0,0,0,0,0,0,traj_sz=0
-1,0.250571,1.52442,-0.00216363,0,0,0,0,0,0,0,0,0,0,0,traj_sz=0
-1,0.250571,1.52442,-0.00216363,0,0,0,0,0,0,0,0,0,0,0,traj_sz=0
-1,0.250571,1.52442,-0.00216363,0,0,0,0,0,0,0,0,0,0,0,traj_sz=0
-1,0.250571,1.52442,-0.00216363,0,0,0,0,0,0,0,0,0,0,0,traj_sz=0
-1,0.250571,1.52442,-0.00216363,0,0,0,0,0,0,0,0,0,0,0,traj_sz=0
-1,0.250571,1.52442,-0.00216363,0,0,0,0,0,0,0,0,0,0,0,traj_sz=0
-1,0.250571,1.52442,-0.00216363,0,0,0,0,0,0,0,0,0,0,0,traj_sz=0
-1,0.250571,1.52442,-0.00216363,0,0,0,0,0,0,0,0,0,0,0,traj_sz=0
-1,0.250571,1.52442,-0.00216363,0,0,0,0,0,0,0,0,0,0,0,traj_sz=0
-1,0.250571,1.52442,-0.00216363,0,0,0,0,0,0,0,0,0,0,0,traj_sz=0
-1,0.250571,1.52442,-0.00216363,0,0,0,0,0,0,0,0,0,0,0,traj_sz=0
-1,0.250571,1.52442,-0.00216363,0,0,0,0,0,0,0,0,0,0,0,traj_sz=0
-1,0.250571,1.52442,-0.00216363,0,0,0,0,0,0,0,0,0,0,0,traj_sz=0
-1,0.250571,1.52442,-0.00216363,0,0,0,0,0,0,0,0,0,0,0,traj_sz=0
-1,0.250571,1.52442,-0.00216363,0,0,0,0,0,0,0,0,0,0,0,traj_sz=0
-1,0.250571,1.52442,-0.00216363,0,0,0,0,0,0,0,0,0,0,0,traj_sz=0
-1,0.250571,1.52442,-0.00216363,0,0,0,0,0,0,0,0,0,0,0,traj_sz=0
-1,0.250571,1.52442,-0.00216363,0,0,0,0,0,0,0,0,0,0,0,traj_sz=0
-1,0.250571,1.52442,-0.00216363,0,0,0,0,0,0,0,0,0,0,0,traj_sz=0
-1,0.250571,1.52442,-0.00216363,0,0,0,0,0,0,0,0,0,0,0,traj_sz=0
-1,0.250571,1.52442,-0.00216363,0,0,0,0,0,0,0,0,0,0,0,traj_sz=0
-1,0.250571,1.52442,-0.00216363,0,0,0,0,0,0,0,0,0,0,0,traj_sz=0
-1,0.250571,1.52442,-0.00216363,0,0,0,0,0,0,0,0,0,0,0,traj_sz=0
-1,0.250571,1.52442,-0.00216363,0,0,0,0,0,0,0,0,0,0,0,traj_sz=0
-1,0.250571,1.52442,-0.00216363,0,0,0,0,0,0,0,0,0,0,0,traj_sz=0
-1,0.250571,1.52442,-0.00216363,0,0,0,0,0,0,0,0,0,0,0,traj_sz=0
-1,0.250571,1.52442,-0.00216363,0,0,0,0,0,0,0,0,0,0,0,traj_sz=0
-1,0.250571,1.52442,-0.00216363,0,0,0,0,0,0,0,0,0,0,0,traj_sz=0
-1,0.250571,1.52442,-0.00216363,0,0,0,0,0,0,0,0,0,0,0,traj_sz=0
-1,0.250571,1.52442,-0.00216363,0,0,0,0,0,0,0,0,0,0,0,traj_sz=0
-1,0.250571,1.52442,-0.00216363,0,0,0,0,0,0,0,0,0,0,0,traj_sz=0
-1,0.250571,1.52442,-0.00216363,0,0,0,0,0,0,0,0,0,0,0,traj_sz=0
-1,0.250571,1.52442,-0.00216363,0,0,0,0,0,0,0,0,0,0,0,traj_sz=0
-1,0.250571,1.52442,-0.00216363,0,0,0,0,0,0,0,0,0,0,0,traj_sz=0
-1,0.250571,1.52442,-0.00216363,0,0,0,0,0,0,0,0,0,0,0,traj_sz=0
-1,0.250571,1.52442,-0.00216363,0,0,0,0,0,0,0,0,0,0,0,traj_sz=0
-1,0.250571,1.52442,-0.00216363,0,0,0,0,0,0,0,0,0,0,0,traj_sz=0
-1,0.250571,1.52442,-0.00216363,0,0,0,0,0,0,0,0,0,0,0,traj_sz=0
-1,0.250571,1.52442,-0.00216363,0,0,0,0,0,0,0,0,0,0,0,traj_sz=0
-1,0.250571,1.52442,-0.00216363,0,0,0,0,0,0,0,0,0,0,0,traj_sz=0
-1,0.250571,1.52442,-0.00216363,0,0,0,0,0,0,0,0,0,0,0,traj_sz=0
-1,0.250571,1.52442,-0.00216363,0,0,0,0,0,0,0,0,0,0,0,traj_sz=0
-1,0.250571,1.52442,-0.00216363,0,0,0,0,0,0,0,0,0,0,0,traj_sz=0
-1,0.250571,1.52442,-0.00216363,0,0,0,0,0,0,0,0,0,0,0,traj_sz=0
-1,0.250571,1.52442,-0.00216363,0,0,0,0,0,0,0,0,0,0,0,traj_sz=0
-1,0.250571,1.52442,-0.00216363,0,0,0,0,0,0,0,0,0,0,0,traj_sz=0
-1,0.250571,1.52442,-0.00216363,0,0,0,0,0,0,0,0,0,0,0,traj_sz=0
-1,0.250571,1.52442,-0.00216363,0,0,0,0,0,0,0,0,0,0,0,traj_sz=0
-1,0.250571,1.52442,-0.00216363,0,0,0,0,0,0,0,0,0,0,0,traj_sz=0
-1,0.250571,1.52442,-0.00216363,0,0,0,0,0,0,0,0,0,0,0,traj_sz=0
-1,0.250571,1.52442,-0.00216363,0,0,0,0,0,0,0,0,0,0,0,traj_sz=0
-1,0.250571,1.52442,-0.00216363,0,0,0,0,0,0,0,0,0,0,0,traj_sz=0
-1,0.250571,1.52442,-0.00216363,0,0,0,0,0,0,0,0,0,0,0,traj_sz=0
-1,0.250571,1.52442,-0.00216363,0,0,0,0,0,0,0,0,0,0,0,traj_sz=0
-1,0.250571,1.52442,-0.00216363,0,0,0,0,0,0,0,0,0,0,0,traj_sz=0
-1,0.250571,1.52442,-0.00216363,0,0,0,0,0,0,0,0,0,0,0,traj_sz=0
-1,0.250571,1.52442,-0.00216363,0,0,0,0,0,0,0,0,0,0,0,traj_sz=0
-1,0.250571,1.52442,-0.00216363,0,0,0,0,0,0,0,0,0,0,0,traj_sz=0
-1,0.250571,1.52442,-0.00216363,0,0,0,0,0,0,0,0,0,0,0,traj_sz=0
-1,0.250571,1.52442,-0.00216363,0,0,0,0,0,0,0,0,0,0,0,traj_sz=0
-1,0.250571,1.52442,-0.00216363,0,0,0,0,0,0,0,0,0,0,0,traj_sz=0
-1,0.250571,1.52442,-0.00216363,0,0,0,0,0,0,0,0,0,0,0,traj_sz=0
-1,0.250571,1.52442,-0.00216363,0,0,0,0,0,0,0,0,0,0,0,traj_sz=0
-1,0.250571,1.52442,-0.00216363,0,0,0,0,0,0,0,0,0,0,0,traj_sz=0
-1,0.250571,1.52442,-0.00216363,0,0,0,0,0,0,0,0,0,0,0,traj_sz=0
-1,0.250571,1.52442,-0.00216363,0,0,0,0,0,0,0,0,0,0,0,traj_sz=0
-1,0.250571,1.52442,-0.00216363,0,0,0,0,0,0,0,0,0,0,0,traj_sz=0
-1,0.250571,1.52442,-0.00216363,0,0,0,0,0,0,0,0,0,0,0,traj_sz=0
-1,0.250571,1.52442,-0.00216363,0,0,0,0,0,0,0,0,0,0,0,traj_sz=0
-1,0.250571,1.52442,-0.00216363,0,0,0,0,0,0,0,0,0,0,0,traj_sz=0
-1,0.250571,1.52442,-0.00216363,0,0,0,0,0,0,0,0,0,0,0,traj_sz=0
-1,0.250571,1.52442,-0.00216363,0,0,0,0,0,0,0,0,0,0,0,traj_sz=0
-1,0.250571,1.52442,-0.00216363,0,0,0,0,0,0,0,0,0,0,0,traj_sz=0
-1,0.250571,1.52442,-0.00216363,0,0,0,0,0,0,0,0,0,0,0,traj_sz=0
-1,0.250571,1.52442,-0.00216363,0,0,0,0,0,0,0,0,0,0,0,traj_sz=0
-1,0.250571,1.52442,-0.00216363,0,0,0,0,0,0,0,0,0,0,0,traj_sz=0
-1,0.250571,1.52442,-0.00216363,0,0,0,0,0,0,0,0,0,0,0,traj_sz=0
-1,0.250571,1.52442,-0.00216363,0,0,0,0,0,0,0,0,0,0,0,traj_sz=0
-1,0.250571,1.52442,-0.00216363,0,0,0,0,0,0,0,0,0,0,0,traj_sz=0
-1,0.250571,1.52442,-0.00216363,0,0,0,0,0,0,0,0,0,0,0,traj_sz=0
-1,0.250571,1.52442,-0.00216363,0,0,0,0,0,0,0,0,0,0,0,traj_sz=0
-1,0.250571,1.52442,-0.00216363,0,0,0,0,0,0,0,0,0,0,0,traj_sz=0
-1,0.250571,1.52442,-0.00216363,0,0,0,0,0,0,0,0,0,0,0,traj_sz=0
-1,0.250571,1.52442,-0.00216363,0,0,0,0,0,0,0,0,0,0,0,traj_sz=0
-1,0.250571,1.52442,-0.00216363,0,0,0,0,0,0,0,0,0,0,0,traj_sz=0
-1,0.250571,1.52442,-0.00216363,0,0,0,0,0,0,0,0,0,0,0,traj_sz=0
-1,0.250571,1.52442,-0.00216363,0,0,0,0,0,0,0,0,0,0,0,traj_sz=0
-1,0.250571,1.52442,-0.00216363,0,0,0,0,0,0,0,0,0,0,0,traj_sz=0
-1,0.250571,1.52442,-0.00216363,0,0,0,0,0,0,0,0,0,0,0,traj_sz=0
-1,0.250571,1.52442,-0.00216363,0,0,0,0,0,0,0,0,0,0,0,traj_sz=0
-1,0.250571,1.52442,-0.00216363,0,0,0,0,0,0,0,0,0,0,0,traj_sz=0
-1,0.250571,1.52442,-0.00216363,0,0,0,0,0,0,0,0,0,0,0,traj_sz=0
-1,0.250571,1.52442,-0.00216363,0,0,0,0,0,0,0,0,0,0,0,traj_sz=0
-1,0.250571,1.52442,-0.00216363,0,0,0,0,0,0,0,0,0,0,0,traj_sz=0
-1,0.250571,1.52442,-0.00216363,0,0,0,0,0,0,0,0,0,0,0,traj_sz=0
-1,0.250571,1.52442,-0.00216363,0,0,0,0,0,0,0,0,0,0,0,traj_sz=0
-1,0.250571,1.52442,-0.00216363,0,0,0,0,0,0,0,0,0,0,0,traj_sz=0
-1,0.250571,1.52442,-0.00216363,0,0,0,0,0,0,0,0,0,0,0,traj_sz=0
-1,0.250571,1.52442,-0.00216363,0,0,0,0,0,0,0,0,0,0,0,traj_sz=0
-1,0.250571,1.52442,-0.00216363,0,0,0,0,0,0,0,0,0,0,0,traj_sz=0
-1,0.250571,1.52442,-0.00216363,0,0,0,0,0,0,0,0,0,0,0,traj_sz=0
-1,0.250571,1.52442,-0.00216363,0,0,0,0,0,0,0,0,0,0,0,traj_sz=0
-1,0.250571,1.52442,-0.00216363,0,0,0,0,0,0,0,0,0,0,0,traj_sz=0
-1,0.250571,1.52442,-0.00216363,0,0,0,0,0,0,0,0,0,0,0,traj_sz=0
-1,0.250571,1.52442,-0.00216363,0,0,0,0,0,0,0,0,0,0,0,traj_sz=0
-1,0.250571,1.52442,-0.00216363,0,0,0,0,0,0,0,0,0,0,0,traj_sz=0
-1,0.250571,1.52442,-0.00216363,0,0,0,0,0,0,0,0,0,0,0,traj_sz=0
-1,0.250571,1.52442,-0.00216363,0,0,0,0,0,0,0,0,0,0,0,traj_sz=0
-1,0.250571,1.52442,-0.00216363,0,0,0,0,0,0,0,0,0,0,0,traj_sz=0
-1,0.250571,1.52442,-0.00216363,0,0,0,0,0,0,0,0,0,0,0,traj_sz=0
-1,0.250571,1.52442,-0.00216363,0,0,0,0,0,0,0,0,0,0,0,traj_sz=0
-1,0.250571,1.52442,-0.00216363,0,0,0,0,0,0,0,0,0,0,0,traj_sz=0
-1,0.250571,1.52442,-0.00216363,0,0,0,0,0,0,0,0,0,0,0,traj_sz=0
-1,0.250571,1.52442,-0.00216363,0,0,0,0,0,0,0,0,0,0,0,traj_sz=0
-1,0.250571,1.52442,-0.00216363,0,0,0,0,0,0,0,0,0,0,0,traj_sz=0
-1,0.250571,1.52442,-0.00216363,0,0,0,0,0,0,0,0,0,0,0,traj_sz=0
-1,0.250571,1.52442,-0.00216363,0,0,0,0,0,0,0,0,0,0,0,traj_sz=0
-1,0.250571,1.52442,-0.00216363,0,0,0,0,0,0,0,0,0,0,0,traj_sz=0
-1,0.250571,1.52442,-0.00216363,0,0,0,0,0,0,0,0,0,0,0,traj_sz=0
-1,0.250571,1.52442,-0.00216363,0,0,0,0,0,0,0,0,0,0,0,traj_sz=0
-1,0.250571,1.52442,-0.00216363,0,0,0,0,0,0,0,0,0,0,0,traj_sz=0
-1,0.250571,1.52442,-0.00216363,0,0,0,0,0,0,0,0,0,0,0,traj_sz=0
-1,0.250571,1.52442,-0.00216363,0,0,0,0,0,0,0,0,0,0,0,traj_sz=0
-1,0.250571,1.52442,-0.00216363,0,0,0,0,0,0,0,0,0,0,0,traj_sz=0
-1,0.250571,1.52442,-0.00216363,0,0,0,0,0,0,0,0,0,0,0,traj_sz=0
-1,0.250571,1.52442,-0.00216363,0,0,0,0,0,0,0,0,0,0,0,traj_sz=0
-1,0.250571,1.52442,-0.00216363,0,0,0,0,0,0,0,0,0,0,0,traj_sz=0
-1,0.250571,1.52442,-0.00216363,0,0,0,0,0,0,0,0,0,0,0,traj_sz=0
-1,0.250571,1.52442,-0.00216363,0,0,0,0,0,0,0,0,0,0,0,traj_sz=0
-1,0.250571,1.52442,-0.00216363,0,0,0,0,0,0,0,0,0,0,0,traj_sz=0
-1,0.250571,1.52442,-0.00216363,0,0,0,0,0,0,0,0,0,0,0,traj_sz=0
-1,0.250571,1.52442,-0.00216363,0,0,0,0,0,0,0,0,0,0,0,traj_sz=0
-1,0.250571,1.52442,-0.00216363,0,0,0,0,0,0,0,0,0,0,0,traj_sz=0
-1,0.250571,1.52442,-0.00216363,0,0,0,0,0,0,0,0,0,0,0,traj_sz=0
-1,0.250571,1.52442,-0.00216363,0,0,0,0,0,0,0,0,0,0,0,traj_sz=0
-1,0.250571,1.52442,-0.00216363,0,0,0,0,0,0,0,0,0,0,0,traj_sz=0
-1,0.250571,1.52442,-0.00216363,0,0,0,0,0,0,0,0,0,0,0,traj_sz=0
-1,0.250571,1.52442,-0.00216363,0,0,0,0,0,0,0,0,0,0,0,traj_sz=0
-1,0.250571,1.52442,-0.00216363,0,0,0,0,0,0,0,0,0,0,0,traj_sz=0
-1,0.250571,1.52442,-0.00216363,0,0,0,0,0,0,0,0,0,0,0,traj_sz=0
-1,0.250571,1.52442,-0.00216363,0,0,0,0,0,0,0,0,0,0,0,traj_sz=0
-1,0.250571,1.52442,-0.00216363,0,0,0,0,0,0,0,0,0,0,0,traj_sz=0
-1,0.250571,1.52442,-0.00216363,0,0,0,0,0,0,0,0,0,0,0,traj_sz=0
-1,0.250571,1.52442,-0.00216363,0,0,0,0,0,0,0,0,0,0,0,traj_sz=0
-1,0.250571,1.52442,-0.00216363,0,0,0,0,0,0,0,0,0,0,0,traj_sz=0
-1,0.250571,1.52442,-0.00216363,0,0,0,0,0,0,0,0,0,0,0,traj_sz=0
-1,0.250571,1.52442,-0.00216363,0,0,0,0,0,0,0,0,0,0,0,traj_sz=0
-1,0.250571,1.52442,-0.00216363,0,0,0,0,0,0,0,0,0,0,0,traj_sz=0
-1,0.250571,1.52442,-0.00216363,0,0,0,0,0,0,0,0,0,0,0,traj_sz=0
-1,0.250571,1.52442,-0.00216363,0,0,0,0,0,0,0,0,0,0,0,traj_sz=0
-1,0.250571,1.52442,-0.00216363,0,0,0,0,0,0,0,0,0,0,0,traj_sz=0
-1,0.250571,1.52442,-0.00216363,0,0,0,0,0,0,0,0,0,0,0,traj_sz=0
-1,0.250571,1.52442,-0.00216363,0,0,0,0,0,0,0,0,0,0,0,traj_sz=0
-1,0.250571,1.52442,-0.00216363,0,0,0,0,0,0,0,0,0,0,0,traj_sz=0
-1,0.250571,1.52442,-0.00216363,0,0,0,0,0,0,0,0,0,0,0,traj_sz=0
-1,0.250571,1.52442,-0.00216363,0,0,0,0,0,0,0,0,0,0,0,traj_sz=0
-1,0.250571,1.52442,-0.00216363,0,0,0,0,0,0,0,0,0,0,0,traj_sz=0
-1,0.250571,1.52442,-0.00216363,0,0,0,0,0,0,0,0,0,0,0,traj_sz=0
-1,0.250571,1.52442,-0.00216363,0,0,0,0,0,0,0,0,0,0,0,traj_sz=0
-1,0.250571,1.52442,-0.00216363,0,0,0,0,0,0,0,0,0,0,0,traj_sz=0
-1,0.250571,1.52442,-0.00216363,0,0,0,0,0,0,0,0,0,0,0,traj_sz=0
-1,0.250571,1.52442,-0.00216363,0,0,0,0,0,0,0,0,0,0,0,traj_sz=0
-1,0.250571,1.52442,-0.00216363,0,0,0,0,0,0,0,0,0,0,0,traj_sz=0
-1,0.250571,1.52442,-0.00216363,0,0,0,0,0,0,0,0,0,0,0,traj_sz=0
-1,0.250571,1.52442,-0.00216363,0,0,0,0,0,0,0,0,0,0,0,traj_sz=0
-1,0.250571,1.52442,-0.00216363,0,0,0,0,0,0,0,0,0,0,0,traj_sz=0
-1,0.250571,1.52442,-0.00216363,0,0,0,0,0,0,0,0,0,0,0,traj_sz=0
-1,0.250571,1.52442,-0.00216363,0,0,0,0,0,0,0,0,0,0,0,traj_sz=0
-1,0.250571,1.52442,-0.00216363,0,0,0,0,0,0,0,0,0,0,0,traj_sz=0
-1,0.250571,1.52442,-0.00216363,0,0,0,0,0,0,0,0,0,0,0,traj_sz=0
-1,0.250571,1.52442,-0.00216363,0,0,0,0,0,0,0,0,0,0,0,traj_sz=0
-1,0.250571,1.52442,-0.00216363,0,0,0,0,0,0,0,0,0,0,0,traj_sz=0
-1,0.250571,1.52442,-0.00216363,0,0,0,0,0,0,0,0,0,0,0,traj_sz=0
-1,0.250571,1.52442,-0.00216363,0,0,0,0,0,0,0,0,0,0,0,traj_sz=0
-1,0.250571,1.52442,-0.00216363,0,0,0,0,0,0,0,0,0,0,0,traj_sz=0
-1,0.250571,1.52442,-0.00216363,0,0,0,0,0,0,0,0,0,0,0,traj_sz=0
-1,0.250571,1.52442,-0.00216363,0,0,0,0,0,0,0,0,0,0,0,traj_sz=0
-1,0.250571,1.52442,-0.00216363,0,0,0,0,0,0,0,0,0,0,0,traj_sz=0
-1,0.250571,1.52442,-0.00216363,0,0,0,0,0,0,0,0,0,0,0,traj_sz=0
-1,0.250571,1.52442,-0.00216363,0,0,0,0,0,0,0,0,0,0,0,traj_sz=0
-1,0.250571,1.52442,-0.00216363,0,0,0,0,0,0,0,0,0,0,0,traj_sz=0
-1,0.250571,1.52442,-0.00216363,0,0,0,0,0,0,0,0,0,0,0,traj_sz=0
-1,0.250571,1.52442,-0.00216363,0,0,0,0,0,0,0,0,0,0,0,traj_sz=0
-1,0.250571,1.52442,-0.00216363,0,0,0,0,0,0,0,0,0,0,0,traj_sz=0
-1,0.250571,1.52442,-0.00216363,0,0,0,0,0,0,0,0,0,0,0,traj_sz=0
-1,0.250571,1.52442,-0.00216363,0,0,0,0,0,0,0,0,0,0,0,traj_sz=0
-1,0.250571,1.52442,-0.00216363,0,0,0,0,0,0,0,0,0,0,0,traj_sz=0
-1,0.250571,1.52442,-0.00216363,0,0,0,0,0,0,0,0,0,0,0,traj_sz=0
-1,0.250571,1.52442,-0.00216363,0,0,0,0,0,0,0,0,0,0,0,traj_sz=0
-1,0.250571,1.52442,-0.00216363,0,0,0,0,0,0,0,0,0,0,0,traj_sz=0
-1,0.250571,1.52442,-0.00216363,0,0,0,0,0,0,0,0,0,0,0,traj_sz=0
-1,0.250571,1.52442,-0.00216363,0,0,0,0,0,0,0,0,0,0,0,traj_sz=0
-1,0.250571,1.52442,-0.00216363,0,0,0,0,0,0,0,0,0,0,0,traj_sz=0
-1,0.250571,1.52442,-0.00216363,0,0,0,0,0,0,0,0,0,0,0,traj_sz=0
-1,0.250571,1.52442,-0.00216363,0,0,0,0,0,0,0,0,0,0,0,traj_sz=0
-1,0.250571,1.52442,-0.00216363,0,0,0,0,0,0,0,0,0,0,0,traj_sz=0
-1,0.250571,1.52442,-0.00216363,0,0,0,0,0,0,0,0,0,0,0,traj_sz=0
-1,0.250571,1.52442,-0.00216363,0,0,0,0,0,0,0,0,0,0,0,traj_sz=0
-1,0.250571,1.52442,-0.00216363,0,0,0,0,0,0,0,0,0,0,0,traj_sz=0
-1,0.250571,1.52442,-0.00216363,0,0,0,0,0,0,0,0,0,0,0,traj_sz=0
-1,0.250571,1.52442,-0.00216363,0,0,0,0,0,0,0,0,0,0,0,traj_sz=0
-1,0.250571,1.52442,-0.00216363,0,0,0,0,0,0,0,0,0,0,0,traj_sz=0
-1,0.250571,1.52442,-0.00216363,0,0,0,0,0,0,0,0,0,0,0,traj_sz=0
-1,0.250571,1.52442,-0.00216363,0,0,0,0,0,0,0,0,0,0,0,traj_sz=0
-1,0.250571,1.52442,-0.00216363,0,0,0,0,0,0,0,0,0,0,0,traj_sz=0
-1,0.250571,1.52442,-0.00216363,0,0,0,0,0,0,0,0,0,0,0,traj_sz=0
-1,0.250571,1.52442,-0.00216363,0,0,0,0,0,0,0,0,0,0,0,traj_sz=0
-1,0.250571,1.52442,-0.00216363,0,0,0,0,0,0,0,0,0,0,0,traj_sz=0
-1,0.250571,1.52442,-0.00216363,0,0,0,0,0,0,0,0,0,0,0,traj_sz=0
-1,0.250571,1.52442,-0.00216363,0,0,0,0,0,0,0,0,0,0,0,traj_sz=0
-1,0.250571,1.52442,-0.00216363,0,0,0,0,0,0,0,0,0,0,0,traj_sz=0
-1,0.250571,1.52442,-0.00216363,0,0,0,0,0,0,0,0,0,0,0,traj_sz=0
-1,0.250571,1.52442,-0.00216363,0,0,0,0,0,0,0,0,0,0,0,traj_sz=0
-1,0.250571,1.52442,-0.00216363,0,0,0,0,0,0,0,0,0,0,0,traj_sz=0
-1,0.250571,1.52442,-0.00216363,0,0,0,0,0,0,0,0,0,0,0,traj_sz=0
-1,0.250571,1.52442,-0.00216363,0,0,0,0,0,0,0,0,0,0,0,traj_sz=0
-1,0.250571,1.52442,-0.00216363,0,0,0,0,0,0,0,0,0,0,0,traj_sz=0
-1,0.250571,1.52442,-0.00216363,0,0,0,0,0,0,0,0,0,0,0,traj_sz=0
-1,0.250571,1.52442,-0.00216363,0,0,0,0,0,0,0,0,0,0,0,traj_sz=0
-1,0.250571,1.52442,-0.00216363,0,0,0,0,0,0,0,0,0,0,0,traj_sz=0
-1,0.250571,1.52442,-0.00216363,0,0,0,0,0,0,0,0,0,0,0,traj_sz=0
-1,0.250571,1.52442,-0.00216363,0,0,0,0,0,0,0,0,0,0,0,traj_sz=0
-1,0.250571,1.52442,-0.00216363,0,0,0,0,0,0,0,0,0,0,0,traj_sz=0
-1,0.250571,1.52442,-0.00216363,0,0,0,0,0,0,0,0,0,0,0,traj_sz=0
-1,0.250571,1.52442,-0.00216363,0,0,0,0,0,0,0,0,0,0,0,traj_sz=0
-1,0.250571,1.52442,-0.00216363,0,0,0,0,0,0,0,0,0,0,0,traj_sz=0
-1,0.250571,1.52442,-0.00216363,0,0,0,0,0,0,0,0,0,0,0,traj_sz=0
-1,0.250571,1.52442,-0.00216363,0,0,0,0,0,0,0,0,0,0,0,traj_sz=0
-1,0.250571,1.52442,-0.00216363,0,0,0,0,0,0,0,0,0,0,0,traj_sz=0
-1,0.250571,1.52442,-0.00216363,0,0,0,0,0,0,0,0,0,0,0,traj_sz=0
-1,0.250571,1.52442,-0.00216363,0,0,0,0,0,0,0,0,0,0,0,traj_sz=0
0.017405,0.250571,1.52442,-0.00216363,0,0,0,0,0,0,0,0,0,0,0,traj_sz=100
0.017534,0.250571,1.52442,-0.00216363,0.25,1.52,0,0,0,0,-0.000561003,0,-0.0661174,0.00445175,0,0.017534
0.0374305,0.250571,1.52442,-0.00216363,0,0,0,0,0,0,0,0,0,0,0,traj_sz=100
0.0377274,0.250571,1.52442,-0.00216363,0.331002,1.51768,-0.0985581,0.098129,3,8,0.0804458,0,-0.13331,2.25618,0,0.0377274
0.0574694,0.250571,1.52442,-0.00216363,0,0,0,0,3,8,0,0,0,0,0,traj_sz=100
0.0575662,0.250571,1.52442,-0.00216363,0.331002,1.51768,-0.0985581,0.098129,3,8,0.0804458,0,-0.13331,2.25618,0,0.0575662
0.077384,0.250571,1.52442,-0.00216363,0,0,0,0,3,8,0,0,0,0,0,traj_sz=100
0.0775197,0.250571,1.52442,-0.00216363,0.331002,1.51768,-0.0985581,0.098129,3,8,0.0804458,0,-0.13331,2.25618,0,0.0775197
0.0975173,0.250571,1.52442,-0.00216363,0,0,0,0,3,8,0,0,0,0,0,traj_sz=100
0.0975878,0.250571,1.52442,-0.00216363,0.331002,1.51768,-0.0985581,0.098129,3,8,0.0804458,0,-0.13331,2.25618,0,0.0975878
0.117414,0.250571,1.52442,-0.00216363,0,0,0,0,3,8,0,0,0,0,0,traj_sz=100
0.117497,0.250571,1.52442,-0.00216363,0.331002,1.51768,-0.0985581,0.098129,3,8,0.0804458,0,-0.13331,2.25618,0,0.117497
0.137309,0.250571,1.52442,-0.00216363,0,0,0,0,3,8,0,0,0,0,0,traj_sz=100
0.137567,0.250571,1.52442,-0.00216363,0.331002,1.51768,-0.0985581,0.098129,3,8,0.0804458,0,-0.13331,2.25618,0,0.137567
0.157489,0.250571,1.52442,-0.00216363,0,0,0,0,3,8,0,0,0,0,0,traj_sz=100
0.157625,0.250571,1.52442,-0.00216363,0.331002,1.51768,-0.0985581,0.098129,3,8,0.0804458,0,-0.13331,2.25618,0,0.157625
0.177418,0.250571,1.52442,-0.00216363,0,0,0,0,3,8,0,0,0,0,0,traj_sz=100
0.177552,0.250571,1.52442,-0.00216363,0.331002,1.51768,-0.0985581,0.098129,3,8,0.0804458,0,-0.13331,2.25618,0,0.177552
0.197358,0.250571,1.52442,-0.00216363,0,0,0,0,3,8,0,0,0,0,0,traj_sz=100
0.197552,0.250571,1.52442,-0.00216363,0.331002,1.51768,-0.0985581,0.098129,3,8,0.0804458,0,-0.13331,2.25618,0,0.197552
0.21747,0.250571,1.52442,-0.00216363,0,0,0,0,3,8,0,0,0,0,0,traj_sz=100
0.217575,0.250571,1.52442,-0.00216363,0.331002,1.51768,-0.0985581,0.098129,3,8,0.0804458,0,-0.13331,2.25618,0,0.217575
0.237408,0.250571,1.52442,-0.00216363,0,0,0,0,3,8,0,0,0,0,0,traj_sz=100
0.237517,0.250571,1.52442,-0.00216363,0.331002,1.51768,-0.0985581,0.098129,3,8,0.0804458,0,-0.13331,2.25618,0,0.237517
0.257532,0.250685,1.52432,-0.000826775,0,0,0,0,3,8,0,0,0,0,0,traj_sz=100
0.257658,0.250685,1.52432,-0.000826775,0.331002,1.51768,-0.0985581,0.098129,3,8,0.0803226,0,-0.131991,2.25606,0,0.257658
0.277347,0.250685,1.52432,-0.000826775,0,0,0,0,3,8,0,0,0,0,0,traj_sz=100
0.277465,0.250685,1.52432,-0.000826775,0.331002,1.51768,-0.0985581,0.098129,3,8,0.0803226,0,-0.131991,2.25606,0,0.277465
0.297376,0.250774,1.52436,-0.00136567,0,0,0,0,3,8,0,0,0,0,0,traj_sz=100
0.297589,0.250774,1.52436,-0.00136567,0.331002,1.51768,-0.0985581,0.098129,3,8,0.0802367,0,-0.132481,2.25597,0,0.297589
0.317466,0.250774,1.52436,-0.00136567,0,0,0,0,3,8,0,0,0,0,0,traj_sz=100
0.317616,0.250774,1.52436,-0.00136567,0.331002,1.51768,-0.0985581,0.098129,3,8,0.0802367,0,-0.132481,2.25597,0,0.317616
0.337386,0.250774,1.52436,-0.00136567,0,0,0,0,3,8,0,0,0,0,0,traj_sz=100
0.33746,0.250774,1.52436,-0.00136567,0.331002,1.51768,-0.0985581,0.098129,3,8,0.0802367,0,-0.132481,2.25597,0,0.33746
0.357413,0.250774,1.52436,-0.00136567,0,0,0,0,3,8,0,0,0,0,0,traj_sz=100
0.357828,0.250774,1.52436,-0.00136567,0.331002,1.51768,-0.0985581,0.098129,3,8,0.0802367,0,-0.132481,2.25597,0,0.357828
0.377389,0.250774,1.52436,-0.00136567,0,0,0,0,3,8,0,0,0,0,0,traj_sz=100
0.377503,0.250774,1.52436,-0.00136567,0.331002,1.51768,-0.0985581,0.098129,3,8,0.0802367,0,-0.132481,2.25597,0,0.377503
0.397451,0.250774,1.52436,-0.00136567,0,0,0,0,3,8,0,0,0,0,0,traj_sz=100
0.397556,0.250774,1.52436,-0.00136567,0.331002,1.51768,-0.0985581,0.098129,3,8,0.0802367,0,-0.132481,2.25597,0,0.397556
0.417479,0.250774,1.52436,-0.00136567,0,0,0,0,3,8,0,0,0,0,0,traj_sz=100
0.417638,0.250774,1.52436,-0.00136567,0.331002,1.51768,-0.0985581,0.098129,3,8,0.0802367,0,-0.132481,2.25597,0,0.417638
0.43742,0.250774,1.52436,-0.00136567,0,0,0,0,3,8,0,0,0,0,0,traj_sz=100
0.437681,0.250774,1.52436,-0.00136567,0.331002,1.51768,-0.0985581,0.098129,3,8,0.0802367,0,-0.132481,2.25597,0,0.437681
0.457444,0.250774,1.52436,-0.00136567,0,0,0,0,3,8,0,0,0,0,0,traj_sz=100
0.457575,0.250774,1.52436,-0.00136567,0.331002,1.51768,-0.0985581,0.098129,3,8,0.0802367,0,-0.132481,2.25597,0,0.457575
0.477412,0.250774,1.52436,-0.00136567,0,0,0,0,3,8,0,0,0,0,0,traj_sz=100
0.477516,0.250774,1.52436,-0.00136567,0.331002,1.51768,-0.0985581,0.098129,3,8,0.0802367,0,-0.132481,2.25597,0,0.477516
0.497393,0.250774,1.52436,-0.00136567,0,0,0,0,3,8,0,0,0,0,0,traj_sz=100
0.497499,0.250774,1.52436,-0.00136567,0.331002,1.51768,-0.0985581,0.098129,3,8,0.0802367,6.61716e-05,-0.132481,2.25597,0,0.497499
0.517384,0.250774,1.52436,-0.00136567,0,0,0,0,3,8,0,0,0,0,0,traj_sz=100
0.517567,0.250774,1.52436,-0.00136567,0.331002,1.51768,-0.0985581,0.098129,3,8,0.0802367,0.000195269,-0.132481,2.25597,0,0.517567
0.537347,0.250774,1.52436,-0.00136567,0,0,0,0,3,8,0,0,0,0,0,traj_sz=100
0.53743,0.250774,1.52436,-0.00136567,0.331002,1.51768,-0.0985581,0.098129,3,8,0.0802367,0.000323182,-0.132481,2.25597,0,0.53743
0.557378,0.250774,1.52436,-0.00136567,0,0,0,0,3,8,0,0,0,0,0,traj_sz=100
0.557476,0.250774,1.52436,-0.00136567,0.331002,1.51768,-0.0985581,0.098129,3,8,0.0802367,0.000452194,-0.132481,2.25597,0,0.557476
0.57756,0.250768,1.52432,-0.00130526,0,0,0,0,3,8,0,0,0,0,0,traj_sz=100
0.577763,0.250768,1.52432,-0.00130526,0.331002,1.51768,-0.0985581,0.098129,3,8,0.0802428,0.000589187,-0.131877,2.25598,0,0.577763
0.597567,0.250768,1.52432,-0.00130526,0,0,0,0,3,8,0,0,0,0,0,traj_sz=100
0.597677,0.250768,1.52432,-0.00130526,0.331002,1.51768,-0.0985581,0.098129,3,8,0.0802428,0.000717441,-0.131877,2.25598,0,0.597677
0.617387,0.250768,1.52432,-0.00130526,0,0,0,0,3,8,0,0,0,0,0,traj_sz=100
0.617767,0.250768,1.52432,-0.00130526,0.331002,1.51768,-0.0985581,0.098129,3,8,0.0802428,0.000845337,-0.131877,2.25598,0,0.617767
0.637426,0.250768,1.52432,-0.00130526,0,0,0,0,3,8,0,0,0,0,0,traj_sz=100
0.637566,0.250768,1.52432,-0.00130526,0.331002,1.51768,-0.0985581,0.098129,3,8,0.0802428,0.000974151,-0.131877,2.25598,0,0.637566
0.65749,0.250768,1.52432,-0.00130526,0,0,0,0,3,8,0,0,0,0,0,traj_sz=100
0.6576,0.250768,1.52432,-0.00130526,0.331002,1.51768,-0.0985581,0.098129,3,8,0.0802428,0.00110307,-0.131877,2.25598,0,0.6576
0.677482,0.250768,1.52432,-0.00130526,0,0,0,0,3,8,0,0,0,0,0,traj_sz=100
0.677634,0.250768,1.52432,-0.00130526,0.331002,1.51768,-0.0985581,0.098129,3,8,0.0802428,0.00123191,-0.131877,2.25598,0,0.677634
0.697347,0.250768,1.52432,-0.00130526,0,0,0,0,3,8,0,0,0,0,0,traj_sz=100
0.697523,0.250768,1.52432,-0.00130526,0.331002,1.51768,-0.0985581,0.098129,3,8,0.0802428,0.00135988,-0.131877,2.25598,0,0.697523
0.717285,0.250768,1.52432,-0.00130526,0,0,0,0,3,8,0,0,0,0,0,traj_sz=100
0.717358,0.250768,1.52432,-0.00130526,0.331002,1.51768,-0.0985581,0.098129,3,8,0.0802428,0.00148767,-0.131877,2.25598,0,0.717358
0.73746,0.250768,1.52432,-0.00130526,0,0,0,0,3,8,0,0,0,0,0,traj_sz=100
0.73754,0.250768,1.52432,-0.00130526,0.331002,1.51768,-0.0985581,0.098129,3,8,0.0802428,0.00168291,-0.131877,2.25598,0,0.73754
0.757335,0.250768,1.52432,-0.00130526,0,0,0,0,3,8,0,0,0,0,0,traj_sz=100
0.757462,0.250768,1.52432,-0.00130526,0.331002,1.51768,-0.0985581,0.098129,3,8,0.0802428,0.00215541,-0.131877,2.25598,0,0.757462
0.777345,0.250768,1.52432,-0.00130526,0,0,0,0,3,8,0,0,0,0,0,traj_sz=100
0.777404,0.250768,1.52432,-0.00130526,0.331002,1.51768,-0.0985581,0.098129,3,8,0.0802428,0.00262945,-0.131877,2.25598,0,0.777404
0.797454,0.250768,1.52432,-0.00130526,0,0,0,0,3,8,0,0,0,0,0,traj_sz=100
0.797559,0.250768,1.52432,-0.00130526,0.331002,1.51768,-0.0985581,0.098129,3,8,0.0802428,0.00310796,-0.131877,2.25598,0,0.797559
0.817357,0.250768,1.52432,-0.00130526,0,0,0,0,3,8,0,0,0,0,0,traj_sz=100
0.817449,0.250768,1.52432,-0.00130526,0.331002,1.51768,-0.0985581,0.098129,3,8,0.0802428,0.00358011,-0.131877,2.25598,0,0.817449
0.837288,0.250768,1.52432,-0.00130526,0,0,0,0,3,8,0,0,0,0,0,traj_sz=100
0.837399,0.250768,1.52432,-0.00130526,0.331002,1.51768,-0.0985581,0.098129,3,8,0.0802428,0.00405365,-0.131877,2.25598,0,0.837399
0.857381,0.250768,1.52432,-0.00130526,0,0,0,0,3,8,0,0,0,0,0,traj_sz=100
0.857458,0.250768,1.52432,-0.00130526,0.331002,1.51768,-0.0985581,0.098129,3,8,0.0802428,0.00452997,-0.131877,2.25598,0,0.857458
0.87745,0.250768,1.52432,-0.00130526,0,0,0,0,3,8,0,0,0,0,0,traj_sz=100
0.877541,0.250768,1.52432,-0.00130526,0.331002,1.51768,-0.0985581,0.098129,3,8,0.0802428,0.0050068,-0.131877,2.25598,0,0.877541
0.897482,0.250768,1.52432,-0.00130526,0,0,0,0,3,8,0,0,0,0,0,traj_sz=100
0.897631,0.250768,1.52432,-0.00130526,0.331002,1.51768,-0.0985581,0.098129,3,8,0.0802428,0.0054835,-0.131877,2.25598,0,0.897631
0.917476,0.250768,1.52432,-0.00130526,0,0,0,0,3,8,0,0,0,0,0,traj_sz=100
0.917595,0.250768,1.52432,-0.00130526,0.331002,1.51768,-0.0985581,0.098129,3,8,0.0802428,0.00595737,-0.131877,2.25598,0,0.917595
0.937362,0.250768,1.52432,-0.00130526,0,0,0,0,3,8,0,0,0,0,0,traj_sz=100
0.937492,0.250768,1.52432,-0.00130526,0.331002,1.51768,-0.0985581,0.098129,3,8,0.0802428,0.00642986,-0.131877,2.25598,0,0.937492
0.957512,0.250768,1.52432,-0.00130526,0,0,0,0,3,8,0,0,0,0,0,traj_sz=100
0.957637,0.250768,1.52432,-0.00130526,0.331002,1.51768,-0.0985581,0.098129,3,8,0.0802428,0.006908,-0.131877,2.25598,0,0.957637
0.977438,0.250768,1.52432,-0.00130526,0,0,0,0,3,8,0,0,0,0,0,traj_sz=100
0.977539,0.250768,1.52432,-0.00130526,0.331002,1.51768,-0.0985581,0.098129,3,8,0.0802428,0.00738089,-0.131877,2.25598,0,0.977539
0.997493,0.250768,1.52432,-0.00130526,0,0,0,0,3,8,0,0,0,0,0,traj_sz=100
0.997656,0.250768,1.52432,-0.00130526,0.331002,1.51768,-0.0985581,0.098129,3,8,0.0802428,0.0078579,-0.131877,2.25598,0,0.997656
1.0173,0.250768,1.52432,-0.00130526,0,0,0,0,3,8,0,0,0,0,0,traj_sz=100
1.01744,0.250768,1.52432,-0.00130526,0.331002,1.51768,-0.0985581,0.098129,3,8,0.0802428,0.00832777,-0.131877,2.25598,0,1.01744
1.03748,0.250768,1.52432,-0.00130526,0,0,0,0,3,8,0,0,0,0,0,traj_sz=100
1.03759,0.250768,1.52432,-0.00130526,0.331002,1.51768,-0.0985581,0.098129,3,8,0.0802428,0.00880599,-0.131877,2.25598,0,1.03759
1.05756,0.250768,1.52432,-0.00130526,0,0,0,0,3,8,0,0,0,0,0,traj_sz=100
1.0577,0.250768,1.52432,-0.00130526,0.331002,1.51768,-0.0985581,0.098129,3,8,0.0802428,0.00928375,-0.131877,2.25598,0,1.0577
1.07744,0.250768,1.52432,-0.00130526,0,0,0,0,3,8,0,0,0,0,0,traj_sz=100
1.07766,0.250768,1.52432,-0.00130526,0.331002,1.51768,-0.0985581,0.098129,3,8,0.0802428,0.0097572,-0.131877,2.25598,0,1.07766
1.09734,0.250768,1.52432,-0.00130526,0,0,0,0,3,8,0,0,0,0,0,traj_sz=100
1.09758,0.250768,1.52432,-0.00130526,0.331002,1.51768,-0.0985581,0.098129,3,8,0.0802428,0.01023,-0.131877,2.25598,0,1.09758
1.11744,0.250768,1.52432,-0.00130526,0,0,0,0,3,8,0,0,0,0,0,traj_sz=100
1.11755,0.250768,1.52432,-0.00130526,0.331002,1.51768,-0.0985581,0.098129,3,8,0.0802428,0.0111038,-0.131877,2.25598,0,1.11755
1.13736,0.250768,1.52432,-0.00130526,0,0,0,0,3,8,0,0,0,0,0,traj_sz=100
1.13745,0.250768,1.52432,-0.00130526,0.331002,1.51768,-0.0985581,0.098129,3,8,0.0802428,0.0120454,-0.131877,2.25598,0,1.13745
1.15731,0.250768,1.52432,-0.00130526,0,0,0,0,3,8,0,0,0,0,0,traj_sz=100
1.15747,0.250768,1.52432,-0.00130526,0.331002,1.51768,-0.0985581,0.098129,3,8,0.0802428,0.0129918,-0.131877,2.25598,0,1.15747
1.17746,0.250768,1.52432,-0.00130526,0,0,0,0,3,8,0,0,0,0,0,traj_sz=100
1.17759,0.250768,1.52432,-0.00130526,0.331002,1.51768,-0.0985581,0.098129,3,8,0.0802428,0.0139438,-0.131877,2.25598,0,1.17759
1.19746,0.250768,1.52432,-0.00130526,0,0,0,0,3,8,0,0,0,0,0,traj_sz=100
1.19757,0.250768,1.52432,-0.00130526,0.331002,1.51768,-0.0985581,0.098129,3,8,0.0802428,0.0148894,-0.131877,2.25598,0,1.19757
1.21746,0.250768,1.52432,-0.00130526,0,0,0,0,3,8,0,0,0,0,0,traj_sz=100
1.21763,0.250768,1.52432,-0.00130526,0.331002,1.51768,-0.0985581,0.098129,3,8,0.0802428,0.0158375,-0.131877,2.25598,0,1.21763
1.23734,0.250768,1.52432,-0.00130526,0,0,0,0,3,8,0,0,0,0,0,traj_sz=100
1.23744,0.250768,1.52432,-0.00130526,0.331002,1.51768,-0.0985581,0.098129,3,8,0.0802428,0.0167759,-0.131877,2.25598,0,1.23744
1.25744,0.250768,1.52432,-0.00130526,0,0,0,0,3,8,0,0,0,0,0,traj_sz=100
1.2576,0.250768,1.52432,-0.00130526,0.331002,1.51768,-0.0985581,0.098129,3,8,0.0802428,0.0177289,-0.131877,2.25598,0,1.2576
1.27746,0.250768,1.52432,-0.00130526,0,0,0,0,3,8,0,0,0,0,0,traj_sz=100
1.27759,0.250768,1.52432,-0.00130526,0.331002,1.51768,-0.0985581,0.098129,3,8,0.0802428,0.0186752,-0.131877,2.25598,0,1.27759
1.29753,0.250768,1.52432,-0.00130526,0,0,0,0,3,8,0,0,0,0,0,traj_sz=100
1.29765,0.250768,1.52432,-0.00130526,0.331002,1.51768,-0.0985581,0.098129,3,8,0.0802428,0.0196243,-0.131877,2.25598,0,1.29765
1.31741,0.250768,1.52432,-0.00130526,0,0,0,0,3,8,0,0,0,0,0,traj_sz=100
1.31753,0.250768,1.52432,-0.00130526,0.331002,1.51768,-0.0985581,0.098129,3,8,0.0802428,0.0205652,-0.131877,2.25598,0,1.31753
1.33745,0.250768,1.52432,-0.00130526,0,0,0,0,3,8,0,0,0,0,0,traj_sz=100
1.33756,0.250768,1.52432,-0.00130526,0.331002,1.51768,-0.0985581,0.098129,3,8,0.0802428,0.0215134,-0.131877,2.25598,0,1.33756
1.35737,0.250768,1.52432,-0.00130526,0,0,0,0,3,8,0,0,0,0,0,traj_sz=100
1.35758,0.250768,1.52432,-0.00130526,0.331002,1.51768,-0.0985581,0.098129,3,8,0.0802428,0.0224592,-0.131877,2.25598,0,1.35758
1.37746,0.250768,1.52432,-0.00130526,0,0,0,0,3,8,0,0,0,0,0,traj_sz=100
1.37759,0.250768,1.52432,-0.00130526,0.331002,1.51768,-0.0985581,0.098129,3,8,0.0802428,0.0234065,-0.131877,2.25598,0,1.37759
1.39743,0.250768,1.52432,-0.00130526,0,0,0,0,3,8,0,0,0,0,0,traj_sz=100
1.3975,0.250768,1.52432,-0.00130526,0.331002,1.51768,-0.0985581,0.098129,3,8,0.0802428,0.0243492,-0.131877,2.25598,0,1.3975
1.41736,0.250768,1.52432,-0.00130526,0,0,0,0,3,8,0,0,0,0,0,traj_sz=100
1.41753,0.250768,1.52432,-0.00130526,0.331002,1.51768,-0.0985581,0.098129,3,8,0.0802428,0.0252959,-0.131877,2.25598,0,1.41753
1.43739,0.250768,1.52432,-0.00130526,0,0,0,0,3,8,0,0,0,0,0,traj_sz=100
1.43747,0.250768,1.52432,-0.00130526,0.331002,1.51768,-0.0985581,0.098129,3,8,0.0802428,0.0262401,-0.131877,2.25598,0,1.43747
1.45748,0.250768,1.52432,-0.00130526,0,0,0,0,3,8,0,0,0,0,0,traj_sz=100
1.45761,0.250768,1.52432,-0.00130526,0.331002,1.51768,-0.0985581,0.098129,3,8,0.0802428,0.0271921,-0.131877,2.25598,0,1.45761
1.47739,0.25087,1.52432,-0.00128875,0,0,0,0,3,8,0,0,0,0,0,traj_sz=100
1.47758,0.25087,1.52432,-0.00128875,0.331002,1.51768,-0.0985581,0.098129,3,8,0.0801407,0.0282906,-0.131871,2.25588,0,1.47758
1.49745,0.25087,1.52432,-0.00128875,0,0,0,0,3,8,0,0,0,0,0,traj_sz=100
1.49755,0.25087,1.52432,-0.00128875,0.331002,1.51768,-0.0985581,0.098129,3,8,0.0801407,0.0297451,-0.131871,2.25588,0,1.49755
1.51742,0.25087,1.52432,-0.00128875,0,0,0,0,3,8,0,0,0,0,0,traj_sz=100
1.51755,0.25087,1.52432,-0.00128875,0.331002,1.51768,-0.0985581,0.098129,3,8,0.0801407,0.0311987,-0.131871,2.25588,0,1.51755
1.53755,0.25087,1.52432,-0.00128875,0,0,0,0,3,8,0,0,0,0,0,traj_sz=100
1.53774,0.25087,1.52432,-0.00128875,0.331002,1.51768,-0.0985581,0.098129,3,8,0.0801407,0.0326672,-0.131871,2.25588,0,1.53774
1.55736,0.25087,1.52432,-0.00128875,0,0,0,0,3,8,0,0,0,0,0,traj_sz=100
1.55757,0.25087,1.52432,-0.00128875,0.331002,1.51768,-0.0985581,0.098129,3,8,0.0801407,0.0341097,-0.131871,2.25588,0,1.55757
1.57743,0.25087,1.52432,-0.00128875,0,0,0,0,3,8,0,0,0,0,0,traj_sz=100
1.57765,0.25087,1.52432,-0.00128875,0.331002,1.51768,-0.0985581,0.098129,3,8,0.0801407,0.0355705,-0.131871,2.25588,0,1.57765
1.59739,0.25087,1.52432,-0.00128875,0,0,0,0,3,8,0,0,0,0,0,traj_sz=100
1.59749,0.25087,1.52432,-0.00128875,0.331002,1.51768,-0.0985581,0.098129,3,8,0.0801407,0.037015,-0.131871,2.25588,0,1.59749
1.61736,0.25087,1.52432,-0.00128875,0,0,0,0,3,8,0,0,0,0,0,traj_sz=100
1.61749,0.25087,1.52432,-0.00128875,0.331002,1.51768,-0.0985581,0.098129,3,8,0.0801407,0.0384697,-0.131871,2.25588,0,1.61749
1.63741,0.25087,1.52432,-0.00128875,0,0,0,0,3,8,0,0,0,0,0,traj_sz=100
1.63756,0.25087,1.52432,-0.00128875,0.331002,1.51768,-0.0985581,0.098129,3,8,0.0801407,0.03993,-0.131871,2.25588,0,1.63756
1.65738,0.25087,1.52432,-0.00128875,0,0,0,0,3,8,0,0,0,0,0,traj_sz=100
1.65748,0.25087,1.52432,-0.00128875,0.331002,1.51768,-0.0985581,0.098129,3,8,0.0801407,0.0413795,-0.131871,2.25588,0,1.65748
1.67736,0.25087,1.52432,-0.00128875,0,0,0,0,3,8,0,0,0,0,0,traj_sz=100
1.67746,0.25087,1.52432,-0.00128875,0.331002,1.51768,-0.0985581,0.098129,3,8,0.0801407,0.0428334,-0.131871,2.25588,0,1.67746
1.69746,0.250963,1.52439,-0.00235336,0,0,0,0,3,8,0,0,0,0,0,traj_sz=100
1.69762,0.250963,1.52439,-0.00235336,0.331002,1.51768,-0.0985581,0.098129,3,8,0.0800544,0.0442056,-0.132911,2.25579,0,1.69762
1.71754,0.251175,1.52441,-0.00267442,0,0,0,0,3,8,0,0,0,0,0,traj_sz=100
1.71775,0.251175,1.52441,-0.00267442,0.331002,1.51768,-0.0985581,0.098129,3,8,0.079845,0.0454581,-0.133237,2.25558,0,1.71775
1.73736,0.251428,1.5243,-0.00107896,0,0,0,0,3,8,0,0,0,0,0,traj_sz=100
1.73761,0.251428,1.5243,-0.00107896,0.366827,1.51413,-0.157841,0.111273,3,9,0.11541,0.0466478,-0.131673,2.25532,0,1.73761
1.75749,0.25155,1.5244,-0.002464,0,0,0,0,3,9,0,0,0,0,0,traj_sz=100
1.75763,0.25155,1.5244,-0.002464,0.366827,1.51413,-0.157841,0.111273,3,9,0.115302,0.047985,-0.133027,2.2552,0,1.75763
1.77744,0.25223,1.52437,-0.00205457,0,0,0,0,3,9,0,0,0,0,0,traj_sz=100
1.77762,0.25223,1.52437,-0.00205457,0.366827,1.51413,-0.157841,0.111273,3,9,0.114618,0.0487588,-0.132645,2.25452,0,1.77762
1.79747,0.253816,1.52438,-0.00218336,0,0,0,0,3,9,0,0,0,0,0,traj_sz=100
1.79768,0.253816,1.52438,-0.00218336,0.366827,1.51413,-0.157841,0.111273,4,9,0.113033,0.04863,-0.165767,2.25294,0,1.79768
1.81743,0.254934,1.52443,-0.006372,0,0,0,0,4,9,0,0,0,0,0,traj_sz=100
1.81757,0.254934,1.52443,-0.006372,0.366827,1.51413,-0.157841,0.111273,4,9,0.111956,0.0489615,-0.166373,2.25183,0,1.81757
1.83753,0.255637,1.52447,-0.00698276,0,0,0,0,4,9,0,0,0,0,0,traj_sz=100
1.8376,0.255637,1.52447,-0.00698276,0.366827,1.51413,-0.157841,0.111273,4,9,0.11126,0.0497945,-0.166981,2.25113,0,1.8376
1.85745,0.255755,1.52447,-0.00694854,0,0,0,0,4,9,0,0,0,0,0,traj_sz=100
1.85765,0.255755,1.52447,-0.00694854,0.366827,1.51413,-0.157841,0.111273,4,9,0.111141,0.0516034,-0.166961,2.25102,0,1.85765
1.87728,0.257116,1.52458,-0.0085001,0,0,0,0,4,9,0,0,0,0,0,traj_sz=100
1.8774,0.257116,1.52458,-0.0085001,0.366827,1.51413,-0.157841,0.111273,4,9,0.109796,0.0521474,-0.168533,2.24967,0,1.8774
1.89749,0.258837,1.52445,-0.00761079,0,0,0,0,4,9,0,0,0,0,0,traj_sz=100
1.89773,0.258837,1.52445,-0.00761079,0.366827,1.51413,-0.157841,0.111273,4,9,0.108066,0.0523792,-0.166673,2.24794,0,1.89773
1.91742,0.259801,1.52445,-0.00774624,0,0,0,0,4,9,0,0,0,0,0,traj_sz=100
1.91752,0.259801,1.52445,-0.00774624,0.366827,1.51413,-0.157841,0.111273,5,9,0.107103,0.0533235,-0.201552,2.24698,0,1.91752
1.93742,0.260478,1.52451,-0.0123078,0,0,0,0,5,9,0,0,0,0,0,traj_sz=100
1.93752,0.260478,1.52451,-0.0123078,0.366827,1.51413,-0.157841,0.111273,5,9,0.106469,0.054573,-0.202249,2.24631,0,1.93752
1.95732,0.260637,1.5245,-0.0120594,0,0,0,0,5,9,0,0,0,0,0,traj_sz=100
1.9575,0.260637,1.5245,-0.0120594,0.366827,1.51413,-0.157841,0.111273,5,9,0.106307,0.0563361,-0.202094,2.24615,0,1.9575
1.97747,0.262059,1.52439,-0.0116808,0,0,0,0,5,9,0,0,0,0,0,traj_sz=100
1.97758,0.262059,1.52439,-0.0116808,0.366827,1.51413,-0.157841,0.111273,5,9,0.104881,0.0568474,-0.20068,2.24473,0,1.97758
1.99743,0.263772,1.52433,-0.0108817,0,0,0,0,5,9,0,0,0,0,0,traj_sz=100
1.99764,0.263772,1.52433,-0.0108817,0.366827,1.51413,-0.157841,0.111273,5,9,0.10316,0.0570625,-0.200125,2.24301,0,1.99764
2.01749,0.264936,1.52441,-0.0119141,0,0,0,0,5,9,0,0,0,0,0,traj_sz=100
2.01765,0.264936,1.52441,-0.0119141,0.366827,1.51413,-0.157841,0.111273,5,9,0.102007,0.0578277,-0.201336,2.24186,0,2.01765
2.0374,0.26565,1.52487,-0.0182729,0,0,0,0,5,9,0,0,0,0,0,traj_sz=100
2.03752,0.26565,1.52487,-0.0182729,0.366827,1.51413,-0.157841,0.111273,5,9,0.101356,0.0590351,-0.208081,2.24118,0,2.03752
2.05736,0.266108,1.5249,-0.0199039,0,0,0,0,5,9,0,0,0,0,0,traj_sz=100
2.05754,0.266108,1.5249,-0.0199039,0.366827,1.51413,-0.157841,0.111273,5,9,0.100913,0.0605044,-0.208474,2.24073,0,2.05754
2.07745,0.26716,1.52495,-0.0216672,0,0,0,0,5,9,0,0,0,0,0,traj_sz=100
2.07756,0.26716,1.52495,-0.0216672,0.366827,1.51413,-0.157841,0.111273,5,9,0.099878,0.0613828,-0.209299,2.23968,0,2.07756
2.09732,0.268945,1.52509,-0.0245297,0,0,0,0,5,9,0,0,0,0,0,traj_sz=100
2.09748,0.268945,1.52509,-0.0245297,0.366827,1.51413,-0.157841,0.111273,5,9,0.0981218,0.0615177,-0.211503,2.23792,0,2.09748
2.11749,0.270142,1.52495,-0.0243082,0,0,0,0,5,9,0,0,0,0,0,traj_sz=100
2.1177,0.270142,1.52495,-0.0243082,0.366827,1.51413,-0.157841,0.111273,5,9,0.0969195,0.0622652,-0.209471,2.23671,0,2.1177
2.13735,0.270714,1.52508,-0.0263542,0,0,0,0,5,9,0,0,0,0,0,traj_sz=100
2.13745,0.270714,1.52508,-0.0263542,0.366827,1.51413,-0.157841,0.111273,5,9,0.0963685,0.0636001,-0.21152,2.23615,0,2.13745
2.15745,0.271502,1.52504,-0.025789,0,0,0,0,5,9,0,0,0,0,0,traj_sz=100
2.15754,0.271502,1.52504,-0.025789,0.366827,1.51413,-0.157841,0.111273,6,9,0.0955748,0.0647463,-0.245747,2.23536,0,2.15754
2.17743,0.272571,1.5252,-0.0295083,0,0,0,0,6,9,0,0,0,0,0,traj_sz=100
2.17759,0.272571,1.5252,-0.0295083,0.366827,1.51413,-0.157841,0.111273,6,9,0.0945412,0.065611,-0.248244,2.23431,0,2.17759
2.19747,0.274899,1.52421,-0.0240808,0,0,0,0,6,9,0,0,0,0,0,traj_sz=100
2.19759,0.274899,1.52421,-0.0240808,0.366827,1.51413,-0.157841,0.111273,6,9,0.0921441,0.0651861,-0.234605,2.23191,0,2.19759
2.2174,0.276286,1.52437,-0.0277453,0,0,0,0,6,9,0,0,0,0,0,traj_sz=100
2.21748,0.276286,1.52437,-0.0277453,0.366827,1.51413,-0.157841,0.111273,6,9,0.0907905,0.0660257,-0.237275,2.23054,0,2.21748
2.23733,0.276847,1.52482,-0.0314932,0,0,0,0,6,9,0,0,0,0,0,traj_sz=100
2.23744,0.276847,1.52482,-0.0314932,0.366827,1.51413,-0.157841,0.111273,6,9,0.0902722,0.0677703,-0.244061,2.23002,0,2.23744
2.25749,0.277734,1.52474,-0.0337539,0,0,0,0,6,9,0,0,0,0,0,traj_sz=100
2.25757,0.277734,1.52474,-0.0337539,0.366827,1.51413,-0.157841,0.111273,6,9,0.0894007,0.0692038,-0.243133,2.22913,0,2.25757
2.27751,0.278906,1.52481,-0.0364297,0,0,0,0,6,9,0,0,0,0,0,traj_sz=100
2.27771,0.278906,1.52481,-0.0364297,0.366827,1.51413,-0.157841,0.111273,6,9,0.0882512,0.07035,-0.244444,2.22796,0,2.27771
2.29737,0.281018,1.52484,-0.0368769,0,0,0,0,6,9,0,0,0,0,0,traj_sz=100
2.29748,0.281018,1.52484,-0.0368769,0.366827,1.51413,-0.157841,0.111273,6,9,0.0861454,0.0705188,-0.245677,2.22586,0,2.29748
2.31736,0.282533,1.52478,-0.0418961,0,0,0,0,6,9,0,0,0,0,0,traj_sz=100
2.31751,0.282533,1.52478,-0.0418961,0.366827,1.51413,-0.157841,0.111273,6,9,0.0846665,0.0713091,-0.245131,2.22434,0,2.31751
2.33727,0.283022,1.5248,-0.0420891,0,0,0,0,6,9,0,0,0,0,0,traj_sz=100
2.33738,0.283022,1.5248,-0.0420891,0.366827,1.51413,-0.157841,0.111273,6,9,0.0841799,0.0731096,-0.245491,2.22386,0,2.33738
2.35739,0.283825,1.52481,-0.0423295,0,0,0,0,6,9,0,0,0,0,0,traj_sz=100
2.3575,0.283825,1.52481,-0.0423295,0.366827,1.51413,-0.157841,0.111273,6,9,0.0833792,0.0746239,-0.246025,2.22306,0,2.3575
2.37744,0.285173,1.52485,-0.0463147,0,0,0,0,6,9,0,0,0,0,0,traj_sz=100
2.37783,0.285173,1.52485,-0.0463147,0.366827,1.51413,-0.157841,0.111273,6,9,0.0820623,0.0755966,-0.246827,2.22172,0,2.37783
2.39743,0.287462,1.52494,-0.0526625,0,0,0,0,6,9,0,0,0,0,0,traj_sz=100
2.39753,0.287462,1.52494,-0.0526625,0.366827,1.51413,-0.157841,0.111273,6,9,0.0798235,0.0756047,-0.248713,2.21944,0,2.39753
2.41742,0.289035,1.52477,-0.0561342,0,0,0,0,6,9,0,0,0,0,0,traj_sz=100
2.41751,0.289035,1.52477,-0.0561342,0.407142,1.50772,-0.229918,0.119998,6,10,0.118877,0.0763278,-0.2466,2.21786,0,2.41751
2.43738,0.289747,1.52478,-0.0562494,0,0,0,0,6,10,0,0,0,0,0,traj_sz=100
2.4376,0.289747,1.52478,-0.0562494,0.407142,1.50772,-0.229918,0.119998,6,10,0.118169,0.0779278,-0.246975,2.21715,0,2.4376
2.45737,0.290427,1.52482,-0.056937,0,0,0,0,6,10,0,0,0,0,0,traj_sz=100
2.45757,0.290427,1.52482,-0.056937,0.407142,1.50772,-0.229918,0.119998,7,10,0.117499,0.0795472,-0.274973,2.21648,0,2.45757
2.47736,0.292014,1.5249,-0.0596943,0,0,0,0,7,10,0,0,0,0,0,traj_sz=100
2.47747,0.292014,1.5249,-0.0596943,0.407142,1.50772,-0.229918,0.119998,7,10,0.115948,0.0802618,-0.277316,2.2149,0,2.47747
2.49751,0.29444,1.52468,-0.0648059,0,0,0,0,7,10,0,0,0,0,0,traj_sz=100
2.49762,0.29444,1.52468,-0.0648059,0.407142,1.50772,-0.229918,0.119998,7,10,0.113563,0.0801496,-0.275658,2.21247,0,2.49762
2.51739,0.295945,1.52468,-0.0674356,0,0,0,0,7,10,0,0,0,0,0,traj_sz=100
2.5175,0.295945,1.52468,-0.0674356,0.407142,1.50772,-0.229918,0.119998,7,10,0.112088,0.080936,-0.276836,2.21097,0,2.5175
2.53741,0.296801,1.52474,-0.071966,0,0,0,0,7,10,0,0,0,0,0,traj_sz=100
2.53751,0.296801,1.52474,-0.071966,0.407142,1.50772,-0.229918,0.119998,7,10,0.111279,0.0823884,-0.278157,2.21012,0,2.53751
2.55745,0.297588,1.52478,-0.0725156,0,0,0,0,7,10,0,0,0,0,0,traj_sz=100
2.55755,0.297588,1.52478,-0.0725156,0.407142,1.50772,-0.229918,0.119998,7,10,0.110502,0.0839104,-0.279331,2.20934,0,2.55755
2.57743,0.299291,1.52477,-0.0743357,0,0,0,0,7,10,0,0,0,0,0,traj_sz=100
2.57756,0.299291,1.52477,-0.0743357,0.407142,1.50772,-0.229918,0.119998,7,10,0.108819,0.0846337,-0.280552,2.20764,0,2.57756
2.59734,0.302056,1.52471,-0.0800152,0,0,0,0,7,10,0,0,0,0,0,traj_sz=100
2.59753,0.302056,1.52471,-0.0800152,0.407142,1.50772,-0.229918,0.119998,7,10,0.106108,0.0844284,-0.281542,2.20488,0,2.59753
2.61729,0.303879,1.52476,-0.0847738,0,0,0,0,7,10,0,0,0,0,0,traj_sz=100
2.61738,0.303879,1.52476,-0.0847738,0.407142,1.50772,-0.229918,0.119998,7,10,0.104334,0.0851565,-0.283528,2.20306,0,2.61738
2.63734,0.304885,1.52469,-0.0853432,0,0,0,0,7,10,0,0,0,0,0,traj_sz=100
2.6376,0.304885,1.52469,-0.0853432,0.407142,1.50772,-0.229918,0.119998,7,10,0.103331,0.08672,-0.283315,2.20205,0,2.6376
2.65742,0.305919,1.52461,-0.0875279,0,0,0,0,7,10,0,0,0,0,0,traj_sz=100
2.65756,0.305919,1.52461,-0.0875279,0.407142,1.50772,-0.229918,0.119998,7,10,0.102312,0.0882578,-0.282799,2.20102,0,2.65756
2.67727,0.307738,1.52461,-0.089779,0,0,0,0,7,10,0,0,0,0,0,traj_sz=100
2.67736,0.307738,1.52461,-0.089779,0.407142,1.50772,-0.229918,0.119998,7,10,0.100518,0.0889801,-0.2842,2.1992,0,2.67736
2.69729,0.310652,1.52457,-0.097341,0,0,0,0,7,10,0,0,0,0,0,traj_sz=100
2.6975,0.310652,1.52457,-0.097341,0.407142,1.50772,-0.229918,0.119998,7,10,0.0976699,0.0886475,-0.285506,2.1963,0,2.6975
2.71737,0.312397,1.52427,-0.0990806,0,0,0,0,7,10,0,0,0,0,0,traj_sz=100
2.71759,0.312397,1.52427,-0.0990806,0.407142,1.50772,-0.229918,0.119998,7,10,0.0959171,0.0894593,-0.282413,2.19453,0,2.71759
2.73744,0.313339,1.52426,-0.0988906,0,0,0,0,7,10,0,0,0,0,0,traj_sz=100
2.73756,0.313339,1.52426,-0.0988906,0.407142,1.50772,-0.229918,0.119998,7,10,0.0949774,0.0910799,-0.283064,2.19359,0,2.73756
2.75742,0.314252,1.52419,-0.103139,0,0,0,0,7,10,0,0,0,0,0,traj_sz=100
2.75764,0.314252,1.52419,-0.103139,0.407142,1.50772,-0.229918,0.119998,7,10,0.0940916,0.0927296,-0.282436,2.19268,0,2.75764
2.77742,0.316124,1.52415,-0.103748,0,0,0,0,7,10,0,0,0,0,0,traj_sz=100
2.77752,0.316124,1.52415,-0.103748,0.407142,1.50772,-0.229918,0.119998,7,10,0.0922299,0.0934134,-0.283352,2.19081,0,2.77752
2.79729,0.318995,1.52406,-0.111373,0,0,0,0,7,10,0,0,0,0,0,traj_sz=100
2.79738,0.318995,1.52406,-0.111373,0.407142,1.50772,-0.229918,0.119998,8,10,0.0894173,0.0930888,-0.301086,2.18794,0,2.79738
2.81739,0.320797,1.52406,-0.113687,0,0,0,0,8,10,0,0,0,0,0,traj_sz=100
2.81753,0.320797,1.52406,-0.113687,0.407142,1.50772,-0.229918,0.119998,8,10,0.0876409,0.0938733,-0.30355,2.18614,0,2.81753
2.83736,0.321719,1.52368,-0.11452,0,0,0,0,8,10,0,0,0,0,0,traj_sz=100
2.83752,0.321719,1.52368,-0.11452,0.407142,1.50772,-0.229918,0.119998,8,10,0.0866863,0.0954758,-0.29919,2.18519,0,2.83752
2.85729,0.322742,1.52356,-0.116345,0,0,0,0,8,10,0,0,0,0,0,traj_sz=100
2.85745,0.322742,1.52356,-0.116345,0.407142,1.50772,-0.229918,0.119998,8,10,0.0856676,0.0970032,-0.298834,2.18416,0,2.85745
2.87754,0.324769,1.52361,-0.121537,0,0,0,0,8,10,0,0,0,0,0,traj_sz=100
2.87771,0.324769,1.52361,-0.121537,0.407142,1.50772,-0.229918,0.119998,8,10,0.0836916,0.0975844,-0.302299,2.18215,0,2.87771
2.89735,0.327523,1.52319,-0.126617,0,0,0,0,8,10,0,0,0,0,0,traj_sz=100
2.89764,0.327523,1.52319,-0.126617,0.407142,1.50772,-0.229918,0.119998,8,10,0.0809345,0.0973337,-0.299863,2.17937,0,2.89764
2.91738,0.329474,1.52302,-0.130871,0,0,0,0,8,10,0,0,0,0,0,traj_sz=100
2.91755,0.329474,1.52302,-0.130871,0.450007,1.49768,-0.311589,0.124492,8,11,0.122809,0.0979447,-0.300035,2.17741,0,2.91755
2.93735,0.330577,1.52305,-0.131285,0,0,0,0,8,11,0,0,0,0,0,traj_sz=100
2.93745,0.330577,1.52305,-0.131285,0.450007,1.49768,-0.311589,0.124492,8,11,0.121723,0.0994155,-0.302074,2.17631,0,2.93745
2.95735,0.331471,1.5227,-0.132594,0,0,0,0,8,11,0,0,0,0,0,traj_sz=100
2.95744,0.331471,1.5227,-0.132594,0.450007,1.49768,-0.311589,0.124492,8,11,0.120804,0.101184,-0.298164,2.1754,0,2.95744
2.97729,0.333299,1.52254,-0.136682,0,0,0,0,8,11,0,0,0,0,0,traj_sz=100
2.97744,0.333299,1.52254,-0.136682,0.450007,1.49768,-0.311589,0.124492,8,11,0.119007,0.102042,-0.298248,2.17356,0,2.97744
2.99728,0.336358,1.52249,-0.144566,0,0,0,0,8,11,0,0,0,0,0,traj_sz=100
2.99738,0.336358,1.52249,-0.144566,0.450007,1.49768,-0.311589,0.124492,8,11,0.116037,0.101686,-0.301557,2.17051,0,2.99738
3.01737,0.338395,1.52197,-0.147521,0,0,0,0,8,11,0,0,0,0,0,traj_sz=100
3.01753,0.338395,1.52197,-0.147521,0.450007,1.49768,-0.311589,0.124492,8,11,0.11397,0.102319,-0.296701,2.16843,0,3.01753
3.03744,0.339346,1.52172,-0.145855,0,0,0,0,8,11,0,0,0,0,0,traj_sz=100
3.03752,0.339346,1.52172,-0.145855,0.450007,1.49768,-0.311589,0.124492,8,11,0.11298,0.104042,-0.294515,2.16747,0,3.03752
3.05748,0.340474,1.5218,-0.150925,0,0,0,0,8,11,0,0,0,0,0,traj_sz=100
3.05759,0.340474,1.5218,-0.150925,0.450007,1.49768,-0.311589,0.124492,8,11,0.111914,0.105632,-0.297014,2.16635,0,3.05759
3.07736,0.342822,1.52166,-0.156714,0,0,0,0,8,11,0,0,0,0,0,traj_sz=100
3.07762,0.342822,1.52166,-0.156714,0.450007,1.49768,-0.311589,0.124492,8,11,0.109614,0.105977,-0.298112,2.164,0,3.07762
3.09744,0.346234,1.52109,-0.160238,0,0,0,0,8,11,0,0,0,0,0,traj_sz=100
3.09751,0.346234,1.52109,-0.160238,0.450007,1.49768,-0.311589,0.124492,8,11,0.106179,0.105208,-0.294512,2.16055,0,3.09751
3.11732,0.348641,1.52065,-0.165784,0,0,0,0,8,11,0,0,0,0,0,traj_sz=100
3.11741,0.348641,1.52065,-0.165784,0.450007,1.49768,-0.311589,0.124492,8,11,0.103767,0.105446,-0.291195,2.15812,0,3.11741
3.13741,0.349863,1.52044,-0.167243,0,0,0,0,8,11,0,0,0,0,0,traj_sz=100
3.1378,0.349863,1.52044,-0.167243,0.450007,1.49768,-0.311589,0.124492,9,11,0.102536,0.106918,-0.295394,2.15688,0,3.1378
3.15735,0.351075,1.52054,-0.172823,0,0,0,0,9,11,0,0,0,0,0,traj_sz=100
3.15751,0.351075,1.52054,-0.172823,0.450007,1.49768,-0.311589,0.124492,9,11,0.101389,0.108416,-0.299376,2.15568,0,3.15751
3.17733,0.353513,1.52,-0.17435,0,0,0,0,9,11,0,0,0,0,0,traj_sz=100
3.17759,0.353513,1.52,-0.17435,0.450007,1.49768,-0.311589,0.124492,9,11,0.0989032,0.108623,-0.297108,2.15321,0,3.17759
3.19741,0.357103,1.51995,-0.188654,0,0,0,0,9,11,0,0,0,0,0,traj_sz=100
3.19751,0.357103,1.51995,-0.188654,0.450007,1.49768,-0.311589,0.124492,9,11,0.095432,0.107752,-0.304052,2.14963,0,3.19751
3.21739,0.35936,1.51935,-0.191357,0,0,0,0,9,11,0,0,0,0,0,traj_sz=100
3.21752,0.35936,1.51935,-0.191357,0.450007,1.49768,-0.311589,0.124492,9,11,0.0931143,0.108123,-0.300411,2.14733,0,3.21752
3.23786,0.360327,1.5194,-0.195239,0,0,0,0,9,11,0,0,0,0,0,traj_sz=100
3.23811,0.360327,1.5194,-0.195239,0.450007,1.49768,-0.311589,0.124492,9,11,0.0921895,0.109944,-0.303169,2.14637,0,3.23811
3.2574,0.362644,1.51889,-0.197237,0,0,0,0,9,11,0,0,0,0,0,traj_sz=100
3.25752,0.362644,1.51889,-0.197237,0.450007,1.49768,-0.311589,0.124492,9,11,0.0898257,0.110192,-0.301021,2.14402,0,3.25752
3.27735,0.363721,1.51892,-0.202936,0,0,0,0,9,11,0,0,0,0,0,traj_sz=100
3.27752,0.363721,1.51892,-0.202936,0.450007,1.49768,-0.311589,0.124492,9,11,0.088796,0.111821,-0.303725,2.14295,0,3.27752
3.29748,0.367016,1.51838,-0.207126,0,0,0,0,9,11,0,0,0,0,0,traj_sz=100
3.29756,0.367016,1.51838,-0.207126,0.450007,1.49768,-0.311589,0.124492,9,11,0.0854734,0.111179,-0.303252,2.13962,0,3.29756
3.31736,0.369292,1.51826,-0.215761,0,0,0,0,9,11,0,0,0,0,0,traj_sz=100
3.31747,0.369292,1.51826,-0.215761,0.450007,1.49768,-0.311589,0.124492,9,11,0.0832492,0.111613,-0.306387,2.13734,0,3.31747
3.33729,0.370422,1.51771,-0.215085,0,0,0,0,9,11,0,0,0,0,0,traj_sz=100
3.33747,0.370422,1.51771,-0.215085,0.450007,1.49768,-0.311589,0.124492,9,11,0.0820255,0.113123,-0.300963,2.13617,0,3.33747
3.35741,0.371707,1.51765,-0.219242,0,0,0,0,9,11,0,0,0,0,0,traj_sz=100
3.35759,0.371707,1.51765,-0.219242,0.450007,1.49768,-0.311589,0.124492,9,11,0.0807698,0.114581,-0.302973,2.13489,0,3.35759
3.37731,0.374035,1.51715,-0.221901,0,0,0,0,9,11,0,0,0,0,0,traj_sz=100
3.37738,0.374035,1.51715,-0.221901,0.450007,1.49768,-0.311589,0.124492,9,11,0.0783944,0.114893,-0.300868,2.13253,0,3.37738
3.39738,0.37778,1.51665,-0.231771,0,0,0,0,9,11,0,0,0,0,0,traj_sz=100
3.39748,0.37778,1.51665,-0.231771,0.450007,1.49768,-0.311589,0.124492,9,11,0.0746531,0.113848,-0.301813,2.12875,0,3.39748
3.41746,0.380259,1.51637,-0.240499,0,0,0,0,9,11,0,0,0,0,0,traj_sz=100
3.41758,0.380259,1.51637,-0.240499,0.450007,1.49768,-0.311589,0.124492,9,11,0.0721919,0.114089,-0.303033,2.12626,0,3.41758
3.43736,0.381495,1.51598,-0.240244,0,0,0,0,9,11,0,0,0,0,0,traj_sz=100
3.43745,0.381495,1.51598,-0.240244,0.450007,1.49768,-0.311589,0.124492,9,11,0.0708994,0.115503,-0.30024,2.125,0,3.43745
3.45729,0.382745,1.51584,-0.245329,0,0,0,0,9,11,0,0,0,0,0,traj_sz=100
3.45744,0.382745,1.51584,-0.245329,0.450007,1.49768,-0.311589,0.124492,9,11,0.0696595,0.11696,-0.300868,2.12374,0,3.45744
3.47735,0.385123,1.5151,-0.246017,0,0,0,0,9,11,0,0,0,0,0,traj_sz=100
3.47744,0.385123,1.5151,-0.246017,0.450007,1.49768,-0.311589,0.124492,9,11,0.0671723,0.117203,-0.29539,2.12131,0,3.47744
3.49734,0.388811,1.51426,-0.254352,0,0,0,0,9,11,0,0,0,0,0,traj_sz=100
3.49747,0.388811,1.51426,-0.254352,0.450007,1.49768,-0.311589,0.124492,10,11,0.0633976,0.116139,-0.287834,2.11757,0,3.49747
3.51732,0.391299,1.51408,-0.263619,0,0,0,0,10,11,0,0,0,0,0,traj_sz=100
3.51742,0.391299,1.51408,-0.263619,0.450007,1.49768,-0.311589,0.124492,10,11,0.0609534,0.116372,-0.293308,2.11507,0,3.51742
3.5374,0.392354,1.5136,-0.264441,0,0,0,0,10,11,0,0,0,0,0,traj_sz=100
3.53764,0.392354,1.5136,-0.264441,0.49348,1.48368,-0.399163,0.12563,10,12,0.105431,0.117969,-0.289878,2.11399,0,3.53764
3.55728,0.393609,1.51344,-0.266654,0,0,0,0,10,12,0,0,0,0,0,traj_sz=100
3.55743,0.393609,1.51344,-0.266654,0.49348,1.48368,-0.399163,0.12563,10,12,0.104184,0.119407,-0.291758,2.11272,0,3.55743
3.57727,0.396082,1.51286,-0.272955,0,0,0,0,10,12,0,0,0,0,0,traj_sz=100
3.57737,0.396082,1.51286,-0.272955,0.49348,1.48368,-0.399163,0.12563,10,12,0.101658,0.119571,-0.291358,2.11021,0,3.57737
3.59736,0.399726,1.51191,-0.280186,0,0,0,0,10,12,0,0,0,0,0,traj_sz=100
3.59754,0.399726,1.51191,-0.280186,0.49348,1.48368,-0.399163,0.12563,10,12,0.0979037,0.118538,-0.289545,2.10651,0,3.59754
3.61737,0.402145,1.51178,-0.287042,0,0,0,0,10,12,0,0,0,0,0,traj_sz=100
3.6177,0.402145,1.51178,-0.287042,0.49348,1.48368,-0.399163,0.12563,10,12,0.0955534,0.118883,-0.295583,2.10408,0,3.6177
3.63737,0.403316,1.51089,-0.286,0,0,0,0,10,12,0,0,0,0,0,traj_sz=100
3.63747,0.403316,1.51089,-0.286,0.49348,1.48368,-0.399163,0.12563,10,12,0.0941785,0.120221,-0.286707,2.10285,0,3.63747
3.65739,0.404533,1.51081,-0.291289,0,0,0,0,10,12,0,0,0,0,0,traj_sz=100
3.65764,0.404533,1.51081,-0.291289,0.49348,1.48368,-0.399163,0.12563,10,12,0.0929899,0.12174,-0.289336,2.10163,0,3.65764
3.67728,0.407027,1.51033,-0.296202,0,0,0,0,10,12,0,0,0,0,0,traj_sz=100
3.67743,0.407027,1.51033,-0.296202,0.49348,1.48368,-0.399163,0.12563,10,12,0.0904657,0.121857,-0.290605,2.0991,0,3.67743
3.69726,0.410592,1.50899,-0.301199,0,0,0,0,10,12,0,0,0,0,0,traj_sz=100
3.69736,0.410592,1.50899,-0.301199,0.49348,1.48368,-0.399163,0.12563,10,12,0.0866658,0.120731,-0.283052,2.09545,0,3.69736
3.71733,0.413148,1.5084,-0.307704,0,0,0,0,10,12,0,0,0,0,0,traj_sz=100
3.71763,0.413148,1.5084,-0.307704,0.49348,1.48368,-0.399163,0.12563,10,12,0.0840453,0.120789,-0.282776,2.09286,0,3.71763
3.73725,0.41446,1.50836,-0.313012,0,0,0,0,10,12,0,0,0,0,0,traj_sz=100
3.73734,0.41446,1.50836,-0.313012,0.49348,1.48368,-0.399163,0.12563,10,12,0.0827797,0.122128,-0.286452,2.09154,0,3.73734
3.75728,0.415592,1.50757,-0.308845,0,0,0,0,10,12,0,0,0,0,0,traj_sz=100
3.75738,0.415592,1.50757,-0.308845,0.49348,1.48368,-0.399163,0.12563,10,12,0.0814646,0.123497,-0.279016,2.09036,0,3.75738
3.77727,0.418121,1.50695,-0.31747,0,0,0,0,10,12,0,0,0,0,0,traj_sz=100
3.77735,0.418121,1.50695,-0.31747,0.49348,1.48368,-0.399163,0.12563,10,12,0.0788583,0.123543,-0.27821,2.08779,0,3.77735
3.79745,0.421928,1.50575,-0.325676,0,0,0,0,10,12,0,0,0,0,0,traj_sz=100
3.79753,0.421928,1.50575,-0.325676,0.49348,1.48368,-0.399163,0.12563,10,12,0.0748508,0.122231,-0.273168,2.0839,0,3.79753
3.81747,0.424444,1.50494,-0.330866,0,0,0,0,10,12,0,0,0,0,0,traj_sz=100
3.81758,0.424444,1.50494,-0.330866,0.49348,1.48368,-0.399163,0.12563,10,12,0.072199,0.122248,-0.269769,2.08133,0,3.81758
3.8373,0.425656,1.50431,-0.331818,0,0,0,0,10,12,0,0,0,0,0,traj_sz=100
3.83742,0.425656,1.50431,-0.331818,0.49348,1.48368,-0.399163,0.12563,10,12,0.0708438,0.123538,-0.264604,2.08008,0,3.83742
3.85738,0.426945,1.5042,-0.336948,0,0,0,0,10,12,0,0,0,0,0,traj_sz=100
3.85754,0.426945,1.5042,-0.336948,0.49348,1.48368,-0.399163,0.12563,10,12,0.0695768,0.124928,-0.267151,2.07878,0,3.85754
3.87734,0.429405,1.50313,-0.338568,0,0,0,0,10,12,0,0,0,0,0,traj_sz=100
3.87754,0.429405,1.50313,-0.338568,0.49348,1.48368,-0.399163,0.12563,11,12,0.0668969,0.124916,-0.248091,2.07625,0,3.87754
3.89729,0.433176,1.50167,-0.345972,0,0,0,0,11,12,0,0,0,0,0,traj_sz=100
3.89737,0.433176,1.50167,-0.345972,0.49348,1.48368,-0.399163,0.12563,11,12,0.0628313,0.123513,-0.244231,2.07238,0,3.89737
3.91738,0.435737,1.50092,-0.352436,0,0,0,0,11,12,0,0,0,0,0,traj_sz=100
3.91758,0.435737,1.50092,-0.352436,0.535947,1.46577,-0.489233,0.124873,11,13,0.106183,0.123511,-0.244995,2.06977,0,3.91758
3.93727,0.437027,1.50051,-0.35447,0,0,0,0,11,13,0,0,0,0,0,traj_sz=100
3.93742,0.437027,1.50051,-0.35447,0.535947,1.46577,-0.489233,0.124873,11,13,0.104828,0.124778,-0.244978,2.06846,0,3.93742
3.95736,0.438318,1.50014,-0.358279,0,0,0,0,11,13,0,0,0,0,0,traj_sz=100
3.95749,0.438318,1.50014,-0.358279,0.535947,1.46577,-0.489233,0.124873,11,13,0.103484,0.126086,-0.245493,2.06714,0,3.95749
3.97728,0.440835,1.49937,-0.364668,0,0,0,0,11,13,0,0,0,0,0,traj_sz=100
3.9774,0.440835,1.49937,-0.364668,0.535947,1.46577,-0.489233,0.124873,11,13,0.100842,0.126078,-0.24574,2.06458,0,3.9774
3.99727,0.444527,1.49785,-0.37103,0,0,0,0,11,13,0,0,0,0,0,traj_sz=100
3.99739,0.444527,1.49785,-0.37103,0.535947,1.46577,-0.489233,0.124873,11,13,0.0968299,0.124733,-0.240597,2.06078,0,3.99739
4.01736,0.447108,1.4969,-0.376462,0,0,0,0,11,13,0,0,0,0,0,traj_sz=100
4.01746,0.447108,1.4969,-0.376462,0.535947,1.46577,-0.489233,0.124873,11,13,0.0940618,0.124627,-0.238674,2.05814,0,4.01746
4.03729,0.448397,1.49672,-0.381888,0,0,0,0,11,13,0,0,0,0,0,traj_sz=100
4.03756,0.448397,1.49672,-0.381888,0.535947,1.46577,-0.489233,0.124873,11,13,0.0927784,0.125974,-0.241788,2.05684,0,4.03756
4.05737,0.44961,1.49612,-0.382653,0,0,0,0,11,13,0,0,0,0,0,traj_sz=100
4.05749,0.44961,1.49612,-0.382653,0.535947,1.46577,-0.489233,0.124873,11,13,0.0914264,0.12718,-0.238796,2.05559,0,4.05749
4.07735,0.452089,1.49508,-0.387028,0,0,0,0,11,13,0,0,0,0,0,traj_sz=100
4.07767,0.452089,1.49508,-0.387028,0.535947,1.46577,-0.489233,0.124873,11,13,0.0887179,0.127047,-0.235049,2.05304,0,4.07767
4.09739,0.455849,1.49365,-0.395037,0,0,0,0,11,13,0,0,0,0,0,traj_sz=100
4.09756,0.455849,1.49365,-0.395037,0.535947,1.46577,-0.489233,0.124873,11,13,0.0846585,0.125571,-0.231555,2.04919,0,4.09756
4.11742,0.457143,1.4935,-0.400373,0,0,0,0,11,13,0,0,0,0,0,traj_sz=100
4.11751,0.457143,1.4935,-0.400373,0.535947,1.46577,-0.489233,0.124873,11,13,0.083379,0.126836,-0.235052,2.04789,0,4.11751
4.13751,0.45963,1.49266,-0.407031,0,0,0,0,11,13,0,0,0,0,0,traj_sz=100
4.13764,0.45963,1.49266,-0.407031,0.535947,1.46577,-0.489233,0.124873,11,13,0.0807287,0.126769,-0.234256,2.04535,0,4.13764
4.15738,0.460839,1.49192,-0.407187,0,0,0,0,11,13,0,0,0,0,0,traj_sz=100
4.1575,0.460839,1.49192,-0.407187,0.535947,1.46577,-0.489233,0.124873,11,13,0.0793231,0.127905,-0.229181,2.04409,0,4.1575
4.1774,0.463287,1.49089,-0.411029,0,0,0,0,11,13,0,0,0,0,0,traj_sz=100
4.17749,0.463287,1.49089,-0.411029,0.535947,1.46577,-0.489233,0.124873,11,13,0.0766456,0.127795,-0.225562,2.04158,0,4.17749
4.1973,0.467173,1.48933,-0.41765,0,0,0,0,11,13,0,0,0,0,0,traj_sz=100
4.19749,0.467173,1.48933,-0.41765,0.535947,1.46577,-0.489233,0.124873,11,13,0.0724188,0.126136,-0.22082,2.0376,0,4.19749
4.2174,0.469868,1.48833,-0.422445,0,0,0,0,11,13,0,0,0,0,0,traj_sz=100
4.21749,0.469868,1.48833,-0.422445,0.535947,1.46577,-0.489233,0.124873,11,13,0.0695214,0.125811,-0.218741,2.03484,0,4.21749
4.23734,0.471129,1.4878,-0.423039,0,0,0,0,11,13,0,0,0,0,0,traj_sz=100
4.23742,0.471129,1.4878,-0.423039,0.535947,1.46577,-0.489233,0.124873,12,13,0.068148,0.126968,-0.198465,2.03355,0,4.23742
4.25728,0.472389,1.48721,-0.424693,0,0,0,0,12,13,0,0,0,0,0,traj_sz=100
4.25737,0.472389,1.48721,-0.424693,0.535947,1.46577,-0.489233,0.124873,12,13,0.0667476,0.12811,-0.197646,2.03225,0,4.25737
4.27732,0.474973,1.48615,-0.428964,0,0,0,0,12,13,0,0,0,0,0,traj_sz=100
4.27747,0.474973,1.48615,-0.428964,0.535947,1.46577,-0.489233,0.124873,12,13,0.0639251,0.127858,-0.197736,2.0296,0,4.27747
4.29731,0.478691,1.48445,-0.434016,0,0,0,0,12,13,0,0,0,0,0,traj_sz=100
4.29753,0.478691,1.48445,-0.434016,0.576385,1.44424,-0.579372,0.122757,12,14,0.105545,0.126313,-0.195716,2.02578,0,4.29753
4.31742,0.481244,1.48341,-0.43871,0,0,0,0,12,14,0,0,0,0,0,traj_sz=100
4.31755,0.481244,1.48341,-0.43871,0.576385,1.44424,-0.579372,0.122757,12,14,0.102769,0.126088,-0.195961,2.02316,0,4.31755
4.33739,0.48247,1.48281,-0.440633,0,0,0,0,12,14,0,0,0,0,0,traj_sz=100
4.33752,0.48247,1.48281,-0.440633,0.576385,1.44424,-0.579372,0.122757,12,14,0.101394,0.127249,-0.194699,2.0219,0,4.33752
4.35732,0.483796,1.48224,-0.442614,0,0,0,0,12,14,0,0,0,0,0,traj_sz=100
4.35758,0.483796,1.48224,-0.442614,0.576385,1.44424,-0.579372,0.122757,12,14,0.0999433,0.128336,-0.194511,2.02054,0,4.35758
4.37734,0.48636,1.48113,-0.447193,0,0,0,0,12,14,0,0,0,0,0,traj_sz=100
4.37745,0.48636,1.48113,-0.447193,0.576385,1.44424,-0.579372,0.122757,12,14,0.0971266,0.128051,-0.193906,2.01791,0,4.37745
4.39729,0.490021,1.47959,-0.454335,0,0,0,0,12,14,0,0,0,0,0,traj_sz=100
4.39749,0.490021,1.47959,-0.454335,0.576385,1.44424,-0.579372,0.122757,12,14,0.0931167,0.126599,-0.19356,2.01415,0,4.39749
4.41728,0.492572,1.47885,-0.460758,0,0,0,0,12,14,0,0,0,0,0,traj_sz=100
4.41745,0.492572,1.47885,-0.460758,0.576385,1.44424,-0.579372,0.122757,12,14,0.0904631,0.126424,-0.197935,2.01156,0,4.41745
4.43734,0.493648,1.4781,-0.45995,0,0,0,0,12,14,0,0,0,0,0,traj_sz=100
4.43747,0.493648,1.4781,-0.45995,0.576385,1.44424,-0.579372,0.122757,12,14,0.0891708,0.127591,-0.19388,2.01044,0,4.43747
4.45726,0.494849,1.47738,-0.460487,0,0,0,0,12,14,0,0,0,0,0,traj_sz=100
4.45735,0.494849,1.47738,-0.460487,0.576385,1.44424,-0.579372,0.122757,12,14,0.0877718,0.128635,-0.190926,2.00919,0,4.45735
4.47735,0.497218,1.47638,-0.464927,0,0,0,0,12,14,0,0,0,0,0,traj_sz=100
4.47745,0.497218,1.47638,-0.464927,0.576385,1.44424,-0.579372,0.122757,12,14,0.085172,0.128516,-0.190585,2.00676,0,4.47745
4.49742,0.500806,1.4746,-0.469153,0,0,0,0,12,14,0,0,0,0,0,traj_sz=100
4.49764,0.500806,1.4746,-0.469153,0.576385,1.44424,-0.579372,0.122757,12,14,0.0811412,0.12698,-0.186801,2.00307,0,4.49764
4.51886,0.503201,1.47355,-0.474557,0,0,0,0,12,14,0,0,0,0,0,traj_sz=100
4.519,0.503201,1.47355,-0.474557,0.576385,1.44424,-0.579372,0.122757,12,14,0.078488,0.126977,-0.185845,2.00062,0,4.519
4.53735,0.504335,1.47287,-0.474187,0,0,0,0,12,14,0,0,0,0,0,traj_sz=100
4.53751,0.504335,1.47287,-0.474187,0.576385,1.44424,-0.579372,0.122757,12,14,0.0771718,0.127921,-0.183116,1.99944,0,4.53751
4.55735,0.505564,1.4726,-0.479987,0,0,0,0,12,14,0,0,0,0,0,traj_sz=100
4.55747,0.505564,1.4726,-0.479987,0.576385,1.44424,-0.579372,0.122757,12,14,0.0759142,0.129132,-0.186295,1.9982,0,4.55747
4.57729,0.507928,1.47125,-0.481561,0,0,0,0,12,14,0,0,0,0,0,traj_sz=100
4.57742,0.507928,1.47125,-0.481561,0.576385,1.44424,-0.579372,0.122757,12,14,0.0731825,0.128852,-0.181373,1.99576,0,4.57742
4.59733,0.511586,1.46946,-0.488183,0,0,0,0,12,14,0,0,0,0,0,traj_sz=100
4.59752,0.511586,1.46946,-0.488183,0.576385,1.44424,-0.579372,0.122757,12,14,0.0690585,0.12723,-0.177605,1.992,0,4.59752
4.61741,0.514012,1.46825,-0.492629,0,0,0,0,12,14,0,0,0,0,0,traj_sz=100
4.61753,0.514012,1.46825,-0.492629,0.576385,1.44424,-0.579372,0.122757,13,14,0.0663114,0.12696,-0.154421,1.9895,0,4.61753
4.63728,0.515284,1.46756,-0.49426,0,0,0,0,13,14,0,0,0,0,0,traj_sz=100
4.63739,0.515284,1.46756,-0.49426,0.576385,1.44424,-0.579372,0.122757,13,14,0.064849,0.127931,-0.154121,1.98819,0,4.63739
4.65738,0.516603,1.46696,-0.497155,0,0,0,0,13,14,0,0,0,0,0,traj_sz=100
4.65748,0.516603,1.46696,-0.497155,0.576385,1.44424,-0.579372,0.122757,13,14,0.063379,0.128928,-0.155322,1.98684,0,4.65748
4.67749,0.519045,1.46581,-0.499885,0,0,0,0,13,14,0,0,0,0,0,traj_sz=100
4.6777,0.519045,1.46581,-0.499885,0.614071,1.41958,-0.667659,0.119776,13,15,0.105557,0.128688,-0.157198,1.98434,0,4.6777
4.69748,0.522874,1.46385,-0.505185,0,0,0,0,13,15,0,0,0,0,0,traj_sz=100
4.69758,0.522874,1.46385,-0.505185,0.614071,1.41958,-0.667659,0.119776,13,15,0.10123,0.126807,-0.158002,1.9804,0,4.69758
4.71729,0.525281,1.46267,-0.508276,0,0,0,0,13,15,0,0,0,0,0,traj_sz=100
4.71749,0.525281,1.46267,-0.508276,0.614071,1.41958,-0.667659,0.119776,13,15,0.0985373,0.126544,-0.15923,1.97793,0,4.71749
4.73729,0.526721,1.46247,-0.514771,0,0,0,0,13,15,0,0,0,0,0,traj_sz=100
4.73744,0.526721,1.46247,-0.514771,0.614071,1.41958,-0.667659,0.119776,13,15,0.0971472,0.127596,-0.166392,1.97648,0,4.73744
4.75742,0.527865,1.46148,-0.514331,0,0,0,0,13,15,0,0,0,0,0,traj_sz=100
4.75758,0.527865,1.46148,-0.514331,0.614071,1.41958,-0.667659,0.119776,13,15,0.0956675,0.128566,-0.161396,1.97528,0,4.75758
4.77737,0.530325,1.46026,-0.517809,0,0,0,0,13,15,0,0,0,0,0,traj_sz=100
4.77776,0.530325,1.46026,-0.517809,0.614071,1.41958,-0.667659,0.119776,13,15,0.0929055,0.128232,-0.162418,1.97276,0,4.77776
4.79743,0.534074,1.45841,-0.524765,0,0,0,0,13,15,0,0,0,0,0,traj_sz=100
4.79754,0.534074,1.45841,-0.524765,0.614071,1.41958,-0.667659,0.119776,13,15,0.0886869,0.126378,-0.163945,1.96891,0,4.79754
4.81744,0.536482,1.45702,-0.527132,0,0,0,0,13,15,0,0,0,0,0,traj_sz=100
4.81754,0.536482,1.45702,-0.527132,0.614071,1.41958,-0.667659,0.119776,13,15,0.0858918,0.125945,-0.162407,1.96643,0,4.81754
4.83756,0.537689,1.45654,-0.528111,0,0,0,0,13,15,0,0,0,0,0,traj_sz=100
4.83772,0.537689,1.45654,-0.528111,0.614071,1.41958,-0.667659,0.119776,13,15,0.0846001,0.127022,-0.164496,1.9652,0,4.83772
4.85728,0.538804,1.45573,-0.531187,0,0,0,0,13,15,0,0,0,0,0,traj_sz=100
4.85735,0.538804,1.45573,-0.531187,0.614071,1.41958,-0.667659,0.119776,13,15,0.0832102,0.127959,-0.161538,1.96404,0,4.85735
4.87729,0.541362,1.45469,-0.536877,0,0,0,0,13,15,0,0,0,0,0,traj_sz=100
4.87739,0.541362,1.45469,-0.536877,0.614071,1.41958,-0.667659,0.119776,13,15,0.0804395,0.127568,-0.165523,1.96143,0,4.87739
4.89749,0.544795,1.45274,-0.54352,0,0,0,0,13,15,0,0,0,0,0,traj_sz=100
4.89757,0.544795,1.45274,-0.54352,0.614071,1.41958,-0.667659,0.119776,13,15,0.0764438,0.125987,-0.16358,1.9579,0,4.89757
4.91741,0.547194,1.45175,-0.548563,0,0,0,0,13,15,0,0,0,0,0,traj_sz=100
4.9175,0.547194,1.45175,-0.548563,0.614071,1.41958,-0.667659,0.119776,13,15,0.0738376,0.125746,-0.167018,1.95545,0,4.9175
4.93731,0.548255,1.45098,-0.548891,0,0,0,0,13,15,0,0,0,0,0,traj_sz=100
4.93756,0.548255,1.45098,-0.548891,0.614071,1.41958,-0.667659,0.119776,13,15,0.0725311,0.126792,-0.164333,1.95436,0,4.93756
4.95737,0.54936,1.45031,-0.549377,0,0,0,0,13,15,0,0,0,0,0,traj_sz=100
4.95748,0.54936,1.45031,-0.549377,0.614071,1.41958,-0.667659,0.119776,13,15,0.0712329,0.127835,-0.163187,1.95322,0,4.95748
4.97741,0.551662,1.44909,-0.553444,0,0,0,0,13,15,0,0,0,0,0,traj_sz=100
4.97752,0.551662,1.44909,-0.553444,0.614071,1.41958,-0.667659,0.119776,13,15,0.0686033,0.12758,-0.163077,1.95086,0,4.97752
4.9974,0.554924,1.44728,-0.558172,0,0,0,0,13,15,0,0,0,0,0,traj_sz=100
4.99767,0.554924,1.44728,-0.558172,0.614071,1.41958,-0.667659,0.119776,14,15,0.0648395,0.126208,-0.139738,1.94751,0,4.99767
5.0174,0.557281,1.44586,-0.561992,0,0,0,0,14,15,0,0,0,0,0,traj_sz=100
5.01756,0.557281,1.44586,-0.561992,0.614071,1.41958,-0.667659,0.119776,14,15,0.0620597,0.125787,-0.141101,1.94508,0,5.01756
5.03748,0.558326,1.4452,-0.563225,0,0,0,0,14,15,0,0,0,0,0,traj_sz=100
5.0376,0.558326,1.4452,-0.563225,0.648578,1.39238,-0.752715,0.116427,14,16,0.104515,0.126898,-0.141389,1.94401,0,5.0376
5.05744,0.559585,1.44462,-0.566721,0,0,0,0,14,16,0,0,0,0,0,traj_sz=100
5.05759,0.559585,1.44462,-0.566721,0.648578,1.39238,-0.752715,0.116427,14,16,0.103126,0.127854,-0.144211,1.94272,0,5.05759
5.07742,0.561741,1.44322,-0.568739,0,0,0,0,14,16,0,0,0,0,0,traj_sz=100
5.07753,0.561741,1.44322,-0.568739,0.648578,1.39238,-0.752715,0.116427,14,16,0.100547,0.127613,-0.144208,1.9405,0,5.07753
5.09752,0.565247,1.4412,-0.573582,0,0,0,0,14,16,0,0,0,0,0,traj_sz=100
5.09772,0.565247,1.4412,-0.573582,0.648578,1.39238,-0.752715,0.116427,14,16,0.0964857,0.125926,-0.147411,1.9369,0,5.09772
5.11741,0.567582,1.4397,-0.574911,0,0,0,0,14,16,0,0,0,0,0,traj_sz=100
5.11748,0.567582,1.4397,-0.574911,0.648578,1.39238,-0.752715,0.116427,14,16,0.0937061,0.12546,-0.14774,1.9345,0,5.11748
5.13741,0.568777,1.43899,-0.576662,0,0,0,0,14,16,0,0,0,0,0,traj_sz=100
5.13749,0.568777,1.43899,-0.576662,0.648578,1.39238,-0.752715,0.116427,14,16,0.0923068,0.126395,-0.148495,1.93327,0,5.13749
5.15744,0.569862,1.43825,-0.578091,0,0,0,0,14,16,0,0,0,0,0,traj_sz=100
5.1576,0.569862,1.43825,-0.578091,0.648578,1.39238,-0.752715,0.116427,14,16,0.0909923,0.127348,-0.148161,1.93215,0,5.1576
5.17755,0.572373,1.43685,-0.58265,0,0,0,0,14,16,0,0,0,0,0,traj_sz=100
5.1777,0.572373,1.43685,-0.58265,0.648578,1.39238,-0.752715,0.116427,14,16,0.0880983,0.126741,-0.15086,1.92958,0,5.1777
5.19739,0.575831,1.43469,-0.586551,0,0,0,0,14,16,0,0,0,0,0,traj_sz=100
5.1976,0.575831,1.43469,-0.586551,0.648578,1.39238,-0.752715,0.116427,14,16,0.0840065,0.124907,-0.152014,1.92603,0,5.1976
5.21745,0.578093,1.43324,-0.589695,0,0,0,0,14,16,0,0,0,0,0,traj_sz=100
5.21756,0.578093,1.43324,-0.589695,0.648578,1.39238,-0.752715,0.116427,14,16,0.0813036,0.124472,-0.152239,1.92371,0,5.21756
5.2374,0.579177,1.43242,-0.58982,0,0,0,0,14,16,0,0,0,0,0,traj_sz=100
5.2375,0.579177,1.43242,-0.58982,0.648578,1.39238,-0.752715,0.116427,14,16,0.079947,0.12536,-0.150851,1.92259,0,5.2375
5.25745,0.580442,1.43179,-0.592644,0,0,0,0,14,16,0,0,0,0,0,traj_sz=100
5.25767,0.580442,1.43179,-0.592644,0.648578,1.39238,-0.752715,0.116427,14,16,0.078527,0.126226,-0.153128,1.9213,0,5.25767
5.27752,0.582624,1.43032,-0.596205,0,0,0,0,14,16,0,0,0,0,0,traj_sz=100
5.27766,0.582624,1.43032,-0.596205,0.648578,1.39238,-0.752715,0.116427,14,16,0.0758776,0.125848,-0.152429,1.91906,0,5.27766
5.29744,0.586006,1.42821,-0.601868,0,0,0,0,14,16,0,0,0,0,0,traj_sz=100
5.29754,0.586006,1.42821,-0.601868,0.648578,1.39238,-0.752715,0.116427,14,16,0.0718652,0.124111,-0.153507,1.91559,0,5.29754
5.31748,0.58819,1.42687,-0.605365,0,0,0,0,14,16,0,0,0,0,0,traj_sz=100
5.31778,0.58819,1.42687,-0.605365,0.648578,1.39238,-0.752715,0.116427,14,16,0.0692839,0.123828,-0.154405,1.91336,0,5.31778
5.33747,0.589293,1.42612,-0.606613,0,0,0,0,14,16,0,0,0,0,0,traj_sz=100
5.3377,0.589293,1.42612,-0.606613,0.648578,1.39238,-0.752715,0.116427,14,16,0.0679406,0.124734,-0.153957,1.91222,0,5.3377
5.35731,0.59037,1.42551,-0.608005,0,0,0,0,14,16,0,0,0,0,0,traj_sz=100
5.35752,0.59037,1.42551,-0.608005,0.648578,1.39238,-0.752715,0.116427,14,16,0.0667013,0.125734,-0.15511,1.91112,0,5.35752
5.37752,0.592333,1.42409,-0.609764,0,0,0,0,14,16,0,0,0,0,0,traj_sz=100
5.37764,0.592333,1.42409,-0.609764,0.648578,1.39238,-0.752715,0.116427,15,16,0.0642711,0.125581,-0.128851,1.90911,0,5.37764
5.39736,0.59574,1.42207,-0.616478,0,0,0,0,15,16,0,0,0,0,0,traj_sz=100
5.39744,0.59574,1.42207,-0.616478,0.648578,1.39238,-0.752715,0.116427,15,16,0.060277,0.123866,-0.136308,1.90562,0,5.39744
5.41737,0.597969,1.42053,-0.61845,0,0,0,0,15,16,0,0,0,0,0,traj_sz=100
5.41756,0.597969,1.42053,-0.61845,0.679752,1.36318,-0.833727,0.11315,15,17,0.0998818,0.123415,-0.138722,1.90334,0,5.41756
5.43743,0.599052,1.41979,-0.620153,0,0,0,0,15,17,0,0,0,0,0,traj_sz=100
5.43758,0.599052,1.41979,-0.620153,0.679752,1.36318,-0.833727,0.11315,15,17,0.0985728,0.124358,-0.140053,1.90223,0,5.43758
5.45731,0.600267,1.41911,-0.622961,0,0,0,0,15,17,0,0,0,0,0,traj_sz=100
5.45746,0.600267,1.41911,-0.622961,0.679752,1.36318,-0.833727,0.11315,15,17,0.097183,0.125209,-0.143114,1.90099,0,5.45746
5.47744,0.60251,1.41766,-0.625906,0,0,0,0,15,17,0,0,0,0,0,traj_sz=100
5.47769,0.60251,1.41766,-0.625906,0.679752,1.36318,-0.833727,0.11315,15,17,0.0945151,0.124812,-0.146755,1.8987,0,5.47769
5.49737,0.605934,1.41535,-0.630314,0,0,0,0,15,17,0,0,0,0,0,traj_sz=100
5.49746,0.605934,1.41535,-0.630314,0.679752,1.36318,-0.833727,0.11315,15,17,0.0903835,0.122922,-0.151165,1.89519,0,5.49746
5.51732,0.608196,1.41379,-0.633034,0,0,0,0,15,17,0,0,0,0,0,traj_sz=100
5.51756,0.608196,1.41379,-0.633034,0.679752,1.36318,-0.833727,0.11315,15,17,0.0876342,0.122379,-0.153697,1.89288,0,5.51756
5.53745,0.609415,1.41306,-0.635833,0,0,0,0,15,17,0,0,0,0,0,traj_sz=100
5.53754,0.609415,1.41306,-0.635833,0.679752,1.36318,-0.833727,0.11315,15,17,0.0862154,0.12315,-0.156263,1.89164,0,5.53754
5.55744,0.610511,1.41231,-0.637634,0,0,0,0,15,17,0,0,0,0,0,traj_sz=100
5.55752,0.610511,1.41231,-0.637634,0.679752,1.36318,-0.833727,0.11315,15,17,0.0848796,0.123994,-0.157415,1.89052,0,5.55752
5.57732,0.612798,1.41078,-0.640783,0,0,0,0,15,17,0,0,0,0,0,traj_sz=100
5.57746,0.612798,1.41078,-0.640783,0.679752,1.36318,-0.833727,0.11315,15,17,0.0821267,0.12342,-0.160491,1.88818,0,5.57746
5.59747,0.616124,1.40824,-0.644325,0,0,0,0,15,17,0,0,0,0,0,traj_sz=100
5.59758,0.616124,1.40824,-0.644325,0.679752,1.36318,-0.833727,0.11315,15,17,0.0779348,0.12143,-0.161296,1.88478,0,5.59758
5.61728,0.618285,1.40645,-0.646284,0,0,0,0,15,17,0,0,0,0,0,traj_sz=100
5.61738,0.618285,1.40645,-0.646284,0.679752,1.36318,-0.833727,0.11315,15,17,0.075129,0.120781,-0.160204,1.88256,0,5.61738
5.63737,0.619401,1.40567,-0.648127,0,0,0,0,15,17,0,0,0,0,0,traj_sz=100
5.63759,0.619401,1.40567,-0.648127,0.679752,1.36318,-0.833727,0.11315,15,17,0.0737635,0.121621,-0.1613,1.88142,0,5.63759
5.65733,0.620538,1.40492,-0.650632,0,0,0,0,15,17,0,0,0,0,0,traj_sz=100
5.65743,0.620538,1.40492,-0.650632,0.679752,1.36318,-0.833727,0.11315,15,17,0.0723995,0.122432,-0.162931,1.88026,0,5.65743
5.67749,0.622752,1.40329,-0.653805,0,0,0,0,15,17,0,0,0,0,0,traj_sz=100
5.67776,0.622752,1.40329,-0.653805,0.679752,1.36318,-0.833727,0.11315,15,17,0.0696417,0.121892,-0.164133,1.878,0,5.67776
5.69728,0.626064,1.40094,-0.659849,0,0,0,0,15,17,0,0,0,0,0,traj_sz=100
5.69743,0.626064,1.40094,-0.659849,0.679752,1.36318,-0.833727,0.11315,15,17,0.0655673,0.119997,-0.166917,1.87463,0,5.69743
5.71741,0.628347,1.3993,-0.663104,0,0,0,0,15,17,0,0,0,0,0,traj_sz=100
5.7175,0.628347,1.3993,-0.663104,0.679752,1.36318,-0.833727,0.11315,16,17,0.0627477,0.119383,-0.143221,1.8723,0,5.7175
5.73737,0.629437,1.39843,-0.663942,0,0,0,0,16,17,0,0,0,0,0,traj_sz=100
5.73747,0.629437,1.39843,-0.663942,0.679752,1.36318,-0.833727,0.11315,16,17,0.0613459,0.120158,-0.14475,1.87119,0,5.73747
5.75744,0.630601,1.3977,-0.665885,0,0,0,0,16,17,0,0,0,0,0,traj_sz=100
5.75756,0.630601,1.3977,-0.665885,0.679752,1.36318,-0.833727,0.11315,16,17,0.0599766,0.12099,-0.148657,1.87001,0,5.75756
5.77751,0.632888,1.396,-0.668203,0,0,0,0,16,17,0,0,0,0,0,traj_sz=100
5.77765,0.632888,1.396,-0.668203,0.707652,1.33244,-0.910381,0.110173,16,18,0.0980646,0.120335,-0.153338,1.86768,0,5.77765
5.79736,0.63602,1.39375,-0.67187,0,0,0,0,16,18,0,0,0,0,0,traj_sz=100
5.79757,0.63602,1.39375,-0.67187,0.707652,1.33244,-0.910381,0.110173,16,18,0.0942249,0.118666,-0.160643,1.86449,0,5.79757
5.81745,0.63814,1.39222,-0.675619,0,0,0,0,16,18,0,0,0,0,0,traj_sz=100
5.81754,0.63814,1.39222,-0.675619,0.707652,1.33244,-0.910381,0.110173,16,18,0.0916243,0.118243,-0.165415,1.86234,0,5.81754
5.83746,0.639218,1.39139,-0.675852,0,0,0,0,16,18,0,0,0,0,0,traj_sz=100
5.83753,0.639218,1.39139,-0.675852,0.707652,1.33244,-0.910381,0.110173,16,18,0.0902656,0.119062,-0.16739,1.86124,0,5.83753
5.85745,0.64032,1.39067,-0.67861,0,0,0,0,16,18,0,0,0,0,0,traj_sz=100
5.85758,0.64032,1.39067,-0.67861,0.707652,1.33244,-0.910381,0.110173,16,18,0.0889635,0.119941,-0.170657,1.86012,0,5.85758
5.8774,0.642275,1.38897,-0.680379,0,0,0,0,16,18,0,0,0,0,0,traj_sz=100
5.87759,0.642275,1.38897,-0.680379,0.707652,1.33244,-0.910381,0.110173,16,18,0.0863831,0.119509,-0.172075,1.85813,0,5.87759
5.89751,0.645287,1.3867,-0.684899,0,0,0,0,16,18,0,0,0,0,0,traj_sz=100
5.8976,0.645287,1.3867,-0.684899,0.707652,1.33244,-0.910381,0.110173,16,18,0.0826237,0.117881,-0.177827,1.85508,0,5.8976
5.91745,0.647248,1.38523,-0.687917,0,0,0,0,16,18,0,0,0,0,0,traj_sz=100
5.91755,0.647248,1.38523,-0.687917,0.707652,1.33244,-0.910381,0.110173,16,18,0.0801843,0.117566,-0.181715,1.85309,0,5.91755
5.93741,0.648117,1.38449,-0.689348,0,0,0,0,16,18,0,0,0,0,0,traj_sz=100
5.93751,0.648117,1.38449,-0.689348,0.707652,1.33244,-0.910381,0.110173,16,18,0.0790443,0.118542,-0.182433,1.8522,0,5.93751
5.95739,0.64917,1.38374,-0.690241,0,0,0,0,16,18,0,0,0,0,0,traj_sz=100
5.95773,0.64917,1.38374,-0.690241,0.707652,1.33244,-0.910381,0.110173,16,18,0.0777596,0.119409,-0.185019,1.85114,0,5.95773
5.97739,0.650968,1.38229,-0.692734,0,0,0,0,16,18,0,0,0,0,0,traj_sz=100
5.97748,0.650968,1.38229,-0.692734,0.707652,1.33244,-0.910381,0.110173,16,18,0.0754527,0.119208,-0.187401,1.84931,0,5.97748
5.99746,0.653737,1.38002,-0.696977,0,0,0,0,16,18,0,0,0,0,0,traj_sz=100
5.99754,0.653737,1.38002,-0.696977,0.707652,1.33244,-0.910381,0.110173,16,18,0.0718847,0.117777,-0.190794,1.84651,0,5.99754
6.01748,0.655509,1.37854,-0.699265,0,0,0,0,16,18,0,0,0,0,0,traj_sz=100
6.01761,0.655509,1.37854,-0.699265,0.707652,1.33244,-0.910381,0.110173,16,18,0.0695779,0.117606,-0.192623,1.84471,0,6.01761
6.03735,0.656507,1.3778,-0.701194,0,0,0,0,16,18,0,0,0,0,0,traj_sz=100
6.03749,0.656507,1.3778,-0.701194,0.707652,1.33244,-0.910381,0.110173,16,18,0.0683432,0.118492,-0.194684,1.8437,0,6.03749
6.05739,0.65743,1.37698,-0.702208,0,0,0,0,16,18,0,0,0,0,0,traj_sz=100
6.05758,0.65743,1.37698,-0.702208,0.707652,1.33244,-0.910381,0.110173,16,18,0.067109,0.11939,-0.195108,1.84277,0,6.05758
6.07736,0.659573,1.37581,-0.709052,0,0,0,0,16,18,0,0,0,0,0,traj_sz=100
6.07747,0.659573,1.37581,-0.709052,0.707652,1.33244,-0.910381,0.110173,16,18,0.0647302,0.119171,-0.203925,1.84061,0,6.07747
6.09736,0.662307,1.37345,-0.713114,0,0,0,0,16,18,0,0,0,0,0,traj_sz=100
6.09747,0.662307,1.37345,-0.713114,0.707652,1.33244,-0.910381,0.110173,17,18,0.0611211,0.117696,-0.18014,1.83784,0,6.09747
6.11749,0.664259,1.37185,-0.715954,0,0,0,0,17,18,0,0,0,0,0,traj_sz=100
6.11777,0.664259,1.37185,-0.715954,0.707652,1.33244,-0.910381,0.110173,17,18,0.0586048,0.117345,-0.185609,1.83587,0,6.11777
6.13739,0.665111,1.37098,-0.716396,0,0,0,0,17,18,0,0,0,0,0,traj_sz=100
6.13752,0.665111,1.37098,-0.716396,0.707652,1.33244,-0.910381,0.110173,17,18,0.0573894,0.118231,-0.186248,1.83501,0,6.13752
6.15746,0.666188,1.3703,-0.719589,0,0,0,0,17,18,0,0,0,0,0,traj_sz=100
6.15761,0.666188,1.3703,-0.719589,0.732447,1.30052,-0.982663,0.107673,17,19,0.0958255,0.119138,-0.19126,1.83392,0,6.15761
6.17736,0.66808,1.3686,-0.722502,0,0,0,0,17,19,0,0,0,0,0,traj_sz=100
6.17752,0.66808,1.3686,-0.722502,0.732447,1.30052,-0.982663,0.107673,17,19,0.0933041,0.118714,-0.194951,1.83201,0,6.17752
6.19734,0.671019,1.36617,-0.72709,0,0,0,0,17,19,0,0,0,0,0,traj_sz=100
6.19746,0.671019,1.36617,-0.72709,0.732447,1.30052,-0.982663,0.107673,17,19,0.0895304,0.117056,-0.202841,1.82905,0,6.19746
6.21739,0.673096,1.36451,-0.731593,0,0,0,0,17,19,0,0,0,0,0,traj_sz=100
6.21751,0.673096,1.36451,-0.731593,0.732447,1.30052,-0.982663,0.107673,17,19,0.0869128,0.116561,-0.208982,1.82696,0,6.21751
6.23725,0.6741,1.3638,-0.73402,0,0,0,0,17,19,0,0,0,0,0,traj_sz=100
6.23733,0.6741,1.3638,-0.73402,0.732447,1.30052,-0.982663,0.107673,17,19,0.0857129,0.117467,-0.212863,1.82595,0,6.23733
6.25733,0.675099,1.36297,-0.735655,0,0,0,0,17,19,0,0,0,0,0,traj_sz=100
6.25744,0.675099,1.36297,-0.735655,0.732447,1.30052,-0.982663,0.107673,17,19,0.0844246,0.118272,-0.215475,1.82495,0,6.25744
6.27737,0.676947,1.3615,-0.74022,0,0,0,0,17,19,0,0,0,0,0,traj_sz=100
6.27753,0.676947,1.3615,-0.74022,0.732447,1.30052,-0.982663,0.107673,17,19,0.0821025,0.11804,-0.220924,1.82309,0,6.27753
6.29743,0.679907,1.35906,-0.746061,0,0,0,0,17,19,0,0,0,0,0,traj_sz=100
6.29752,0.679907,1.35906,-0.746061,0.732447,1.30052,-0.982663,0.107673,17,19,0.0783167,0.11634,-0.228938,1.82012,0,6.29752
6.31747,0.681711,1.35754,-0.749902,0,0,0,0,17,19,0,0,0,0,0,traj_sz=100
6.31758,0.681711,1.35754,-0.749902,0.732447,1.30052,-0.982663,0.107673,17,19,0.0759911,0.116105,-0.233497,1.8183,0,6.31758
6.33737,0.682722,1.35674,-0.752443,0,0,0,0,17,19,0,0,0,0,0,traj_sz=100
6.33753,0.682722,1.35674,-0.752443,0.732447,1.30052,-0.982663,0.107673,17,19,0.0747219,0.11692,-0.236499,1.81729,0,6.33753
6.35746,0.683727,1.3559,-0.753888,0,0,0,0,17,19,0,0,0,0,0,traj_sz=100
6.35758,0.683727,1.3559,-0.753888,0.732447,1.30052,-0.982663,0.107673,17,19,0.0734235,0.117722,-0.2391,1.81628,0,6.35758
6.37741,0.685592,1.35434,-0.758142,0,0,0,0,17,19,0,0,0,0,0,traj_sz=100
6.37767,0.685592,1.35434,-0.758142,0.732447,1.30052,-0.982663,0.107673,17,19,0.0710279,0.117425,-0.243895,1.81441,0,6.37767
6.39749,0.688505,1.352,-0.765065,0,0,0,0,17,19,0,0,0,0,0,traj_sz=100
6.39761,0.688505,1.352,-0.765065,0.732447,1.30052,-0.982663,0.107673,17,19,0.0673545,0.115848,-0.252356,1.8115,0,6.39761
6.41744,0.690368,1.3503,-0.768248,0,0,0,0,17,19,0,0,0,0,0,traj_sz=100
6.41754,0.690368,1.3503,-0.768248,0.732447,1.30052,-0.982663,0.107673,17,19,0.0648532,0.115434,-0.255734,1.80963,0,6.41754
6.43746,0.691298,1.3495,-0.770546,0,0,0,0,17,19,0,0,0,0,0,traj_sz=100
6.43769,0.691298,1.3495,-0.770546,0.732447,1.30052,-0.982663,0.107673,17,19,0.0636432,0.116331,-0.257872,1.8087,0,6.43769
6.45743,0.692285,1.34868,-0.772901,0,0,0,0,17,19,0,0,0,0,0,traj_sz=100
6.45757,0.692285,1.34868,-0.772901,0.732447,1.30052,-0.982663,0.107673,17,19,0.0623765,0.117151,-0.260426,1.80772,0,6.45757
6.47748,0.694036,1.34705,-0.777772,0,0,0,0,17,19,0,0,0,0,0,traj_sz=100
6.4776,0.694036,1.34705,-0.777772,0.732447,1.30052,-0.982663,0.107673,18,19,0.0600149,0.116878,-0.236799,1.80597,0,6.4776
6.49742,0.696857,1.34462,-0.783999,0,0,0,0,18,19,0,0,0,0,0,traj_sz=100
6.49756,0.696857,1.34462,-0.783999,0.732447,1.30052,-0.982663,0.107673,18,19,0.0563388,0.115304,-0.247539,1.80315,0,6.49756
6.5173,0.698591,1.34293,-0.788199,0,0,0,0,18,19,0,0,0,0,0,traj_sz=100
6.5174,0.698591,1.34293,-0.788199,0.754363,1.26765,-1.05077,0.10583,18,20,0.0927049,0.114981,-0.252324,1.80142,0,6.5174
6.5373,0.699399,1.34202,-0.789461,0,0,0,0,18,20,0,0,0,0,0,traj_sz=100
6.53763,0.699399,1.34202,-0.789461,0.754363,1.26765,-1.05077,0.10583,18,20,0.0915068,0.115869,-0.253473,1.80062,0,6.53763
6.55746,0.700316,1.34119,-0.791633,0,0,0,0,18,20,0,0,0,0,0,traj_sz=100
6.55756,0.700316,1.34119,-0.791633,0.754363,1.26765,-1.05077,0.10583,18,20,0.090299,0.116754,-0.256552,1.79971,0,6.55756
6.5775,0.702069,1.33958,-0.796067,0,0,0,0,18,20,0,0,0,0,0,traj_sz=100
6.57762,0.702069,1.33958,-0.796067,0.754363,1.26765,-1.05077,0.10583,18,20,0.0879837,0.116509,-0.262338,1.79796,0,6.57762
6.59743,0.704734,1.33698,-0.80324,0,0,0,0,18,20,0,0,0,0,0,traj_sz=100
6.59759,0.704734,1.33698,-0.80324,0.754363,1.26765,-1.05077,0.10583,18,20,0.0843516,0.114911,-0.269604,1.79531,0,6.59759
6.61741,0.706348,1.33536,-0.808927,0,0,0,0,18,20,0,0,0,0,0,traj_sz=100
6.61751,0.706348,1.33536,-0.808927,0.754363,1.26765,-1.05077,0.10583,18,20,0.0821336,0.114711,-0.273516,1.79371,0,6.61751
6.6374,0.707308,1.33437,-0.80955,0,0,0,0,18,20,0,0,0,0,0,traj_sz=100
6.63753,0.707308,1.33437,-0.80955,0.754363,1.26765,-1.05077,0.10583,18,20,0.0807664,0.115415,-0.275819,1.79276,0,6.63753
6.65748,0.708216,1.33354,-0.81213,0,0,0,0,18,20,0,0,0,0,0,traj_sz=100
6.65761,0.708216,1.33354,-0.81213,0.754363,1.26765,-1.05077,0.10583,18,20,0.0795683,0.116285,-0.278774,1.79186,0,6.65761
6.67737,0.7099,1.33187,-0.816197,0,0,0,0,18,20,0,0,0,0,0,traj_sz=100
6.67749,0.7099,1.33187,-0.816197,0.754363,1.26765,-1.05077,0.10583,18,20,0.0772436,0.115993,-0.283138,1.79019,0,6.67749
6.69745,0.712491,1.32938,-0.824064,0,0,0,0,18,20,0,0,0,0,0,traj_sz=100
6.69755,0.712491,1.32938,-0.824064,0.754363,1.26765,-1.05077,0.10583,18,20,0.0737422,0.114524,-0.290486,1.78763,0,6.69755
6.71739,0.714185,1.3276,-0.826927,0,0,0,0,18,20,0,0,0,0,0,traj_sz=100
6.71748,0.714185,1.3276,-0.826927,0.754363,1.26765,-1.05077,0.10583,18,20,0.071317,0.114152,-0.294041,1.78596,0,6.71748
6.73736,0.715103,1.32669,-0.828535,0,0,0,0,18,20,0,0,0,0,0,traj_sz=100
6.73748,0.715103,1.32669,-0.828535,0.754363,1.26765,-1.05077,0.10583,18,20,0.0700457,0.114951,-0.296488,1.78505,0,6.73748
6.75739,0.715973,1.32589,-0.831905,0,0,0,0,18,20,0,0,0,0,0,traj_sz=100
6.75755,0.715973,1.32589,-0.831905,0.754363,1.26765,-1.05077,0.10583,18,20,0.0689063,0.115875,-0.299281,1.78419,0,6.75755
6.77742,0.717702,1.32409,-0.836026,0,0,0,0,18,20,0,0,0,0,0,traj_sz=100
6.77753,0.717702,1.32409,-0.836026,0.754363,1.26765,-1.05077,0.10583,18,20,0.0664568,0.115478,-0.303007,1.78249,0,6.77753
6.79726,0.720205,1.32139,-0.842706,0,0,0,0,18,20,0,0,0,0,0,traj_sz=100
6.79733,0.720205,1.32139,-0.842706,0.754363,1.26765,-1.05077,0.10583,18,20,0.0628468,0.113882,-0.307491,1.78002,0,6.79733
6.81741,0.721929,1.31968,-0.847776,0,0,0,0,18,20,0,0,0,0,0,traj_sz=100
6.81756,0.721929,1.31968,-0.847776,0.754363,1.26765,-1.05077,0.10583,18,20,0.060474,0.113587,-0.311904,1.77833,0,6.81756
6.83749,0.72273,1.31877,-0.849573,0,0,0,0,18,20,0,0,0,0,0,traj_sz=100
6.83766,0.72273,1.31877,-0.849573,0.754363,1.26765,-1.05077,0.10583,18,20,0.0592762,0.114466,-0.312891,1.77754,0,6.83766
6.85749,0.723507,1.31805,-0.854125,0,0,0,0,18,20,0,0,0,0,0,traj_sz=100
6.85767,0.723507,1.31805,-0.854125,0.754363,1.26765,-1.05077,0.10583,19,20,0.0582731,0.115514,-0.289506,1.77678,0,6.85767
6.8774,0.725082,1.31623,-0.857874,0,0,0,0,19,20,0,0,0,0,0,traj_sz=100
6.87748,0.725082,1.31623,-0.857874,0.754363,1.26765,-1.05077,0.10583,19,20,0.0558974,0.115174,-0.293761,1.77524,0,6.87748
6.89745,0.727534,1.31348,-0.86222,0,0,0,0,19,20,0,0,0,0,0,traj_sz=100
6.89754,0.727534,1.31348,-0.86222,0.773656,1.23396,-1.11504,0.104782,19,21,0.0903921,0.113605,-0.301271,1.77284,0,6.89754
6.91729,0.729127,1.31168,-0.867327,0,0,0,0,19,21,0,0,0,0,0,traj_sz=100
6.91744,0.729127,1.31168,-0.867327,0.773656,1.23396,-1.11504,0.104782,19,21,0.0880729,0.113285,-0.305926,1.77129,0,6.91744
6.93739,0.729914,1.31093,-0.872627,0,0,0,0,19,21,0,0,0,0,0,traj_sz=100
6.93746,0.729914,1.31093,-0.872627,0.773656,1.23396,-1.11504,0.104782,19,21,0.0870786,0.114305,-0.30924,1.77052,0,6.93746
6.95743,0.730729,1.30982,-0.872682,0,0,0,0,19,21,0,0,0,0,0,traj_sz=100
6.95755,0.730729,1.30982,-0.872682,0.773656,1.23396,-1.11504,0.104782,19,21,0.085706,0.115016,-0.310178,1.76973,0,6.95755
6.97737,0.732405,1.30791,-0.87731,0,0,0,0,19,21,0,0,0,0,0,traj_sz=100
6.97748,0.732405,1.30791,-0.87731,0.773656,1.23396,-1.11504,0.104782,19,21,0.0832394,0.114565,-0.314989,1.7681,0,6.97748
6.99736,0.734676,1.30519,-0.885958,0,0,0,0,19,21,0,0,0,0,0,traj_sz=100
6.99745,0.734676,1.30519,-0.885958,0.773656,1.23396,-1.11504,0.104782,19,21,0.0798224,0.113104,-0.320197,1.76589,0,6.99745
7.01739,0.736464,1.30323,-0.889754,0,0,0,0,19,21,0,0,0,0,0,traj_sz=100
7.01762,0.736464,1.30323,-0.889754,0.773656,1.23396,-1.11504,0.104782,19,21,0.0772335,0.112573,-0.326057,1.76416,0,7.01762
7.0374,0.737274,1.30229,-0.891978,0,0,0,0,19,21,0,0,0,0,0,traj_sz=100
7.0375,0.737274,1.30229,-0.891978,0.773656,1.23396,-1.11504,0.104782,19,21,0.0760281,0.113407,-0.328244,1.76337,0,7.0375
7.0573,0.737977,1.30145,-0.896206,0,0,0,0,19,21,0,0,0,0,0,traj_sz=100
7.05743,0.737977,1.30145,-0.896206,0.773656,1.23396,-1.11504,0.104782,19,21,0.0749902,0.114378,-0.329778,1.76269,0,7.05743
7.07746,0.739571,1.29944,-0.899198,0,0,0,0,19,21,0,0,0,0,0,traj_sz=100
7.07764,0.739571,1.29944,-0.899198,0.773656,1.23396,-1.11504,0.104782,19,21,0.072465,0.113918,-0.33278,1.76115,0,7.07764
7.09734,0.741959,1.29664,-0.906947,0,0,0,0,19,21,0,0,0,0,0,traj_sz=100
7.09753,0.741959,1.29664,-0.906947,0.773656,1.23396,-1.11504,0.104782,19,21,0.0689007,0.11234,-0.338946,1.75885,0,7.09753
7.11738,0.743528,1.29475,-0.912636,0,0,0,0,19,21,0,0,0,0,0,traj_sz=100
7.11753,0.743528,1.29475,-0.912636,0.773656,1.23396,-1.11504,0.104782,19,21,0.066524,0.111982,-0.342528,1.75734,0,7.11753
7.13748,0.744282,1.29387,-0.916787,0,0,0,0,19,21,0,0,0,0,0,traj_sz=100
7.13763,0.744282,1.29387,-0.916787,0.773656,1.23396,-1.11504,0.104782,19,21,0.0654142,0.112911,-0.344338,1.75661,0,7.13763
7.15736,0.74507,1.29282,-0.917817,0,0,0,0,19,21,0,0,0,0,0,traj_sz=100
7.15757,0.74507,1.29282,-0.917817,0.773656,1.23396,-1.11504,0.104782,19,21,0.0641214,0.113678,-0.345442,1.75586,0,7.15757
7.17736,0.74653,1.291,-0.923143,0,0,0,0,19,21,0,0,0,0,0,traj_sz=100
7.17752,0.74653,1.291,-0.923143,0.773656,1.23396,-1.11504,0.104782,19,21,0.0618573,0.113432,-0.348249,1.75446,0,7.17752
7.19739,0.748868,1.28841,-0.937043,0,0,0,0,19,21,0,0,0,0,0,traj_sz=100
7.19747,0.748868,1.28841,-0.937043,0.773656,1.23396,-1.11504,0.104782,19,21,0.0585574,0.112075,-0.3491,1.75221,0,7.19747
7.21747,0.75049,1.28672,-0.94543,0,0,0,0,19,21,0,0,0,0,0,traj_sz=100
7.2176,0.75049,1.28672,-0.94543,0.773656,1.23396,-1.11504,0.104782,20,21,0.0563341,0.111873,-0.336613,1.75065,0,7.2176
7.23749,0.750821,1.28543,-0.941182,0,0,0,0,20,21,0,0,0,0,0,traj_sz=100
7.23765,0.750821,1.28543,-0.941182,0.773656,1.23396,-1.11504,0.104782,20,21,0.0550497,0.112685,-0.331576,1.75037,0,7.23765
7.2575,0.751991,1.28468,-0.948586,0,0,0,0,20,21,0,0,0,0,0,traj_sz=100
7.25768,0.751991,1.28468,-0.948586,0.773656,1.23396,-1.11504,0.104782,20,21,0.0538412,0.113519,-0.340803,1.74923,0,7.25768
7.2774,0.753359,1.2827,-0.952298,0,0,0,0,20,21,0,0,0,0,0,traj_sz=100
7.27749,0.753359,1.2827,-0.952298,0.790575,1.19944,-1.17588,0.10449,20,22,0.089417,0.113178,-0.343696,1.74794,0,7.27749
7.29742,0.755575,1.28,-0.960576,0,0,0,0,20,22,0,0,0,0,0,traj_sz=100
7.29755,0.755575,1.28,-0.960576,0.790575,1.19944,-1.17588,0.10449,20,22,0.0860803,0.111811,-0.3491,1.74583,0,7.29755
7.31736,0.757137,1.27793,-0.965166,0,0,0,0,20,22,0,0,0,0,0,traj_sz=100
7.31749,0.757137,1.27793,-0.965166,0.790575,1.19944,-1.17588,0.10449,20,22,0.0835625,0.111301,-0.3491,1.74435,0,7.31749
7.33735,0.757963,1.27684,-0.966714,0,0,0,0,20,22,0,0,0,0,0,traj_sz=100
7.33748,0.757963,1.27684,-0.966714,0.790575,1.19944,-1.17588,0.10449,20,22,0.0822267,0.112025,-0.3491,1.74357,0,7.33748
7.35744,0.758786,1.2759,-0.971819,0,0,0,0,20,22,0,0,0,0,0,traj_sz=100
7.35753,0.758786,1.2759,-0.971819,0.790575,1.19944,-1.17588,0.10449,20,22,0.0810691,0.11289,-0.3491,1.74279,0,7.35753
7.37731,0.760304,1.27397,-0.978053,0,0,0,0,20,22,0,0,0,0,0,traj_sz=100
7.37741,0.760304,1.27397,-0.978053,0.790575,1.19944,-1.17588,0.10449,20,22,0.0787297,0.112544,-0.3491,1.74136,0,7.37741
7.39751,0.762479,1.27113,-0.986605,0,0,0,0,20,22,0,0,0,0,0,traj_sz=100
7.39769,0.762479,1.27113,-0.986605,0.790575,1.19944,-1.17588,0.10449,20,22,0.0752955,0.111115,-0.3491,1.73931,0,7.39769
7.41745,0.7639,1.26912,-0.991422,0,0,0,0,20,22,0,0,0,0,0,traj_sz=100
7.41755,0.7639,1.26912,-0.991422,0.790575,1.19944,-1.17588,0.10449,20,22,0.0729135,0.110746,-0.3491,1.73798,0,7.41755
7.43749,0.764686,1.26826,-0.994984,0,0,0,0,20,22,0,0,0,0,0,traj_sz=100
7.43764,0.764686,1.26826,-0.994984,0.790575,1.19944,-1.17588,0.10449,20,22,0.0718228,0.111716,-0.3491,1.73724,0,7.43764
7.45746,0.765066,1.26727,-0.995726,0,0,0,0,20,22,0,0,0,0,0,traj_sz=100
7.45762,0.765066,1.26727,-0.995726,0.790575,1.19944,-1.17588,0.10449,20,22,0.0707943,0.11275,-0.3491,1.73691,0,7.45762
7.4774,0.766606,1.26536,-1.00287,0,0,0,0,20,22,0,0,0,0,0,traj_sz=100
7.47751,0.766606,1.26536,-1.00287,0.790575,1.19944,-1.17588,0.10449,20,22,0.0684681,0.112421,-0.3491,1.73546,0,7.47751
7.49732,0.76878,1.26236,-1.01196,0,0,0,0,20,22,0,0,0,0,0,traj_sz=100
7.49751,0.76878,1.26236,-1.01196,0.790575,1.19944,-1.17588,0.10449,20,22,0.0649079,0.110839,-0.3491,1.73344,0,7.49751
7.51739,0.770337,1.26028,-1.01859,0,0,0,0,20,22,0,0,0,0,0,traj_sz=100
7.51763,0.770337,1.26028,-1.01859,0.790575,1.19944,-1.17588,0.10449,20,22,0.0624113,0.110371,-0.3491,1.73199,0,7.51763
7.53745,0.771034,1.25925,-1.02105,0,0,0,0,20,22,0,0,0,0,0,traj_sz=100
7.53756,0.771034,1.25925,-1.02105,0.790575,1.19944,-1.17588,0.10449,20,22,0.0612115,0.111229,-0.3491,1.73135,0,7.53756
7.55747,0.771795,1.25831,-1.02518,0,0,0,0,20,22,0,0,0,0,0,traj_sz=100
7.55786,0.771795,1.25831,-1.02518,0.790575,1.19944,-1.17588,0.10449,20,22,0.0600677,0.112142,-0.3491,1.73064,0,7.55786
7.5773,0.77333,1.25646,-1.03342,0,0,0,0,20,22,0,0,0,0,0,traj_sz=100
7.57748,0.77333,1.25646,-1.03342,0.790575,1.19944,-1.17588,0.10449,20,22,0.057814,0.11187,-0.3491,1.7292,0,7.57748
7.59736,0.775569,1.25323,-1.04199,0,0,0,0,20,22,0,0,0,0,0,traj_sz=100
7.59743,0.775569,1.25323,-1.04199,0.790575,1.19944,-1.17588,0.10449,21,22,0.0540148,0.110063,-0.3491,1.72714,0,7.59743
7.61754,0.776923,1.25109,-1.04898,0,0,0,0,21,22,0,0,0,0,0,traj_sz=100
7.61769,0.776923,1.25109,-1.04898,0.790575,1.19944,-1.17588,0.10449,21,22,0.0515767,0.109657,-0.3491,1.72591,0,7.61769
7.63749,0.777539,1.25004,-1.05137,0,0,0,0,21,22,0,0,0,0,0,traj_sz=100
7.63762,0.777539,1.25004,-1.05137,0.805324,1.16406,-1.2335,0.104883,21,23,0.0884332,0.110536,-0.3491,1.72536,0,7.63762
7.65747,0.778106,1.24895,-1.05335,0,0,0,0,21,23,0,0,0,0,0,traj_sz=100
7.65769,0.778106,1.24895,-1.05335,0.805324,1.16406,-1.2335,0.104883,21,23,0.0872394,0.111406,-0.3491,1.72486,0,7.65769
7.67744,0.77938,1.24671,-1.05981,0,0,0,0,21,23,0,0,0,0,0,traj_sz=100
7.67753,0.77938,1.24671,-1.05981,0.805324,1.16406,-1.2335,0.104883,21,23,0.0847831,0.110917,-0.3491,1.72372,0,7.67753
7.69746,0.781408,1.2434,-1.06911,0,0,0,0,21,23,0,0,0,0,0,traj_sz=100
7.69765,0.781408,1.2434,-1.06911,0.805324,1.16406,-1.2335,0.104883,21,23,0.0810646,0.109152,-0.3491,1.7219,0,7.69765
7.71741,0.782615,1.2412,-1.07483,0,0,0,0,21,23,0,0,0,0,0,traj_sz=100
7.71758,0.782615,1.2412,-1.07483,0.805324,1.16406,-1.2335,0.104883,21,23,0.0786536,0.10875,-0.3491,1.72083,0,7.71758
7.7374,0.783257,1.24008,-1.07739,0,0,0,0,21,23,0,0,0,0,0,traj_sz=100
7.73751,0.783257,1.24008,-1.07739,0.805324,1.16406,-1.2335,0.104883,21,23,0.0774037,0.109571,-0.3491,1.72026,0,7.73751
7.75749,0.784086,1.23918,-1.08448,0,0,0,0,21,23,0,0,0,0,0,traj_sz=100
7.75759,0.784086,1.23918,-1.08448,0.805324,1.16406,-1.2335,0.104883,21,23,0.0763348,0.110525,-0.3491,1.71949,0,7.75759
7.7775,0.7853,1.23666,-1.08872,0,0,0,0,21,23,0,0,0,0,0,traj_sz=100
7.77769,0.7853,1.23666,-1.08872,0.805324,1.16406,-1.2335,0.104883,21,23,0.073612,0.109858,-0.3491,1.71844,0,7.77769
7.79744,0.786738,1.23364,-1.09533,0,0,0,0,21,23,0,0,0,0,0,traj_sz=100
7.79753,0.786738,1.23364,-1.09533,0.805324,1.16406,-1.2335,0.104883,21,23,0.0703719,0.108617,-0.3491,1.71721,0,7.79753
7.81752,0.788265,1.23149,-1.10182,0,0,0,0,21,23,0,0,0,0,0,traj_sz=100
7.8177,0.788265,1.23149,-1.10182,0.805324,1.16406,-1.2335,0.104883,21,23,0.0678615,0.108158,-0.3491,1.71583,0,7.8177
7.83735,0.788802,1.23034,-1.10374,0,0,0,0,21,23,0,0,0,0,0,traj_sz=100
7.83745,0.788802,1.23034,-1.10374,0.805324,1.16406,-1.2335,0.104883,21,23,0.0666219,0.108982,-0.3491,1.71538,0,7.83745
7.85739,0.789525,1.22925,-1.10694,0,0,0,0,21,23,0,0,0,0,0,traj_sz=100
7.8576,0.789525,1.22925,-1.10694,0.805324,1.16406,-1.2335,0.104883,21,23,0.0653698,0.109821,-0.3491,1.71473,0,7.8576
7.8773,0.790721,1.22743,-1.11689,0,0,0,0,21,23,0,0,0,0,0,traj_sz=100
7.87742,0.790721,1.22743,-1.11689,0.805324,1.16406,-1.2335,0.104883,21,23,0.0633587,0.109772,-0.3491,1.71367,0,7.87742
7.89741,0.792524,1.22432,-1.1226,0,0,0,0,21,23,0,0,0,0,0,traj_sz=100
7.89748,0.792524,1.22432,-1.1226,0.805324,1.16406,-1.2335,0.104883,21,23,0.0598527,0.108318,-0.3491,1.7121,0,7.89748
7.91739,0.793478,1.22249,-1.13077,0,0,0,0,21,23,0,0,0,0,0,traj_sz=100
7.91749,0.793478,1.22249,-1.13077,0.805324,1.16406,-1.2335,0.104883,21,23,0.057908,0.108379,-0.3491,1.71128,0,7.91749
7.9376,0.79376,1.22131,-1.1299,0,0,0,0,21,23,0,0,0,0,0,traj_sz=100
7.93774,0.79376,1.22131,-1.1299,0.805324,1.16406,-1.2335,0.104883,22,23,0.05671,0.109334,-0.3491,1.71109,0,7.93774
7.95734,0.794468,1.22046,-1.13363,0,0,0,0,22,23,0,0,0,0,0,traj_sz=100
7.95754,0.794468,1.22046,-1.13363,0.805324,1.16406,-1.2335,0.104883,22,23,0.0556961,0.110371,-0.3491,1.71044,0,7.95754
7.97735,0.795489,1.21852,-1.14047,0,0,0,0,22,23,0,0,0,0,0,traj_sz=100
7.97758,0.795489,1.21852,-1.14047,0.805324,1.16406,-1.2335,0.104883,22,23,0.053598,0.1103,-0.3491,1.70957,0,7.97758
7.99741,0.796817,1.21553,-1.14551,0,0,0,0,22,23,0,0,0,0,0,traj_sz=100
7.9975,0.796817,1.21553,-1.14551,0.818058,1.12775,-1.28783,0.105915,22,24,0.0887224,0.109144,-0.3491,1.70848,0,7.9975
8.01729,0.797497,1.21348,-1.14932,0,0,0,0,22,24,0,0,0,0,0,traj_sz=100
8.01751,0.797497,1.21348,-1.14932,0.818058,1.12775,-1.28783,0.105915,22,24,0.0866406,0.109112,-0.3491,1.70797,0,8.01751
8.03738,0.798451,1.21275,-1.15811,0,0,0,0,22,24,0,0,0,0,0,traj_sz=100
8.03758,0.798451,1.21275,-1.15811,0.818058,1.12775,-1.28783,0.105915,22,24,0.0857246,0.110189,-0.3491,1.70708,0,8.03758
8.05738,0.798879,1.21171,-1.15908,0,0,0,0,22,24,0,0,0,0,0,traj_sz=100
8.05749,0.798879,1.21171,-1.15908,0.818058,1.12775,-1.28783,0.105915,22,24,0.0846148,0.111173,-0.3491,1.70673,0,8.05749
8.07735,0.799951,1.20938,-1.16577,0,0,0,0,22,24,0,0,0,0,0,traj_sz=100
8.07743,0.799951,1.20938,-1.16577,0.818058,1.12775,-1.28783,0.105915,22,24,0.0821617,0.110736,-0.3491,1.70585,0,8.07743
8.09748,0.801528,1.20619,-1.17449,0,0,0,0,22,24,0,0,0,0,0,traj_sz=100
8.09763,0.801528,1.20619,-1.17449,0.818058,1.12775,-1.28783,0.105915,22,24,0.0787438,0.109358,-0.3491,1.70455,0,8.09763
8.11738,0.80275,1.20398,-1.18229,0,0,0,0,22,24,0,0,0,0,0,traj_sz=100
8.11747,0.80275,1.20398,-1.18229,0.818058,1.12775,-1.28783,0.105915,22,24,0.0763433,0.108978,-0.3491,1.70352,0,8.11747
8.13741,0.802863,1.2027,-1.18251,0,0,0,0,22,24,0,0,0,0,0,traj_sz=100
8.13761,0.802863,1.2027,-1.18251,0.818058,1.12775,-1.28783,0.105915,22,24,0.0751219,0.109916,-0.3491,1.70352,0,8.13761
8.15738,0.803715,1.20183,-1.19025,0,0,0,0,22,24,0,0,0,0,0,traj_sz=100
8.15747,0.803715,1.20183,-1.19025,0.818058,1.12775,-1.28783,0.105915,22,24,0.0741068,0.11093,-0.3491,1.70274,0,8.15747
8.17749,0.804583,1.19948,-1.19505,0,0,0,0,22,24,0,0,0,0,0,traj_sz=100
8.17766,0.804583,1.19948,-1.19505,0.818058,1.12775,-1.28783,0.105915,22,24,0.0716665,0.110592,-0.3491,1.70209,0,8.17766
8.19727,0.805664,1.19632,-1.20175,0,0,0,0,22,24,0,0,0,0,0,traj_sz=100
8.19737,0.805664,1.19632,-1.20175,0.818058,1.12775,-1.28783,0.105915,22,24,0.0684274,0.109384,-0.3491,1.70129,0,8.19737
8.21734,0.806561,1.19428,-1.20702,0,0,0,0,22,24,0,0,0,0,0,traj_sz=100
8.21743,0.806561,1.19428,-1.20702,0.818058,1.12775,-1.28783,0.105915,22,24,0.0662637,0.109309,-0.3491,1.70058,0,8.21743
8.2373,0.807158,1.19307,-1.20928,0,0,0,0,22,24,0,0,0,0,0,traj_sz=100
8.23742,0.807158,1.19307,-1.20928,0.818058,1.12775,-1.28783,0.105915,22,24,0.0649496,0.110111,-0.3491,1.7001,0,8.23742
8.25744,0.807398,1.19193,-1.21146,0,0,0,0,22,24,0,0,0,0,0,traj_sz=100
8.25752,0.807398,1.19193,-1.21146,0.818058,1.12775,-1.28783,0.105915,22,24,0.0638316,0.111129,-0.3491,1.69997,0,8.25752
8.27728,0.808356,1.1897,-1.21732,0,0,0,0,22,24,0,0,0,0,0,traj_sz=100
8.27739,0.808356,1.1897,-1.21732,0.818058,1.12775,-1.28783,0.105915,22,24,0.0614804,0.110838,-0.3491,1.69922,0,8.27739
8.2973,0.809885,1.1863,-1.22852,0,0,0,0,22,24,0,0,0,0,0,traj_sz=100
8.2974,0.809885,1.1863,-1.22852,0.818058,1.12775,-1.28783,0.105915,23,24,0.0578931,0.109263,-0.3491,1.69802,0,8.2974
8.31731,0.810969,1.18417,-1.23727,0,0,0,0,23,24,0,0,0,0,0,traj_sz=100
8.31739,0.810969,1.18417,-1.23727,0.818058,1.12775,-1.28783,0.105915,23,24,0.0556336,0.109042,-0.3491,1.69715,0,8.31739
8.3374,0.811048,1.18296,-1.23614,0,0,0,0,23,24,0,0,0,0,0,traj_sz=100
8.3375,0.811048,1.18296,-1.23614,0.818058,1.12775,-1.28783,0.105915,23,24,0.054446,0.110036,-0.3491,1.69719,0,8.3375
8.35733,0.811735,1.18183,-1.24043,0,0,0,0,23,24,0,0,0,0,0,traj_sz=100
8.35774,0.811735,1.18183,-1.24043,0.818058,1.12775,-1.28783,0.105915,23,24,0.053205,0.110888,-0.3491,1.69662,0,8.35774
8.37729,0.812605,1.17959,-1.24733,0,0,0,0,23,24,0,0,0,0,0,traj_sz=100
8.37739,0.812605,1.17959,-1.24733,0.828907,1.09044,-1.33824,0.107574,23,25,0.0897132,0.110628,-0.3491,1.69598,0,8.37739
8.39732,0.813403,1.17634,-1.25176,0,0,0,0,23,25,0,0,0,0,0,traj_sz=100
8.3974,0.813403,1.17634,-1.25176,0.828907,1.09044,-1.33824,0.107574,23,25,0.0864246,0.10944,-0.3491,1.69551,0,8.3974
8.41727,0.81427,1.17413,-1.25611,0,0,0,0,23,25,0,0,0,0,0,traj_sz=100
8.41737,0.81427,1.17413,-1.25611,0.828907,1.09044,-1.33824,0.107574,23,25,0.0841098,0.109211,-0.3491,1.69488,0,8.41737
8.43738,0.814934,1.17302,-1.26216,0,0,0,0,23,25,0,0,0,0,0,traj_sz=100
8.43754,0.814934,1.17302,-1.26216,0.828907,1.09044,-1.33824,0.107574,23,25,0.0829207,0.110106,-0.3491,1.69433,0,8.43754
8.45744,0.815191,1.17196,-1.26467,0,0,0,0,23,25,0,0,0,0,0,traj_sz=100
8.45768,0.815191,1.17196,-1.26467,0.828907,1.09044,-1.33824,0.107574,23,25,0.0818599,0.111214,-0.3491,1.69419,0,8.45768
8.4774,0.81598,1.16971,-1.27094,0,0,0,0,23,25,0,0,0,0,0,traj_sz=100
8.47749,0.81598,1.16971,-1.27094,0.828907,1.09044,-1.33824,0.107574,23,25,0.0795493,0.111008,-0.3491,1.69364,0,8.47749
8.49741,0.816855,1.16623,-1.27627,0,0,0,0,23,25,0,0,0,0,0,traj_sz=100
8.49749,0.816855,1.16623,-1.27627,0.828907,1.09044,-1.33824,0.107574,23,25,0.0760231,0.109623,-0.3491,1.69315,0,8.49749
8.51745,0.817819,1.16418,-1.28482,0,0,0,0,23,25,0,0,0,0,0,traj_sz=100
8.51761,0.817819,1.16418,-1.28482,0.828907,1.09044,-1.33824,0.107574,23,25,0.0738763,0.109577,-0.3491,1.69241,0,8.51761
8.53741,0.817925,1.16289,-1.28531,0,0,0,0,23,25,0,0,0,0,0,traj_sz=100
8.53751,0.817925,1.16289,-1.28531,0.828907,1.09044,-1.33824,0.107574,23,25,0.0726112,0.110495,-0.3491,1.69245,0,8.53751
8.55733,0.818811,1.1619,-1.29264,0,0,0,0,23,25,0,0,0,0,0,traj_sz=100
8.55752,0.818811,1.1619,-1.29264,0.828907,1.09044,-1.33824,0.107574,23,25,0.0714825,0.11145,-0.3491,1.69168,0,8.55752
8.57727,0.819552,1.15976,-1.2988,0,0,0,0,23,25,0,0,0,0,0,traj_sz=100
8.57741,0.819552,1.15976,-1.2988,0.828907,1.09044,-1.33824,0.107574,23,25,0.0692802,0.11137,-0.3491,1.69118,0,8.57741
8.59747,0.820219,1.15667,-1.30501,0,0,0,0,23,25,0,0,0,0,0,traj_sz=100
8.59758,0.820219,1.15667,-1.30501,0.828907,1.09044,-1.33824,0.107574,23,25,0.0661879,0.110441,-0.3491,1.69087,0,8.59758
8.61731,0.820863,1.15456,-1.3101,0,0,0,0,23,25,0,0,0,0,0,traj_sz=100
8.61743,0.820863,1.15456,-1.3101,0.828907,1.09044,-1.33824,0.107574,23,25,0.0640256,0.110403,-0.3491,1.69047,0,8.61743
8.63751,0.82139,1.15345,-1.31389,0,0,0,0,23,25,0,0,0,0,0,traj_sz=100
8.63762,0.82139,1.15345,-1.31389,0.828907,1.09044,-1.33824,0.107574,23,25,0.0628514,0.111394,-0.3491,1.69008,0,8.63762
8.65744,0.821443,1.15227,-1.31464,0,0,0,0,23,25,0,0,0,0,0,traj_sz=100
8.65756,0.821443,1.15227,-1.31464,0.828907,1.09044,-1.33824,0.107574,23,25,0.0617009,0.112429,-0.3491,1.69016,0,8.65756
8.67739,0.822171,1.14993,-1.32118,0,0,0,0,23,25,0,0,0,0,0,traj_sz=100
8.67757,0.822171,1.14993,-1.32118,0.828907,1.09044,-1.33824,0.107574,23,25,0.0593087,0.112166,-0.3491,1.68972,0,8.67757
8.69738,0.823276,1.14629,-1.33139,0,0,0,0,23,25,0,0,0,0,0,traj_sz=100
8.69757,0.823276,1.14629,-1.33139,0.828907,1.09044,-1.33824,0.107574,24,25,0.0555884,0.110544,-0.343945,1.68905,0,8.69757
8.71742,0.824104,1.14384,-1.34112,0,0,0,0,24,25,0,0,0,0,0,traj_sz=100
8.71751,0.824104,1.14384,-1.34112,0.828907,1.09044,-1.33824,0.107574,24,25,0.0530952,0.110147,-0.345166,1.68853,0,8.71751
8.73746,0.824125,1.14266,-1.34141,0,0,0,0,24,25,0,0,0,0,0,traj_sz=100
8.73768,0.824125,1.14266,-1.34141,0.838002,1.05204,-1.38313,0.109838,24,26,0.0914033,0.11121,-0.34049,1.68865,0,8.73768
8.75739,0.824597,1.14149,-1.34564,0,0,0,0,24,26,0,0,0,0,0,traj_sz=100
8.75749,0.824597,1.14149,-1.34564,0.838002,1.05204,-1.38313,0.109838,24,26,0.0901817,0.112112,-0.342159,1.68833,0,8.75749
8.77737,0.82547,1.13902,-1.35268,0,0,0,0,24,26,0,0,0,0,0,traj_sz=100
8.77749,0.82547,1.13902,-1.35268,0.838002,1.05204,-1.38313,0.109838,24,26,0.0876299,0.11168,-0.34405,1.68777,0,8.77749
8.79739,0.826194,1.13533,-1.35967,0,0,0,0,24,26,0,0,0,0,0,traj_sz=100
8.79748,0.826194,1.13533,-1.35967,0.838002,1.05204,-1.38313,0.109838,24,26,0.083919,0.11012,-0.338698,1.68752,0,8.79748
8.81739,0.826917,1.13289,-1.36515,0,0,0,0,24,26,0,0,0,0,0,traj_sz=100
8.81749,0.826917,1.13289,-1.36515,0.838002,1.05204,-1.38313,0.109838,24,26,0.081414,0.109792,-0.338608,1.68711,0,8.81749
8.83748,0.827447,1.13177,-1.37118,0,0,0,0,24,26,0,0,0,0,0,traj_sz=100
8.83764,0.827447,1.13177,-1.37118,0.838002,1.05204,-1.38313,0.109838,24,26,0.0802364,0.110813,-0.341226,1.68673,0,8.83764
8.85738,0.827478,1.1305,-1.37161,0,0,0,0,24,26,0,0,0,0,0,traj_sz=100
8.8576,0.827478,1.1305,-1.37161,0.838002,1.05204,-1.38313,0.109838,24,26,0.0789939,0.11182,-0.336351,1.68686,0,8.8576
8.87748,0.828252,1.12809,-1.37739,0,0,0,0,24,26,0,0,0,0,0,traj_sz=100
8.87773,0.828252,1.12809,-1.37739,0.838002,1.05204,-1.38313,0.109838,24,26,0.0765064,0.111534,-0.33712,1.68641,0,8.87773
8.89729,0.829336,1.12461,-1.38716,0,0,0,0,24,26,0,0,0,0,0,traj_sz=100
8.89752,0.829336,1.12461,-1.38716,0.838002,1.05204,-1.38313,0.109838,24,26,0.0729293,0.110103,-0.337644,1.6858,0,8.89752
8.91742,0.829841,1.12223,-1.39392,0,0,0,0,24,26,0,0,0,0,0,traj_sz=100
8.91753,0.829841,1.12223,-1.39392,0.838002,1.05204,-1.38313,0.109838,24,26,0.0705347,0.109919,-0.33464,1.68562,0,8.91753
8.93739,0.830025,1.12096,-1.39545,0,0,0,0,24,26,0,0,0,0,0,traj_sz=100
8.93751,0.830025,1.12096,-1.39545,0.838002,1.05204,-1.38313,0.109838,24,26,0.069255,0.110876,-0.331893,1.68561,0,8.93751
8.95738,0.830478,1.11979,-1.40192,0,0,0,0,24,26,0,0,0,0,0,traj_sz=100
8.95755,0.830478,1.11979,-1.40192,0.838002,1.05204,-1.38313,0.109838,24,26,0.0680486,0.111863,-0.333177,1.68532,0,8.95755
8.97734,0.831146,1.11739,-1.40731,0,0,0,0,24,26,0,0,0,0,0,traj_sz=100
8.97747,0.831146,1.11739,-1.40731,0.838002,1.05204,-1.38313,0.109838,24,26,0.0655972,0.111603,-0.332495,1.68499,0,8.97747
8.99751,0.831656,1.11385,-1.41423,0,0,0,0,24,26,0,0,0,0,0,traj_sz=100
8.99765,0.831656,1.11385,-1.41423,0.838002,1.05204,-1.38313,0.109838,24,26,0.0620445,0.110303,-0.324667,1.68497,0,8.99765
9.01735,0.832303,1.11156,-1.42018,0,0,0,0,24,26,0,0,0,0,0,traj_sz=100
9.01744,0.832303,1.11156,-1.42018,0.838002,1.05204,-1.38313,0.109838,25,26,0.0597047,0.110136,-0.292597,1.68466,0,9.01744
9.03742,0.832295,1.1103,-1.42211,0,0,0,0,25,26,0,0,0,0,0,traj_sz=100
9.03753,0.832295,1.1103,-1.42211,0.838002,1.05204,-1.38313,0.109838,25,26,0.0584657,0.11116,-0.288028,1.68484,0,9.03753
9.05732,0.832392,1.1091,-1.42515,0,0,0,0,25,26,0,0,0,0,0,traj_sz=100
9.05738,0.832392,1.1091,-1.42515,0.838002,1.05204,-1.38313,0.109838,25,26,0.0572684,0.112183,-0.285125,1.68492,0,9.05738
9.07727,0.832861,1.10676,-1.4296,0,0,0,0,25,26,0,0,0,0,0,traj_sz=100
9.07736,0.832861,1.10676,-1.4296,0.838002,1.05204,-1.38313,0.109838,25,26,0.0549005,0.112029,-0.283682,1.68479,0,9.07736
9.0973,0.833485,1.10313,-1.43701,0,0,0,0,25,26,0,0,0,0,0,traj_sz=100
9.0976,0.833485,1.10313,-1.43701,0.84552,1.01245,-1.4216,0.1126,25,27,0.0914726,0.110601,-0.279855,1.6847,0,9.0976
9.11731,0.833917,1.10094,-1.44099,0,0,0,0,25,27,0,0,0,0,0,traj_sz=100
9.1174,0.833917,1.10094,-1.44099,0.84552,1.01245,-1.4216,0.1126,25,27,0.0892513,0.110591,-0.278415,1.68459,0,9.1174
9.13728,0.833857,1.09986,-1.44386,0,0,0,0,25,27,0,0,0,0,0,traj_sz=100
9.13738,0.833857,1.09986,-1.44386,0.84552,1.01245,-1.4216,0.1126,25,27,0.0881876,0.11178,-0.273651,1.68482,0,9.13738
9.15735,0.83387,1.09849,-1.44406,0,0,0,0,25,27,0,0,0,0,0,traj_sz=100
9.15751,0.83387,1.09849,-1.44406,0.84552,1.01245,-1.4216,0.1126,25,27,0.0868216,0.112679,-0.269088,1.68501,0,9.15751
9.17729,0.834321,1.09596,-1.45159,0,0,0,0,25,27,0,0,0,0,0,traj_sz=100
9.17735,0.834321,1.09596,-1.45159,0.84552,1.01245,-1.4216,0.1126,25,27,0.0842465,0.112338,-0.266539,1.68494,0,9.17735
9.19748,0.83482,1.09212,-1.46096,0,0,0,0,25,27,0,0,0,0,0,traj_sz=100
9.19759,0.83482,1.09212,-1.46096,0.84552,1.01245,-1.4216,0.1126,25,27,0.0803616,0.110805,-0.260077,1.68503,0,9.19759
9.21735,0.835014,1.08931,-1.46473,0,0,0,0,25,27,0,0,0,0,0,traj_sz=100
9.21748,0.835014,1.08931,-1.46473,0.84552,1.01245,-1.4216,0.1126,25,27,0.0775434,0.110304,-0.25303,1.68527,0,9.21748
9.23732,0.835454,1.08802,-1.46881,0,0,0,0,25,27,0,0,0,0,0,traj_sz=100
9.23739,0.835454,1.08802,-1.46881,0.84552,1.01245,-1.4216,0.1126,25,27,0.0761993,0.111222,-0.254772,1.68504,0,9.23739
9.25734,0.835463,1.08659,-1.46893,0,0,0,0,25,27,0,0,0,0,0,traj_sz=100
9.25751,0.835463,1.08659,-1.46893,0.84552,1.01245,-1.4216,0.1126,25,27,0.0747768,0.112126,-0.249947,1.68525,0,9.25751
9.27737,0.836047,1.08408,-1.47596,0,0,0,0,25,27,0,0,0,0,0,traj_sz=100
9.27746,0.836047,1.08408,-1.47596,0.84552,1.01245,-1.4216,0.1126,25,27,0.0722099,0.11184,-0.249474,1.68507,0,9.27746
9.29737,0.836364,1.08022,-1.48402,0,0,0,0,25,27,0,0,0,0,0,traj_sz=100
9.29746,0.836364,1.08022,-1.48402,0.84552,1.01245,-1.4216,0.1126,25,27,0.0683131,0.11029,-0.240349,1.68537,0,9.29746
9.31744,0.836904,1.07744,-1.48914,0,0,0,0,25,27,0,0,0,0,0,traj_sz=100
9.3177,0.836904,1.07744,-1.48914,0.84552,1.01245,-1.4216,0.1126,25,27,0.0654793,0.109763,-0.238359,1.68528,0,9.3177
9.3374,0.836908,1.07612,-1.49138,0,0,0,0,25,27,0,0,0,0,0,traj_sz=100
9.3375,0.836908,1.07612,-1.49138,0.84552,1.01245,-1.4216,0.1126,25,27,0.0641523,0.110738,-0.233732,1.68549,0,9.3375
9.35741,0.837006,1.0747,-1.49457,0,0,0,0,25,27,0,0,0,0,0,traj_sz=100
9.35752,0.837006,1.0747,-1.49457,0.84552,1.01245,-1.4216,0.1126,25,27,0.0627221,0.111621,-0.230109,1.68563,0,9.35752
9.37751,0.837538,1.07204,-1.49944,0,0,0,0,25,27,0,0,0,0,0,traj_sz=100
9.37768,0.837538,1.07204,-1.49944,0.84552,1.01245,-1.4216,0.1126,26,27,0.0600053,0.111204,-0.193235,1.68554,0,9.37768
9.39736,0.837915,1.06837,-1.50931,0,0,0,0,26,27,0,0,0,0,0,traj_sz=100
9.3975,0.837915,1.06837,-1.50931,0.84552,1.01245,-1.4216,0.1126,26,27,0.0562842,0.109802,-0.188038,1.68578,0,9.3975
9.41732,0.838078,1.06614,-1.51631,0,0,0,0,26,27,0,0,0,0,0,traj_sz=100
9.41743,0.838078,1.06614,-1.51631,0.85166,0.971596,-1.45304,0.115632,26,28,0.0951447,0.109859,-0.183843,1.68599,0,9.41743
9.4374,0.838267,1.06491,-1.51792,0,0,0,0,26,28,0,0,0,0,0,traj_sz=100
9.43749,0.838267,1.06491,-1.51792,0.85166,0.971596,-1.45304,0.115632,26,28,0.0938911,0.110904,-0.183109,1.68601,0,9.43749
9.45745,0.838284,1.06363,-1.51816,0,0,0,0,26,28,0,0,0,0,0,traj_sz=100
9.45771,0.838284,1.06363,-1.51816,0.85166,0.971596,-1.45304,0.115632,26,28,0.0926148,0.111948,-0.179777,1.68621,0,9.45771
9.47738,0.838795,1.06147,-1.52471,0,0,0,0,26,28,0,0,0,0,0,traj_sz=100
9.47762,0.838795,1.06147,-1.52471,0.85166,0.971596,-1.45304,0.115632,26,28,0.0903741,0.112003,-0.180932,1.68608,0,9.47762
9.49746,0.838934,1.05856,-1.52871,0,0,0,0,26,28,0,0,0,0,0,traj_sz=100
9.49757,0.838934,1.05856,-1.52871,0.85166,0.971596,-1.45304,0.115632,26,28,0.0874239,0.111396,-0.174633,1.68644,0,9.49757
9.51746,0.839397,1.05631,-1.53643,0,0,0,0,26,28,0,0,0,0,0,traj_sz=100
9.51757,0.839397,1.05631,-1.53643,0.85166,0.971596,-1.45304,0.115632,26,28,0.0850819,0.111373,-0.174762,1.68637,0,9.51757
9.53749,0.839437,1.05516,-1.53702,0,0,0,0,26,28,0,0,0,0,0,traj_sz=100
9.53765,0.839437,1.05516,-1.53702,0.85166,0.971596,-1.45304,0.115632,26,28,0.0839309,0.112527,-0.17212,1.68653,0,9.53765
9.55728,0.839495,1.054,-1.54052,0,0,0,0,26,28,0,0,0,0,0,traj_sz=100
9.5574,0.839495,1.054,-1.54052,0.85166,0.971596,-1.45304,0.115632,26,28,0.0827347,0.113694,-0.169539,1.68668,0,9.5574
9.5773,0.839484,1.05168,-1.54308,0,0,0,0,26,28,0,0,0,0,0,traj_sz=100
9.57737,0.839484,1.05168,-1.54308,0.85166,0.971596,-1.45304,0.115632,26,28,0.0803887,0.113762,-0.162753,1.6871,0,9.57737
9.59737,0.840046,1.04791,-1.55003,0,0,0,0,26,28,0,0,0,0,0,traj_sz=100
9.59744,0.840046,1.04791,-1.55003,0.85166,0.971596,-1.45304,0.115632,26,28,0.0765353,0.11231,-0.160137,1.68722,0,9.59744
9.61731,0.840088,1.04552,-1.5555,0,0,0,0,26,28,0,0,0,0,0,traj_sz=100
9.61744,0.840088,1.04552,-1.5555,0.85166,0.971596,-1.45304,0.115632,26,28,0.0740899,0.112299,-0.153802,1.68761,0,9.61744
9.63735,0.840086,1.04434,-1.55548,0,0,0,0,26,28,0,0,0,0,0,traj_sz=100
9.63756,0.840086,1.04434,-1.55548,0.85166,0.971596,-1.45304,0.115632,26,28,0.072917,0.113506,-0.150489,1.68782,0,9.63756
9.65731,0.840104,1.04313,-1.55573,0,0,0,0,26,28,0,0,0,0,0,traj_sz=100
9.65743,0.840104,1.04313,-1.55573,0.85166,0.971596,-1.45304,0.115632,26,28,0.0717027,0.114645,-0.147352,1.68802,0,9.65743
9.67731,0.840202,1.04078,-1.56116,0,0,0,0,26,28,0,0,0,0,0,traj_sz=100
9.6774,0.840202,1.04078,-1.56116,0.85166,0.971596,-1.45304,0.115632,26,28,0.0692923,0.114657,-0.141938,1.68836,0,9.6774
9.69726,0.840313,1.03699,-1.56253,0,0,0,0,26,28,0,0,0,0,0,traj_sz=100
9.69735,0.840313,1.03699,-1.56253,0.85166,0.971596,-1.45304,0.115632,26,28,0.06549,0.113247,-0.132904,1.68894,0,9.69735
9.71726,0.840862,1.03458,-1.5718,0,0,0,0,26,28,0,0,0,0,0,traj_sz=100
9.71738,0.840862,1.03458,-1.5718,0.85166,0.971596,-1.45304,0.115632,26,28,0.0629772,0.113128,-0.133794,1.68885,0,9.71738
9.7373,0.84081,1.03322,-1.57225,0,0,0,0,26,28,0,0,0,0,0,traj_sz=100
9.73757,0.84081,1.03322,-1.57225,0.85166,0.971596,-1.45304,0.115632,26,28,0.0616063,0.11415,-0.12918,1.68916,0,9.73757
9.75743,0.840886,1.03196,-1.57483,0,0,0,0,26,28,0,0,0,0,0,traj_sz=100
9.75753,0.840886,1.03196,-1.57483,0.85166,0.971596,-1.45304,0.115632,27,28,0.060319,0.115244,-0.0902727,1.68932,0,9.75753
9.77744,0.84088,1.02949,-1.57672,0,0,0,0,27,28,0,0,0,0,0,traj_sz=100
9.77759,0.84088,1.02949,-1.57672,0.85166,0.971596,-1.45304,0.115632,27,28,0.0578254,0.115157,-0.0845771,1.6898,0,9.77759
9.7974,0.84095,1.02585,-1.58259,0,0,0,0,27,28,0,0,0,0,0,traj_sz=100
9.79755,0.84095,1.02585,-1.58259,0.856644,0.929468,-1.47687,0.11859,27,29,0.0961864,0.11389,-0.0772058,1.69042,0,9.79755
9.8173,0.84103,1.02337,-1.5852,0,0,0,0,27,29,0,0,0,0,0,traj_sz=100
9.81747,0.84103,1.02337,-1.5852,0.856644,0.929468,-1.47687,0.11859,27,29,0.0936683,0.113763,-0.0727488,1.69082,0,9.81747
9.83736,0.841079,1.02213,-1.58794,0,0,0,0,27,29,0,0,0,0,0,traj_sz=100
9.83745,0.841079,1.02213,-1.58794,0.856644,0.929468,-1.47687,0.11859,27,29,0.0923786,0.11487,-0.070558,1.69101,0,9.83745
9.85736,0.84112,1.02083,-1.5901,0,0,0,0,27,29,0,0,0,0,0,traj_sz=100
9.8577,0.84112,1.02083,-1.5901,0.856644,0.929468,-1.47687,0.11859,27,29,0.0910422,0.115922,-0.0681642,1.69122,0,9.8577
9.87731,0.840938,1.01835,-1.58955,0,0,0,0,27,29,0,0,0,0,0,traj_sz=100
9.8774,0.840938,1.01835,-1.58955,0.856644,0.929468,-1.47687,0.11859,27,29,0.0885723,0.115833,-0.0599704,1.69189,0,9.8774
9.89735,0.841374,1.01465,-1.59727,0,0,0,0,27,29,0,0,0,0,0,traj_sz=100
9.8975,0.841374,1.01465,-1.59727,0.856644,0.929468,-1.47687,0.11859,27,29,0.0847456,0.114456,-0.0577918,1.69219,0,9.8975
9.91732,0.841494,1.01205,-1.6006,0,0,0,0,27,29,0,0,0,0,0,traj_sz=100
9.91743,0.841494,1.01205,-1.6006,0.856644,0.929468,-1.47687,0.11859,27,29,0.0820914,0.114241,-0.0536196,1.69259,0,9.91743
9.93745,0.841434,1.0108,-1.60085,0,0,0,0,27,29,0,0,0,0,0,traj_sz=100
9.93755,0.841434,1.0108,-1.60085,0.856644,0.929468,-1.47687,0.11859,27,29,0.08084,0.115443,-0.0499386,1.6929,0,9.93755
9.95743,0.841394,1.00952,-1.60247,0,0,0,0,27,29,0,0,0,0,0,traj_sz=100
9.95763,0.841394,1.00952,-1.60247,0.856644,0.929468,-1.47687,0.11859,27,29,0.0795292,0.116595,-0.0463999,1.69319,0,9.95763
9.97741,0.841348,1.00701,-1.60471,0,0,0,0,27,29,0,0,0,0,0,traj_sz=100
9.97754,0.841348,1.00701,-1.60471,0.856644,0.929468,-1.47687,0.11859,27,29,0.0769768,0.116518,-0.0400003,1.69374,0,9.97754
9.99739,0.841306,1.00332,-1.60751,0,0,0,0,27,29,0,0,0,0,0,traj_sz=100
9.9975,0.841306,1.00332,-1.60751,0.856644,0.929468,-1.47687,0.11859,27,29,0.0732402,0.115277,-0.0310166,1.69454,0,9.9975
10.0173,0.841289,1.00085,-1.60728,0,0,0,0,27,29,0,0,0,0,0,traj_sz=100
10.0175,0.841289,1.00085,-1.60728,0.856644,0.929468,-1.47687,0.11859,27,29,0.0707715,0.115237,-0.0252713,1.69506,0,10.0175
10.0374,0.841419,0.999555,-1.61114,0,0,0,0,27,29,0,0,0,0,0,traj_sz=100
10.0375,0.841419,0.999555,-1.61114,0.856644,0.929468,-1.47687,0.11859,27,29,0.0694163,0.116345,-0.0241141,1.6952,0,10.0375
10.0573,0.841227,0.998341,-1.60964,0,0,0,0,27,29,0,0,0,0,0,traj_sz=100
10.0576,0.841227,0.998341,-1.60964,0.856644,0.929468,-1.47687,0.11859,27,29,0.0682229,0.117584,-0.0186417,1.69564,0,10.0576
10.0774,0.840755,0.995835,-1.6084,0,0,0,0,27,29,0,0,0,0,0,traj_sz=100
10.0775,0.840755,0.995835,-1.6084,0.856644,0.929468,-1.47687,0.11859,27,29,0.0657224,0.117563,-0.00611475,1.69662,0,10.0775
10.0973,0.840837,0.992202,-1.61114,0,0,0,0,27,29,0,0,0,0,0,traj_sz=100
10.0974,0.840837,0.992202,-1.61114,0.856644,0.929468,-1.47687,0.11859,27,29,0.0620451,0.116349,0.000908464,1.6973,0,10.0974
10.1174,0.840835,0.989706,-1.61111,0,0,0,0,27,29,0,0,0,0,0,traj_sz=100
10.1176,0.840835,0.989706,-1.61111,0.856644,0.929468,-1.47687,0.11859,28,29,0.059552,0.116296,0.0421415,1.69783,0,10.1176
10.1373,0.84084,0.988533,-1.61119,0,0,0,0,28,29,0,0,0,0,0,traj_sz=100
10.1375,0.84084,0.988533,-1.61119,0.856644,0.929468,-1.47687,0.11859,28,29,0.0583784,0.117523,0.0441359,1.69808,0,10.1375
10.1573,0.840778,0.987325,-1.61123,0,0,0,0,28,29,0,0,0,0,0,traj_sz=100
10.1574,0.840778,0.987325,-1.61123,0.856644,0.929468,-1.47687,0.11859,28,29,0.0571685,0.118731,0.0471924,1.6984,0,10.1574
10.1775,0.840588,0.984892,-1.61198,0,0,0,0,28,29,0,0,0,0,0,traj_sz=100
10.1776,0.840588,0.984892,-1.61198,0.860725,0.886153,-1.49249,0.121082,28,30,0.097826,0.118761,0.0543458,1.6991,0,10.1776
10.1973,0.840664,0.981126,-1.61458,0,0,0,0,28,30,0,0,0,0,0,traj_sz=100
10.1974,0.840664,0.981126,-1.61458,0.860725,0.886153,-1.49249,0.121082,28,30,0.0940037,0.117399,0.059977,1.69984,0,10.1974
10.2173,0.840668,0.978777,-1.61467,0,0,0,0,28,30,0,0,0,0,0,traj_sz=100
10.2175,0.840668,0.978777,-1.61467,0.860725,0.886153,-1.49249,0.121082,28,30,0.0916551,0.117472,0.0640563,1.70035,0,10.2175
10.2374,0.840673,0.977624,-1.61475,0,0,0,0,28,30,0,0,0,0,0,traj_sz=100
10.2374,0.840673,0.977624,-1.61475,0.860725,0.886153,-1.49249,0.121082,28,30,0.0905012,0.118724,0.0660243,1.7006,0,10.2374
10.2573,0.840692,0.976414,-1.615,0,0,0,0,28,30,0,0,0,0,0,traj_sz=100
10.2573,0.840692,0.976414,-1.615,0.860725,0.886153,-1.49249,0.121082,28,30,0.0892872,0.119908,0.0678901,1.70084,0,10.2573
10.2773,0.840676,0.974037,-1.61479,0,0,0,0,28,30,0,0,0,0,0,traj_sz=100
10.2774,0.840676,0.974037,-1.61479,0.860725,0.886153,-1.49249,0.121082,28,30,0.0869171,0.119967,0.0722964,1.70138,0,10.2774
10.2974,0.840795,0.970439,-1.61514,0,0,0,0,28,30,0,0,0,0,0,traj_sz=100
10.2975,0.840795,0.970439,-1.61514,0.860725,0.886153,-1.49249,0.121082,28,30,0.0833194,0.118854,0.0768926,1.70207,0,10.2975
10.3174,0.840719,0.967994,-1.61593,0,0,0,0,28,30,0,0,0,0,0,traj_sz=100
10.3175,0.840719,0.967994,-1.61593,0.860725,0.886153,-1.49249,0.121082,28,30,0.0808555,0.118891,0.0823661,1.70269,0,10.3175
10.3374,0.840719,0.96683,-1.61593,0,0,0,0,28,30,0,0,0,0,0,traj_sz=100
10.3375,0.840719,0.96683,-1.61593,0.860725,0.886153,-1.49249,0.121082,28,30,0.0796921,0.120202,0.0844219,1.70295,0,10.3375
10.3575,0.840731,0.965656,-1.61611,0,0,0,0,28,30,0,0,0,0,0,traj_sz=100
10.3576,0.840731,0.965656,-1.61611,0.860725,0.886153,-1.49249,0.121082,28,30,0.0785161,0.1215,0.0863153,1.7032,0,10.3576
10.3773,0.840727,0.963275,-1.61604,0,0,0,0,28,30,0,0,0,0,0,traj_sz=100
10.3775,0.840727,0.963275,-1.61604,0.860725,0.886153,-1.49249,0.121082,28,30,0.0761384,0.121578,0.0905635,1.70374,0,10.3775
10.3974,0.840713,0.959716,-1.61584,0,0,0,0,28,30,0,0,0,0,0,traj_sz=100
10.3975,0.840713,0.959716,-1.61584,0.860725,0.886153,-1.49249,0.121082,28,30,0.0725875,0.120508,0.0970454,1.70457,0,10.3975
10.4175,0.840703,0.957349,-1.61569,0,0,0,0,28,30,0,0,0,0,0,traj_sz=100
10.4176,0.840703,0.957349,-1.61569,0.860725,0.886153,-1.49249,0.121082,28,30,0.0702255,0.120618,0.101349,1.70512,0,10.4176
10.4374,0.840704,0.95602,-1.61568,0,0,0,0,28,30,0,0,0,0,0,traj_sz=100
10.4376,0.840704,0.95602,-1.61568,0.860725,0.886153,-1.49249,0.121082,28,30,0.0688979,0.121746,0.103678,1.70543,0,10.4376
10.4574,0.840693,0.954716,-1.61557,0,0,0,0,28,30,0,0,0,0,0,traj_sz=100
10.4576,0.840693,0.954716,-1.61557,0.860725,0.886153,-1.49249,0.121082,28,30,0.0675982,0.122903,0.10613,1.70574,0,10.4576
10.4774,0.840676,0.952154,-1.61528,0,0,0,0,28,30,0,0,0,0,0,traj_sz=100
10.4775,0.840676,0.952154,-1.61528,0.860725,0.886153,-1.49249,0.121082,28,30,0.0650438,0.122817,0.11089,1.70635,0,10.4775
10.4974,0.840298,0.948015,-1.61195,0,0,0,0,28,30,0,0,0,0,0,traj_sz=100
10.4975,0.840298,0.948015,-1.61195,0.860725,0.886153,-1.49249,0.121082,29,30,0.0609687,0.121193,0.15852,1.70769,0,10.4975
10.5174,0.840313,0.945169,-1.61015,0,0,0,0,29,30,0,0,0,0,0,traj_sz=100
10.5175,0.840313,0.945169,-1.61015,0.860725,0.886153,-1.49249,0.121082,29,30,0.0581671,0.120815,0.162218,1.70835,0,10.5175
10.5374,0.840335,0.943632,-1.61048,0,0,0,0,29,30,0,0,0,0,0,traj_sz=100
10.5377,0.840335,0.943632,-1.61048,0.860725,0.886153,-1.49249,0.121082,29,30,0.0566245,0.121756,0.164063,1.70869,0,10.5377
10.5574,0.840311,0.9422,-1.61014,0,0,0,0,29,30,0,0,0,0,0,traj_sz=100
10.5575,0.840311,0.9422,-1.61014,0.860725,0.886153,-1.49249,0.121082,29,30,0.0552006,0.122769,0.166424,1.70906,0,10.5575
10.5774,0.840221,0.939333,-1.60709,0,0,0,0,29,30,0,0,0,0,0,traj_sz=100
10.5775,0.840221,0.939333,-1.60709,0.864199,0.841868,-1.49933,0.12281,29,31,0.0965309,0.122381,0.171648,1.70983,0,10.5775
10.5974,0.840221,0.93506,-1.60509,0,0,0,0,29,31,0,0,0,0,0,traj_sz=100
10.5976,0.840221,0.93506,-1.60509,0.864199,0.841868,-1.49933,0.12281,29,31,0.0923154,0.120597,0.177555,1.71086,0,10.5976
10.6173,0.840168,0.932579,-1.60149,0,0,0,0,29,31,0,0,0,0,0,traj_sz=100
10.6175,0.840168,0.932579,-1.60149,0.864199,0.841868,-1.49933,0.12281,29,31,0.0899304,0.120562,0.181657,1.71151,0,10.6175
10.6374,0.840164,0.931235,-1.59932,0,0,0,0,29,31,0,0,0,0,0,traj_sz=100
10.6375,0.840164,0.931235,-1.59932,0.864199,0.841868,-1.49933,0.12281,29,31,0.0886456,0.121684,0.183503,1.71185,0,10.6375
10.6574,0.840153,0.929913,-1.59917,0,0,0,0,29,31,0,0,0,0,0,traj_sz=100
10.6575,0.840153,0.929913,-1.59917,0.864199,0.841868,-1.49933,0.12281,29,31,0.0873268,0.122859,0.18551,1.71218,0,10.6575
10.6774,0.840067,0.926999,-1.59366,0,0,0,0,29,31,0,0,0,0,0,traj_sz=100
10.6775,0.840067,0.926999,-1.59366,0.864199,0.841868,-1.49933,0.12281,29,31,0.0845572,0.122455,0.190621,1.71298,0,10.6775
10.6974,0.840254,0.922758,-1.59013,0,0,0,0,29,31,0,0,0,0,0,traj_sz=100
10.6975,0.840254,0.922758,-1.59013,0.864199,0.841868,-1.49933,0.12281,29,31,0.080412,0.120715,0.193615,1.71385,0,10.6975
10.7174,0.840142,0.920002,-1.58702,0,0,0,0,29,31,0,0,0,0,0,traj_sz=100
10.7175,0.840142,0.920002,-1.58702,0.864199,0.841868,-1.49933,0.12281,29,31,0.0777334,0.120474,0.19902,1.71465,0,10.7175
10.7374,0.840214,0.918578,-1.5846,0,0,0,0,29,31,0,0,0,0,0,traj_sz=100
10.7375,0.840214,0.918578,-1.5846,0.864199,0.841868,-1.49933,0.12281,29,31,0.0763716,0.121539,0.199824,1.71494,0,10.7375
10.7573,0.840129,0.91716,-1.58178,0,0,0,0,29,31,0,0,0,0,0,traj_sz=100
10.7574,0.840129,0.91716,-1.58178,0.864199,0.841868,-1.49933,0.12281,29,31,0.0750233,0.122618,0.202949,1.71538,0,10.7574
10.7774,0.8401,0.914388,-1.58136,0,0,0,0,29,31,0,0,0,0,0,traj_sz=100
10.7775,0.8401,0.914388,-1.58136,0.864199,0.841868,-1.49933,0.12281,29,31,0.0722615,0.122357,0.207259,1.71611,0,10.7775
10.7974,0.840209,0.910305,-1.57608,0,0,0,0,29,31,0,0,0,0,0,traj_sz=100
10.7975,0.840209,0.910305,-1.57608,0.864199,0.841868,-1.49933,0.12281,29,31,0.0683097,0.12078,0.211108,1.71704,0,10.7975
10.8174,0.840089,0.907645,-1.56947,0,0,0,0,29,31,0,0,0,0,0,traj_sz=100
10.8175,0.840089,0.907645,-1.56947,0.864199,0.841868,-1.49933,0.12281,29,31,0.0658086,0.120626,0.216315,1.71784,0,10.8175
10.8375,0.840085,0.906275,-1.56942,0,0,0,0,29,31,0,0,0,0,0,traj_sz=100
10.8377,0.840085,0.906275,-1.56942,0.864199,0.841868,-1.49933,0.12281,29,31,0.0644402,0.121776,0.218292,1.7182,0,10.8377
10.8574,0.840205,0.904881,-1.56521,0,0,0,0,29,31,0,0,0,0,0,traj_sz=100
10.8577,0.840205,0.904881,-1.56521,0.864199,0.841868,-1.49933,0.12281,30,31,0.0631459,0.122865,0.251628,1.71844,0,10.8577
10.8775,0.840177,0.902367,-1.56242,0,0,0,0,30,31,0,0,0,0,0,traj_sz=100
10.8776,0.840177,0.902367,-1.56242,0.864199,0.841868,-1.49933,0.12281,30,31,0.0606984,0.122841,0.25485,1.71912,0,10.8776
10.8974,0.840306,0.89849,-1.55505,0,0,0,0,30,31,0,0,0,0,0,traj_sz=100
10.8975,0.840306,0.89849,-1.55505,0.864199,0.841868,-1.49933,0.12281,30,31,0.0569909,0.121446,0.257101,1.72001,0,10.8975
10.9173,0.840615,0.895955,-1.55472,0,0,0,0,30,31,0,0,0,0,0,traj_sz=100
10.9176,0.840615,0.895955,-1.55472,0.867417,0.796928,-1.49689,0.123515,30,32,0.0994456,0.121397,0.255444,1.72038,0,10.9176
10.9374,0.840642,0.894562,-1.55212,0,0,0,0,30,32,0,0,0,0,0,traj_sz=100
10.9376,0.840642,0.894562,-1.55212,0.867417,0.796928,-1.49689,0.123515,30,32,0.0981172,0.122496,0.256539,1.72072,0,10.9376
10.9574,0.840685,0.893377,-1.54927,0,0,0,0,30,32,0,0,0,0,0,traj_sz=100
10.9575,0.840685,0.893377,-1.54927,0.867417,0.796928,-1.49689,0.123515,30,32,0.0970021,0.123794,0.257152,1.721,0,10.9575
10.9774,0.840735,0.890801,-1.54317,0,0,0,0,30,32,0,0,0,0,0,traj_sz=100
10.9775,0.840735,0.890801,-1.54317,0.867417,0.796928,-1.49689,0.123515,30,32,0.0945743,0.123716,0.259109,1.72163,0,10.9775
10.9974,0.840784,0.886738,-1.53777,0,0,0,0,30,32,0,0,0,0,0,traj_sz=100
10.9975,0.840784,0.886738,-1.53777,0.867417,0.796928,-1.49689,0.123515,30,32,0.0906403,0.122154,0.262887,1.72268,0,10.9975
11.0175,0.841276,0.884055,-1.53517,0,0,0,0,30,32,0,0,0,0,0,traj_sz=100
11.0176,0.841276,0.884055,-1.53517,0.867417,0.796928,-1.49689,0.123515,30,32,0.088003,0.121952,0.258541,1.72292,0,11.0176
11.0374,0.841227,0.882578,-1.52896,0,0,0,0,30,32,0,0,0,0,0,traj_sz=100
11.0375,0.841227,0.882578,-1.52896,0.867417,0.796928,-1.49689,0.123515,30,32,0.0866709,0.122985,0.260697,1.72337,0,11.0375
11.0574,0.841237,0.881273,-1.52911,0,0,0,0,30,32,0,0,0,0,0,traj_sz=100
11.0576,0.841237,0.881273,-1.52911,0.867417,0.796928,-1.49689,0.123515,30,32,0.0853626,0.124196,0.262089,1.72372,0,11.0576
11.0774,0.841681,0.878501,-1.52493,0,0,0,0,30,32,0,0,0,0,0,traj_sz=100
11.0777,0.841681,0.878501,-1.52493,0.867417,0.796928,-1.49689,0.123515,30,32,0.0826672,0.123921,0.258485,1.72405,0,11.0777
11.0974,0.841979,0.87428,-1.51451,0,0,0,0,30,32,0,0,0,0,0,traj_sz=100
11.0975,0.841979,0.87428,-1.51451,0.867417,0.796928,-1.49689,0.123515,30,32,0.0786604,0.12218,0.258462,1.72492,0,11.0975
11.1175,0.842191,0.871548,-1.50747,0,0,0,0,30,32,0,0,0,0,0,traj_sz=100
11.1176,0.842191,0.871548,-1.50747,0.867417,0.796928,-1.49689,0.123515,30,32,0.0760665,0.121951,0.258155,1.72547,0,11.1176
11.1374,0.842418,0.870164,-1.50911,0,0,0,0,30,32,0,0,0,0,0,traj_sz=100
11.1376,0.842418,0.870164,-1.50911,0.867417,0.796928,-1.49689,0.123515,30,32,0.0746378,0.123065,0.256461,1.72564,0,11.1376
11.1574,0.842379,0.868752,-1.50185,0,0,0,0,30,32,0,0,0,0,0,traj_sz=100
11.1577,0.842379,0.868752,-1.50185,0.867417,0.796928,-1.49689,0.123515,30,32,0.0733786,0.124166,0.258343,1.72607,0,11.1577
11.1774,0.842892,0.865986,-1.49852,0,0,0,0,30,32,0,0,0,0,0,traj_sz=100
11.1775,0.842892,0.865986,-1.49852,0.867417,0.796928,-1.49689,0.123515,30,32,0.070649,0.123876,0.253743,1.72635,0,11.1775
11.1974,0.843438,0.861919,-1.49448,0,0,0,0,30,32,0,0,0,0,0,traj_sz=100
11.1975,0.843438,0.861919,-1.49448,0.867417,0.796928,-1.49689,0.123515,31,32,0.0666305,0.122285,0.281794,1.72697,0,11.1975
11.2174,0.843577,0.859239,-1.48824,0,0,0,0,31,32,0,0,0,0,0,traj_sz=100
11.2176,0.843577,0.859239,-1.48824,0.867417,0.796928,-1.49689,0.123515,31,32,0.0640642,0.122118,0.282278,1.7276,0,11.2176
11.2374,0.843999,0.857831,-1.48439,0,0,0,0,31,32,0,0,0,0,0,traj_sz=100
11.2376,0.843999,0.857831,-1.48439,0.867417,0.796928,-1.49689,0.123515,31,32,0.0626966,0.123191,0.277273,1.72759,0,11.2376
11.2573,0.844161,0.856493,-1.4854,0,0,0,0,31,32,0,0,0,0,0,traj_sz=100
11.2574,0.844161,0.856493,-1.4854,0.867417,0.796928,-1.49689,0.123515,31,32,0.0613311,0.124339,0.276331,1.72782,0,11.2574
11.2774,0.844613,0.85389,-1.48248,0,0,0,0,31,32,0,0,0,0,0,traj_sz=100
11.2775,0.844613,0.85389,-1.48248,0.870763,0.751737,-1.48488,0.123038,31,33,0.104062,0.124223,0.272217,1.72813,0,11.2775
11.2974,0.845046,0.849865,-1.47122,0,0,0,0,31,33,0,0,0,0,0,traj_sz=100
11.2975,0.845046,0.849865,-1.47122,0.870763,0.751737,-1.48488,0.123038,31,33,0.100199,0.122689,0.26948,1.72887,0,11.2975
11.3174,0.845221,0.8472,-1.46545,0,0,0,0,31,33,0,0,0,0,0,traj_sz=100
11.3176,0.845221,0.8472,-1.46545,0.870763,0.751737,-1.48488,0.123038,31,33,0.0976197,0.122536,0.269436,1.72948,0,11.3176
11.3374,0.84572,0.845836,-1.46939,0,0,0,0,31,33,0,0,0,0,0,traj_sz=100
11.3376,0.84572,0.845836,-1.46939,0.870763,0.751737,-1.48488,0.123038,31,33,0.0961503,0.123652,0.263621,1.7294,0,11.3376
11.3574,0.845695,0.844518,-1.46243,0,0,0,0,31,33,0,0,0,0,0,traj_sz=100
11.3575,0.845695,0.844518,-1.46243,0.870763,0.751737,-1.48488,0.123038,31,33,0.0949478,0.124835,0.265069,1.72981,0,11.3575
11.3774,0.846242,0.842007,-1.45994,0,0,0,0,31,33,0,0,0,0,0,traj_sz=100
11.3776,0.846242,0.842007,-1.45994,0.870763,0.751737,-1.48488,0.123038,31,33,0.0924284,0.124808,0.259447,1.73002,0,11.3776
11.3973,0.846871,0.837915,-1.45257,0,0,0,0,31,33,0,0,0,0,0,traj_sz=100
11.3975,0.846871,0.837915,-1.45257,0.870763,0.751737,-1.48488,0.123038,31,33,0.0883948,0.123173,0.254044,1.73063,0,11.3975
11.4174,0.847025,0.835177,-1.44523,0,0,0,0,31,33,0,0,0,0,0,traj_sz=100
11.4176,0.847025,0.835177,-1.44523,0.870763,0.751737,-1.48488,0.123038,31,33,0.0857558,0.122935,0.254313,1.73129,0,11.4176
11.4375,0.847498,0.833914,-1.44288,0,0,0,0,31,33,0,0,0,0,0,traj_sz=100
11.4376,0.847498,0.833914,-1.44288,0.870763,0.751737,-1.48488,0.123038,31,33,0.0844735,0.124141,0.248468,1.73122,0,11.4376
11.4574,0.847738,0.832695,-1.44472,0,0,0,0,31,33,0,0,0,0,0,traj_sz=100
11.4575,0.847738,0.832695,-1.44472,0.870763,0.751737,-1.48488,0.123038,31,33,0.0832107,0.125399,0.246267,1.73135,0,11.4575
11.4774,0.848172,0.829895,-1.43775,0,0,0,0,31,33,0,0,0,0,0,traj_sz=100
11.4775,0.848172,0.829895,-1.43775,0.870763,0.751737,-1.48488,0.123038,31,33,0.0804637,0.125066,0.242435,1.73178,0,11.4775
11.4974,0.848638,0.825715,-1.42516,0,0,0,0,31,33,0,0,0,0,0,traj_sz=100
11.4976,0.848638,0.825715,-1.42516,0.870763,0.751737,-1.48488,0.123038,31,33,0.076406,0.123367,0.239302,1.73259,0,11.4976
11.5174,0.849168,0.822885,-1.42063,0,0,0,0,31,33,0,0,0,0,0,traj_sz=100
11.5175,0.849168,0.822885,-1.42063,0.870763,0.751737,-1.48488,0.123038,31,33,0.0735775,0.122993,0.234185,1.73294,0,11.5175
11.5374,0.849315,0.821582,-1.41901,0,0,0,0,31,33,0,0,0,0,0,traj_sz=100
11.5375,0.849315,0.821582,-1.41901,0.870763,0.751737,-1.48488,0.123038,31,33,0.0722851,0.124189,0.233297,1.7332,0,11.5375
11.5575,0.849824,0.820328,-1.42044,0,0,0,0,31,33,0,0,0,0,0,traj_sz=100
11.5577,0.849824,0.820328,-1.42044,0.870763,0.751737,-1.48488,0.123038,31,33,0.0709532,0.125412,0.227089,1.7331,0,11.5577
11.5774,0.84987,0.81744,-1.41068,0,0,0,0,31,33,0,0,0,0,0,traj_sz=100
11.5775,0.84987,0.81744,-1.41068,0.870763,0.751737,-1.48488,0.123038,32,33,0.0681936,0.125008,0.258565,1.73394,0,11.5775
11.5973,0.850726,0.813359,-1.40194,0,0,0,0,32,33,0,0,0,0,0,traj_sz=100
11.5975,0.850726,0.813359,-1.40194,0.870763,0.751737,-1.48488,0.123038,32,33,0.0641133,0.123365,0.249842,1.73438,0,11.5975
11.6174,0.851412,0.810588,-1.39748,0,0,0,0,32,33,0,0,0,0,0,traj_sz=100
11.6175,0.851412,0.810588,-1.39748,0.870763,0.751737,-1.48488,0.123038,32,33,0.0613064,0.123053,0.242415,1.73459,0,11.6175
11.6374,0.851391,0.809306,-1.39514,0,0,0,0,32,33,0,0,0,0,0,traj_sz=100
11.6375,0.851391,0.809306,-1.39514,0.874636,0.706765,-1.46326,0.121328,32,34,0.105025,0.124268,0.244032,1.73501,0,11.6375
11.6574,0.852036,0.80799,-1.39565,0,0,0,0,32,34,0,0,0,0,0,traj_sz=100
11.6576,0.852036,0.80799,-1.39565,0.874636,0.706765,-1.46326,0.121328,32,34,0.103615,0.125413,0.235877,1.73481,0,11.6576
11.6774,0.852246,0.805254,-1.38841,0,0,0,0,32,34,0,0,0,0,0,traj_sz=100
11.6775,0.852246,0.805254,-1.38841,0.874636,0.706765,-1.46326,0.121328,32,34,0.100916,0.12516,0.235399,1.73547,0,11.6775
11.6973,0.852948,0.801311,-1.38131,0,0,0,0,32,34,0,0,0,0,0,traj_sz=100
11.6975,0.852948,0.801311,-1.38131,0.874636,0.706765,-1.46326,0.121328,32,34,0.0969392,0.123676,0.228917,1.73604,0,11.6975
11.7174,0.853699,0.798808,-1.3758,0,0,0,0,32,34,0,0,0,0,0,traj_sz=100
11.7176,0.853699,0.798808,-1.3758,0.874636,0.706765,-1.46326,0.121328,32,34,0.0943559,0.123632,0.220178,1.73612,0,11.7176
11.7374,0.854317,0.797543,-1.37697,0,0,0,0,32,34,0,0,0,0,0,traj_sz=100
11.7375,0.854317,0.797543,-1.37697,0.874636,0.706765,-1.46326,0.121328,32,34,0.0929921,0.124812,0.212393,1.73594,0,11.7375
11.7573,0.854355,0.79619,-1.37229,0,0,0,0,32,34,0,0,0,0,0,traj_sz=100
11.7574,0.854355,0.79619,-1.37229,0.874636,0.706765,-1.46326,0.121328,32,34,0.0916684,0.125902,0.21308,1.73633,0,11.7574
11.7776,0.854984,0.793696,-1.37001,0,0,0,0,32,34,0,0,0,0,0,traj_sz=100
11.7777,0.854984,0.793696,-1.37001,0.874636,0.706765,-1.46326,0.121328,32,34,0.0891042,0.125856,0.206326,1.73653,0,11.7777
11.7973,0.856189,0.78997,-1.36596,0,0,0,0,32,34,0,0,0,0,0,traj_sz=100
11.7974,0.856189,0.78997,-1.36596,0.874636,0.706765,-1.46326,0.121328,32,34,0.0852176,0.124457,0.192224,1.73659,0,11.7974
11.8174,0.856681,0.787387,-1.35882,0,0,0,0,32,34,0,0,0,0,0,traj_sz=100
11.8176,0.856681,0.787387,-1.35882,0.874636,0.706765,-1.46326,0.121328,32,34,0.0825951,0.124327,0.187359,1.73696,0,11.8176
11.8374,0.856896,0.786124,-1.3572,0,0,0,0,32,34,0,0,0,0,0,traj_sz=100
11.8375,0.856896,0.786124,-1.3572,0.874636,0.706765,-1.46326,0.121328,32,34,0.0813163,0.12549,0.185462,1.73717,0,11.8375
11.8574,0.857019,0.784732,-1.35492,0,0,0,0,32,34,0,0,0,0,0,traj_sz=100
11.8575,0.857019,0.784732,-1.35492,0.874636,0.706765,-1.46326,0.121328,32,34,0.0799307,0.126544,0.18506,1.7375,0,11.8575
11.8774,0.857823,0.782333,-1.35157,0,0,0,0,32,34,0,0,0,0,0,traj_sz=100
11.8776,0.857823,0.782333,-1.35157,0.874636,0.706765,-1.46326,0.121328,32,34,0.0774153,0.126547,0.175511,1.73752,0,11.8776
11.8974,0.858797,0.778413,-1.34742,0,0,0,0,32,34,0,0,0,0,0,traj_sz=100
11.8975,0.858797,0.778413,-1.34742,0.874636,0.706765,-1.46326,0.121328,32,34,0.0733767,0.125004,0.165089,1.73789,0,11.8975
11.9174,0.859354,0.775862,-1.34065,0,0,0,0,32,34,0,0,0,0,0,traj_sz=100
11.9175,0.859354,0.775862,-1.34065,0.874636,0.706765,-1.46326,0.121328,32,34,0.0707609,0.12487,0.159234,1.7382,0,11.9175
11.9374,0.859313,0.774395,-1.33432,0,0,0,0,32,34,0,0,0,0,0,traj_sz=100
11.9376,0.859313,0.774395,-1.33432,0.874636,0.706765,-1.46326,0.121328,32,34,0.0693379,0.125872,0.161161,1.73873,0,11.9376
11.9574,0.859971,0.773192,-1.33556,0,0,0,0,32,34,0,0,0,0,0,traj_sz=100
11.9575,0.859971,0.773192,-1.33556,0.874636,0.706765,-1.46326,0.121328,33,34,0.0680152,0.127061,0.179878,1.73851,0,11.9575
11.9774,0.860717,0.770612,-1.3311,0,0,0,0,33,34,0,0,0,0,0,traj_sz=100
11.9777,0.860717,0.770612,-1.3311,0.874636,0.706765,-1.46326,0.121328,33,34,0.065326,0.126896,0.171826,1.73866,0,11.9777
11.9974,0.861354,0.766358,-1.32123,0,0,0,0,33,34,0,0,0,0,0,traj_sz=100
11.9975,0.861354,0.766358,-1.32123,0.879414,0.66251,-1.43236,0.118562,33,35,0.105092,0.125034,0.167285,1.73948,0,11.9975
12.0174,0.862368,0.763844,-1.31973,0,0,0,0,33,35,0,0,0,0,0,traj_sz=100
12.0175,0.862368,0.763844,-1.31973,0.879414,0.66251,-1.43236,0.118562,33,35,0.102392,0.1249,0.155299,1.73937,0,12.0175
12.0374,0.862735,0.762447,-1.31829,0,0,0,0,33,35,0,0,0,0,0,traj_sz=100
12.0376,0.862735,0.762447,-1.31829,0.879414,0.66251,-1.43236,0.118562,33,35,0.100935,0.125928,0.151537,1.7395,0,12.0376
12.0574,0.863029,0.761194,-1.31724,0,0,0,0,33,35,0,0,0,0,0,traj_sz=100
12.0575,0.863029,0.761194,-1.31724,0.879414,0.66251,-1.43236,0.118562,33,35,0.0996385,0.127096,0.148699,1.73965,0,12.0575
12.0773,0.863771,0.758544,-1.31348,0,0,0,0,33,35,0,0,0,0,0,traj_sz=100
12.0774,0.863771,0.758544,-1.31348,0.879414,0.66251,-1.43236,0.118562,33,35,0.0968529,0.126832,0.140839,1.73985,0,12.0774
12.0976,0.865161,0.754602,-1.30917,0,0,0,0,33,35,0,0,0,0,0,traj_sz=100
12.0979,0.865161,0.754602,-1.30917,0.879414,0.66251,-1.43236,0.118562,33,35,0.0926451,0.125269,0.124913,1.73988,0,12.0979
12.1174,0.865154,0.753256,-1.30633,0,0,0,0,33,35,0,0,0,0,0,traj_sz=100
12.1176,0.865154,0.753256,-1.30633,0.879414,0.66251,-1.43236,0.118562,33,35,0.0913184,0.126318,0.126616,1.74035,0,12.1176
12.1375,0.866043,0.750697,-1.30578,0,0,0,0,33,35,0,0,0,0,0,traj_sz=100
12.1377,0.866043,0.750697,-1.30578,0.879414,0.66251,-1.43236,0.118562,33,35,0.0886104,0.126068,0.116603,1.7404,0,12.1377
12.1575,0.866682,0.749405,-1.30522,0,0,0,0,33,35,0,0,0,0,0,traj_sz=100
12.1576,0.866682,0.749405,-1.30522,0.879414,0.66251,-1.43236,0.118562,33,35,0.0871906,0.127097,0.108683,1.74024,0,12.1576
12.1773,0.867482,0.746701,-1.30254,0,0,0,0,33,35,0,0,0,0,0,traj_sz=100
12.1774,0.867482,0.746701,-1.30254,0.879414,0.66251,-1.43236,0.118562,33,35,0.0843424,0.126685,0.100074,1.74043,0,12.1774
12.1973,0.868512,0.742717,-1.29673,0,0,0,0,33,35,0,0,0,0,0,traj_sz=100
12.1974,0.868512,0.742717,-1.29673,0.879414,0.66251,-1.43236,0.118562,33,35,0.0801638,0.124995,0.0895216,1.74085,0,12.1974
12.2173,0.869364,0.740204,-1.29634,0,0,0,0,33,35,0,0,0,0,0,traj_sz=100
12.2174,0.869364,0.740204,-1.29634,0.879414,0.66251,-1.43236,0.118562,33,35,0.0775103,0.124791,0.0799921,1.74093,0,12.2174
12.2374,0.869938,0.738874,-1.29377,0,0,0,0,33,35,0,0,0,0,0,traj_sz=100
12.2375,0.869938,0.738874,-1.29377,0.879414,0.66251,-1.43236,0.118562,33,35,0.0760443,0.125792,0.0730095,1.74086,0,12.2375
12.2574,0.870175,0.73757,-1.2917,0,0,0,0,33,35,0,0,0,0,0,traj_sz=100
12.2575,0.870175,0.73757,-1.2917,0.879414,0.66251,-1.43236,0.118562,33,35,0.0747006,0.126843,0.0710332,1.74109,0,12.2575
12.2774,0.871374,0.735145,-1.29605,0,0,0,0,33,35,0,0,0,0,0,traj_sz=100
12.2775,0.871374,0.735145,-1.29605,0.879414,0.66251,-1.43236,0.118562,33,35,0.0720918,0.126678,0.056453,1.74082,0,12.2775
12.2975,0.872188,0.731081,-1.28804,0,0,0,0,33,35,0,0,0,0,0,traj_sz=100
12.2976,0.872188,0.731081,-1.28804,0.879414,0.66251,-1.43236,0.118562,33,35,0.0678637,0.124937,0.0491217,1.7415,0,12.2976
12.3174,0.873147,0.728566,-1.28582,0,0,0,0,33,35,0,0,0,0,0,traj_sz=100
12.3175,0.873147,0.728566,-1.28582,0.879414,0.66251,-1.43236,0.118562,34,35,0.0651536,0.124699,0.0626966,1.7415,0,12.3175
12.3374,0.873622,0.727247,-1.28736,0,0,0,0,34,35,0,0,0,0,0,traj_sz=100
12.3375,0.873622,0.727247,-1.28736,0.879414,0.66251,-1.43236,0.118562,34,35,0.0637734,0.125706,0.0578077,1.74153,0,12.3375
12.3574,0.874161,0.725875,-1.2851,0,0,0,0,34,35,0,0,0,0,0,traj_sz=100
12.3576,0.874161,0.725875,-1.2851,0.879414,0.66251,-1.43236,0.118562,34,35,0.062277,0.126663,0.0518588,1.74152,0,12.3576
12.3774,0.875113,0.723186,-1.28285,0,0,0,0,34,35,0,0,0,0,0,traj_sz=100
12.3775,0.875113,0.723186,-1.28285,0.879414,0.66251,-1.43236,0.118562,34,35,0.0593991,0.126253,0.041879,1.74159,0,12.3775
12.3974,0.876116,0.719176,-1.28042,0,0,0,0,34,35,0,0,0,0,0,traj_sz=100
12.3975,0.876116,0.719176,-1.28042,0.885416,0.61943,-1.39284,0.115142,34,36,0.0982335,0.12452,0.0332612,1.74211,0,12.3975
12.4173,0.877406,0.716475,-1.27963,0,0,0,0,34,36,0,0,0,0,0,traj_sz=100
12.4174,0.877406,0.716475,-1.27963,0.885416,0.61943,-1.39284,0.115142,34,36,0.0952595,0.124053,0.0183307,1.74189,0,12.4174
12.4374,0.877543,0.715023,-1.27584,0,0,0,0,34,36,0,0,0,0,0,traj_sz=100
12.4376,0.877543,0.715023,-1.27584,0.885416,0.61943,-1.39284,0.115142,34,36,0.0937534,0.124979,0.0184427,1.74229,0,12.4376
12.4574,0.878266,0.713724,-1.27765,0,0,0,0,34,36,0,0,0,0,0,traj_sz=100
12.4575,0.878266,0.713724,-1.27765,0.885416,0.61943,-1.39284,0.115142,34,36,0.0923373,0.12596,0.00983867,1.74209,0,12.4575
12.4776,0.879058,0.71102,-1.27544,0,0,0,0,34,36,0,0,0,0,0,traj_sz=100
12.4777,0.879058,0.71102,-1.27544,0.885416,0.61943,-1.39284,0.115142,34,36,0.0894743,0.125554,0.00226718,1.74234,0,12.4777
12.4973,0.880118,0.706944,-1.27031,0,0,0,0,34,36,0,0,0,0,0,traj_sz=100
12.4974,0.880118,0.706944,-1.27031,0.885416,0.61943,-1.39284,0.115142,34,36,0.0851606,0.123628,-0.00724153,1.74285,0,12.4974
12.5174,0.881232,0.704246,-1.27235,0,0,0,0,34,36,0,0,0,0,0,traj_sz=100
12.5176,0.881232,0.704246,-1.27235,0.885416,0.61943,-1.39284,0.115142,34,36,0.0822966,0.123098,-0.0194058,1.74282,0,12.5176
12.5374,0.882003,0.702979,-1.2732,0,0,0,0,34,36,0,0,0,0,0,traj_sz=100
12.5375,0.882003,0.702979,-1.2732,0.885416,0.61943,-1.39284,0.115142,34,36,0.0808771,0.124018,-0.0288244,1.74257,0,12.5375
12.5575,0.882086,0.701661,-1.27267,0,0,0,0,34,36,0,0,0,0,0,traj_sz=100
12.5576,0.882086,0.701661,-1.27267,0.885416,0.61943,-1.39284,0.115142,34,36,0.0795818,0.124967,-0.0279571,1.74298,0,12.5576
12.5774,0.882894,0.69889,-1.27114,0,0,0,0,34,36,0,0,0,0,0,traj_sz=100
12.5775,0.882894,0.69889,-1.27114,0.885416,0.61943,-1.39284,0.115142,34,36,0.0766632,0.124383,-0.0356286,1.74327,0,12.5775
12.5973,0.884326,0.694816,-1.26931,0,0,0,0,34,36,0,0,0,0,0,traj_sz=100
12.5975,0.884326,0.694816,-1.26931,0.885416,0.61943,-1.39284,0.115142,34,36,0.0723098,0.122422,-0.0505099,1.74346,0,12.5975
12.6174,0.885298,0.692228,-1.27112,0,0,0,0,34,36,0,0,0,0,0,traj_sz=100
12.6176,0.885298,0.692228,-1.27112,0.885416,0.61943,-1.39284,0.115142,34,36,0.0695884,0.122014,-0.0607608,1.74354,0,12.6176
12.6375,0.885881,0.690839,-1.27142,0,0,0,0,34,36,0,0,0,0,0,traj_sz=100
12.6376,0.885881,0.690839,-1.27142,0.885416,0.61943,-1.39284,0.115142,34,36,0.0680961,0.122822,-0.067199,1.74352,0,12.6376
12.6573,0.886251,0.689593,-1.2733,0,0,0,0,34,36,0,0,0,0,0,traj_sz=100
12.6575,0.886251,0.689593,-1.2733,0.885416,0.61943,-1.39284,0.115142,34,36,0.0668359,0.123784,-0.0706159,1.74365,0,12.6575
12.6773,0.887062,0.68697,-1.27066,0,0,0,0,34,36,0,0,0,0,0,traj_sz=100
12.6775,0.887062,0.68697,-1.27066,0.885416,0.61943,-1.39284,0.115142,34,36,0.0640342,0.123343,-0.0786231,1.7439,0,12.6775
12.6974,0.888298,0.683244,-1.27223,0,0,0,0,34,36,0,0,0,0,0,traj_sz=100
12.6975,0.888298,0.683244,-1.27223,0.885416,0.61943,-1.39284,0.115142,35,36,0.0601436,0.121748,-0.0677792,1.74418,0,12.6975
12.7173,0.888961,0.680727,-1.27179,0,0,0,0,35,36,0,0,0,0,0,traj_sz=100
12.7174,0.888961,0.680727,-1.27179,0.885416,0.61943,-1.39284,0.115142,35,36,0.0575328,0.121418,-0.0724538,1.74453,0,12.7174
12.7375,0.889746,0.679529,-1.27503,0,0,0,0,35,36,0,0,0,0,0,traj_sz=100
12.7378,0.889746,0.679529,-1.27503,0.885416,0.61943,-1.39284,0.115142,35,36,0.0562273,0.12241,-0.0814743,1.74426,0,12.7378
12.7574,0.890145,0.678275,-1.27506,0,0,0,0,35,36,0,0,0,0,0,traj_sz=100
12.7575,0.890145,0.678275,-1.27506,0.892893,0.577855,-1.34577,0.111627,35,37,0.0968612,0.123353,-0.0847943,1.74438,0,12.7575
12.7774,0.891112,0.675621,-1.27525,0,0,0,0,35,37,0,0,0,0,0,traj_sz=100
12.7775,0.891112,0.675621,-1.27525,0.892893,0.577855,-1.34577,0.111627,35,37,0.0940458,0.122849,-0.0936683,1.74451,0,12.7775
12.7974,0.89193,0.671878,-1.27695,0,0,0,0,35,37,0,0,0,0,0,traj_sz=100
12.7975,0.89193,0.671878,-1.27695,0.892893,0.577855,-1.34577,0.111627,35,37,0.0902723,0.121285,-0.0979844,1.7452,0,12.7975
12.8173,0.892947,0.6691,-1.27635,0,0,0,0,35,37,0,0,0,0,0,traj_sz=100
12.8174,0.892947,0.6691,-1.27635,0.892893,0.577855,-1.34577,0.111627,35,37,0.0873029,0.120628,-0.107372,1.74535,0,12.8174
12.8373,0.893805,0.667848,-1.28067,0,0,0,0,35,37,0,0,0,0,0,traj_sz=100
12.8376,0.893805,0.667848,-1.28067,0.892893,0.577855,-1.34577,0.111627,35,37,0.0859713,0.121536,-0.11731,1.74505,0,12.8376
12.8575,0.894224,0.66643,-1.28094,0,0,0,0,35,37,0,0,0,0,0,traj_sz=100
12.8577,0.894224,0.66643,-1.28094,0.892893,0.577855,-1.34577,0.111627,35,37,0.0844995,0.122255,-0.120581,1.74522,0,12.8577
12.8775,0.895309,0.663792,-1.28385,0,0,0,0,35,37,0,0,0,0,0,traj_sz=100
12.8776,0.895309,0.663792,-1.28385,0.892893,0.577855,-1.34577,0.111627,35,37,0.0817394,0.121631,-0.131093,1.74526,0,12.8776
12.8974,0.896335,0.65956,-1.28318,0,0,0,0,35,37,0,0,0,0,0,traj_sz=100
12.8977,0.896335,0.65956,-1.28318,0.892893,0.577855,-1.34577,0.111627,35,37,0.0773727,0.119442,-0.137612,1.74598,0,12.8977
12.9175,0.897422,0.656843,-1.28661,0,0,0,0,35,37,0,0,0,0,0,traj_sz=100
12.9176,0.897422,0.656843,-1.28661,0.892893,0.577855,-1.34577,0.111627,35,37,0.0745502,0.118752,-0.147967,1.74606,0,12.9176
12.9375,0.898046,0.655504,-1.28819,0,0,0,0,35,37,0,0,0,0,0,traj_sz=100
12.9377,0.898046,0.655504,-1.28819,0.892893,0.577855,-1.34577,0.111627,35,37,0.0731324,0.119491,-0.154384,1.74602,0,12.9377
12.9573,0.898401,0.654143,-1.2888,0,0,0,0,35,37,0,0,0,0,0,traj_sz=100
12.9574,0.898401,0.654143,-1.2888,0.892893,0.577855,-1.34577,0.111627,35,37,0.0717421,0.120213,-0.156816,1.74623,0,12.9574
12.9775,0.899408,0.651465,-1.29101,0,0,0,0,35,37,0,0,0,0,0,traj_sz=100
12.9776,0.899408,0.651465,-1.29101,0.892893,0.577855,-1.34577,0.111627,35,37,0.0689488,0.119575,-0.166122,1.74638,0,12.9776
12.9974,0.90085,0.647606,-1.29592,0,0,0,0,35,37,0,0,0,0,0,traj_sz=100
12.9976,0.90085,0.647606,-1.29592,0.892893,0.577855,-1.34577,0.111627,35,37,0.0649729,0.117681,-0.179318,1.74661,0,12.9976
13.0175,0.901691,0.645056,-1.29706,0,0,0,0,35,37,0,0,0,0,0,traj_sz=100
13.0176,0.901691,0.645056,-1.29706,0.892893,0.577855,-1.34577,0.111627,35,37,0.062321,0.117174,-0.186473,1.74686,0,13.0176
13.0374,0.901959,0.643706,-1.2974,0,0,0,0,35,37,0,0,0,0,0,traj_sz=100
13.0375,0.901959,0.643706,-1.2974,0.892893,0.577855,-1.34577,0.111627,35,37,0.0609573,0.117931,-0.18764,1.74717,0,13.0375
13.0574,0.902537,0.642722,-1.30193,0,0,0,0,35,37,0,0,0,0,0,traj_sz=100
13.0575,0.902537,0.642722,-1.30193,0.892893,0.577855,-1.34577,0.111627,36,37,0.0599747,0.119015,-0.174204,1.74704,0,13.0575
13.0775,0.903349,0.640148,-1.30351,0,0,0,0,36,37,0,0,0,0,0,traj_sz=100
13.0776,0.903349,0.640148,-1.30351,0.892893,0.577855,-1.34577,0.111627,36,37,0.0573189,0.118486,-0.179281,1.74734,0,13.0776
13.0974,0.904288,0.636527,-1.30594,0,0,0,0,36,37,0,0,0,0,0,traj_sz=100
13.0976,0.904288,0.636527,-1.30594,0.892893,0.577855,-1.34577,0.111627,36,37,0.0536429,0.116899,-0.183409,1.74795,0,13.0976
13.1174,0.905016,0.634146,-1.30909,0,0,0,0,36,37,0,0,0,0,0,traj_sz=100
13.1175,0.905016,0.634146,-1.30909,0.892893,0.577855,-1.34577,0.111627,36,37,0.0512374,0.116558,-0.187677,1.74826,0,13.1175
13.1374,0.905405,0.633059,-1.31261,0,0,0,0,36,37,0,0,0,0,0,traj_sz=100
13.1375,0.905405,0.633059,-1.31261,0.902031,0.537935,-1.29264,0.108629,36,38,0.0911101,0.117559,-0.190359,1.74835,0,13.1375
13.1574,0.905612,0.631848,-1.31256,0,0,0,0,36,38,0,0,0,0,0,traj_sz=100
13.1577,0.905612,0.631848,-1.31256,0.902031,0.537935,-1.29264,0.108629,36,38,0.0898844,0.11847,-0.190202,1.74866,0,13.1577
13.1774,0.906297,0.629623,-1.31776,0,0,0,0,36,38,0,0,0,0,0,traj_sz=100
13.1775,0.906297,0.629623,-1.31776,0.902031,0.537935,-1.29264,0.108629,36,38,0.0877,0.118298,-0.194151,1.74895,0,13.1775
13.1973,0.907348,0.626058,-1.32265,0,0,0,0,36,38,0,0,0,0,0,traj_sz=100
13.1975,0.907348,0.626058,-1.32265,0.902031,0.537935,-1.29264,0.108629,36,38,0.084118,0.116731,-0.199946,1.74947,0,13.1975
13.2173,0.908216,0.62362,-1.32274,0,0,0,0,36,38,0,0,0,0,0,traj_sz=100
13.2175,0.908216,0.62362,-1.32274,0.902031,0.537935,-1.29264,0.108629,36,38,0.0815439,0.116268,-0.206284,1.74969,0,13.2175
13.2374,0.908169,0.622298,-1.32301,0,0,0,0,36,38,0,0,0,0,0,traj_sz=100
13.2375,0.908169,0.622298,-1.32301,0.902031,0.537935,-1.29264,0.108629,36,38,0.0802812,0.11704,-0.202073,1.75028,0,13.2375
13.2573,0.90874,0.621148,-1.32723,0,0,0,0,36,38,0,0,0,0,0,traj_sz=100
13.2576,0.90874,0.621148,-1.32723,0.902031,0.537935,-1.29264,0.108629,36,38,0.079139,0.117858,-0.207233,1.75024,0,13.2576
13.2775,0.909405,0.618863,-1.333,0,0,0,0,36,38,0,0,0,0,0,traj_sz=100
13.2777,0.909405,0.618863,-1.333,0.902031,0.537935,-1.29264,0.108629,36,38,0.0769133,0.117553,-0.210699,1.75059,0,13.2777
13.2974,0.910177,0.615358,-1.33451,0,0,0,0,36,38,0,0,0,0,0,traj_sz=100
13.2975,0.910177,0.615358,-1.33451,0.902031,0.537935,-1.29264,0.108629,36,38,0.0733646,0.116002,-0.21271,1.75135,0,13.2975
13.3173,0.910801,0.613058,-1.33727,0,0,0,0,36,38,0,0,0,0,0,traj_sz=100
13.3176,0.910801,0.613058,-1.33727,0.902031,0.537935,-1.29264,0.108629,36,38,0.0710543,0.115672,-0.215686,1.75175,0,13.3176
13.3373,0.911224,0.611924,-1.33884,0,0,0,0,36,38,0,0,0,0,0,traj_sz=100
13.3374,0.911224,0.611924,-1.33884,0.902031,0.537935,-1.29264,0.108629,36,38,0.0698945,0.116522,-0.218839,1.75185,0,13.3374
13.3573,0.911549,0.610806,-1.34105,0,0,0,0,36,38,0,0,0,0,0,traj_sz=100
13.3574,0.911549,0.610806,-1.34105,0.902031,0.537935,-1.29264,0.108629,36,38,0.0687885,0.117408,-0.22055,1.75202,0,13.3574
13.3773,0.911946,0.608509,-1.34466,0,0,0,0,36,38,0,0,0,0,0,traj_sz=100
13.3775,0.911946,0.608509,-1.34466,0.902031,0.537935,-1.29264,0.108629,36,38,0.0665543,0.117132,-0.220132,1.75263,0,13.3775
13.3974,0.913064,0.605187,-1.35181,0,0,0,0,36,38,0,0,0,0,0,traj_sz=100
13.3975,0.913064,0.605187,-1.35181,0.902031,0.537935,-1.29264,0.108629,36,38,0.0632491,0.115704,-0.227458,1.75303,0,13.3975
13.4174,0.913757,0.602869,-1.3551,0,0,0,0,36,38,0,0,0,0,0,traj_sz=100
13.4176,0.913757,0.602869,-1.3551,0.902031,0.537935,-1.29264,0.108629,37,38,0.0609201,0.115348,-0.215972,1.75339,0,13.4176
13.4374,0.913816,0.601727,-1.35593,0,0,0,0,37,38,0,0,0,0,0,traj_sz=100
13.4375,0.913816,0.601727,-1.35593,0.902031,0.537935,-1.29264,0.108629,37,38,0.0598123,0.116261,-0.212961,1.75382,0,13.4375
13.4574,0.914071,0.600501,-1.35521,0,0,0,0,37,38,0,0,0,0,0,traj_sz=100
13.4576,0.914071,0.600501,-1.35521,0.902031,0.537935,-1.29264,0.108629,37,38,0.0585418,0.117066,-0.212625,1.75412,0,13.4576
13.4775,0.914645,0.598262,-1.36042,0,0,0,0,37,38,0,0,0,0,0,traj_sz=100
13.4777,0.914645,0.598262,-1.36042,0.902031,0.537935,-1.29264,0.108629,37,38,0.0563625,0.116807,-0.213263,1.75455,0,13.4777
13.4974,0.915489,0.594781,-1.36717,0,0,0,0,37,38,0,0,0,0,0,traj_sz=100
13.4975,0.915489,0.594781,-1.36717,0.902031,0.537935,-1.29264,0.108629,37,38,0.0529504,0.11525,-0.213624,1.75529,0,13.4975
13.5174,0.916124,0.592479,-1.36817,0,0,0,0,37,38,0,0,0,0,0,traj_sz=100
13.5175,0.916124,0.592479,-1.36817,0.902031,0.537935,-1.29264,0.108629,37,38,0.0505921,0.114914,-0.215141,1.75571,0,13.5175
13.5376,0.916499,0.591298,-1.37151,0,0,0,0,37,38,0,0,0,0,0,traj_sz=100
13.5378,0.916499,0.591298,-1.37151,0.912974,0.499614,-1.2357,0.106604,37,39,0.0891714,0.11575,-0.216511,1.75588,0,13.5378
13.5575,0.916703,0.590223,-1.3733,0,0,0,0,37,39,0,0,0,0,0,traj_sz=100
13.5576,0.916703,0.590223,-1.3733,0.912974,0.499614,-1.2357,0.106604,37,39,0.0881156,0.116678,-0.215811,1.75616,0,13.5576
13.5774,0.917138,0.58788,-1.37721,0,0,0,0,37,39,0,0,0,0,0,traj_sz=100
13.5775,0.917138,0.58788,-1.37721,0.912974,0.499614,-1.2357,0.106604,37,39,0.0858163,0.116329,-0.214135,1.75678,0,13.5775
13.5974,0.91777,0.584452,-1.38255,0,0,0,0,37,39,0,0,0,0,0,traj_sz=100
13.5975,0.91777,0.584452,-1.38255,0.912974,0.499614,-1.2357,0.106604,37,39,0.0824417,0.114841,-0.211625,1.7577,0,13.5975
13.6173,0.9185,0.582125,-1.38698,0,0,0,0,37,39,0,0,0,0,0,traj_sz=100
13.6174,0.9185,0.582125,-1.38698,0.912974,0.499614,-1.2357,0.106604,37,39,0.0801111,0.114393,-0.214291,1.75806,0,13.6174
13.6374,0.918619,0.580964,-1.38734,0,0,0,0,37,39,0,0,0,0,0,traj_sz=100
13.6377,0.918619,0.580964,-1.38734,0.912974,0.499614,-1.2357,0.106604,37,39,0.0789552,0.115244,-0.21213,1.75846,0,13.6377
13.6573,0.919193,0.579806,-1.39224,0,0,0,0,37,39,0,0,0,0,0,traj_sz=100
13.6574,0.919193,0.579806,-1.39224,0.912974,0.499614,-1.2357,0.106604,37,39,0.0778124,0.115961,-0.216406,1.75845,0,13.6574
13.6774,0.919235,0.577351,-1.39284,0,0,0,0,37,39,0,0,0,0,0,traj_sz=100
13.6775,0.919235,0.577351,-1.39284,0.912974,0.499614,-1.2357,0.106604,37,39,0.0754007,0.115574,-0.208775,1.75949,0,13.6775
13.6975,0.920315,0.573861,-1.40165,0,0,0,0,37,39,0,0,0,0,0,traj_sz=100
13.6976,0.920315,0.573861,-1.40165,0.912974,0.499614,-1.2357,0.106604,37,39,0.0719519,0.113926,-0.212437,1.76006,0,13.6976
13.7174,0.920541,0.571403,-1.40443,0,0,0,0,37,39,0,0,0,0,0,traj_sz=100
13.7176,0.920541,0.571403,-1.40443,0.912974,0.499614,-1.2357,0.106604,37,39,0.0695445,0.113475,-0.20737,1.76094,0,13.7176
13.7374,0.92109,0.570226,-1.40931,0,0,0,0,37,39,0,0,0,0,0,traj_sz=100
13.7375,0.92109,0.570226,-1.40931,0.912974,0.499614,-1.2357,0.106604,37,39,0.0683887,0.114186,-0.211223,1.76097,0,13.7375
13.7574,0.921093,0.568964,-1.40935,0,0,0,0,37,39,0,0,0,0,0,traj_sz=100
13.7575,0.921093,0.568964,-1.40935,0.912974,0.499614,-1.2357,0.106604,37,39,0.0671434,0.114956,-0.207043,1.76152,0,13.7575
13.7774,0.921813,0.566631,-1.41532,0,0,0,0,37,39,0,0,0,0,0,traj_sz=100
13.7776,0.921813,0.566631,-1.41532,0.912974,0.499614,-1.2357,0.106604,37,39,0.0648394,0.114523,-0.209465,1.76191,0,13.7776
13.7974,0.922487,0.562898,-1.42059,0,0,0,0,37,39,0,0,0,0,0,traj_sz=100
13.7976,0.922487,0.562898,-1.42059,0.912974,0.499614,-1.2357,0.106604,38,39,0.0611483,0.112731,-0.197053,1.76297,0,13.7976
13.8174,0.922699,0.560463,-1.42244,0,0,0,0,38,39,0,0,0,0,0,traj_sz=100
13.8175,0.922699,0.560463,-1.42244,0.912974,0.499614,-1.2357,0.106604,38,39,0.0587433,0.11231,-0.189987,1.76387,0,13.8175
13.8375,0.923101,0.559301,-1.42591,0,0,0,0,38,39,0,0,0,0,0,traj_sz=100
13.8377,0.923101,0.559301,-1.42591,0.912974,0.499614,-1.2357,0.106604,38,39,0.0575994,0.113094,-0.190827,1.76403,0,13.8377
13.8573,0.92314,0.558075,-1.42646,0,0,0,0,38,39,0,0,0,0,0,traj_sz=100
13.8575,0.92314,0.558075,-1.42646,0.912974,0.499614,-1.2357,0.106604,38,39,0.0563907,0.113877,-0.186306,1.76455,0,13.8575
13.8773,0.923951,0.55572,-1.43288,0,0,0,0,38,39,0,0,0,0,0,traj_sz=100
13.8774,0.923951,0.55572,-1.43288,0.912974,0.499614,-1.2357,0.106604,38,39,0.0540645,0.113379,-0.187989,1.76488,0,13.8774
13.8975,0.924603,0.551954,-1.44059,0,0,0,0,38,39,0,0,0,0,0,traj_sz=100
13.8977,0.924603,0.551954,-1.44059,0.925836,0.46268,-1.17559,0.105878,38,40,0.0886783,0.11159,-0.181488,1.766,0,13.8977
13.9173,0.92465,0.549457,-1.44128,0,0,0,0,38,40,0,0,0,0,0,traj_sz=100
13.9175,0.92465,0.549457,-1.44128,0.925836,0.46268,-1.17559,0.105878,38,40,0.0862034,0.11115,-0.171859,1.76709,0,13.9175
13.9373,0.925196,0.548328,-1.44543,0,0,0,0,38,40,0,0,0,0,0,traj_sz=100
13.9374,0.925196,0.548328,-1.44543,0.925836,0.46268,-1.17559,0.105878,38,40,0.0850561,0.111904,-0.174872,1.76711,0,13.9374
13.9573,0.925369,0.54706,-1.4469,0,0,0,0,38,40,0,0,0,0,0,traj_sz=100
13.9575,0.925369,0.54706,-1.4469,0.925836,0.46268,-1.17559,0.105878,38,40,0.0837909,0.112628,-0.172072,1.76753,0,13.9575
13.9773,0.925403,0.544657,-1.44739,0,0,0,0,38,40,0,0,0,0,0,traj_sz=100
13.9776,0.925403,0.544657,-1.44739,0.925836,0.46268,-1.17559,0.105878,38,40,0.0814069,0.112301,-0.16264,1.7686,0,13.9776
13.9974,0.926093,0.540994,-1.45344,0,0,0,0,38,40,0,0,0,0,0,traj_sz=100
13.9975,0.926093,0.540994,-1.45344,0.925836,0.46268,-1.17559,0.105878,38,40,0.0777453,0.110576,-0.1572,1.76965,0,13.9975
14.0176,0.926524,0.538647,-1.45658,0,0,0,0,38,40,0,0,0,0,0,traj_sz=100
14.0177,0.926524,0.538647,-1.45658,0.925836,0.46268,-1.17559,0.105878,38,40,0.0753933,0.110213,-0.153597,1.77034,0,14.0177
14.0375,0.926528,0.537453,-1.45664,0,0,0,0,38,40,0,0,0,0,0,traj_sz=100
14.0376,0.926528,0.537453,-1.45664,0.925836,0.46268,-1.17559,0.105878,38,40,0.0742073,0.111047,-0.14873,1.77089,0,14.0376
14.0574,0.92708,0.536097,-1.46141,0,0,0,0,38,40,0,0,0,0,0,traj_sz=100
14.0575,0.92708,0.536097,-1.46141,0.925836,0.46268,-1.17559,0.105878,38,40,0.0728428,0.111567,-0.150867,1.77102,0,14.0575
14.0774,0.927114,0.53368,-1.4619,0,0,0,0,38,40,0,0,0,0,0,traj_sz=100
14.0775,0.927114,0.53368,-1.4619,0.925836,0.46268,-1.17559,0.105878,38,40,0.0704402,0.111239,-0.141372,1.7721,0,14.0775
14.0974,0.92782,0.529854,-1.46736,0,0,0,0,38,40,0,0,0,0,0,traj_sz=100
14.0974,0.92782,0.529854,-1.46736,0.925836,0.46268,-1.17559,0.105878,38,40,0.0666101,0.109357,-0.135526,1.77324,0,14.0974
14.1174,0.928252,0.527375,-1.47164,0,0,0,0,38,40,0,0,0,0,0,traj_sz=100
14.1176,0.928252,0.527375,-1.47164,0.925836,0.46268,-1.17559,0.105878,38,40,0.0641382,0.108863,-0.131346,1.77401,0,14.1176
14.1374,0.928236,0.526051,-1.47141,0,0,0,0,38,40,0,0,0,0,0,traj_sz=100
14.1376,0.928236,0.526051,-1.47141,0.925836,0.46268,-1.17559,0.105878,38,40,0.0628202,0.109599,-0.125671,1.77464,0,14.1376
14.1574,0.928264,0.524783,-1.47181,0,0,0,0,38,40,0,0,0,0,0,traj_sz=100
14.1575,0.928264,0.524783,-1.47181,0.925836,0.46268,-1.17559,0.105878,38,40,0.0615587,0.110371,-0.120827,1.7752,0,14.1575
14.1774,0.928869,0.522341,-1.47711,0,0,0,0,38,40,0,0,0,0,0,traj_sz=100
14.1775,0.928869,0.522341,-1.47711,0.925836,0.46268,-1.17559,0.105878,39,40,0.0591156,0.109856,-0.114108,1.7758,0,14.1775
14.1974,0.929307,0.518783,-1.48051,0,0,0,0,39,40,0,0,0,0,0,traj_sz=100
14.1975,0.929307,0.518783,-1.48051,0.925836,0.46268,-1.17559,0.105878,39,40,0.0555614,0.108334,-0.102594,1.77708,0,14.1975
14.2173,0.929301,0.516515,-1.48043,0,0,0,0,39,40,0,0,0,0,0,traj_sz=100
14.2175,0.929301,0.516515,-1.48043,0.925836,0.46268,-1.17559,0.105878,39,40,0.0533023,0.108175,-0.0913214,1.77814,0,14.2175
14.2374,0.929686,0.515354,-1.48395,0,0,0,0,39,40,0,0,0,0,0,traj_sz=100
14.2375,0.929686,0.515354,-1.48395,0.94079,0.426831,-1.11196,0.106611,39,41,0.0891528,0.10895,-0.0908812,1.77835,0,14.2375
14.2573,0.92983,0.514184,-1.48483,0,0,0,0,39,41,0,0,0,0,0,traj_sz=100
14.2574,0.92983,0.514184,-1.48483,0.94079,0.426831,-1.11196,0.106611,39,41,0.0879714,0.109781,-0.0871034,1.77877,0,14.2574
14.2775,0.929865,0.512072,-1.48533,0,0,0,0,39,41,0,0,0,0,0,traj_sz=100
14.2777,0.929865,0.512072,-1.48533,0.94079,0.426831,-1.11196,0.106611,39,41,0.0858621,0.109794,-0.0771505,1.77973,0,14.2777
14.2974,0.930268,0.508748,-1.48903,0,0,0,0,39,41,0,0,0,0,0,traj_sz=100
14.2975,0.930268,0.508748,-1.48903,0.94079,0.426831,-1.11196,0.106611,39,41,0.0825022,0.108502,-0.0662786,1.78094,0,14.2975
14.3174,0.930229,0.506704,-1.48909,0,0,0,0,39,41,0,0,0,0,0,traj_sz=100
14.3175,0.930229,0.506704,-1.48909,0.94079,0.426831,-1.11196,0.106611,39,41,0.0804681,0.1086,-0.0556354,1.78195,0,14.3175
14.3374,0.930212,0.505596,-1.48886,0,0,0,0,39,41,0,0,0,0,0,traj_sz=100
14.3375,0.930212,0.505596,-1.48886,0.94079,0.426831,-1.11196,0.106611,39,41,0.0793666,0.109593,-0.0499409,1.78249,0,14.3375
14.3576,0.930418,0.504527,-1.49074,0,0,0,0,39,41,0,0,0,0,0,traj_sz=100
14.3577,0.930418,0.504527,-1.49074,0.94079,0.426831,-1.11196,0.106611,39,41,0.0782763,0.110568,-0.0474866,1.78281,0,14.3577
14.3774,0.930874,0.502343,-1.49591,0,0,0,0,39,41,0,0,0,0,0,traj_sz=100
14.3776,0.930874,0.502343,-1.49591,0.94079,0.426831,-1.11196,0.106611,39,41,0.0760425,0.110383,-0.0429243,1.78345,0,14.3776
14.3975,0.930964,0.499166,-1.49669,0,0,0,0,39,41,0,0,0,0,0,traj_sz=100
14.3976,0.930964,0.499166,-1.49669,0.94079,0.426831,-1.11196,0.106611,39,41,0.0728639,0.109398,-0.0284871,1.78488,0,14.3976
14.4174,0.931403,0.496951,-1.50052,0,0,0,0,39,41,0,0,0,0,0,traj_sz=100
14.4175,0.931403,0.496951,-1.50052,0.94079,0.426831,-1.11196,0.106611,39,41,0.0706063,0.1092,-0.0235913,1.78555,0,14.4175
14.4373,0.931562,0.495832,-1.49971,0,0,0,0,39,41,0,0,0,0,0,traj_sz=100
14.4375,0.931562,0.495832,-1.49971,0.94079,0.426831,-1.11196,0.106611,39,41,0.0694817,0.110124,-0.0203613,1.78595,0,14.4375
14.4575,0.931585,0.494631,-1.50004,0,0,0,0,39,41,0,0,0,0,0,traj_sz=100
14.4576,0.931585,0.494631,-1.50004,0.94079,0.426831,-1.11196,0.106611,39,41,0.0682811,0.111048,-0.0147472,1.7865,0,14.4576
14.4774,0.932114,0.492257,-1.50412,0,0,0,0,39,41,0,0,0,0,0,traj_sz=100
14.4775,0.932114,0.492257,-1.50412,0.94079,0.426831,-1.11196,0.106611,39,41,0.0658583,0.110663,-0.0103181,1.78717,0,14.4775
14.4974,0.932273,0.488742,-1.50532,0,0,0,0,39,41,0,0,0,0,0,traj_sz=100
14.4978,0.932273,0.488742,-1.50532,0.94079,0.426831,-1.11196,0.106611,39,41,0.0623356,0.109375,0.00482062,1.78872,0,14.4978
14.5175,0.932286,0.487491,-1.50551,0,0,0,0,39,41,0,0,0,0,0,traj_sz=100
14.5176,0.932286,0.487491,-1.50551,0.94079,0.426831,-1.11196,0.106611,39,41,0.0610857,0.110247,0.01082,1.78932,0,14.5176
14.5374,0.932741,0.485133,-1.50886,0,0,0,0,39,41,0,0,0,0,0,traj_sz=100
14.5376,0.932741,0.485133,-1.50886,0.94079,0.426831,-1.11196,0.106611,40,41,0.0586889,0.109926,0.0169789,1.79005,0,14.5376
14.5575,0.932739,0.483875,-1.50883,0,0,0,0,40,41,0,0,0,0,0,traj_sz=100
14.5576,0.932739,0.483875,-1.50883,0.94079,0.426831,-1.11196,0.106611,40,41,0.0574333,0.110805,0.0242726,1.79066,0,14.5576
14.5775,0.93322,0.481325,-1.50856,0,0,0,0,40,41,0,0,0,0,0,traj_sz=100
14.5776,0.93322,0.481325,-1.50856,0.94079,0.426831,-1.11196,0.106611,40,41,0.0548597,0.110303,0.0323285,1.79148,0,14.5776
14.5973,0.933302,0.47765,-1.50865,0,0,0,0,40,41,0,0,0,0,0,traj_sz=100
14.5975,0.933302,0.47765,-1.50865,0.958113,0.391764,-1.04394,0.108666,40,42,0.0872615,0.108901,0.0524176,1.79319,0,14.5975
14.6175,0.933818,0.475104,-1.51125,0,0,0,0,40,42,0,0,0,0,0,traj_sz=100
14.6177,0.933818,0.475104,-1.51125,0.958113,0.391764,-1.04394,0.108666,40,42,0.0846385,0.108415,0.0601087,1.79398,0,14.6177
14.6374,0.933846,0.47388,-1.5091,0,0,0,0,40,42,0,0,0,0,0,traj_sz=100
14.6375,0.933846,0.47388,-1.5091,0.958113,0.391764,-1.04394,0.108666,40,42,0.0834558,0.109305,0.0666811,1.79455,0,14.6375
14.6574,0.933986,0.472689,-1.51,0,0,0,0,40,42,0,0,0,0,0,traj_sz=100
14.6576,0.933986,0.472689,-1.51,0.958113,0.391764,-1.04394,0.108666,40,42,0.0822415,0.11021,0.0716662,1.79501,0,14.6576
14.6775,0.934441,0.470183,-1.51317,0,0,0,0,40,42,0,0,0,0,0,traj_sz=100
14.6776,0.934441,0.470183,-1.51317,0.958113,0.391764,-1.04394,0.108666,40,42,0.0796522,0.109781,0.0799991,1.79584,0,14.6776
14.6974,0.934694,0.466569,-1.50985,0,0,0,0,40,42,0,0,0,0,0,traj_sz=100
14.6975,0.934694,0.466569,-1.50985,0.958113,0.391764,-1.04394,0.108666,40,42,0.076092,0.108469,0.097197,1.7974,0,14.6975
14.7175,0.93507,0.464413,-1.51301,0,0,0,0,40,42,0,0,0,0,0,traj_sz=100
14.7176,0.93507,0.464413,-1.51301,0.958113,0.391764,-1.04394,0.108666,40,42,0.073858,0.10847,0.104602,1.79813,0,14.7176
14.7374,0.935058,0.463199,-1.5093,0,0,0,0,40,42,0,0,0,0,0,traj_sz=100
14.7375,0.935058,0.463199,-1.5093,0.958113,0.391764,-1.04394,0.108666,40,42,0.0727169,0.109477,0.111601,1.79874,0,14.7375
14.7574,0.935217,0.462061,-1.51043,0,0,0,0,40,42,0,0,0,0,0,traj_sz=100
14.7576,0.935217,0.462061,-1.51043,0.958113,0.391764,-1.04394,0.108666,40,42,0.0715506,0.110504,0.11602,1.79916,0,14.7576
14.7774,0.935558,0.459831,-1.51069,0,0,0,0,40,42,0,0,0,0,0,traj_sz=100
14.7775,0.935558,0.459831,-1.51069,0.958113,0.391764,-1.04394,0.108666,40,42,0.0692991,0.110446,0.124189,1.79997,0,14.7775
14.7974,0.936136,0.456693,-1.51283,0,0,0,0,40,42,0,0,0,0,0,traj_sz=100
14.7976,0.936136,0.456693,-1.51283,0.958113,0.391764,-1.04394,0.108666,40,42,0.0660929,0.109475,0.134423,1.80102,0,14.7976
14.8175,0.936058,0.454575,-1.50817,0,0,0,0,40,42,0,0,0,0,0,traj_sz=100
14.8176,0.936058,0.454575,-1.50817,0.958113,0.391764,-1.04394,0.108666,40,42,0.064068,0.109714,0.147504,1.80214,0,14.8176
14.8375,0.936092,0.453567,-1.50867,0,0,0,0,40,42,0,0,0,0,0,traj_sz=100
14.8376,0.936092,0.453567,-1.50867,0.958113,0.391764,-1.04394,0.108666,40,42,0.0630505,0.110909,0.152879,1.80261,0,14.8376
14.8573,0.936311,0.452538,-1.50955,0,0,0,0,40,42,0,0,0,0,0,traj_sz=100
14.8574,0.936311,0.452538,-1.50955,0.958113,0.391764,-1.04394,0.108666,40,42,0.0619941,0.112002,0.155831,1.80293,0,14.8574
14.8775,0.936638,0.450417,-1.50815,0,0,0,0,40,42,0,0,0,0,0,traj_sz=100
14.8776,0.936638,0.450417,-1.50815,0.958113,0.391764,-1.04394,0.108666,40,42,0.0598825,0.112091,0.16348,1.8037,0,14.8776
14.8974,0.936796,0.447402,-1.50616,0,0,0,0,40,42,0,0,0,0,0,traj_sz=100
14.8975,0.936796,0.447402,-1.50616,0.958113,0.391764,-1.04394,0.108666,40,42,0.0568991,0.111417,0.178604,1.80507,0,14.8975
14.9173,0.937179,0.445329,-1.50721,0,0,0,0,40,42,0,0,0,0,0,traj_sz=100
14.9175,0.937179,0.445329,-1.50721,0.958113,0.391764,-1.04394,0.108666,41,42,0.0547872,0.11152,0.184901,1.80578,0,14.9175
14.9373,0.937157,0.444183,-1.50343,0,0,0,0,41,42,0,0,0,0,0,traj_sz=100
14.9374,0.937157,0.444183,-1.50343,0.958113,0.391764,-1.04394,0.108666,41,42,0.053711,0.112622,0.192614,1.80637,0,14.9374
14.9574,0.937384,0.443014,-1.50271,0,0,0,0,41,42,0,0,0,0,0,traj_sz=100
14.9575,0.937384,0.443014,-1.50271,0.958113,0.391764,-1.04394,0.108666,41,42,0.052541,0.113623,0.197296,1.80676,0,14.9575
14.9775,0.937583,0.440794,-1.50236,0,0,0,0,41,42,0,0,0,0,0,traj_sz=100
14.9776,0.937583,0.440794,-1.50236,0.978159,0.357304,-0.970446,0.111763,41,43,0.086069,0.113689,0.209362,1.80771,0,14.9776
14.9973,0.937813,0.437395,-1.49809,0,0,0,0,41,43,0,0,0,0,0,traj_sz=100
14.9975,0.937813,0.437395,-1.49809,0.978159,0.357304,-0.970446,0.111763,41,43,0.0828101,0.112659,0.228633,1.80922,0,14.9975
15.0174,0.938064,0.434906,-1.49441,0,0,0,0,41,43,0,0,0,0,0,traj_sz=100
15.0177,0.938064,0.434906,-1.49441,0.978159,0.357304,-0.970446,0.111763,41,43,0.0804358,0.112483,0.241604,1.81026,0,15.0177
15.0374,0.938343,0.433694,-1.49598,0,0,0,0,41,43,0,0,0,0,0,traj_sz=100
15.0375,0.938343,0.433694,-1.49598,0.978159,0.357304,-0.970446,0.111763,41,43,0.0791523,0.113408,0.245989,1.81063,0,15.0375
15.0573,0.93826,0.432437,-1.49057,0,0,0,0,41,43,0,0,0,0,0,traj_sz=100
15.0575,0.93826,0.432437,-1.49057,0.978159,0.357304,-0.970446,0.111763,41,43,0.0780893,0.114538,0.255182,1.81134,0,15.0575
15.0775,0.938832,0.429807,-1.48974,0,0,0,0,41,43,0,0,0,0,0,traj_sz=100
15.0777,0.938832,0.429807,-1.48974,0.978159,0.357304,-0.970446,0.111763,41,43,0.0754492,0.114195,0.264919,1.81218,0,15.0777
15.0975,0.938957,0.425831,-1.48446,0,0,0,0,41,43,0,0,0,0,0,traj_sz=100
15.0976,0.938957,0.425831,-1.48446,0.978159,0.357304,-0.970446,0.111763,41,43,0.071652,0.112824,0.289392,1.8141,0,15.0976
15.1174,0.939344,0.42331,-1.48205,0,0,0,0,41,43,0,0,0,0,0,traj_sz=100
15.1176,0.939344,0.42331,-1.48205,0.978159,0.357304,-0.970446,0.111763,41,43,0.0691859,0.112653,0.300813,1.81505,0,15.1176
15.1375,0.939431,0.4219,-1.47726,0,0,0,0,41,43,0,0,0,0,0,traj_sz=100
15.1376,0.939431,0.4219,-1.47726,0.978159,0.357304,-0.970446,0.111763,41,43,0.0679308,0.113617,0.308766,1.81569,0,15.1376
15.1573,0.939763,0.420657,-1.47739,0,0,0,0,41,43,0,0,0,0,0,traj_sz=100
15.1575,0.939763,0.420657,-1.47739,0.978159,0.357304,-0.970446,0.111763,41,43,0.0666581,0.114606,0.312565,1.81604,0,15.1575
15.1774,0.939887,0.417947,-1.47272,0,0,0,0,41,43,0,0,0,0,0,traj_sz=100
15.1777,0.939887,0.417947,-1.47272,0.978159,0.357304,-0.970446,0.111763,41,43,0.0640993,0.114424,0.328668,1.81733,0,15.1777
15.1974,0.940431,0.414055,-1.46538,0,0,0,0,41,43,0,0,0,0,0,traj_sz=100
15.1975,0.940431,0.414055,-1.46538,0.978159,0.357304,-0.970446,0.111763,41,43,0.0604058,0.112976,0.346843,1.81886,0,15.1975
15.2174,0.940511,0.411445,-1.45894,0,0,0,0,41,43,0,0,0,0,0,traj_sz=100
15.2176,0.940511,0.411445,-1.45894,0.978159,0.357304,-0.970446,0.111763,41,43,0.0580049,0.112908,0.3491,1.82014,0,15.2176
15.2374,0.941019,0.410196,-1.4602,0,0,0,0,41,43,0,0,0,0,0,traj_sz=100
15.2376,0.941019,0.410196,-1.4602,0.978159,0.357304,-0.970446,0.111763,41,43,0.0566679,0.113838,0.3491,1.82034,0,15.2376
15.2573,0.941002,0.408934,-1.45662,0,0,0,0,41,43,0,0,0,0,0,traj_sz=100
15.2574,0.941002,0.408934,-1.45662,0.978159,0.357304,-0.970446,0.111763,41,43,0.0555269,0.114988,0.3491,1.82101,0,15.2574
15.2775,0.941119,0.40635,-1.44987,0,0,0,0,41,43,0,0,0,0,0,traj_sz=100
15.2778,0.941119,0.40635,-1.44987,0.978159,0.357304,-0.970446,0.111763,41,43,0.0531556,0.114977,0.3491,1.82225,0,15.2778
15.2976,0.941668,0.402572,-1.443,0,0,0,0,41,43,0,0,0,0,0,traj_sz=100
15.2977,0.941668,0.402572,-1.443,0.978159,0.357304,-0.970446,0.111763,42,43,0.0495492,0.113675,0.3491,1.82374,0,15.2977
15.3174,0.942157,0.400137,-1.43669,0,0,0,0,42,43,0,0,0,0,0,traj_sz=100
15.3176,0.942157,0.400137,-1.43669,0.978159,0.357304,-0.970446,0.111763,42,43,0.0472625,0.11357,0.3491,1.82459,0,15.3176
15.3374,0.94229,0.39884,-1.43177,0,0,0,0,42,43,0,0,0,0,0,traj_sz=100
15.3376,0.94229,0.39884,-1.43177,0.978159,0.357304,-0.970446,0.111763,42,43,0.0461056,0.11466,0.3491,1.82515,0,15.3376
15.3573,0.942677,0.397649,-1.42957,0,0,0,0,42,43,0,0,0,0,0,traj_sz=100
15.3574,0.942677,0.397649,-1.42957,1.00132,0.323471,-0.890435,0.115506,42,44,0.081694,0.115691,0.3491,1.82544,0,15.3574
15.3774,0.942827,0.395186,-1.42154,0,0,0,0,42,44,0,0,0,0,0,traj_sz=100
15.3775,0.942827,0.395186,-1.42154,1.00132,0.323471,-0.890435,0.115506,42,44,0.0796151,0.115772,0.3491,1.8266,0,15.3775
15.3974,0.94347,0.391731,-1.41443,0,0,0,0,42,44,0,0,0,0,0,traj_sz=100
15.3976,0.94347,0.391731,-1.41443,1.00132,0.323471,-0.890435,0.115506,42,44,0.0764363,0.114747,0.3491,1.82786,0,15.3976
15.4175,0.94403,0.389395,-1.41046,0,0,0,0,42,44,0,0,0,0,0,traj_sz=100
15.4177,0.94403,0.389395,-1.41046,1.00132,0.323471,-0.890435,0.115506,42,44,0.0742252,0.114793,0.3491,1.82861,0,15.4177
15.4374,0.943993,0.388125,-1.40394,0,0,0,0,42,44,0,0,0,0,0,traj_sz=100
15.4375,0.943993,0.388125,-1.40394,1.00132,0.323471,-0.890435,0.115506,42,44,0.0732771,0.116096,0.3491,1.82931,0,15.4375
15.4574,0.944528,0.386932,-1.40385,0,0,0,0,42,44,0,0,0,0,0,traj_sz=100
15.4576,0.944528,0.386932,-1.40385,1.00132,0.323471,-0.890435,0.115506,42,44,0.0720161,0.117203,0.3491,1.82948,0,15.4576
15.4773,0.945158,0.38458,-1.39738,0,0,0,0,42,44,0,0,0,0,0,traj_sz=100
15.4774,0.945158,0.38458,-1.39738,1.00132,0.323471,-0.890435,0.115506,42,44,0.0698834,0.117241,0.3491,1.83018,0,15.4774
15.4974,0.945639,0.380954,-1.38562,0,0,0,0,42,44,0,0,0,0,0,traj_sz=100
15.4976,0.945639,0.380954,-1.38562,1.00132,0.323471,-0.890435,0.115506,42,44,0.0667519,0.116306,0.3491,1.83169,0,15.4976
15.5174,0.946145,0.378529,-1.37887,0,0,0,0,42,44,0,0,0,0,0,traj_sz=100
15.5175,0.946145,0.378529,-1.37887,1.00132,0.323471,-0.890435,0.115506,42,44,0.0645715,0.11637,0.3491,1.83254,0,15.5175
15.5374,0.946433,0.3773,-1.37483,0,0,0,0,42,44,0,0,0,0,0,traj_sz=100
15.5375,0.946433,0.3773,-1.37483,1.00132,0.323471,-0.890435,0.115506,42,44,0.063486,0.117583,0.3491,1.83295,0,15.5375
15.5575,0.946929,0.3761,-1.37366,0,0,0,0,42,44,0,0,0,0,0,traj_sz=100
15.5577,0.946929,0.3761,-1.37366,1.00132,0.323471,-0.890435,0.115506,42,44,0.0622625,0.118739,0.3491,1.83317,0,15.5577
15.5774,0.947504,0.373675,-1.36719,0,0,0,0,42,44,0,0,0,0,0,traj_sz=100
15.5775,0.947504,0.373675,-1.36719,1.00132,0.323471,-0.890435,0.115506,42,44,0.0600485,0.118764,0.3491,1.83397,0,15.5775
15.5974,0.948016,0.36994,-1.35416,0,0,0,0,42,44,0,0,0,0,0,traj_sz=100
15.5975,0.948016,0.36994,-1.35416,1.00132,0.323471,-0.890435,0.115506,42,44,0.0568405,0.117745,0.3491,1.83553,0,15.5975
15.6174,0.94829,0.368664,-1.35009,0,0,0,0,42,44,0,0,0,0,0,traj_sz=100
15.6176,0.94829,0.368664,-1.35009,1.00132,0.323471,-0.890435,0.115506,42,44,0.0557064,0.11896,0.3491,1.83598,0,15.6176
15.6373,0.948924,0.366139,-1.34435,0,0,0,0,42,44,0,0,0,0,0,traj_sz=100
15.6374,0.948924,0.366139,-1.34435,1.00132,0.323471,-0.890435,0.115506,42,44,0.0533426,0.118889,0.3491,1.8368,0,15.6374
15.6574,0.949401,0.364968,-1.34301,0,0,0,0,42,44,0,0,0,0,0,traj_sz=100
15.6576,0.949401,0.364968,-1.34301,1.00132,0.323471,-0.890435,0.115506,42,44,0.05215,0.120082,0.3491,1.83702,0,15.6576
15.6774,0.949925,0.362435,-1.33679,0,0,0,0,42,44,0,0,0,0,0,traj_sz=100
15.6775,0.949925,0.362435,-1.33679,1.00132,0.323471,-0.890435,0.115506,43,44,0.0498191,0.120097,0.3491,1.83794,0,15.6775
15.6973,0.950925,0.358762,-1.3257,0,0,0,0,43,44,0,0,0,0,0,traj_sz=100
15.6974,0.950925,0.358762,-1.3257,1.00132,0.323471,-0.890435,0.115506,43,44,0.046465,0.118892,0.3491,1.83907,0,15.6974
15.7174,0.951559,0.356297,-1.31981,0,0,0,0,43,44,0,0,0,0,0,traj_sz=100
15.7176,0.951559,0.356297,-1.31981,1.00132,0.323471,-0.890435,0.115506,43,44,0.0441556,0.118939,0.3491,1.83987,0,15.7176
15.7375,0.951996,0.355134,-1.31777,0,0,0,0,43,44,0,0,0,0,0,traj_sz=100
15.7376,0.951996,0.355134,-1.31777,1.00132,0.323471,-0.890435,0.115506,43,44,0.0430022,0.120157,0.3491,1.84013,0,15.7376
15.7573,0.952269,0.353843,-1.31372,0,0,0,0,43,44,0,0,0,0,0,traj_sz=100
15.7574,0.952269,0.353843,-1.31372,1.00132,0.323471,-0.890435,0.115506,43,44,0.0418448,0.121345,0.3491,1.8406,0,15.7574
15.7775,0.953109,0.35117,-1.30759,0,0,0,0,43,44,0,0,0,0,0,traj_sz=100
15.7777,0.953109,0.35117,-1.30759,1.02798,0.290531,-0.803099,0.119279,43,45,0.0780306,0.121139,0.3491,1.84134,0,15.7777
15.7975,0.95421,0.347194,-1.29676,0,0,0,0,43,45,0,0,0,0,0,traj_sz=100
15.7976,0.95421,0.347194,-1.29676,1.02798,0.290531,-0.803099,0.119279,43,45,0.0745124,0.119781,0.3491,1.84258,0,15.7976
15.8174,0.955024,0.344662,-1.29143,0,0,0,0,43,45,0,0,0,0,0,traj_sz=100
15.8176,0.955024,0.344662,-1.29143,1.02798,0.290531,-0.803099,0.119279,43,45,0.0721503,0.119785,0.3491,1.84327,0,15.8176
15.8375,0.955386,0.343347,-1.28766,0,0,0,0,43,45,0,0,0,0,0,traj_sz=100
15.8376,0.955386,0.343347,-1.28766,1.02798,0.290531,-0.803099,0.119279,43,45,0.0709932,0.121053,0.3491,1.84369,0,15.8376
15.8574,0.955781,0.342138,-1.28675,0,0,0,0,43,45,0,0,0,0,0,traj_sz=100
15.8575,0.955781,0.342138,-1.28675,1.02798,0.290531,-0.803099,0.119279,43,45,0.0697724,0.122383,0.3491,1.84402,0,15.8575
15.8775,0.956814,0.339532,-1.28106,0,0,0,0,43,45,0,0,0,0,0,traj_sz=100
15.8776,0.956814,0.339532,-1.28106,1.02798,0.290531,-0.803099,0.119279,43,45,0.0672905,0.122239,0.3491,1.84458,0,15.8776
15.8974,0.957658,0.33566,-1.26679,0,0,0,0,43,45,0,0,0,0,0,traj_sz=100
15.8975,0.957658,0.33566,-1.26679,1.02798,0.290531,-0.803099,0.119279,43,45,0.0641104,0.121154,0.3491,1.846,0,15.8975
15.9174,0.958515,0.333269,-1.2623,0,0,0,0,43,45,0,0,0,0,0,traj_sz=100
15.9176,0.958515,0.333269,-1.2623,1.02798,0.290531,-0.803099,0.119279,43,45,0.0618113,0.121285,0.3491,1.8466,0,15.9176
15.9375,0.959243,0.332075,-1.26096,0,0,0,0,43,45,0,0,0,0,0,traj_sz=100
15.9377,0.959243,0.332075,-1.26096,1.02798,0.290531,-0.803099,0.119279,43,45,0.0605239,0.122471,0.3491,1.84665,0,15.9377
15.9573,0.959501,0.330675,-1.25617,0,0,0,0,43,45,0,0,0,0,0,traj_sz=100
15.9574,0.959501,0.330675,-1.25617,1.02798,0.290531,-0.803099,0.119279,43,45,0.0593648,0.123731,0.3491,1.8472,0,15.9574
15.9775,0.960703,0.328135,-1.25023,0,0,0,0,43,45,0,0,0,0,0,traj_sz=100
15.9777,0.960703,0.328135,-1.25023,1.02798,0.290531,-0.803099,0.119279,43,45,0.0568874,0.123579,0.3491,1.8476,0,15.9777
15.9975,0.962188,0.324185,-1.2388,0,0,0,0,43,45,0,0,0,0,0,traj_sz=100
15.9976,0.962188,0.324185,-1.2388,1.02798,0.290531,-0.803099,0.119279,43,45,0.0532604,0.122094,0.3491,1.84856,0,15.9976
16.0174,0.963195,0.321522,-1.23092,0,0,0,0,43,45,0,0,0,0,0,traj_sz=100
16.0175,0.963195,0.321522,-1.23092,1.02798,0.290531,-0.803099,0.119279,44,45,0.0508159,0.121932,0.3491,1.8492,0,16.0175
16.0376,0.963426,0.320165,-1.22346,0,0,0,0,44,45,0,0,0,0,0,traj_sz=100
16.0377,0.963426,0.320165,-1.22346,1.02798,0.290531,-0.803099,0.119279,44,45,0.0498379,0.123321,0.3491,1.84976,0,16.0377
16.0574,0.964213,0.318993,-1.22201,0,0,0,0,44,45,0,0,0,0,0,traj_sz=100
16.0575,0.964213,0.318993,-1.22201,1.02798,0.290531,-0.803099,0.119279,44,45,0.0485408,0.124456,0.3491,1.84976,0,16.0575
16.0774,0.965341,0.316192,-1.21381,0,0,0,0,44,45,0,0,0,0,0,traj_sz=100
16.0775,0.965341,0.316192,-1.21381,1.02798,0.290531,-0.803099,0.119279,44,45,0.0459318,0.124144,0.3491,1.85039,0,16.0775
16.0974,0.96691,0.312387,-1.20112,0,0,0,0,44,45,0,0,0,0,0,traj_sz=100
16.0975,0.96691,0.312387,-1.20112,1.02798,0.290531,-0.803099,0.119279,44,45,0.0424444,0.12277,0.3491,1.85122,0,16.0975
16.1173,0.967464,0.311163,-1.19719,0,0,0,0,44,45,0,0,0,0,0,traj_sz=100
16.1174,0.967464,0.311163,-1.19719,1.02798,0.290531,-0.803099,0.119279,44,45,0.0412957,0.124033,0.3491,1.85145,0,16.1174
16.1373,0.968633,0.308603,-1.19001,0,0,0,0,44,45,0,0,0,0,0,traj_sz=100
16.1373,0.968633,0.308603,-1.19001,1.02798,0.290531,-0.803099,0.119279,44,45,0.0388335,0.123881,0.3491,1.85192,0,16.1373
16.1574,0.96882,0.307324,-1.18343,0,0,0,0,44,45,0,0,0,0,0,traj_sz=100
16.1574,0.96882,0.307324,-1.18343,1.02798,0.290531,-0.803099,0.119279,44,45,0.0378969,0.12544,0.3491,1.85248,0,16.1574
16.1775,0.9702,0.304872,-1.17751,0,0,0,0,44,45,0,0,0,0,0,traj_sz=100
16.1776,0.9702,0.304872,-1.17751,1.02798,0.290531,-0.803099,0.119279,44,45,0.0353894,0.125374,0.3491,1.85272,0,16.1776
16.1973,0.97145,0.30114,-1.16235,0,0,0,0,44,45,0,0,0,0,0,traj_sz=100
16.1975,0.97145,0.30114,-1.16235,1.05837,0.259045,-0.708179,0.122489,44,46,0.0731556,0.124373,0.3491,1.8538,0,16.1975
16.2174,0.972806,0.298842,-1.15763,0,0,0,0,44,46,0,0,0,0,0,traj_sz=100
16.2175,0.972806,0.298842,-1.15763,1.05837,0.259045,-0.708179,0.122489,44,46,0.0708032,0.124436,0.3491,1.85398,0,16.2175
16.2374,0.973424,0.297673,-1.15412,0,0,0,0,44,46,0,0,0,0,0,traj_sz=100
16.2375,0.973424,0.297673,-1.15412,1.05837,0.259045,-0.708179,0.122489,44,46,0.0697026,0.125844,0.3491,1.85414,0,16.2375
16.2574,0.97397,0.296484,-1.14851,0,0,0,0,44,46,0,0,0,0,0,traj_sz=100
16.2575,0.97397,0.296484,-1.14851,1.05837,0.259045,-0.708179,0.122489,44,46,0.0687409,0.12728,0.3491,1.85436,0,16.2575
16.2775,0.974803,0.294016,-1.13898,0,0,0,0,44,46,0,0,0,0,0,traj_sz=100
16.2776,0.974803,0.294016,-1.13898,1.05837,0.259045,-0.708179,0.122489,44,46,0.0667355,0.127574,0.3491,1.85508,0,16.2776
16.2973,0.976792,0.290539,-1.12991,0,0,0,0,44,46,0,0,0,0,0,traj_sz=100
16.2974,0.976792,0.290539,-1.12991,1.05837,0.259045,-0.708179,0.122489,44,46,0.0632952,0.126323,0.3491,1.85543,0,16.2974
16.3173,0.977958,0.288227,-1.12179,0,0,0,0,44,46,0,0,0,0,0,traj_sz=100
16.3173,0.977958,0.288227,-1.12179,1.05837,0.259045,-0.708179,0.122489,44,46,0.0611936,0.126508,0.3491,1.85579,0,16.3173
16.3374,0.97864,0.287109,-1.11824,0,0,0,0,44,46,0,0,0,0,0,traj_sz=100
16.3375,0.97864,0.287109,-1.11824,1.05837,0.259045,-0.708179,0.122489,44,46,0.0601025,0.127947,0.3491,1.85587,0,16.3375
16.3573,0.979181,0.285966,-1.11466,0,0,0,0,44,46,0,0,0,0,0,traj_sz=100
16.3575,0.979181,0.285966,-1.11466,1.05837,0.259045,-0.708179,0.122489,44,46,0.0590503,0.129429,0.3491,1.85609,0,16.3575
16.3774,0.980456,0.283599,-1.10685,0,0,0,0,44,46,0,0,0,0,0,traj_sz=100
16.3775,0.980456,0.283599,-1.10685,1.05837,0.259045,-0.708179,0.122489,44,46,0.0568239,0.129527,0.3491,1.8564,0,16.3775
16.3973,0.982395,0.280062,-1.09548,0,0,0,0,44,46,0,0,0,0,0,traj_sz=100
16.3974,0.982395,0.280062,-1.09548,1.05837,0.259045,-0.708179,0.122489,45,46,0.053455,0.128303,0.3491,1.85685,0,16.3974
16.4174,0.983657,0.277661,-1.0879,0,0,0,0,45,46,0,0,0,0,0,traj_sz=100
16.4176,0.983657,0.277661,-1.0879,1.05837,0.259045,-0.708179,0.122489,45,46,0.0511801,0.12841,0.3491,1.8572,0,16.4176
16.4374,0.984326,0.276468,-1.08445,0,0,0,0,45,46,0,0,0,0,0,traj_sz=100
16.4376,0.984326,0.276468,-1.08445,1.05837,0.259045,-0.708179,0.122489,45,46,0.0500107,0.129789,0.3491,1.85735,0,16.4376
16.4574,0.985083,0.275272,-1.08151,0,0,0,0,45,46,0,0,0,0,0,traj_sz=100
16.4577,0.985083,0.275272,-1.08151,1.05837,0.259045,-0.708179,0.122489,45,46,0.0487677,0.131123,0.3491,1.85742,0,16.4577
16.4774,0.986369,0.272862,-1.07365,0,0,0,0,45,46,0,0,0,0,0,traj_sz=100
16.4775,0.986369,0.272862,-1.07365,1.05837,0.259045,-0.708179,0.122489,45,46,0.0464827,0.131185,0.3491,1.85777,0,16.4775
16.4974,0.988611,0.269153,-1.06229,0,0,0,0,45,46,0,0,0,0,0,traj_sz=100
16.4975,0.988611,0.269153,-1.06229,1.05837,0.259045,-0.708179,0.122489,45,46,0.0427928,0.129657,0.3491,1.8581,0,16.4975
16.5173,0.990172,0.266761,-1.05573,0,0,0,0,45,46,0,0,0,0,0,traj_sz=100
16.5175,0.990172,0.266761,-1.05573,1.05837,0.259045,-0.708179,0.122489,45,46,0.0403091,0.129599,0.3491,1.85822,0,16.5175
16.5374,0.990818,0.265348,-1.04967,0,0,0,0,45,46,0,0,0,0,0,traj_sz=100
16.5375,0.990818,0.265348,-1.04967,1.05837,0.259045,-0.708179,0.122489,45,46,0.0390975,0.130926,0.3491,1.85852,0,16.5375
16.5574,0.991614,0.263997,-1.04676,0,0,0,0,45,46,0,0,0,0,0,traj_sz=100
16.5575,0.991614,0.263997,-1.04676,1.05837,0.259045,-0.708179,0.122489,45,46,0.0376905,0.132194,0.3491,1.85866,0,16.5575
16.5774,0.993113,0.261552,-1.03731,0,0,0,0,45,46,0,0,0,0,0,traj_sz=100
16.5776,0.993113,0.261552,-1.03731,1.05837,0.259045,-0.708179,0.122489,45,46,0.0353443,0.132199,0.3491,1.85888,0,16.5776
16.5973,0.99542,0.257812,-1.02555,0,0,0,0,45,46,0,0,0,0,0,traj_sz=100
16.5975,0.99542,0.257812,-1.02555,1.05837,0.259045,-0.708179,0.122489,45,46,0.0315941,0.130711,0.3491,1.8592,0,16.5975
16.6174,0.996928,0.255313,-1.01683,0,0,0,0,45,46,0,0,0,0,0,traj_sz=100
16.6175,0.996928,0.255313,-1.01683,1.05837,0.259045,-0.708179,0.122489,45,46,0.0291481,0.13069,0.3491,1.85945,0,16.6175
16.6375,0.997792,0.254227,-1.01443,0,0,0,0,45,46,0,0,0,0,0,traj_sz=100
16.6376,0.997792,0.254227,-1.01443,1.05837,0.259045,-0.708179,0.122489,45,46,0.0279,0.13212,0.3491,1.85939,0,16.6376
16.6575,0.998551,0.252804,-1.01004,0,0,0,0,45,46,0,0,0,0,0,traj_sz=100
16.6576,0.998551,0.252804,-1.01004,1.05837,0.259045,-0.708179,0.122489,45,46,0.0265284,0.133385,0.3491,1.85962,0,16.6576
16.6773,1.00018,0.250535,-1.0034,0,0,0,0,45,46,0,0,0,0,0,traj_sz=100
16.6775,1.00018,0.250535,-1.0034,1.0925,0.229816,-0.606101,0.124696,45,47,0.0670903,0.13344,0.3491,1.85965,0,16.6775
16.6975,1.00267,0.246941,-0.990595,0,0,0,0,45,47,0,0,0,0,0,traj_sz=100
16.6976,1.00267,0.246941,-0.990595,1.0925,0.229816,-0.606101,0.124696,45,47,0.0635685,0.131979,0.3491,1.85977,0,16.6976
16.7175,1.00438,0.24461,-0.98388,0,0,0,0,45,47,0,0,0,0,0,traj_sz=100
16.7176,1.00438,0.24461,-0.98388,1.0925,0.229816,-0.606101,0.124696,45,47,0.0611175,0.131933,0.3491,1.85977,0,16.7176
16.7374,1.00531,0.243478,-0.980797,0,0,0,0,45,47,0,0,0,0,0,traj_sz=100
16.7375,1.00531,0.243478,-0.980797,1.0925,0.229816,-0.606101,0.124696,45,47,0.0598593,0.133285,0.3491,1.8597,0,16.7375
16.7574,1.00618,0.242316,-0.977056,0,0,0,0,45,47,0,0,0,0,0,traj_sz=100
16.7575,1.00618,0.242316,-0.977056,1.0925,0.229816,-0.606101,0.124696,45,47,0.0586557,0.134664,0.3491,1.8597,0,16.7575
16.7774,1.00784,0.240159,-0.97101,0,0,0,0,45,47,0,0,0,0,0,traj_sz=100
16.7775,1.00784,0.240159,-0.97101,1.0925,0.229816,-0.606101,0.124696,46,47,0.0563268,0.134791,0.3491,1.85965,0,16.7775
16.7974,1.01048,0.236744,-0.96151,0,0,0,0,46,47,0,0,0,0,0,traj_sz=100
16.7975,1.01048,0.236744,-0.96151,1.0925,0.229816,-0.606101,0.124696,46,47,0.0526176,0.133341,0.3491,1.85957,0,16.7975
16.8174,1.01224,0.23461,-0.955354,0,0,0,0,46,47,0,0,0,0,0,traj_sz=100
16.8175,1.01224,0.23461,-0.955354,1.0925,0.229816,-0.606101,0.124696,46,47,0.0502492,0.133422,0.3491,1.85944,0,16.8175
16.8374,1.01305,0.233313,-0.950908,0,0,0,0,46,47,0,0,0,0,0,traj_sz=100
16.8378,1.01305,0.233313,-0.950908,1.0925,0.229816,-0.606101,0.124696,46,47,0.0490045,0.134781,0.3491,1.85958,0,16.8378
16.8573,1.01401,0.232201,-0.94728,0,0,0,0,46,47,0,0,0,0,0,traj_sz=100
16.8574,1.01401,0.232201,-0.94728,1.0925,0.229816,-0.606101,0.124696,46,47,0.047766,0.136115,0.3491,1.85947,0,16.8574
16.8774,1.01588,0.229933,-0.940473,0,0,0,0,46,47,0,0,0,0,0,traj_sz=100
16.8775,1.01588,0.229933,-0.940473,1.0925,0.229816,-0.606101,0.124696,46,47,0.045256,0.136035,0.3491,1.85935,0,16.8775
16.8974,1.01871,0.226466,-0.931055,0,0,0,0,46,47,0,0,0,0,0,traj_sz=100
16.8975,1.01871,0.226466,-0.931055,1.0925,0.229816,-0.606101,0.124696,46,47,0.0413618,0.13448,0.3491,1.85918,0,16.8975
16.9174,1.02055,0.224144,-0.923011,0,0,0,0,46,47,0,0,0,0,0,traj_sz=100
16.9176,1.02055,0.224144,-0.923011,1.0925,0.229816,-0.606101,0.124696,46,47,0.0388912,0.134438,0.3491,1.85912,0,16.9176
16.9373,1.02151,0.223102,-0.920767,0,0,0,0,46,47,0,0,0,0,0,traj_sz=100
16.9374,1.02151,0.223102,-0.920767,1.0925,0.229816,-0.606101,0.124696,46,47,0.0376163,0.135861,0.3491,1.85898,0,16.9374
16.9573,1.02243,0.222017,-0.917484,0,0,0,0,46,47,0,0,0,0,0,traj_sz=100
16.9574,1.02243,0.222017,-0.917484,1.0925,0.229816,-0.606101,0.124696,46,47,0.0363951,0.137322,0.3491,1.85891,0,16.9574
16.9774,1.02431,0.219764,-0.910236,0,0,0,0,46,47,0,0,0,0,0,traj_sz=100
16.9776,1.02431,0.219764,-0.910236,1.0925,0.229816,-0.606101,0.124696,46,47,0.0339033,0.13732,0.3491,1.85879,0,16.9776
16.9974,1.02712,0.21662,-0.89913,0,0,0,0,46,47,0,0,0,0,0,traj_sz=100
16.9975,1.02712,0.21662,-0.89913,1.0925,0.229816,-0.606101,0.124696,46,47,0.0303546,0.136012,0.3491,1.85847,0,16.9975
17.0173,1.02903,0.214551,-0.893163,0,0,0,0,46,47,0,0,0,0,0,traj_sz=100
17.0175,1.02903,0.214551,-0.893163,1.0925,0.229816,-0.606101,0.124696,46,47,0.0278982,0.136079,0.3491,1.85822,0,17.0175
17.0373,1.03001,0.213377,-0.88888,0,0,0,0,46,47,0,0,0,0,0,traj_sz=100
17.0374,1.03001,0.213377,-0.88888,1.0925,0.229816,-0.606101,0.124696,46,47,0.0266209,0.13744,0.3491,1.85816,0,17.0374
17.0574,1.0309,0.212325,-0.885839,0,0,0,0,46,47,0,0,0,0,0,traj_sz=100
17.0575,1.0309,0.212325,-0.885839,1.0925,0.229816,-0.606101,0.124696,46,47,0.025426,0.138971,0.3491,1.85811,0,17.0575
17.0773,1.03232,0.20957,-0.871746,0,0,0,0,46,47,0,0,0,0,0,traj_sz=100
17.0774,1.03232,0.20957,-0.871746,1.0925,0.229816,-0.606101,0.124696,46,47,0.0232268,0.139014,0.3491,1.85867,0,17.0774
17.0973,1.03523,0.206262,-0.860439,0,0,0,0,46,47,0,0,0,0,0,traj_sz=100
17.0975,1.03523,0.206262,-0.860439,1.0925,0.229816,-0.606101,0.124696,46,47,0.0194866,0.137575,0.3491,1.85841,0,17.0975
17.1173,1.03725,0.20402,-0.852882,0,0,0,0,46,47,0,0,0,0,0,traj_sz=100
17.1175,1.03725,0.20402,-0.852882,1.1301,0.203755,-0.497972,0.12563,46,48,0.061276,0.137482,0.3491,1.8582,0,17.1175
17.1374,1.03832,0.202999,-0.85005,0,0,0,0,46,48,0,0,0,0,0,traj_sz=100
17.1375,1.03832,0.202999,-0.85005,1.1301,0.203755,-0.497972,0.12563,46,48,0.0600008,0.138882,0.3491,1.85799,0,17.1375
17.1574,1.03922,0.201829,-0.845052,0,0,0,0,46,48,0,0,0,0,0,traj_sz=100
17.1576,1.03922,0.201829,-0.845052,1.1301,0.203755,-0.497972,0.12563,47,48,0.0588772,0.140348,0.3491,1.85801,0,17.1576
17.1774,1.04137,0.199755,-0.838653,0,0,0,0,47,48,0,0,0,0,0,traj_sz=100
17.1776,1.04137,0.199755,-0.838653,1.1301,0.203755,-0.497972,0.12563,47,48,0.0563385,0.140252,0.3491,1.8576,0,17.1776
17.1974,1.04442,0.196585,-0.828602,0,0,0,0,47,48,0,0,0,0,0,traj_sz=100
17.1975,1.04442,0.196585,-0.828602,1.1301,0.203755,-0.497972,0.12563,47,48,0.0526283,0.138793,0.3491,1.85717,0,17.1975
17.2175,1.04634,0.194444,-0.82025,0,0,0,0,47,48,0,0,0,0,0,traj_sz=100
17.2176,1.04634,0.194444,-0.82025,1.1301,0.203755,-0.497972,0.12563,47,48,0.0503153,0.138859,0.3491,1.85699,0,17.2176
17.2374,1.0473,0.193504,-0.816356,0,0,0,0,47,48,0,0,0,0,0,traj_sz=100
17.2375,1.0473,0.193504,-0.816356,1.1301,0.203755,-0.497972,0.12563,47,48,0.0492409,0.140393,0.3491,1.85683,0,17.2375
17.2574,1.04839,0.192327,-0.811129,0,0,0,0,47,48,0,0,0,0,0,traj_sz=100
17.2575,1.04839,0.192327,-0.811129,1.1301,0.203755,-0.497972,0.12563,47,48,0.0479844,0.141702,0.3491,1.85671,0,17.2575
17.2774,1.05059,0.190135,-0.804089,0,0,0,0,47,48,0,0,0,0,0,traj_sz=100
17.2775,1.05059,0.190135,-0.804089,1.1301,0.203755,-0.497972,0.12563,47,48,0.045353,0.141526,0.3491,1.85636,0,17.2775
17.2974,1.05385,0.187029,-0.794115,0,0,0,0,47,48,0,0,0,0,0,traj_sz=100
17.2975,1.05385,0.187029,-0.794115,1.1301,0.203755,-0.497972,0.12563,47,48,0.041516,0.139961,0.3491,1.85576,0,17.2975
17.3174,1.05599,0.184961,-0.784594,0,0,0,0,47,48,0,0,0,0,0,traj_sz=100
17.3176,1.05599,0.184961,-0.784594,1.1301,0.203755,-0.497972,0.12563,47,48,0.0391654,0.139929,0.3491,1.85539,0,17.3176
17.3374,1.05711,0.184017,-0.781838,0,0,0,0,47,48,0,0,0,0,0,traj_sz=100
17.3376,1.05711,0.184017,-0.781838,1.1301,0.203755,-0.497972,0.12563,47,48,0.0378895,0.141355,0.3491,1.85511,0,17.3376
17.3574,1.05823,0.183021,-0.777343,0,0,0,0,47,48,0,0,0,0,0,traj_sz=100
17.3575,1.05823,0.183021,-0.777343,1.1301,0.203755,-0.497972,0.12563,47,48,0.0366843,0.142748,0.3491,1.85487,0,17.3575
17.3774,1.06039,0.180943,-0.769203,0,0,0,0,47,48,0,0,0,0,0,traj_sz=100
17.3776,1.06039,0.180943,-0.769203,1.1301,0.203755,-0.497972,0.12563,47,48,0.0342147,0.142697,0.3491,1.8545,0,17.3776
17.3973,1.06365,0.177768,-0.757388,0,0,0,0,47,48,0,0,0,0,0,traj_sz=100
17.3974,1.06365,0.177768,-0.757388,1.1301,0.203755,-0.497972,0.12563,47,48,0.0304302,0.141113,0.3491,1.85398,0,17.3974
17.4174,1.06597,0.175893,-0.749499,0,0,0,0,47,48,0,0,0,0,0,traj_sz=100
17.4175,1.06597,0.175893,-0.749499,1.1301,0.203755,-0.497972,0.12563,47,48,0.027961,0.141048,0.3491,1.85336,0,17.4175
17.4374,1.06708,0.174753,-0.744552,0,0,0,0,47,48,0,0,0,0,0,traj_sz=100
17.4375,1.06708,0.174753,-0.744552,1.1301,0.203755,-0.497972,0.12563,47,48,0.0266913,0.142396,0.3491,1.85323,0,17.4375
17.4574,1.06834,0.173781,-0.74135,0,0,0,0,47,48,0,0,0,0,0,traj_sz=100
17.4576,1.06834,0.173781,-0.74135,1.1301,0.203755,-0.497972,0.12563,47,48,0.0253134,0.143717,0.3491,1.85288,0,17.4576
17.4774,1.07069,0.171649,-0.73281,0,0,0,0,47,48,0,0,0,0,0,traj_sz=100
17.4776,1.07069,0.171649,-0.73281,1.1301,0.203755,-0.497972,0.12563,47,48,0.0226783,0.143487,0.3491,1.85241,0,17.4776
17.4973,1.07426,0.168289,-0.719511,0,0,0,0,47,48,0,0,0,0,0,traj_sz=100
17.4974,1.07426,0.168289,-0.719511,1.1301,0.203755,-0.497972,0.12563,47,48,0.0186278,0.141573,0.3491,1.85181,0,17.4974
17.5174,1.07665,0.166173,-0.710966,0,0,0,0,47,48,0,0,0,0,0,traj_sz=100
17.5176,1.07665,0.166173,-0.710966,1.1301,0.203755,-0.497972,0.12563,48,48,0.0159747,0.14135,0.3491,1.85131,0,17.5176
17.5375,1.078,0.165157,-0.707371,0,0,0,0,48,48,0,0,0,0,0,traj_sz=100
17.5377,1.078,0.165157,-0.707371,1.1301,0.203755,-0.497972,0.12563,48,48,0.0145143,0.142575,0.3491,1.85093,0,17.5377
17.5575,1.07925,0.164165,-0.703614,0,0,0,0,48,48,0,0,0,0,0,traj_sz=100
17.5576,1.07925,0.164165,-0.703614,1.1301,0.203755,-0.497972,0.12563,48,48,0.0131566,0.143874,0.3491,1.8506,0,17.5576
17.5774,1.08171,0.162035,-0.694802,0,0,0,0,48,48,0,0,0,0,0,traj_sz=100
17.5775,1.08171,0.162035,-0.694802,1.1301,0.203755,-0.497972,0.12563,48,48,0.0104657,0.143577,0.3491,1.85009,0,17.5775
17.5974,1.08549,0.159029,-0.684034,0,0,0,0,48,48,0,0,0,0,0,traj_sz=100
17.5975,1.08549,0.159029,-0.684034,1.1301,0.203755,-0.497972,0.12563,48,48,0.00630959,0.141695,0.3491,1.84912,0,17.5975
17.6174,1.08796,0.157025,-0.676031,0,0,0,0,48,48,0,0,0,0,0,traj_sz=100
17.6176,1.08796,0.157025,-0.676031,1.1301,0.203755,-0.497972,0.12563,48,48,0.00363071,0.141461,0.3491,1.84852,0,17.6176
17.6374,1.08927,0.156135,-0.672791,0,0,0,0,48,48,0,0,0,0,0,traj_sz=100
17.6376,1.08927,0.156135,-0.672791,1.17059,0.181741,-0.385489,0.12563,48,49,0.0476407,0.142779,0.3491,1.8481,0,17.6376
17.6574,1.0906,0.155164,-0.668895,0,0,0,0,48,49,0,0,0,0,0,traj_sz=100
17.6575,1.0906,0.155164,-0.668895,1.17059,0.181741,-0.385489,0.12563,48,49,0.0462729,0.144022,0.3491,1.84771,0,17.6575
17.6774,1.09323,0.153247,-0.662394,0,0,0,0,48,49,0,0,0,0,0,traj_sz=100
17.6774,1.09323,0.153247,-0.662394,1.17059,0.181741,-0.385489,0.12563,48,49,0.0434759,0.143688,0.3491,1.84695,0,17.6774
17.6975,1.09723,0.15055,-0.653714,0,0,0,0,48,49,0,0,0,0,0,traj_sz=100
17.6976,1.09723,0.15055,-0.653714,1.17059,0.181741,-0.385489,0.12563,48,49,0.0392688,0.141813,0.3491,1.84566,0,17.6976
17.7175,1.09985,0.148695,-0.643954,0,0,0,0,48,49,0,0,0,0,0,traj_sz=100
17.7177,1.09985,0.148695,-0.643954,1.17059,0.181741,-0.385489,0.12563,48,49,0.0367363,0.141539,0.3491,1.84487,0,17.7177
17.7375,1.1012,0.147862,-0.641326,0,0,0,0,48,49,0,0,0,0,0,traj_sz=100
17.7377,1.1012,0.147862,-0.641326,1.17059,0.181741,-0.385489,0.12563,48,49,0.035336,0.142851,0.3491,1.84439,0,17.7377
17.7575,1.10262,0.146882,-0.637824,0,0,0,0,48,49,0,0,0,0,0,traj_sz=100
17.7576,1.10262,0.146882,-0.637824,1.17059,0.181741,-0.385489,0.12563,48,49,0.0338463,0.144019,0.3491,1.84395,0,17.7576
17.7775,1.10541,0.144883,-0.628358,0,0,0,0,48,49,0,0,0,0,0,traj_sz=100
17.7776,1.10541,0.144883,-0.628358,1.17059,0.181741,-0.385489,0.12563,48,49,0.0310677,0.143545,0.3491,1.84315,0,17.7776
17.7974,1.10957,0.142162,-0.613472,0,0,0,0,48,49,0,0,0,0,0,traj_sz=100
17.7976,1.10957,0.142162,-0.613472,1.17059,0.181741,-0.385489,0.12563,48,49,0.0271083,0.141509,0.3491,1.84178,0,17.7976
17.8174,1.11234,0.1402,-0.603431,0,0,0,0,48,49,0,0,0,0,0,traj_sz=100
17.8175,1.11234,0.1402,-0.603431,1.17059,0.181741,-0.385489,0.12563,48,49,0.0243924,0.141045,0.3491,1.84099,0,17.8175
17.8373,1.11372,0.139308,-0.600683,0,0,0,0,48,49,0,0,0,0,0,traj_sz=100
17.8374,1.11372,0.139308,-0.600683,1.17059,0.181741,-0.385489,0.12563,48,49,0.0229307,0.142306,0.3491,1.84053,0,17.8374
17.8575,1.11504,0.138503,-0.594613,0,0,0,0,48,49,0,0,0,0,0,traj_sz=100
17.8577,1.11504,0.138503,-0.594613,1.17059,0.181741,-0.385489,0.12563,48,49,0.0217983,0.14371,0.3491,1.84007,0,17.8577
17.8774,1.11762,0.136607,-0.584441,0,0,0,0,48,49,0,0,0,0,0,traj_sz=100
17.8776,1.11762,0.136607,-0.584441,1.17059,0.181741,-0.385489,0.12563,48,49,0.0192775,0.143454,0.3491,1.83938,0,17.8776
17.8974,1.12153,0.134134,-0.570771,0,0,0,0,48,49,0,0,0,0,0,traj_sz=100
17.8976,1.12153,0.134134,-0.570771,1.17059,0.181741,-0.385489,0.12563,49,49,0.0155646,0.141772,0.3491,1.83807,0,17.8976
17.9174,1.12413,0.132726,-0.563789,0,0,0,0,49,49,0,0,0,0,0,traj_sz=100
17.9175,1.12413,0.132726,-0.563789,1.17059,0.181741,-0.385489,0.12563,49,49,0.0130744,0.141713,0.3491,1.83705,0,17.9175
17.9374,1.12533,0.131932,-0.557791,0,0,0,0,49,49,0,0,0,0,0,traj_sz=100
17.9375,1.12533,0.131932,-0.557791,1.17059,0.181741,-0.385489,0.12563,49,49,0.0120314,0.143185,0.3491,1.83668,0,17.9375
17.9574,1.1265,0.131034,-0.551334,0,0,0,0,49,49,0,0,0,0,0,traj_sz=100
17.9575,1.1265,0.131034,-0.551334,1.17059,0.181741,-0.385489,0.12563,49,49,0.0109985,0.144665,0.3491,1.83641,0,17.9575
17.9774,1.12921,0.129854,-0.54699,0,0,0,0,49,49,0,0,0,0,0,traj_sz=100
17.9775,1.12921,0.129854,-0.54699,1.17059,0.181741,-0.385489,0.12563,49,49,0.00835689,0.144598,0.3491,1.83516,0,17.9775
17.9973,1.13301,0.127653,-0.533043,0,0,0,0,49,49,0,0,0,0,0,traj_sz=100
17.9974,1.13301,0.127653,-0.533043,1.17059,0.181741,-0.385489,0.12563,49,49,0.0048774,0.143142,0.3491,1.83379,0,17.9974
18.0174,1.13579,0.126172,-0.526678,0,0,0,0,49,49,0,0,0,0,0,traj_sz=100
18.0175,1.13579,0.126172,-0.526678,1.17059,0.181741,-0.385489,0.12563,49,49,0.00215507,0.142956,0.3491,1.83271,0,18.0175
18.0375,1.13716,0.125391,-0.523205,0,0,0,0,49,49,0,0,0,0,0,traj_sz=100
18.0376,1.13716,0.125391,-0.523205,1.17059,0.181741,-0.385489,0.12563,49,49,0.000801622,0.144318,0.3491,1.83221,0,18.0376
18.0575,1.1385,0.124882,-0.52002,0,0,0,0,49,49,0,0,0,0,0,traj_sz=100
18.0575,1.1385,0.124882,-0.52002,1.17059,0.181741,-0.385489,0.12563,49,49,-0.000407374,0.14579,0.3491,1.83155,0,18.0575
18.0773,1.14135,0.123275,-0.512562,0,0,0,0,49,49,0,0,0,0,0,traj_sz=100
18.0774,1.14135,0.123275,-0.512562,1.17059,0.181741,-0.385489,0.12563,49,49,-0.00319346,0.145458,0.3491,1.83051,0,18.0774
18.0973,1.1456,0.121314,-0.500831,0,0,0,0,49,49,0,0,0,0,0,traj_sz=100
18.0974,1.1456,0.121314,-0.500831,1.17059,0.181741,-0.385489,0.12563,49,49,-0.00709737,0.143712,0.3491,1.82868,0,18.0974
18.1174,1.14695,0.120295,-0.495407,0,0,0,0,49,49,0,0,0,0,0,traj_sz=100
18.1176,1.14695,0.120295,-0.495407,1.17059,0.181741,-0.385489,0.12563,49,49,-0.00841677,0.145036,0.3491,1.82836,0,18.1176
18.1374,1.14986,0.118956,-0.487326,0,0,0,0,49,49,0,0,0,0,0,traj_sz=100
18.1375,1.14986,0.118956,-0.487326,1.17059,0.181741,-0.385489,0.12563,49,49,-0.011079,0.144764,0.3491,1.82712,0,18.1375
18.1574,1.15117,0.118252,-0.482277,0,0,0,0,49,49,0,0,0,0,0,traj_sz=100
18.1575,1.15117,0.118252,-0.482277,1.17059,0.181741,-0.385489,0.12563,49,49,-0.0122411,0.146211,0.3491,1.82662,0,18.1575
18.1774,1.15402,0.116784,-0.472805,0,0,0,0,49,49,0,0,0,0,0,traj_sz=100
18.1776,1.15402,0.116784,-0.472805,1.17059,0.181741,-0.385489,0.12563,49,49,-0.0148319,0.145968,0.3491,1.82551,0,18.1776
18.1975,1.15835,0.114748,-0.462933,0,0,0,0,49,49,0,0,0,0,0,traj_sz=100
18.1976,1.15835,0.114748,-0.462933,1.17059,0.181741,-0.385489,0.12563,49,49,-0.018967,0.144141,0.3491,1.8237,0,18.1976
18.2174,1.16127,0.113766,-0.458401,0,0,0,0,49,49,0,0,0,0,0,traj_sz=100
18.2176,1.16127,0.113766,-0.458401,1.17059,0.181741,-0.385489,0.12563,49,49,-0.0217254,0.143964,0.3491,1.82221,0,18.2176
18.2374,1.16239,0.112732,-0.448563,0,0,0,0,49,49,0,0,0,0,0,traj_sz=100
18.2375,1.16239,0.112732,-0.448563,1.17059,0.181741,-0.385489,0.12563,49,49,-0.0225416,0.145496,0.3491,1.82209,0,18.2375
18.2575,1.16383,0.112057,-0.44526,0,0,0,0,49,49,0,0,0,0,0,traj_sz=100
18.2576,1.16383,0.112057,-0.44526,1.17059,0.181741,-0.385489,0.12563,49,49,-0.0239115,0.146857,0.3491,1.8215,0,18.2576
18.2775,1.16667,0.110902,-0.43423,0,0,0,0,49,49,0,0,0,0,0,traj_sz=100
18.2777,1.16667,0.110902,-0.43423,1.17059,0.181741,-0.385489,0.12563,49,49,-0.0262436,0.146725,0.3491,1.8202,0,18.2777
18.2973,1.17111,0.10895,-0.423044,0,0,0,0,49,49,0,0,0,0,0,traj_sz=100
18.2975,1.17111,0.10895,-0.423044,1.2133,0.16441,-0.270356,0.12563,50,50,0.0157051,0.144799,0.3491,1.81829,0,18.2975
18.3174,1.17394,0.107749,-0.412445,0,0,0,0,50,50,0,0,0,0,0,traj_sz=100
18.3175,1.17394,0.107749,-0.412445,1.2133,0.16441,-0.270356,0.12563,50,50,0.0133455,0.144661,0.3491,1.81704,0,18.3175
18.3374,1.17552,0.107532,-0.41117,0,0,0,0,50,50,0,0,0,0,0,traj_sz=100
18.3376,1.17552,0.107532,-0.41117,1.2133,0.16441,-0.270356,0.12563,50,50,0.011895,0.145995,0.3491,1.81603,0,18.3376
18.3575,1.17683,0.10663,-0.404205,0,0,0,0,50,50,0,0,0,0,0,traj_sz=100
18.3576,1.17683,0.10663,-0.404205,1.2133,0.16441,-0.270356,0.12563,50,50,0.010806,0.147419,0.3491,1.81569,0,18.3576
18.3775,1.17973,0.105214,-0.39297,0,0,0,0,50,50,0,0,0,0,0,traj_sz=100
18.3778,1.17973,0.105214,-0.39297,1.2133,0.16441,-0.270356,0.12563,50,50,0.0083427,0.147202,0.3491,1.81455,0,18.3778
18.3973,1.18405,0.10367,-0.378411,0,0,0,0,50,50,0,0,0,0,0,traj_sz=100
18.3975,1.18405,0.10367,-0.378411,1.2133,0.16441,-0.270356,0.12563,50,50,0.00474313,0.145525,0.3491,1.81248,0,18.3975
18.4173,1.18711,0.102595,-0.371605,0,0,0,0,50,50,0,0,0,0,0,traj_sz=100
18.4174,1.18711,0.102595,-0.371605,1.2133,0.16441,-0.270356,0.12563,50,50,0.00196081,0.145218,0.3491,1.811,0,18.4174
18.4374,1.18871,0.102231,-0.372544,0,0,0,0,50,50,0,0,0,0,0,traj_sz=100
18.4376,1.18871,0.102231,-0.372544,1.2133,0.16441,-0.270356,0.12563,50,50,0.000269716,0.146537,0.3491,1.81008,0,18.4376
18.4575,1.19023,0.101504,-0.365322,0,0,0,0,50,50,0,0,0,0,0,traj_sz=100
18.4577,1.19023,0.101504,-0.365322,1.2133,0.16441,-0.270356,0.12563,50,50,-0.000929835,0.147824,0.3491,1.80948,0,18.4577
18.4775,1.19335,0.100832,-0.358948,0,0,0,0,50,50,0,0,0,0,0,traj_sz=100
18.4776,1.19335,0.100832,-0.358948,1.2133,0.16441,-0.270356,0.12563,50,50,-0.00366004,0.147559,0.3491,1.80769,0,18.4776
18.4975,1.19803,0.0992768,-0.346517,0,0,0,0,50,50,0,0,0,0,0,traj_sz=100
18.4977,1.19803,0.0992768,-0.346517,1.2133,0.16441,-0.270356,0.12563,50,50,-0.00775412,0.145594,0.3491,1.80539,0,18.4977
18.5174,1.2012,0.0981303,-0.335688,0,0,0,0,50,50,0,0,0,0,0,traj_sz=100
18.5175,1.2012,0.0981303,-0.335688,1.2133,0.16441,-0.270356,0.12563,50,50,-0.010406,0.14515,0.3491,1.8039,0,18.5175
18.5373,1.2029,0.0979851,-0.33481,0,0,0,0,50,50,0,0,0,0,0,traj_sz=100
18.5376,1.2029,0.0979851,-0.33481,1.2133,0.16441,-0.270356,0.12563,50,50,-0.0120086,0.146386,0.3491,1.80277,0,18.5376
18.5574,1.20434,0.09709,-0.324604,0,0,0,0,50,50,0,0,0,0,0,traj_sz=100
18.5576,1.20434,0.09709,-0.324604,1.2133,0.16441,-0.270356,0.12563,50,50,-0.0129796,0.14772,0.3491,1.80236,0,18.5576
18.5775,1.20767,0.0966087,-0.319346,0,0,0,0,50,50,0,0,0,0,0,traj_sz=100
18.5776,1.20767,0.0966087,-0.319346,1.2133,0.16441,-0.270356,0.12563,50,50,-0.0159419,0.147294,0.3491,1.80031,0,18.5776
18.5974,1.21255,0.0951294,-0.306053,0,0,0,0,50,50,0,0,0,0,0,traj_sz=100
18.5976,1.21255,0.0951294,-0.306053,1.2133,0.16441,-0.270356,0.12563,50,50,-0.020161,0.145146,0.3491,1.79784,0,18.5976
18.6175,1.21577,0.0941564,-0.294727,0,0,0,0,50,50,0,0,0,0,0,traj_sz=100
18.6176,1.21577,0.0941564,-0.294727,1.2133,0.16441,-0.270356,0.12563,50,50,-0.0227714,0.144722,0.3491,1.79621,0,18.6176
18.6375,1.21743,0.0940672,-0.293351,0,0,0,0,50,50,0,0,0,0,0,traj_sz=100
18.6376,1.21743,0.0940672,-0.293351,1.2133,0.16441,-0.270356,0.12563,50,50,-0.0242955,0.145987,0.3491,1.79509,0,18.6376
18.6576,1.21901,0.0934901,-0.287743,0,0,0,0,50,50,0,0,0,0,0,traj_sz=100
18.6577,1.21901,0.0934901,-0.287743,1.25772,0.152101,-0.153599,0.12563,51,51,0.02049,0.147272,0.3491,1.79437,0,18.6577
18.6774,1.22224,0.0928581,-0.281954,0,0,0,0,51,51,0,0,0,0,0,traj_sz=100
18.6776,1.22224,0.0928581,-0.281954,1.25772,0.152101,-0.153599,0.12563,51,51,0.0175917,0.146871,0.3491,1.7925,0,18.6776
18.6974,1.22701,0.0913228,-0.267141,0,0,0,0,51,51,0,0,0,0,0,traj_sz=100
18.6975,1.22701,0.0913228,-0.267141,1.25772,0.152101,-0.153599,0.12563,51,51,0.0135734,0.144816,0.3491,1.79019,0,18.6975
18.7174,1.2302,0.0907523,-0.261308,0,0,0,0,51,51,0,0,0,0,0,traj_sz=100
18.7175,1.2302,0.0907523,-0.261308,1.25772,0.152101,-0.153599,0.12563,51,51,0.0107331,0.144486,0.3491,1.78832,0,18.7175
18.7374,1.23177,0.0906921,-0.260353,0,0,0,0,51,51,0,0,0,0,0,traj_sz=100
18.7375,1.23177,0.0906921,-0.260353,1.25772,0.152101,-0.153599,0.12563,51,51,0.00926271,0.145851,0.3491,1.78725,0,18.7375
18.7573,1.23332,0.0900262,-0.254652,0,0,0,0,51,51,0,0,0,0,0,traj_sz=100
18.7575,1.23332,0.0900262,-0.254652,1.25772,0.152101,-0.153599,0.12563,51,51,0.00797765,0.147152,0.3491,1.78662,0,18.7575
18.7775,1.23648,0.089798,-0.249248,0,0,0,0,51,51,0,0,0,0,0,traj_sz=100
18.7775,1.23648,0.089798,-0.249248,1.25772,0.152101,-0.153599,0.12563,51,51,0.00521247,0.146917,0.3491,1.78454,0,18.7775
18.7974,1.24115,0.0890046,-0.241606,0,0,0,0,51,51,0,0,0,0,0,traj_sz=100
18.7975,1.24115,0.0890046,-0.241606,1.25772,0.152101,-0.153599,0.12563,51,51,0.000991394,0.145109,0.3491,1.7818,0,18.7975
18.8176,1.24416,0.0883335,-0.233299,0,0,0,0,51,51,0,0,0,0,0,traj_sz=100
18.8178,1.24416,0.0883335,-0.233299,1.25772,0.152101,-0.153599,0.12563,51,51,-0.00154766,0.144994,0.3491,1.78015,0,18.8178
18.8374,1.24569,0.0877603,-0.228219,0,0,0,0,51,51,0,0,0,0,0,traj_sz=100
18.8376,1.24569,0.0877603,-0.228219,1.25772,0.152101,-0.153599,0.12563,51,51,-0.00283517,0.146307,0.3491,1.77948,0,18.8376
18.8574,1.24718,0.0876985,-0.227348,0,0,0,0,51,51,0,0,0,0,0,traj_sz=100
18.8576,1.24718,0.0876985,-0.227348,1.25772,0.152101,-0.153599,0.12563,51,51,-0.00424567,0.147736,0.3491,1.77847,0,18.8576
18.8774,1.25016,0.0870823,-0.219485,0,0,0,0,51,51,0,0,0,0,0,traj_sz=100
18.8775,1.25016,0.0870823,-0.219485,1.25772,0.152101,-0.153599,0.12563,51,51,-0.00677581,0.147623,0.3491,1.77681,0,18.8775
18.8976,1.25461,0.0861945,-0.20912,0,0,0,0,51,51,0,0,0,0,0,traj_sz=100
18.8977,1.25461,0.0861945,-0.20912,1.25772,0.152101,-0.153599,0.12563,51,51,-0.0106395,0.146053,0.3491,1.77432,0,18.8977
18.9175,1.25757,0.0856912,-0.202635,0,0,0,0,51,51,0,0,0,0,0,traj_sz=100
18.9177,1.25757,0.0856912,-0.202635,1.25772,0.152101,-0.153599,0.12563,51,51,-0.0132156,0.145976,0.3491,1.7726,0,18.9177
18.9374,1.25901,0.0851186,-0.194795,0,0,0,0,51,51,0,0,0,0,0,traj_sz=100
18.9375,1.25901,0.0851186,-0.194795,1.25772,0.152101,-0.153599,0.12563,51,51,-0.0142323,0.147384,0.3491,1.772,0,18.9375
18.9575,1.26056,0.0851245,-0.194891,0,0,0,0,51,51,0,0,0,0,0,traj_sz=100
18.9576,1.26056,0.0851245,-0.194891,1.25772,0.152101,-0.153599,0.12563,51,51,-0.0157562,0.148769,0.3491,1.77091,0,18.9576
18.9775,1.26364,0.084485,-0.18344,0,0,0,0,51,51,0,0,0,0,0,traj_sz=100
18.9777,1.26364,0.084485,-0.18344,1.25772,0.152101,-0.153599,0.12563,51,51,-0.0181516,0.148584,0.3491,1.76922,0,18.9777
18.9976,1.26811,0.0837439,-0.174078,0,0,0,0,51,51,0,0,0,0,0,traj_sz=100
18.9977,1.26811,0.0837439,-0.174078,1.25772,0.152101,-0.153599,0.12563,51,51,-0.0220767,0.146983,0.3491,1.76662,0,18.9977
19.0174,1.27118,0.0834485,-0.167287,0,0,0,0,51,51,0,0,0,0,0,traj_sz=100
19.0176,1.27118,0.0834485,-0.167287,1.30326,0.145049,-0.0362771,0.12563,52,52,0.0213778,0.146799,0.3491,1.7647,0,19.0176
19.0375,1.27264,0.0828839,-0.162324,0,0,0,0,52,52,0,0,0,0,0,traj_sz=100
19.0376,1.27264,0.0828839,-0.162324,1.30326,0.145049,-0.0362771,0.12563,52,52,0.0201686,0.148216,0.3491,1.76408,0,19.0376
19.0575,1.2742,0.0827319,-0.158364,0,0,0,0,52,52,0,0,0,0,0,traj_sz=100
19.0576,1.2742,0.0827319,-0.158364,1.30326,0.145049,-0.0362771,0.12563,52,52,0.0188659,0.149555,0.3491,1.76311,0,19.0576
19.0774,1.27735,0.0821858,-0.147397,0,0,0,0,52,52,0,0,0,0,0,traj_sz=100
19.0778,1.27735,0.0821858,-0.147397,1.30326,0.145049,-0.0362771,0.12563,52,52,0.0163974,0.149312,0.3491,1.76131,0,19.0778
19.0974,1.28212,0.0816187,-0.135279,0,0,0,0,52,52,0,0,0,0,0,traj_sz=100
19.0976,1.28212,0.0816187,-0.135279,1.30326,0.145049,-0.0362771,0.12563,52,52,0.0123939,0.147434,0.3491,1.75842,0,19.0976
19.1174,1.28545,0.0814948,-0.128816,0,0,0,0,52,52,0,0,0,0,0,traj_sz=100
19.1176,1.28545,0.0814948,-0.128816,1.30326,0.145049,-0.0362771,0.12563,52,52,0.00950046,0.147018,0.3491,1.7562,0,19.1176
19.1374,1.28715,0.0814381,-0.12797,0,0,0,0,52,52,0,0,0,0,0,traj_sz=100
19.1376,1.28715,0.0814381,-0.12797,1.30326,0.145049,-0.0362771,0.12563,52,52,0.00785993,0.148237,0.3491,1.75507,0,19.1376
19.1574,1.28865,0.0808188,-0.117533,0,0,0,0,52,52,0,0,0,0,0,traj_sz=100
19.1576,1.28865,0.0808188,-0.117533,1.30326,0.145049,-0.0362771,0.12563,52,52,0.00697475,0.149647,0.3491,1.75448,0,19.1576
19.1775,1.29188,0.0807876,-0.110797,0,0,0,0,52,52,0,0,0,0,0,traj_sz=100
19.1776,1.29188,0.0807876,-0.110797,1.30326,0.145049,-0.0362771,0.12563,52,52,0.00420587,0.149338,0.3491,1.75227,0,19.1776
19.1974,1.29655,0.0801756,-0.0968613,0,0,0,0,52,52,0,0,0,0,0,traj_sz=100
19.1976,1.29655,0.0801756,-0.0968613,1.30326,0.145049,-0.0362771,0.12563,52,52,0.000405333,0.147587,0.3491,1.7495,0,19.1976
19.2175,1.2997,0.0800714,-0.091501,0,0,0,0,52,52,0,0,0,0,0,traj_sz=100
19.2176,1.2997,0.0800714,-0.091501,1.30326,0.145049,-0.0362771,0.12563,52,52,-0.00239462,0.147361,0.3491,1.74741,0,19.2176
19.2374,1.30125,0.0799566,-0.0878847,0,0,0,0,52,52,0,0,0,0,0,traj_sz=100
19.2376,1.30125,0.0799566,-0.0878847,1.30326,0.145049,-0.0362771,0.12563,52,52,-0.00370871,0.14873,0.3491,1.74643,0,19.2376
19.2574,1.30282,0.0799784,-0.0846578,0,0,0,0,52,52,0,0,0,0,0,traj_sz=100
19.2575,1.30282,0.0799784,-0.0846578,1.30326,0.145049,-0.0362771,0.12563,52,52,-0.00506295,0.150071,0.3491,1.74534,0,19.2575
19.2773,1.30593,0.0795205,-0.0762758,0,0,0,0,52,52,0,0,0,0,0,traj_sz=100
19.2774,1.30593,0.0795205,-0.0762758,1.30326,0.145049,-0.0362771,0.12563,52,52,-0.00765362,0.149876,0.3491,1.74354,0,19.2774
19.2973,1.3106,0.0795756,-0.0707694,0,0,0,0,52,52,0,0,0,0,0,traj_sz=100
19.2975,1.3106,0.0795756,-0.0707694,1.30326,0.145049,-0.0362771,0.12563,52,52,-0.0119509,0.148129,0.3491,1.7403,0,19.2975
19.3174,1.31366,0.0794256,-0.0623712,0,0,0,0,52,52,0,0,0,0,0,traj_sz=100
19.3175,1.31366,0.0794256,-0.0623712,1.30326,0.145049,-0.0362771,0.12563,52,52,-0.0144683,0.147992,0.3491,1.73832,0,19.3175
19.3373,1.3153,0.0793578,-0.0570292,0,0,0,0,52,52,0,0,0,0,0,traj_sz=100
19.3375,1.3153,0.0793578,-0.0570292,1.30326,0.145049,-0.0362771,0.12563,52,52,-0.015764,0.149261,0.3491,1.73725,0,19.3375
19.3574,1.31693,0.0794819,-0.0575124,0,0,0,0,52,52,0,0,0,0,0,traj_sz=100
19.3575,1.31693,0.0794819,-0.0575124,1.30326,0.145049,-0.0362771,0.12563,52,52,-0.0174175,0.150539,0.3491,1.73605,0,19.3575
19.3774,1.32027,0.078956,-0.0438248,0,0,0,0,52,52,0,0,0,0,0,traj_sz=100
19.3775,1.32027,0.078956,-0.0438248,1.30326,0.145049,-0.0362771,0.12563,52,52,-0.0198885,0.150136,0.3491,1.73416,0,19.3775
19.3974,1.32512,0.0790527,-0.0343826,0,0,0,0,52,52,0,0,0,0,0,traj_sz=100
19.3976,1.32512,0.0790527,-0.0343826,1.34932,0.143378,0.0807032,0.12563,53,53,0.0219708,0.148209,0.3491,1.73079,0,19.3976
19.4174,1.32857,0.0790319,-0.0237531,0,0,0,0,53,53,0,0,0,0,0,traj_sz=100
19.4175,1.32857,0.0790319,-0.0237531,1.34932,0.143378,0.0807032,0.12563,53,53,0.0192113,0.147659,0.3491,1.72847,0,19.4175
19.4374,1.33022,0.0790241,-0.0211375,0,0,0,0,53,53,0,0,0,0,0,traj_sz=100
19.4375,1.33022,0.0790241,-0.0211375,1.34932,0.143378,0.0807032,0.12563,53,53,0.017735,0.148913,0.3491,1.72736,0,19.4375
19.4575,1.33196,0.0791033,-0.0140504,0,0,0,0,53,53,0,0,0,0,0,traj_sz=100
19.4577,1.33196,0.0791033,-0.0140504,1.34932,0.143378,0.0807032,0.12563,53,53,0.0164598,0.150104,0.3491,1.72612,0,19.4577
19.4776,1.33547,0.07915,-0.00402459,0,0,0,0,53,53,0,0,0,0,0,traj_sz=100
19.4777,1.33547,0.07915,-0.00402459,1.34932,0.143378,0.0807032,0.12563,53,53,0.0135955,0.149514,0.3491,1.72372,0,19.4777
19.4974,1.34045,0.0795977,0.00723889,0,0,0,0,53,53,0,0,0,0,0,traj_sz=100
19.4976,1.34045,0.0795977,0.00723889,1.34932,0.143378,0.0807032,0.12563,53,53,0.00933346,0.147397,0.3491,1.72002,0,19.4976
19.5173,1.34386,0.0796654,0.0175223,0,0,0,0,53,53,0,0,0,0,0,traj_sz=100
19.5173,1.34386,0.0796654,0.0175223,1.34932,0.143378,0.0807032,0.12563,53,53,0.00657783,0.146868,0.3491,1.71768,0,19.5173
19.5374,1.34553,0.0797515,0.0213676,0,0,0,0,53,53,0,0,0,0,0,traj_sz=100
19.5376,1.34553,0.0797515,0.0213676,1.34932,0.143378,0.0807032,0.12563,53,53,0.00515209,0.148141,0.3491,1.71649,0,19.5376
19.5574,1.34717,0.0797319,0.0271957,0,0,0,0,53,53,0,0,0,0,0,traj_sz=100
19.5576,1.34717,0.0797319,0.0271957,1.34932,0.143378,0.0807032,0.12563,53,53,0.00388204,0.14941,0.3491,1.7154,0,19.5576
19.5774,1.35043,0.080301,0.0319088,0,0,0,0,53,53,0,0,0,0,0,traj_sz=100
19.5775,1.35043,0.080301,0.0319088,1.34932,0.143378,0.0807032,0.12563,53,53,0.000902027,0.148997,0.3491,1.71279,0,19.5775
19.5974,1.35513,0.080471,0.0447101,0,0,0,0,53,53,0,0,0,0,0,traj_sz=100
19.5974,1.35513,0.080471,0.0447101,1.34932,0.143378,0.0807032,0.12563,53,53,-0.00298829,0.147209,0.3491,1.70951,0,19.5974
19.6175,1.35837,0.0805327,0.0541772,0,0,0,0,53,53,0,0,0,0,0,traj_sz=100
19.6177,1.35837,0.0805327,0.0541772,1.34932,0.143378,0.0807032,0.12563,53,53,-0.00563458,0.146916,0.3491,1.7073,0,19.6177
19.6374,1.35994,0.0807446,0.0554126,0,0,0,0,53,53,0,0,0,0,0,traj_sz=100
19.6375,1.35994,0.0807446,0.0554126,1.34932,0.143378,0.0807032,0.12563,53,53,-0.007134,0.148211,0.3491,1.70609,0,19.6375
19.6574,1.36148,0.0809424,0.0611208,0,0,0,0,53,53,0,0,0,0,0,traj_sz=100
19.6575,1.36148,0.0809424,0.0611208,1.34932,0.143378,0.0807032,0.12563,53,53,-0.00832829,0.149548,0.3491,1.70491,0,19.6575
19.6774,1.36454,0.0810589,0.071169,0,0,0,0,53,53,0,0,0,0,0,traj_sz=100
19.6775,1.36454,0.0810589,0.071169,1.34932,0.143378,0.0807032,0.12563,53,53,-0.0107526,0.149399,0.3491,1.70278,0,19.6775
19.6974,1.36926,0.0813376,0.0860048,0,0,0,0,53,53,0,0,0,0,0,traj_sz=100
19.6975,1.36926,0.0813376,0.0860048,1.34932,0.143378,0.0807032,0.12563,53,53,-0.0145412,0.147588,0.3491,1.69943,0,19.6975
19.7175,1.37228,0.0819335,0.0898122,0,0,0,0,53,53,0,0,0,0,0,traj_sz=100
19.7177,1.37228,0.0819335,0.0898122,1.34932,0.143378,0.0807032,0.12563,53,53,-0.0173562,0.147425,0.3491,1.69698,0,19.7177
19.7373,1.37381,0.0818417,0.0966227,0,0,0,0,53,53,0,0,0,0,0,traj_sz=100
19.7375,1.37381,0.0818417,0.0966227,1.34932,0.143378,0.0807032,0.12563,53,53,-0.0184392,0.148801,0.3491,1.69603,0,19.7375
19.7573,1.37528,0.0825609,0.096393,0,0,0,0,53,53,0,0,0,0,0,traj_sz=100
19.7575,1.37528,0.0825609,0.096393,1.34932,0.143378,0.0807032,0.12563,53,53,-0.0199821,0.150108,0.3491,1.69452,0,19.7575
19.7778,1.37844,0.0826339,0.107256,0,0,0,0,53,53,0,0,0,0,0,traj_sz=100
19.778,1.37844,0.0826339,0.107256,1.39526,0.147093,0.195903,0.12563,54,54,0.0236242,0.149938,0.3491,1.69237,0,19.778
19.7975,1.38294,0.0835385,0.117063,0,0,0,0,54,54,0,0,0,0,0,traj_sz=100
19.7976,1.38294,0.0835385,0.117063,1.39526,0.147093,0.195903,0.12563,54,54,0.0196542,0.148164,0.3491,1.68871,0,19.7976
19.8174,1.38612,0.083665,0.128731,0,0,0,0,54,54,0,0,0,0,0,traj_sz=100
19.8175,1.38612,0.083665,0.128731,1.39526,0.147093,0.195903,0.12563,54,54,0.0172073,0.147868,0.3491,1.68652,0,19.8175
19.8374,1.38759,0.084348,0.128346,0,0,0,0,54,54,0,0,0,0,0,traj_sz=100
19.8375,1.38759,0.084348,0.128346,1.39526,0.147093,0.195903,0.12563,54,54,0.015633,0.149114,0.3491,1.68503,0,19.8375
19.8574,1.38918,0.0842299,0.134833,0,0,0,0,54,54,0,0,0,0,0,traj_sz=100
19.8576,1.38918,0.0842299,0.134833,1.39526,0.147093,0.195903,0.12563,54,54,0.0144762,0.150429,0.3491,1.68407,0,19.8576
19.8773,1.39234,0.0848411,0.141619,0,0,0,0,54,54,0,0,0,0,0,traj_sz=100
19.8775,1.39234,0.0848411,0.141619,1.44047,0.156065,0.307557,0.12469,54,55,0.0576983,0.150023,0.3491,1.68153,0,19.8775
19.8975,1.39688,0.0862664,0.147566,0,0,0,0,54,55,0,0,0,0,0,traj_sz=100
19.8976,1.39688,0.0862664,0.147566,1.44047,0.156065,0.307557,0.12469,54,55,0.0533744,0.148116,0.3491,1.67746,0,19.8976
19.9174,1.39993,0.0868818,0.155695,0,0,0,0,54,55,0,0,0,0,0,traj_sz=100
19.9175,1.39993,0.0868818,0.155695,1.44047,0.156065,0.307557,0.12469,54,55,0.0507796,0.147825,0.3491,1.675,0,19.9175
19.9374,1.40149,0.0869244,0.161895,0,0,0,0,54,55,0,0,0,0,0,traj_sz=100
19.9375,1.40149,0.0869244,0.161895,1.44047,0.156065,0.307557,0.12469,54,55,0.0496126,0.149111,0.3491,1.67394,0,19.9375
19.9574,1.40317,0.0869317,0.168943,0,0,0,0,54,55,0,0,0,0,0,traj_sz=100
19.9575,1.40317,0.0869317,0.168943,1.44047,0.156065,0.307557,0.12469,54,55,0.0483897,0.150295,0.3491,1.67283,0,19.9575
19.9774,1.40639,0.0876868,0.175952,0,0,0,0,54,55,0,0,0,0,0,traj_sz=100
19.9775,1.40639,0.0876868,0.175952,1.44047,0.156065,0.307557,0.12469,54,55,0.0455249,0.149817,0.3491,1.67016,0,19.9775
19.9974,1.41138,0.0882528,0.192834,0,0,0,0,54,55,0,0,0,0,0,traj_sz=100
19.9974,1.41138,0.0882528,0.192834,1.44047,0.156065,0.307557,0.12469,54,55,0.0415493,0.147651,0.3491,1.66647,0,19.9974
20.0174,1.41462,0.0890699,0.201086,0,0,0,0,54,55,0,0,0,0,0,traj_sz=100
20.0175,1.41462,0.0890699,0.201086,1.44047,0.156065,0.307557,0.12469,54,55,0.0387065,0.147131,0.3491,1.66373,0,20.0175
20.0374,1.41626,0.0898893,0.201297,0,0,0,0,54,55,0,0,0,0,0,traj_sz=100
20.0377,1.41626,0.0898893,0.201297,1.44047,0.156065,0.307557,0.12469,54,55,0.0369513,0.148171,0.3491,1.66204,0,20.0377
20.0575,1.41795,0.0903831,0.205325,0,0,0,0,54,55,0,0,0,0,0,traj_sz=100
20.0576,1.41795,0.0903831,0.205325,1.44047,0.156065,0.307557,0.12469,54,55,0.0354425,0.149218,0.3491,1.66056,0,20.0576
20.0775,1.42123,0.0912554,0.214181,0,0,0,0,54,55,0,0,0,0,0,traj_sz=100
20.0776,1.42123,0.0912554,0.214181,1.44047,0.156065,0.307557,0.12469,54,55,0.0325737,0.148627,0.3491,1.65776,0,20.0776
20.0975,1.42616,0.092505,0.227721,0,0,0,0,54,55,0,0,0,0,0,traj_sz=100
20.0976,1.42616,0.092505,0.227721,1.44047,0.156065,0.307557,0.12469,54,55,0.02829,0.146348,0.3491,1.65361,0,20.0976
20.1175,1.42776,0.0930147,0.230803,0,0,0,0,54,55,0,0,0,0,0,traj_sz=100
20.1177,1.42776,0.0930147,0.230803,1.44047,0.156065,0.307557,0.12469,54,55,0.0267942,0.14749,0.3491,1.65218,0,20.1177
20.1374,1.43112,0.0936965,0.241822,0,0,0,0,54,55,0,0,0,0,0,traj_sz=100
20.1375,1.43112,0.0936965,0.241822,1.44047,0.156065,0.307557,0.12469,55,55,0.0240173,0.146857,0.3491,1.64949,0,20.1375
20.1574,1.4327,0.0944754,0.243419,0,0,0,0,55,55,0,0,0,0,0,traj_sz=100
20.1574,1.4327,0.0944754,0.243419,1.48407,0.169913,0.412957,0.120722,55,56,0.0680374,0.147897,0.3491,1.64787,0,20.1574
20.1774,1.43618,0.0951877,0.256691,0,0,0,0,55,56,0,0,0,0,0,traj_sz=100
20.1776,1.43618,0.0951877,0.256691,1.48407,0.169913,0.412957,0.120722,55,56,0.0652969,0.147179,0.3491,1.64508,0,20.1776
20.1974,1.44123,0.0965681,0.272208,0,0,0,0,55,56,0,0,0,0,0,traj_sz=100
20.1976,1.44123,0.0965681,0.272208,1.48407,0.169913,0.412957,0.120722,55,56,0.0609802,0.144553,0.3491,1.64076,0,20.1976
20.2174,1.44461,0.0973055,0.284187,0,0,0,0,55,56,0,0,0,0,0,traj_sz=100
20.2174,1.44461,0.0973055,0.284187,1.48407,0.169913,0.412957,0.120722,55,56,0.0582317,0.143692,0.3491,1.63801,0,20.2174
20.2374,1.44611,0.0983189,0.283765,0,0,0,0,55,56,0,0,0,0,0,traj_sz=100
20.2375,1.44611,0.0983189,0.283765,1.48407,0.169913,0.412957,0.120722,55,56,0.0564908,0.144572,0.3491,1.63628,0,20.2375
20.2575,1.44775,0.0984781,0.290471,0,0,0,0,55,56,0,0,0,0,0,traj_sz=100
20.2577,1.44775,0.0984781,0.290471,1.48407,0.169913,0.412957,0.120722,55,56,0.0552532,0.145576,0.3491,1.63509,0,20.2577
20.2774,1.45078,0.0994741,0.299288,0,0,0,0,55,56,0,0,0,0,0,traj_sz=100
20.2775,1.45078,0.0994741,0.299288,1.48407,0.169913,0.412957,0.120722,55,56,0.0525741,0.144967,0.3491,1.63238,0,20.2775
20.2974,1.45517,0.101521,0.306844,0,0,0,0,55,56,0,0,0,0,0,traj_sz=100
20.2976,1.45517,0.101521,0.306844,1.48407,0.169913,0.412957,0.120722,55,56,0.0482086,0.142764,0.3491,1.628,0,20.2976
20.3174,1.45812,0.102701,0.313352,0,0,0,0,55,56,0,0,0,0,0,traj_sz=100
20.3175,1.45812,0.102701,0.313352,1.48407,0.169913,0.412957,0.120722,55,56,0.0454089,0.142176,0.3491,1.6252,0,20.3175
20.3374,1.45962,0.103242,0.316959,0,0,0,0,55,56,0,0,0,0,0,traj_sz=100
20.3376,1.45962,0.103242,0.316959,1.48407,0.169913,0.412957,0.120722,55,56,0.0440164,0.143181,0.3491,1.62382,0,20.3376
20.3574,1.46106,0.103772,0.320136,0,0,0,0,55,56,0,0,0,0,0,traj_sz=100
20.3577,1.46106,0.103772,0.320136,1.48407,0.169913,0.412957,0.120722,55,56,0.0426519,0.144243,0.3491,1.62249,0,20.3577
20.3774,1.4639,0.104942,0.326344,0,0,0,0,55,56,0,0,0,0,0,traj_sz=100
20.3775,1.4639,0.104942,0.326344,1.48407,0.169913,0.412957,0.120722,55,56,0.0399363,0.143748,0.3491,1.61978,0,20.3775
20.3973,1.46823,0.106639,0.335155,0,0,0,0,55,56,0,0,0,0,0,traj_sz=100
20.3974,1.46823,0.106639,0.335155,1.48407,0.169913,0.412957,0.120722,55,56,0.0357694,0.14166,0.3491,1.6157,0,20.3974
20.4173,1.47118,0.107771,0.343138,0,0,0,0,55,56,0,0,0,0,0,traj_sz=100
20.4175,1.47118,0.107771,0.343138,1.48407,0.169913,0.412957,0.120722,55,56,0.0330488,0.141105,0.3491,1.61295,0,20.4175
20.4373,1.4726,0.108433,0.346276,0,0,0,0,55,56,0,0,0,0,0,traj_sz=100
20.4375,1.4726,0.108433,0.346276,1.48407,0.169913,0.412957,0.120722,55,56,0.0316508,0.142112,0.3491,1.61153,0,20.4375
20.4573,1.47401,0.10898,0.350118,0,0,0,0,55,56,0,0,0,0,0,traj_sz=100
20.4575,1.47401,0.10898,0.350118,1.52463,0.187687,0.507946,0.113196,55,57,0.0745476,0.143186,0.3491,1.61021,0,20.4575
20.4774,1.47699,0.11022,0.357423,0,0,0,0,55,57,0,0,0,0,0,traj_sz=100
20.4775,1.47699,0.11022,0.357423,1.52463,0.187687,0.507946,0.113196,55,57,0.0717339,0.14254,0.3491,1.60736,0,20.4775
20.4973,1.48128,0.112074,0.367517,0,0,0,0,55,57,0,0,0,0,0,traj_sz=100
20.4974,1.48128,0.112074,0.367517,1.52463,0.187687,0.507946,0.113196,56,57,0.0676241,0.140423,0.3491,1.6032,0,20.4974
20.5174,1.4841,0.113255,0.375757,0,0,0,0,56,57,0,0,0,0,0,traj_sz=100
20.5175,1.4841,0.113255,0.375757,1.52463,0.187687,0.507946,0.113196,56,57,0.0650169,0.139946,0.3491,1.6005,0,20.5175
20.5373,1.48556,0.113562,0.382319,0,0,0,0,56,57,0,0,0,0,0,traj_sz=100
20.5374,1.48556,0.113562,0.382319,1.52463,0.187687,0.507946,0.113196,56,57,0.0639051,0.141034,0.3491,1.59933,0,20.5374
20.5574,1.48699,0.114408,0.384288,0,0,0,0,56,57,0,0,0,0,0,traj_sz=100
20.5575,1.48699,0.114408,0.384288,1.52463,0.187687,0.507946,0.113196,56,57,0.0623689,0.141778,0.3491,1.59777,0,20.5575
20.5775,1.48973,0.115721,0.389651,0,0,0,0,56,57,0,0,0,0,0,traj_sz=100
20.5777,1.48973,0.115721,0.389651,1.52463,0.187687,0.507946,0.113196,56,57,0.0596182,0.141027,0.3491,1.59502,0,20.5777
20.5975,1.49383,0.117658,0.400083,0,0,0,0,56,57,0,0,0,0,0,traj_sz=100
20.5976,1.49383,0.117658,0.400083,1.52463,0.187687,0.507946,0.113196,56,57,0.0556445,0.138763,0.3491,1.59093,0,20.5976
20.6174,1.49666,0.118874,0.409911,0,0,0,0,56,57,0,0,0,0,0,traj_sz=100
20.6175,1.49666,0.118874,0.409911,1.52463,0.187687,0.507946,0.113196,56,57,0.0530759,0.137937,0.3491,1.58819,0,20.6175
20.6374,1.49807,0.119568,0.412297,0,0,0,0,56,57,0,0,0,0,0,traj_sz=100
20.6375,1.49807,0.119568,0.412297,1.52463,0.187687,0.507946,0.113196,56,57,0.0516338,0.138638,0.3491,1.58677,0,20.6375
20.6575,1.49944,0.120225,0.416713,0,0,0,0,56,57,0,0,0,0,0,traj_sz=100
20.6576,1.49944,0.120225,0.416713,1.52463,0.187687,0.507946,0.113196,56,57,0.0503436,0.139406,0.3491,1.58539,0,20.6576
20.6775,1.50216,0.121672,0.42354,0,0,0,0,56,57,0,0,0,0,0,traj_sz=100
20.6777,1.50216,0.121672,0.42354,1.52463,0.187687,0.507946,0.113196,56,57,0.0476136,0.138598,0.3491,1.58255,0,20.6777
20.6973,1.50612,0.123736,0.432597,0,0,0,0,56,57,0,0,0,0,0,traj_sz=100
20.6974,1.50612,0.123736,0.432597,1.52463,0.187687,0.507946,0.113196,56,57,0.0436186,0.136371,0.3491,1.57846,0,20.6974
20.7174,1.50879,0.125009,0.440279,0,0,0,0,56,57,0,0,0,0,0,traj_sz=100
20.7176,1.50879,0.125009,0.440279,1.52463,0.187687,0.507946,0.113196,56,57,0.0410453,0.135693,0.3491,1.57579,0,20.7176
20.7375,1.51021,0.125597,0.44598,0,0,0,0,56,57,0,0,0,0,0,traj_sz=100
20.7377,1.51021,0.125597,0.44598,1.52463,0.187687,0.507946,0.113196,56,57,0.03979,0.136427,0.3491,1.57443,0,20.7377
20.7574,1.51146,0.126313,0.44846,0,0,0,0,56,57,0,0,0,0,0,traj_sz=100
20.7575,1.51146,0.126313,0.44846,1.52463,0.187687,0.507946,0.113196,56,57,0.0384808,0.137233,0.3491,1.57309,0,20.7575
20.7774,1.51409,0.127663,0.45532,0,0,0,0,56,57,0,0,0,0,0,traj_sz=100
20.7775,1.51409,0.127663,0.45532,1.52463,0.187687,0.507946,0.113196,56,57,0.0358647,0.136541,0.3491,1.57039,0,20.7775
20.7974,1.51777,0.129716,0.465734,0,0,0,0,56,57,0,0,0,0,0,traj_sz=100
20.7975,1.51777,0.129716,0.465734,1.56092,0.207886,0.588907,0.102933,56,58,0.0736626,0.134577,0.3491,1.56649,0,20.7975
20.8174,1.52035,0.130892,0.473407,0,0,0,0,56,58,0,0,0,0,0,traj_sz=100
20.8175,1.52035,0.130892,0.473407,1.56092,0.207886,0.588907,0.102933,56,58,0.071213,0.133997,0.3491,1.56395,0,20.8175
20.8374,1.52162,0.131647,0.477658,0,0,0,0,56,58,0,0,0,0,0,traj_sz=100
20.8376,1.52162,0.131647,0.477658,1.56092,0.207886,0.588907,0.102933,56,58,0.0699458,0.134774,0.3491,1.56256,0,20.8376
20.8574,1.52282,0.132324,0.480035,0,0,0,0,56,58,0,0,0,0,0,traj_sz=100
20.8575,1.52282,0.132324,0.480035,1.56092,0.207886,0.588907,0.102933,56,58,0.0686902,0.135647,0.3491,1.56129,0,20.8575
20.8773,1.52523,0.133631,0.486102,0,0,0,0,56,58,0,0,0,0,0,traj_sz=100
20.8774,1.52523,0.133631,0.486102,1.56092,0.207886,0.588907,0.102933,57,58,0.0662448,0.135139,0.3491,1.55876,0,20.8774
20.8976,1.52899,0.135648,0.496683,0,0,0,0,57,58,0,0,0,0,0,traj_sz=100
20.8977,1.52899,0.135648,0.496683,1.56092,0.207886,0.588907,0.102933,57,58,0.0624968,0.133151,0.3491,1.55484,0,20.8977
20.9174,1.53121,0.137177,0.505479,0,0,0,0,57,58,0,0,0,0,0,traj_sz=100
20.9175,1.53121,0.137177,0.505479,1.56092,0.207886,0.588907,0.102933,57,58,0.0602301,0.132587,0.3491,1.55225,0,20.9175
20.9373,1.53262,0.137715,0.506993,0,0,0,0,57,58,0,0,0,0,0,traj_sz=100
20.9374,1.53262,0.137715,0.506993,1.56092,0.207886,0.588907,0.102933,57,58,0.0588148,0.132998,0.3491,1.55096,0,20.9374
20.9573,1.53383,0.138381,0.510813,0,0,0,0,57,58,0,0,0,0,0,traj_sz=100
20.9574,1.53383,0.138381,0.510813,1.56092,0.207886,0.588907,0.102933,57,58,0.0576105,0.13353,0.3491,1.54968,0,20.9574
20.9774,1.53639,0.139802,0.518166,0,0,0,0,57,58,0,0,0,0,0,traj_sz=100
20.9775,1.53639,0.139802,0.518166,1.56092,0.207886,0.588907,0.102933,57,58,0.0550297,0.132522,0.3491,1.54697,0,20.9775
20.9974,1.54003,0.14207,0.527377,0,0,0,0,57,58,0,0,0,0,0,traj_sz=100
20.9976,1.54003,0.14207,0.527377,1.56092,0.207886,0.588907,0.102933,57,58,0.0511716,0.130151,0.3491,1.54293,0,20.9976
21.0174,1.54254,0.143592,0.535187,0,0,0,0,57,58,0,0,0,0,0,traj_sz=100
21.0175,1.54254,0.143592,0.535187,1.56092,0.207886,0.588907,0.102933,57,58,0.0486032,0.129128,0.3491,1.54018,0,21.0175
21.0373,1.54374,0.14447,0.538664,0,0,0,0,57,58,0,0,0,0,0,traj_sz=100
21.0374,1.54374,0.14447,0.538664,1.56092,0.207886,0.588907,0.102933,57,58,0.0472786,0.129547,0.3491,1.53874,0,21.0374
21.0575,1.54501,0.145234,0.543112,0,0,0,0,57,58,0,0,0,0,0,traj_sz=100
21.0576,1.54501,0.145234,0.543112,1.56092,0.207886,0.588907,0.102933,57,58,0.0460027,0.129996,0.3491,1.53736,0,21.0576
21.0773,1.54761,0.146883,0.551297,0,0,0,0,57,58,0,0,0,0,0,traj_sz=100
21.0774,1.54761,0.146883,0.551297,1.56092,0.207886,0.588907,0.102933,57,58,0.0432876,0.128797,0.3491,1.53445,0,21.0774
21.0973,1.55141,0.149551,0.562243,0,0,0,0,57,58,0,0,0,0,0,traj_sz=100
21.0974,1.55141,0.149551,0.562243,1.56092,0.207886,0.588907,0.102933,57,58,0.0391427,0.126071,0.3491,1.53,0,21.0974
21.1173,1.55386,0.151173,0.570139,0,0,0,0,57,58,0,0,0,0,0,traj_sz=100
21.1174,1.55386,0.151173,0.570139,1.56092,0.207886,0.588907,0.102933,57,58,0.0365567,0.12504,0.3491,1.52721,0,21.1174
21.1375,1.55508,0.152015,0.574488,0,0,0,0,57,58,0,0,0,0,0,traj_sz=100
21.1376,1.55508,0.152015,0.574488,1.59232,0.228861,0.654207,0.091664,57,59,0.0730219,0.125482,0.3491,1.52579,0,21.1376
21.1574,1.55624,0.152835,0.578743,0,0,0,0,57,59,0,0,0,0,0,traj_sz=100
21.1575,1.55624,0.152835,0.578743,1.59232,0.228861,0.654207,0.091664,57,59,0.0717915,0.125956,0.3491,1.52443,0,21.1575
21.1774,1.55861,0.154526,0.586736,0,0,0,0,57,59,0,0,0,0,0,traj_sz=100
21.1775,1.55861,0.154526,0.586736,1.59232,0.228861,0.654207,0.091664,57,59,0.06923,0.124943,0.3491,1.52164,0,21.1775
21.1974,1.56201,0.156831,0.599511,0,0,0,0,57,59,0,0,0,0,0,traj_sz=100
21.1974,1.56201,0.156831,0.599511,1.59232,0.228861,0.654207,0.091664,57,59,0.0656682,0.122729,0.3491,1.51772,0,21.1974
21.2175,1.56405,0.158558,0.605057,0,0,0,0,57,59,0,0,0,0,0,traj_sz=100
21.2177,1.56405,0.158558,0.605057,1.59232,0.228861,0.654207,0.091664,57,59,0.0632404,0.121994,0.3491,1.5151,0,21.2177
21.2374,1.56514,0.159299,0.609259,0,0,0,0,57,59,0,0,0,0,0,traj_sz=100
21.2375,1.56514,0.159299,0.609259,1.59232,0.228861,0.654207,0.091664,58,59,0.0620949,0.122546,0.3491,1.51385,0,21.2375
21.2574,1.56615,0.160153,0.612053,0,0,0,0,58,59,0,0,0,0,0,traj_sz=100
21.2576,1.56615,0.160153,0.612053,1.59232,0.228861,0.654207,0.091664,58,59,0.0608983,0.123131,0.3491,1.51255,0,21.2576
21.2774,1.56825,0.161795,0.620293,0,0,0,0,58,59,0,0,0,0,0,traj_sz=100
21.2775,1.56825,0.161795,0.620293,1.59232,0.228861,0.654207,0.091664,58,59,0.0585706,0.122349,0.3491,1.50996,0,21.2775
21.2973,1.57141,0.16435,0.629775,0,0,0,0,58,59,0,0,0,0,0,traj_sz=100
21.2974,1.57141,0.16435,0.629775,1.59232,0.228861,0.654207,0.091664,58,59,0.0548912,0.119902,0.3491,1.506,0,21.2974
21.3173,1.57338,0.165985,0.63623,0,0,0,0,58,59,0,0,0,0,0,traj_sz=100
21.3174,1.57338,0.165985,0.63623,1.59232,0.228861,0.654207,0.091664,58,59,0.0525952,0.118953,0.3491,1.5035,0,21.3174
21.3373,1.57439,0.166912,0.638604,0,0,0,0,58,59,0,0,0,0,0,traj_sz=100
21.3373,1.57439,0.166912,0.638604,1.59232,0.228861,0.654207,0.091664,58,59,0.0513197,0.119176,0.3491,1.50215,0,21.3373
21.3574,1.57556,0.167698,0.643029,0,0,0,0,58,59,0,0,0,0,0,traj_sz=100
21.3576,1.57556,0.167698,0.643029,1.59232,0.228861,0.654207,0.091664,58,59,0.0500855,0.119377,0.3491,1.50081,0,21.3576
21.3775,1.57754,0.16944,0.648135,0,0,0,0,58,59,0,0,0,0,0,traj_sz=100
21.3777,1.57754,0.16944,0.648135,1.59232,0.228861,0.654207,0.091664,58,59,0.0476551,0.118355,0.3491,1.49822,0,21.3777
21.3974,1.5806,0.171968,0.657591,0,0,0,0,58,59,0,0,0,0,0,traj_sz=100
21.3977,1.5806,0.171968,0.657591,1.59232,0.228861,0.654207,0.091664,58,59,0.0440455,0.115975,0.3491,1.49434,0,21.3977
21.4174,1.58266,0.173556,0.664258,0,0,0,0,58,59,0,0,0,0,0,traj_sz=100
21.4175,1.58266,0.173556,0.664258,1.59232,0.228861,0.654207,0.091664,58,59,0.0416999,0.114968,0.3491,1.49182,0,21.4175
21.4375,1.58365,0.174315,0.667968,0,0,0,0,58,59,0,0,0,0,0,traj_sz=100
21.4376,1.58365,0.174315,0.667968,1.59232,0.228861,0.654207,0.091664,58,59,0.0405886,0.115308,0.3491,1.49061,0,21.4376
21.4573,1.58464,0.175122,0.672072,0,0,0,0,58,59,0,0,0,0,0,traj_sz=100
21.4575,1.58464,0.175122,0.672072,1.59232,0.228861,0.654207,0.091664,58,59,0.0394712,0.11562,0.3491,1.48937,0,21.4575
21.4774,1.58669,0.17671,0.678815,0,0,0,0,58,59,0,0,0,0,0,traj_sz=100
21.4776,1.58669,0.17671,0.678815,1.59232,0.228861,0.654207,0.091664,58,59,0.0371253,0.114615,0.3491,1.48686,0,21.4776
21.4974,1.5896,0.17909,0.690818,0,0,0,0,58,59,0,0,0,0,0,traj_sz=100
21.4975,1.5896,0.17909,0.690818,1.61901,0.249325,0.704714,0.0813587,58,60,0.0674171,0.112443,0.3491,1.48319,0,21.4975
21.5174,1.59155,0.180763,0.697086,0,0,0,0,58,60,0,0,0,0,0,traj_sz=100
21.5176,1.59155,0.180763,0.697086,1.61901,0.249325,0.704714,0.0813587,58,60,0.065067,0.111462,0.3491,1.48067,0,21.5176
21.5375,1.59243,0.181646,0.70091,0,0,0,0,58,60,0,0,0,0,0,traj_sz=100
21.5377,1.59243,0.181646,0.70091,1.61901,0.249325,0.704714,0.0813587,58,60,0.0639618,0.111822,0.3491,1.47944,0,21.5377
21.5574,1.59343,0.182406,0.705559,0,0,0,0,58,60,0,0,0,0,0,traj_sz=100
21.5575,1.59343,0.182406,0.705559,1.61901,0.249325,0.704714,0.0813587,58,60,0.0628687,0.112138,0.3491,1.47822,0,21.5575
21.5775,1.59522,0.18395,0.712298,0,0,0,0,58,60,0,0,0,0,0,traj_sz=100
21.5776,1.59522,0.18395,0.712298,1.61901,0.249325,0.704714,0.0813587,58,60,0.060734,0.111358,0.3491,1.47591,0,21.5776
21.5974,1.59795,0.186334,0.724431,0,0,0,0,58,60,0,0,0,0,0,traj_sz=100
21.5975,1.59795,0.186334,0.724431,1.61901,0.249325,0.704714,0.0813587,58,60,0.0575179,0.109318,0.3491,1.47235,0,21.5975
21.6174,1.59967,0.18802,0.730747,0,0,0,0,58,60,0,0,0,0,0,traj_sz=100
21.6176,1.59967,0.18802,0.730747,1.64174,0.268661,0.743437,0.0738064,59,61,0.0851539,0.108505,0.3491,1.46997,0,21.6176
21.6375,1.60063,0.188999,0.732685,0,0,0,0,59,61,0,0,0,0,0,traj_sz=100
21.6377,1.60063,0.188999,0.732685,1.64174,0.268661,0.743437,0.0738064,59,61,0.0838458,0.10873,0.3491,1.4686,0,21.6377
21.6574,1.60151,0.189833,0.735913,0,0,0,0,59,61,0,0,0,0,0,traj_sz=100
21.6576,1.60151,0.189833,0.735913,1.64174,0.268661,0.743437,0.0738064,59,61,0.0827363,0.108961,0.3491,1.46741,0,21.6576
21.6775,1.60322,0.191466,0.742251,0,0,0,0,59,61,0,0,0,0,0,traj_sz=100
21.6776,1.60322,0.191466,0.742251,1.64174,0.268661,0.743437,0.0738064,59,61,0.0805681,0.107986,0.3491,1.46507,0,21.6776
21.6975,1.60561,0.193867,0.75167,0,0,0,0,59,61,0,0,0,0,0,traj_sz=100
21.6977,1.60561,0.193867,0.75167,1.64174,0.268661,0.743437,0.0738064,59,61,0.0774716,0.106004,0.3491,1.46171,0,21.6977
21.7173,1.60726,0.195421,0.758379,0,0,0,0,59,61,0,0,0,0,0,traj_sz=100
21.7175,1.60726,0.195421,0.758379,1.64174,0.268661,0.743437,0.0738064,59,61,0.0754042,0.105102,0.3491,1.45947,0,21.7175
21.7374,1.60799,0.196303,0.759625,0,0,0,0,59,61,0,0,0,0,0,traj_sz=100
21.7376,1.60799,0.196303,0.759625,1.66168,0.286988,0.775003,0.0700587,59,62,0.101383,0.105358,0.3491,1.45832,0,21.7376
21.7575,1.60885,0.197113,0.762805,0,0,0,0,59,62,0,0,0,0,0,traj_sz=100
21.7576,1.60885,0.197113,0.762805,1.66168,0.286988,0.775003,0.0700587,59,62,0.100288,0.105545,0.3491,1.45715,0,21.7576
21.7774,1.61032,0.198631,0.768022,0,0,0,0,59,62,0,0,0,0,0,traj_sz=100
21.7775,1.61032,0.198631,0.768022,1.66168,0.286988,0.775003,0.0700587,59,62,0.0983247,0.104814,0.3491,1.45505,0,21.7775
21.7974,1.61252,0.200953,0.776026,0,0,0,0,59,62,0,0,0,0,0,traj_sz=100
21.7975,1.61252,0.200953,0.776026,1.66168,0.286988,0.775003,0.0700587,59,62,0.095348,0.103015,0.3491,1.45187,0,21.7975
21.8174,1.61407,0.20253,0.781381,0,0,0,0,59,62,0,0,0,0,0,traj_sz=100
21.8175,1.61407,0.20253,0.781381,1.66168,0.286988,0.775003,0.0700587,59,62,0.0932828,0.102185,0.3491,1.44968,0,21.8175
21.8374,1.61475,0.20319,0.786225,0,0,0,0,59,62,0,0,0,0,0,traj_sz=100
21.8376,1.61475,0.20319,0.786225,1.66168,0.286988,0.775003,0.0700587,59,62,0.0924608,0.10261,0.3491,1.44874,0,21.8376
21.8575,1.61551,0.204063,0.787535,0,0,0,0,59,62,0,0,0,0,0,traj_sz=100
21.8577,1.61551,0.204063,0.787535,1.66168,0.286988,0.775003,0.0700587,59,62,0.0913394,0.102838,0.3491,1.44758,0,21.8577
21.8774,1.617,0.20561,0.791801,0,0,0,0,59,62,0,0,0,0,0,traj_sz=100
21.8776,1.617,0.20561,0.791801,1.66168,0.286988,0.775003,0.0700587,59,62,0.0893015,0.102058,0.3491,1.44545,0,21.8776
21.8973,1.61918,0.207837,0.803125,0,0,0,0,59,62,0,0,0,0,0,traj_sz=100
21.8978,1.61918,0.207837,0.803125,1.66168,0.286988,0.775003,0.0700587,59,62,0.0864688,0.100323,0.3491,1.44235,0,21.8978
21.9174,1.62073,0.209434,0.808927,0,0,0,0,59,62,0,0,0,0,0,traj_sz=100
21.9175,1.62073,0.209434,0.808927,1.66168,0.286988,0.775003,0.0700587,59,62,0.0843822,0.09947,0.3491,1.44014,0,21.9175
21.9375,1.62144,0.210281,0.810069,0,0,0,0,59,62,0,0,0,0,0,traj_sz=100
21.9376,1.62144,0.210281,0.810069,1.66168,0.286988,0.775003,0.0700587,59,62,0.0833057,0.0997442,0.3491,1.43904,0,21.9376
21.9574,1.62209,0.211072,0.814587,0,0,0,0,59,62,0,0,0,0,0,traj_sz=100
21.9576,1.62209,0.211072,0.814587,1.66168,0.286988,0.775003,0.0700587,59,62,0.0823866,0.100094,0.3491,1.43801,0,21.9576
21.9774,1.62367,0.212889,0.817588,0,0,0,0,59,62,0,0,0,0,0,traj_sz=100
21.9775,1.62367,0.212889,0.817588,1.66168,0.286988,0.775003,0.0700587,59,62,0.0800556,0.0990675,0.3491,1.43561,0,21.9775
21.9974,1.6258,0.215076,0.82919,0,0,0,0,59,62,0,0,0,0,0,traj_sz=100
21.9975,1.6258,0.215076,0.82919,1.66168,0.286988,0.775003,0.0700587,60,62,0.077261,0.0973835,0.3491,1.43258,0,21.9975
22.0176,1.62707,0.216731,0.83245,0,0,0,0,60,62,0,0,0,0,0,traj_sz=100
22.0177,1.62707,0.216731,0.83245,1.68004,0.304972,0.808348,0.069991,60,63,0.100915,0.0966925,0.3491,1.43049,0,22.0177
22.0374,1.62768,0.217486,0.837672,0,0,0,0,60,63,0,0,0,0,0,traj_sz=100
22.0376,1.62768,0.217486,0.837672,1.68004,0.304972,0.808348,0.069991,60,63,0.100046,0.0970021,0.3491,1.42952,0,22.0376
22.0574,1.62852,0.218354,0.839774,0,0,0,0,60,63,0,0,0,0,0,traj_sz=100
22.0576,1.62852,0.218354,0.839774,1.68004,0.304972,0.808348,0.069991,60,63,0.0988819,0.0970789,0.3491,1.42832,0,22.0576
22.0774,1.6298,0.219915,0.844839,0,0,0,0,60,63,0,0,0,0,0,traj_sz=100
22.0775,1.6298,0.219915,0.844839,1.68004,0.304972,0.808348,0.069991,60,63,0.0969656,0.096368,0.3491,1.42631,0,22.0775
22.0975,1.63173,0.222278,0.854701,0,0,0,0,60,63,0,0,0,0,0,traj_sz=100
22.0976,1.63173,0.222278,0.854701,1.68004,0.304972,0.808348,0.069991,60,63,0.0940918,0.0946365,0.3491,1.42325,0,22.0976
22.1174,1.63256,0.223039,0.857158,0,0,0,0,60,63,0,0,0,0,0,traj_sz=100
22.1177,1.63256,0.223039,0.857158,1.68004,0.304972,0.808348,0.069991,60,63,0.0930173,0.0947939,0.3491,1.42214,0,22.1177
22.1374,1.63383,0.224638,0.862507,0,0,0,0,60,63,0,0,0,0,0,traj_sz=100
22.1375,1.63383,0.224638,0.862507,1.68004,0.304972,0.808348,0.069991,60,63,0.0910714,0.0940525,0.3491,1.4201,0,22.1375
22.1573,1.63436,0.225381,0.866497,0,0,0,0,60,63,0,0,0,0,0,traj_sz=100
22.1574,1.63436,0.225381,0.866497,1.68004,0.304972,0.808348,0.069991,60,63,0.0902308,0.0944319,0.3491,1.41919,0,22.1574
22.1773,1.63564,0.226982,0.872163,0,0,0,0,60,63,0,0,0,0,0,traj_sz=100
22.1775,1.63564,0.226982,0.872163,1.68004,0.304972,0.808348,0.069991,60,63,0.088274,0.093689,0.3491,1.41714,0,22.1775
22.1974,1.63778,0.229604,0.879285,0,0,0,0,60,63,0,0,0,0,0,traj_sz=100
22.1975,1.63778,0.229604,0.879285,1.68004,0.304972,0.808348,0.069991,60,63,0.0850032,0.0916265,0.3491,1.41376,0,22.1975
22.2175,1.63898,0.231328,0.88457,0,0,0,0,60,63,0,0,0,0,0,traj_sz=100
22.2176,1.63898,0.231328,0.88457,1.68004,0.304972,0.808348,0.069991,60,63,0.0829913,0.0908605,0.3491,1.41166,0,22.2176
22.2375,1.63974,0.232194,0.887806,0,0,0,0,60,63,0,0,0,0,0,traj_sz=100
22.2376,1.63974,0.232194,0.887806,1.68004,0.304972,0.808348,0.069991,60,63,0.0818875,0.0909887,0.3491,1.41051,0,22.2376
22.2574,1.64024,0.233038,0.891157,0,0,0,0,60,63,0,0,0,0,0,traj_sz=100
22.2576,1.64024,0.233038,0.891157,1.68004,0.304972,0.808348,0.069991,60,63,0.0809651,0.0913215,0.3491,1.40954,0,22.2576
22.2774,1.64154,0.234838,0.896635,0,0,0,0,60,63,0,0,0,0,0,traj_sz=100
22.2776,1.64154,0.234838,0.896635,1.68004,0.304972,0.808348,0.069991,60,63,0.0788266,0.0904222,0.3491,1.40732,0,22.2776
22.2974,1.64366,0.237615,0.905189,0,0,0,0,60,63,0,0,0,0,0,traj_sz=100
22.2975,1.64366,0.237615,0.905189,1.69777,0.323541,0.84166,0.0734641,60,64,0.100999,0.0882487,0.3491,1.40382,0,22.2975
22.3175,1.64493,0.239447,0.91128,0,0,0,0,60,64,0,0,0,0,0,traj_sz=100
22.3176,1.64493,0.239447,0.91128,1.69777,0.323541,0.84166,0.0734641,60,64,0.0988328,0.0873457,0.3491,1.40159,0,22.3176
22.3377,1.64553,0.24036,0.913337,0,0,0,0,60,64,0,0,0,0,0,traj_sz=100
22.338,1.64553,0.24036,0.913337,1.69777,0.323541,0.84166,0.0734641,60,64,0.0977666,0.0875673,0.3491,1.40051,0,22.338
22.3574,1.64576,0.24124,0.913656,0,0,0,0,60,64,0,0,0,0,0,traj_sz=100
22.3575,1.64576,0.24124,0.913656,1.69777,0.323541,0.84166,0.0734641,61,64,0.0969341,0.0880479,0.3491,1.39967,0,22.3575
22.3774,1.64729,0.242968,0.920832,0,0,0,0,61,64,0,0,0,0,0,traj_sz=100
22.3775,1.64729,0.242968,0.920832,1.69777,0.323541,0.84166,0.0734641,61,64,0.0946947,0.0870165,0.3491,1.39737,0,22.3775
22.3973,1.64886,0.245386,0.927909,0,0,0,0,61,64,0,0,0,0,0,traj_sz=100
22.3974,1.64886,0.245386,0.927909,1.69777,0.323541,0.84166,0.0734641,61,64,0.0918762,0.0855223,0.3491,1.39449,0,22.3974
22.4174,1.65002,0.246955,0.933223,0,0,0,0,61,64,0,0,0,0,0,traj_sz=100
22.4176,1.65002,0.246955,0.933223,1.69777,0.323541,0.84166,0.0734641,61,64,0.0899609,0.0849207,0.3491,1.39254,0,22.4176
22.4374,1.65021,0.247815,0.933359,0,0,0,0,61,64,0,0,0,0,0,traj_sz=100
22.4377,1.65021,0.247815,0.933359,1.69777,0.323541,0.84166,0.0734641,61,64,0.0891622,0.0855183,0.3491,1.39175,0,22.4377
22.4573,1.65113,0.248238,0.941456,0,0,0,0,61,64,0,0,0,0,0,traj_sz=100
22.4575,1.65113,0.248238,0.941456,1.69777,0.323541,0.84166,0.0734641,61,64,0.0883314,0.085856,0.3491,1.39085,0,22.4575
22.4774,1.65201,0.249962,0.943135,0,0,0,0,61,64,0,0,0,0,0,traj_sz=100
22.4775,1.65201,0.249962,0.943135,1.69777,0.323541,0.84166,0.0734641,61,64,0.0864279,0.0853413,0.3491,1.38895,0,22.4775
22.4977,1.6534,0.252226,0.94751,0,0,0,0,61,64,0,0,0,0,0,traj_sz=100
22.4978,1.6534,0.252226,0.94751,1.69777,0.323541,0.84166,0.0734641,61,64,0.0838067,0.0841074,0.3491,1.38631,0,22.4978
22.5174,1.6542,0.253672,0.9521,0,0,0,0,61,64,0,0,0,0,0,traj_sz=100
22.5175,1.6542,0.253672,0.9521,1.69777,0.323541,0.84166,0.0734641,61,64,0.0821866,0.0838195,0.3491,1.38467,0,22.5175
22.5373,1.65485,0.254389,0.953765,0,0,0,0,61,64,0,0,0,0,0,traj_sz=100
22.5374,1.65485,0.254389,0.953765,1.69777,0.323541,0.84166,0.0734641,61,64,0.0812331,0.0841515,0.3491,1.3837,0,22.5374
22.5574,1.65504,0.255194,0.954306,0,0,0,0,61,64,0,0,0,0,0,traj_sz=100
22.5575,1.65504,0.255194,0.954306,1.69777,0.323541,0.84166,0.0734641,61,64,0.0804687,0.0847685,0.3491,1.38295,0,22.5575
22.5774,1.65607,0.256686,0.957966,0,0,0,0,61,64,0,0,0,0,0,traj_sz=100
22.5776,1.65607,0.256686,0.957966,1.71573,0.34364,0.87308,0.0804185,61,65,0.105448,0.0843062,0.3491,1.38114,0,22.5776
22.5975,1.65735,0.258824,0.964223,0,0,0,0,61,65,0,0,0,0,0,traj_sz=100
22.5977,1.65735,0.258824,0.964223,1.71573,0.34364,0.87308,0.0804185,61,65,0.102966,0.0832162,0.3491,1.37867,0,22.5977
22.6175,1.65851,0.260195,0.970135,0,0,0,0,61,65,0,0,0,0,0,traj_sz=100
22.6176,1.65851,0.260195,0.970135,1.71573,0.34364,0.87308,0.0804185,61,65,0.101181,0.0827265,0.3491,1.37688,0,22.6176
22.6373,1.65881,0.261066,0.96859,0,0,0,0,61,65,0,0,0,0,0,traj_sz=100
22.6375,1.65881,0.261066,0.96859,1.71573,0.34364,0.87308,0.0804185,61,65,0.100293,0.0831974,0.3491,1.376,0,22.6375
22.6575,1.65948,0.261697,0.973877,0,0,0,0,61,65,0,0,0,0,0,traj_sz=100
22.6576,1.65948,0.261697,0.973877,1.71573,0.34364,0.87308,0.0804185,61,65,0.0993882,0.0835827,0.3491,1.37509,0,22.6576
22.6773,1.6604,0.263331,0.975353,0,0,0,0,61,65,0,0,0,0,0,traj_sz=100
22.6774,1.6604,0.263331,0.975353,1.71573,0.34364,0.87308,0.0804185,61,65,0.0975221,0.0830759,0.3491,1.37324,0,22.6774
22.6974,1.66182,0.265508,0.98287,0,0,0,0,61,65,0,0,0,0,0,traj_sz=100
22.6974,1.66182,0.265508,0.98287,1.71573,0.34364,0.87308,0.0804185,61,65,0.0949121,0.0818387,0.3491,1.37064,0,22.6974
22.7175,1.66272,0.26691,0.987949,0,0,0,0,61,65,0,0,0,0,0,traj_sz=100
22.7176,1.66272,0.26691,0.987949,1.71573,0.34364,0.87308,0.0804185,62,65,0.0932392,0.0815255,0.3491,1.36899,0,22.7176
22.7374,1.66293,0.267863,0.984646,0,0,0,0,62,65,0,0,0,0,0,traj_sz=100
22.7375,1.66293,0.267863,0.984646,1.71573,0.34364,0.87308,0.0804185,62,65,0.0923359,0.0820053,0.3491,1.3681,0,22.7375
22.7574,1.66363,0.268447,0.99076,0,0,0,0,62,65,0,0,0,0,0,traj_sz=100
22.7576,1.66363,0.268447,0.99076,1.71573,0.34364,0.87308,0.0804185,62,65,0.0914494,0.0824702,0.3491,1.36721,0,22.7576
22.7773,1.66465,0.269877,0.994552,0,0,0,0,62,65,0,0,0,0,0,traj_sz=100
22.7774,1.66465,0.269877,0.994552,1.71573,0.34364,0.87308,0.0804185,62,65,0.0896861,0.0821556,0.3491,1.36546,0,22.7774
22.7974,1.66598,0.272152,0.99976,0,0,0,0,62,65,0,0,0,0,0,traj_sz=100
22.7975,1.66598,0.272152,0.99976,1.71573,0.34364,0.87308,0.0804185,62,65,0.0870335,0.0810367,0.3491,1.36284,0,22.7975
22.8174,1.66686,0.273478,1.00534,0,0,0,0,62,65,0,0,0,0,0,traj_sz=100
22.8175,1.66686,0.273478,1.00534,1.71573,0.34364,0.87308,0.0804185,62,65,0.0854234,0.0808978,0.3491,1.36126,0,22.8175
22.8374,1.66704,0.27439,1.00441,0,0,0,0,62,65,0,0,0,0,0,traj_sz=100
22.8374,1.66704,0.27439,1.00441,1.71573,0.34364,0.87308,0.0804185,62,65,0.0845616,0.0815451,0.3491,1.36042,0,22.8374
22.8574,1.66769,0.275015,1.00814,0,0,0,0,62,65,0,0,0,0,0,traj_sz=100
22.8575,1.66769,0.275015,1.00814,1.71573,0.34364,0.87308,0.0804185,62,65,0.0836721,0.0820715,0.3491,1.35953,0,22.8575
22.8774,1.66842,0.27653,1.01016,0,0,0,0,62,65,0,0,0,0,0,traj_sz=100
22.8775,1.66842,0.27653,1.01016,1.71573,0.34364,0.87308,0.0804185,62,65,0.0819938,0.0819019,0.346913,1.35789,0,22.8775
22.8975,1.66991,0.278541,1.02067,0,0,0,0,62,65,0,0,0,0,0,traj_sz=100
22.8976,1.66991,0.278541,1.02067,1.73469,0.366249,0.911356,0.0899453,62,66,0.108634,0.08085,0.340519,1.35539,0,22.8976
22.9174,1.67057,0.279837,1.02258,0,0,0,0,62,66,0,0,0,0,0,traj_sz=100
22.9176,1.67057,0.279837,1.02258,1.73469,0.366249,0.911356,0.0899453,62,66,0.107166,0.0808838,0.333459,1.35396,0,22.9176
22.9373,1.67073,0.280741,1.02284,0,0,0,0,62,66,0,0,0,0,0,traj_sz=100
22.9374,1.67073,0.280741,1.02284,1.73469,0.366249,0.911356,0.0899453,62,66,0.106306,0.0815321,0.325482,1.35314,0,22.9374
22.9573,1.67133,0.281485,1.02575,0,0,0,0,62,66,0,0,0,0,0,traj_sz=100
22.9574,1.67133,0.281485,1.02575,1.73469,0.366249,0.911356,0.0899453,62,66,0.105332,0.0819984,0.32361,1.35219,0,22.9574
22.9776,1.67216,0.282869,1.0316,0,0,0,0,62,66,0,0,0,0,0,traj_sz=100
22.9777,1.67216,0.282869,1.0316,1.73469,0.366249,0.911356,0.0899453,62,66,0.103656,0.0818672,0.317186,1.35059,0,22.9777
22.9975,1.67322,0.285287,1.03465,0,0,0,0,62,66,0,0,0,0,0,traj_sz=100
22.9976,1.67322,0.285287,1.03465,1.73469,0.366249,0.911356,0.0899453,62,66,0.101001,0.0808015,0.302273,1.34803,0,22.9976
23.0174,1.6741,0.286797,1.03748,0,0,0,0,62,66,0,0,0,0,0,traj_sz=100
23.0178,1.6741,0.286797,1.03748,1.73469,0.366249,0.911356,0.0899453,62,66,0.0992238,0.0805219,0.295115,1.3463,0,23.0178
23.0374,1.67457,0.287353,1.04252,0,0,0,0,62,66,0,0,0,0,0,traj_sz=100
23.0375,1.67457,0.287353,1.04252,1.73469,0.366249,0.911356,0.0899453,62,66,0.0984453,0.0812029,0.293873,1.34557,0,23.0375
23.0575,1.67504,0.28815,1.04626,0,0,0,0,62,66,0,0,0,0,0,traj_sz=100
23.0576,1.67504,0.28815,1.04626,1.73469,0.366249,0.911356,0.0899453,62,66,0.0974696,0.081718,0.290142,1.34465,0,23.0576
23.0774,1.67591,0.289846,1.04863,0,0,0,0,62,66,0,0,0,0,0,traj_sz=100
23.0777,1.67591,0.289846,1.04863,1.73469,0.366249,0.911356,0.0899453,62,66,0.0955394,0.081309,0.280914,1.34278,0,23.0777
23.0974,1.67708,0.292158,1.0547,0,0,0,0,62,66,0,0,0,0,0,traj_sz=100
23.0975,1.67708,0.292158,1.0547,1.73469,0.366249,0.911356,0.0899453,63,66,0.092872,0.0802292,0.273654,1.34024,0,23.0975
23.1174,1.67789,0.293847,1.0568,0,0,0,0,63,66,0,0,0,0,0,traj_sz=100
23.1175,1.67789,0.293847,1.0568,1.73469,0.366249,0.911356,0.0899453,63,66,0.0909734,0.0799005,0.264876,1.3384,0,23.1175
23.1374,1.67824,0.294692,1.05743,0,0,0,0,63,66,0,0,0,0,0,traj_sz=100
23.1376,1.67824,0.294692,1.05743,1.73469,0.366249,0.911356,0.0899453,63,66,0.0900541,0.0806526,0.259928,1.33752,0,23.1376
23.1574,1.67871,0.295427,1.06151,0,0,0,0,63,66,0,0,0,0,0,traj_sz=100
23.1576,1.67871,0.295427,1.06151,1.73469,0.366249,0.911356,0.0899453,63,66,0.0891291,0.0813996,0.257131,1.33666,0,23.1576
23.1773,1.67955,0.297059,1.06453,0,0,0,0,63,66,0,0,0,0,0,traj_sz=100
23.1775,1.67955,0.297059,1.06453,1.73469,0.366249,0.911356,0.0899453,63,66,0.0872496,0.081224,0.249208,1.33485,0,23.1775
23.1973,1.6808,0.299409,1.07065,0,0,0,0,63,66,0,0,0,0,0,traj_sz=100
23.1974,1.6808,0.299409,1.07065,1.73469,0.366249,0.911356,0.0899453,63,66,0.0844959,0.0802469,0.238123,1.33223,0,23.1974
23.2175,1.68143,0.300852,1.0721,0,0,0,0,63,66,0,0,0,0,0,traj_sz=100
23.2176,1.68143,0.300852,1.0721,1.73469,0.366249,0.911356,0.0899453,63,66,0.0829044,0.0803737,0.229954,1.3307,0,23.2176
23.2375,1.68162,0.301705,1.07308,0,0,0,0,63,66,0,0,0,0,0,traj_sz=100
23.2377,1.68162,0.301705,1.07308,1.73469,0.366249,0.911356,0.0899453,63,66,0.0820493,0.081228,0.223128,1.32991,0,23.2377
23.2573,1.68231,0.302387,1.07632,0,0,0,0,63,66,0,0,0,0,0,traj_sz=100
23.2574,1.68231,0.302387,1.07632,1.73469,0.366249,0.911356,0.0899453,63,66,0.0810693,0.0818304,0.22338,1.32895,0,23.2574
23.2774,1.68305,0.303985,1.07695,0,0,0,0,63,66,0,0,0,0,0,traj_sz=100
23.2775,1.68305,0.303985,1.07695,1.73469,0.366249,0.911356,0.0899453,63,66,0.0793025,0.0817608,0.214824,1.32724,0,23.2775
23.2975,1.68448,0.306648,1.08647,0,0,0,0,63,66,0,0,0,0,0,traj_sz=100
23.2976,1.68448,0.306648,1.08647,1.7549,0.392328,0.954166,0.10115,63,67,0.108612,0.0804273,0.202294,1.32425,0,23.2976
23.3174,1.68518,0.308302,1.08747,0,0,0,0,63,67,0,0,0,0,0,traj_sz=100
23.3177,1.68518,0.308302,1.08747,1.7549,0.392328,0.954166,0.10115,63,67,0.106802,0.0803309,0.192638,1.32252,0,23.3177
23.3374,1.68539,0.309346,1.08457,0,0,0,0,63,67,0,0,0,0,0,traj_sz=100
23.3376,1.68539,0.309346,1.08457,1.7549,0.392328,0.954166,0.10115,63,67,0.105848,0.0810132,0.184227,1.32157,0,23.3376
23.3573,1.68615,0.310233,1.09075,0,0,0,0,63,67,0,0,0,0,0,traj_sz=100
23.3575,1.68615,0.310233,1.09075,1.7549,0.392328,0.954166,0.10115,63,67,0.104564,0.0814205,0.183037,1.3204,0,23.3575
23.3775,1.68707,0.311996,1.09368,0,0,0,0,63,67,0,0,0,0,0,traj_sz=100
23.3777,1.68707,0.311996,1.09368,1.7549,0.392328,0.954166,0.10115,63,67,0.102511,0.0811084,0.174536,1.31845,0,23.3777
23.3974,1.68804,0.314822,1.0963,0,0,0,0,63,67,0,0,0,0,0,traj_sz=100
23.3976,1.68804,0.314822,1.0963,1.7549,0.392328,0.954166,0.10115,63,67,0.0994914,0.0799409,0.155682,1.31563,0,23.3976
23.4174,1.68898,0.316594,1.10114,0,0,0,0,63,67,0,0,0,0,0,traj_sz=100
23.4175,1.68898,0.316594,1.10114,1.7549,0.392328,0.954166,0.10115,64,67,0.0973689,0.079582,0.134028,1.31365,0,23.4175
23.4374,1.68976,0.317429,1.10285,0,0,0,0,64,67,0,0,0,0,0,traj_sz=100
23.4375,1.68976,0.317429,1.10285,1.7549,0.392328,0.954166,0.10115,64,67,0.0962306,0.0800208,0.134298,1.31252,0,23.4375
23.4575,1.68995,0.318415,1.10378,0,0,0,0,64,67,0,0,0,0,0,traj_sz=100
23.4576,1.68995,0.318415,1.10378,1.7549,0.392328,0.954166,0.10115,64,67,0.0952398,0.0807521,0.126574,1.31162,0,23.4576
23.4774,1.69079,0.320372,1.10468,0,0,0,0,64,67,0,0,0,0,0,traj_sz=100
23.4775,1.69079,0.320372,1.10468,1.7549,0.392328,0.954166,0.10115,64,67,0.0930912,0.080312,0.116383,1.30956,0,23.4775
23.4974,1.69238,0.322964,1.11174,0,0,0,0,64,67,0,0,0,0,0,traj_sz=100
23.4977,1.69238,0.322964,1.11174,1.7549,0.392328,0.954166,0.10115,64,67,0.0898874,0.079143,0.107837,1.30655,0,23.4977
23.5173,1.69316,0.324589,1.11312,0,0,0,0,64,67,0,0,0,0,0,traj_sz=100
23.5176,1.69316,0.324589,1.11312,1.7549,0.392328,0.954166,0.10115,64,67,0.0880464,0.079243,0.100349,1.30478,0,23.5176
23.5375,1.69323,0.325563,1.11337,0,0,0,0,64,67,0,0,0,0,0,traj_sz=100
23.5376,1.69323,0.325563,1.11337,1.7549,0.392328,0.954166,0.10115,64,67,0.0871386,0.0803193,0.0913001,1.30398,0,23.5376
23.5574,1.69393,0.326395,1.11539,0,0,0,0,64,67,0,0,0,0,0,traj_sz=100
23.5577,1.69393,0.326395,1.11539,1.7549,0.392328,0.954166,0.10115,64,67,0.0860276,0.0810724,0.0908019,1.30288,0,23.5577
23.5774,1.69464,0.32786,1.11887,0,0,0,0,64,67,0,0,0,0,0,traj_sz=100
23.5775,1.69464,0.32786,1.11887,1.7549,0.392328,0.954166,0.10115,64,67,0.0843126,0.0813324,0.0838584,1.3013,0,23.5775
23.5973,1.69544,0.330313,1.1202,0,0,0,0,64,67,0,0,0,0,0,traj_sz=100
23.5974,1.69544,0.330313,1.1202,1.7549,0.392328,0.954166,0.10115,64,67,0.0817202,0.0807921,0.0682685,1.29888,0,23.5974
23.6173,1.696,0.331701,1.12103,0,0,0,0,64,67,0,0,0,0,0,traj_sz=100
23.6175,1.696,0.331701,1.12103,1.7549,0.392328,0.954166,0.10115,64,67,0.0802046,0.0812198,0.0605927,1.29744,0,23.6175
23.6374,1.69667,0.332542,1.12077,0,0,0,0,64,67,0,0,0,0,0,traj_sz=100
23.6375,1.69667,0.332542,1.12077,1.7549,0.392328,0.954166,0.10115,64,67,0.0791623,0.0819804,0.059723,1.29636,0,23.6375
23.6574,1.69668,0.333263,1.1208,0,0,0,0,64,67,0,0,0,0,0,traj_sz=100
23.6575,1.69668,0.333263,1.1208,1.7549,0.392328,0.954166,0.10115,64,67,0.0785107,0.0832679,0.0525679,1.29579,0,23.6575
23.6773,1.69753,0.334798,1.12214,0,0,0,0,64,67,0,0,0,0,0,traj_sz=100
23.6774,1.69753,0.334798,1.12214,1.7549,0.392328,0.954166,0.10115,64,67,0.076723,0.0833829,0.0466605,1.29406,0,23.6774
23.6974,1.6986,0.337211,1.12429,0,0,0,0,64,67,0,0,0,0,0,traj_sz=100
23.6975,1.6986,0.337211,1.12429,1.77636,0.422603,0.997427,0.1128,64,68,0.110599,0.0826983,0.0344559,1.2915,0,23.6975
23.7174,1.69923,0.338811,1.12424,0,0,0,0,64,68,0,0,0,0,0,traj_sz=100
23.7176,1.69923,0.338811,1.12424,1.77636,0.422603,0.997427,0.1128,64,68,0.108887,0.0829151,0.0254734,1.28986,0,23.7176
23.7374,1.69947,0.339696,1.12467,0,0,0,0,64,68,0,0,0,0,0,traj_sz=100
23.7376,1.69947,0.339696,1.12467,1.77636,0.422603,0.997427,0.1128,64,68,0.107971,0.0839127,0.01929,1.28902,0,23.7376
23.7574,1.70005,0.340488,1.1265,0,0,0,0,64,68,0,0,0,0,0,traj_sz=100
23.7575,1.70005,0.340488,1.1265,1.77636,0.422603,0.997427,0.1128,65,68,0.106944,0.084761,0.0139616,1.28804,0,23.7575
23.7774,1.70084,0.342212,1.12725,0,0,0,0,65,68,0,0,0,0,0,traj_sz=100
23.7775,1.70084,0.342212,1.12725,1.77636,0.422603,0.997427,0.1128,65,68,0.10502,0.0847633,0.00647348,1.28619,0,23.7775
23.7973,1.70182,0.344778,1.12874,0,0,0,0,65,68,0,0,0,0,0,traj_sz=100
23.7975,1.70182,0.344778,1.12874,1.77636,0.422603,0.997427,0.1128,65,68,0.102231,0.0839957,-0.00706883,1.28357,0,23.7975
23.8175,1.70249,0.346506,1.12843,0,0,0,0,65,68,0,0,0,0,0,traj_sz=100
23.8177,1.70249,0.346506,1.12843,1.77636,0.422603,0.997427,0.1128,65,68,0.100395,0.0840985,-0.0160716,1.28181,0,23.8177
23.8373,1.70308,0.347318,1.13026,0,0,0,0,65,68,0,0,0,0,0,traj_sz=100
23.8374,1.70308,0.347318,1.13026,1.77636,0.422603,0.997427,0.1128,65,68,0.0993465,0.0849001,-0.0172062,1.2808,0,23.8374
23.8575,1.70331,0.348265,1.12994,0,0,0,0,65,68,0,0,0,0,0,traj_sz=100
23.8577,1.70331,0.348265,1.12994,1.77636,0.422603,0.997427,0.1128,65,68,0.0984008,0.0860185,-0.023608,1.27992,0,23.8577
23.8774,1.70401,0.350259,1.12768,0,0,0,0,65,68,0,0,0,0,0,traj_sz=100
23.8776,1.70401,0.350259,1.12768,1.77636,0.422603,0.997427,0.1128,65,68,0.0963778,0.0861333,-0.0346832,1.27792,0,23.8776
23.8974,1.70566,0.352716,1.13408,0,0,0,0,65,68,0,0,0,0,0,traj_sz=100
23.8975,1.70566,0.352716,1.13408,1.77636,0.422603,0.997427,0.1128,65,68,0.0932308,0.0852881,-0.0397186,1.27497,0,23.8975
23.9173,1.70635,0.354558,1.13323,0,0,0,0,65,68,0,0,0,0,0,traj_sz=100
23.9175,1.70635,0.354558,1.13323,1.77636,0.422603,0.997427,0.1128,65,68,0.0912996,0.0855219,-0.0495106,1.2731,0,23.9175
23.9374,1.7068,0.355607,1.13272,0,0,0,0,65,68,0,0,0,0,0,traj_sz=100
23.9375,1.7068,0.355607,1.13272,1.77636,0.422603,0.997427,0.1128,65,68,0.090175,0.0865252,-0.0543638,1.272,0,23.9375
23.9574,1.70676,0.356347,1.12939,0,0,0,0,65,68,0,0,0,0,0,traj_sz=100
23.9575,1.70676,0.356347,1.12939,1.77636,0.422603,0.997427,0.1128,65,68,0.0896404,0.0880771,-0.0618686,1.27145,0,23.9575
23.9774,1.70756,0.358238,1.13078,0,0,0,0,65,68,0,0,0,0,0,traj_sz=100
23.9776,1.70756,0.358238,1.13078,1.77636,0.422603,0.997427,0.1128,65,68,0.0875412,0.0882176,-0.0709776,1.26947,0,23.9776
23.9973,1.7089,0.360799,1.1309,0,0,0,0,65,68,0,0,0,0,0,traj_sz=100
23.9974,1.7089,0.360799,1.1309,1.77636,0.422603,0.997427,0.1128,65,68,0.0846469,0.0874527,-0.0802069,1.26663,0,23.9974
24.0174,1.70957,0.362516,1.13013,0,0,0,0,65,68,0,0,0,0,0,traj_sz=100
24.0175,1.70957,0.362516,1.13013,1.77636,0.422603,0.997427,0.1128,65,68,0.0828343,0.0878053,-0.089,1.26487,0,24.0175
24.0374,1.70984,0.363356,1.13099,0,0,0,0,65,68,0,0,0,0,0,traj_sz=100
24.0377,1.70984,0.363356,1.13099,1.77636,0.422603,0.997427,0.1128,65,68,0.08193,0.089085,-0.0940606,1.26405,0,24.0377
24.0574,1.71047,0.364109,1.131,0,0,0,0,65,68,0,0,0,0,0,traj_sz=100
24.0576,1.71047,0.364109,1.131,1.77636,0.422603,0.997427,0.1128,65,68,0.0809816,0.0901918,-0.0941019,1.26307,0,24.0576
24.0774,1.71113,0.365704,1.13112,0,0,0,0,65,68,0,0,0,0,0,traj_sz=100
24.0775,1.71113,0.365704,1.13112,1.77636,0.422603,0.997427,0.1128,65,68,0.0792534,0.0906213,-0.101903,1.26141,0,24.0775
24.0974,1.71191,0.368277,1.12847,0,0,0,0,65,68,0,0,0,0,0,traj_sz=100
24.0975,1.71191,0.368277,1.12847,1.77636,0.422603,0.997427,0.1128,66,68,0.0766828,0.0902093,-0.114147,1.25891,0,24.0975
24.1175,1.71271,0.368926,1.13228,0,0,0,0,66,68,0,0,0,0,0,traj_sz=100
24.1177,1.71271,0.368926,1.13228,1.77636,0.422603,0.997427,0.1128,66,68,0.0756255,0.0913143,-0.110927,1.25791,0,24.1177
24.1374,1.71344,0.370587,1.13138,0,0,0,0,66,68,0,0,0,0,0,traj_sz=100
24.1377,1.71344,0.370587,1.13138,1.77636,0.422603,0.997427,0.1128,66,68,0.073841,0.0916412,-0.117443,1.25616,0,24.1377
24.1574,1.7134,0.371565,1.12624,0,0,0,0,66,68,0,0,0,0,0,traj_sz=100
24.1576,1.7134,0.371565,1.12624,1.77636,0.422603,0.997427,0.1128,66,68,0.0731546,0.0929706,-0.126665,1.25542,0,24.1576
24.1773,1.71419,0.373466,1.12454,0,0,0,0,66,68,0,0,0,0,0,traj_sz=100
24.1776,1.71419,0.373466,1.12454,1.79881,0.457368,1.05111,0.122114,66,69,0.112206,0.0930714,-0.134653,1.25344,0,24.1776
24.1974,1.71573,0.375963,1.12779,0,0,0,0,66,69,0,0,0,0,0,traj_sz=100
24.1979,1.71573,0.375963,1.12779,1.79881,0.457368,1.05111,0.122114,66,69,0.10916,0.0922477,-0.13952,1.25053,0,24.1979
24.2174,1.7165,0.377918,1.12445,0,0,0,0,66,69,0,0,0,0,0,traj_sz=100
24.2175,1.7165,0.377918,1.12445,1.79881,0.457368,1.05111,0.122114,66,69,0.107196,0.0923572,-0.148142,1.24852,0,24.2175
24.2374,1.71662,0.378845,1.121,0,0,0,0,66,69,0,0,0,0,0,traj_sz=100
24.2375,1.71662,0.378845,1.121,1.79881,0.457368,1.05111,0.122114,66,69,0.106447,0.0939124,-0.155076,1.24773,0,24.2375
24.2573,1.7173,0.379805,1.12278,0,0,0,0,66,69,0,0,0,0,0,traj_sz=100
24.2575,1.7173,0.379805,1.12278,1.79881,0.457368,1.05111,0.122114,66,69,0.105218,0.0950974,-0.156017,1.24656,0,24.2575
24.2775,1.7181,0.381659,1.1206,0,0,0,0,66,69,0,0,0,0,0,traj_sz=100
24.2776,1.7181,0.381659,1.1206,1.79881,0.457368,1.05111,0.122114,66,69,0.103288,0.0955078,-0.163456,1.24461,0,24.2776
24.2976,1.71898,0.384388,1.11627,0,0,0,0,66,69,0,0,0,0,0,traj_sz=100
24.2977,1.71898,0.384388,1.11627,1.79881,0.457368,1.05111,0.122114,66,69,0.100617,0.0951629,-0.177796,1.24193,0,24.2977
24.3174,1.71976,0.386244,1.11376,0,0,0,0,66,69,0,0,0,0,0,traj_sz=100
24.3175,1.71976,0.386244,1.11376,1.79881,0.457368,1.05111,0.122114,66,69,0.0987066,0.0955476,-0.185471,1.24,0,24.3175
24.3374,1.7207,0.387419,1.11538,0,0,0,0,66,69,0,0,0,0,0,traj_sz=100
24.3375,1.7207,0.387419,1.11538,1.79881,0.457368,1.05111,0.122114,66,69,0.0971739,0.0963926,-0.18521,1.23849,0,24.3375
24.3574,1.72071,0.388255,1.1141,0,0,0,0,66,69,0,0,0,0,0,traj_sz=100
24.3576,1.72071,0.388255,1.1141,1.79881,0.457368,1.05111,0.122114,66,69,0.0964697,0.0980768,-0.192737,1.23784,0,24.3576
24.3773,1.72139,0.390137,1.10983,0,0,0,0,66,69,0,0,0,0,0,traj_sz=100
24.3775,1.72139,0.390137,1.10983,1.79881,0.457368,1.05111,0.122114,66,69,0.0946526,0.0985032,-0.201814,1.23595,0,24.3775
24.3974,1.72307,0.392894,1.11014,0,0,0,0,66,69,0,0,0,0,0,traj_sz=100
24.3975,1.72307,0.392894,1.11014,1.79881,0.457368,1.05111,0.122114,66,69,0.0914243,0.0976457,-0.207257,1.23275,0,24.3975
24.4174,1.72395,0.394765,1.10785,0,0,0,0,66,69,0,0,0,0,0,traj_sz=100
24.4177,1.72395,0.394765,1.10785,1.79881,0.457368,1.05111,0.122114,66,69,0.0894448,0.097978,-0.213855,1.23074,0,24.4177
24.4373,1.72398,0.395815,1.1037,0,0,0,0,66,69,0,0,0,0,0,traj_sz=100
24.4375,1.72398,0.395815,1.1037,1.79881,0.457368,1.05111,0.122114,67,69,0.088655,0.0994437,-0.240488,1.22991,0,24.4375
24.4573,1.72481,0.396682,1.10543,0,0,0,0,67,69,0,0,0,0,0,traj_sz=100
24.4576,1.72481,0.396682,1.10543,1.79881,0.457368,1.05111,0.122114,67,69,0.0874386,0.100605,-0.237892,1.22871,0,24.4576
24.4774,1.72537,0.398394,1.10084,0,0,0,0,67,69,0,0,0,0,0,traj_sz=100
24.4775,1.72537,0.398394,1.10084,1.79881,0.457368,1.05111,0.122114,67,69,0.0858387,0.101241,-0.245732,1.22703,0,24.4775
24.4973,1.72677,0.401269,1.09636,0,0,0,0,67,69,0,0,0,0,0,traj_sz=100
24.4975,1.72677,0.401269,1.09636,1.79881,0.457368,1.05111,0.122114,67,69,0.0828138,0.100431,-0.253295,1.22392,0,24.4975
24.5173,1.72764,0.403046,1.0939,0,0,0,0,67,69,0,0,0,0,0,traj_sz=100
24.5174,1.72764,0.403046,1.0939,1.79881,0.457368,1.05111,0.122114,67,69,0.0809274,0.100816,-0.25787,1.22199,0,24.5174
24.5373,1.72816,0.403975,1.09342,0,0,0,0,67,69,0,0,0,0,0,traj_sz=100
24.5375,1.72816,0.403975,1.09342,1.79881,0.457368,1.05111,0.122114,67,69,0.0798855,0.10211,-0.259627,1.22094,0,24.5375
24.5574,1.72844,0.404915,1.0899,0,0,0,0,67,69,0,0,0,0,0,traj_sz=100
24.5576,1.72844,0.404915,1.0899,1.79881,0.457368,1.05111,0.122114,67,69,0.0790572,0.10353,-0.264197,1.22004,0,24.5576
24.5773,1.72944,0.406879,1.08637,0,0,0,0,67,69,0,0,0,0,0,traj_sz=100
24.5774,1.72944,0.406879,1.08637,1.79881,0.457368,1.05111,0.122114,67,69,0.0769875,0.103678,-0.268826,1.21789,0,24.5774
24.5974,1.73108,0.409682,1.08405,0,0,0,0,67,69,0,0,0,0,0,traj_sz=100
24.5975,1.73108,0.409682,1.08405,1.79881,0.457368,1.05111,0.122114,67,69,0.0738302,0.103001,-0.272938,1.21468,0,24.5975
24.6174,1.73186,0.41173,1.07847,0,0,0,0,67,69,0,0,0,0,0,traj_sz=100
24.6177,1.73186,0.41173,1.07847,1.79881,0.457368,1.05111,0.122114,67,69,0.0718647,0.103475,-0.280854,1.2126,0,24.6177
24.6375,1.73283,0.412577,1.07959,0,0,0,0,67,69,0,0,0,0,0,traj_sz=100
24.6376,1.73283,0.412577,1.07959,1.79881,0.457368,1.05111,0.122114,67,69,0.0706166,0.104815,-0.276352,1.21133,0,24.6376
24.6573,1.73308,0.41368,1.07578,0,0,0,0,67,69,0,0,0,0,0,traj_sz=100
24.6574,1.73308,0.41368,1.07578,1.79881,0.457368,1.05111,0.122114,67,69,0.0696673,0.106335,-0.282676,1.21031,0,24.6574
24.6773,1.73401,0.415731,1.07122,0,0,0,0,67,69,0,0,0,0,0,traj_sz=100
24.6775,1.73401,0.415731,1.07122,1.79881,0.457368,1.05111,0.122114,67,69,0.0675909,0.106714,-0.288882,1.20814,0,24.6775
24.6974,1.73591,0.418917,1.06625,0,0,0,0,67,69,0,0,0,0,0,traj_sz=100
24.6975,1.73591,0.418917,1.06625,1.79881,0.457368,1.05111,0.122114,67,69,0.0640669,0.105597,-0.293027,1.20447,0,24.6975
24.7173,1.73673,0.421097,1.06037,0,0,0,0,67,69,0,0,0,0,0,traj_sz=100
24.7174,1.73673,0.421097,1.06037,1.79881,0.457368,1.05111,0.122114,67,69,0.0619791,0.105914,-0.30163,1.20227,0,24.7174
24.7374,1.73753,0.42203,1.06017,0,0,0,0,67,69,0,0,0,0,0,traj_sz=100
24.7376,1.73753,0.42203,1.06017,1.79881,0.457368,1.05111,0.122114,67,69,0.0607765,0.107287,-0.299832,1.20103,0,24.7376
24.7575,1.73817,0.423124,1.05892,0,0,0,0,67,69,0,0,0,0,0,traj_sz=100
24.7576,1.73817,0.423124,1.05892,1.79881,0.457368,1.05111,0.122114,67,69,0.0595567,0.108619,-0.30148,1.19978,0,24.7576
24.7775,1.73923,0.425319,1.05453,0,0,0,0,67,69,0,0,0,0,0,traj_sz=100
24.7777,1.73923,0.425319,1.05453,1.79881,0.457368,1.05111,0.122114,67,69,0.0572847,0.108797,-0.307363,1.19742,0,24.7777
24.7974,1.74087,0.428454,1.04786,0,0,0,0,67,69,0,0,0,0,0,traj_sz=100
24.7976,1.74087,0.428454,1.04786,1.79881,0.457368,1.05111,0.122114,68,69,0.0539855,0.107852,-0.320679,1.19395,0,24.7976
24.8173,1.74185,0.430536,1.04323,0,0,0,0,68,69,0,0,0,0,0,traj_sz=100
24.8174,1.74185,0.430536,1.04323,1.79881,0.457368,1.05111,0.122114,68,69,0.0518579,0.108132,-0.325006,1.19172,0,24.8174
24.8374,1.74197,0.431561,1.03818,0,0,0,0,68,69,0,0,0,0,0,traj_sz=100
24.8378,1.74197,0.431561,1.03818,1.79881,0.457368,1.05111,0.122114,68,69,0.0510972,0.10984,-0.33169,1.19086,0,24.8378
24.8573,1.74296,0.432472,1.03938,0,0,0,0,68,69,0,0,0,0,0,traj_sz=100
24.8575,1.74296,0.432472,1.03938,1.79881,0.457368,1.05111,0.122114,68,69,0.0497674,0.111074,-0.32669,1.18953,0,24.8575
24.8774,1.74392,0.434588,1.03404,0,0,0,0,68,69,0,0,0,0,0,traj_sz=100
24.8775,1.74392,0.434588,1.03404,1.79881,0.457368,1.05111,0.122114,68,69,0.0476449,0.111361,-0.331493,1.18728,0,24.8775
24.8974,1.74521,0.437651,1.02382,0,0,0,0,68,69,0,0,0,0,0,traj_sz=100
24.8975,1.74521,0.437651,1.02382,1.79881,0.457368,1.05111,0.122114,68,69,0.0447175,0.110672,-0.339621,1.1841,0,24.8975
24.9173,1.74665,0.4395,1.02223,0,0,0,0,68,69,0,0,0,0,0,traj_sz=100
24.9174,1.74665,0.4395,1.02223,1.82106,0.496253,1.10923,0.128346,68,70,0.0872269,0.110899,-0.336441,1.18175,0,24.9174
24.9374,1.74692,0.440722,1.01772,0,0,0,0,68,70,0,0,0,0,0,traj_sz=100
24.9377,1.74692,0.440722,1.01772,1.82106,0.496253,1.10923,0.128346,68,70,0.0862002,0.112332,-0.342837,1.18064,0,24.9377
24.9575,1.74765,0.441612,1.01691,0,0,0,0,68,70,0,0,0,0,0,traj_sz=100
24.9576,1.74765,0.441612,1.01691,1.82106,0.496253,1.10923,0.128346,68,70,0.0850868,0.113803,-0.340814,1.17949,0,24.9576
24.9774,1.74878,0.443657,1.01002,0,0,0,0,68,70,0,0,0,0,0,traj_sz=100
24.9775,1.74878,0.443657,1.01002,1.82106,0.496253,1.10923,0.128346,68,70,0.0829838,0.114125,-0.342884,1.1772,0,24.9775
24.9974,1.75067,0.446809,1.00259,0,0,0,0,68,70,0,0,0,0,0,traj_sz=100
24.9976,1.75067,0.446809,1.00259,1.82106,0.496253,1.10923,0.128346,68,70,0.0795525,0.113113,-0.344283,1.17356,0,24.9976
25.0175,1.75089,0.447956,0.995082,0,0,0,0,68,70,0,0,0,0,0,traj_sz=100
25.0176,1.75089,0.447956,0.995082,1.82106,0.496253,1.10923,0.128346,68,70,0.0787169,0.114696,-0.3491,1.17254,0,25.0176
25.0374,1.75242,0.450018,0.992396,0,0,0,0,68,70,0,0,0,0,0,traj_sz=100
25.0375,1.75242,0.450018,0.992396,1.82106,0.496253,1.10923,0.128346,68,70,0.0762408,0.114786,-0.347902,1.16998,0,25.0375
25.0576,1.75317,0.451105,0.99032,0,0,0,0,68,70,0,0,0,0,0,traj_sz=100
25.0577,1.75317,0.451105,0.99032,1.82106,0.496253,1.10923,0.128346,68,70,0.0749835,0.116154,-0.347106,1.16866,0,25.0577
25.0775,1.7544,0.45315,0.983677,0,0,0,0,68,70,0,0,0,0,0,traj_sz=100
25.0776,1.7544,0.45315,0.983677,1.82106,0.496253,1.10923,0.128346,68,70,0.0728106,0.116413,-0.347897,1.1663,0,25.0776
25.0975,1.75639,0.456262,0.976014,0,0,0,0,68,70,0,0,0,0,0,traj_sz=100
25.0977,1.75639,0.456262,0.976014,1.82106,0.496253,1.10923,0.128346,68,70,0.0693623,0.115395,-0.347866,1.16264,0,25.0977
25.1174,1.75767,0.458222,0.968433,0,0,0,0,68,70,0,0,0,0,0,traj_sz=100
25.1176,1.75767,0.458222,0.968433,1.82106,0.496253,1.10923,0.128346,68,70,0.0672525,0.115695,-0.347227,1.16031,0,25.1176
25.1373,1.75832,0.459179,0.965373,0,0,0,0,68,70,0,0,0,0,0,traj_sz=100
25.1374,1.75832,0.459179,0.965373,1.82106,0.496253,1.10923,0.128346,69,70,0.0661924,0.117188,-0.3491,1.15916,0,25.1374
25.1573,1.75897,0.460243,0.961861,0,0,0,0,69,70,0,0,0,0,0,traj_sz=100
25.1576,1.75897,0.460243,0.961861,1.82106,0.496253,1.10923,0.128346,69,70,0.0650509,0.118615,-0.3491,1.15792,0,25.1576
25.1773,1.76022,0.46224,0.952978,0,0,0,0,69,70,0,0,0,0,0,traj_sz=100
25.1775,1.76022,0.46224,0.952978,1.82106,0.496253,1.10923,0.128346,69,70,0.0629666,0.118912,-0.34843,1.15559,0,25.1775
25.1973,1.76237,0.465339,0.945585,0,0,0,0,69,70,0,0,0,0,0,traj_sz=100
25.1974,1.76237,0.465339,0.945585,1.82106,0.496253,1.10923,0.128346,69,70,0.0594155,0.117803,-0.34317,1.15183,0,25.1974
25.2173,1.7636,0.467202,0.938264,0,0,0,0,69,70,0,0,0,0,0,traj_sz=100
25.2174,1.7636,0.467202,0.938264,1.82106,0.496253,1.10923,0.128346,69,70,0.0573985,0.118234,-0.340628,1.14961,0,25.2174
25.2374,1.76433,0.468122,0.936121,0,0,0,0,69,70,0,0,0,0,0,traj_sz=100
25.2375,1.76433,0.468122,0.936121,1.82106,0.496253,1.10923,0.128346,69,70,0.0562912,0.119743,-0.337944,1.14844,0,25.2375
25.2575,1.76491,0.469191,0.931546,0,0,0,0,69,70,0,0,0,0,0,traj_sz=100
25.2575,1.76491,0.469191,0.931546,1.82106,0.496253,1.10923,0.128346,69,70,0.0552156,0.121192,-0.338047,1.14725,0,25.2575
25.2774,1.76638,0.471282,0.925554,0,0,0,0,69,70,0,0,0,0,0,traj_sz=100
25.2776,1.76638,0.471282,0.925554,1.84203,0.538412,1.16413,0.131707,69,71,0.0991272,0.121306,-0.334193,1.1447,0,25.2776
25.2973,1.7685,0.474434,0.914605,0,0,0,0,69,71,0,0,0,0,0,traj_sz=100
25.2974,1.7685,0.474434,0.914605,1.84203,0.538412,1.16413,0.131707,69,71,0.0955521,0.120155,-0.329567,1.14092,0,25.2974
25.3174,1.76988,0.476424,0.909258,0,0,0,0,69,71,0,0,0,0,0,traj_sz=100
25.3176,1.76988,0.476424,0.909258,1.84203,0.538412,1.16413,0.131707,69,71,0.093237,0.120424,-0.326182,1.13851,0,25.3176
25.3374,1.77063,0.477531,0.905707,0,0,0,0,69,71,0,0,0,0,0,traj_sz=100
25.3375,1.77063,0.477531,0.905707,1.84203,0.538412,1.16413,0.131707,69,71,0.0919699,0.121762,-0.324493,1.13718,0,25.3375
25.3574,1.77126,0.478589,0.902595,0,0,0,0,69,71,0,0,0,0,0,traj_sz=100
25.3575,1.77126,0.478589,0.902595,1.84203,0.538412,1.16413,0.131707,69,71,0.0908024,0.123204,-0.323933,1.13596,0,25.3575
25.3773,1.77284,0.480695,0.896757,0,0,0,0,69,71,0,0,0,0,0,traj_sz=100
25.3774,1.77284,0.480695,0.896757,1.84203,0.538412,1.16413,0.131707,69,71,0.0882767,0.123247,-0.318753,1.13333,0,25.3774
25.3974,1.77533,0.48395,0.889673,0,0,0,0,69,71,0,0,0,0,0,traj_sz=100
25.3975,1.77533,0.48395,0.889673,1.84203,0.538412,1.16413,0.131707,69,71,0.0843086,0.121886,-0.310278,1.12924,0,25.3975
25.4174,1.77695,0.48618,0.882254,0,0,0,0,69,71,0,0,0,0,0,traj_sz=100
25.4175,1.77695,0.48618,0.882254,1.84203,0.538412,1.16413,0.131707,69,71,0.081683,0.121819,-0.305384,1.12649,0,25.4175
25.4373,1.77772,0.487242,0.878708,0,0,0,0,69,71,0,0,0,0,0,traj_sz=100
25.4374,1.77772,0.487242,0.878708,1.84203,0.538412,1.16413,0.131707,69,71,0.0804338,0.123185,-0.303094,1.12518,0,25.4374
25.4573,1.77861,0.488414,0.876104,0,0,0,0,69,71,0,0,0,0,0,traj_sz=100
25.4574,1.77861,0.488414,0.876104,1.84203,0.538412,1.16413,0.131707,69,71,0.0790114,0.124405,-0.300194,1.12372,0,25.4574
25.4773,1.78022,0.490515,0.869922,0,0,0,0,69,71,0,0,0,0,0,traj_sz=100
25.4776,1.78022,0.490515,0.869922,1.84203,0.538412,1.16413,0.131707,69,71,0.0764643,0.124486,-0.294466,1.12107,0,25.4776
25.4973,1.78273,0.493942,0.85976,0,0,0,0,69,71,0,0,0,0,0,traj_sz=100
25.4973,1.78273,0.493942,0.85976,1.84203,0.538412,1.16413,0.131707,70,71,0.0723913,0.122932,-0.310842,1.11683,0,25.4973
25.5173,1.78452,0.495898,0.855029,0,0,0,0,70,71,0,0,0,0,0,traj_sz=100
25.5175,1.78452,0.495898,0.855029,1.84203,0.538412,1.16413,0.131707,70,71,0.06982,0.12307,-0.299729,1.11418,0,25.5175
25.5373,1.78527,0.497154,0.850291,0,0,0,0,70,71,0,0,0,0,0,traj_sz=100
25.5374,1.78527,0.497154,0.850291,1.84203,0.538412,1.16413,0.131707,70,71,0.0684504,0.124267,-0.297724,1.11274,0,25.5374
25.5573,1.78626,0.498281,0.847734,0,0,0,0,70,71,0,0,0,0,0,traj_sz=100
25.5574,1.78626,0.498281,0.847734,1.84203,0.538412,1.16413,0.131707,70,71,0.0669933,0.125497,-0.291904,1.11124,0,25.5574
25.5774,1.78795,0.500315,0.841721,0,0,0,0,70,71,0,0,0,0,0,traj_sz=100
25.5775,1.78795,0.500315,0.841721,1.84203,0.538412,1.16413,0.131707,70,71,0.0644376,0.125612,-0.282434,1.10859,0,25.5775
25.5973,1.79072,0.503572,0.833061,0,0,0,0,70,71,0,0,0,0,0,traj_sz=100
25.5974,1.79072,0.503572,0.833061,1.86114,0.58279,1.21269,0.132753,70,72,0.105987,0.124118,-0.266606,1.10432,0,25.5974
25.6174,1.79246,0.505608,0.82812,0,0,0,0,70,72,0,0,0,0,0,traj_sz=100
25.6175,1.79246,0.505608,0.82812,1.86114,0.58279,1.21269,0.132753,70,72,0.103302,0.124212,-0.256572,1.10164,0,25.6175
25.6373,1.79334,0.506656,0.825498,0,0,0,0,70,72,0,0,0,0,0,traj_sz=100
25.6375,1.79334,0.506656,0.825498,1.86114,0.58279,1.21269,0.132753,70,72,0.101932,0.125564,-0.251643,1.10027,0,25.6375
25.6575,1.79428,0.50772,0.821907,0,0,0,0,70,72,0,0,0,0,0,traj_sz=100
25.6575,1.79428,0.50772,0.821907,1.86114,0.58279,1.21269,0.132753,70,72,0.100506,0.12688,-0.24597,1.09885,0,25.6575
25.6774,1.79605,0.509757,0.816379,0,0,0,0,70,72,0,0,0,0,0,traj_sz=100
25.6775,1.79605,0.509757,0.816379,1.86114,0.58279,1.21269,0.132753,70,72,0.0977978,0.126953,-0.235559,1.09616,0,25.6775
25.6973,1.79857,0.51266,0.806461,0,0,0,0,70,72,0,0,0,0,0,traj_sz=100
25.6974,1.79857,0.51266,0.806461,1.86114,0.58279,1.21269,0.132753,70,72,0.0939247,0.125878,-0.220541,1.09231,0,25.6974
25.7174,1.79936,0.513674,0.806148,0,0,0,0,70,72,0,0,0,0,0,traj_sz=100
25.7175,1.79936,0.513674,0.806148,1.86114,0.58279,1.21269,0.132753,70,72,0.0926432,0.127301,-0.216654,1.09102,0,25.7175
25.7374,1.80147,0.515507,0.802667,0,0,0,0,70,72,0,0,0,0,0,traj_sz=100
25.7374,1.80147,0.515507,0.802667,1.86114,0.58279,1.21269,0.132753,70,72,0.0898496,0.127397,-0.200433,1.08827,0,25.7374
25.7574,1.8018,0.516654,0.796775,0,0,0,0,70,72,0,0,0,0,0,traj_sz=100
25.7575,1.8018,0.516654,0.796775,1.86114,0.58279,1.21269,0.132753,70,72,0.0887702,0.128896,-0.203296,1.08717,0,25.7575
25.7776,1.80413,0.518458,0.794996,0,0,0,0,70,72,0,0,0,0,0,traj_sz=100
25.7778,1.80413,0.518458,0.794996,1.86114,0.58279,1.21269,0.132753,70,72,0.0858459,0.128963,-0.184009,1.08429,0,25.7778
25.7973,1.80646,0.521221,0.788979,0,0,0,0,70,72,0,0,0,0,0,traj_sz=100
25.7975,1.80646,0.521221,0.788979,1.86114,0.58279,1.21269,0.132753,70,72,0.0822148,0.128112,-0.170843,1.08068,0,25.7975
25.8173,1.80829,0.523139,0.784795,0,0,0,0,70,72,0,0,0,0,0,traj_sz=100
25.8174,1.80829,0.523139,0.784795,1.86114,0.58279,1.21269,0.132753,70,72,0.0795444,0.128255,-0.158868,1.07803,0,25.8174
25.8373,1.80918,0.524115,0.782507,0,0,0,0,70,72,0,0,0,0,0,traj_sz=100
25.8374,1.80918,0.524115,0.782507,1.86114,0.58279,1.21269,0.132753,70,72,0.0782188,0.129681,-0.153408,1.07672,0,25.8374
25.8574,1.81007,0.525064,0.779234,0,0,0,0,70,72,0,0,0,0,0,traj_sz=100
25.8575,1.81007,0.525064,0.779234,1.86114,0.58279,1.21269,0.132753,70,72,0.0769027,0.131138,-0.147639,1.07542,0,25.8575
25.8773,1.81171,0.526997,0.773515,0,0,0,0,70,72,0,0,0,0,0,traj_sz=100
25.8774,1.81171,0.526997,0.773515,1.86114,0.58279,1.21269,0.132753,70,72,0.0743439,0.131357,-0.13817,1.07288,0,25.8774
25.8973,1.8145,0.529912,0.768296,0,0,0,0,70,72,0,0,0,0,0,traj_sz=100
25.8974,1.8145,0.529912,0.768296,1.86114,0.58279,1.21269,0.132753,71,72,0.0702864,0.130235,-0.153591,1.06886,0,25.8974
25.9174,1.81642,0.531885,0.765014,0,0,0,0,71,72,0,0,0,0,0,traj_sz=100
25.9175,1.81642,0.531885,0.765014,1.86114,0.58279,1.21269,0.132753,71,72,0.0675135,0.130342,-0.138631,1.06611,0,25.9175
25.9374,1.81734,0.532924,0.762512,0,0,0,0,71,72,0,0,0,0,0,traj_sz=100
25.9375,1.81734,0.532924,0.762512,1.86114,0.58279,1.21269,0.132753,71,72,0.0661148,0.131709,-0.131986,1.06472,0,25.9375
25.9574,1.81835,0.534069,0.759989,0,0,0,0,71,72,0,0,0,0,0,traj_sz=100
25.9576,1.81835,0.534069,0.759989,1.87821,0.628403,1.25261,0.132183,71,73,0.108376,0.132945,-0.124742,1.0632,0,25.9576
25.9775,1.82044,0.536143,0.757342,0,0,0,0,71,73,0,0,0,0,0,traj_sz=100
25.9776,1.82044,0.536143,0.757342,1.87821,0.628403,1.25261,0.132183,71,73,0.105363,0.132893,-0.108162,1.06027,0,25.9776
25.9975,1.82364,0.539404,0.752458,0,0,0,0,71,73,0,0,0,0,0,traj_sz=100
25.9976,1.82364,0.539404,0.752458,1.87821,0.628403,1.25261,0.132183,71,73,0.100659,0.13131,-0.0830982,1.05571,0,25.9976
26.0174,1.82483,0.540334,0.752754,0,0,0,0,71,73,0,0,0,0,0,traj_sz=100
26.0176,1.82483,0.540334,0.752754,1.87821,0.628403,1.25261,0.132183,71,73,0.0991671,0.132681,-0.072326,1.05424,0,26.0176
26.0374,1.82705,0.542519,0.749793,0,0,0,0,71,73,0,0,0,0,0,traj_sz=100
26.0375,1.82705,0.542519,0.749793,1.87821,0.628403,1.25261,0.132183,71,73,0.0959715,0.132484,-0.0545714,1.05114,0,26.0375
26.0574,1.82807,0.543532,0.747401,0,0,0,0,71,73,0,0,0,0,0,traj_sz=100
26.0576,1.82807,0.543532,0.747401,1.87821,0.628403,1.25261,0.132183,71,73,0.0944676,0.13383,-0.0464042,1.04971,0,26.0576
26.0774,1.83028,0.54561,0.74463,0,0,0,0,71,73,0,0,0,0,0,traj_sz=100
26.0775,1.83028,0.54561,0.74463,1.87821,0.628403,1.25261,0.132183,71,73,0.0913531,0.133697,-0.0280993,1.04669,0,26.0775
26.0975,1.83352,0.548705,0.741276,0,0,0,0,71,73,0,0,0,0,0,traj_sz=100
26.0976,1.83352,0.548705,0.741276,1.87821,0.628403,1.25261,0.132183,71,73,0.0867767,0.132249,-0.00164521,1.04224,0,26.0976
26.1173,1.83464,0.54973,0.741643,0,0,0,0,71,73,0,0,0,0,0,traj_sz=100
26.1175,1.83464,0.54973,0.741643,1.87821,0.628403,1.25261,0.132183,71,73,0.0852703,0.133522,0.0076665,1.04074,0,26.1175
26.1374,1.83676,0.551632,0.739522,0,0,0,0,71,73,0,0,0,0,0,traj_sz=100
26.1375,1.83676,0.551632,0.739522,1.87821,0.628403,1.25261,0.132183,71,73,0.0823604,0.133613,0.0257002,1.03792,0,26.1375
26.1574,1.83778,0.552459,0.738364,0,0,0,0,71,73,0,0,0,0,0,traj_sz=100
26.1576,1.83778,0.552459,0.738364,1.87821,0.628403,1.25261,0.132183,71,73,0.0810183,0.135123,0.0348696,1.03663,0,26.1576
26.1775,1.83995,0.554619,0.735863,0,0,0,0,71,73,0,0,0,0,0,traj_sz=100
26.1776,1.83995,0.554619,0.735863,1.87821,0.628403,1.25261,0.132183,71,73,0.0778831,0.134974,0.0521519,1.03358,0,26.1776
26.1975,1.84321,0.557866,0.734159,0,0,0,0,71,73,0,0,0,0,0,traj_sz=100
26.1976,1.84321,0.557866,0.734159,1.87821,0.628403,1.25261,0.132183,71,73,0.0732446,0.133404,0.0777591,1.02901,0,26.1976
26.2174,1.84545,0.55997,0.732205,0,0,0,0,71,73,0,0,0,0,0,traj_sz=100
26.2177,1.84545,0.55997,0.732205,1.87821,0.628403,1.25261,0.132183,71,73,0.0701128,0.133295,0.0962764,1.02596,0,26.2177
26.2374,1.84669,0.560992,0.734407,0,0,0,0,71,73,0,0,0,0,0,traj_sz=100
26.2376,1.84669,0.560992,0.734407,1.87821,0.628403,1.25261,0.132183,71,73,0.0685703,0.134549,0.107199,1.02438,0,26.2376
26.2574,1.84773,0.562167,0.731672,0,0,0,0,71,73,0,0,0,0,0,traj_sz=100
26.2575,1.84773,0.562167,0.731672,1.87821,0.628403,1.25261,0.132183,71,73,0.0669291,0.135742,0.114748,1.02281,0,26.2575
26.2774,1.85007,0.564303,0.732564,0,0,0,0,71,73,0,0,0,0,0,traj_sz=100
26.2775,1.85007,0.564303,0.732564,1.87821,0.628403,1.25261,0.132183,72,73,0.0637887,0.135573,0.0967647,1.01967,0,26.2775
26.2975,1.85333,0.567533,0.732125,0,0,0,0,72,73,0,0,0,0,0,traj_sz=100
26.2976,1.85333,0.567533,0.732125,1.89338,0.674463,1.28241,0.130748,72,74,0.101263,0.134078,0.12562,1.0151,0,26.2976
26.3174,1.85532,0.569617,0.731577,0,0,0,0,72,74,0,0,0,0,0,traj_sz=100
26.3175,1.85532,0.569617,0.731577,1.89338,0.674463,1.28241,0.130748,72,74,0.0983665,0.134084,0.142553,1.01223,0,26.3175
26.3374,1.85642,0.570745,0.731323,0,0,0,0,72,74,0,0,0,0,0,traj_sz=100
26.3376,1.85642,0.570745,0.731323,1.89338,0.674463,1.28241,0.130748,72,74,0.0967808,0.135331,0.152091,1.01066,0,26.3376
26.3574,1.8575,0.571848,0.730699,0,0,0,0,72,74,0,0,0,0,0,traj_sz=100
26.3575,1.8575,0.571848,0.730699,1.89338,0.674463,1.28241,0.130748,72,74,0.0952024,0.136595,0.161588,1.00912,0,26.3575
26.3775,1.85965,0.573857,0.734106,0,0,0,0,72,74,0,0,0,0,0,traj_sz=100
26.3777,1.85965,0.573857,0.734106,1.89338,0.674463,1.28241,0.130748,72,74,0.0924408,0.136664,0.181029,1.0062,0,26.3777
26.3974,1.86263,0.576767,0.735913,0,0,0,0,72,74,0,0,0,0,0,traj_sz=100
26.3975,1.86263,0.576767,0.735913,1.89338,0.674463,1.28241,0.130748,72,74,0.0883746,0.135567,0.207456,1.00206,0,26.3975
26.4175,1.86453,0.578625,0.738036,0,0,0,0,72,74,0,0,0,0,0,traj_sz=100
26.4176,1.86453,0.578625,0.738036,1.89338,0.674463,1.28241,0.130748,72,74,0.0858266,0.135855,0.224314,0.999421,0,26.4176
26.4374,1.86551,0.579655,0.738518,0,0,0,0,72,74,0,0,0,0,0,traj_sz=100
26.4375,1.86551,0.579655,0.738518,1.89338,0.674463,1.28241,0.130748,72,74,0.0844366,0.137174,0.232575,0.998006,0,26.4375
26.4574,1.86667,0.580605,0.740175,0,0,0,0,72,74,0,0,0,0,0,traj_sz=100
26.4575,1.86667,0.580605,0.740175,1.89338,0.674463,1.28241,0.130748,72,74,0.0830191,0.138509,0.243891,0.99653,0,26.4575
26.4774,1.86864,0.582576,0.7427,0,0,0,0,72,74,0,0,0,0,0,traj_sz=100
26.4776,1.86864,0.582576,0.7427,1.89338,0.674463,1.28241,0.130748,72,74,0.0803623,0.138629,0.261118,0.993755,0,26.4776
26.4973,1.8716,0.585549,0.747058,0,0,0,0,72,74,0,0,0,0,0,traj_sz=100
26.4974,1.8716,0.585549,0.747058,1.89338,0.674463,1.28241,0.130748,72,74,0.0763927,0.137443,0.286835,0.989579,0,26.4974
26.5174,1.87355,0.587548,0.750352,0,0,0,0,72,74,0,0,0,0,0,traj_sz=100
26.5175,1.87355,0.587548,0.750352,1.89338,0.674463,1.28241,0.130748,72,74,0.0737707,0.137555,0.303517,0.986798,0,26.5175
26.5374,1.87456,0.588537,0.752587,0,0,0,0,72,74,0,0,0,0,0,traj_sz=100
26.5377,1.87456,0.588537,0.752587,1.89338,0.674463,1.28241,0.130748,72,74,0.0724678,0.138937,0.31242,0.985392,0,26.5377
26.5573,1.87557,0.589574,0.753357,0,0,0,0,72,74,0,0,0,0,0,traj_sz=100
26.5574,1.87557,0.589574,0.753357,1.89338,0.674463,1.28241,0.130748,72,74,0.0710638,0.140255,0.321051,0.983953,0,26.5574
26.5774,1.87768,0.591728,0.757691,0,0,0,0,72,74,0,0,0,0,0,traj_sz=100
26.5775,1.87768,0.591728,0.757691,1.89338,0.674463,1.28241,0.130748,72,74,0.068262,0.140175,0.339225,0.980946,0,26.5775
26.5973,1.88061,0.594629,0.764599,0,0,0,0,72,74,0,0,0,0,0,traj_sz=100
26.5976,1.88061,0.594629,0.764599,1.89338,0.674463,1.28241,0.130748,72,74,0.064483,0.13912,0.3491,0.976849,0,26.5976
26.6173,1.88164,0.595653,0.767738,0,0,0,0,72,74,0,0,0,0,0,traj_sz=100
26.6174,1.88164,0.595653,0.767738,1.89338,0.674463,1.28241,0.130748,72,74,0.0631822,0.140457,0.3491,0.975403,0,26.6174
26.6374,1.88363,0.59775,0.772273,0,0,0,0,72,74,0,0,0,0,0,traj_sz=100
26.6375,1.88363,0.59775,0.772273,1.89338,0.674463,1.28241,0.130748,72,74,0.0605106,0.140487,0.3491,0.972517,0,26.6375
26.6573,1.88476,0.598778,0.775695,0,0,0,0,72,74,0,0,0,0,0,traj_sz=100
26.6574,1.88476,0.598778,0.775695,1.89338,0.674463,1.28241,0.130748,72,74,0.0591517,0.141797,0.3491,0.971009,0,26.6574
26.6775,1.88683,0.601054,0.781097,0,0,0,0,72,74,0,0,0,0,0,traj_sz=100
26.6776,1.88683,0.601054,0.781097,1.89338,0.674463,1.28241,0.130748,73,74,0.0563337,0.141653,0.3491,0.967933,0,26.6776
26.6973,1.89014,0.604551,0.790924,0,0,0,0,73,74,0,0,0,0,0,traj_sz=100
26.6975,1.89014,0.604551,0.790924,1.89338,0.674463,1.28241,0.130748,73,74,0.0519862,0.139926,0.3491,0.963132,0,26.6975
26.7175,1.89231,0.606866,0.797346,0,0,0,0,73,74,0,0,0,0,0,traj_sz=100
26.7177,1.89231,0.606866,0.797346,1.89338,0.674463,1.28241,0.130748,73,74,0.0491161,0.139724,0.3491,0.959969,0,26.7177
26.7374,1.89334,0.608053,0.801491,0,0,0,0,73,74,0,0,0,0,0,traj_sz=100
26.7376,1.89334,0.608053,0.801491,1.89338,0.674463,1.28241,0.130748,73,74,0.0477336,0.140927,0.3491,0.958393,0,26.7376
26.7575,1.89458,0.609196,0.805657,0,0,0,0,73,74,0,0,0,0,0,traj_sz=100
26.7577,1.89458,0.609196,0.805657,1.90702,0.72045,1.30131,0.129076,73,75,0.0888603,0.142132,0.3491,0.956724,0,26.7577
26.7774,1.8967,0.611682,0.812663,0,0,0,0,73,75,0,0,0,0,0,traj_sz=100
26.7775,1.8967,0.611682,0.812663,1.90702,0.72045,1.30131,0.129076,73,75,0.0860774,0.141763,0.3491,0.953462,0,26.7775
26.7975,1.89973,0.615118,0.823729,0,0,0,0,73,75,0,0,0,0,0,traj_sz=100
26.7976,1.89973,0.615118,0.823729,1.90702,0.72045,1.30131,0.129076,73,75,0.0822331,0.140175,0.3491,0.94888,0,26.7976
26.8174,1.90178,0.617436,0.830556,0,0,0,0,73,75,0,0,0,0,0,traj_sz=100
26.8176,1.90178,0.617436,0.830556,1.90702,0.72045,1.30131,0.129076,73,75,0.0795904,0.139939,0.3491,0.945789,0,26.8176
26.8374,1.90275,0.618556,0.834015,0,0,0,0,73,75,0,0,0,0,0,traj_sz=100
26.8376,1.90275,0.618556,0.834015,1.90702,0.72045,1.30131,0.129076,73,75,0.078336,0.141177,0.3491,0.944309,0,26.8376
26.8575,1.90375,0.619664,0.838192,0,0,0,0,73,75,0,0,0,0,0,traj_sz=100
26.8576,1.90375,0.619664,0.838192,1.90702,0.72045,1.30131,0.129076,73,75,0.0771119,0.14243,0.3491,0.942815,0,26.8576
26.8774,1.90576,0.622031,0.84489,0,0,0,0,73,75,0,0,0,0,0,traj_sz=100
26.8775,1.90576,0.622031,0.84489,1.90702,0.72045,1.30131,0.129076,73,75,0.074442,0.142163,0.3491,0.939711,0,26.8775
26.8976,1.90868,0.625465,0.855682,0,0,0,0,73,75,0,0,0,0,0,traj_sz=100
26.8977,1.90868,0.625465,0.855682,1.90702,0.72045,1.30131,0.129076,73,75,0.0706279,0.140636,0.3491,0.935207,0,26.8977
26.9174,1.91063,0.62789,0.862795,0,0,0,0,73,75,0,0,0,0,0,traj_sz=100
26.9176,1.91063,0.62789,0.862795,1.90702,0.72045,1.30131,0.129076,73,75,0.0679678,0.140332,0.3491,0.932095,0,26.9176
26.9374,1.91163,0.629083,0.866897,0,0,0,0,73,75,0,0,0,0,0,traj_sz=100
26.9376,1.91163,0.629083,0.866897,1.90702,0.72045,1.30131,0.129076,73,75,0.0666681,0.141506,0.3491,0.930538,0,26.9376
26.9574,1.91257,0.630362,0.870017,0,0,0,0,73,75,0,0,0,0,0,traj_sz=100
26.9575,1.91257,0.630362,0.870017,1.90702,0.72045,1.30131,0.129076,73,75,0.0652776,0.142616,0.3491,0.928951,0,26.9575
26.9776,1.9146,0.632908,0.878451,0,0,0,0,73,75,0,0,0,0,0,traj_sz=100
26.9778,1.9146,0.632908,0.878451,1.90702,0.72045,1.30131,0.129076,73,75,0.0625477,0.142229,0.3491,0.925697,0,26.9778
26.9974,1.9177,0.636857,0.89207,0,0,0,0,73,75,0,0,0,0,0,traj_sz=100
26.9975,1.9177,0.636857,0.89207,1.90702,0.72045,1.30131,0.129076,73,75,0.0583612,0.140121,0.3491,0.920677,0,26.9975
27.0174,1.9196,0.639562,0.899561,0,0,0,0,73,75,0,0,0,0,0,traj_sz=100
27.0176,1.9196,0.639562,0.899561,1.90702,0.72045,1.30131,0.129076,73,75,0.0555143,0.139608,0.3491,0.917379,0,27.0176
27.0374,1.92064,0.640872,0.903449,0,0,0,0,73,75,0,0,0,0,0,traj_sz=100
27.0375,1.92064,0.640872,0.903449,1.90702,0.72045,1.30131,0.129076,74,75,0.0540777,0.140662,0.3491,0.915709,0,27.0375
27.0574,1.92152,0.642114,0.909529,0,0,0,0,74,75,0,0,0,0,0,traj_sz=100
27.0575,1.92152,0.642114,0.909529,1.90702,0.72045,1.30131,0.129076,74,75,0.0529211,0.141842,0.3491,0.914191,0,27.0575
27.0775,1.92344,0.644983,0.915883,0,0,0,0,74,75,0,0,0,0,0,traj_sz=100
27.0777,1.92344,0.644983,0.915883,1.90702,0.72045,1.30131,0.129076,74,75,0.0498504,0.141187,0.3491,0.910751,0,27.0777
27.0973,1.92639,0.648778,0.930617,0,0,0,0,74,75,0,0,0,0,0,traj_sz=100
27.0974,1.92639,0.648778,0.930617,1.90702,0.72045,1.30131,0.129076,74,75,0.0459072,0.139296,0.3491,0.905945,0,27.0974
27.1174,1.92832,0.651177,0.941897,0,0,0,0,74,75,0,0,0,0,0,traj_sz=100
27.1175,1.92832,0.651177,0.941897,1.90702,0.72045,1.30131,0.129076,74,75,0.0434892,0.139077,0.3491,0.902868,0,27.1175
27.1374,1.92925,0.652598,0.943828,0,0,0,0,74,75,0,0,0,0,0,traj_sz=100
27.1375,1.92925,0.652598,0.943828,1.90702,0.72045,1.30131,0.129076,74,75,0.0419081,0.140092,0.3491,0.901183,0,27.1375
27.1575,1.93003,0.653947,0.948393,0,0,0,0,74,75,0,0,0,0,0,traj_sz=100
27.1577,1.93003,0.653947,0.948393,1.90702,0.72045,1.30131,0.129076,74,75,0.040617,0.141188,0.3491,0.899641,0,27.1577
27.1774,1.93193,0.65656,0.957377,0,0,0,0,74,75,0,0,0,0,0,traj_sz=100
27.1776,1.93193,0.65656,0.957377,1.90702,0.72045,1.30131,0.129076,74,75,0.0379041,0.140706,0.3491,0.896419,0,27.1776
27.1973,1.93433,0.660259,0.972758,0,0,0,0,74,75,0,0,0,0,0,traj_sz=100
27.1974,1.93433,0.660259,0.972758,1.90702,0.72045,1.30131,0.129076,74,75,0.0343698,0.139024,0.3491,0.892036,0,27.1974
27.2173,1.93598,0.662878,0.980563,0,0,0,0,74,75,0,0,0,0,0,traj_sz=100
27.2174,1.93598,0.662878,0.980563,1.91963,0.766095,1.30894,0.127646,74,76,0.0766559,0.138611,0.3491,0.888965,0,27.2174
27.2375,1.93682,0.664179,0.981982,0,0,0,0,74,76,0,0,0,0,0,traj_sz=100
27.2377,1.93682,0.664179,0.981982,1.91963,0.766095,1.30894,0.127646,74,76,0.075205,0.139728,0.3491,0.887423,0,27.2377
27.2574,1.93741,0.665583,0.987288,0,0,0,0,74,76,0,0,0,0,0,traj_sz=100
27.2575,1.93741,0.665583,0.987288,1.91963,0.766095,1.30894,0.127646,74,76,0.0740852,0.140762,0.3491,0.885966,0,27.2575
27.2773,1.93914,0.668158,0.99478,0,0,0,0,74,76,0,0,0,0,0,traj_sz=100
27.2774,1.93914,0.668158,0.99478,1.91963,0.766095,1.30894,0.127646,74,76,0.071506,0.140371,0.3491,0.882876,0,27.2774
27.2974,1.94141,0.672026,1.0057,0,0,0,0,74,76,0,0,0,0,0,traj_sz=100
27.2976,1.94141,0.672026,1.0057,1.91963,0.766095,1.30894,0.127646,74,76,0.0677807,0.138604,0.3491,0.878447,0,27.2976
27.3174,1.94282,0.674584,1.01157,0,0,0,0,74,76,0,0,0,0,0,traj_sz=100
27.3175,1.94282,0.674584,1.01157,1.91963,0.766095,1.30894,0.127646,74,76,0.0652695,0.138331,0.3491,0.87558,0,27.3175
27.3374,1.94361,0.675798,1.01851,0,0,0,0,74,76,0,0,0,0,0,traj_sz=100
27.3377,1.94361,0.675798,1.01851,1.91963,0.766095,1.30894,0.127646,74,76,0.0642939,0.139537,0.3491,0.874141,0,27.3377
27.3574,1.94434,0.677205,1.01989,0,0,0,0,74,76,0,0,0,0,0,traj_sz=100
27.3575,1.94434,0.677205,1.01989,1.91963,0.766095,1.30894,0.127646,74,76,0.0628031,0.140543,0.3491,0.872588,0,27.3575
27.3773,1.94584,0.679851,1.02784,0,0,0,0,74,76,0,0,0,0,0,traj_sz=100
27.3774,1.94584,0.679851,1.02784,1.91963,0.766095,1.30894,0.127646,74,76,0.0602987,0.140148,0.3491,0.869593,0,27.3774
27.3974,1.94813,0.683692,1.04184,0,0,0,0,74,76,0,0,0,0,0,traj_sz=100
27.3976,1.94813,0.683692,1.04184,1.91963,0.766095,1.30894,0.127646,75,76,0.0567576,0.138417,0.3491,0.865172,0,27.3976
27.4174,1.94961,0.686258,1.05059,0,0,0,0,75,76,0,0,0,0,0,traj_sz=100
27.4175,1.94961,0.686258,1.05059,1.91963,0.766095,1.30894,0.127646,75,76,0.0543719,0.138107,0.3491,0.862252,0,27.4175
27.4374,1.95026,0.687775,1.05081,0,0,0,0,75,76,0,0,0,0,0,traj_sz=100
27.4375,1.95026,0.687775,1.05081,1.91963,0.766095,1.30894,0.127646,75,76,0.0527477,0.139048,0.3491,0.86067,0,27.4375
27.4574,1.951,0.68889,1.05751,0,0,0,0,75,76,0,0,0,0,0,traj_sz=100
27.4575,1.951,0.68889,1.05751,1.91963,0.766095,1.30894,0.127646,75,76,0.0518508,0.140353,0.3491,0.85934,0,27.4575
27.4774,1.95236,0.691619,1.06498,0,0,0,0,75,76,0,0,0,0,0,traj_sz=100
27.4775,1.95236,0.691619,1.06498,1.91963,0.766095,1.30894,0.127646,75,76,0.0492934,0.139938,0.3491,0.856375,0,27.4775
27.4973,1.95452,0.695647,1.07628,0,0,0,0,75,76,0,0,0,0,0,traj_sz=100
27.4976,1.95452,0.695647,1.07628,1.91963,0.766095,1.30894,0.127646,75,76,0.0454491,0.138057,0.3491,0.851896,0,27.4976
27.5175,1.9559,0.698086,1.08534,0,0,0,0,75,76,0,0,0,0,0,traj_sz=100
27.5177,1.9559,0.698086,1.08534,1.91963,0.766095,1.30894,0.127646,75,76,0.0432274,0.137934,0.3491,0.849139,0,27.5177
27.5373,1.95611,0.699661,1.08521,0,0,0,0,75,76,0,0,0,0,0,traj_sz=100
27.5374,1.95611,0.699661,1.08521,1.91963,0.766095,1.30894,0.127646,75,76,0.0417303,0.138844,0.3491,0.847798,0,27.5374
27.5576,1.95715,0.700935,1.09208,0,0,0,0,75,76,0,0,0,0,0,traj_sz=100
27.5578,1.95715,0.700935,1.09208,1.91963,0.766095,1.30894,0.127646,75,76,0.0405519,0.139908,0.3491,0.846151,0,27.5578
27.5773,1.95858,0.70362,1.09984,0,0,0,0,75,76,0,0,0,0,0,traj_sz=100
27.5775,1.95858,0.70362,1.09984,1.91963,0.766095,1.30894,0.127646,75,76,0.0380014,0.139437,0.3491,0.843176,0,27.5775
27.5974,1.96039,0.707725,1.1123,0,0,0,0,75,76,0,0,0,0,0,traj_sz=100
27.5976,1.96039,0.707725,1.1123,1.91963,0.766095,1.30894,0.127646,75,76,0.0343005,0.137532,0.3491,0.838865,0,27.5976
27.6175,1.96159,0.710438,1.12059,0,0,0,0,75,76,0,0,0,0,0,traj_sz=100
27.6177,1.96159,0.710438,1.12059,1.91963,0.766095,1.30894,0.127646,75,76,0.0318533,0.137143,0.3491,0.836019,0,27.6177
27.6374,1.96216,0.711812,1.12118,0,0,0,0,75,76,0,0,0,0,0,traj_sz=100
27.6375,1.96216,0.711812,1.12118,1.91963,0.766095,1.30894,0.127646,75,76,0.0304023,0.138174,0.3491,0.834597,0,27.6375
27.6573,1.96282,0.713117,1.12715,0,0,0,0,75,76,0,0,0,0,0,traj_sz=100
27.6575,1.96282,0.713117,1.12715,1.91963,0.766095,1.30894,0.127646,75,76,0.0293099,0.13926,0.3491,0.833175,0,27.6575
27.6773,1.96401,0.715729,1.13524,0,0,0,0,75,76,0,0,0,0,0,traj_sz=100
27.6775,1.96401,0.715729,1.13524,1.91963,0.766095,1.30894,0.127646,75,76,0.0269388,0.138959,0.3491,0.830412,0,27.6775
27.6975,1.96567,0.719833,1.14627,0,0,0,0,75,76,0,0,0,0,0,traj_sz=100
27.6976,1.96567,0.719833,1.14627,1.91963,0.766095,1.30894,0.127646,75,76,0.023192,0.137109,0.3491,0.826207,0,27.6976
27.7174,1.96671,0.722549,1.15476,0,0,0,0,75,76,0,0,0,0,0,traj_sz=100
27.7177,1.96671,0.722549,1.15476,1.93176,0.811328,1.30519,0.126669,75,77,0.0670808,0.136733,0.3491,0.823463,0,27.7177
27.7373,1.96754,0.723919,1.16068,0,0,0,0,75,77,0,0,0,0,0,traj_sz=100
27.7374,1.96754,0.723919,1.16068,1.93176,0.811328,1.30519,0.126669,75,77,0.0658933,0.137701,0.3491,0.82188,0,27.7374
27.7574,1.9677,0.725293,1.1617,0,0,0,0,75,77,0,0,0,0,0,traj_sz=100
27.7577,1.9677,0.725293,1.1617,1.93176,0.811328,1.30519,0.126669,75,77,0.0646389,0.138878,0.3491,0.820732,0,27.7577
27.7773,1.96866,0.727988,1.1692,0,0,0,0,75,77,0,0,0,0,0,traj_sz=100
27.7775,1.96866,0.727988,1.1692,1.93176,0.811328,1.30519,0.126669,76,77,0.0622865,0.138548,0.3491,0.818061,0,27.7775
27.7975,1.97062,0.732035,1.1837,0,0,0,0,76,77,0,0,0,0,0,traj_sz=100
27.7976,1.97062,0.732035,1.1837,1.93176,0.811328,1.30519,0.126669,76,77,0.0587553,0.136667,0.3491,0.813708,0,27.7976
27.8174,1.97143,0.734739,1.18953,0,0,0,0,76,77,0,0,0,0,0,traj_sz=100
27.8176,1.97143,0.734739,1.18953,1.93176,0.811328,1.30519,0.126669,76,77,0.0563276,0.136379,0.3491,0.811128,0,27.8176
27.8374,1.97228,0.736054,1.19648,0,0,0,0,76,77,0,0,0,0,0,traj_sz=100
27.8376,1.97228,0.736054,1.19648,1.93176,0.811328,1.30519,0.126669,76,77,0.0552456,0.137412,0.3491,0.809578,0,27.8376
27.8574,1.97252,0.737475,1.19889,0,0,0,0,76,77,0,0,0,0,0,traj_sz=100
27.8575,1.97252,0.737475,1.19889,1.93176,0.811328,1.30519,0.126669,76,77,0.0539912,0.138503,0.3491,0.808343,0,27.8575
27.8774,1.97389,0.740088,1.21182,0,0,0,0,76,77,0,0,0,0,0,traj_sz=100
27.8775,1.97389,0.740088,1.21182,1.93176,0.811328,1.30519,0.126669,76,77,0.0518965,0.138151,0.3491,0.805469,0,27.8775
27.8975,1.97539,0.744198,1.22227,0,0,0,0,76,77,0,0,0,0,0,traj_sz=100
27.8978,1.97539,0.744198,1.22227,1.93176,0.811328,1.30519,0.126669,76,77,0.0481952,0.136305,0.3491,0.801383,0,27.8978
27.9173,1.97611,0.747113,1.22772,0,0,0,0,76,77,0,0,0,0,0,traj_sz=100
27.9174,1.97611,0.747113,1.22772,1.93176,0.811328,1.30519,0.126669,76,77,0.0455529,0.135763,0.3491,0.798704,0,27.9174
27.9374,1.9768,0.748542,1.23324,0,0,0,0,76,77,0,0,0,0,0,traj_sz=100
27.9375,1.9768,0.748542,1.23324,1.93176,0.811328,1.30519,0.126669,76,77,0.0443279,0.136704,0.3491,0.797179,0,27.9375
27.9575,1.97686,0.7501,1.2343,0,0,0,0,76,77,0,0,0,0,0,traj_sz=100
27.9575,1.97686,0.7501,1.2343,1.93176,0.811328,1.30519,0.126669,76,77,0.0429027,0.137674,0.3491,0.795962,0,27.9575
27.9774,1.97787,0.752938,1.24415,0,0,0,0,76,77,0,0,0,0,0,traj_sz=100
27.9775,1.97787,0.752938,1.24415,1.93176,0.811328,1.30519,0.126669,76,77,0.0405065,0.137156,0.3491,0.793158,0,27.9775
27.9974,1.97922,0.75754,1.25442,0,0,0,0,76,77,0,0,0,0,0,traj_sz=100
27.9975,1.97922,0.75754,1.25442,1.93176,0.811328,1.30519,0.126669,76,77,0.0363542,0.134846,0.3491,0.788813,0,27.9975
28.0173,1.98029,0.760705,1.26633,0,0,0,0,76,77,0,0,0,0,0,traj_sz=100
28.0175,1.98029,0.760705,1.26633,1.93176,0.811328,1.30519,0.126669,76,77,0.033747,0.133994,0.3491,0.785728,0,28.0175
28.0374,1.98041,0.762365,1.26716,0,0,0,0,76,77,0,0,0,0,0,traj_sz=100
28.0376,1.98041,0.762365,1.26716,1.93176,0.811328,1.30519,0.126669,76,77,0.0321779,0.134858,0.3491,0.784405,0,28.0376
28.0575,1.98118,0.763747,1.27439,0,0,0,0,76,77,0,0,0,0,0,traj_sz=100
28.0576,1.98118,0.763747,1.27439,1.93176,0.811328,1.30519,0.126669,76,77,0.0310718,0.135817,0.3491,0.78286,0,28.0576
28.0774,1.98181,0.766799,1.28245,0,0,0,0,76,77,0,0,0,0,0,traj_sz=100
28.0775,1.98181,0.766799,1.28245,1.93176,0.811328,1.30519,0.126669,76,77,0.0284592,0.135185,0.3491,0.780159,0,28.0775
28.0973,1.98277,0.771227,1.29432,0,0,0,0,76,77,0,0,0,0,0,traj_sz=100
28.0974,1.98277,0.771227,1.29432,1.93176,0.811328,1.30519,0.126669,76,77,0.024654,0.13313,0.3491,0.776212,0,28.0974
28.1174,1.98331,0.772668,1.29976,0,0,0,0,76,77,0,0,0,0,0,traj_sz=100
28.1176,1.98331,0.772668,1.29976,1.93176,0.811328,1.30519,0.126669,76,77,0.0234471,0.134102,0.3491,0.774777,0,28.1176
28.1374,1.984,0.775687,1.30613,0,0,0,0,76,77,0,0,0,0,0,traj_sz=100
28.1376,1.984,0.775687,1.30613,1.94395,0.856169,1.28997,0.126136,77,78,0.0672028,0.133497,0.3491,0.772069,0,28.1376
28.1573,1.98404,0.777153,1.30683,0,0,0,0,77,78,0,0,0,0,0,traj_sz=100
28.1574,1.98404,0.777153,1.30683,1.94395,0.856169,1.28997,0.126136,77,78,0.0658192,0.134542,0.3491,0.770953,0,28.1574
28.1774,1.98477,0.780052,1.31523,0,0,0,0,77,78,0,0,0,0,0,traj_sz=100
28.1776,1.98477,0.780052,1.31523,1.94395,0.856169,1.28997,0.126136,77,78,0.0633259,0.134053,0.3491,0.768312,0,28.1776
28.1974,1.98549,0.784305,1.32406,0,0,0,0,77,78,0,0,0,0,0,traj_sz=100
28.1977,1.98549,0.784305,1.32406,1.94395,0.856169,1.28997,0.126136,77,78,0.0595427,0.132266,0.3491,0.764679,0,28.1977
28.2173,1.98616,0.787238,1.33181,0,0,0,0,77,78,0,0,0,0,0,traj_sz=100
28.2174,1.98616,0.787238,1.33181,1.94395,0.856169,1.28997,0.126136,77,78,0.0569786,0.13171,0.3491,0.762055,0,28.2174
28.2374,1.9866,0.788617,1.33613,0,0,0,0,77,78,0,0,0,0,0,traj_sz=100
28.2375,1.9866,0.788617,1.33613,1.94395,0.856169,1.28997,0.126136,77,78,0.0557833,0.132766,0.3491,0.760743,0,28.2375
28.2595,1.9867,0.790116,1.33913,0,0,0,0,77,78,0,0,0,0,0,traj_sz=100
28.2596,1.9867,0.790116,1.33913,1.94395,0.856169,1.28997,0.126136,77,78,0.0544736,0.13403,0.3491,0.759572,0,28.2596
28.2774,1.98724,0.792917,1.34452,0,0,0,0,77,78,0,0,0,0,0,traj_sz=100
28.2775,1.98724,0.792917,1.34452,1.94395,0.856169,1.28997,0.126136,77,78,0.0519262,0.133376,0.3491,0.757139,0,28.2775
28.2973,1.98793,0.797201,1.35315,0,0,0,0,77,78,0,0,0,0,0,traj_sz=100
28.2974,1.98793,0.797201,1.35315,1.94395,0.856169,1.28997,0.126136,77,78,0.0480788,0.131511,0.3491,0.753523,0,28.2974
28.3175,1.98856,0.799997,1.35927,0,0,0,0,77,78,0,0,0,0,0,traj_sz=100
28.3175,1.98856,0.799997,1.35927,1.94395,0.856169,1.28997,0.126136,77,78,0.0455553,0.131122,0.3491,0.751052,0,28.3175
28.3375,1.98864,0.801527,1.36063,0,0,0,0,77,78,0,0,0,0,0,traj_sz=100
28.3376,1.98864,0.801527,1.36063,1.94395,0.856169,1.28997,0.126136,77,78,0.0441158,0.132083,0.3491,0.749872,0,28.3376
28.3574,1.9891,0.802886,1.36705,0,0,0,0,77,78,0,0,0,0,0,traj_sz=100
28.3575,1.9891,0.802886,1.36705,1.94395,0.856169,1.28997,0.126136,77,78,0.0430458,0.133096,0.3491,0.748568,0,28.3575
28.3774,1.98927,0.80578,1.37055,0,0,0,0,77,78,0,0,0,0,0,traj_sz=100
28.3775,1.98927,0.80578,1.37055,1.94395,0.856169,1.28997,0.126136,77,78,0.040368,0.132718,0.3491,0.74634,0,28.3775
28.3974,1.99004,0.810106,1.38067,0,0,0,0,77,78,0,0,0,0,0,traj_sz=100
28.3976,1.99004,0.810106,1.38067,1.94395,0.856169,1.28997,0.126136,77,78,0.0365224,0.130807,0.3491,0.74266,0,28.3976
28.4176,1.99054,0.81152,1.39011,0,0,0,0,77,78,0,0,0,0,0,traj_sz=100
28.4177,1.99054,0.81152,1.39011,1.94395,0.856169,1.28997,0.126136,77,78,0.0355503,0.131792,0.3491,0.74129,0,28.4177
28.4375,1.99075,0.814472,1.39244,0,0,0,0,77,78,0,0,0,0,0,traj_sz=100
28.4376,1.99075,0.814472,1.39244,1.95678,0.900632,1.26323,0.12591,77,79,0.078766,0.131333,0.3491,0.739,0,28.4376
28.4574,1.99148,0.815917,1.40085,0,0,0,0,77,79,0,0,0,0,0,traj_sz=100
28.458,1.99148,0.815917,1.40085,1.95678,0.900632,1.26323,0.12591,77,79,0.0776262,0.132234,0.3491,0.737455,0,28.458
28.4775,1.99195,0.818753,1.40772,0,0,0,0,77,79,0,0,0,0,0,traj_sz=100
28.4776,1.99195,0.818753,1.40772,1.95678,0.900632,1.26323,0.12591,77,79,0.0750835,0.131799,0.3491,0.73508,0,28.4776
28.4974,1.99218,0.823288,1.41556,0,0,0,0,77,79,0,0,0,0,0,traj_sz=100
28.4975,1.99218,0.823288,1.41556,1.95678,0.900632,1.26323,0.12591,78,79,0.070941,0.129819,0.3491,0.731648,0,28.4975
28.5176,1.9927,0.826273,1.42252,0,0,0,0,78,79,0,0,0,0,0,traj_sz=100
28.5177,1.9927,0.826273,1.42252,1.95678,0.900632,1.26323,0.12591,78,79,0.0682359,0.129292,0.3491,0.729136,0,28.5177
28.5373,1.99281,0.827683,1.42584,0,0,0,0,78,79,0,0,0,0,0,traj_sz=100
28.5374,1.99281,0.827683,1.42584,1.95678,0.900632,1.26323,0.12591,78,79,0.0669799,0.130324,0.3491,0.728053,0,28.5374
28.5574,1.99314,0.829076,1.43091,0,0,0,0,78,79,0,0,0,0,0,traj_sz=100
28.5574,1.99314,0.829076,1.43091,1.95678,0.900632,1.26323,0.12591,78,79,0.0657868,0.131359,0.3491,0.72682,0,28.5574
28.5775,1.99327,0.832052,1.43566,0,0,0,0,78,79,0,0,0,0,0,traj_sz=100
28.5776,1.99327,0.832052,1.43566,1.95678,0.900632,1.26323,0.12591,78,79,0.0630385,0.130938,0.3491,0.7246,0,28.5776
28.5973,1.99375,0.836033,1.44548,0,0,0,0,78,79,0,0,0,0,0,traj_sz=100
28.5975,1.99375,0.836033,1.44548,1.95678,0.900632,1.26323,0.12591,78,79,0.0594717,0.129427,0.3491,0.721424,0,28.5975
28.6173,1.99427,0.838772,1.45252,0,0,0,0,78,79,0,0,0,0,0,traj_sz=100
28.6175,1.99427,0.838772,1.45252,1.95678,0.900632,1.26323,0.12591,78,79,0.057004,0.129104,0.3491,0.719111,0,28.6175
28.6373,1.99428,0.840371,1.45851,0,0,0,0,78,79,0,0,0,0,0,traj_sz=100
28.6373,1.99428,0.840371,1.45851,1.95678,0.900632,1.26323,0.12591,78,79,0.0556801,0.129984,0.3491,0.717969,0,28.6373
28.6573,1.99432,0.841741,1.45923,0,0,0,0,78,79,0,0,0,0,0,traj_sz=100
28.6574,1.99432,0.841741,1.45923,1.95678,0.900632,1.26323,0.12591,78,79,0.0543453,0.131099,0.3491,0.716964,0,28.6574
28.6774,1.99437,0.844611,1.46543,0,0,0,0,78,79,0,0,0,0,0,traj_sz=100
28.6776,1.99437,0.844611,1.46543,1.95678,0.900632,1.26323,0.12591,78,79,0.0517574,0.13079,0.3491,0.714901,0,28.6776
28.6973,1.99506,0.848872,1.48071,0,0,0,0,78,79,0,0,0,0,0,traj_sz=100
28.6974,1.99506,0.848872,1.48071,1.95678,0.900632,1.26323,0.12591,78,79,0.048106,0.128919,0.3491,0.711402,0,28.6974
28.7174,1.99511,0.851767,1.48838,0,0,0,0,78,79,0,0,0,0,0,traj_sz=100
28.7175,1.99511,0.851767,1.48838,1.97076,0.944656,1.225,0.125779,78,80,0.0905687,0.12858,0.3491,0.709331,0,28.7175
28.7375,1.99496,0.853132,1.48777,0,0,0,0,78,80,0,0,0,0,0,traj_sz=100
28.7377,1.99496,0.853132,1.48777,1.97076,0.944656,1.225,0.125779,78,80,0.0892013,0.12977,0.3491,0.708476,0,28.7377
28.7576,1.99496,0.854538,1.4931,0,0,0,0,78,80,0,0,0,0,0,traj_sz=100
28.7577,1.99496,0.854538,1.4931,1.97076,0.944656,1.225,0.125779,78,80,0.0879685,0.13087,0.3491,0.707496,0,28.7577
28.7774,1.99547,0.857351,1.50326,0,0,0,0,78,80,0,0,0,0,0,traj_sz=100
28.7776,1.99547,0.857351,1.50326,1.97076,0.944656,1.225,0.125779,78,80,0.085438,0.130454,0.3491,0.705162,0,28.7776
28.7974,1.99547,0.861339,1.51086,0,0,0,0,78,80,0,0,0,0,0,traj_sz=100
28.7975,1.99547,0.861339,1.51086,1.97076,0.944656,1.225,0.125779,78,80,0.0816872,0.129063,0.3491,0.702382,0,28.7975
28.8173,1.99555,0.864088,1.51887,0,0,0,0,78,80,0,0,0,0,0,traj_sz=100
28.8174,1.99555,0.864088,1.51887,1.97076,0.944656,1.225,0.125779,78,80,0.0791728,0.128835,0.3491,0.700417,0,28.8174
28.8374,1.99561,0.865497,1.52415,0,0,0,0,78,80,0,0,0,0,0,traj_sz=100
28.8376,1.99561,0.865497,1.52415,1.97076,0.944656,1.225,0.125779,79,80,0.0779145,0.129929,0.3491,0.699395,0,28.8376
28.8574,1.99548,0.866802,1.5264,0,0,0,0,79,80,0,0,0,0,0,traj_sz=100
28.8575,1.99548,0.866802,1.5264,1.97076,0.944656,1.225,0.125779,79,80,0.0766798,0.131161,0.3491,0.698587,0,28.8575
28.8774,1.9956,0.86956,1.53462,0,0,0,0,79,80,0,0,0,0,0,traj_sz=100
28.8775,1.9956,0.86956,1.53462,1.97076,0.944656,1.225,0.125779,79,80,0.074149,0.130934,0.3491,0.696596,0,28.8775
28.8973,1.99557,0.873548,1.54485,0,0,0,0,79,80,0,0,0,0,0,traj_sz=100
28.8974,1.99557,0.873548,1.54485,1.97076,0.944656,1.225,0.125779,79,80,0.0704409,0.129569,0.3491,0.693873,0,28.8974
28.9174,1.9954,0.876221,1.55094,0,0,0,0,79,80,0,0,0,0,0,traj_sz=100
28.9175,1.9954,0.876221,1.55094,1.97076,0.944656,1.225,0.125779,79,80,0.0679325,0.129516,0.3491,0.692164,0,28.9175
28.9374,1.99556,0.877529,1.55875,0,0,0,0,79,80,0,0,0,0,0,traj_sz=100
28.9376,1.99556,0.877529,1.55875,1.97076,0.944656,1.225,0.125779,79,80,0.0668235,0.130675,0.3491,0.691147,0,28.9376
28.9575,1.99567,0.878864,1.56216,0,0,0,0,79,80,0,0,0,0,0,traj_sz=100
28.9576,1.99567,0.878864,1.56216,1.97076,0.944656,1.225,0.125779,79,80,0.0655741,0.131823,0.3491,0.690161,0,28.9576
28.9773,1.99555,0.88163,1.56937,0,0,0,0,79,80,0,0,0,0,0,traj_sz=100
28.9774,1.99555,0.88163,1.56937,1.97076,0.944656,1.225,0.125779,79,80,0.0629902,0.131646,0.3491,0.688363,0,28.9774
28.9973,1.9954,0.885818,1.58109,0,0,0,0,79,80,0,0,0,0,0,traj_sz=100
28.9975,1.9954,0.885818,1.58109,1.97076,0.944656,1.225,0.125779,79,80,0.0590882,0.130139,0.3491,0.685626,0,28.9975
29.0175,1.99561,0.887192,1.58921,0,0,0,0,79,80,0,0,0,0,0,traj_sz=100
29.0176,1.99561,0.887192,1.58921,1.9864,0.988069,1.17559,0.125636,79,81,0.101029,0.131202,0.3491,0.684546,0,29.0176
29.0373,1.99549,0.890081,1.59793,0,0,0,0,79,81,0,0,0,0,0,traj_sz=100
29.0374,1.99549,0.890081,1.59793,1.9864,0.988069,1.17559,0.125636,79,81,0.0981981,0.130897,0.3491,0.682685,0,29.0374
29.0575,1.9953,0.891454,1.59776,0,0,0,0,79,81,0,0,0,0,0,traj_sz=100
29.0576,1.9953,0.891454,1.59776,1.9864,0.988069,1.17559,0.125636,79,81,0.0968197,0.132104,0.3491,0.681898,0,29.0576
29.0774,1.99488,0.894395,1.60741,0,0,0,0,79,81,0,0,0,0,0,traj_sz=100
29.0775,1.99488,0.894395,1.60741,1.9864,0.988069,1.17559,0.125636,79,81,0.0939217,0.13185,0.3491,0.680239,0,29.0775
29.0974,1.99494,0.898831,1.6224,0,0,0,0,79,81,0,0,0,0,0,traj_sz=100
29.0974,1.99494,0.898831,1.6224,1.9864,0.988069,1.17559,0.125636,79,81,0.0895601,0.130044,0.3491,0.677227,0,29.0974
29.1174,1.99485,0.901701,1.6333,0,0,0,0,79,81,0,0,0,0,0,traj_sz=100
29.1174,1.99485,0.901701,1.6333,1.9864,0.988069,1.17559,0.125636,79,81,0.0867267,0.129784,0.3491,0.675389,0,29.1174
29.1373,1.99435,0.903118,1.63221,0,0,0,0,79,81,0,0,0,0,0,traj_sz=100
29.1373,1.99435,0.903118,1.63221,1.9864,0.988069,1.17559,0.125636,79,81,0.0852786,0.131025,0.3491,0.674823,0,29.1373
29.1574,1.99424,0.904571,1.63638,0,0,0,0,79,81,0,0,0,0,0,traj_sz=100
29.1575,1.99424,0.904571,1.63638,1.9864,0.988069,1.17559,0.125636,79,81,0.0838324,0.13214,0.3491,0.673944,0,29.1575
29.1773,1.99422,0.907567,1.64778,0,0,0,0,79,81,0,0,0,0,0,traj_sz=100
29.1774,1.99422,0.907567,1.64778,1.9864,0.988069,1.17559,0.125636,79,81,0.0808652,0.13173,0.3491,0.671979,0,29.1774
29.1976,1.99358,0.912028,1.65755,0,0,0,0,79,81,0,0,0,0,0,traj_sz=100
29.1977,1.99358,0.912028,1.65755,1.9864,0.988069,1.17559,0.125636,79,81,0.0763777,0.130197,0.3491,0.669536,0,29.1977
29.2175,1.99355,0.915026,1.66607,0,0,0,0,79,81,0,0,0,0,0,traj_sz=100
29.2177,1.99355,0.915026,1.66607,1.9864,0.988069,1.17559,0.125636,80,81,0.0733925,0.129816,0.313902,0.667602,0,29.2177
29.2374,1.99311,0.916539,1.66968,0,0,0,0,80,81,0,0,0,0,0,traj_sz=100
29.2375,1.99311,0.916539,1.66968,1.9864,0.988069,1.17559,0.125636,80,81,0.071843,0.130953,0.299824,0.666951,0,29.2375
29.2574,1.99282,0.91798,1.67278,0,0,0,0,80,81,0,0,0,0,0,traj_sz=100
29.2575,1.99282,0.91798,1.67278,1.9864,0.988069,1.17559,0.125636,80,81,0.0703787,0.132133,0.288226,0.666238,0,29.2575
29.2774,1.9922,0.920937,1.67984,0,0,0,0,80,81,0,0,0,0,0,traj_sz=100
29.2775,1.9922,0.920937,1.67984,1.9864,0.988069,1.17559,0.125636,80,81,0.0673645,0.131998,0.264125,0.664795,0,29.2775
29.2974,1.9918,0.925292,1.69176,0,0,0,0,80,81,0,0,0,0,0,traj_sz=100
29.2975,1.9918,0.925292,1.69176,1.9864,0.988069,1.17559,0.125636,80,81,0.0629695,0.130484,0.235702,0.662302,0,29.2975
29.3175,1.99158,0.926621,1.69432,0,0,0,0,80,81,0,0,0,0,0,traj_sz=100
29.3176,1.99158,0.926621,1.69432,2.00415,1.03061,1.1158,0.125631,80,82,0.101647,0.131775,0.225686,0.661621,0,29.3176
29.3374,1.9912,0.929127,1.7015,0,0,0,0,80,82,0,0,0,0,0,traj_sz=100
29.3374,1.9912,0.929127,1.7015,2.00415,1.03061,1.1158,0.125631,80,82,0.0989305,0.131976,0.207301,0.660309,0,29.3374
29.3573,1.99129,0.930425,1.70767,0,0,0,0,80,82,0,0,0,0,0,traj_sz=100
29.3574,1.99129,0.930425,1.70767,2.00415,1.03061,1.1158,0.125631,80,82,0.0974936,0.133168,0.201648,0.659414,0,29.3574
29.3774,1.99084,0.933117,1.71306,0,0,0,0,80,82,0,0,0,0,0,traj_sz=100
29.3775,1.99084,0.933117,1.71306,2.00415,1.03061,1.1158,0.125631,80,82,0.0946219,0.133253,0.181367,0.658051,0,29.3775
29.3972,1.98999,0.937268,1.72217,0,0,0,0,80,82,0,0,0,0,0,traj_sz=100
29.3973,1.98999,0.937268,1.72217,2.00415,1.03061,1.1158,0.125631,80,82,0.0901399,0.132071,0.147779,0.656092,0,29.3973
29.4174,1.9893,0.940102,1.72683,0,0,0,0,80,82,0,0,0,0,0,traj_sz=100
29.4176,1.9893,0.940102,1.72683,2.00415,1.03061,1.1158,0.125631,80,82,0.0871004,0.132141,0.123342,0.654853,0,29.4176
29.4373,1.9894,0.941639,1.7325,0,0,0,0,80,82,0,0,0,0,0,traj_sz=100
29.4374,1.9894,0.941639,1.7325,2.00415,1.03061,1.1158,0.125631,80,82,0.0854362,0.133096,0.116696,0.653813,0,29.4374
29.4573,1.98913,0.94319,1.73611,0,0,0,0,80,82,0,0,0,0,0,traj_sz=100
29.4574,1.98913,0.94319,1.73611,2.00415,1.03061,1.1158,0.125631,80,82,0.0837565,0.134202,0.104857,0.653053,0,29.4574
29.4775,1.98813,0.945955,1.73454,0,0,0,0,80,82,0,0,0,0,0,traj_sz=100
29.4777,1.98813,0.945955,1.73454,2.00415,1.03061,1.1158,0.125631,80,82,0.0809109,0.13446,0.076694,0.652123,0,29.4777
29.4973,1.9875,0.950329,1.74139,0,0,0,0,80,82,0,0,0,0,0,traj_sz=100
29.4974,1.9875,0.950329,1.74139,2.00415,1.03061,1.1158,0.125631,80,82,0.0762893,0.133034,0.0452448,0.649918,0,29.4974
29.5174,1.98679,0.951844,1.74377,0,0,0,0,80,82,0,0,0,0,0,traj_sz=100
29.5176,1.98679,0.951844,1.74377,2.00415,1.03061,1.1158,0.125631,80,82,0.0746037,0.134366,0.0274481,0.649546,0,29.5176
29.5374,1.98626,0.954816,1.74626,0,0,0,0,80,82,0,0,0,0,0,traj_sz=100
29.5375,1.98626,0.954816,1.74626,2.00415,1.03061,1.1158,0.125631,80,82,0.0715075,0.134252,0.00467328,0.648152,0,29.5375
29.5573,1.98604,0.956444,1.7515,0,0,0,0,80,82,0,0,0,0,0,traj_sz=100
29.5574,1.98604,0.956444,1.7515,2.00415,1.03061,1.1158,0.125631,80,82,0.0697024,0.135284,-0.00700907,0.647337,0,29.5574
29.5773,1.98531,0.959395,1.75265,0,0,0,0,80,82,0,0,0,0,0,traj_sz=100
29.5774,1.98531,0.959395,1.75265,2.00415,1.03061,1.1158,0.125631,80,82,0.0666336,0.135281,-0.0323044,0.646125,0,29.5774
29.5973,1.98428,0.963572,1.75158,0,0,0,0,80,82,0,0,0,0,0,traj_sz=100
29.5974,1.98428,0.963572,1.75158,2.00415,1.03061,1.1158,0.125631,80,82,0.0623724,0.134263,-0.0680867,0.644436,0,29.5974
29.6173,1.98361,0.966704,1.75347,0,0,0,0,80,82,0,0,0,0,0,traj_sz=100
29.6174,1.98361,0.966704,1.75347,2.00415,1.03061,1.1158,0.125631,81,82,0.059111,0.134096,-0.113665,0.643101,0,29.6174
29.6375,1.98359,0.968167,1.75875,0,0,0,0,81,82,0,0,0,0,0,traj_sz=100
29.6377,1.98359,0.968167,1.75875,2.00415,1.03061,1.1158,0.125631,81,82,0.0575021,0.13527,-0.122599,0.642243,0,29.6377
29.6574,1.98284,0.969676,1.75445,0,0,0,0,81,82,0,0,0,0,0,traj_sz=100
29.6575,1.98284,0.969676,1.75445,2.00415,1.03061,1.1158,0.125631,81,82,0.0560178,0.136623,-0.141433,0.641947,0,29.6575
29.6774,1.98266,0.972798,1.75982,0,0,0,0,81,82,0,0,0,0,0,traj_sz=100
29.6776,1.98266,0.972798,1.75982,2.0244,1.07201,1.04715,0.125631,81,83,0.0896022,0.136312,-0.162257,0.64025,0,29.6776
29.6976,1.98145,0.977453,1.75808,0,0,0,0,81,83,0,0,0,0,0,traj_sz=100
29.6977,1.98145,0.977453,1.75808,2.0244,1.07201,1.04715,0.125631,81,83,0.0849067,0.134991,-0.205796,0.6385,0,29.6977
29.7174,1.98122,0.979007,1.75893,0,0,0,0,81,83,0,0,0,0,0,traj_sz=100
29.7176,1.98122,0.979007,1.75893,2.0244,1.07201,1.04715,0.125631,81,83,0.0832862,0.13614,-0.218043,0.637786,0,29.7176
29.7374,1.98087,0.981893,1.76206,0,0,0,0,81,83,0,0,0,0,0,traj_sz=100
29.7376,1.98087,0.981893,1.76206,2.0244,1.07201,1.04715,0.125631,81,83,0.080198,0.136133,-0.239755,0.636399,0,29.7376
29.7573,1.98007,0.983286,1.75522,0,0,0,0,81,83,0,0,0,0,0,traj_sz=100
29.7574,1.98007,0.983286,1.75522,2.0244,1.07201,1.04715,0.125631,81,83,0.0790914,0.137662,-0.258402,0.63624,0,29.7574
29.7774,1.97965,0.986451,1.75656,0,0,0,0,81,83,0,0,0,0,0,traj_sz=100
29.7775,1.97965,0.986451,1.75656,2.0244,1.07201,1.04715,0.125631,81,83,0.0758214,0.13746,-0.282689,0.634773,0,29.7775
29.7974,1.97872,0.991262,1.7536,0,0,0,0,81,83,0,0,0,0,0,traj_sz=100
29.7976,1.97872,0.991262,1.7536,2.0244,1.07201,1.04715,0.125631,81,83,0.0710974,0.135957,-0.323205,0.632796,0,29.7976
29.8175,1.97873,0.992722,1.75386,0,0,0,0,81,83,0,0,0,0,0,traj_sz=100
29.8176,1.97873,0.992722,1.75386,2.0244,1.07201,1.04715,0.125631,81,83,0.0696502,0.137147,-0.331391,0.631954,0,29.8176
29.8373,1.97825,0.99569,1.75032,0,0,0,0,81,83,0,0,0,0,0,traj_sz=100
29.8374,1.97825,0.99569,1.75032,2.0244,1.07201,1.04715,0.125631,81,83,0.0668532,0.137148,-0.3491,0.630678,0,29.8374
29.8575,1.97731,0.997099,1.74184,0,0,0,0,81,83,0,0,0,0,0,traj_sz=100
29.8576,1.97731,0.997099,1.74184,2.0244,1.07201,1.04715,0.125631,81,83,0.0658034,0.138813,-0.3491,0.630665,0,29.8576
29.8774,1.9767,1.00023,1.73916,0,0,0,0,81,83,0,0,0,0,0,traj_sz=100
29.8776,1.9767,1.00023,1.73916,2.0244,1.07201,1.04715,0.125631,81,83,0.0627735,0.13875,-0.3491,0.629432,0,29.8776
29.8974,1.97627,1.00473,1.73526,0,0,0,0,81,83,0,0,0,0,0,traj_sz=100
29.8976,1.97627,1.00473,1.73526,2.0244,1.07201,1.04715,0.125631,81,83,0.0584907,0.137382,-0.3491,0.627295,0,29.8976
29.9174,1.97553,1.00757,1.72916,0,0,0,0,81,83,0,0,0,0,0,traj_sz=100
29.9175,1.97553,1.00757,1.72916,2.0244,1.07201,1.04715,0.125631,81,83,0.0559248,0.13766,-0.3491,0.626357,0,29.9175
29.9374,1.97476,1.00916,1.72286,0,0,0,0,81,83,0,0,0,0,0,traj_sz=100
29.9375,1.97476,1.00916,1.72286,2.0244,1.07201,1.04715,0.125631,81,83,0.0546051,0.139107,-0.3491,0.626136,0,29.9375
29.9573,1.9747,1.0107,1.72201,0,0,0,0,81,83,0,0,0,0,0,traj_sz=100
29.9576,1.9747,1.0107,1.72201,2.0244,1.07201,1.04715,0.125631,81,83,0.0531236,0.140307,-0.3491,0.62535,0,29.9576
29.9774,1.9742,1.01371,1.71486,0,0,0,0,81,83,0,0,0,0,0,traj_sz=100
29.9776,1.9742,1.01371,1.71486,2.0244,1.07201,1.04715,0.125631,81,83,0.0504937,0.140373,-0.3491,0.624144,0,29.9776
29.9975,1.97298,1.01786,1.69708,0,0,0,0,81,83,0,0,0,0,0,traj_sz=100
29.9976,1.97298,1.01786,1.69708,2.0244,1.07201,1.04715,0.125631,81,83,0.0472468,0.139721,-0.3491,0.622954,0,29.9976
30.0174,1.97286,1.02078,1.69644,0,0,0,0,81,83,0,0,0,0,0,traj_sz=100
30.0176,1.97286,1.02078,1.69644,2.0244,1.07201,1.04715,0.125631,82,83,0.0443634,0.139712,-0.3491,0.621494,0,30.0176
30.0373,1.97221,1.02208,1.68768,0,0,0,0,82,83,0,0,0,0,0,traj_sz=100
30.0375,1.97221,1.02208,1.68768,2.0244,1.07201,1.04715,0.125631,82,83,0.0435073,0.141404,-0.3491,0.621364,0,30.0375
30.0573,1.97215,1.02364,1.68678,0,0,0,0,82,83,0,0,0,0,0,traj_sz=100
30.0575,1.97215,1.02364,1.68678,2.0244,1.07201,1.04715,0.125631,82,83,0.0419956,0.142617,-0.3491,0.620592,0,30.0575
30.0774,1.97159,1.02645,1.67592,0,0,0,0,82,83,0,0,0,0,0,traj_sz=100
30.0775,1.97159,1.02645,1.67592,2.0244,1.07201,1.04715,0.125631,82,83,0.0397685,0.142938,-0.3491,0.619598,0,30.0775
30.0974,1.97112,1.03083,1.66617,0,0,0,0,82,83,0,0,0,0,0,traj_sz=100
30.0975,1.97112,1.03083,1.66617,2.0244,1.07201,1.04715,0.125631,82,83,0.0359138,0.141818,-0.3491,0.617726,0,30.0975
30.1174,1.97105,1.03239,1.66244,0,0,0,0,82,83,0,0,0,0,0,traj_sz=100
30.1176,1.97105,1.03239,1.66244,2.0244,1.07201,1.04715,0.125631,82,83,0.03457,0.143089,-0.3491,0.616977,0,30.1176
30.1374,1.97057,1.03552,1.65347,0,0,0,0,82,83,0,0,0,0,0,traj_sz=100
30.1376,1.97057,1.03552,1.65347,2.0244,1.07201,1.04715,0.125631,82,83,0.0319246,0.14314,-0.3491,0.615787,0,30.1376
30.1574,1.97043,1.03708,1.65239,0,0,0,0,82,83,0,0,0,0,0,traj_sz=100
30.1576,1.97043,1.03708,1.65239,2.0244,1.07201,1.04715,0.125631,82,83,0.0304164,0.144445,-0.3491,0.615116,0,30.1576
30.1775,1.96979,1.04025,1.64267,0,0,0,0,82,83,0,0,0,0,0,traj_sz=100
30.1777,1.96979,1.04025,1.64267,2.0244,1.07201,1.04715,0.125631,82,83,0.0277591,0.144555,-0.3491,0.614059,0,30.1777
30.1974,1.96932,1.04496,1.63378,0,0,0,0,82,83,0,0,0,0,0,traj_sz=100
30.1975,1.96932,1.04496,1.63378,2.04745,1.11192,0.970749,0.12563,82,84,0.0619068,0.143199,-0.3491,0.612104,0,30.1975
30.2174,1.9693,1.04647,1.63163,0,0,0,0,82,84,0,0,0,0,0,traj_sz=100
30.2175,1.9693,1.04647,1.63163,2.04745,1.11192,0.970749,0.12563,82,84,0.0605773,0.144522,-0.3491,0.611368,0,30.2175
30.2375,1.96918,1.04964,1.62506,0,0,0,0,82,84,0,0,0,0,0,traj_sz=100
30.2376,1.96918,1.04964,1.62506,2.04745,1.11192,0.970749,0.12563,82,84,0.0579406,0.144434,-0.3491,0.609908,0,30.2376
30.2575,1.96881,1.05129,1.62207,0,0,0,0,82,84,0,0,0,0,0,traj_sz=100
30.2576,1.96881,1.05129,1.62207,2.04745,1.11192,0.970749,0.12563,82,84,0.0565169,0.145803,-0.3491,0.609413,0,30.2576
30.2774,1.96873,1.05443,1.61563,0,0,0,0,82,84,0,0,0,0,0,traj_sz=100
30.2776,1.96873,1.05443,1.61563,2.04745,1.11192,0.970749,0.12563,82,84,0.0539043,0.145733,-0.3491,0.607952,0,30.2776
30.2975,1.96807,1.05912,1.59966,0,0,0,0,82,84,0,0,0,0,0,traj_sz=100
30.2976,1.96807,1.05912,1.59966,2.04745,1.11192,0.970749,0.12563,82,84,0.0504826,0.144582,-0.3491,0.606262,0,30.2976
30.3173,1.96811,1.06069,1.599,0,0,0,0,82,84,0,0,0,0,0,traj_sz=100
30.3174,1.96811,1.06069,1.599,2.04745,1.11192,0.970749,0.12563,82,84,0.048972,0.145842,-0.3491,0.605477,0,30.3174
30.3375,1.96799,1.06384,1.59335,0,0,0,0,82,84,0,0,0,0,0,traj_sz=100
30.3377,1.96799,1.06384,1.59335,2.04745,1.11192,0.970749,0.12563,82,84,0.0462791,0.145857,-0.3491,0.604089,0,30.3377
30.3574,1.96791,1.06544,1.58892,0,0,0,0,82,84,0,0,0,0,0,traj_sz=100
30.3575,1.96791,1.06544,1.58892,2.04745,1.11192,0.970749,0.12563,82,84,0.0450269,0.147149,-0.3491,0.603398,0,30.3575
30.3775,1.96795,1.06861,1.58304,0,0,0,0,82,84,0,0,0,0,0,traj_sz=100
30.3776,1.96795,1.06861,1.58304,2.04745,1.11192,0.970749,0.12563,82,84,0.0423324,0.147064,-0.3491,0.601876,0,30.3776
30.3974,1.96743,1.07333,1.57161,0,0,0,0,82,84,0,0,0,0,0,traj_sz=100
30.3975,1.96743,1.07333,1.57161,2.04745,1.11192,0.970749,0.12563,82,84,0.0385202,0.145878,-0.3491,0.600149,0,30.3975
30.4175,1.96757,1.07487,1.56867,0,0,0,0,82,84,0,0,0,0,0,traj_sz=100
30.4176,1.96757,1.07487,1.56867,2.04745,1.11192,0.970749,0.12563,83,84,0.0372234,0.14719,-0.3491,0.59932,0,30.4176
30.4376,1.9674,1.07798,1.56171,0,0,0,0,83,84,0,0,0,0,0,traj_sz=100
30.4377,1.9674,1.07798,1.56171,2.04745,1.11192,0.970749,0.12563,83,84,0.0346679,0.14729,-0.3491,0.598043,0,30.4377
30.4574,1.9674,1.07951,1.55601,0,0,0,0,83,84,0,0,0,0,0,traj_sz=100
30.4575,1.9674,1.07951,1.55601,2.04745,1.11192,0.970749,0.12563,83,84,0.0335861,0.148647,-0.3491,0.597348,0,30.4575
30.4775,1.96745,1.08265,1.55039,0,0,0,0,83,84,0,0,0,0,0,traj_sz=100
30.4776,1.96745,1.08265,1.55039,2.04745,1.11192,0.970749,0.12563,83,84,0.0308923,0.148654,-0.3491,0.595888,0,30.4776
30.4975,1.96747,1.08737,1.54459,0,0,0,0,83,84,0,0,0,0,0,traj_sz=100
30.4976,1.96747,1.08737,1.54459,2.04745,1.11192,0.970749,0.12563,83,84,0.0266413,0.147331,-0.3491,0.593774,0,30.4976
30.5174,1.96753,1.08895,1.53987,0,0,0,0,83,84,0,0,0,0,0,traj_sz=100
30.5175,1.96753,1.08895,1.53987,2.04745,1.11192,0.970749,0.12563,83,84,0.0254342,0.148674,-0.3491,0.59302,0,30.5175
30.5375,1.96742,1.09219,1.53191,0,0,0,0,83,84,0,0,0,0,0,traj_sz=100
30.5377,1.96742,1.09219,1.53191,2.04745,1.11192,0.970749,0.12563,83,84,0.0228245,0.148717,-0.3491,0.591696,0,30.5377
30.5574,1.96741,1.09381,1.53179,0,0,0,0,83,84,0,0,0,0,0,traj_sz=100
30.5575,1.96741,1.09381,1.53179,2.04745,1.11192,0.970749,0.12563,83,84,0.0212161,0.150082,-0.3491,0.591001,0,30.5575
30.5775,1.96747,1.09701,1.52432,0,0,0,0,83,84,0,0,0,0,0,traj_sz=100
30.5776,1.96747,1.09701,1.52432,2.04745,1.11192,0.970749,0.12563,83,84,0.0186117,0.150092,-0.3491,0.589566,0,30.5776
30.5974,1.96761,1.10171,1.51218,0,0,0,0,83,84,0,0,0,0,0,traj_sz=100
30.5976,1.96761,1.10171,1.51218,2.04745,1.11192,0.970749,0.12563,83,84,0.0148658,0.14878,-0.3491,0.587436,0,30.5976
30.6174,1.96742,1.10325,1.5067,0,0,0,0,83,84,0,0,0,0,0,traj_sz=100
30.6175,1.96742,1.10325,1.5067,2.04745,1.11192,0.970749,0.12563,83,84,0.0137828,0.150347,-0.3491,0.586966,0,30.6175
30.6374,1.9676,1.10635,1.49713,0,0,0,0,83,84,0,0,0,0,0,traj_sz=100
30.6375,1.9676,1.10635,1.49713,2.04745,1.11192,0.970749,0.12563,83,84,0.0114277,0.150407,-0.3491,0.585504,0,30.6375
30.6576,1.96755,1.10813,1.49337,0,0,0,0,83,84,0,0,0,0,0,traj_sz=100
30.6577,1.96755,1.10813,1.49337,2.04745,1.11192,0.970749,0.12563,83,84,0.00995929,0.151742,-0.3491,0.584813,0,30.6577
30.6774,1.96764,1.11142,1.48333,0,0,0,0,83,84,0,0,0,0,0,traj_sz=100
30.6775,1.96764,1.11142,1.48333,2.04745,1.11192,0.970749,0.12563,83,84,0.00747331,0.151678,-0.3491,0.583374,0,30.6775
30.6974,1.96803,1.1166,1.47578,0,0,0,0,83,84,0,0,0,0,0,traj_sz=100
30.6977,1.96803,1.1166,1.47578,2.04745,1.11192,0.970749,0.12563,83,84,0.00287278,0.149928,-0.3491,0.580916,0,30.6977
30.7174,1.96801,1.1182,1.46993,0,0,0,0,83,84,0,0,0,0,0,traj_sz=100
30.7176,1.96801,1.1182,1.46993,2.04745,1.11192,0.970749,0.12563,83,84,0.00175382,0.151391,-0.3491,0.580298,0,30.7176
30.7374,1.96817,1.12158,1.46375,0,0,0,0,83,84,0,0,0,0,0,traj_sz=100
30.7376,1.96817,1.12158,1.46375,2.04745,1.11192,0.970749,0.12563,83,84,-0.0011369,0.151282,-0.3491,0.578803,0,30.7376
30.7574,1.96858,1.12324,1.45956,0,0,0,0,83,84,0,0,0,0,0,traj_sz=100
30.7576,1.96858,1.12324,1.45956,2.04745,1.11192,0.970749,0.12563,83,84,-0.00249703,0.152479,-0.3491,0.577774,0,30.7576
30.7774,1.96866,1.12674,1.45007,0,0,0,0,83,84,0,0,0,0,0,traj_sz=100
30.7775,1.96866,1.12674,1.45007,2.04745,1.11192,0.970749,0.12563,83,84,-0.0052215,0.152335,-0.3491,0.576338,0,30.7775
30.7973,1.96903,1.1317,1.43638,0,0,0,0,83,84,0,0,0,0,0,traj_sz=100
30.7974,1.96903,1.1317,1.43638,2.04745,1.11192,0.970749,0.12563,84,84,-0.0090971,0.150819,-0.3491,0.574089,0,30.7974
30.8176,1.96968,1.13504,1.43214,0,0,0,0,84,84,0,0,0,0,0,traj_sz=100
30.8177,1.96968,1.13504,1.43214,2.04745,1.11192,0.970749,0.12563,84,84,-0.0121476,0.150567,-0.3491,0.57223,0,30.8177
30.8375,1.96986,1.13674,1.42648,0,0,0,0,84,84,0,0,0,0,0,traj_sz=100
30.8377,1.96986,1.13674,1.42648,2.04745,1.11192,0.970749,0.12563,84,84,-0.0134053,0.151913,-0.3491,0.571424,0,30.8377
30.8573,1.96986,1.13861,1.42072,0,0,0,0,84,84,0,0,0,0,0,traj_sz=100
30.8575,1.96986,1.13861,1.42072,2.04745,1.11192,0.970749,0.12563,84,84,-0.0147888,0.153223,-0.3491,0.570729,0,30.8575
30.8773,1.97046,1.14193,1.41386,0,0,0,0,84,84,0,0,0,0,0,traj_sz=100
30.8775,1.97046,1.14193,1.41386,2.04745,1.11192,0.970749,0.12563,84,84,-0.0176123,0.153031,-0.3491,0.568953,0,30.8775
30.8975,1.97118,1.14698,1.40232,0,0,0,0,84,84,0,0,0,0,0,traj_sz=100
30.8976,1.97118,1.14698,1.40232,2.04745,1.11192,0.970749,0.12563,84,84,-0.021776,0.151403,-0.3491,0.566455,0,30.8976
30.9174,1.97152,1.14875,1.39871,0,0,0,0,84,84,0,0,0,0,0,traj_sz=100
30.9176,1.97152,1.14875,1.39871,2.04745,1.11192,0.970749,0.12563,84,84,-0.0232869,0.152649,-0.3491,0.565505,0,30.9176
30.9374,1.97228,1.15211,1.39469,0,0,0,0,84,84,0,0,0,0,0,traj_sz=100
30.9377,1.97228,1.15211,1.39469,2.04745,1.11192,0.970749,0.12563,84,84,-0.026398,0.152382,-0.3491,0.563604,0,30.9377
30.9573,1.97229,1.1539,1.38775,0,0,0,0,84,84,0,0,0,0,0,traj_sz=100
30.9574,1.97229,1.1539,1.38775,2.04745,1.11192,0.970749,0.12563,84,84,-0.0275964,0.153784,-0.3491,0.56297,0,30.9574
30.9774,1.97301,1.15724,1.3815,0,0,0,0,84,84,0,0,0,0,0,traj_sz=100
30.9776,1.97301,1.15724,1.3815,2.04745,1.11192,0.970749,0.12563,84,84,-0.0305011,0.153585,-0.3491,0.561139,0,30.9776
30.9975,1.9737,1.16232,1.36978,0,0,0,0,84,84,0,0,0,0,0,traj_sz=100
30.9976,1.9737,1.16232,1.36978,2.04745,1.11192,0.970749,0.12563,84,84,-0.0346619,0.152008,-0.3491,0.558762,0,30.9976
31.0174,1.97447,1.16572,1.36257,0,0,0,0,84,84,0,0,0,0,0,traj_sz=100
31.0175,1.97447,1.16572,1.36257,2.04745,1.11192,0.970749,0.12563,84,84,-0.0375488,0.151729,-0.3491,0.556899,0,31.0175
31.0373,1.97446,1.1674,1.35601,0,0,0,0,84,84,0,0,0,0,0,traj_sz=100
31.0374,1.97446,1.1674,1.35601,2.04745,1.11192,0.970749,0.12563,84,84,-0.0386442,0.153307,-0.3491,0.556359,0,31.0374
31.0575,1.97503,1.16911,1.35377,0,0,0,0,84,84,0,0,0,0,0,traj_sz=100
31.0575,1.97503,1.16911,1.35377,2.04745,1.11192,0.970749,0.12563,84,84,-0.0402577,0.154535,-0.3491,0.555262,0,31.0575
31.0776,1.97567,1.17262,1.34598,0,0,0,0,84,84,0,0,0,0,0,traj_sz=100
31.0779,1.97567,1.17262,1.34598,2.04745,1.11192,0.970749,0.12563,84,84,-0.0431677,0.154328,-0.3491,0.553522,0,31.0779
31.0973,1.97627,1.17769,1.32901,0,0,0,0,84,84,0,0,0,0,0,traj_sz=100
31.0974,1.97627,1.17769,1.32901,2.04745,1.11192,0.970749,0.12563,84,84,-0.0468175,0.152831,-0.3491,0.551348,0,31.0974
31.1174,1.97697,1.18094,1.32021,0,0,0,0,84,84,0,0,0,0,0,traj_sz=100
31.1176,1.97697,1.18094,1.32021,2.04745,1.11192,0.970749,0.12563,84,84,-0.0493859,0.15281,-0.3491,0.549675,0,31.1176
31.1374,1.97702,1.18261,1.31324,0,0,0,0,84,84,0,0,0,0,0,traj_sz=100
31.1375,1.97702,1.18261,1.31324,2.04745,1.11192,0.970749,0.12563,84,84,-0.0504214,0.154394,-0.3491,0.54911,0,31.1375
31.1573,1.97753,1.18415,1.30992,0,0,0,0,84,84,0,0,0,0,0,traj_sz=100
31.1574,1.97753,1.18415,1.30992,2.04745,1.11192,0.970749,0.12563,84,84,-0.0517562,0.155806,-0.3491,0.548157,0,31.1574
31.1774,1.97843,1.18723,1.30321,0,0,0,0,84,84,0,0,0,0,0,traj_sz=100
31.1775,1.97843,1.18723,1.30321,2.07348,1.14996,0.88752,0.12563,85,85,-0.010808,0.155807,-0.3491,0.546381,0,31.1775
31.1974,1.97911,1.19198,1.28636,0,0,0,0,85,85,0,0,0,0,0,traj_sz=100
31.1974,1.97911,1.19198,1.28636,2.07348,1.14996,0.88752,0.12563,85,85,-0.0138487,0.154665,-0.3491,0.544333,0,31.1974
31.2175,1.97984,1.19495,1.27611,0,0,0,0,85,85,0,0,0,0,0,traj_sz=100
31.2175,1.97984,1.19495,1.27611,2.07348,1.14996,0.88752,0.12563,85,85,-0.0158511,0.154923,-0.3491,0.542778,0,31.2175
31.2374,1.98042,1.19632,1.27275,0,0,0,0,85,85,0,0,0,0,0,traj_sz=100
31.2376,1.98042,1.19632,1.27275,2.07348,1.14996,0.88752,0.12563,85,85,-0.0169885,0.156509,-0.3491,0.541834,0,31.2376
31.2573,1.98053,1.19795,1.26557,0,0,0,0,85,85,0,0,0,0,0,traj_sz=100
31.2574,1.98053,1.19795,1.26557,2.07348,1.14996,0.88752,0.12563,85,85,-0.0178361,0.158169,-0.3491,0.541268,0,31.2574
31.2775,1.98121,1.20127,1.25573,0,0,0,0,85,85,0,0,0,0,0,traj_sz=100
31.2777,1.98121,1.20127,1.25573,2.07348,1.14996,0.88752,0.12563,85,85,-0.0201881,0.158242,-0.3491,0.539687,0,31.2777
31.2974,1.98299,1.20626,1.24681,0,0,0,0,85,85,0,0,0,0,0,traj_sz=100
31.2975,1.98299,1.20626,1.24681,2.07348,1.14996,0.88752,0.12563,85,85,-0.024563,0.156282,-0.3491,0.536618,0,31.2975
31.3174,1.98372,1.20966,1.23673,0,0,0,0,85,85,0,0,0,0,0,traj_sz=100
31.3175,1.98372,1.20966,1.23673,2.07348,1.14996,0.88752,0.12563,85,85,-0.0269672,0.156266,-0.3491,0.535018,0,31.3175
31.3374,1.98453,1.21128,1.23603,0,0,0,0,85,85,0,0,0,0,0,traj_sz=100
31.3375,1.98453,1.21128,1.23603,2.07348,1.14996,0.88752,0.12563,85,85,-0.0286858,0.157539,-0.3491,0.533814,0,31.3375
31.3574,1.98477,1.213,1.2304,0,0,0,0,85,85,0,0,0,0,0,traj_sz=100
31.3575,1.98477,1.213,1.2304,2.07348,1.14996,0.88752,0.12563,85,85,-0.0298092,0.159111,-0.3491,0.53313,0,31.3575
31.3774,1.98614,1.21617,1.22586,0,0,0,0,85,85,0,0,0,0,0,traj_sz=100
31.3776,1.98614,1.21617,1.22586,2.07348,1.14996,0.88752,0.12563,85,85,-0.0327736,0.15888,-0.3491,0.531005,0,31.3776
31.3974,1.98773,1.22107,1.21478,0,0,0,0,85,85,0,0,0,0,0,traj_sz=100
31.3977,1.98773,1.22107,1.21478,2.07348,1.14996,0.88752,0.12563,85,85,-0.0367588,0.157224,-0.3491,0.528247,0,31.3977
31.4174,1.98857,1.22427,1.20506,0,0,0,0,85,85,0,0,0,0,0,traj_sz=100
31.4176,1.98857,1.22427,1.20506,2.07348,1.14996,0.88752,0.12563,85,85,-0.039031,0.157324,-0.3491,0.526659,0,31.4176
31.4374,1.98946,1.22582,1.20398,0,0,0,0,85,85,0,0,0,0,0,traj_sz=100
31.4375,1.98946,1.22582,1.20398,2.07348,1.14996,0.88752,0.12563,85,85,-0.0406815,0.158613,-0.3491,0.525428,0,31.4375
31.4574,1.98969,1.22741,1.19693,0,0,0,0,85,85,0,0,0,0,0,traj_sz=100
31.4576,1.98969,1.22741,1.19693,2.07348,1.14996,0.88752,0.12563,85,85,-0.041498,0.160354,-0.3491,0.524827,0,31.4576
31.4775,1.99095,1.23056,1.19017,0,0,0,0,85,85,0,0,0,0,0,traj_sz=100
31.4776,1.99095,1.23056,1.19017,2.07348,1.14996,0.88752,0.12563,85,85,-0.0441662,0.160255,-0.3491,0.522878,0,31.4776
31.4973,1.99306,1.23527,1.18222,0,0,0,0,85,85,0,0,0,0,0,traj_sz=100
31.4974,1.99306,1.23527,1.18222,2.07348,1.14996,0.88752,0.12563,85,85,-0.0484795,0.158394,-0.3491,0.519763,0,31.4974
31.5174,1.9944,1.23842,1.17732,0,0,0,0,85,85,0,0,0,0,0,traj_sz=100
31.5175,1.9944,1.23842,1.17732,2.07348,1.14996,0.88752,0.12563,85,85,-0.0513838,0.158272,-0.3491,0.517765,0,31.5175
31.5374,1.99508,1.24014,1.17389,0,0,0,0,85,85,0,0,0,0,0,traj_sz=100
31.5375,1.99508,1.24014,1.17389,2.07348,1.14996,0.88752,0.12563,85,85,-0.0528657,0.159621,-0.3491,0.516729,0,31.5375
31.5574,1.99565,1.24182,1.16909,0,0,0,0,85,85,0,0,0,0,0,traj_sz=100
31.5575,1.99565,1.24182,1.16909,2.07348,1.14996,0.88752,0.12563,85,85,-0.0541189,0.161099,-0.3491,0.51582,0,31.5575
31.5775,1.99701,1.24515,1.16306,0,0,0,0,85,85,0,0,0,0,0,traj_sz=100
31.5776,1.99701,1.24515,1.16306,2.10257,1.1857,0.798442,0.12563,86,86,-0.0127124,0.160894,-0.3491,0.513807,0,31.5776
31.5973,1.99901,1.25007,1.15128,0,0,0,0,86,86,0,0,0,0,0,traj_sz=100
31.5974,1.99901,1.25007,1.15128,2.10257,1.1857,0.798442,0.12563,86,86,-0.0166059,0.159071,-0.3491,0.510861,0,31.5974
31.6175,1.99961,1.25172,1.1475,0,0,0,0,86,86,0,0,0,0,0,traj_sz=100
31.6176,1.99961,1.25172,1.1475,2.10257,1.1857,0.798442,0.12563,86,86,-0.0178992,0.16063,-0.3491,0.509949,0,31.6176
31.6374,2.00099,1.25504,1.14079,0,0,0,0,86,86,0,0,0,0,0,traj_sz=100
31.6375,2.00099,1.25504,1.14079,2.10257,1.1857,0.798442,0.12563,86,86,-0.0206815,0.160432,-0.3491,0.507965,0,31.6375
31.6574,2.00167,1.25665,1.13531,0,0,0,0,86,86,0,0,0,0,0,traj_sz=100
31.6575,2.00167,1.25665,1.13531,2.10257,1.1857,0.798442,0.12563,86,86,-0.0217608,0.161948,-0.3491,0.506999,0,31.6575
31.6775,2.00286,1.25982,1.12781,0,0,0,0,86,86,0,0,0,0,0,traj_sz=100
31.6776,2.00286,1.25982,1.12781,2.10257,1.1857,0.798442,0.12563,86,86,-0.0242268,0.162034,-0.3491,0.505251,0,31.6776
31.6975,2.00484,1.2647,1.11262,0,0,0,0,86,86,0,0,0,0,0,traj_sz=100
31.6977,2.00484,1.2647,1.11262,2.10257,1.1857,0.798442,0.12563,86,86,-0.0276247,0.160379,-0.3491,0.502452,0,31.6977
31.7175,2.00634,1.26811,1.10518,0,0,0,0,86,86,0,0,0,0,0,traj_sz=100
31.7177,2.00634,1.26811,1.10518,2.10257,1.1857,0.798442,0.12563,86,86,-0.030435,0.160091,-0.3491,0.500402,0,31.7177
31.7374,2.0074,1.26982,1.10277,0,0,0,0,86,86,0,0,0,0,0,traj_sz=100
31.7375,2.0074,1.26982,1.10277,2.10257,1.1857,0.798442,0.12563,86,86,-0.0321376,0.161283,-0.3491,0.499087,0,31.7375
31.7575,2.00787,1.27142,1.09712,0,0,0,0,86,86,0,0,0,0,0,traj_sz=100
31.7576,2.00787,1.27142,1.09712,2.10257,1.1857,0.798442,0.12563,86,86,-0.0330877,0.163014,-0.3491,0.498359,0,31.7576
31.7775,2.00942,1.27472,1.08788,0,0,0,0,86,86,0,0,0,0,0,traj_sz=100
31.7776,2.00942,1.27472,1.08788,2.10257,1.1857,0.798442,0.12563,86,86,-0.0355838,0.162799,-0.3491,0.496327,0,31.7776
31.7974,2.01193,1.27965,1.07783,0,0,0,0,86,86,0,0,0,0,0,traj_sz=100
31.7975,2.01193,1.27965,1.07783,2.10257,1.1857,0.798442,0.12563,86,86,-0.039874,0.160754,-0.3491,0.493109,0,31.7975
31.8174,2.01268,1.28124,1.07295,0,0,0,0,86,86,0,0,0,0,0,traj_sz=100
31.8176,2.01268,1.28124,1.07295,2.10257,1.1857,0.798442,0.12563,86,86,-0.0410202,0.162317,-0.3491,0.492145,0,31.8176
31.8374,2.01431,1.28451,1.06494,0,0,0,0,86,86,0,0,0,0,0,traj_sz=100
31.8375,2.01431,1.28451,1.06494,2.10257,1.1857,0.798442,0.12563,86,86,-0.0436719,0.162083,-0.3491,0.490086,0,31.8375
31.8573,2.01522,1.28617,1.06109,0,0,0,0,86,86,0,0,0,0,0,traj_sz=100
31.8575,2.01522,1.28617,1.06109,2.10257,1.1857,0.798442,0.12563,86,86,-0.045077,0.163468,-0.3491,0.488964,0,31.8575
31.8773,2.01682,1.28932,1.05213,0,0,0,0,86,86,0,0,0,0,0,traj_sz=100
31.8774,2.01682,1.28932,1.05213,2.10257,1.1857,0.798442,0.12563,86,86,-0.0474821,0.163361,-0.3491,0.48698,0,31.8774
31.8974,2.01953,1.29414,1.04005,0,0,0,0,86,86,0,0,0,0,0,traj_sz=100
31.8975,2.01953,1.29414,1.04005,2.10257,1.1857,0.798442,0.12563,86,86,-0.0514856,0.161349,-0.3491,0.48371,0,31.8975
31.9174,2.02122,1.29733,1.03184,0,0,0,0,86,86,0,0,0,0,0,traj_sz=100
31.9176,2.02122,1.29733,1.03184,2.13474,1.21872,0.70467,0.12563,87,87,-0.00920826,0.161175,-0.3491,0.481663,0,31.9176
31.9374,2.02215,1.2989,1.02757,0,0,0,0,87,87,0,0,0,0,0,traj_sz=100
31.9375,2.02215,1.2989,1.02757,2.13474,1.21872,0.70467,0.12563,87,87,-0.0104431,0.162666,-0.3491,0.48057,0,31.9375
31.9576,2.02296,1.30053,1.0231,0,0,0,0,87,87,0,0,0,0,0,traj_sz=100
31.9578,2.02296,1.30053,1.0231,2.13474,1.21872,0.70467,0.12563,87,87,-0.0116325,0.164275,-0.3491,0.4796,0,31.9578
31.9774,2.02471,1.30357,1.01452,0,0,0,0,87,87,0,0,0,0,0,traj_sz=100
31.9776,2.02471,1.30357,1.01452,2.13474,1.21872,0.70467,0.12563,87,87,-0.0139626,0.164171,-0.3491,0.47755,0,31.9776
31.9975,2.0274,1.30808,1.00423,0,0,0,0,87,87,0,0,0,0,0,traj_sz=100
31.9976,2.0274,1.30808,1.00423,2.13474,1.21872,0.70467,0.12563,87,87,-0.0177806,0.162471,-0.3491,0.474456,0,31.9976
32.0175,2.0283,1.30961,1.00014,0,0,0,0,87,87,0,0,0,0,0,traj_sz=100
32.0177,2.0283,1.30961,1.00014,2.13474,1.21872,0.70467,0.12563,87,87,-0.0189918,0.164059,-0.3491,0.473425,0,32.0177
32.0373,2.03024,1.31259,0.992899,0,0,0,0,87,87,0,0,0,0,0,traj_sz=100
32.0375,2.03024,1.31259,0.992899,2.13474,1.21872,0.70467,0.12563,87,87,-0.0215463,0.163887,-0.3491,0.471246,0,32.0375
32.0574,2.03119,1.31414,0.990133,0,0,0,0,87,87,0,0,0,0,0,traj_sz=100
32.0575,2.03119,1.31414,0.990133,2.13474,1.21872,0.70467,0.12563,87,87,-0.0229735,0.165423,-0.3491,0.47018,0,32.0575
32.0774,2.03302,1.31739,0.979764,0,0,0,0,87,87,0,0,0,0,0,traj_sz=100
32.0775,2.03302,1.31739,0.979764,2.13474,1.21872,0.70467,0.12563,87,87,-0.0252564,0.165222,-0.3491,0.468112,0,32.0775
32.0974,2.03594,1.3219,0.96773,0,0,0,0,87,87,0,0,0,0,0,traj_sz=100
32.0975,2.03594,1.3219,0.96773,2.13474,1.21872,0.70467,0.12563,87,87,-0.0289385,0.1634,-0.3491,0.46491,0,32.0975
32.1173,2.0369,1.32364,0.963202,0,0,0,0,87,87,0,0,0,0,0,traj_sz=100
32.1175,2.0369,1.32364,0.963202,2.13474,1.21872,0.70467,0.12563,87,87,-0.0302843,0.164831,-0.3491,0.463852,0,32.1175
32.1374,2.03882,1.32664,0.952418,0,0,0,0,87,87,0,0,0,0,0,traj_sz=100
32.1375,2.03882,1.32664,0.952418,2.13474,1.21872,0.70467,0.12563,87,87,-0.0323275,0.164754,-0.3491,0.461769,0,32.1375
32.1573,2.03982,1.32812,0.948045,0,0,0,0,87,87,0,0,0,0,0,traj_sz=100
32.1575,2.03982,1.32812,0.948045,2.13474,1.21872,0.70467,0.12563,87,87,-0.0334978,0.166323,-0.3491,0.460703,0,32.1575
32.1775,2.042,1.3312,0.9353,0,0,0,0,87,87,0,0,0,0,0,traj_sz=100
32.1777,2.042,1.3312,0.9353,2.13474,1.21872,0.70467,0.12563,87,87,-0.0354689,0.166031,-0.3491,0.458389,0,32.1777
32.1975,2.04516,1.33556,0.922601,0,0,0,0,87,87,0,0,0,0,0,traj_sz=100
32.1977,2.04516,1.33556,0.922601,2.13474,1.21872,0.70467,0.12563,87,87,-0.039055,0.164168,-0.3491,0.45507,0,32.1977
32.2175,2.04608,1.33704,0.915853,0,0,0,0,87,87,0,0,0,0,0,traj_sz=100
32.2176,2.04608,1.33704,0.915853,2.13474,1.21872,0.70467,0.12563,87,87,-0.0398384,0.165811,-0.3491,0.454103,0,32.2176
32.2374,2.04799,1.34012,0.906088,0,0,0,0,87,87,0,0,0,0,0,traj_sz=100
32.2375,2.04799,1.34012,0.906088,2.13474,1.21872,0.70467,0.12563,87,87,-0.042043,0.165727,-0.3491,0.452116,0,32.2375
32.2573,2.04895,1.34143,0.900646,0,0,0,0,87,87,0,0,0,0,0,traj_sz=100
32.2574,2.04895,1.34143,0.900646,2.13474,1.21872,0.70467,0.12563,87,87,-0.0428841,0.167439,-0.3491,0.45113,0,32.2574
32.2775,2.05117,1.34427,0.891859,0,0,0,0,87,87,0,0,0,0,0,traj_sz=100
32.2777,2.05117,1.34427,0.891859,2.13474,1.21872,0.70467,0.12563,87,87,-0.0452269,0.167307,-0.3491,0.448869,0,32.2777
32.2975,2.05435,1.34847,0.872577,0,0,0,0,87,87,0,0,0,0,0,traj_sz=100
32.2976,2.05435,1.34847,0.872577,2.13474,1.21872,0.70467,0.12563,87,87,-0.0477103,0.165579,-0.3491,0.445653,0,32.2976
32.3173,2.05543,1.35007,0.867632,0,0,0,0,87,87,0,0,0,0,0,traj_sz=100
32.3174,2.05543,1.35007,0.867632,2.16985,1.24857,0.607622,0.12563,88,88,-0.00343392,0.167069,-0.3491,0.444571,0,32.3174
32.3374,2.05772,1.35304,0.857509,0,0,0,0,88,88,0,0,0,0,0,traj_sz=100
32.3375,2.05772,1.35304,0.857509,2.16985,1.24857,0.607622,0.12563,88,88,-0.00563151,0.166829,-0.3491,0.442295,0,32.3375
32.3575,2.05867,1.35442,0.854021,0,0,0,0,88,88,0,0,0,0,0,traj_sz=100
32.3577,2.05867,1.35442,0.854021,2.16985,1.24857,0.607622,0.12563,88,88,-0.00676598,0.168613,-0.3491,0.441349,0,32.3577
32.3773,2.06111,1.35722,0.845973,0,0,0,0,88,88,0,0,0,0,0,traj_sz=100
32.3774,2.06111,1.35722,0.845973,2.16985,1.24857,0.607622,0.12563,88,88,-0.00923912,0.168319,-0.3491,0.438952,0,32.3774
32.3973,2.06458,1.36159,0.833675,0,0,0,0,88,88,0,0,0,0,0,traj_sz=100
32.3974,2.06458,1.36159,0.833675,2.16985,1.24857,0.607622,0.12563,88,88,-0.0129207,0.16634,-0.3491,0.435573,0,32.3974
32.4176,2.06679,1.36421,0.82512,0,0,0,0,88,88,0,0,0,0,0,traj_sz=100
32.4177,2.06679,1.36421,0.82512,2.16985,1.24857,0.607622,0.12563,88,88,-0.0150271,0.166449,-0.3491,0.433445,0,32.4177
32.4374,2.06804,1.36552,0.820542,0,0,0,0,88,88,0,0,0,0,0,traj_sz=100
32.4376,2.06804,1.36552,0.820542,2.16985,1.24857,0.607622,0.12563,88,88,-0.0161309,0.167987,-0.3491,0.432238,0,32.4376
32.4575,2.06908,1.36689,0.815575,0,0,0,0,88,88,0,0,0,0,0,traj_sz=100
32.4576,2.06908,1.36689,0.815575,2.16985,1.24857,0.607622,0.12563,88,88,-0.0170751,0.169716,-0.3491,0.431253,0,32.4576
32.4774,2.0713,1.36945,0.806775,0,0,0,0,88,88,0,0,0,0,0,traj_sz=100
32.4775,2.0713,1.36945,0.806775,2.16985,1.24857,0.607622,0.12563,88,88,-0.0191042,0.169792,-0.3491,0.429143,0,32.4775
32.4973,2.07496,1.37351,0.79561,0,0,0,0,88,88,0,0,0,0,0,traj_sz=100
32.4973,2.07496,1.37351,0.79561,2.16985,1.24857,0.607622,0.12563,88,88,-0.0228404,0.167847,-0.3491,0.425685,0,32.4973
32.5173,2.0761,1.37476,0.79089,0,0,0,0,88,88,0,0,0,0,0,traj_sz=100
32.5174,2.0761,1.37476,0.79089,2.16985,1.24857,0.607622,0.12563,88,88,-0.023791,0.169584,-0.3491,0.424621,0,32.5174
32.5374,2.07858,1.3774,0.78282,0,0,0,0,88,88,0,0,0,0,0,traj_sz=100
32.5375,2.07858,1.3774,0.78282,2.16985,1.24857,0.607622,0.12563,88,88,-0.02616,0.169449,-0.3491,0.422306,0,32.5375
32.5575,2.07985,1.37871,0.777995,0,0,0,0,88,88,0,0,0,0,0,traj_sz=100
32.5576,2.07985,1.37871,0.777995,2.16985,1.24857,0.607622,0.12563,88,88,-0.0272276,0.171046,-0.3491,0.421132,0,32.5576
32.5775,2.08224,1.38133,0.768573,0,0,0,0,88,88,0,0,0,0,0,traj_sz=100
32.5776,2.08224,1.38133,0.768573,2.16985,1.24857,0.607622,0.12563,88,88,-0.0292978,0.171005,-0.3491,0.418935,0,32.5776
32.5974,2.0861,1.38518,0.756612,0,0,0,0,88,88,0,0,0,0,0,traj_sz=100
32.5975,2.0861,1.38518,0.756612,2.16985,1.24857,0.607622,0.12563,88,88,-0.0328788,0.169059,-0.3491,0.41539,0,32.5975
32.6174,2.08735,1.38636,0.753801,0,0,0,0,88,88,0,0,0,0,0,traj_sz=100
32.6176,2.08735,1.38636,0.753801,2.16985,1.24857,0.607622,0.12563,88,88,-0.0341544,0.170746,-0.3491,0.414245,0,32.6176
32.6374,2.08992,1.38891,0.74467,0,0,0,0,88,88,0,0,0,0,0,traj_sz=100
32.6376,2.08992,1.38891,0.74467,2.16985,1.24857,0.607622,0.12563,88,88,-0.0363387,0.1706,-0.3491,0.411926,0,32.6376
32.6573,2.09136,1.3903,0.741261,0,0,0,0,88,88,0,0,0,0,0,traj_sz=100
32.6575,2.09136,1.3903,0.741261,2.16985,1.24857,0.607622,0.12563,88,88,-0.0378047,0.172,-0.3491,0.410625,0,32.6575
32.6774,2.09405,1.39308,0.730865,0,0,0,0,88,88,0,0,0,0,0,traj_sz=100
32.6777,2.09405,1.39308,0.730865,2.16985,1.24857,0.607622,0.12563,88,88,-0.0400225,0.171681,-0.3491,0.408231,0,32.6777
32.6973,2.09804,1.39679,0.717307,0,0,0,0,88,88,0,0,0,0,0,traj_sz=100
32.6974,2.09804,1.39679,0.717307,2.20769,1.27489,0.50903,0.12563,89,89,0.00249791,0.16972,-0.3491,0.404669,0,32.6974
32.7175,2.09951,1.39815,0.712174,0,0,0,0,89,89,0,0,0,0,0,traj_sz=100
32.7176,2.09951,1.39815,0.712174,2.20769,1.27489,0.50903,0.12563,89,89,0.00133597,0.171183,-0.3491,0.403373,0,32.7176
32.7375,2.10219,1.40103,0.703137,0,0,0,0,89,89,0,0,0,0,0,traj_sz=100
32.7376,2.10219,1.40103,0.703137,2.20769,1.27489,0.50903,0.12563,89,89,-0.00108846,0.170835,-0.3491,0.401065,0,32.7376
32.7574,2.10359,1.40242,0.69805,0,0,0,0,89,89,0,0,0,0,0,traj_sz=100
32.7575,2.10359,1.40242,0.69805,2.20769,1.27489,0.50903,0.12563,89,89,-0.00222128,0.172298,-0.3491,0.399856,0,32.7575
32.7773,2.10652,1.40502,0.686831,0,0,0,0,89,89,0,0,0,0,0,traj_sz=100
32.7775,2.10652,1.40502,0.686831,2.20769,1.27489,0.50903,0.12563,89,89,-0.00428151,0.171884,-0.3491,0.397307,0,32.7775
32.7975,2.11063,1.40887,0.670232,0,0,0,0,89,89,0,0,0,0,0,traj_sz=100
32.7976,2.11063,1.40887,0.670232,2.20769,1.27489,0.50903,0.12563,89,89,-0.00715559,0.169865,-0.3491,0.393799,0,32.7976
32.8173,2.11207,1.41017,0.665515,0,0,0,0,89,89,0,0,0,0,0,traj_sz=100
32.8174,2.11207,1.41017,0.665515,2.20769,1.27489,0.50903,0.12563,89,89,-0.00831511,0.171348,-0.3491,0.39257,0,32.8174
32.8374,2.11519,1.41252,0.65957,0,0,0,0,89,89,0,0,0,0,0,traj_sz=100
32.8377,2.11519,1.41252,0.65957,2.20769,1.27489,0.50903,0.12563,89,89,-0.0112351,0.170922,-0.3491,0.389861,0,32.8377
32.8574,2.11656,1.41386,0.653712,0,0,0,0,89,89,0,0,0,0,0,traj_sz=100
32.8576,2.11656,1.41386,0.653712,2.20769,1.27489,0.50903,0.12563,89,89,-0.0121707,0.172466,-0.3491,0.388721,0,32.8576
32.8774,2.11942,1.41633,0.642099,0,0,0,0,89,89,0,0,0,0,0,traj_sz=100
32.8775,2.11942,1.41633,0.642099,2.20769,1.27489,0.50903,0.12563,89,89,-0.0140149,0.172193,-0.3491,0.386314,0,32.8775
32.8973,2.12398,1.41998,0.631118,0,0,0,0,89,89,0,0,0,0,0,traj_sz=100
32.8974,2.12398,1.41998,0.631118,2.20769,1.27489,0.50903,0.12563,89,89,-0.0180268,0.169869,-0.3491,0.382472,0,32.8974
32.9175,2.1256,1.42106,0.628701,0,0,0,0,89,89,0,0,0,0,0,traj_sz=100
32.9176,2.1256,1.42106,0.628701,2.20769,1.27489,0.50903,0.12563,89,89,-0.0195646,0.171374,-0.3491,0.381087,0,32.9176
32.9374,2.12858,1.42343,0.617629,0,0,0,0,89,89,0,0,0,0,0,traj_sz=100
32.9376,2.12858,1.42343,0.617629,2.20769,1.27489,0.50903,0.12563,89,89,-0.0215222,0.171052,-0.3491,0.378609,0,32.9376
32.9573,2.13002,1.42462,0.611761,0,0,0,0,89,89,0,0,0,0,0,traj_sz=100
32.9576,2.13002,1.42462,0.611761,2.20769,1.27489,0.50903,0.12563,89,89,-0.0224103,0.172626,-0.3491,0.377431,0,32.9576
32.9773,2.13314,1.4268,0.602354,0,0,0,0,89,89,0,0,0,0,0,traj_sz=100
32.9774,2.13314,1.4268,0.602354,2.20769,1.27489,0.50903,0.12563,89,89,-0.0246447,0.172248,-0.3491,0.374809,0,32.9774
32.9973,2.13779,1.42975,0.592687,0,0,0,0,89,89,0,0,0,0,0,traj_sz=100
32.9975,2.13779,1.42975,0.592687,2.20769,1.27489,0.50903,0.12563,89,89,-0.0285208,0.170215,-0.3491,0.370889,0,32.9975
33.0174,2.13933,1.43088,0.587177,0,0,0,0,89,89,0,0,0,0,0,traj_sz=100
33.0176,2.13933,1.43088,0.587177,2.20769,1.27489,0.50903,0.12563,89,89,-0.0295129,0.171748,-0.3491,0.369624,0,33.0176
33.0373,2.14234,1.43309,0.579876,0,0,0,0,89,89,0,0,0,0,0,traj_sz=100
33.0374,2.14234,1.43309,0.579876,2.20769,1.27489,0.50903,0.12563,89,89,-0.0320176,0.171439,-0.3491,0.367181,0,33.0374
33.0575,2.14405,1.4341,0.574889,0,0,0,0,89,89,0,0,0,0,0,traj_sz=100
33.0576,2.14405,1.4341,0.574889,2.20769,1.27489,0.50903,0.12563,89,89,-0.0331609,0.172887,-0.3491,0.36575,0,33.0576
33.0774,2.14704,1.43634,0.565602,0,0,0,0,89,89,0,0,0,0,0,traj_sz=100
33.0775,2.14704,1.43634,0.565602,2.24794,1.29735,0.410949,0.12563,90,90,0.0107032,0.172638,-0.3491,0.363369,0,33.0775
33.0973,2.15172,1.4398,0.549922,0,0,0,0,90,90,0,0,0,0,0,traj_sz=100
33.0975,2.15172,1.4398,0.549922,2.24794,1.29735,0.410949,0.12563,90,90,0.00758407,0.170359,-0.3491,0.359669,0,33.0975
33.1174,2.15335,1.44094,0.543731,0,0,0,0,90,90,0,0,0,0,0,traj_sz=100
33.1175,2.15335,1.44094,0.543731,2.24794,1.29735,0.410949,0.12563,90,90,0.00666418,0.171807,-0.3491,0.35838,0,33.1175
33.1375,2.1567,1.44313,0.537368,0,0,0,0,90,90,0,0,0,0,0,traj_sz=100
33.1377,2.1567,1.44313,0.537368,2.24794,1.29735,0.410949,0.12563,90,90,0.00376087,0.171302,-0.3491,0.355711,0,33.1377
33.1574,2.15822,1.44429,0.529211,0,0,0,0,90,90,0,0,0,0,0,traj_sz=100
33.1576,2.15822,1.44429,0.529211,2.24794,1.29735,0.410949,0.12563,90,90,0.00326531,0.172837,-0.3491,0.354551,0,33.1576
33.1773,2.16125,1.44623,0.521965,0,0,0,0,90,90,0,0,0,0,0,traj_sz=100
33.1774,2.16125,1.44623,0.521965,2.24794,1.29735,0.410949,0.12563,90,90,0.000920395,0.172667,-0.3491,0.352156,0,33.1774
33.1973,2.16616,1.44927,0.510099,0,0,0,0,90,90,0,0,0,0,0,traj_sz=100
33.1974,2.16616,1.44927,0.510099,2.24794,1.29735,0.410949,0.12563,90,90,-0.00281174,0.170369,-0.3491,0.348285,0,33.1974
33.2174,2.16756,1.45023,0.501783,0,0,0,0,90,90,0,0,0,0,0,traj_sz=100
33.2175,2.16756,1.45023,0.501783,2.24794,1.29735,0.410949,0.12563,90,90,-0.00306263,0.172136,-0.3491,0.347224,0,33.2175
33.2375,2.17075,1.45221,0.492763,0,0,0,0,90,90,0,0,0,0,0,traj_sz=100
33.2376,2.17075,1.45221,0.492763,2.24794,1.29735,0.410949,0.12563,90,90,-0.00525211,0.171855,-0.3491,0.344749,0,33.2376
33.2573,2.17242,1.45314,0.486772,0,0,0,0,90,90,0,0,0,0,0,traj_sz=100
33.2574,2.17242,1.45314,0.486772,2.24794,1.29735,0.410949,0.12563,90,90,-0.00612687,0.173332,-0.3491,0.343436,0,33.2574
33.2773,2.17582,1.45502,0.47667,0,0,0,0,90,90,0,0,0,0,0,traj_sz=100
33.2774,2.17582,1.45502,0.47667,2.24794,1.29735,0.410949,0.12563,90,90,-0.00826345,0.172888,-0.3491,0.340765,0,33.2774
33.2974,2.18121,1.45818,0.46109,0,0,0,0,90,90,0,0,0,0,0,traj_sz=100
33.2974,2.18121,1.45818,0.46109,2.24794,1.29735,0.410949,0.12563,90,90,-0.0117994,0.17015,-0.3491,0.336642,0,33.2974
33.3175,2.18291,1.45925,0.451136,0,0,0,0,90,90,0,0,0,0,0,traj_sz=100
33.3178,2.18291,1.45925,0.451136,2.24794,1.29735,0.410949,0.12563,90,90,-0.0120579,0.17163,-0.3491,0.335386,0,33.3178
33.3373,2.18637,1.4612,0.439618,0,0,0,0,90,90,0,0,0,0,0,traj_sz=100
33.3375,2.18637,1.4612,0.439618,2.24794,1.29735,0.410949,0.12563,90,90,-0.0140178,0.171077,-0.3491,0.332759,0,33.3375
33.3574,2.18816,1.46207,0.434694,0,0,0,0,90,90,0,0,0,0,0,traj_sz=100
33.3575,2.18816,1.46207,0.434694,2.24794,1.29735,0.410949,0.12563,90,90,-0.0151543,0.172495,-0.3491,0.331364,0,33.3575
33.3775,2.19129,1.46374,0.424517,0,0,0,0,90,90,0,0,0,0,0,traj_sz=100
33.3777,2.19129,1.46374,0.424517,2.24794,1.29735,0.410949,0.12563,90,90,-0.0169153,0.172425,-0.3491,0.328994,0,33.3777
33.3973,2.19653,1.4663,0.41482,0,0,0,0,90,90,0,0,0,0,0,traj_sz=100
33.3974,2.19653,1.4663,0.41482,2.24794,1.29735,0.410949,0.12563,90,90,-0.0210392,0.169817,-0.3491,0.324993,0,33.3974
33.4173,2.19975,1.46776,0.40528,0,0,0,0,90,90,0,0,0,0,0,traj_sz=100
33.4174,2.19975,1.46776,0.40528,2.29019,1.31576,0.315719,0.12563,91,91,0.0231853,0.16941,-0.3491,0.322518,0,33.4174
33.4373,2.20129,1.46879,0.399609,0,0,0,0,91,91,0,0,0,0,0,traj_sz=100
33.4375,2.20129,1.46879,0.399609,2.29019,1.31576,0.315719,0.12563,91,91,0.0223538,0.170732,-0.3491,0.32146,0,33.4375
33.4574,2.20286,1.46933,0.394438,0,0,0,0,91,91,0,0,0,0,0,traj_sz=100
33.4575,2.20286,1.46933,0.394438,2.29019,1.31576,0.315719,0.12563,91,91,0.0216132,0.172188,-0.3491,0.320209,0,33.4575
33.4773,2.20627,1.47091,0.386459,0,0,0,0,91,91,0,0,0,0,0,traj_sz=100
33.4775,2.20627,1.47091,0.386459,2.29019,1.31576,0.315719,0.12563,91,91,0.0192563,0.171569,-0.3491,0.317647,0,33.4775
33.4973,2.21099,1.47325,0.371837,0,0,0,0,91,91,0,0,0,0,0,traj_sz=100
33.4974,2.21099,1.47325,0.371837,2.29019,1.31576,0.315719,0.12563,91,91,0.0165681,0.16946,-0.3491,0.314195,0,33.4974
33.5174,2.21452,1.47473,0.365741,0,0,0,0,91,91,0,0,0,0,0,traj_sz=100
33.5175,2.21452,1.47473,0.365741,2.29019,1.31576,0.315719,0.12563,91,91,0.0138088,0.16877,-0.3491,0.311536,0,33.5175
33.5374,2.21634,1.47529,0.360741,0,0,0,0,91,91,0,0,0,0,0,traj_sz=100
33.5375,2.21634,1.47529,0.360741,2.29019,1.31576,0.315719,0.12563,91,91,0.0127851,0.169973,-0.3491,0.310096,0,33.5375
33.5574,2.21814,1.47615,0.357901,0,0,0,0,91,91,0,0,0,0,0,traj_sz=100
33.5575,2.21814,1.47615,0.357901,2.29019,1.31576,0.315719,0.12563,91,91,0.0113005,0.171105,-0.3491,0.308802,0,33.5575
33.5773,2.22159,1.47757,0.345515,0,0,0,0,91,91,0,0,0,0,0,traj_sz=100
33.5774,2.22159,1.47757,0.345515,2.29019,1.31576,0.315719,0.12563,91,91,0.00974137,0.170488,-0.3491,0.306243,0,33.5774
33.5973,2.22684,1.47961,0.333124,0,0,0,0,91,91,0,0,0,0,0,traj_sz=100
33.5974,2.22684,1.47961,0.333124,2.29019,1.31576,0.315719,0.12563,91,91,0.00629139,0.16799,-0.3491,0.302349,0,33.5974
33.6173,2.22864,1.4803,0.326964,0,0,0,0,91,91,0,0,0,0,0,traj_sz=100
33.6174,2.22864,1.4803,0.326964,2.29019,1.31576,0.315719,0.12563,91,91,0.00544109,0.169157,-0.3491,0.301021,0,33.6174
33.6373,2.23223,1.48154,0.316596,0,0,0,0,91,91,0,0,0,0,0,traj_sz=100
33.6375,2.23223,1.48154,0.316596,2.29019,1.31576,0.315719,0.12563,91,91,0.00346772,0.168497,-0.3491,0.298334,0,33.6375
33.6573,2.23399,1.48248,0.311289,0,0,0,0,91,91,0,0,0,0,0,traj_sz=100
33.6574,2.23399,1.48248,0.311289,2.29019,1.31576,0.315719,0.12563,91,91,0.0024293,0.169637,-0.3491,0.297172,0,33.6574
33.6773,2.23754,1.48363,0.304725,0,0,0,0,91,91,0,0,0,0,0,traj_sz=100
33.6774,2.23754,1.48363,0.304725,2.29019,1.31576,0.315719,0.12563,91,91,-0.000143703,0.169006,-0.3491,0.294519,0,33.6774
33.6973,2.24275,1.4851,0.288343,0,0,0,0,91,91,0,0,0,0,0,traj_sz=100
33.6974,2.24275,1.4851,0.288343,2.29019,1.31576,0.315719,0.12563,91,91,-0.00267464,0.166697,-0.3491,0.290568,0,33.6974
33.7174,2.24446,1.48597,0.283643,0,0,0,0,91,91,0,0,0,0,0,traj_sz=100
33.7175,2.24446,1.48597,0.283643,2.29019,1.31576,0.315719,0.12563,91,91,-0.00373409,0.167948,-0.3491,0.289459,0,33.7175
33.7373,2.24773,1.48711,0.273775,0,0,0,0,91,91,0,0,0,0,0,traj_sz=100
33.7374,2.24773,1.48711,0.273775,2.29019,1.31576,0.315719,0.12563,91,91,-0.00544971,0.16758,-0.3491,0.287123,0,33.7374
33.7574,2.24951,1.48734,0.271643,0,0,0,0,91,91,0,0,0,0,0,traj_sz=100
33.7575,2.24951,1.48734,0.271643,2.29019,1.31576,0.315719,0.12563,91,91,-0.00685315,0.168732,-0.3491,0.285667,0,33.7575
33.7775,2.25301,1.4887,0.260389,0,0,0,0,91,91,0,0,0,0,0,traj_sz=100
33.7776,2.25301,1.4887,0.260389,2.29019,1.31576,0.315719,0.12563,91,91,-0.00859521,0.167548,-0.3491,0.283271,0,33.7776
33.7974,2.25795,1.48998,0.24954,0,0,0,0,91,91,0,0,0,0,0,traj_sz=100
33.7975,2.25795,1.48998,0.24954,2.334,1.33007,0.225883,0.120914,92,92,0.0342056,0.164945,-0.3491,0.279613,0,33.7975
33.8174,2.25961,1.49063,0.243404,0,0,0,0,92,92,0,0,0,0,0,traj_sz=100
33.8175,2.25961,1.49063,0.243404,2.334,1.33007,0.225883,0.120914,92,92,0.0335019,0.165693,-0.3491,0.278507,0,33.8175
33.8374,2.26311,1.49129,0.239533,0,0,0,0,92,92,0,0,0,0,0,traj_sz=100
33.8375,2.26311,1.49129,0.239533,2.334,1.33007,0.225883,0.120914,92,92,0.0306206,0.164644,-0.3491,0.275826,0,33.8375
33.8574,2.26469,1.49212,0.233071,0,0,0,0,92,92,0,0,0,0,0,traj_sz=100
33.8576,2.26469,1.49212,0.233071,2.334,1.33007,0.225883,0.120914,92,92,0.0300095,0.16544,-0.3491,0.274897,0,33.8576
33.8774,2.26812,1.4929,0.225533,0,0,0,0,92,92,0,0,0,0,0,traj_sz=100
33.8775,2.26812,1.4929,0.225533,2.334,1.33007,0.225883,0.120914,92,92,0.0277973,0.164423,-0.3491,0.272375,0,33.8775
33.8973,2.27322,1.49464,0.210646,0,0,0,0,92,92,0,0,0,0,0,traj_sz=100
33.8974,2.27322,1.49464,0.210646,2.334,1.33007,0.225883,0.120914,92,92,0.0250226,0.161581,-0.3491,0.268974,0,33.8974
33.9174,2.27505,1.49467,0.210196,0,0,0,0,92,92,0,0,0,0,0,traj_sz=100
33.9174,2.27505,1.49467,0.210196,2.334,1.33007,0.225883,0.120914,92,92,0.0233066,0.162293,-0.3491,0.267452,0,33.9174
33.9374,2.27864,1.49558,0.199982,0,0,0,0,92,92,0,0,0,0,0,traj_sz=100
33.9375,2.27864,1.49558,0.199982,2.334,1.33007,0.225883,0.120914,92,92,0.0213803,0.161115,-0.3491,0.264944,0,33.9375
33.9575,2.28046,1.49604,0.196788,0,0,0,0,92,92,0,0,0,0,0,traj_sz=100
33.9577,2.28046,1.49604,0.196788,2.334,1.33007,0.225883,0.120914,92,92,0.0200517,0.161758,-0.3491,0.263673,0,33.9577
33.9774,2.28389,1.49679,0.18982,0,0,0,0,92,92,0,0,0,0,0,traj_sz=100
33.9776,2.28389,1.49679,0.18982,2.334,1.33007,0.225883,0.120914,92,92,0.0177574,0.160759,-0.3491,0.261253,0,33.9776
33.9973,2.28934,1.49819,0.172839,0,0,0,0,92,92,0,0,0,0,0,traj_sz=100
33.9974,2.28934,1.49819,0.172839,2.334,1.33007,0.225883,0.120914,92,92,0.0150818,0.157624,-0.3491,0.25756,0,33.9974
34.0175,2.29111,1.49822,0.170612,0,0,0,0,92,92,0,0,0,0,0,traj_sz=100
34.0177,2.29111,1.49822,0.170612,2.334,1.33007,0.225883,0.120914,92,92,0.0137181,0.158408,-0.3491,0.256135,0,34.0177
34.0374,2.29468,1.49868,0.163375,0,0,0,0,92,92,0,0,0,0,0,traj_sz=100
34.0375,2.29468,1.49868,0.163375,2.334,1.33007,0.225883,0.120914,92,92,0.0113744,0.157292,-0.3491,0.253501,0,34.0375
34.0574,2.29648,1.49944,0.157332,0,0,0,0,92,92,0,0,0,0,0,traj_sz=100
34.0575,2.29648,1.49944,0.157332,2.334,1.33007,0.225883,0.120914,92,92,0.0105178,0.157889,-0.3491,0.25249,0,34.0575
34.0774,2.30009,1.50011,0.148898,0,0,0,0,92,92,0,0,0,0,0,traj_sz=100
34.0774,2.30009,1.50011,0.148898,2.334,1.33007,0.225883,0.120914,92,92,0.00830745,0.156708,-0.3491,0.249991,0,34.0774
34.0974,2.30533,1.50125,0.13641,0,0,0,0,92,92,0,0,0,0,0,traj_sz=100
34.0975,2.30533,1.50125,0.13641,2.334,1.33007,0.225883,0.120914,92,92,0.00512313,0.153851,-0.3491,0.246523,0,34.0975
34.1173,2.30704,1.50126,0.133373,0,0,0,0,92,92,0,0,0,0,0,traj_sz=100
34.1174,2.30704,1.50126,0.133373,2.334,1.33007,0.225883,0.120914,92,92,0.00395714,0.154652,-0.3491,0.245181,0,34.1174
34.1374,2.31046,1.50188,0.126038,0,0,0,0,92,92,0,0,0,0,0,traj_sz=100
34.1375,2.31046,1.50188,0.126038,2.334,1.33007,0.225883,0.120914,92,92,0.00176106,0.152974,-0.3491,0.242887,0,34.1375
34.1574,2.31215,1.50242,0.118908,0,0,0,0,92,92,0,0,0,0,0,traj_sz=100
34.1575,2.31215,1.50242,0.118908,2.334,1.33007,0.225883,0.120914,92,92,0.00125385,0.15295,-0.3491,0.241913,0,34.1575
34.1773,2.31539,1.5031,0.107593,0,0,0,0,92,92,0,0,0,0,0,traj_sz=100
34.1774,2.31539,1.5031,0.107593,2.334,1.33007,0.225883,0.120914,92,92,-7.8686e-05,0.15137,-0.3491,0.239837,0,34.1774
34.1974,2.32042,1.50405,0.093515,0,0,0,0,92,92,0,0,0,0,0,traj_sz=100
34.1975,2.32042,1.50405,0.093515,2.37723,1.34001,0.147081,0.109024,93,93,0.041243,0.147994,-0.3491,0.236598,0,34.1975
34.2173,2.32203,1.50409,0.0928611,0,0,0,0,93,93,0,0,0,0,0,traj_sz=100
34.2174,2.32203,1.50409,0.0928611,2.37723,1.34001,0.147081,0.109024,93,93,0.0397442,0.14811,-0.3491,0.235406,0,34.2174
34.2373,2.32494,1.50461,0.0826813,0,0,0,0,93,93,0,0,0,0,0,traj_sz=100
34.2373,2.32494,1.50461,0.0826813,2.37723,1.34001,0.147081,0.109024,93,93,0.0385145,0.146882,-0.3491,0.233555,0,34.2373
34.2573,2.32667,1.50471,0.0762772,0,0,0,0,93,93,0,0,0,0,0,traj_sz=100
34.2574,2.32667,1.50471,0.0762772,2.37723,1.34001,0.147081,0.109024,93,93,0.0378668,0.146893,-0.3491,0.232336,0,34.2574
34.2774,2.33011,1.50523,0.0688348,0,0,0,0,93,93,0,0,0,0,0,traj_sz=100
34.2776,2.33011,1.50523,0.0688348,2.37723,1.34001,0.147081,0.109024,93,93,0.0356454,0.145157,-0.3491,0.230129,0,34.2776
34.2974,2.33501,1.50579,0.053668,0,0,0,0,93,93,0,0,0,0,0,traj_sz=100
34.2974,2.33501,1.50579,0.053668,2.37723,1.34001,0.147081,0.109024,93,93,0.0332616,0.141935,-0.3491,0.226917,0,34.2974
34.3174,2.33676,1.506,0.0455011,0,0,0,0,93,93,0,0,0,0,0,traj_sz=100
34.3175,2.33676,1.506,0.0455011,2.37723,1.34001,0.147081,0.109024,93,93,0.0328801,0.141913,-0.3491,0.225793,0,34.3175
34.3375,2.34031,1.50645,0.0358443,0,0,0,0,93,93,0,0,0,0,0,traj_sz=100
34.3377,2.34031,1.50645,0.0358443,2.37723,1.34001,0.147081,0.109024,93,93,0.0309347,0.140069,-0.3491,0.223561,0,34.3377
34.3575,2.34196,1.50653,0.0328055,0,0,0,0,93,93,0,0,0,0,0,traj_sz=100
34.3576,2.34196,1.50653,0.0328055,2.37723,1.34001,0.147081,0.109024,93,93,0.0297854,0.140133,-0.3491,0.222434,0,34.3576
34.3775,2.34528,1.50701,0.0197872,0,0,0,0,93,93,0,0,0,0,0,traj_sz=100
34.3777,2.34528,1.50701,0.0197872,2.37723,1.34001,0.147081,0.109024,93,93,0.0286414,0.138519,-0.3491,0.220434,0,34.3777
34.3974,2.35025,1.50702,0.0127512,0,0,0,0,93,93,0,0,0,0,0,traj_sz=100
34.3976,2.35025,1.50702,0.0127512,2.37723,1.34001,0.147081,0.109024,93,93,0.0248466,0.135276,-0.3491,0.216978,0,34.3976
34.4174,2.35188,1.50708,0.00725332,0,0,0,0,93,93,0,0,0,0,0,traj_sz=100
34.4175,2.35188,1.50708,0.00725332,2.37723,1.34001,0.147081,0.109024,93,93,0.0241354,0.135366,-0.3491,0.215904,0,34.4175
34.4375,2.3552,1.50704,0.00144289,0,0,0,0,93,93,0,0,0,0,0,traj_sz=100
34.4377,2.3552,1.50704,0.00144289,2.37723,1.34001,0.147081,0.109024,93,93,0.0217861,0.1338,-0.3491,0.213603,0,34.4377
34.4574,2.35687,1.50717,-0.00494641,0,0,0,0,93,93,0,0,0,0,0,traj_sz=100
34.4575,2.35687,1.50717,-0.00494641,2.37723,1.34001,0.147081,0.109024,93,93,0.0211901,0.133831,-0.3491,0.21258,0,34.4575
34.4774,2.35993,1.50747,-0.0149747,0,0,0,0,93,93,0,0,0,0,0,traj_sz=100
34.4775,2.35993,1.50747,-0.0149747,2.37723,1.34001,0.147081,0.109024,93,93,0.019804,0.132462,-0.3491,0.21075,0,34.4775
34.4974,2.36427,1.50739,-0.0241748,0,0,0,0,93,93,0,0,0,0,0,traj_sz=100
34.4975,2.36427,1.50739,-0.0241748,2.37723,1.34001,0.147081,0.109024,93,93,0.0170026,0.12939,-0.3491,0.207831,0,34.4975
34.5174,2.36698,1.50751,-0.0338371,0,0,0,0,93,93,0,0,0,0,0,traj_sz=100
34.5175,2.36698,1.50751,-0.0338371,2.37723,1.34001,0.147081,0.109024,93,93,0.0159133,0.127595,-0.3491,0.206169,0,34.5175
34.5374,2.36833,1.50758,-0.0347783,0,0,0,0,93,93,0,0,0,0,0,traj_sz=100
34.5379,2.36833,1.50758,-0.0347783,2.37723,1.34001,0.147081,0.109024,93,93,0.0147242,0.127167,-0.3491,0.205349,0,34.5379
34.5574,2.36969,1.50746,-0.0375314,0,0,0,0,93,93,0,0,0,0,0,traj_sz=100
34.5576,2.36969,1.50746,-0.0375314,2.37723,1.34001,0.147081,0.109024,93,93,0.0138225,0.126733,-0.3491,0.204394,0,34.5576
34.5775,2.37242,1.5076,-0.0459342,0,0,0,0,93,93,0,0,0,0,0,traj_sz=100
34.5776,2.37242,1.5076,-0.0459342,2.37723,1.34001,0.147081,0.109024,93,93,0.0124978,0.124908,-0.3491,0.202762,0,34.5776
34.5974,2.37634,1.50708,-0.0512671,0,0,0,0,93,93,0,0,0,0,0,traj_sz=100
34.5976,2.37634,1.50708,-0.0512671,2.4168,1.34587,0.0849195,0.0902084,94,94,0.0486706,0.121952,-0.3491,0.199913,0,34.5976
34.6173,2.3789,1.507,-0.0563382,0,0,0,0,94,94,0,0,0,0,0,traj_sz=100
34.6174,2.3789,1.507,-0.0563382,2.4168,1.34587,0.0849195,0.0902084,94,94,0.0469149,0.120306,-0.3491,0.198282,0,34.6174
34.6375,2.38018,1.50693,-0.0613481,0,0,0,0,94,94,0,0,0,0,0,traj_sz=100
34.6376,2.38018,1.50693,-0.0613481,2.4168,1.34587,0.0849195,0.0902084,94,94,0.0464221,0.119946,-0.3491,0.197442,0,34.6376
34.6574,2.38142,1.50703,-0.0649113,0,0,0,0,94,94,0,0,0,0,0,traj_sz=100
34.6576,2.38142,1.50703,-0.0649113,2.4168,1.34587,0.0849195,0.0902084,94,94,0.0457549,0.11961,-0.3491,0.196773,0,34.6576
34.6774,2.3839,1.50687,-0.0690509,0,0,0,0,94,94,0,0,0,0,0,traj_sz=100
34.6775,2.3839,1.50687,-0.0690509,2.4168,1.34587,0.0849195,0.0902084,94,94,0.0439264,0.118053,-0.3491,0.19516,0,34.6775
34.6974,2.38778,1.50693,-0.0822639,0,0,0,0,94,94,0,0,0,0,0,traj_sz=100
34.6976,2.38778,1.50693,-0.0822639,2.4168,1.34587,0.0849195,0.0902084,94,94,0.0421616,0.115096,-0.3491,0.192933,0,34.6976
34.7174,2.38884,1.5069,-0.0841708,0,0,0,0,94,94,0,0,0,0,0,traj_sz=100
34.7175,2.38884,1.5069,-0.0841708,2.4168,1.34587,0.0849195,0.0902084,94,94,0.0413983,0.114937,-0.3491,0.192285,0,34.7175
34.7375,2.39115,1.50687,-0.0898327,0,0,0,0,94,94,0,0,0,0,0,traj_sz=100
34.7376,2.39115,1.50687,-0.0898327,2.4168,1.34587,0.0849195,0.0902084,94,94,0.0399944,0.113547,-0.3491,0.190941,0,34.7376
34.7574,2.39238,1.50639,-0.0919861,0,0,0,0,94,94,0,0,0,0,0,traj_sz=100
34.7577,2.39238,1.50639,-0.0919861,2.4168,1.34587,0.0849195,0.0902084,94,94,0.0390592,0.113245,-0.3491,0.189842,0,34.7577
34.7773,2.39458,1.50655,-0.0986656,0,0,0,0,94,94,0,0,0,0,0,traj_sz=100
34.7774,2.39458,1.50655,-0.0986656,2.4168,1.34587,0.0849195,0.0902084,94,94,0.0379395,0.111937,-0.3491,0.188738,0,34.7774
34.7974,2.39787,1.50649,-0.109447,0,0,0,0,94,94,0,0,0,0,0,traj_sz=100
34.7975,2.39787,1.50649,-0.109447,2.4168,1.34587,0.0849195,0.0902084,94,94,0.0363579,0.109558,-0.3491,0.186867,0,34.7975
34.8175,2.40035,1.5064,-0.114419,0,0,0,0,94,94,0,0,0,0,0,traj_sz=100
34.8177,2.40035,1.5064,-0.114419,2.4168,1.34587,0.0849195,0.0902084,94,94,0.034669,0.107996,-0.3491,0.185448,0,34.8177
34.8374,2.40157,1.5062,-0.116078,0,0,0,0,94,94,0,0,0,0,0,traj_sz=100
34.8376,2.40157,1.5062,-0.116078,2.4168,1.34587,0.0849195,0.0902084,94,94,0.0336916,0.107679,-0.3491,0.18462,0,34.8376
34.8574,2.40277,1.50602,-0.118261,0,0,0,0,94,94,0,0,0,0,0,traj_sz=100
34.8576,2.40277,1.50602,-0.118261,2.4168,1.34587,0.0849195,0.0902084,94,94,0.0328294,0.107226,-0.3491,0.183835,0,34.8576
34.8774,2.40505,1.50599,-0.127286,0,0,0,0,94,94,0,0,0,0,0,traj_sz=100
34.8775,2.40505,1.50599,-0.127286,2.4168,1.34587,0.0849195,0.0902084,94,94,0.0319801,0.105174,-0.3491,0.182615,0,34.8775
34.8973,2.40839,1.50565,-0.13206,0,0,0,0,94,94,0,0,0,0,0,traj_sz=100
34.8973,2.40839,1.50565,-0.13206,2.4168,1.34587,0.0849195,0.0902084,94,94,0.0293759,0.102077,-0.3491,0.180605,0,34.8973
34.9173,2.40946,1.50555,-0.13624,0,0,0,0,94,94,0,0,0,0,0,traj_sz=100
34.9175,2.40946,1.50555,-0.13624,2.4168,1.34587,0.0849195,0.0902084,94,94,0.028955,0.101237,-0.3491,0.179976,0,34.9175
34.9374,2.41187,1.50543,-0.142804,0,0,0,0,94,94,0,0,0,0,0,traj_sz=100
34.9375,2.41187,1.50543,-0.142804,2.4168,1.34587,0.0849195,0.0902084,94,94,0.0275886,0.0990653,-0.3491,0.178674,0,34.9375
34.9575,2.41306,1.50542,-0.145154,0,0,0,0,94,94,0,0,0,0,0,traj_sz=100
34.9576,2.41306,1.50542,-0.145154,2.4168,1.34587,0.0849195,0.0902084,94,94,0.0267819,0.0981064,-0.3491,0.178086,0,34.9576
34.9774,2.41502,1.50491,-0.148723,0,0,0,0,94,94,0,0,0,0,0,traj_sz=100
34.9775,2.41502,1.50491,-0.148723,2.4168,1.34587,0.0849195,0.0902084,94,94,0.0253305,0.0963918,-0.3491,0.176694,0,34.9775
34.9974,2.41846,1.50438,-0.154114,0,0,0,0,94,94,0,0,0,0,0,traj_sz=100
34.9976,2.41846,1.50438,-0.154114,2.4168,1.34587,0.0849195,0.0902084,94,94,0.0226931,0.0931944,-0.3491,0.174595,0,34.9976
35.0174,2.41949,1.5044,-0.158683,0,0,0,0,94,94,0,0,0,0,0,traj_sz=100
35.0176,2.41949,1.5044,-0.158683,2.4168,1.34587,0.0849195,0.0902084,94,94,0.0223902,0.0923854,-0.3491,0.174125,0,35.0176
35.0374,2.4214,1.50429,-0.165453,0,0,0,0,94,94,0,0,0,0,0,traj_sz=100
35.0375,2.4214,1.50429,-0.165453,2.44977,1.34867,0.0419845,0.0668114,95,95,0.0536098,0.0907021,-0.3491,0.173159,0,35.0375
35.0574,2.42238,1.50423,-0.167945,0,0,0,0,95,95,0,0,0,0,0,traj_sz=100
35.0575,2.42238,1.50423,-0.167945,2.44977,1.34867,0.0419845,0.0668114,95,95,0.0530103,0.0899569,-0.3491,0.172658,0,35.0575
35.0774,2.42453,1.50373,-0.169985,0,0,0,0,95,95,0,0,0,0,0,traj_sz=100
35.0775,2.42453,1.50373,-0.169985,2.44977,1.34867,0.0419845,0.0668114,95,95,0.051108,0.0880429,-0.3491,0.171255,0,35.0775
35.0974,2.42751,1.50384,-0.181266,0,0,0,0,95,95,0,0,0,0,0,traj_sz=100
35.0975,2.42751,1.50384,-0.181266,2.44977,1.34867,0.0419845,0.0668114,95,95,0.0498698,0.0852857,-0.3491,0.17006,0,35.0975
35.1173,2.42843,1.50312,-0.179109,0,0,0,0,95,95,0,0,0,0,0,traj_sz=100
35.1173,2.42843,1.50312,-0.179109,2.44977,1.34867,0.0419845,0.0668114,95,95,0.0485156,0.0846037,-0.3491,0.16902,0,35.1173
35.1374,2.43041,1.50314,-0.186536,0,0,0,0,95,95,0,0,0,0,0,traj_sz=100
35.1375,2.43041,1.50314,-0.186536,2.44977,1.34867,0.0419845,0.0668114,95,95,0.047669,0.0828429,-0.3491,0.168212,0,35.1375
35.1574,2.43124,1.5026,-0.18761,0,0,0,0,95,95,0,0,0,0,0,traj_sz=100
35.1575,2.43124,1.5026,-0.18761,2.44977,1.34867,0.0419845,0.0668114,95,95,0.0469157,0.0822503,-0.3491,0.16738,0,35.1575
35.1774,2.43312,1.50262,-0.194112,0,0,0,0,95,95,0,0,0,0,0,traj_sz=100
35.1776,2.43312,1.50262,-0.194112,2.44977,1.34867,0.0419845,0.0668114,95,95,0.0460364,0.0805951,-0.3491,0.166631,0,35.1776
35.1974,2.43593,1.50203,-0.199117,0,0,0,0,95,95,0,0,0,0,0,traj_sz=100
35.1975,2.43593,1.50203,-0.199117,2.44977,1.34867,0.0419845,0.0668114,95,95,0.0438984,0.0780097,-0.3491,0.164975,0,35.1975
35.2174,2.43682,1.50205,-0.203303,0,0,0,0,95,95,0,0,0,0,0,traj_sz=100
35.2175,2.43682,1.50205,-0.203303,2.44977,1.34867,0.0419845,0.0668114,95,95,0.0436472,0.0773384,-0.3491,0.164651,0,35.2175
35.2374,2.43857,1.50159,-0.207577,0,0,0,0,95,95,0,0,0,0,0,traj_sz=100
35.2377,2.43857,1.50159,-0.207577,2.44977,1.34867,0.0419845,0.0668114,95,95,0.0424742,0.0754308,-0.3491,0.163567,0,35.2377
35.2574,2.43942,1.50155,-0.206897,0,0,0,0,95,95,0,0,0,0,0,traj_sz=100
35.2575,2.43942,1.50155,-0.206897,2.44977,1.34867,0.0419845,0.0668114,95,95,0.0415378,0.074376,-0.3491,0.163214,0,35.2575
35.2774,2.44122,1.50142,-0.215378,0,0,0,0,95,95,0,0,0,0,0,traj_sz=100
35.2775,2.44122,1.50142,-0.215378,2.44977,1.34867,0.0419845,0.0668114,95,95,0.0409971,0.0723657,-0.3491,0.162429,0,35.2775
35.2974,2.44328,1.50079,-0.21658,0,0,0,0,95,95,0,0,0,0,0,traj_sz=100
35.2975,2.44328,1.50079,-0.21658,2.44977,1.34867,0.0419845,0.0668114,95,95,0.039026,0.0701025,-0.3491,0.161108,0,35.2975
35.3175,2.44415,1.50069,-0.221241,0,0,0,0,95,95,0,0,0,0,0,traj_sz=100
35.3176,2.44415,1.50069,-0.221241,2.44977,1.34867,0.0419845,0.0668114,95,95,0.0388444,0.069028,-0.3491,0.160706,0,35.3176
35.3374,2.44534,1.50038,-0.224711,0,0,0,0,95,95,0,0,0,0,0,traj_sz=100
35.3376,2.44534,1.50038,-0.224711,2.44977,1.34867,0.0419845,0.0668114,95,95,0.0381249,0.0676332,-0.3491,0.160002,0,35.3376
35.3574,2.44595,1.50035,-0.22424,0,0,0,0,95,95,0,0,0,0,0,traj_sz=100
35.3575,2.44595,1.50035,-0.22424,2.44977,1.34867,0.0419845,0.0668114,95,95,0.0374514,0.0668091,-0.3491,0.15977,0,35.3575
35.3773,2.44752,1.50016,-0.229346,0,0,0,0,95,95,0,0,0,0,0,traj_sz=100
35.3774,2.44752,1.50016,-0.229346,2.44977,1.34867,0.0419845,0.0668114,95,95,0.0366318,0.0650337,-0.3491,0.159069,0,35.3774
35.3974,2.44923,1.49956,-0.23386,0,0,0,0,95,95,0,0,0,0,0,traj_sz=100
35.3975,2.44923,1.49956,-0.23386,2.44977,1.34867,0.0419845,0.0668114,95,95,0.0354926,0.0631186,-0.3491,0.157945,0,35.3975
35.4174,2.44982,1.49948,-0.234801,0,0,0,0,95,95,0,0,0,0,0,traj_sz=100
35.4175,2.44982,1.49948,-0.234801,2.44977,1.34867,0.0419845,0.0668114,95,95,0.0350407,0.0623212,-0.3491,0.157681,0,35.4175
35.4374,2.45118,1.49935,-0.239623,0,0,0,0,95,95,0,0,0,0,0,traj_sz=100
35.4375,2.45118,1.49935,-0.239623,2.44977,1.34867,0.0419845,0.0668114,95,95,0.0343916,0.0607469,-0.3491,0.157128,0,35.4375
35.4574,2.4517,1.49893,-0.235619,0,0,0,0,95,95,0,0,0,0,0,traj_sz=100
35.4575,2.4517,1.49893,-0.235619,2.44977,1.34867,0.0419845,0.0668114,95,95,0.033201,0.0600203,-0.3491,0.156569,0,35.4575
35.4774,2.45301,1.49884,-0.241343,0,0,0,0,95,95,0,0,0,0,0,traj_sz=100
35.4775,2.45301,1.49884,-0.241343,2.44977,1.34867,0.0419845,0.0668114,95,95,0.0327475,0.0585013,-0.3491,0.156084,0,35.4775
35.4974,2.45475,1.49828,-0.248605,0,0,0,0,95,95,0,0,0,0,0,traj_sz=100
35.4975,2.45475,1.49828,-0.248605,2.44977,1.34867,0.0419845,0.0668114,95,95,0.0319813,0.0565479,-0.3491,0.155032,0,35.4975
35.5175,2.45518,1.49838,-0.250896,0,0,0,0,95,95,0,0,0,0,0,traj_sz=100
35.5176,2.45518,1.49838,-0.250896,2.44977,1.34867,0.0419845,0.0668114,95,95,0.0319296,0.0559117,-0.3491,0.154998,0,35.5176
35.5374,2.4568,1.49823,-0.254292,0,0,0,0,95,95,0,0,0,0,0,traj_sz=100
35.5375,2.4568,1.49823,-0.254292,2.47426,1.3497,0.016649,0.0424653,96,96,0.0542615,0.0540771,-0.3491,0.154399,0,35.5375
35.5574,2.45723,1.49789,-0.255189,0,0,0,0,96,96,0,0,0,0,0,traj_sz=100
35.5576,2.45723,1.49789,-0.255189,2.47426,1.3497,0.016649,0.0424653,96,96,0.0538822,0.0534342,-0.3491,0.153949,0,35.5576
35.5773,2.45831,1.49778,-0.256587,0,0,0,0,96,96,0,0,0,0,0,traj_sz=100
35.5775,2.45831,1.49778,-0.256587,2.47426,1.3497,0.016649,0.0424653,96,96,0.0530114,0.0521518,-0.3491,0.153547,0,35.5775
35.5974,2.45973,1.49722,-0.258212,0,0,0,0,96,96,0,0,0,0,0,traj_sz=100
35.5976,2.45973,1.49722,-0.258212,2.47426,1.3497,0.016649,0.0424653,96,96,0.0517198,0.0504416,-0.3491,0.152632,0,35.5976
35.6173,2.46071,1.49708,-0.263096,0,0,0,0,96,96,0,0,0,0,0,traj_sz=100
35.6175,2.46071,1.49708,-0.263096,2.47426,1.3497,0.016649,0.0424653,96,96,0.0514141,0.0491179,-0.3491,0.152239,0,35.6175
35.6374,2.46136,1.49711,-0.263298,0,0,0,0,96,96,0,0,0,0,0,traj_sz=100
35.6375,2.46136,1.49711,-0.263298,2.47426,1.3497,0.016649,0.0424653,96,96,0.0508196,0.0481198,-0.3491,0.152097,0,35.6375
35.6574,2.46197,1.49675,-0.262212,0,0,0,0,96,96,0,0,0,0,0,traj_sz=100
35.6575,2.46197,1.49675,-0.262212,2.47426,1.3497,0.016649,0.0424653,96,96,0.0499884,0.0471668,-0.3491,0.151596,0,35.6575
35.6775,2.46282,1.49651,-0.265891,0,0,0,0,96,96,0,0,0,0,0,traj_sz=100
35.6776,2.46282,1.49651,-0.265891,2.47426,1.3497,0.016649,0.0424653,96,96,0.0496164,0.0459703,-0.3491,0.151155,0,35.6776
35.6974,2.46444,1.49632,-0.272215,0,0,0,0,96,96,0,0,0,0,0,traj_sz=100
35.6974,2.46444,1.49632,-0.272215,2.47426,1.3497,0.016649,0.0424653,96,96,0.048877,0.0440041,-0.3491,0.150575,0,35.6974
35.7174,2.46457,1.49604,-0.272461,0,0,0,0,96,96,0,0,0,0,0,traj_sz=100
35.7176,2.46457,1.49604,-0.272461,2.47426,1.3497,0.016649,0.0424653,96,96,0.0487089,0.0435239,-0.3491,0.150277,0,35.7176
35.7375,2.46532,1.49588,-0.271659,0,0,0,0,96,96,0,0,0,0,0,traj_sz=100
35.7376,2.46532,1.49588,-0.271659,2.47426,1.3497,0.016649,0.0424653,96,96,0.0478396,0.0424342,-0.3491,0.149948,0,35.7376
35.7574,2.46602,1.49573,-0.274693,0,0,0,0,96,96,0,0,0,0,0,traj_sz=100
35.7575,2.46602,1.49573,-0.274693,2.47426,1.3497,0.016649,0.0424653,96,96,0.0475394,0.0413845,-0.3491,0.149638,0,35.7575
35.7774,2.46667,1.49574,-0.274775,0,0,0,0,96,96,0,0,0,0,0,traj_sz=100
35.7775,2.46667,1.49574,-0.274775,2.47426,1.3497,0.016649,0.0424653,96,96,0.046928,0.0403886,-0.3491,0.1495,0,35.7775
35.7975,2.46788,1.49545,-0.280418,0,0,0,0,96,96,0,0,0,0,0,traj_sz=100
35.7976,2.46788,1.49545,-0.280418,2.47426,1.3497,0.016649,0.0424653,96,96,0.0464653,0.03883,-0.3491,0.148955,0,35.7976
35.8174,2.46866,1.49532,-0.28197,0,0,0,0,96,96,0,0,0,0,0,traj_sz=100
35.8175,2.46866,1.49532,-0.28197,2.47426,1.3497,0.016649,0.0424653,96,96,0.0458948,0.0377057,-0.3491,0.14866,0,35.8175
35.8373,2.46933,1.49525,-0.28409,0,0,0,0,96,96,0,0,0,0,0,traj_sz=100
35.8374,2.46933,1.49525,-0.28409,2.47426,1.3497,0.016649,0.0424653,96,96,0.0455232,0.03669,-0.3491,0.148449,0,35.8374
35.8575,2.46951,1.49487,-0.282802,0,0,0,0,96,96,0,0,0,0,0,traj_sz=100
35.8576,2.46951,1.49487,-0.282802,2.47426,1.3497,0.016649,0.0424653,96,96,0.0450721,0.0361662,-0.3491,0.148045,0,35.8576
35.8774,2.47029,1.49474,-0.285755,0,0,0,0,96,96,0,0,0,0,0,traj_sz=100
35.8776,2.47029,1.49474,-0.285755,2.47426,1.3497,0.016649,0.0424653,96,96,0.0446942,0.0350395,-0.3491,0.147759,0,35.8776
35.8974,2.47169,1.49428,-0.286438,0,0,0,0,96,96,0,0,0,0,0,traj_sz=100
35.8975,2.47169,1.49428,-0.286438,2.47426,1.3497,0.016649,0.0424653,96,96,0.0433132,0.0332924,-0.3491,0.14703,0,35.8975
35.9174,2.47169,1.49414,-0.285614,0,0,0,0,96,96,0,0,0,0,0,traj_sz=100
35.9175,2.47169,1.49414,-0.285614,2.47426,1.3497,0.016649,0.0424653,96,96,0.0431625,0.0329495,-0.3491,0.146893,0,35.9175
35.9376,2.47254,1.4942,-0.291324,0,0,0,0,96,96,0,0,0,0,0,traj_sz=100
35.9378,2.47254,1.4942,-0.291324,2.47426,1.3497,0.016649,0.0424653,96,96,0.0431505,0.031746,-0.3491,0.146791,0,35.9378
35.9574,2.47256,1.49415,-0.291722,0,0,0,0,96,96,0,0,0,0,0,traj_sz=100
35.9575,2.47256,1.49415,-0.291722,2.47426,1.3497,0.016649,0.0424653,96,96,0.0431745,0.0314137,-0.3491,0.146741,0,35.9575
35.9774,2.47323,1.49391,-0.291703,0,0,0,0,96,96,0,0,0,0,0,traj_sz=100
35.9776,2.47323,1.49391,-0.291703,2.47426,1.3497,0.016649,0.0424653,96,96,0.0424579,0.0305201,-0.3491,0.146381,0,35.9776
35.9973,2.47412,1.49365,-0.293231,0,0,0,0,96,96,0,0,0,0,0,traj_sz=100
35.9974,2.47412,1.49365,-0.293231,2.47426,1.3497,0.016649,0.0424653,96,96,0.0417428,0.0294149,-0.3491,0.145963,0,35.9974
36.0175,2.47462,1.49344,-0.29622,0,0,0,0,96,96,0,0,0,0,0,traj_sz=100
36.0178,2.47462,1.49344,-0.29622,2.47426,1.3497,0.016649,0.0424653,96,96,0.0416099,0.0286877,-0.3491,0.145667,0,36.0178
36.0373,2.47505,1.49346,-0.296561,0,0,0,0,96,96,0,0,0,0,0,traj_sz=100
36.0376,2.47505,1.49346,-0.296561,2.47426,1.3497,0.016649,0.0424653,96,96,0.0412532,0.028042,-0.3491,0.145611,0,36.0376
36.0574,2.47523,1.49362,-0.301111,0,0,0,0,96,96,0,0,0,0,0,traj_sz=100
36.0575,2.47523,1.49362,-0.301111,2.47426,1.3497,0.016649,0.0424653,96,96,0.0417563,0.027644,-0.3491,0.145743,0,36.0575
36.0775,2.47593,1.49305,-0.299123,0,0,0,0,96,96,0,0,0,0,0,traj_sz=100
36.0776,2.47593,1.49305,-0.299123,2.47426,1.3497,0.016649,0.0424653,96,96,0.0406485,0.0267299,-0.3491,0.145057,0,36.0776
36.0974,2.47664,1.49303,-0.303396,0,0,0,0,96,96,0,0,0,0,0,traj_sz=100
36.0976,2.47664,1.49303,-0.303396,2.47426,1.3497,0.016649,0.0424653,96,96,0.0405492,0.0257975,-0.3491,0.144921,0,36.0976
36.1175,2.47699,1.49289,-0.301072,0,0,0,0,96,96,0,0,0,0,0,traj_sz=100
36.1176,2.47699,1.49289,-0.301072,2.47426,1.3497,0.016649,0.0424653,96,96,0.039855,0.0252292,-0.3491,0.144728,0,36.1176
36.1375,2.47773,1.49275,-0.30277,0,0,0,0,96,96,0,0,0,0,0,traj_sz=100
36.1377,2.47773,1.49275,-0.30277,2.47426,1.3497,0.016649,0.0424653,96,96,0.0393411,0.0242682,-0.3491,0.144479,0,36.1377
36.1575,2.47797,1.4928,-0.305831,0,0,0,0,96,96,0,0,0,0,0,traj_sz=100
36.1577,2.47797,1.4928,-0.305831,2.47426,1.3497,0.016649,0.0424653,96,96,0.0395465,0.0238085,-0.3491,0.144492,0,36.1577
36.1776,2.47822,1.4929,-0.309721,0,0,0,0,96,96,0,0,0,0,0,traj_sz=100
36.1777,2.47822,1.4929,-0.309721,2.47426,1.3497,0.016649,0.0424653,96,96,0.0398714,0.0233357,-0.3491,0.144551,0,36.1777
36.1975,2.47887,1.49226,-0.303948,0,0,0,0,96,96,0,0,0,0,0,traj_sz=100
36.1978,2.47887,1.49226,-0.303948,2.47426,1.3497,0.016649,0.0424653,96,96,0.0382736,0.0224743,-0.3491,0.143825,0,36.1978
36.2174,2.47906,1.49236,-0.309393,0,0,0,0,96,96,0,0,0,0,0,traj_sz=100
36.2175,2.47906,1.49236,-0.309393,2.47426,1.3497,0.016649,0.0424653,96,96,0.0388625,0.0220611,-0.3491,0.143891,0,36.2175
36.2374,2.47933,1.49227,-0.309453,0,0,0,0,96,96,0,0,0,0,0,traj_sz=100
36.2375,2.47933,1.49227,-0.309453,2.47426,1.3497,0.016649,0.0424653,96,96,0.0385885,0.021574,-0.3491,0.143763,0,36.2375
36.2575,2.47973,1.49231,-0.309753,0,0,0,0,96,96,0,0,0,0,0,traj_sz=100
36.2577,2.47973,1.49231,-0.309753,2.48984,1.34996,0.00460975,0.0212049,97,97,0.053018,0.0209523,-0.3491,0.143742,0,36.2577
36.2774,2.48011,1.49223,-0.313955,0,0,0,0,97,97,0,0,0,0,0,traj_sz=100
36.2777,2.48011,1.49223,-0.313955,2.48984,1.34996,0.00460975,0.0212049,97,97,0.0531917,0.0203555,-0.3491,0.143614,0,36.2777
36.2975,2.48049,1.49236,-0.318849,0,0,0,0,97,97,0,0,0,0,0,traj_sz=100
36.2976,2.48049,1.49236,-0.318849,2.48984,1.34996,0.00460975,0.0212049,97,97,0.0535169,0.0197542,-0.3491,0.143694,0,36.2976
36.3174,2.48059,1.49218,-0.318086,0,0,0,0,97,97,0,0,0,0,0,traj_sz=100
36.3175,2.48059,1.49218,-0.318086,2.48984,1.34996,0.00460975,0.0212049,97,97,0.053268,0.0194393,-0.3491,0.143502,0,36.3175
36.3375,2.48071,1.49227,-0.319436,0,0,0,0,97,97,0,0,0,0,0,traj_sz=100
36.3377,2.48071,1.49227,-0.319436,2.48984,1.34996,0.00460975,0.0212049,97,97,0.0533612,0.0192947,-0.3491,0.143569,0,36.3377
36.3575,2.48071,1.49227,-0.319436,0,0,0,0,97,97,0,0,0,0,0,traj_sz=100
36.3577,2.48071,1.49227,-0.319436,2.48984,1.34996,0.00460975,0.0212049,97,97,0.0533612,0.0192947,-0.3491,0.143569,0,36.3577
36.3774,2.48071,1.49227,-0.319436,0,0,0,0,97,97,0,0,0,0,0,traj_sz=100
36.3775,2.48071,1.49227,-0.319436,2.48984,1.34996,0.00460975,0.0212049,97,97,0.0533612,0.0192947,-0.3491,0.143569,0,36.3775
36.3973,2.48071,1.49227,-0.319436,0,0,0,0,97,97,0,0,0,0,0,traj_sz=100
36.3974,2.48071,1.49227,-0.319436,2.48984,1.34996,0.00460975,0.0212049,97,97,0.0533612,0.0192947,-0.3491,0.143569,0,36.3974
36.4176,2.48071,1.49227,-0.319436,0,0,0,0,97,97,0,0,0,0,0,traj_sz=100
36.4177,2.48071,1.49227,-0.319436,2.48984,1.34996,0.00460975,0.0212049,97,97,0.0533612,0.0192947,-0.3491,0.143569,0,36.4177
36.4374,2.48089,1.49224,-0.319143,0,0,0,0,97,97,0,0,0,0,0,traj_sz=100
36.4377,2.48089,1.49224,-0.319143,2.48984,1.34996,0.00460975,0.0212049,97,97,0.0531354,0.0191079,-0.3491,0.143513,0,36.4377
36.4575,2.48089,1.49224,-0.319143,0,0,0,0,97,97,0,0,0,0,0,traj_sz=100
36.4577,2.48089,1.49224,-0.319143,2.48984,1.34996,0.00460975,0.0212049,97,97,0.0531354,0.0191079,-0.3491,0.143513,0,36.4577
36.4774,2.48103,1.4923,-0.319978,0,0,0,0,97,97,0,0,0,0,0,traj_sz=100
36.4775,2.48103,1.4923,-0.319978,2.48984,1.34996,0.00460975,0.0212049,97,97,0.0531349,0.0189683,-0.3491,0.143563,0,36.4775
36.4973,2.48125,1.49169,-0.314513,0,0,0,0,97,97,0,0,0,0,0,traj_sz=100
36.4974,2.48125,1.49169,-0.314513,2.48984,1.34996,0.00460975,0.0212049,97,97,0.052009,0.0187451,-0.3491,0.142926,0,36.4974
36.5174,2.48131,1.49168,-0.318088,0,0,0,0,97,97,0,0,0,0,0,traj_sz=100
36.5178,2.48131,1.49168,-0.318088,2.48984,1.34996,0.00460975,0.0212049,97,97,0.0524296,0.0186948,-0.3491,0.142908,0,36.5178
36.5373,2.4817,1.49186,-0.320931,0,0,0,0,97,97,0,0,0,0,0,traj_sz=100
36.5374,2.4817,1.49186,-0.320931,2.48984,1.34996,0.00460975,0.0212049,97,97,0.0524917,0.0183037,-0.3491,0.143041,0,36.5374
36.5573,2.48172,1.49181,-0.321375,0,0,0,0,97,97,0,0,0,0,0,traj_sz=100
36.5574,2.48172,1.49181,-0.321375,2.48984,1.34996,0.00460975,0.0212049,97,97,0.0525142,0.0182825,-0.3491,0.142988,0,36.5574
36.5774,2.48176,1.49184,-0.321648,0,0,0,0,97,97,0,0,0,0,0,traj_sz=100
36.5776,2.48176,1.49184,-0.321648,2.48984,1.34996,0.00460975,0.0212049,97,97,0.052516,0.018238,-0.3491,0.143007,0,36.5776
36.5974,2.48208,1.49174,-0.321728,0,0,0,0,97,97,0,0,0,0,0,traj_sz=100
36.5975,2.48208,1.49174,-0.321728,2.48984,1.34996,0.00460975,0.0212049,97,97,0.0521926,0.0179189,-0.3491,0.142868,0,36.5975
36.6173,2.48219,1.49169,-0.322303,0,0,0,0,97,97,0,0,0,0,0,traj_sz=100
36.6174,2.48219,1.49169,-0.322303,2.48984,1.34996,0.00460975,0.0212049,97,97,0.0521452,0.0178064,-0.3491,0.142802,0,36.6174
36.6374,2.4822,1.49164,-0.3229,0,0,0,0,97,97,0,0,0,0,0,traj_sz=100
36.6375,2.4822,1.49164,-0.3229,2.48984,1.34996,0.00460975,0.0212049,97,97,0.0522065,0.0178042,-0.3491,0.142754,0,36.6375
36.6573,2.48218,1.49152,-0.323014,0,0,0,0,97,97,0,0,0,0,0,traj_sz=100
36.6574,2.48218,1.49152,-0.323014,2.48984,1.34996,0.00460975,0.0212049,97,97,0.0522013,0.017822,-0.3491,0.14264,0,36.6574
36.6774,2.48218,1.49152,-0.323014,0,0,0,0,97,97,0,0,0,0,0,traj_sz=100
36.6777,2.48218,1.49152,-0.323014,2.48984,1.34996,0.00460975,0.0212049,97,97,0.0522013,0.017822,-0.3491,0.14264,0,36.6777
36.6974,2.48233,1.49153,-0.324927,0,0,0,0,97,97,0,0,0,0,0,traj_sz=100
36.6975,2.48233,1.49153,-0.324927,2.48984,1.34996,0.00460975,0.0212049,97,97,0.0523157,0.0176748,-0.3491,0.142628,0,36.6975
36.7175,2.48233,1.49153,-0.324927,0,0,0,0,97,97,0,0,0,0,0,traj_sz=100
36.7176,2.48233,1.49153,-0.324927,2.48984,1.34996,0.00460975,0.0212049,97,97,0.0523157,0.0176748,-0.3491,0.142628,0,36.7176
36.7375,2.48233,1.49168,-0.323651,0,0,0,0,97,97,0,0,0,0,0,traj_sz=100
36.7377,2.48233,1.49168,-0.323651,2.48984,1.34996,0.00460975,0.0212049,97,97,0.0521931,0.0176707,-0.3491,0.142781,0,36.7377
36.7575,2.48233,1.49155,-0.324841,0,0,0,0,97,97,0,0,0,0,0,traj_sz=100
36.7577,2.48233,1.49155,-0.324841,2.48984,1.34996,0.00460975,0.0212049,97,97,0.0523093,0.0176726,-0.3491,0.142649,0,36.7577
36.7774,2.48233,1.4917,-0.32359,0,0,0,0,97,97,0,0,0,0,0,traj_sz=100
36.7775,2.48233,1.4917,-0.32359,2.48984,1.34996,0.00460975,0.0212049,97,97,0.0521886,0.0176687,-0.3491,0.142798,0,36.7775
36.7974,2.48234,1.49163,-0.32483,0,0,0,0,97,97,0,0,0,0,0,traj_sz=100
36.7975,2.48234,1.49163,-0.32483,2.48984,1.34996,0.00460975,0.0212049,97,97,0.0523207,0.0176594,-0.3491,0.142726,0,36.7975
36.8174,2.48233,1.49169,-0.32381,0,0,0,0,97,97,0,0,0,0,0,traj_sz=100
36.8175,2.48233,1.49169,-0.32381,2.48984,1.34996,0.00460975,0.0212049,97,97,0.0522122,0.017667,-0.3491,0.142786,0,36.8175
36.8374,2.48233,1.49154,-0.324893,0,0,0,0,97,97,0,0,0,0,0,traj_sz=100
36.8376,2.48233,1.49154,-0.324893,2.48984,1.34996,0.00460975,0.0212049,97,97,0.0523136,0.0176736,-0.3491,0.142638,0,36.8376
36.8574,2.48233,1.49168,-0.323734,0,0,0,0,97,97,0,0,0,0,0,traj_sz=100
36.8575,2.48233,1.49168,-0.323734,2.48984,1.34996,0.00460975,0.0212049,97,97,0.0522024,0.0176692,-0.3491,0.14278,0,36.8575
36.8775,2.48233,1.49168,-0.323734,0,0,0,0,97,97,0,0,0,0,0,traj_sz=100
36.8776,2.48233,1.49168,-0.323734,2.48984,1.34996,0.00460975,0.0212049,97,97,0.0522024,0.0176692,-0.3491,0.14278,0,36.8776
36.8973,2.48233,1.49168,-0.323734,0,0,0,0,97,97,0,0,0,0,0,traj_sz=100
36.8975,2.48233,1.49168,-0.323734,2.48984,1.34996,0.00460975,0.0212049,97,97,0.0522024,0.0176692,-0.3491,0.14278,0,36.8975
36.9174,2.48233,1.49168,-0.323734,0,0,0,0,97,97,0,0,0,0,0,traj_sz=100
36.9175,2.48233,1.49168,-0.323734,2.48984,1.34996,0.00460975,0.0212049,97,97,0.0522024,0.0176692,-0.3491,0.14278,0,36.9175
36.9374,2.48233,1.49168,-0.323734,0,0,0,0,97,97,0,0,0,0,0,traj_sz=100
36.9376,2.48233,1.49168,-0.323734,2.48984,1.34996,0.00460975,0.0212049,97,97,0.0522024,0.0176692,-0.3491,0.14278,0,36.9376
36.9574,2.48233,1.49168,-0.323734,0,0,0,0,97,97,0,0,0,0,0,traj_sz=100
36.9575,2.48233,1.49168,-0.323734,2.48984,1.34996,0.00460975,0.0212049,97,97,0.0522024,0.0176692,-0.3491,0.14278,0,36.9575
36.9774,2.48233,1.49168,-0.323734,0,0,0,0,97,97,0,0,0,0,0,traj_sz=100
36.9776,2.48233,1.49168,-0.323734,2.48984,1.34996,0.00460975,0.0212049,97,97,0.0522024,0.0176692,-0.3491,0.14278,0,36.9776
36.9975,2.48233,1.49154,-0.324974,0,0,0,0,97,97,0,0,0,0,0,traj_sz=100
36.9976,2.48233,1.49154,-0.324974,2.48984,1.34996,0.00460975,0.0212049,97,97,0.0523235,0.0176716,-0.3491,0.142641,0,36.9976
37.0175,2.48233,1.49168,-0.323801,0,0,0,0,97,97,0,0,0,0,0,traj_sz=100
37.0176,2.48233,1.49168,-0.323801,2.48984,1.34996,0.00460975,0.0212049,97,97,0.0522105,0.017668,-0.3491,0.142781,0,37.0176
37.0374,2.48233,1.49154,-0.324986,0,0,0,0,97,97,0,0,0,0,0,traj_sz=100
37.0375,2.48233,1.49154,-0.324986,2.48984,1.34996,0.00460975,0.0212049,97,97,0.0523247,0.0176714,-0.3491,0.142641,0,37.0375
37.0574,2.48234,1.49164,-0.324901,0,0,0,0,97,97,0,0,0,0,0,traj_sz=100
37.0575,2.48234,1.49164,-0.324901,2.48984,1.34996,0.00460975,0.0212049,97,97,0.0523298,0.017657,-0.3491,0.142732,0,37.0575
37.0775,2.48234,1.49169,-0.323886,0,0,0,0,97,97,0,0,0,0,0,traj_sz=100
37.0776,2.48234,1.49169,-0.323886,2.48984,1.34996,0.00460975,0.0212049,97,97,0.0522219,0.0176646,-0.3491,0.142792,0,37.0776
37.0974,2.48234,1.49169,-0.323886,0,0,0,0,97,97,0,0,0,0,0,traj_sz=100
37.0975,2.48234,1.49169,-0.323886,2.48984,1.34996,0.00460975,0.0212049,97,97,0.0522219,0.0176646,-0.3491,0.142792,0,37.0975
37.1174,2.48233,1.49154,-0.324978,0,0,0,0,97,97,0,0,0,0,0,traj_sz=100
37.1175,2.48233,1.49154,-0.324978,2.48984,1.34996,0.00460975,0.0212049,97,97,0.0523239,0.0176714,-0.3491,0.142642,0,37.1175
37.1375,2.48233,1.49155,-0.324974,0,0,0,0,97,97,0,0,0,0,0,traj_sz=100
37.1376,2.48233,1.49155,-0.324974,2.48984,1.34996,0.00460975,0.0212049,97,97,0.0523243,0.0176709,-0.3491,0.142646,0,37.1376
37.1575,2.48233,1.49155,-0.324974,0,0,0,0,97,97,0,0,0,0,0,traj_sz=100
37.1577,2.48233,1.49155,-0.324974,2.48984,1.34996,0.00460975,0.0212049,97,97,0.0523243,0.0176709,-0.3491,0.142646,0,37.1577
37.1774,2.48233,1.49155,-0.324974,0,0,0,0,97,97,0,0,0,0,0,traj_sz=100
37.1775,2.48233,1.49155,-0.324974,2.48984,1.34996,0.00460975,0.0212049,97,97,0.0523243,0.0176709,-0.3491,0.142646,0,37.1775
37.1976,2.48248,1.49157,-0.326179,0,0,0,0,97,97,0,0,0,0,0,traj_sz=100
37.1978,2.48248,1.49157,-0.326179,2.48984,1.34996,0.00460975,0.0212049,97,97,0.0523453,0.0175188,-0.3491,0.142647,0,37.1978
37.2175,2.48262,1.49167,-0.326699,0,0,0,0,97,97,0,0,0,0,0,traj_sz=100
37.2176,2.48262,1.49167,-0.326699,2.48984,1.34996,0.00460975,0.0212049,97,97,0.0523152,0.0173782,-0.3491,0.142736,0,37.2176
37.2373,2.48294,1.49172,-0.330841,0,0,0,0,97,97,0,0,0,0,0,traj_sz=100
37.2375,2.48294,1.49172,-0.330841,2.48984,1.34996,0.00460975,0.0212049,97,97,0.0525779,0.0170642,-0.3491,0.142741,0,37.2375
37.2574,2.48315,1.49159,-0.329246,0,0,0,0,97,97,0,0,0,0,0,traj_sz=100
37.2576,2.48315,1.49159,-0.329246,2.48984,1.34996,0.00460975,0.0212049,97,97,0.0521277,0.0168525,-0.3491,0.142594,0,37.2576
37.2774,2.48358,1.49168,-0.334026,0,0,0,0,97,97,0,0,0,0,0,traj_sz=100
37.2775,2.48358,1.49168,-0.334026,2.48984,1.34996,0.00460975,0.0212049,97,97,0.0523723,0.0164165,-0.3491,0.142624,0,37.2775
37.2975,2.48394,1.49106,-0.333099,0,0,0,0,97,97,0,0,0,0,0,traj_sz=100
37.2976,2.48394,1.49106,-0.333099,2.48984,1.34996,0.00460975,0.0212049,97,97,0.0517081,0.0160559,-0.3491,0.141972,0,37.2976
37.3175,2.48406,1.49096,-0.332674,0,0,0,0,97,97,0,0,0,0,0,traj_sz=100
37.3176,2.48406,1.49096,-0.332674,2.48984,1.34996,0.00460975,0.0212049,97,97,0.0515132,0.0159436,-0.3491,0.141859,0,37.3176
37.3374,2.48435,1.49108,-0.334313,0,0,0,0,97,97,0,0,0,0,0,traj_sz=100
37.3375,2.48435,1.49108,-0.334313,2.48984,1.34996,0.00460975,0.0212049,97,97,0.0514899,0.0156511,-0.3491,0.141941,0,37.3375
37.3573,2.48456,1.49118,-0.339655,0,0,0,0,97,97,0,0,0,0,0,traj_sz=100
37.3574,2.48456,1.49118,-0.339655,2.48984,1.34996,0.00460975,0.0212049,97,97,0.0520279,0.0154402,-0.3491,0.142022,0,37.3574
37.3774,2.48455,1.4911,-0.339745,0,0,0,0,97,97,0,0,0,0,0,traj_sz=100
37.3776,2.48455,1.4911,-0.339745,2.48984,1.34996,0.00460975,0.0212049,97,97,0.0520258,0.0154539,-0.3491,0.141944,0,37.3776
37.3974,2.48487,1.49085,-0.337111,0,0,0,0,97,97,0,0,0,0,0,traj_sz=100
37.3975,2.48487,1.49085,-0.337111,2.48984,1.34996,0.00460975,0.0212049,97,97,0.0512966,0.0151345,-0.3491,0.141664,0,37.3975
37.4173,2.4851,1.49097,-0.339176,0,0,0,0,97,97,0,0,0,0,0,traj_sz=100
37.4175,2.4851,1.49097,-0.339176,2.48984,1.34996,0.00460975,0.0212049,97,97,0.0513855,0.0148992,-0.3491,0.141758,0,37.4175
37.4374,2.4853,1.49075,-0.336981,0,0,0,0,97,97,0,0,0,0,0,traj_sz=100
37.4375,2.4853,1.49075,-0.336981,2.48984,1.34996,0.00460975,0.0212049,97,97,0.0508337,0.0146995,-0.3491,0.141512,0,37.4375
37.4574,2.48541,1.49053,-0.337084,0,0,0,0,97,97,0,0,0,0,0,traj_sz=100
37.4575,2.48541,1.49053,-0.337084,2.48984,1.34996,0.00460975,0.0212049,97,97,0.0506668,0.0145852,-0.3491,0.141282,0,37.4575
37.4773,2.48568,1.49058,-0.340242,0,0,0,0,97,97,0,0,0,0,0,traj_sz=100
37.4774,2.48568,1.49058,-0.340242,2.48984,1.34996,0.00460975,0.0212049,97,97,0.0508486,0.0143193,-0.3491,0.141309,0,37.4774
37.4974,2.48609,1.4906,-0.34348,0,0,0,0,97,97,0,0,0,0,0,traj_sz=100
37.4975,2.48609,1.4906,-0.34348,2.48984,1.34996,0.00460975,0.0212049,97,97,0.0508892,0.013905,-0.3491,0.141286,0,37.4975
37.5175,2.4862,1.49062,-0.343954,0,0,0,0,97,97,0,0,0,0,0,traj_sz=100
37.5176,2.4862,1.49062,-0.343954,2.48984,1.34996,0.00460975,0.0212049,97,97,0.0508629,0.0138037,-0.3491,0.141297,0,37.5176
37.5375,2.48622,1.49057,-0.344356,0,0,0,0,97,97,0,0,0,0,0,traj_sz=100
37.5376,2.48622,1.49057,-0.344356,2.48984,1.34996,0.00460975,0.0212049,97,97,0.0508815,0.0137842,-0.3491,0.141249,0,37.5376
37.5575,2.48622,1.49057,-0.344356,0,0,0,0,97,97,0,0,0,0,0,traj_sz=100
37.5576,2.48622,1.49057,-0.344356,2.48984,1.34996,0.00460975,0.0212049,97,97,0.0508815,0.0137842,-0.3491,0.141249,0,37.5576
37.5774,2.48635,1.49047,-0.34256,0,0,0,0,97,97,0,0,0,0,0,traj_sz=100
37.5775,2.48635,1.49047,-0.34256,2.48984,1.34996,0.00460975,0.0212049,97,97,0.0504839,0.0136504,-0.3491,0.141129,0,37.5775
37.5974,2.48635,1.49047,-0.34256,0,0,0,0,97,97,0,0,0,0,0,traj_sz=100
37.5975,2.48635,1.49047,-0.34256,2.48984,1.34996,0.00460975,0.0212049,97,97,0.0504839,0.0136504,-0.3491,0.141129,0,37.5975
37.6175,2.48635,1.49047,-0.34256,0,0,0,0,97,97,0,0,0,0,0,traj_sz=100
37.6176,2.48635,1.49047,-0.34256,2.48984,1.34996,0.00460975,0.0212049,97,97,0.0504839,0.0136504,-0.3491,0.141129,0,37.6176
37.6374,2.48635,1.49047,-0.34256,0,0,0,0,97,97,0,0,0,0,0,traj_sz=100
37.6376,2.48635,1.49047,-0.34256,2.48984,1.34996,0.00460975,0.0212049,97,97,0.0504839,0.0136504,-0.3491,0.141129,0,37.6376
37.6575,2.48635,1.49047,-0.34256,0,0,0,0,97,97,0,0,0,0,0,traj_sz=100
37.6576,2.48635,1.49047,-0.34256,2.48984,1.34996,0.00460975,0.0212049,97,97,0.0504839,0.0136504,-0.3491,0.141129,0,37.6576
37.6775,2.48635,1.49047,-0.34256,0,0,0,0,97,97,0,0,0,0,0,traj_sz=100
37.6776,2.48635,1.49047,-0.34256,2.48984,1.34996,0.00460975,0.0212049,97,97,0.0504839,0.0136504,-0.3491,0.141129,0,37.6776
37.6974,2.48635,1.49047,-0.34256,0,0,0,0,97,97,0,0,0,0,0,traj_sz=100
37.6975,2.48635,1.49047,-0.34256,2.48984,1.34996,0.00460975,0.0212049,97,97,0.0504839,0.0136504,-0.3491,0.141129,0,37.6975
37.7174,2.48635,1.49047,-0.34256,0,0,0,0,97,97,0,0,0,0,0,traj_sz=100
37.7175,2.48635,1.49047,-0.34256,2.48984,1.34996,0.00460975,0.0212049,97,97,0.0504839,0.0136504,-0.3491,0.141129,0,37.7175
37.7374,2.48635,1.49047,-0.34256,0,0,0,0,97,97,0,0,0,0,0,traj_sz=100
37.7375,2.48635,1.49047,-0.34256,2.48984,1.34996,0.00460975,0.0212049,97,97,0.0504839,0.0136504,-0.3491,0.141129,0,37.7375
37.7574,2.48635,1.49047,-0.34256,0,0,0,0,97,97,0,0,0,0,0,traj_sz=100
37.7574,2.48635,1.49047,-0.34256,2.48984,1.34996,0.00460975,0.0212049,97,97,0.0504839,0.0136504,-0.3491,0.141129,0,37.7574
37.7774,2.48635,1.49047,-0.34256,0,0,0,0,97,97,0,0,0,0,0,traj_sz=100
37.7775,2.48635,1.49047,-0.34256,2.48984,1.34996,0.00460975,0.0212049,97,97,0.0504839,0.0136504,-0.3491,0.141129,0,37.7775
37.7974,2.48635,1.49047,-0.34256,0,0,0,0,97,97,0,0,0,0,0,traj_sz=100
37.7976,2.48635,1.49047,-0.34256,2.48984,1.34996,0.00460975,0.0212049,97,97,0.0504839,0.0136504,-0.3491,0.141129,0,37.7976
37.8173,2.48636,1.4904,-0.343589,0,0,0,0,97,97,0,0,0,0,0,traj_sz=100
37.8174,2.48636,1.4904,-0.343589,2.48984,1.34996,0.00460975,0.0212049,97,97,0.0505898,0.0136421,-0.3491,0.141065,0,37.8174
37.8373,2.48636,1.4904,-0.343589,0,0,0,0,97,97,0,0,0,0,0,traj_sz=100
37.8374,2.48636,1.4904,-0.343589,2.48984,1.34996,0.00460975,0.0212049,97,97,0.0505898,0.0136421,-0.3491,0.141065,0,37.8374
37.8576,2.48636,1.4904,-0.343589,0,0,0,0,97,97,0,0,0,0,0,traj_sz=100
37.8577,2.48636,1.4904,-0.343589,2.48984,1.34996,0.00460975,0.0212049,97,97,0.0505898,0.0136421,-0.3491,0.141065,0,37.8577
37.8774,2.48636,1.4904,-0.343589,0,0,0,0,97,97,0,0,0,0,0,traj_sz=100
37.8775,2.48636,1.4904,-0.343589,2.48984,1.34996,0.00460975,0.0212049,97,97,0.0505898,0.0136421,-0.3491,0.141065,0,37.8775
37.8973,2.48636,1.4904,-0.343589,0,0,0,0,97,97,0,0,0,0,0,traj_sz=100
37.8975,2.48636,1.4904,-0.343589,2.48984,1.34996,0.00460975,0.0212049,97,97,0.0505898,0.0136421,-0.3491,0.141065,0,37.8975
37.9174,2.48636,1.4904,-0.343589,0,0,0,0,97,97,0,0,0,0,0,traj_sz=100
37.9175,2.48636,1.4904,-0.343589,2.48984,1.34996,0.00460975,0.0212049,97,97,0.0505898,0.0136421,-0.3491,0.141065,0,37.9175
37.9374,2.48636,1.4904,-0.343589,0,0,0,0,97,97,0,0,0,0,0,traj_sz=100
37.9375,2.48636,1.4904,-0.343589,2.48984,1.34996,0.00460975,0.0212049,97,97,0.0505898,0.0136421,-0.3491,0.141065,0,37.9375
37.9576,2.48636,1.4904,-0.343589,0,0,0,0,97,97,0,0,0,0,0,traj_sz=100
37.9577,2.48636,1.4904,-0.343589,2.48984,1.34996,0.00460975,0.0212049,97,97,0.0505898,0.0136421,-0.3491,0.141065,0,37.9577
37.9773,2.48636,1.4904,-0.343589,0,0,0,0,97,97,0,0,0,0,0,traj_sz=100
37.9774,2.48636,1.4904,-0.343589,2.48984,1.34996,0.00460975,0.0212049,97,97,0.0505898,0.0136421,-0.3491,0.141065,0,37.9774
37.9973,2.48636,1.4904,-0.343589,0,0,0,0,97,97,0,0,0,0,0,traj_sz=100
37.9974,2.48636,1.4904,-0.343589,2.48984,1.34996,0.00460975,0.0212049,97,97,0.0505898,0.0136421,-0.3491,0.141065,0,37.9974
38.0173,2.48636,1.4904,-0.343589,0,0,0,0,97,97,0,0,0,0,0,traj_sz=100
38.0174,2.48636,1.4904,-0.343589,2.48984,1.34996,0.00460975,0.0212049,97,97,0.0505898,0.0136421,-0.3491,0.141065,0,38.0174
38.0375,2.48636,1.4904,-0.343589,0,0,0,0,97,97,0,0,0,0,0,traj_sz=100
38.0376,2.48636,1.4904,-0.343589,2.48984,1.34996,0.00460975,0.0212049,97,97,0.0505898,0.0136421,-0.3491,0.141065,0,38.0376
38.0573,2.48636,1.4904,-0.343589,0,0,0,0,97,97,0,0,0,0,0,traj_sz=100
38.0575,2.48636,1.4904,-0.343589,2.48984,1.34996,0.00460975,0.0212049,97,97,0.0505898,0.0136421,-0.3491,0.141065,0,38.0575
38.0773,2.4864,1.49045,-0.345755,0,0,0,0,97,97,0,0,0,0,0,traj_sz=100
38.0774,2.4864,1.49045,-0.345755,2.48984,1.34996,0.00460975,0.0212049,97,97,0.0508503,0.0136008,-0.3491,0.141107,0,38.0774
38.0974,2.4864,1.49045,-0.345755,0,0,0,0,97,97,0,0,0,0,0,traj_sz=100
38.0974,2.4864,1.49045,-0.345755,2.48984,1.34996,0.00460975,0.0212049,97,97,0.0508503,0.0136008,-0.3491,0.141107,0,38.0974
38.1174,2.4864,1.49045,-0.345755,0,0,0,0,97,97,0,0,0,0,0,traj_sz=100
38.1178,2.4864,1.49045,-0.345755,2.48984,1.34996,0.00460975,0.0212049,97,97,0.0508503,0.0136008,-0.3491,0.141107,0,38.1178
38.1375,2.4864,1.49045,-0.345755,0,0,0,0,97,97,0,0,0,0,0,traj_sz=100
38.1376,2.4864,1.49045,-0.345755,2.48984,1.34996,0.00460975,0.0212049,97,97,0.0508503,0.0136008,-0.3491,0.141107,0,38.1376
38.1574,2.4864,1.49045,-0.345755,0,0,0,0,97,97,0,0,0,0,0,traj_sz=100
38.1576,2.4864,1.49045,-0.345755,2.48984,1.34996,0.00460975,0.0212049,97,97,0.0508503,0.0136008,-0.3491,0.141107,0,38.1576
38.1775,2.4864,1.49045,-0.345755,0,0,0,0,97,97,0,0,0,0,0,traj_sz=100
38.1777,2.4864,1.49045,-0.345755,2.48984,1.34996,0.00460975,0.0212049,97,97,0.0508503,0.0136008,-0.3491,0.141107,0,38.1777
38.1974,2.48678,1.49064,-0.348625,0,0,0,0,97,97,0,0,0,0,0,traj_sz=100
38.1975,2.48678,1.49064,-0.348625,2.48984,1.34996,0.00460975,0.0212049,97,97,0.0509343,0.0132227,-0.3491,0.141257,0,38.1975
38.2173,2.48689,1.49056,-0.347543,0,0,0,0,97,97,0,0,0,0,0,traj_sz=100
38.2174,2.48689,1.49056,-0.347543,2.48984,1.34996,0.00460975,0.0212049,97,97,0.0506579,0.0131062,-0.3491,0.141173,0,38.2174
38.2374,2.48731,1.49055,-0.348523,0,0,0,0,97,97,0,0,0,0,0,traj_sz=100
38.2375,2.48731,1.49055,-0.348523,2.48984,1.34996,0.00460975,0.0212049,97,97,0.0503966,0.0126943,-0.3491,0.141127,0,38.2375
38.2574,2.48748,1.49064,-0.351945,0,0,0,0,97,97,0,0,0,0,0,traj_sz=100
38.2575,2.48748,1.49064,-0.351945,2.48984,1.34996,0.00460975,0.0212049,97,97,0.0507088,0.0125178,-0.3491,0.141195,0,38.2575
38.2774,2.48787,1.49083,-0.353376,0,0,0,0,97,97,0,0,0,0,0,traj_sz=100
38.2775,2.48787,1.49083,-0.353376,2.48984,1.34996,0.00460975,0.0212049,97,97,0.0505958,0.0121265,-0.3491,0.141352,0,38.2775
38.2974,2.48811,1.49054,-0.354874,0,0,0,0,97,97,0,0,0,0,0,traj_sz=100
38.2975,2.48811,1.49054,-0.354874,2.48984,1.34996,0.00460975,0.0212049,97,97,0.0504679,0.0118872,-0.3491,0.141044,0,38.2975
38.3174,2.48842,1.49066,-0.358515,0,0,0,0,97,97,0,0,0,0,0,traj_sz=100
38.3175,2.48842,1.49066,-0.358515,2.48984,1.34996,0.00460975,0.0212049,97,97,0.0507023,0.0115818,-0.3491,0.14114,0,38.3175
38.3375,2.48871,1.49062,-0.35888,0,0,0,0,97,97,0,0,0,0,0,traj_sz=100
38.3377,2.48871,1.49062,-0.35888,2.48984,1.34996,0.00460975,0.0212049,97,97,0.0504635,0.0112917,-0.3491,0.141074,0,38.3377
38.3574,2.48887,1.49075,-0.362605,0,0,0,0,97,97,0,0,0,0,0,traj_sz=100
38.3575,2.48887,1.49075,-0.362605,2.48984,1.34996,0.00460975,0.0212049,97,97,0.0508437,0.0111257,-0.3491,0.141192,0,38.3575
38.3774,2.48901,1.49083,-0.363527,0,0,0,0,97,97,0,0,0,0,0,traj_sz=100
38.3775,2.48901,1.49083,-0.363527,2.48984,1.34996,0.00460975,0.0212049,97,97,0.05086,0.0109856,-0.3491,0.141255,0,38.3775
38.3974,2.4892,1.49066,-0.362914,0,0,0,0,97,97,0,0,0,0,0,traj_sz=100
38.3975,2.4892,1.49066,-0.362914,2.48984,1.34996,0.00460975,0.0212049,97,97,0.0505419,0.0107954,-0.3491,0.141072,0,38.3975
38.4174,2.4892,1.49066,-0.362914,0,0,0,0,97,97,0,0,0,0,0,traj_sz=100
38.4178,2.4892,1.49066,-0.362914,2.48984,1.34996,0.00460975,0.0212049,97,97,0.0505419,0.0107954,-0.3491,0.141072,0,38.4178
38.4376,2.4892,1.49066,-0.362914,0,0,0,0,97,97,0,0,0,0,0,traj_sz=100
38.4378,2.4892,1.49066,-0.362914,2.48984,1.34996,0.00460975,0.0212049,97,97,0.0505419,0.0107954,-0.3491,0.141072,0,38.4378
38.4573,2.4892,1.49066,-0.362914,0,0,0,0,97,97,0,0,0,0,0,traj_sz=100
38.4574,2.4892,1.49066,-0.362914,2.48984,1.34996,0.00460975,0.0212049,97,97,0.0505419,0.0107954,-0.3491,0.141072,0,38.4574
38.4775,2.4892,1.49066,-0.362914,0,0,0,0,97,97,0,0,0,0,0,traj_sz=100
38.4775,2.4892,1.49066,-0.362914,2.48984,1.34996,0.00460975,0.0212049,97,97,0.0505419,0.0107954,-0.3491,0.141072,0,38.4775
38.4975,2.4892,1.49066,-0.362914,0,0,0,0,97,97,0,0,0,0,0,traj_sz=100
38.4976,2.4892,1.49066,-0.362914,2.48984,1.34996,0.00460975,0.0212049,97,97,0.0505419,0.0107954,-0.3491,0.141072,0,38.4976
38.5173,2.4892,1.49066,-0.362914,0,0,0,0,97,97,0,0,0,0,0,traj_sz=100
38.5174,2.4892,1.49066,-0.362914,2.48984,1.34996,0.00460975,0.0212049,97,97,0.0505419,0.0107954,-0.3491,0.141072,0,38.5174
38.5375,2.48929,1.4906,-0.362048,0,0,0,0,97,97,0,0,0,0,0,traj_sz=100
38.5377,2.48929,1.4906,-0.362048,2.48984,1.34996,0.00460975,0.0212049,97,97,0.050325,0.0107073,-0.3491,0.141007,0,38.5377
38.5576,2.48929,1.4906,-0.362048,0,0,0,0,97,97,0,0,0,0,0,traj_sz=100
38.5577,2.48929,1.4906,-0.362048,2.48984,1.34996,0.00460975,0.0212049,97,97,0.050325,0.0107073,-0.3491,0.141007,0,38.5577
38.5774,2.48929,1.4906,-0.362048,0,0,0,0,97,97,0,0,0,0,0,traj_sz=100
38.5776,2.48929,1.4906,-0.362048,2.48984,1.34996,0.00460975,0.0212049,97,97,0.050325,0.0107073,-0.3491,0.141007,0,38.5776
38.5974,2.48929,1.4906,-0.362048,0,0,0,0,97,97,0,0,0,0,0,traj_sz=100
38.5975,2.48929,1.4906,-0.362048,2.48984,1.34996,0.00460975,0.0212049,97,97,0.050325,0.0107073,-0.3491,0.141007,0,38.5975
38.6174,2.48929,1.4906,-0.362048,0,0,0,0,97,97,0,0,0,0,0,traj_sz=100
38.6176,2.48929,1.4906,-0.362048,2.48984,1.34996,0.00460975,0.0212049,97,97,0.050325,0.0107073,-0.3491,0.141007,0,38.6176
38.6373,2.48929,1.4906,-0.362048,0,0,0,0,97,97,0,0,0,0,0,traj_sz=100
38.6374,2.48929,1.4906,-0.362048,2.48984,1.34996,0.00460975,0.0212049,97,97,0.050325,0.0107073,-0.3491,0.141007,0,38.6374
38.6573,2.48929,1.4906,-0.362048,0,0,0,0,97,97,0,0,0,0,0,traj_sz=100
38.6574,2.48929,1.4906,-0.362048,2.48984,1.34996,0.00460975,0.0212049,97,97,0.050325,0.0107073,-0.3491,0.141007,0,38.6574
38.6773,2.48929,1.4906,-0.362048,0,0,0,0,97,97,0,0,0,0,0,traj_sz=100
38.6774,2.48929,1.4906,-0.362048,2.48984,1.34996,0.00460975,0.0212049,97,97,0.050325,0.0107073,-0.3491,0.141007,0,38.6774
38.6973,2.48929,1.4906,-0.362048,0,0,0,0,97,97,0,0,0,0,0,traj_sz=100
38.6975,2.48929,1.4906,-0.362048,2.48984,1.34996,0.00460975,0.0212049,97,97,0.050325,0.0107073,-0.3491,0.141007,0,38.6975
38.7176,2.48929,1.4906,-0.362048,0,0,0,0,97,97,0,0,0,0,0,traj_sz=100
38.7177,2.48929,1.4906,-0.362048,2.48984,1.34996,0.00460975,0.0212049,97,97,0.050325,0.0107073,-0.3491,0.141007,0,38.7177
38.7373,2.48943,1.49067,-0.362946,0,0,0,0,97,97,0,0,0,0,0,traj_sz=100
38.7373,2.48943,1.49067,-0.362946,2.48984,1.34996,0.00460975,0.0212049,97,97,0.0503403,0.0105701,-0.3491,0.141068,0,38.7373
38.7574,2.48943,1.49067,-0.362946,0,0,0,0,97,97,0,0,0,0,0,traj_sz=100
38.7576,2.48943,1.49067,-0.362946,2.48984,1.34996,0.00460975,0.0212049,97,97,0.0503403,0.0105701,-0.3491,0.141068,0,38.7576
38.7773,2.48943,1.49067,-0.362946,0,0,0,0,97,97,0,0,0,0,0,traj_sz=100
38.7774,2.48943,1.49067,-0.362946,2.48984,1.34996,0.00460975,0.0212049,97,97,0.0503403,0.0105701,-0.3491,0.141068,0,38.7774
38.7975,2.48943,1.49067,-0.362946,0,0,0,0,97,97,0,0,0,0,0,traj_sz=100
38.7976,2.48943,1.49067,-0.362946,2.48984,1.34996,0.00460975,0.0212049,97,97,0.0503403,0.0105701,-0.3491,0.141068,0,38.7976
38.8174,2.48943,1.49067,-0.362946,0,0,0,0,97,97,0,0,0,0,0,traj_sz=100
38.8176,2.48943,1.49067,-0.362946,2.48984,1.34996,0.00460975,0.0212049,97,97,0.0503403,0.0105701,-0.3491,0.141068,0,38.8176
38.8374,2.48943,1.49067,-0.362946,0,0,0,0,97,97,0,0,0,0,0,traj_sz=100
38.8376,2.48943,1.49067,-0.362946,2.48984,1.34996,0.00460975,0.0212049,97,97,0.0503403,0.0105701,-0.3491,0.141068,0,38.8376
38.8574,2.48943,1.49067,-0.362946,0,0,0,0,97,97,0,0,0,0,0,traj_sz=100
38.8575,2.48943,1.49067,-0.362946,2.48984,1.34996,0.00460975,0.0212049,97,97,0.0503403,0.0105701,-0.3491,0.141068,0,38.8575
38.8775,2.48943,1.49067,-0.362946,0,0,0,0,97,97,0,0,0,0,0,traj_sz=100
38.8776,2.48943,1.49067,-0.362946,2.48984,1.34996,0.00460975,0.0212049,97,97,0.0503403,0.0105701,-0.3491,0.141068,0,38.8776
38.8975,2.48947,1.49072,-0.365114,0,0,0,0,97,97,0,0,0,0,0,traj_sz=100
38.8976,2.48947,1.49072,-0.365114,2.48984,1.34996,0.00460975,0.0212049,97,97,0.0505995,0.0105256,-0.3491,0.14111,0,38.8976
38.9174,2.48959,1.4908,-0.366455,0,0,0,0,97,97,0,0,0,0,0,traj_sz=100
38.9176,2.48959,1.4908,-0.366455,2.48984,1.34996,0.00460975,0.0212049,97,97,0.0506956,0.0104087,-0.3491,0.141183,0,38.9176
38.9374,2.4897,1.49064,-0.366632,0,0,0,0,97,97,0,0,0,0,0,traj_sz=100
38.9375,2.4897,1.49064,-0.366632,2.48984,1.34996,0.00460975,0.0212049,97,97,0.0505586,0.0102961,-0.3491,0.141021,0,38.9375
38.9574,2.49005,1.49057,-0.365632,0,0,0,0,97,97,0,0,0,0,0,traj_sz=100
38.9575,2.49005,1.49057,-0.365632,2.48984,1.34996,0.00460975,0.0212049,97,97,0.0500803,0.00995117,-0.3491,0.140926,0,38.9575
38.9773,2.49042,1.49072,-0.37004,0,0,0,0,97,97,0,0,0,0,0,traj_sz=100
38.9774,2.49042,1.49072,-0.37004,2.48984,1.34996,0.00460975,0.0212049,97,97,0.0503659,0.00958154,-0.3491,0.141043,0,38.9774
38.9973,2.49123,1.49046,-0.372562,0,0,0,0,97,97,0,0,0,0,0,traj_sz=100
38.9974,2.49123,1.49046,-0.372562,2.48984,1.34996,0.00460975,0.0212049,97,97,0.0498532,0.0087749,-0.3491,0.140736,0,38.9974
39.0174,2.49156,1.49066,-0.375488,0,0,0,0,97,97,0,0,0,0,0,traj_sz=100
39.0176,2.49156,1.49066,-0.375488,2.48984,1.34996,0.00460975,0.0212049,97,97,0.0499995,0.00843945,-0.3491,0.140918,0,39.0176
39.0374,2.49176,1.49057,-0.374144,0,0,0,0,97,97,0,0,0,0,0,traj_sz=100
39.0375,2.49176,1.49057,-0.374144,2.48984,1.34996,0.00460975,0.0212049,97,97,0.0496033,0.00824121,-0.3491,0.140811,0,39.0375
39.0574,2.49191,1.49062,-0.376081,0,0,0,0,97,97,0,0,0,0,0,traj_sz=100
39.0575,2.49191,1.49062,-0.376081,2.48984,1.34996,0.00460975,0.0212049,97,97,0.049732,0.00808691,-0.3491,0.140849,0,39.0575
39.0774,2.49216,1.49055,-0.377084,0,0,0,0,97,97,0,0,0,0,0,traj_sz=100
39.0778,2.49216,1.49055,-0.377084,2.48984,1.34996,0.00460975,0.0212049,97,97,0.0496124,0.00784204,-0.3491,0.140771,0,39.0778
39.0974,2.49216,1.49055,-0.377084,0,0,0,0,97,97,0,0,0,0,0,traj_sz=100
39.0975,2.49216,1.49055,-0.377084,2.48984,1.34996,0.00460975,0.0212049,97,97,0.0496124,0.00784204,-0.3491,0.140771,0,39.0975
39.1173,2.49216,1.49055,-0.377084,0,0,0,0,97,97,0,0,0,0,0,traj_sz=100
39.1174,2.49216,1.49055,-0.377084,2.48984,1.34996,0.00460975,0.0212049,97,97,0.0496124,0.00784204,-0.3491,0.140771,0,39.1174
39.1376,2.49221,1.4906,-0.379361,0,0,0,0,97,97,0,0,0,0,0,traj_sz=100
39.1377,2.49221,1.4906,-0.379361,2.48984,1.34996,0.00460975,0.0212049,97,97,0.0498835,0.00779321,-0.3491,0.140814,0,39.1377
39.1575,2.49221,1.4906,-0.379361,0,0,0,0,97,97,0,0,0,0,0,traj_sz=100
39.1576,2.49221,1.4906,-0.379361,2.48984,1.34996,0.00460975,0.0212049,97,97,0.0498835,0.00779321,-0.3491,0.140814,0,39.1576
39.1773,2.49221,1.4906,-0.379361,0,0,0,0,97,97,0,0,0,0,0,traj_sz=100
39.1775,2.49221,1.4906,-0.379361,2.48984,1.34996,0.00460975,0.0212049,97,97,0.0498835,0.00779321,-0.3491,0.140814,0,39.1775
39.1974,2.49221,1.4906,-0.379361,0,0,0,0,97,97,0,0,0,0,0,traj_sz=100
39.1975,2.49221,1.4906,-0.379361,2.48984,1.34996,0.00460975,0.0212049,97,97,0.0498835,0.00779321,-0.3491,0.140814,0,39.1975
39.2174,2.49221,1.4906,-0.379361,0,0,0,0,97,97,0,0,0,0,0,traj_sz=100
39.2175,2.49221,1.4906,-0.379361,2.48984,1.34996,0.00460975,0.0212049,97,97,0.0498835,0.00779321,-0.3491,0.140814,0,39.2175
39.2374,2.49221,1.4906,-0.379361,0,0,0,0,97,97,0,0,0,0,0,traj_sz=100
39.2378,2.49221,1.4906,-0.379361,2.48984,1.34996,0.00460975,0.0212049,97,97,0.0498835,0.00779321,-0.3491,0.140814,0,39.2378
39.2575,2.49221,1.4906,-0.379361,0,0,0,0,97,97,0,0,0,0,0,traj_sz=100
39.2576,2.49221,1.4906,-0.379361,2.48984,1.34996,0.00460975,0.0212049,97,97,0.0498835,0.00779321,-0.3491,0.140814,0,39.2576
39.2773,2.49221,1.4906,-0.379361,0,0,0,0,97,97,0,0,0,0,0,traj_sz=100
39.2774,2.49221,1.4906,-0.379361,2.48984,1.34996,0.00460975,0.0212049,97,97,0.0498835,0.00779321,-0.3491,0.140814,0,39.2774
39.2974,2.49221,1.4906,-0.379361,0,0,0,0,97,97,0,0,0,0,0,traj_sz=100
39.2976,2.49221,1.4906,-0.379361,2.48984,1.34996,0.00460975,0.0212049,97,97,0.0498835,0.00779321,-0.3491,0.140814,0,39.2976
39.3174,2.49221,1.4906,-0.379361,0,0,0,0,97,97,0,0,0,0,0,traj_sz=100
39.3175,2.49221,1.4906,-0.379361,2.48984,1.34996,0.00460975,0.0212049,97,97,0.0498835,0.00779321,-0.3491,0.140814,0,39.3175
39.3374,2.49221,1.4906,-0.379361,0,0,0,0,97,97,0,0,0,0,0,traj_sz=100
39.3376,2.49221,1.4906,-0.379361,2.48984,1.34996,0.00460975,0.0212049,97,97,0.0498835,0.00779321,-0.3491,0.140814,0,39.3376
39.3574,2.49221,1.4906,-0.379361,0,0,0,0,97,97,0,0,0,0,0,traj_sz=100
39.3575,2.49221,1.4906,-0.379361,2.48984,1.34996,0.00460975,0.0212049,97,97,0.0498835,0.00779321,-0.3491,0.140814,0,39.3575
39.3774,2.49221,1.4906,-0.379361,0,0,0,0,97,97,0,0,0,0,0,traj_sz=100
39.3776,2.49221,1.4906,-0.379361,2.48984,1.34996,0.00460975,0.0212049,97,97,0.0498835,0.00779321,-0.3491,0.140814,0,39.3776
39.3976,2.49221,1.4906,-0.379361,0,0,0,0,97,97,0,0,0,0,0,traj_sz=100
39.3977,2.49221,1.4906,-0.379361,2.48984,1.34996,0.00460975,0.0212049,97,97,0.0498835,0.00779321,-0.3491,0.140814,0,39.3977
39.4173,2.49221,1.4906,-0.379361,0,0,0,0,97,97,0,0,0,0,0,traj_sz=100
39.4174,2.49221,1.4906,-0.379361,2.48984,1.34996,0.00460975,0.0212049,97,97,0.0498835,0.00779321,-0.3491,0.140814,0,39.4174
39.4374,2.49221,1.4906,-0.379361,0,0,0,0,97,97,0,0,0,0,0,traj_sz=100
39.4375,2.49221,1.4906,-0.379361,2.48984,1.34996,0.00460975,0.0212049,97,97,0.0498835,0.00779321,-0.3491,0.140814,0,39.4375
39.4574,2.49221,1.4906,-0.379361,0,0,0,0,97,97,0,0,0,0,0,traj_sz=100
39.4575,2.49221,1.4906,-0.379361,2.48984,1.34996,0.00460975,0.0212049,97,97,0.0498835,0.00779321,-0.3491,0.140814,0,39.4575
39.4774,2.49221,1.4906,-0.379361,0,0,0,0,97,97,0,0,0,0,0,traj_sz=100
39.4775,2.49221,1.4906,-0.379361,2.48984,1.34996,0.00460975,0.0212049,97,97,0.0498835,0.00779321,-0.3491,0.140814,0,39.4775
39.4974,2.49221,1.4906,-0.379361,0,0,0,0,97,97,0,0,0,0,0,traj_sz=100
39.4975,2.49221,1.4906,-0.379361,2.48984,1.34996,0.00460975,0.0212049,97,97,0.0498835,0.00779321,-0.3491,0.140814,0,39.4975
39.5174,2.49221,1.4906,-0.379361,0,0,0,0,97,97,0,0,0,0,0,traj_sz=100
39.5175,2.49221,1.4906,-0.379361,2.48984,1.34996,0.00460975,0.0212049,97,97,0.0498835,0.00779321,-0.3491,0.140814,0,39.5175
39.5374,2.49221,1.4906,-0.379361,0,0,0,0,97,97,0,0,0,0,0,traj_sz=100
39.5375,2.49221,1.4906,-0.379361,2.48984,1.34996,0.00460975,0.0212049,97,97,0.0498835,0.00779321,-0.3491,0.140814,0,39.5375
39.5573,2.49221,1.4906,-0.379361,0,0,0,0,97,97,0,0,0,0,0,traj_sz=100
39.5575,2.49221,1.4906,-0.379361,2.48984,1.34996,0.00460975,0.0212049,97,97,0.0498835,0.00779321,-0.3491,0.140814,0,39.5575
39.5775,2.49221,1.4906,-0.379361,0,0,0,0,97,97,0,0,0,0,0,traj_sz=100
39.5778,2.49221,1.4906,-0.379361,2.48984,1.34996,0.00460975,0.0212049,97,97,0.0498835,0.00779321,-0.3491,0.140814,0,39.5778
39.5973,2.49221,1.4906,-0.379361,0,0,0,0,97,97,0,0,0,0,0,traj_sz=100
39.5974,2.49221,1.4906,-0.379361,2.48984,1.34996,0.00460975,0.0212049,97,97,0.0498835,0.00779321,-0.3491,0.140814,0,39.5974
39.6175,2.49221,1.4906,-0.379361,0,0,0,0,97,97,0,0,0,0,0,traj_sz=100
39.6176,2.49221,1.4906,-0.379361,2.48984,1.34996,0.00460975,0.0212049,97,97,0.0498835,0.00779321,-0.3491,0.140814,0,39.6176
39.6374,2.49221,1.4906,-0.379361,0,0,0,0,97,97,0,0,0,0,0,traj_sz=100
39.6375,2.49221,1.4906,-0.379361,2.48984,1.34996,0.00460975,0.0212049,97,97,0.0498835,0.00779321,-0.3491,0.140814,0,39.6375
39.6575,2.49221,1.4906,-0.379361,0,0,0,0,97,97,0,0,0,0,0,traj_sz=100
39.6577,2.49221,1.4906,-0.379361,2.48984,1.34996,0.00460975,0.0212049,97,97,0.0498835,0.00779321,-0.3491,0.140814,0,39.6577
39.6775,2.49221,1.4906,-0.379361,0,0,0,0,97,97,0,0,0,0,0,traj_sz=100
39.6776,2.49221,1.4906,-0.379361,2.48984,1.34996,0.00460975,0.0212049,97,97,0.0498835,0.00779321,-0.3491,0.140814,0,39.6776
39.6973,2.49221,1.4906,-0.379361,0,0,0,0,97,97,0,0,0,0,0,traj_sz=100
39.6975,2.49221,1.4906,-0.379361,2.48984,1.34996,0.00460975,0.0212049,97,97,0.0498835,0.00779321,-0.3491,0.140814,0,39.6975
39.7174,2.49221,1.4906,-0.379361,0,0,0,0,97,97,0,0,0,0,0,traj_sz=100
39.7175,2.49221,1.4906,-0.379361,2.48984,1.34996,0.00460975,0.0212049,97,97,0.0498835,0.00779321,-0.3491,0.140814,0,39.7175
39.7374,2.49221,1.4906,-0.379361,0,0,0,0,97,97,0,0,0,0,0,traj_sz=100
39.7376,2.49221,1.4906,-0.379361,2.48984,1.34996,0.00460975,0.0212049,97,97,0.0498835,0.00779321,-0.3491,0.140814,0,39.7376
39.7575,2.49221,1.4906,-0.379361,0,0,0,0,97,97,0,0,0,0,0,traj_sz=100
39.7575,2.49221,1.4906,-0.379361,2.48984,1.34996,0.00460975,0.0212049,97,97,0.0498835,0.00779321,-0.3491,0.140814,0,39.7575
39.7773,2.49221,1.4906,-0.379361,0,0,0,0,97,97,0,0,0,0,0,traj_sz=100
39.7774,2.49221,1.4906,-0.379361,2.48984,1.34996,0.00460975,0.0212049,97,97,0.0498835,0.00779321,-0.3491,0.140814,0,39.7774
39.7973,2.49258,1.49079,-0.382351,0,0,0,0,97,97,0,0,0,0,0,traj_sz=100
39.7974,2.49258,1.49079,-0.382351,2.48984,1.34996,0.00460975,0.0212049,97,97,0.0499983,0.00741699,-0.3491,0.140983,0,39.7974
39.8173,2.49258,1.49079,-0.382351,0,0,0,0,97,97,0,0,0,0,0,traj_sz=100
39.8174,2.49258,1.49079,-0.382351,2.48984,1.34996,0.00460975,0.0212049,97,97,0.0499983,0.00741699,-0.3491,0.140983,0,39.8174
39.8373,2.49258,1.49079,-0.382351,0,0,0,0,97,97,0,0,0,0,0,traj_sz=100
39.8373,2.49258,1.49079,-0.382351,2.48984,1.34996,0.00460975,0.0212049,97,97,0.0499983,0.00741699,-0.3491,0.140983,0,39.8373
39.8574,2.4926,1.49082,-0.382416,0,0,0,0,97,97,0,0,0,0,0,traj_sz=100
39.8575,2.4926,1.49082,-0.382416,2.48984,1.34996,0.00460975,0.0212049,97,97,0.0499994,0.00739502,-0.3491,0.141016,0,39.8575
39.8775,2.4926,1.49082,-0.382416,0,0,0,0,97,97,0,0,0,0,0,traj_sz=100
39.8777,2.4926,1.49082,-0.382416,2.48984,1.34996,0.00460975,0.0212049,97,97,0.0499994,0.00739502,-0.3491,0.141016,0,39.8777
39.8975,2.4926,1.49082,-0.382416,0,0,0,0,97,97,0,0,0,0,0,traj_sz=100
39.8977,2.4926,1.49082,-0.382416,2.48984,1.34996,0.00460975,0.0212049,97,97,0.0499994,0.00739502,-0.3491,0.141016,0,39.8977
39.9175,2.4926,1.49082,-0.382416,0,0,0,0,97,97,0,0,0,0,0,traj_sz=100
39.9176,2.4926,1.49082,-0.382416,2.48984,1.34996,0.00460975,0.0212049,97,97,0.0499994,0.00739502,-0.3491,0.141016,0,39.9176
39.9375,2.4926,1.49082,-0.382416,0,0,0,0,97,97,0,0,0,0,0,traj_sz=100
39.9376,2.4926,1.49082,-0.382416,2.48984,1.34996,0.00460975,0.0212049,97,97,0.0499994,0.00739502,-0.3491,0.141016,0,39.9376
39.9573,2.4926,1.49082,-0.382416,0,0,0,0,97,97,0,0,0,0,0,traj_sz=100
39.9574,2.4926,1.49082,-0.382416,2.48984,1.34996,0.00460975,0.0212049,97,97,0.0499994,0.00739502,-0.3491,0.141016,0,39.9574
39.9774,2.4926,1.49082,-0.382416,0,0,0,0,97,97,0,0,0,0,0,traj_sz=100
39.9775,2.4926,1.49082,-0.382416,2.48984,1.34996,0.00460975,0.0212049,97,97,0.0499994,0.00739502,-0.3491,0.141016,0,39.9775
39.9975,2.49268,1.49071,-0.380614,0,0,0,0,97,97,0,0,0,0,0,traj_sz=100
39.9976,2.49268,1.49071,-0.380614,2.48984,1.34996,0.00460975,0.0212049,97,97,0.0496508,0.00732007,-0.3491,0.140901,0,39.9976
40.0175,2.49268,1.49071,-0.380614,0,0,0,0,97,97,0,0,0,0,0,traj_sz=100
40.0176,2.49268,1.49071,-0.380614,2.48984,1.34996,0.00460975,0.0212049,97,97,0.0496508,0.00732007,-0.3491,0.140901,0,40.0176
40.0375,2.49268,1.49071,-0.380614,0,0,0,0,97,97,0,0,0,0,0,traj_sz=100
40.0377,2.49268,1.49071,-0.380614,2.48984,1.34996,0.00460975,0.0212049,97,97,0.0496508,0.00732007,-0.3491,0.140901,0,40.0377
40.0575,2.49268,1.49071,-0.380614,0,0,0,0,97,97,0,0,0,0,0,traj_sz=100
40.0576,2.49268,1.49071,-0.380614,2.48984,1.34996,0.00460975,0.0212049,97,97,0.0496508,0.00732007,-0.3491,0.140901,0,40.0576
40.0775,2.49268,1.49071,-0.380614,0,0,0,0,97,97,0,0,0,0,0,traj_sz=100
40.0776,2.49268,1.49071,-0.380614,2.48984,1.34996,0.00460975,0.0212049,97,97,0.0496508,0.00732007,-0.3491,0.140901,0,40.0776
40.0974,2.49268,1.49071,-0.380614,0,0,0,0,97,97,0,0,0,0,0,traj_sz=100
40.0976,2.49268,1.49071,-0.380614,2.48984,1.34996,0.00460975,0.0212049,97,97,0.0496508,0.00732007,-0.3491,0.140901,0,40.0976
40.1174,2.49268,1.49071,-0.380614,0,0,0,0,97,97,0,0,0,0,0,traj_sz=100
40.1175,2.49268,1.49071,-0.380614,2.48984,1.34996,0.00460975,0.0212049,97,97,0.0496508,0.00732007,-0.3491,0.140901,0,40.1175
40.1374,2.49268,1.49071,-0.380614,0,0,0,0,97,97,0,0,0,0,0,traj_sz=100
40.1375,2.49268,1.49071,-0.380614,2.48984,1.34996,0.00460975,0.0212049,97,97,0.0496508,0.00732007,-0.3491,0.140901,0,40.1375
40.1573,2.49268,1.49071,-0.380614,0,0,0,0,97,97,0,0,0,0,0,traj_sz=100
40.1574,2.49268,1.49071,-0.380614,2.48984,1.34996,0.00460975,0.0212049,97,97,0.0496508,0.00732007,-0.3491,0.140901,0,40.1574
40.1774,2.49268,1.49071,-0.380614,0,0,0,0,97,97,0,0,0,0,0,traj_sz=100
40.1775,2.49268,1.49071,-0.380614,2.48984,1.34996,0.00460975,0.0212049,97,97,0.0496508,0.00732007,-0.3491,0.140901,0,40.1775
40.1974,2.49268,1.49071,-0.380614,0,0,0,0,97,97,0,0,0,0,0,traj_sz=100
40.1976,2.49268,1.49071,-0.380614,2.48984,1.34996,0.00460975,0.0212049,97,97,0.0496508,0.00732007,-0.3491,0.140901,0,40.1976
40.2174,2.49268,1.49071,-0.380614,0,0,0,0,97,97,0,0,0,0,0,traj_sz=100
40.2175,2.49268,1.49071,-0.380614,2.48984,1.34996,0.00460975,0.0212049,97,97,0.0496508,0.00732007,-0.3491,0.140901,0,40.2175
40.2375,2.49268,1.49071,-0.380614,0,0,0,0,97,97,0,0,0,0,0,traj_sz=100
40.2377,2.49268,1.49071,-0.380614,2.48984,1.34996,0.00460975,0.0212049,97,97,0.0496508,0.00732007,-0.3491,0.140901,0,40.2377
40.2575,2.49268,1.49071,-0.380614,0,0,0,0,97,97,0,0,0,0,0,traj_sz=100
40.2576,2.49268,1.49071,-0.380614,2.48984,1.34996,0.00460975,0.0212049,97,97,0.0496508,0.00732007,-0.3491,0.140901,0,40.2576
40.2775,2.49268,1.49071,-0.380614,0,0,0,0,97,97,0,0,0,0,0,traj_sz=100
40.2776,2.49268,1.49071,-0.380614,2.48984,1.34996,0.00460975,0.0212049,97,97,0.0496508,0.00732007,-0.3491,0.140901,0,40.2776
40.2974,2.49268,1.49071,-0.380614,0,0,0,0,97,97,0,0,0,0,0,traj_sz=100
40.2975,2.49268,1.49071,-0.380614,2.48984,1.34996,0.00460975,0.0212049,97,97,0.0496508,0.00732007,-0.3491,0.140901,0,40.2975
40.3174,2.49268,1.49071,-0.380614,0,0,0,0,97,97,0,0,0,0,0,traj_sz=100
40.3175,2.49268,1.49071,-0.380614,2.48984,1.34996,0.00460975,0.0212049,97,97,0.0496508,0.00732007,-0.3491,0.140901,0,40.3175
40.3374,2.49268,1.49071,-0.380614,0,0,0,0,97,97,0,0,0,0,0,traj_sz=100
40.3375,2.49268,1.49071,-0.380614,2.48984,1.34996,0.00460975,0.0212049,97,97,0.0496508,0.00732007,-0.3491,0.140901,0,40.3375
40.3574,2.49268,1.49071,-0.380614,0,0,0,0,97,97,0,0,0,0,0,traj_sz=100
40.3576,2.49268,1.49071,-0.380614,2.48984,1.34996,0.00460975,0.0212049,97,97,0.0496508,0.00732007,-0.3491,0.140901,0,40.3576
40.3775,2.49268,1.49071,-0.380614,0,0,0,0,97,97,0,0,0,0,0,traj_sz=100
40.3777,2.49268,1.49071,-0.380614,2.48984,1.34996,0.00460975,0.0212049,97,97,0.0496508,0.00732007,-0.3491,0.140901,0,40.3777
40.3974,2.49268,1.49071,-0.380614,0,0,0,0,97,97,0,0,0,0,0,traj_sz=100
40.3976,2.49268,1.49071,-0.380614,2.48984,1.34996,0.00460975,0.0212049,97,97,0.0496508,0.00732007,-0.3491,0.140901,0,40.3976
40.4174,2.49268,1.49071,-0.380614,0,0,0,0,97,97,0,0,0,0,0,traj_sz=100
40.4176,2.49268,1.49071,-0.380614,2.48984,1.34996,0.00460975,0.0212049,97,97,0.0496508,0.00732007,-0.3491,0.140901,0,40.4176
40.4375,2.49268,1.49071,-0.380614,0,0,0,0,97,97,0,0,0,0,0,traj_sz=100
40.4377,2.49268,1.49071,-0.380614,2.48984,1.34996,0.00460975,0.0212049,97,97,0.0496508,0.00732007,-0.3491,0.140901,0,40.4377
40.4574,2.49268,1.49071,-0.380614,0,0,0,0,97,97,0,0,0,0,0,traj_sz=100
40.4575,2.49268,1.49071,-0.380614,2.48984,1.34996,0.00460975,0.0212049,97,97,0.0496508,0.00732007,-0.3491,0.140901,0,40.4575
40.4774,2.49268,1.49071,-0.380614,0,0,0,0,97,97,0,0,0,0,0,traj_sz=100
40.4775,2.49268,1.49071,-0.380614,2.48984,1.34996,0.00460975,0.0212049,97,97,0.0496508,0.00732007,-0.3491,0.140901,0,40.4775
40.4974,2.49268,1.49071,-0.380614,0,0,0,0,97,97,0,0,0,0,0,traj_sz=100
40.4975,2.49268,1.49071,-0.380614,2.48984,1.34996,0.00460975,0.0212049,97,97,0.0496508,0.00732007,-0.3491,0.140901,0,40.4975
40.5174,2.49268,1.49071,-0.380614,0,0,0,0,97,97,0,0,0,0,0,traj_sz=100
40.5177,2.49268,1.49071,-0.380614,2.48984,1.34996,0.00460975,0.0212049,97,97,0.0496508,0.00732007,-0.3491,0.140901,0,40.5177
40.5375,2.49268,1.49071,-0.380614,0,0,0,0,97,97,0,0,0,0,0,traj_sz=100
40.5376,2.49268,1.49071,-0.380614,2.48984,1.34996,0.00460975,0.0212049,97,97,0.0496508,0.00732007,-0.3491,0.140901,0,40.5376
40.5574,2.49268,1.49071,-0.380614,0,0,0,0,97,97,0,0,0,0,0,traj_sz=100
40.5575,2.49268,1.49071,-0.380614,2.48984,1.34996,0.00460975,0.0212049,97,97,0.0496508,0.00732007,-0.3491,0.140901,0,40.5575
40.5774,2.49268,1.49071,-0.380614,0,0,0,0,97,97,0,0,0,0,0,traj_sz=100
40.5776,2.49268,1.49071,-0.380614,2.48984,1.34996,0.00460975,0.0212049,97,97,0.0496508,0.00732007,-0.3491,0.140901,0,40.5776
40.5974,2.49268,1.49071,-0.380614,0,0,0,0,97,97,0,0,0,0,0,traj_sz=100
40.5975,2.49268,1.49071,-0.380614,2.48984,1.34996,0.00460975,0.0212049,97,97,0.0496508,0.00732007,-0.3491,0.140901,0,40.5975
40.6174,2.49268,1.49071,-0.380614,0,0,0,0,97,97,0,0,0,0,0,traj_sz=100
40.6176,2.49268,1.49071,-0.380614,2.48984,1.34996,0.00460975,0.0212049,97,97,0.0496508,0.00732007,-0.3491,0.140901,0,40.6176
40.6374,2.49268,1.49071,-0.380614,0,0,0,0,97,97,0,0,0,0,0,traj_sz=100
40.6374,2.49268,1.49071,-0.380614,2.48984,1.34996,0.00460975,0.0212049,97,97,0.0496508,0.00732007,-0.3491,0.140901,0,40.6374
40.6575,2.49268,1.49071,-0.380614,0,0,0,0,97,97,0,0,0,0,0,traj_sz=100
40.6576,2.49268,1.49071,-0.380614,2.48984,1.34996,0.00460975,0.0212049,97,97,0.0496508,0.00732007,-0.3491,0.140901,0,40.6576
40.6774,2.49268,1.49071,-0.380614,0,0,0,0,97,97,0,0,0,0,0,traj_sz=100
40.6776,2.49268,1.49071,-0.380614,2.48984,1.34996,0.00460975,0.0212049,97,97,0.0496508,0.00732007,-0.3491,0.140901,0,40.6776
40.6974,2.49268,1.49071,-0.380614,0,0,0,0,97,97,0,0,0,0,0,traj_sz=100
40.6976,2.49268,1.49071,-0.380614,2.48984,1.34996,0.00460975,0.0212049,97,97,0.0496508,0.00732007,-0.3491,0.140901,0,40.6976
40.7175,2.49268,1.49071,-0.380614,0,0,0,0,97,97,0,0,0,0,0,traj_sz=100
40.7176,2.49268,1.49071,-0.380614,2.48984,1.34996,0.00460975,0.0212049,97,97,0.0496508,0.00732007,-0.3491,0.140901,0,40.7176
40.7374,2.49268,1.49071,-0.380614,0,0,0,0,97,97,0,0,0,0,0,traj_sz=100
40.7376,2.49268,1.49071,-0.380614,2.48984,1.34996,0.00460975,0.0212049,97,97,0.0496508,0.00732007,-0.3491,0.140901,0,40.7376
40.7574,2.49268,1.49071,-0.380614,0,0,0,0,97,97,0,0,0,0,0,traj_sz=100
40.7575,2.49268,1.49071,-0.380614,2.48984,1.34996,0.00460975,0.0212049,97,97,0.0496508,0.00732007,-0.3491,0.140901,0,40.7575
40.7774,2.49268,1.49071,-0.380614,0,0,0,0,97,97,0,0,0,0,0,traj_sz=100
40.7776,2.49268,1.49071,-0.380614,2.48984,1.34996,0.00460975,0.0212049,97,97,0.0496508,0.00732007,-0.3491,0.140901,0,40.7776
40.7974,2.49268,1.49071,-0.380614,0,0,0,0,97,97,0,0,0,0,0,traj_sz=100
40.7975,2.49268,1.49071,-0.380614,2.48984,1.34996,0.00460975,0.0212049,97,97,0.0496508,0.00732007,-0.3491,0.140901,0,40.7975
40.8173,2.49268,1.49071,-0.380614,0,0,0,0,97,97,0,0,0,0,0,traj_sz=100
40.8174,2.49268,1.49071,-0.380614,2.48984,1.34996,0.00460975,0.0212049,97,97,0.0496508,0.00732007,-0.3491,0.140901,0,40.8174
40.8374,2.49268,1.49071,-0.380614,0,0,0,0,97,97,0,0,0,0,0,traj_sz=100
40.8375,2.49268,1.49071,-0.380614,2.48984,1.34996,0.00460975,0.0212049,97,97,0.0496508,0.00732007,-0.3491,0.140901,0,40.8375
40.8573,2.49266,1.49067,-0.380543,0,0,0,0,97,97,0,0,0,0,0,traj_sz=100
40.8574,2.49266,1.49067,-0.380543,2.48984,1.34996,0.00460975,0.0212049,97,97,0.0496493,0.00734326,-0.3491,0.140865,0,40.8574
40.8772,2.49268,1.49071,-0.380614,0,0,0,0,97,97,0,0,0,0,0,traj_sz=100
40.8773,2.49268,1.49071,-0.380614,2.48984,1.34996,0.00460975,0.0212049,97,97,0.0496508,0.00732007,-0.3491,0.140901,0,40.8773
40.8974,2.49268,1.49071,-0.380614,0,0,0,0,97,97,0,0,0,0,0,traj_sz=100
40.8975,2.49268,1.49071,-0.380614,2.48984,1.34996,0.00460975,0.0212049,97,97,0.0496508,0.00732007,-0.3491,0.140901,0,40.8975
40.9173,2.49268,1.49071,-0.380614,0,0,0,0,97,97,0,0,0,0,0,traj_sz=100
40.9174,2.49268,1.49071,-0.380614,2.48984,1.34996,0.00460975,0.0212049,97,97,0.0496508,0.00732007,-0.3491,0.140901,0,40.9174
40.9373,2.49268,1.49071,-0.380614,0,0,0,0,97,97,0,0,0,0,0,traj_sz=100
40.9374,2.49268,1.49071,-0.380614,2.48984,1.34996,0.00460975,0.0212049,97,97,0.0496508,0.00732007,-0.3491,0.140901,0,40.9374
40.9573,2.49268,1.49071,-0.380614,0,0,0,0,97,97,0,0,0,0,0,traj_sz=100
40.9574,2.49268,1.49071,-0.380614,2.48984,1.34996,0.00460975,0.0212049,97,97,0.0496508,0.00732007,-0.3491,0.140901,0,40.9574
40.9773,2.49268,1.49071,-0.380614,0,0,0,0,97,97,0,0,0,0,0,traj_sz=100
40.9774,2.49268,1.49071,-0.380614,2.48984,1.34996,0.00460975,0.0212049,97,97,0.0496508,0.00732007,-0.3491,0.140901,0,40.9774
40.9974,2.49268,1.49071,-0.380614,0,0,0,0,97,97,0,0,0,0,0,traj_sz=100
40.9976,2.49268,1.49071,-0.380614,2.48984,1.34996,0.00460975,0.0212049,97,97,0.0496508,0.00732007,-0.3491,0.140901,0,40.9976
41.0174,2.49268,1.49071,-0.380614,0,0,0,0,97,97,0,0,0,0,0,traj_sz=100
41.0175,2.49268,1.49071,-0.380614,2.48984,1.34996,0.00460975,0.0212049,97,97,0.0496508,0.00732007,-0.3491,0.140901,0,41.0175
41.0375,2.49268,1.49071,-0.380614,0,0,0,0,97,97,0,0,0,0,0,traj_sz=100
41.0376,2.49268,1.49071,-0.380614,2.48984,1.34996,0.00460975,0.0212049,97,97,0.0496508,0.00732007,-0.3491,0.140901,0,41.0376
