time,obj_x,obj_y,obj_yaw,ref_x,ref_y,ref_yaw,ref_v,car_idx,lk_idx,relative_x,throttle,steering,approach_dist,approached,elapsed
-1,0,0,0,0,0,0,0,0,0,0,0,0,0,0,traj_sz=0
-1,0,0,0,0,0,0,0,0,0,0,0,0,0,0,traj_sz=0
-1,0,0,0,0,0,0,0,0,0,0,0,0,0,0,traj_sz=0
-1,0,0,0,0,0,0,0,0,0,0,0,0,0,0,traj_sz=0
-1,0,0,0,0,0,0,0,0,0,0,0,0,0,0,traj_sz=0
-1,0,0,0,0,0,0,0,0,0,0,0,0,0,0,traj_sz=0
-1,0,0,0,0,0,0,0,0,0,0,0,0,0,0,traj_sz=0
-1,0,0,0,0,0,0,0,0,0,0,0,0,0,0,traj_sz=0
-1,0,0,0,0,0,0,0,0,0,0,0,0,0,0,traj_sz=0
-1,0,0,0,0,0,0,0,0,0,0,0,0,0,0,traj_sz=0
-1,0.2508,1.52045,-0.00685809,0,0,0,0,0,0,0,0,0,0,0,traj_sz=0
-1,0.2508,1.52045,-0.00685809,0,0,0,0,0,0,0,0,0,0,0,traj_sz=0
-1,0.2508,1.52045,-0.00685809,0,0,0,0,0,0,0,0,0,0,0,traj_sz=0
-1,0.2508,1.52045,-0.00685809,0,0,0,0,0,0,0,0,0,0,0,traj_sz=0
-1,0.2508,1.52045,-0.00685809,0,0,0,0,0,0,0,0,0,0,0,traj_sz=0
-1,0.2508,1.52045,-0.00685809,0,0,0,0,0,0,0,0,0,0,0,traj_sz=0
-1,0.2508,1.52045,-0.00685809,0,0,0,0,0,0,0,0,0,0,0,traj_sz=0
-1,0.2508,1.52045,-0.00685809,0,0,0,0,0,0,0,0,0,0,0,traj_sz=0
-1,0.2508,1.52045,-0.00685809,0,0,0,0,0,0,0,0,0,0,0,traj_sz=0
-1,0.2508,1.52045,-0.00685809,0,0,0,0,0,0,0,0,0,0,0,traj_sz=0
-1,0.2508,1.52045,-0.00685809,0,0,0,0,0,0,0,0,0,0,0,traj_sz=0
-1,0.2508,1.52045,-0.00685809,0,0,0,0,0,0,0,0,0,0,0,traj_sz=0
-1,0.2508,1.52045,-0.00685809,0,0,0,0,0,0,0,0,0,0,0,traj_sz=0
-1,0.2508,1.52045,-0.00685809,0,0,0,0,0,0,0,0,0,0,0,traj_sz=0
-1,0.2508,1.52045,-0.00685809,0,0,0,0,0,0,0,0,0,0,0,traj_sz=0
-1,0.2508,1.52045,-0.00685809,0,0,0,0,0,0,0,0,0,0,0,traj_sz=0
-1,0.2508,1.52045,-0.00685809,0,0,0,0,0,0,0,0,0,0,0,traj_sz=0
-1,0.2508,1.52045,-0.00685809,0,0,0,0,0,0,0,0,0,0,0,traj_sz=0
-1,0.2508,1.52045,-0.00685809,0,0,0,0,0,0,0,0,0,0,0,traj_sz=0
-1,0.2508,1.52045,-0.00685809,0,0,0,0,0,0,0,0,0,0,0,traj_sz=0
-1,0.2508,1.52045,-0.00685809,0,0,0,0,0,0,0,0,0,0,0,traj_sz=0
-1,0.2508,1.52045,-0.00685809,0,0,0,0,0,0,0,0,0,0,0,traj_sz=0
-1,0.2508,1.52045,-0.00685809,0,0,0,0,0,0,0,0,0,0,0,traj_sz=0
-1,0.2508,1.52045,-0.00685809,0,0,0,0,0,0,0,0,0,0,0,traj_sz=0
-1,0.2508,1.52045,-0.00685809,0,0,0,0,0,0,0,0,0,0,0,traj_sz=0
-1,0.2508,1.52045,-0.00685809,0,0,0,0,0,0,0,0,0,0,0,traj_sz=0
-1,0.2508,1.52045,-0.00685809,0,0,0,0,0,0,0,0,0,0,0,traj_sz=0
-1,0.2508,1.52045,-0.00685809,0,0,0,0,0,0,0,0,0,0,0,traj_sz=0
-1,0.2508,1.52045,-0.00685809,0,0,0,0,0,0,0,0,0,0,0,traj_sz=0
-1,0.2508,1.52045,-0.00685809,0,0,0,0,0,0,0,0,0,0,0,traj_sz=0
-1,0.2508,1.52045,-0.00685809,0,0,0,0,0,0,0,0,0,0,0,traj_sz=0
-1,0.2508,1.52045,-0.00685809,0,0,0,0,0,0,0,0,0,0,0,traj_sz=0
-1,0.2508,1.52045,-0.00685809,0,0,0,0,0,0,0,0,0,0,0,traj_sz=0
-1,0.2508,1.52045,-0.00685809,0,0,0,0,0,0,0,0,0,0,0,traj_sz=0
-1,0.2508,1.52045,-0.00685809,0,0,0,0,0,0,0,0,0,0,0,traj_sz=0
-1,0.2508,1.52045,-0.00685809,0,0,0,0,0,0,0,0,0,0,0,traj_sz=0
-1,0.2508,1.52045,-0.00685809,0,0,0,0,0,0,0,0,0,0,0,traj_sz=0
-1,0.2508,1.52045,-0.00685809,0,0,0,0,0,0,0,0,0,0,0,traj_sz=0
-1,0.2508,1.52045,-0.00685809,0,0,0,0,0,0,0,0,0,0,0,traj_sz=0
-1,0.2508,1.52045,-0.00685809,0,0,0,0,0,0,0,0,0,0,0,traj_sz=0
-1,0.2508,1.52045,-0.00685809,0,0,0,0,0,0,0,0,0,0,0,traj_sz=0
-1,0.2508,1.52045,-0.00685809,0,0,0,0,0,0,0,0,0,0,0,traj_sz=0
-1,0.2508,1.52045,-0.00685809,0,0,0,0,0,0,0,0,0,0,0,traj_sz=0
-1,0.2508,1.52045,-0.00685809,0,0,0,0,0,0,0,0,0,0,0,traj_sz=0
-1,0.2508,1.52045,-0.00685809,0,0,0,0,0,0,0,0,0,0,0,traj_sz=0
-1,0.2508,1.52045,-0.00685809,0,0,0,0,0,0,0,0,0,0,0,traj_sz=0
-1,0.2508,1.52045,-0.00685809,0,0,0,0,0,0,0,0,0,0,0,traj_sz=0
-1,0.2508,1.52045,-0.00685809,0,0,0,0,0,0,0,0,0,0,0,traj_sz=0
-1,0.2508,1.52045,-0.00685809,0,0,0,0,0,0,0,0,0,0,0,traj_sz=0
-1,0.2508,1.52045,-0.00685809,0,0,0,0,0,0,0,0,0,0,0,traj_sz=0
-1,0.2508,1.52045,-0.00685809,0,0,0,0,0,0,0,0,0,0,0,traj_sz=0
-1,0.2508,1.52045,-0.00685809,0,0,0,0,0,0,0,0,0,0,0,traj_sz=0
-1,0.2508,1.52045,-0.00685809,0,0,0,0,0,0,0,0,0,0,0,traj_sz=0
-1,0.2508,1.52045,-0.00685809,0,0,0,0,0,0,0,0,0,0,0,traj_sz=0
-1,0.2508,1.52045,-0.00685809,0,0,0,0,0,0,0,0,0,0,0,traj_sz=0
-1,0.2508,1.52045,-0.00685809,0,0,0,0,0,0,0,0,0,0,0,traj_sz=0
-1,0.2508,1.52045,-0.00685809,0,0,0,0,0,0,0,0,0,0,0,traj_sz=0
-1,0.2508,1.52045,-0.00685809,0,0,0,0,0,0,0,0,0,0,0,traj_sz=0
-1,0.2508,1.52045,-0.00685809,0,0,0,0,0,0,0,0,0,0,0,traj_sz=0
-1,0.2508,1.52045,-0.00685809,0,0,0,0,0,0,0,0,0,0,0,traj_sz=0
-1,0.2508,1.52045,-0.00685809,0,0,0,0,0,0,0,0,0,0,0,traj_sz=0
-1,0.2508,1.52045,-0.00685809,0,0,0,0,0,0,0,0,0,0,0,traj_sz=0
-1,0.2508,1.52045,-0.00685809,0,0,0,0,0,0,0,0,0,0,0,traj_sz=0
-1,0.2508,1.52045,-0.00685809,0,0,0,0,0,0,0,0,0,0,0,traj_sz=0
-1,0.2508,1.52045,-0.00685809,0,0,0,0,0,0,0,0,0,0,0,traj_sz=0
-1,0.2508,1.52045,-0.00685809,0,0,0,0,0,0,0,0,0,0,0,traj_sz=0
-1,0.2508,1.52045,-0.00685809,0,0,0,0,0,0,0,0,0,0,0,traj_sz=0
-1,0.2508,1.52045,-0.00685809,0,0,0,0,0,0,0,0,0,0,0,traj_sz=0
-1,0.2508,1.52045,-0.00685809,0,0,0,0,0,0,0,0,0,0,0,traj_sz=0
-1,0.2508,1.52045,-0.00685809,0,0,0,0,0,0,0,0,0,0,0,traj_sz=0
-1,0.2508,1.52045,-0.00685809,0,0,0,0,0,0,0,0,0,0,0,traj_sz=0
-1,0.2508,1.52045,-0.00685809,0,0,0,0,0,0,0,0,0,0,0,traj_sz=0
-1,0.2508,1.52045,-0.00685809,0,0,0,0,0,0,0,0,0,0,0,traj_sz=0
-1,0.2508,1.52045,-0.00685809,0,0,0,0,0,0,0,0,0,0,0,traj_sz=0
-1,0.2508,1.52045,-0.00685809,0,0,0,0,0,0,0,0,0,0,0,traj_sz=0
-1,0.2508,1.52045,-0.00685809,0,0,0,0,0,0,0,0,0,0,0,traj_sz=0
-1,0.2508,1.52045,-0.00685809,0,0,0,0,0,0,0,0,0,0,0,traj_sz=0
-1,0.2508,1.52045,-0.00685809,0,0,0,0,0,0,0,0,0,0,0,traj_sz=0
-1,0.2508,1.52045,-0.00685809,0,0,0,0,0,0,0,0,0,0,0,traj_sz=0
-1,0.2508,1.52045,-0.00685809,0,0,0,0,0,0,0,0,0,0,0,traj_sz=0
-1,0.2508,1.52045,-0.00685809,0,0,0,0,0,0,0,0,0,0,0,traj_sz=0
-1,0.2508,1.52045,-0.00685809,0,0,0,0,0,0,0,0,0,0,0,traj_sz=0
-1,0.2508,1.52045,-0.00685809,0,0,0,0,0,0,0,0,0,0,0,traj_sz=0
-1,0.2508,1.52045,-0.00685809,0,0,0,0,0,0,0,0,0,0,0,traj_sz=0
-1,0.2508,1.52045,-0.00685809,0,0,0,0,0,0,0,0,0,0,0,traj_sz=0
-1,0.2508,1.52045,-0.00685809,0,0,0,0,0,0,0,0,0,0,0,traj_sz=0
-1,0.2508,1.52045,-0.00685809,0,0,0,0,0,0,0,0,0,0,0,traj_sz=0
-1,0.2508,1.52045,-0.00685809,0,0,0,0,0,0,0,0,0,0,0,traj_sz=0
-1,0.2508,1.52045,-0.00685809,0,0,0,0,0,0,0,0,0,0,0,traj_sz=0
-1,0.2508,1.52045,-0.00685809,0,0,0,0,0,0,0,0,0,0,0,traj_sz=0
-1,0.2508,1.52045,-0.00685809,0,0,0,0,0,0,0,0,0,0,0,traj_sz=0
-1,0.2508,1.52045,-0.00685809,0,0,0,0,0,0,0,0,0,0,0,traj_sz=0
-1,0.2508,1.52045,-0.00685809,0,0,0,0,0,0,0,0,0,0,0,traj_sz=0
-1,0.2508,1.52045,-0.00685809,0,0,0,0,0,0,0,0,0,0,0,traj_sz=0
-1,0.2508,1.52045,-0.00685809,0,0,0,0,0,0,0,0,0,0,0,traj_sz=0
-1,0.2508,1.52045,-0.00685809,0,0,0,0,0,0,0,0,0,0,0,traj_sz=0
-1,0.2508,1.52045,-0.00685809,0,0,0,0,0,0,0,0,0,0,0,traj_sz=0
-1,0.2508,1.52045,-0.00685809,0,0,0,0,0,0,0,0,0,0,0,traj_sz=0
-1,0.2508,1.52045,-0.00685809,0,0,0,0,0,0,0,0,0,0,0,traj_sz=0
-1,0.2508,1.52045,-0.00685809,0,0,0,0,0,0,0,0,0,0,0,traj_sz=0
-1,0.2508,1.52045,-0.00685809,0,0,0,0,0,0,0,0,0,0,0,traj_sz=0
-1,0.2508,1.52045,-0.00685809,0,0,0,0,0,0,0,0,0,0,0,traj_sz=0
-1,0.2508,1.52045,-0.00685809,0,0,0,0,0,0,0,0,0,0,0,traj_sz=0
-1,0.2508,1.52045,-0.00685809,0,0,0,0,0,0,0,0,0,0,0,traj_sz=0
-1,0.2508,1.52045,-0.00685809,0,0,0,0,0,0,0,0,0,0,0,traj_sz=0
-1,0.2508,1.52045,-0.00685809,0,0,0,0,0,0,0,0,0,0,0,traj_sz=0
-1,0.2508,1.52045,-0.00685809,0,0,0,0,0,0,0,0,0,0,0,traj_sz=0
-1,0.2508,1.52045,-0.00685809,0,0,0,0,0,0,0,0,0,0,0,traj_sz=0
-1,0.2508,1.52045,-0.00685809,0,0,0,0,0,0,0,0,0,0,0,traj_sz=0
-1,0.2508,1.52045,-0.00685809,0,0,0,0,0,0,0,0,0,0,0,traj_sz=0
-1,0.2508,1.52045,-0.00685809,0,0,0,0,0,0,0,0,0,0,0,traj_sz=0
-1,0.2508,1.52045,-0.00685809,0,0,0,0,0,0,0,0,0,0,0,traj_sz=0
-1,0.2508,1.52045,-0.00685809,0,0,0,0,0,0,0,0,0,0,0,traj_sz=0
-1,0.2508,1.52045,-0.00685809,0,0,0,0,0,0,0,0,0,0,0,traj_sz=0
-1,0.2508,1.52045,-0.00685809,0,0,0,0,0,0,0,0,0,0,0,traj_sz=0
-1,0.2508,1.52045,-0.00685809,0,0,0,0,0,0,0,0,0,0,0,traj_sz=0
-1,0.2508,1.52045,-0.00685809,0,0,0,0,0,0,0,0,0,0,0,traj_sz=0
-1,0.2508,1.52045,-0.00685809,0,0,0,0,0,0,0,0,0,0,0,traj_sz=0
-1,0.2508,1.52045,-0.00685809,0,0,0,0,0,0,0,0,0,0,0,traj_sz=0
-1,0.2508,1.52045,-0.00685809,0,0,0,0,0,0,0,0,0,0,0,traj_sz=0
-1,0.2508,1.52045,-0.00685809,0,0,0,0,0,0,0,0,0,0,0,traj_sz=0
-1,0.2508,1.52045,-0.00685809,0,0,0,0,0,0,0,0,0,0,0,traj_sz=0
-1,0.2508,1.52045,-0.00685809,0,0,0,0,0,0,0,0,0,0,0,traj_sz=0
-1,0.2508,1.52045,-0.00685809,0,0,0,0,0,0,0,0,0,0,0,traj_sz=0
-1,0.2508,1.52045,-0.00685809,0,0,0,0,0,0,0,0,0,0,0,traj_sz=0
-1,0.2508,1.52045,-0.00685809,0,0,0,0,0,0,0,0,0,0,0,traj_sz=0
-1,0.2508,1.52045,-0.00685809,0,0,0,0,0,0,0,0,0,0,0,traj_sz=0
-1,0.2508,1.52045,-0.00685809,0,0,0,0,0,0,0,0,0,0,0,traj_sz=0
-1,0.2508,1.52045,-0.00685809,0,0,0,0,0,0,0,0,0,0,0,traj_sz=0
-1,0.2508,1.52045,-0.00685809,0,0,0,0,0,0,0,0,0,0,0,traj_sz=0
-1,0.2508,1.52045,-0.00685809,0,0,0,0,0,0,0,0,0,0,0,traj_sz=0
-1,0.2508,1.52045,-0.00685809,0,0,0,0,0,0,0,0,0,0,0,traj_sz=0
-1,0.2508,1.52045,-0.00685809,0,0,0,0,0,0,0,0,0,0,0,traj_sz=0
-1,0.2508,1.52045,-0.00685809,0,0,0,0,0,0,0,0,0,0,0,traj_sz=0
-1,0.2508,1.52045,-0.00685809,0,0,0,0,0,0,0,0,0,0,0,traj_sz=0
-1,0.2508,1.52045,-0.00685809,0,0,0,0,0,0,0,0,0,0,0,traj_sz=0
-1,0.2508,1.52045,-0.00685809,0,0,0,0,0,0,0,0,0,0,0,traj_sz=0
-1,0.2508,1.52045,-0.00685809,0,0,0,0,0,0,0,0,0,0,0,traj_sz=0
-1,0.2508,1.52045,-0.00685809,0,0,0,0,0,0,0,0,0,0,0,traj_sz=0
-1,0.2508,1.52045,-0.00685809,0,0,0,0,0,0,0,0,0,0,0,traj_sz=0
-1,0.2508,1.52045,-0.00685809,0,0,0,0,0,0,0,0,0,0,0,traj_sz=0
-1,0.2508,1.52045,-0.00685809,0,0,0,0,0,0,0,0,0,0,0,traj_sz=0
-1,0.2508,1.52045,-0.00685809,0,0,0,0,0,0,0,0,0,0,0,traj_sz=0
-1,0.2508,1.52045,-0.00685809,0,0,0,0,0,0,0,0,0,0,0,traj_sz=0
-1,0.2508,1.52045,-0.00685809,0,0,0,0,0,0,0,0,0,0,0,traj_sz=0
-1,0.2508,1.52045,-0.00685809,0,0,0,0,0,0,0,0,0,0,0,traj_sz=0
-1,0.2508,1.52045,-0.00685809,0,0,0,0,0,0,0,0,0,0,0,traj_sz=0
-1,0.2508,1.52045,-0.00685809,0,0,0,0,0,0,0,0,0,0,0,traj_sz=0
-1,0.2508,1.52045,-0.00685809,0,0,0,0,0,0,0,0,0,0,0,traj_sz=0
-1,0.2508,1.52045,-0.00685809,0,0,0,0,0,0,0,0,0,0,0,traj_sz=0
-1,0.2508,1.52045,-0.00685809,0,0,0,0,0,0,0,0,0,0,0,traj_sz=0
-1,0.2508,1.52045,-0.00685809,0,0,0,0,0,0,0,0,0,0,0,traj_sz=0
-1,0.2508,1.52045,-0.00685809,0,0,0,0,0,0,0,0,0,0,0,traj_sz=0
-1,0.2508,1.52045,-0.00685809,0,0,0,0,0,0,0,0,0,0,0,traj_sz=0
-1,0.2508,1.52045,-0.00685809,0,0,0,0,0,0,0,0,0,0,0,traj_sz=0
-1,0.2508,1.52045,-0.00685809,0,0,0,0,0,0,0,0,0,0,0,traj_sz=0
-1,0.2508,1.52045,-0.00685809,0,0,0,0,0,0,0,0,0,0,0,traj_sz=0
-1,0.2508,1.52045,-0.00685809,0,0,0,0,0,0,0,0,0,0,0,traj_sz=0
-1,0.2508,1.52045,-0.00685809,0,0,0,0,0,0,0,0,0,0,0,traj_sz=0
-1,0.2508,1.52045,-0.00685809,0,0,0,0,0,0,0,0,0,0,0,traj_sz=0
-1,0.2508,1.52045,-0.00685809,0,0,0,0,0,0,0,0,0,0,0,traj_sz=0
-1,0.2508,1.52045,-0.00685809,0,0,0,0,0,0,0,0,0,0,0,traj_sz=0
-1,0.2508,1.52045,-0.00685809,0,0,0,0,0,0,0,0,0,0,0,traj_sz=0
-1,0.2508,1.52045,-0.00685809,0,0,0,0,0,0,0,0,0,0,0,traj_sz=0
-1,0.2508,1.52045,-0.00685809,0,0,0,0,0,0,0,0,0,0,0,traj_sz=0
-1,0.2508,1.52045,-0.00685809,0,0,0,0,0,0,0,0,0,0,0,traj_sz=0
-1,0.2508,1.52045,-0.00685809,0,0,0,0,0,0,0,0,0,0,0,traj_sz=0
-1,0.2508,1.52045,-0.00685809,0,0,0,0,0,0,0,0,0,0,0,traj_sz=0
-1,0.2508,1.52045,-0.00685809,0,0,0,0,0,0,0,0,0,0,0,traj_sz=0
-1,0.2508,1.52045,-0.00685809,0,0,0,0,0,0,0,0,0,0,0,traj_sz=0
-1,0.2508,1.52045,-0.00685809,0,0,0,0,0,0,0,0,0,0,0,traj_sz=0
-1,0.2508,1.52045,-0.00685809,0,0,0,0,0,0,0,0,0,0,0,traj_sz=0
-1,0.2508,1.52045,-0.00685809,0,0,0,0,0,0,0,0,0,0,0,traj_sz=0
-1,0.2508,1.52045,-0.00685809,0,0,0,0,0,0,0,0,0,0,0,traj_sz=0
-1,0.2508,1.52045,-0.00685809,0,0,0,0,0,0,0,0,0,0,0,traj_sz=0
-1,0.2508,1.52045,-0.00685809,0,0,0,0,0,0,0,0,0,0,0,traj_sz=0
-1,0.2508,1.52045,-0.00685809,0,0,0,0,0,0,0,0,0,0,0,traj_sz=0
-1,0.2508,1.52045,-0.00685809,0,0,0,0,0,0,0,0,0,0,0,traj_sz=0
-1,0.2508,1.52045,-0.00685809,0,0,0,0,0,0,0,0,0,0,0,traj_sz=0
-1,0.2508,1.52045,-0.00685809,0,0,0,0,0,0,0,0,0,0,0,traj_sz=0
-1,0.2508,1.52045,-0.00685809,0,0,0,0,0,0,0,0,0,0,0,traj_sz=0
-1,0.2508,1.52045,-0.00685809,0,0,0,0,0,0,0,0,0,0,0,traj_sz=0
-1,0.2508,1.52045,-0.00685809,0,0,0,0,0,0,0,0,0,0,0,traj_sz=0
-1,0.2508,1.52045,-0.00685809,0,0,0,0,0,0,0,0,0,0,0,traj_sz=0
-1,0.2508,1.52045,-0.00685809,0,0,0,0,0,0,0,0,0,0,0,traj_sz=0
-1,0.2508,1.52045,-0.00685809,0,0,0,0,0,0,0,0,0,0,0,traj_sz=0
-1,0.2508,1.52045,-0.00685809,0,0,0,0,0,0,0,0,0,0,0,traj_sz=0
-1,0.2508,1.52045,-0.00685809,0,0,0,0,0,0,0,0,0,0,0,traj_sz=0
-1,0.2508,1.52045,-0.00685809,0,0,0,0,0,0,0,0,0,0,0,traj_sz=0
-1,0.2508,1.52045,-0.00685809,0,0,0,0,0,0,0,0,0,0,0,traj_sz=0
-1,0.2508,1.52045,-0.00685809,0,0,0,0,0,0,0,0,0,0,0,traj_sz=0
-1,0.2508,1.52045,-0.00685809,0,0,0,0,0,0,0,0,0,0,0,traj_sz=0
-1,0.2508,1.52045,-0.00685809,0,0,0,0,0,0,0,0,0,0,0,traj_sz=0
-1,0.2508,1.52045,-0.00685809,0,0,0,0,0,0,0,0,0,0,0,traj_sz=0
-1,0.2508,1.52045,-0.00685809,0,0,0,0,0,0,0,0,0,0,0,traj_sz=0
-1,0.2508,1.52045,-0.00685809,0,0,0,0,0,0,0,0,0,0,0,traj_sz=0
-1,0.2508,1.52045,-0.00685809,0,0,0,0,0,0,0,0,0,0,0,traj_sz=0
-1,0.2508,1.52045,-0.00685809,0,0,0,0,0,0,0,0,0,0,0,traj_sz=0
-1,0.2508,1.52045,-0.00685809,0,0,0,0,0,0,0,0,0,0,0,traj_sz=0
-1,0.2508,1.52045,-0.00685809,0,0,0,0,0,0,0,0,0,0,0,traj_sz=0
-1,0.2508,1.52045,-0.00685809,0,0,0,0,0,0,0,0,0,0,0,traj_sz=0
-1,0.2508,1.52045,-0.00685809,0,0,0,0,0,0,0,0,0,0,0,traj_sz=0
-1,0.2508,1.52045,-0.00685809,0,0,0,0,0,0,0,0,0,0,0,traj_sz=0
-1,0.2508,1.52045,-0.00685809,0,0,0,0,0,0,0,0,0,0,0,traj_sz=0
-1,0.2508,1.52045,-0.00685809,0,0,0,0,0,0,0,0,0,0,0,traj_sz=0
-1,0.2508,1.52045,-0.00685809,0,0,0,0,0,0,0,0,0,0,0,traj_sz=0
-1,0.2508,1.52045,-0.00685809,0,0,0,0,0,0,0,0,0,0,0,traj_sz=0
-1,0.2508,1.52045,-0.00685809,0,0,0,0,0,0,0,0,0,0,0,traj_sz=0
-1,0.2508,1.52045,-0.00685809,0,0,0,0,0,0,0,0,0,0,0,traj_sz=0
-1,0.2508,1.52045,-0.00685809,0,0,0,0,0,0,0,0,0,0,0,traj_sz=0
-1,0.2508,1.52045,-0.00685809,0,0,0,0,0,0,0,0,0,0,0,traj_sz=0
-1,0.2508,1.52045,-0.00685809,0,0,0,0,0,0,0,0,0,0,0,traj_sz=0
-1,0.2508,1.52045,-0.00685809,0,0,0,0,0,0,0,0,0,0,0,traj_sz=0
-1,0.2508,1.52045,-0.00685809,0,0,0,0,0,0,0,0,0,0,0,traj_sz=0
-1,0.2508,1.52045,-0.00685809,0,0,0,0,0,0,0,0,0,0,0,traj_sz=0
-1,0.2508,1.52045,-0.00685809,0,0,0,0,0,0,0,0,0,0,0,traj_sz=0
-1,0.2508,1.52045,-0.00685809,0,0,0,0,0,0,0,0,0,0,0,traj_sz=0
-1,0.2508,1.52045,-0.00685809,0,0,0,0,0,0,0,0,0,0,0,traj_sz=0
-1,0.2508,1.52045,-0.00685809,0,0,0,0,0,0,0,0,0,0,0,traj_sz=0
-1,0.2508,1.52045,-0.00685809,0,0,0,0,0,0,0,0,0,0,0,traj_sz=0
-1,0.2508,1.52045,-0.00685809,0,0,0,0,0,0,0,0,0,0,0,traj_sz=0
-1,0.2508,1.52045,-0.00685809,0,0,0,0,0,0,0,0,0,0,0,traj_sz=0
-1,0.2508,1.52045,-0.00685809,0,0,0,0,0,0,0,0,0,0,0,traj_sz=0
-1,0.2508,1.52045,-0.00685809,0,0,0,0,0,0,0,0,0,0,0,traj_sz=0
-1,0.2508,1.52045,-0.00685809,0,0,0,0,0,0,0,0,0,0,0,traj_sz=0
-1,0.2508,1.52045,-0.00685809,0,0,0,0,0,0,0,0,0,0,0,traj_sz=0
-1,0.2508,1.52045,-0.00685809,0,0,0,0,0,0,0,0,0,0,0,traj_sz=0
-1,0.2508,1.52045,-0.00685809,0,0,0,0,0,0,0,0,0,0,0,traj_sz=0
-1,0.2508,1.52045,-0.00685809,0,0,0,0,0,0,0,0,0,0,0,traj_sz=0
-1,0.2508,1.52045,-0.00685809,0,0,0,0,0,0,0,0,0,0,0,traj_sz=0
-1,0.2508,1.52045,-0.00685809,0,0,0,0,0,0,0,0,0,0,0,traj_sz=0
-1,0.2508,1.52045,-0.00685809,0,0,0,0,0,0,0,0,0,0,0,traj_sz=0
-1,0.2508,1.52045,-0.00685809,0,0,0,0,0,0,0,0,0,0,0,traj_sz=0
-1,0.2508,1.52045,-0.00685809,0,0,0,0,0,0,0,0,0,0,0,traj_sz=0
-1,0.2508,1.52045,-0.00685809,0,0,0,0,0,0,0,0,0,0,0,traj_sz=0
-1,0.2508,1.52045,-0.00685809,0,0,0,0,0,0,0,0,0,0,0,traj_sz=0
-1,0.2508,1.52045,-0.00685809,0,0,0,0,0,0,0,0,0,0,0,traj_sz=0
-1,0.2508,1.52045,-0.00685809,0,0,0,0,0,0,0,0,0,0,0,traj_sz=0
-1,0.2508,1.52045,-0.00685809,0,0,0,0,0,0,0,0,0,0,0,traj_sz=0
-1,0.2508,1.52045,-0.00685809,0,0,0,0,0,0,0,0,0,0,0,traj_sz=0
-1,0.2508,1.52045,-0.00685809,0,0,0,0,0,0,0,0,0,0,0,traj_sz=0
-1,0.2508,1.52045,-0.00685809,0,0,0,0,0,0,0,0,0,0,0,traj_sz=0
-1,0.2508,1.52045,-0.00685809,0,0,0,0,0,0,0,0,0,0,0,traj_sz=0
-1,0.2508,1.52045,-0.00685809,0,0,0,0,0,0,0,0,0,0,0,traj_sz=0
-1,0.2508,1.52045,-0.00685809,0,0,0,0,0,0,0,0,0,0,0,traj_sz=0
-1,0.2508,1.52045,-0.00685809,0,0,0,0,0,0,0,0,0,0,0,traj_sz=0
-1,0.2508,1.52045,-0.00685809,0,0,0,0,0,0,0,0,0,0,0,traj_sz=0
-1,0.2508,1.52045,-0.00685809,0,0,0,0,0,0,0,0,0,0,0,traj_sz=0
-1,0.2508,1.52045,-0.00685809,0,0,0,0,0,0,0,0,0,0,0,traj_sz=0
-1,0.2508,1.52045,-0.00685809,0,0,0,0,0,0,0,0,0,0,0,traj_sz=0
-1,0.2508,1.52045,-0.00685809,0,0,0,0,0,0,0,0,0,0,0,traj_sz=0
-1,0.2508,1.52045,-0.00685809,0,0,0,0,0,0,0,0,0,0,0,traj_sz=0
-1,0.2508,1.52045,-0.00685809,0,0,0,0,0,0,0,0,0,0,0,traj_sz=0
-1,0.2508,1.52045,-0.00685809,0,0,0,0,0,0,0,0,0,0,0,traj_sz=0
-1,0.2508,1.52045,-0.00685809,0,0,0,0,0,0,0,0,0,0,0,traj_sz=0
-1,0.2508,1.52045,-0.00685809,0,0,0,0,0,0,0,0,0,0,0,traj_sz=0
-1,0.2508,1.52045,-0.00685809,0,0,0,0,0,0,0,0,0,0,0,traj_sz=0
-1,0.2508,1.52045,-0.00685809,0,0,0,0,0,0,0,0,0,0,0,traj_sz=0
-1,0.2508,1.52045,-0.00685809,0,0,0,0,0,0,0,0,0,0,0,traj_sz=0
-1,0.2508,1.52045,-0.00685809,0,0,0,0,0,0,0,0,0,0,0,traj_sz=0
-1,0.2508,1.52045,-0.00685809,0,0,0,0,0,0,0,0,0,0,0,traj_sz=0
-1,0.2508,1.52045,-0.00685809,0,0,0,0,0,0,0,0,0,0,0,traj_sz=0
-1,0.2508,1.52045,-0.00685809,0,0,0,0,0,0,0,0,0,0,0,traj_sz=0
-1,0.2508,1.52045,-0.00685809,0,0,0,0,0,0,0,0,0,0,0,traj_sz=0
-1,0.2508,1.52045,-0.00685809,0,0,0,0,0,0,0,0,0,0,0,traj_sz=0
-1,0.2508,1.52045,-0.00685809,0,0,0,0,0,0,0,0,0,0,0,traj_sz=0
-1,0.2508,1.52045,-0.00685809,0,0,0,0,0,0,0,0,0,0,0,traj_sz=0
-1,0.2508,1.52045,-0.00685809,0,0,0,0,0,0,0,0,0,0,0,traj_sz=0
-1,0.2508,1.52045,-0.00685809,0,0,0,0,0,0,0,0,0,0,0,traj_sz=0
-1,0.2508,1.52045,-0.00685809,0,0,0,0,0,0,0,0,0,0,0,traj_sz=0
-1,0.2508,1.52045,-0.00685809,0,0,0,0,0,0,0,0,0,0,0,traj_sz=0
-1,0.2508,1.52045,-0.00685809,0,0,0,0,0,0,0,0,0,0,0,traj_sz=0
-1,0.2508,1.52045,-0.00685809,0,0,0,0,0,0,0,0,0,0,0,traj_sz=0
-1,0.2508,1.52045,-0.00685809,0,0,0,0,0,0,0,0,0,0,0,traj_sz=0
-1,0.2508,1.52045,-0.00685809,0,0,0,0,0,0,0,0,0,0,0,traj_sz=0
-1,0.2508,1.52045,-0.00685809,0,0,0,0,0,0,0,0,0,0,0,traj_sz=0
-1,0.2508,1.52045,-0.00685809,0,0,0,0,0,0,0,0,0,0,0,traj_sz=0
-1,0.2508,1.52045,-0.00685809,0,0,0,0,0,0,0,0,0,0,0,traj_sz=0
-1,0.2508,1.52045,-0.00685809,0,0,0,0,0,0,0,0,0,0,0,traj_sz=0
-1,0.2508,1.52045,-0.00685809,0,0,0,0,0,0,0,0,0,0,0,traj_sz=0
-1,0.2508,1.52045,-0.00685809,0,0,0,0,0,0,0,0,0,0,0,traj_sz=0
-1,0.2508,1.52045,-0.00685809,0,0,0,0,0,0,0,0,0,0,0,traj_sz=0
-1,0.2508,1.52045,-0.00685809,0,0,0,0,0,0,0,0,0,0,0,traj_sz=0
-1,0.2508,1.52045,-0.00685809,0,0,0,0,0,0,0,0,0,0,0,traj_sz=0
-1,0.250811,1.52046,-0.00715431,0,0,0,0,0,0,0,0,0,0,0,traj_sz=0
-1,0.250811,1.52046,-0.00715431,0,0,0,0,0,0,0,0,0,0,0,traj_sz=0
-1,0.250811,1.52046,-0.00715431,0,0,0,0,0,0,0,0,0,0,0,traj_sz=0
-1,0.250811,1.52046,-0.00715431,0,0,0,0,0,0,0,0,0,0,0,traj_sz=0
-1,0.250811,1.52046,-0.00715431,0,0,0,0,0,0,0,0,0,0,0,traj_sz=0
-1,0.250811,1.52046,-0.00715431,0,0,0,0,0,0,0,0,0,0,0,traj_sz=0
-1,0.250811,1.52046,-0.00715431,0,0,0,0,0,0,0,0,0,0,0,traj_sz=0
-1,0.250811,1.52046,-0.00715431,0,0,0,0,0,0,0,0,0,0,0,traj_sz=0
-1,0.250811,1.52046,-0.00715431,0,0,0,0,0,0,0,0,0,0,0,traj_sz=0
-1,0.250811,1.52046,-0.00715431,0,0,0,0,0,0,0,0,0,0,0,traj_sz=0
-1,0.250811,1.52046,-0.00715431,0,0,0,0,0,0,0,0,0,0,0,traj_sz=0
-1,0.250811,1.52046,-0.00715431,0,0,0,0,0,0,0,0,0,0,0,traj_sz=0
-1,0.250811,1.52046,-0.00715431,0,0,0,0,0,0,0,0,0,0,0,traj_sz=0
-1,0.250811,1.52046,-0.00715431,0,0,0,0,0,0,0,0,0,0,0,traj_sz=0
-1,0.250811,1.52046,-0.00715431,0,0,0,0,0,0,0,0,0,0,0,traj_sz=0
-1,0.250811,1.52046,-0.00715431,0,0,0,0,0,0,0,0,0,0,0,traj_sz=0
-1,0.250811,1.52046,-0.00715431,0,0,0,0,0,0,0,0,0,0,0,traj_sz=0
-1,0.250811,1.52046,-0.00715431,0,0,0,0,0,0,0,0,0,0,0,traj_sz=0
-1,0.250811,1.52046,-0.00715431,0,0,0,0,0,0,0,0,0,0,0,traj_sz=0
-1,0.250811,1.52046,-0.00715431,0,0,0,0,0,0,0,0,0,0,0,traj_sz=0
-1,0.250811,1.52046,-0.00715431,0,0,0,0,0,0,0,0,0,0,0,traj_sz=0
-1,0.250811,1.52046,-0.00715431,0,0,0,0,0,0,0,0,0,0,0,traj_sz=0
-1,0.250811,1.52046,-0.00715431,0,0,0,0,0,0,0,0,0,0,0,traj_sz=0
-1,0.250811,1.52046,-0.00715431,0,0,0,0,0,0,0,0,0,0,0,traj_sz=0
-1,0.250811,1.52046,-0.00715431,0,0,0,0,0,0,0,0,0,0,0,traj_sz=0
-1,0.250811,1.52046,-0.00715431,0,0,0,0,0,0,0,0,0,0,0,traj_sz=0
-1,0.250811,1.52046,-0.00715431,0,0,0,0,0,0,0,0,0,0,0,traj_sz=0
-1,0.250811,1.52046,-0.00715431,0,0,0,0,0,0,0,0,0,0,0,traj_sz=0
-1,0.250811,1.52046,-0.00715431,0,0,0,0,0,0,0,0,0,0,0,traj_sz=0
-1,0.250811,1.52046,-0.00715431,0,0,0,0,0,0,0,0,0,0,0,traj_sz=0
-1,0.250811,1.52046,-0.00715431,0,0,0,0,0,0,0,0,0,0,0,traj_sz=0
-1,0.250811,1.52046,-0.00715431,0,0,0,0,0,0,0,0,0,0,0,traj_sz=0
-1,0.250811,1.52046,-0.00715431,0,0,0,0,0,0,0,0,0,0,0,traj_sz=0
-1,0.250811,1.52046,-0.00715431,0,0,0,0,0,0,0,0,0,0,0,traj_sz=0
-1,0.250811,1.52046,-0.00715431,0,0,0,0,0,0,0,0,0,0,0,traj_sz=0
-1,0.250811,1.52046,-0.00715431,0,0,0,0,0,0,0,0,0,0,0,traj_sz=0
-1,0.250811,1.52046,-0.00715431,0,0,0,0,0,0,0,0,0,0,0,traj_sz=0
-1,0.250811,1.52046,-0.00715431,0,0,0,0,0,0,0,0,0,0,0,traj_sz=0
-1,0.250811,1.52046,-0.00715431,0,0,0,0,0,0,0,0,0,0,0,traj_sz=0
-1,0.250811,1.52046,-0.00715431,0,0,0,0,0,0,0,0,0,0,0,traj_sz=0
-1,0.250811,1.52046,-0.00715431,0,0,0,0,0,0,0,0,0,0,0,traj_sz=0
-1,0.250811,1.52046,-0.00715431,0,0,0,0,0,0,0,0,0,0,0,traj_sz=0
-1,0.250811,1.52046,-0.00715431,0,0,0,0,0,0,0,0,0,0,0,traj_sz=0
-1,0.250811,1.52046,-0.00715431,0,0,0,0,0,0,0,0,0,0,0,traj_sz=0
-1,0.250811,1.52046,-0.00715431,0,0,0,0,0,0,0,0,0,0,0,traj_sz=0
-1,0.250811,1.52046,-0.00715431,0,0,0,0,0,0,0,0,0,0,0,traj_sz=0
-1,0.250811,1.52046,-0.00715431,0,0,0,0,0,0,0,0,0,0,0,traj_sz=0
-1,0.250811,1.52046,-0.00715431,0,0,0,0,0,0,0,0,0,0,0,traj_sz=0
-1,0.250811,1.52046,-0.00715431,0,0,0,0,0,0,0,0,0,0,0,traj_sz=0
-1,0.250811,1.52046,-0.00715431,0,0,0,0,0,0,0,0,0,0,0,traj_sz=0
-1,0.250811,1.52046,-0.00715431,0,0,0,0,0,0,0,0,0,0,0,traj_sz=0
-1,0.250811,1.52046,-0.00715431,0,0,0,0,0,0,0,0,0,0,0,traj_sz=0
-1,0.250811,1.52046,-0.00715431,0,0,0,0,0,0,0,0,0,0,0,traj_sz=0
-1,0.250811,1.52046,-0.00715431,0,0,0,0,0,0,0,0,0,0,0,traj_sz=0
-1,0.250811,1.52046,-0.00715431,0,0,0,0,0,0,0,0,0,0,0,traj_sz=0
-1,0.250811,1.52046,-0.00715431,0,0,0,0,0,0,0,0,0,0,0,traj_sz=0
-1,0.250811,1.52046,-0.00715431,0,0,0,0,0,0,0,0,0,0,0,traj_sz=0
-1,0.250811,1.52046,-0.00715431,0,0,0,0,0,0,0,0,0,0,0,traj_sz=0
-1,0.250811,1.52046,-0.00715431,0,0,0,0,0,0,0,0,0,0,0,traj_sz=0
-1,0.250811,1.52046,-0.00715431,0,0,0,0,0,0,0,0,0,0,0,traj_sz=0
-1,0.250811,1.52046,-0.00715431,0,0,0,0,0,0,0,0,0,0,0,traj_sz=0
-1,0.250811,1.52046,-0.00715431,0,0,0,0,0,0,0,0,0,0,0,traj_sz=0
-1,0.250811,1.52046,-0.00715431,0,0,0,0,0,0,0,0,0,0,0,traj_sz=0
-1,0.250811,1.52046,-0.00715431,0,0,0,0,0,0,0,0,0,0,0,traj_sz=0
-1,0.250811,1.52046,-0.00715431,0,0,0,0,0,0,0,0,0,0,0,traj_sz=0
-1,0.250811,1.52046,-0.00715431,0,0,0,0,0,0,0,0,0,0,0,traj_sz=0
-1,0.250811,1.52046,-0.00715431,0,0,0,0,0,0,0,0,0,0,0,traj_sz=0
-1,0.250811,1.52046,-0.00715431,0,0,0,0,0,0,0,0,0,0,0,traj_sz=0
-1,0.250811,1.52046,-0.00715431,0,0,0,0,0,0,0,0,0,0,0,traj_sz=0
-1,0.250811,1.52046,-0.00715431,0,0,0,0,0,0,0,0,0,0,0,traj_sz=0
-1,0.250811,1.52046,-0.00715431,0,0,0,0,0,0,0,0,0,0,0,traj_sz=0
-1,0.250811,1.52046,-0.00715431,0,0,0,0,0,0,0,0,0,0,0,traj_sz=0
-1,0.250811,1.52046,-0.00715431,0,0,0,0,0,0,0,0,0,0,0,traj_sz=0
-1,0.250811,1.52046,-0.00715431,0,0,0,0,0,0,0,0,0,0,0,traj_sz=0
-1,0.250811,1.52046,-0.00715431,0,0,0,0,0,0,0,0,0,0,0,traj_sz=0
-1,0.250811,1.52046,-0.00715431,0,0,0,0,0,0,0,0,0,0,0,traj_sz=0
-1,0.250811,1.52046,-0.00715431,0,0,0,0,0,0,0,0,0,0,0,traj_sz=0
-1,0.250811,1.52046,-0.00715431,0,0,0,0,0,0,0,0,0,0,0,traj_sz=0
-1,0.250811,1.52046,-0.00715431,0,0,0,0,0,0,0,0,0,0,0,traj_sz=0
-1,0.250811,1.52046,-0.00715431,0,0,0,0,0,0,0,0,0,0,0,traj_sz=0
-1,0.250811,1.52046,-0.00715431,0,0,0,0,0,0,0,0,0,0,0,traj_sz=0
-1,0.250811,1.52046,-0.00715431,0,0,0,0,0,0,0,0,0,0,0,traj_sz=0
-1,0.250811,1.52046,-0.00715431,0,0,0,0,0,0,0,0,0,0,0,traj_sz=0
-1,0.250811,1.52046,-0.00715431,0,0,0,0,0,0,0,0,0,0,0,traj_sz=0
-1,0.250811,1.52046,-0.00715431,0,0,0,0,0,0,0,0,0,0,0,traj_sz=0
-1,0.250811,1.52046,-0.00715431,0,0,0,0,0,0,0,0,0,0,0,traj_sz=0
-1,0.250811,1.52046,-0.00715431,0,0,0,0,0,0,0,0,0,0,0,traj_sz=0
-1,0.250811,1.52046,-0.00715431,0,0,0,0,0,0,0,0,0,0,0,traj_sz=0
-1,0.250811,1.52046,-0.00715431,0,0,0,0,0,0,0,0,0,0,0,traj_sz=0
-1,0.250811,1.52046,-0.00715431,0,0,0,0,0,0,0,0,0,0,0,traj_sz=0
-1,0.250811,1.52046,-0.00715431,0,0,0,0,0,0,0,0,0,0,0,traj_sz=0
-1,0.250811,1.52046,-0.00715431,0,0,0,0,0,0,0,0,0,0,0,traj_sz=0
-1,0.250811,1.52046,-0.00715431,0,0,0,0,0,0,0,0,0,0,0,traj_sz=0
-1,0.250811,1.52046,-0.00715431,0,0,0,0,0,0,0,0,0,0,0,traj_sz=0
-1,0.250811,1.52046,-0.00715431,0,0,0,0,0,0,0,0,0,0,0,traj_sz=0
-1,0.250811,1.52046,-0.00715431,0,0,0,0,0,0,0,0,0,0,0,traj_sz=0
-1,0.250811,1.52046,-0.00715431,0,0,0,0,0,0,0,0,0,0,0,traj_sz=0
-1,0.250811,1.52046,-0.00715431,0,0,0,0,0,0,0,0,0,0,0,traj_sz=0
-1,0.250811,1.52046,-0.00715431,0,0,0,0,0,0,0,0,0,0,0,traj_sz=0
-1,0.250811,1.52046,-0.00715431,0,0,0,0,0,0,0,0,0,0,0,traj_sz=0
-1,0.250811,1.52046,-0.00715431,0,0,0,0,0,0,0,0,0,0,0,traj_sz=0
-1,0.250811,1.52046,-0.00715431,0,0,0,0,0,0,0,0,0,0,0,traj_sz=0
-1,0.250811,1.52046,-0.00715431,0,0,0,0,0,0,0,0,0,0,0,traj_sz=0
0.00476837,0.250811,1.52046,-0.00715431,0,0,0,0,0,0,0,0,0,0,0,traj_sz=100
0.00491452,0.250811,1.52046,-0.00715431,0.25,1.52,0,0,0,0,-0.000808127,0,-0.0036342,0.000931216,0,0.00491452
0.0249679,0.250811,1.52046,-0.00715431,0,0,0,0,0,0,0,0,0,0,0,traj_sz=100
0.0250597,0.250811,1.52046,-0.00715431,0.331002,1.51768,-0.0985581,0.098129,3,8,0.0802084,0,-0.0709162,2.25564,0,0.0250597
0.0448375,0.250811,1.52046,-0.00715431,0,0,0,0,3,8,0,0,0,0,0,traj_sz=100
0.0449464,0.250811,1.52046,-0.00715431,0.331002,1.51768,-0.0985581,0.098129,3,8,0.0802084,0,-0.0709162,2.25564,0,0.0449464
0.0648265,0.250811,1.52046,-0.00715431,0,0,0,0,3,8,0,0,0,0,0,traj_sz=100
0.0650809,0.250811,1.52046,-0.00715431,0.331002,1.51768,-0.0985581,0.098129,3,8,0.0802084,0,-0.0709162,2.25564,0,0.0650809
0.0848372,0.250811,1.52046,-0.00715431,0,0,0,0,3,8,0,0,0,0,0,traj_sz=100
0.0849745,0.250811,1.52046,-0.00715431,0.331002,1.51768,-0.0985581,0.098129,3,8,0.0802084,0,-0.0709162,2.25564,0,0.0849745
0.104895,0.250811,1.52046,-0.00715431,0,0,0,0,3,8,0,0,0,0,0,traj_sz=100
0.10511,0.250811,1.52046,-0.00715431,0.331002,1.51768,-0.0985581,0.098129,3,8,0.0802084,0,-0.0709162,2.25564,0,0.10511
0.124898,0.250811,1.52046,-0.00715431,0,0,0,0,3,8,0,0,0,0,0,traj_sz=100
0.125029,0.250811,1.52046,-0.00715431,0.331002,1.51768,-0.0985581,0.098129,3,8,0.0802084,0,-0.0709162,2.25564,0,0.125029
0.144733,0.250811,1.52046,-0.00715431,0,0,0,0,3,8,0,0,0,0,0,traj_sz=100
0.144851,0.250811,1.52046,-0.00715431,0.331002,1.51768,-0.0985581,0.098129,3,8,0.0802084,0,-0.0709162,2.25564,0,0.144851
0.164821,0.250811,1.52046,-0.00715431,0,0,0,0,3,8,0,0,0,0,0,traj_sz=100
0.164929,0.250811,1.52046,-0.00715431,0.331002,1.51768,-0.0985581,0.098129,3,8,0.0802084,0,-0.0709162,2.25564,0,0.164929
0.184763,0.250811,1.52046,-0.00715431,0,0,0,0,3,8,0,0,0,0,0,traj_sz=100
0.184849,0.250811,1.52046,-0.00715431,0.331002,1.51768,-0.0985581,0.098129,3,8,0.0802084,0,-0.0709162,2.25564,0,0.184849
0.204895,0.250811,1.52046,-0.00715431,0,0,0,0,3,8,0,0,0,0,0,traj_sz=100
0.205005,0.250811,1.52046,-0.00715431,0.331002,1.51768,-0.0985581,0.098129,3,8,0.0802084,0,-0.0709162,2.25564,0,0.205005
0.224903,0.250811,1.52046,-0.00715431,0,0,0,0,3,8,0,0,0,0,0,traj_sz=100
0.225067,0.250811,1.52046,-0.00715431,0.331002,1.51768,-0.0985581,0.098129,3,8,0.0802084,0,-0.0709162,2.25564,0,0.225067
0.244949,0.250811,1.52046,-0.00715431,0,0,0,0,3,8,0,0,0,0,0,traj_sz=100
0.245048,0.250811,1.52046,-0.00715431,0.331002,1.51768,-0.0985581,0.098129,3,8,0.0802084,0,-0.0709162,2.25564,0,0.245048
0.264869,0.250811,1.52046,-0.00715431,0,0,0,0,3,8,0,0,0,0,0,traj_sz=100
0.264983,0.250811,1.52046,-0.00715431,0.331002,1.51768,-0.0985581,0.098129,3,8,0.0802084,0,-0.0709162,2.25564,0,0.264983
0.28499,0.250811,1.52046,-0.00715431,0,0,0,0,3,8,0,0,0,0,0,traj_sz=100
0.285149,0.250811,1.52046,-0.00715431,0.331002,1.51768,-0.0985581,0.098129,3,8,0.0802084,0,-0.0709162,2.25564,0,0.285149
0.304876,0.250811,1.52046,-0.00715431,0,0,0,0,3,8,0,0,0,0,0,traj_sz=100
0.304991,0.250811,1.52046,-0.00715431,0.331002,1.51768,-0.0985581,0.098129,3,8,0.0802084,0,-0.0709162,2.25564,0,0.304991
0.32485,0.250811,1.52046,-0.00715431,0,0,0,0,3,8,0,0,0,0,0,traj_sz=100
0.324958,0.250811,1.52046,-0.00715431,0.331002,1.51768,-0.0985581,0.098129,3,8,0.0802084,0,-0.0709162,2.25564,0,0.324958
0.344856,0.250811,1.52046,-0.00715431,0,0,0,0,3,8,0,0,0,0,0,traj_sz=100
0.34495,0.250811,1.52046,-0.00715431,0.331002,1.51768,-0.0985581,0.098129,3,8,0.0802084,0,-0.0709162,2.25564,0,0.34495
0.364973,0.250811,1.52046,-0.00715431,0,0,0,0,3,8,0,0,0,0,0,traj_sz=100
0.365098,0.250811,1.52046,-0.00715431,0.331002,1.51768,-0.0985581,0.098129,3,8,0.0802084,0,-0.0709162,2.25564,0,0.365098
0.384747,0.250811,1.52046,-0.00715431,0,0,0,0,3,8,0,0,0,0,0,traj_sz=100
0.38503,0.250811,1.52046,-0.00715431,0.331002,1.51768,-0.0985581,0.098129,3,8,0.0802084,0,-0.0709162,2.25564,0,0.38503
0.404924,0.250811,1.52046,-0.00715431,0,0,0,0,3,8,0,0,0,0,0,traj_sz=100
0.405027,0.250811,1.52046,-0.00715431,0.331002,1.51768,-0.0985581,0.098129,3,8,0.0802084,0,-0.0709162,2.25564,0,0.405027
0.424938,0.250811,1.52046,-0.00715431,0,0,0,0,3,8,0,0,0,0,0,traj_sz=100
0.425055,0.250811,1.52046,-0.00715431,0.331002,1.51768,-0.0985581,0.098129,3,8,0.0802084,0,-0.0709162,2.25564,0,0.425055
0.444866,0.250811,1.52046,-0.00715431,0,0,0,0,3,8,0,0,0,0,0,traj_sz=100
0.445022,0.250811,1.52046,-0.00715431,0.331002,1.51768,-0.0985581,0.098129,3,8,0.0802084,0,-0.0709162,2.25564,0,0.445022
0.464822,0.250811,1.52046,-0.00715431,0,0,0,0,3,8,0,0,0,0,0,traj_sz=100
0.464919,0.250811,1.52046,-0.00715431,0.331002,1.51768,-0.0985581,0.098129,3,8,0.0802084,0,-0.0709162,2.25564,0,0.464919
0.484798,0.250811,1.52046,-0.00715431,0,0,0,0,3,8,0,0,0,0,0,traj_sz=100
0.484895,0.250811,1.52046,-0.00715431,0.331002,1.51768,-0.0985581,0.098129,3,8,0.0802084,0,-0.0709162,2.25564,0,0.484895
0.504753,0.250811,1.52046,-0.00715431,0,0,0,0,3,8,0,0,0,0,0,traj_sz=100
0.504838,0.250811,1.52046,-0.00715431,0.331002,1.51768,-0.0985581,0.098129,3,8,0.0802084,7.63539e-05,-0.0709162,2.25564,0,0.504838
0.524826,0.250811,1.52046,-0.00715431,0,0,0,0,3,8,0,0,0,0,0,traj_sz=100
0.525023,0.250811,1.52046,-0.00715431,0.331002,1.51768,-0.0985581,0.098129,3,8,0.0802084,0.0002061,-0.0709162,2.25564,0,0.525023
0.544997,0.250811,1.52046,-0.00715431,0,0,0,0,3,8,0,0,0,0,0,traj_sz=100
0.545162,0.250811,1.52046,-0.00715431,0.331002,1.51768,-0.0985581,0.098129,3,8,0.0802084,0.000335799,-0.0709162,2.25564,0,0.545162
0.564976,0.250811,1.52046,-0.00715431,0,0,0,0,3,8,0,0,0,0,0,traj_sz=100
0.565136,0.250811,1.52046,-0.00715431,0.331002,1.51768,-0.0985581,0.098129,3,8,0.0802084,0.000464274,-0.0709162,2.25564,0,0.565136
0.584991,0.250811,1.52046,-0.00715431,0,0,0,0,3,8,0,0,0,0,0,traj_sz=100
0.58512,0.250811,1.52046,-0.00715431,0.331002,1.51768,-0.0985581,0.098129,3,8,0.0802084,0.000592947,-0.0709162,2.25564,0,0.58512
0.604894,0.250811,1.52046,-0.00715431,0,0,0,0,3,8,0,0,0,0,0,traj_sz=100
0.605161,0.250811,1.52046,-0.00715431,0.331002,1.51768,-0.0985581,0.098129,3,8,0.0802084,0.000721768,-0.0709162,2.25564,0,0.605161
0.624872,0.250811,1.52046,-0.00715431,0,0,0,0,3,8,0,0,0,0,0,traj_sz=100
0.625065,0.250811,1.52046,-0.00715431,0.331002,1.51768,-0.0985581,0.098129,3,8,0.0802084,0.000849907,-0.0709162,2.25564,0,0.625065
0.644819,0.250811,1.52046,-0.00715431,0,0,0,0,3,8,0,0,0,0,0,traj_sz=100
0.644906,0.250811,1.52046,-0.00715431,0.331002,1.51768,-0.0985581,0.098129,3,8,0.0802084,0.000977731,-0.0709162,2.25564,0,0.644906
0.664783,0.250811,1.52046,-0.00715431,0,0,0,0,3,8,0,0,0,0,0,traj_sz=100
0.664869,0.250811,1.52046,-0.00715431,0.331002,1.51768,-0.0985581,0.098129,3,8,0.0802084,0.00110621,-0.0709162,2.25564,0,0.664869
0.684819,0.250811,1.52046,-0.00715431,0,0,0,0,3,8,0,0,0,0,0,traj_sz=100
0.684955,0.250811,1.52046,-0.00715431,0.331002,1.51768,-0.0985581,0.098129,3,8,0.0802084,0.00123541,-0.0709162,2.25564,0,0.684955
0.704804,0.250811,1.52046,-0.00715431,0,0,0,0,3,8,0,0,0,0,0,traj_sz=100
0.704992,0.250811,1.52046,-0.00715431,0.331002,1.51768,-0.0985581,0.098129,3,8,0.0802084,0.00136431,-0.0709162,2.25564,0,0.704992
0.724876,0.250811,1.52046,-0.00715431,0,0,0,0,3,8,0,0,0,0,0,traj_sz=100
0.724978,0.250811,1.52046,-0.00715431,0.331002,1.51768,-0.0985581,0.098129,3,8,0.0802084,0.001493,-0.0709162,2.25564,0,0.724978
0.744757,0.250811,1.52045,-0.00616006,0,0,0,0,3,8,0,0,0,0,0,traj_sz=100
0.744847,0.250811,1.52045,-0.00616006,0.331002,1.51768,-0.0985581,0.098129,3,8,0.0802065,0.00181316,-0.0712373,2.25564,0,0.744847
0.76491,0.250811,1.52045,-0.00616006,0,0,0,0,3,8,0,0,0,0,0,traj_sz=100
0.765042,0.250811,1.52045,-0.00616006,0.331002,1.51768,-0.0985581,0.098129,3,8,0.0802065,0.00229252,-0.0712373,2.25564,0,0.765042
0.784794,0.250811,1.52045,-0.00616006,0,0,0,0,3,8,0,0,0,0,0,traj_sz=100
0.784907,0.250811,1.52045,-0.00616006,0.331002,1.51768,-0.0985581,0.098129,3,8,0.0802065,0.00276407,-0.0712373,2.25564,0,0.784907
0.804861,0.250811,1.52045,-0.00616006,0,0,0,0,3,8,0,0,0,0,0,traj_sz=100
0.805075,0.250811,1.52045,-0.00616006,0.331002,1.51768,-0.0985581,0.098129,3,8,0.0802065,0.00324233,-0.0712373,2.25564,0,0.805075
0.824838,0.250811,1.52045,-0.00616006,0,0,0,0,3,8,0,0,0,0,0,traj_sz=100
0.824972,0.250811,1.52045,-0.00616006,0.331002,1.51768,-0.0985581,0.098129,3,8,0.0802065,0.00371471,-0.0712373,2.25564,0,0.824972
0.84493,0.250811,1.52045,-0.00616006,0,0,0,0,3,8,0,0,0,0,0,traj_sz=100
0.845025,0.250811,1.52045,-0.00616006,0.331002,1.51768,-0.0985581,0.098129,3,8,0.0802065,0.00419106,-0.0712373,2.25564,0,0.845025
0.864825,0.250811,1.52045,-0.00616006,0,0,0,0,3,8,0,0,0,0,0,traj_sz=100
0.865053,0.250811,1.52045,-0.00616006,0.331002,1.51768,-0.0985581,0.098129,3,8,0.0802065,0.00466603,-0.0712373,2.25564,0,0.865053
0.884764,0.250811,1.52045,-0.00616006,0,0,0,0,3,8,0,0,0,0,0,traj_sz=100
0.884857,0.250811,1.52045,-0.00616006,0.331002,1.51768,-0.0985581,0.098129,3,8,0.0802065,0.00513679,-0.0712373,2.25564,0,0.884857
0.904917,0.250811,1.52045,-0.00616006,0,0,0,0,3,8,0,0,0,0,0,traj_sz=100
0.90501,0.250811,1.52045,-0.00616006,0.331002,1.51768,-0.0985581,0.098129,3,8,0.0802065,0.0056152,-0.0712373,2.25564,0,0.90501
0.924958,0.250811,1.52045,-0.00616006,0,0,0,0,3,8,0,0,0,0,0,traj_sz=100
0.925128,0.250811,1.52045,-0.00616006,0.331002,1.51768,-0.0985581,0.098129,3,8,0.0802065,0.00609251,-0.0712373,2.25564,0,0.925128
0.944828,0.250811,1.52045,-0.00616006,0,0,0,0,3,8,0,0,0,0,0,traj_sz=100
0.944931,0.250811,1.52045,-0.00616006,0.331002,1.51768,-0.0985581,0.098129,3,8,0.0802065,0.00656275,-0.0712373,2.25564,0,0.944931
0.964873,0.250811,1.52045,-0.00616006,0,0,0,0,3,8,0,0,0,0,0,traj_sz=100
0.965049,0.250811,1.52045,-0.00616006,0.331002,1.51768,-0.0985581,0.098129,3,8,0.0802065,0.00703997,-0.0712373,2.25564,0,0.965049
0.98488,0.250811,1.52045,-0.00616006,0,0,0,0,3,8,0,0,0,0,0,traj_sz=100
0.984975,0.250811,1.52045,-0.00616006,0.331002,1.51768,-0.0985581,0.098129,3,8,0.0802065,0.0075134,-0.0712373,2.25564,0,0.984975
1.00486,0.250811,1.52045,-0.00616006,0,0,0,0,3,8,0,0,0,0,0,traj_sz=100
1.00503,0.250811,1.52045,-0.00616006,0.331002,1.51768,-0.0985581,0.098129,3,8,0.0802065,0.00798852,-0.0712373,2.25564,0,1.00503
1.02485,0.250811,1.52045,-0.00616006,0,0,0,0,3,8,0,0,0,0,0,traj_sz=100
1.02511,0.250811,1.52045,-0.00616006,0.331002,1.51768,-0.0985581,0.098129,3,8,0.0802065,0.00846552,-0.0712373,2.25564,0,1.02511
1.04486,0.250811,1.52045,-0.00616006,0,0,0,0,3,8,0,0,0,0,0,traj_sz=100
1.04495,0.250811,1.52045,-0.00616006,0.331002,1.51768,-0.0985581,0.098129,3,8,0.0802065,0.0089372,-0.0712373,2.25564,0,1.04495
1.06485,0.250811,1.52045,-0.00616006,0,0,0,0,3,8,0,0,0,0,0,traj_sz=100
1.065,0.250811,1.52045,-0.00616006,0.331002,1.51768,-0.0985581,0.098129,3,8,0.0802065,0.00941234,-0.0712373,2.25564,0,1.065
1.08494,0.250811,1.52045,-0.00616006,0,0,0,0,3,8,0,0,0,0,0,traj_sz=100
1.08516,0.250811,1.52045,-0.00616006,0.331002,1.51768,-0.0985581,0.098129,3,8,0.0802065,0.00989109,-0.0712373,2.25564,0,1.08516
1.10479,0.250811,1.52045,-0.00616006,0,0,0,0,3,8,0,0,0,0,0,traj_sz=100
1.10495,0.250811,1.52045,-0.00616006,0.331002,1.51768,-0.0985581,0.098129,3,8,0.0802065,0.0104625,-0.0712373,2.25564,0,1.10495
1.12474,0.250811,1.52045,-0.00616006,0,0,0,0,3,8,0,0,0,0,0,traj_sz=100
1.12485,0.250811,1.52045,-0.00616006,0.331002,1.51768,-0.0985581,0.098129,3,8,0.0802065,0.0114035,-0.0712373,2.25564,0,1.12485
1.14476,0.250811,1.52045,-0.00616006,0,0,0,0,3,8,0,0,0,0,0,traj_sz=100
1.14483,0.250811,1.52045,-0.00616006,0.331002,1.51768,-0.0985581,0.098129,3,8,0.0802065,0.0123494,-0.0712373,2.25564,0,1.14483
1.16476,0.250811,1.52045,-0.00616006,0,0,0,0,3,8,0,0,0,0,0,traj_sz=100
1.16484,0.250811,1.52045,-0.00616006,0.331002,1.51768,-0.0985581,0.098129,3,8,0.0802065,0.0132956,-0.0712373,2.25564,0,1.16484
1.18477,0.250811,1.52045,-0.00616006,0,0,0,0,3,8,0,0,0,0,0,traj_sz=100
1.18494,0.250811,1.52045,-0.00616006,0.331002,1.51768,-0.0985581,0.098129,3,8,0.0802065,0.0142457,-0.0712373,2.25564,0,1.18494
1.2048,0.250811,1.52045,-0.00616006,0,0,0,0,3,8,0,0,0,0,0,traj_sz=100
1.20495,0.250811,1.52045,-0.00616006,0.331002,1.51768,-0.0985581,0.098129,3,8,0.0802065,0.0151926,-0.0712373,2.25564,0,1.20495
1.22486,0.250811,1.52045,-0.00616006,0,0,0,0,3,8,0,0,0,0,0,traj_sz=100
1.22495,0.250811,1.52045,-0.00616006,0.331002,1.51768,-0.0985581,0.098129,3,8,0.0802065,0.0161383,-0.0712373,2.25564,0,1.22495
1.24474,0.250811,1.52045,-0.00616006,0,0,0,0,3,8,0,0,0,0,0,traj_sz=100
1.24488,0.250811,1.52045,-0.00616006,0.331002,1.51768,-0.0985581,0.098129,3,8,0.0802065,0.0170803,-0.0712373,2.25564,0,1.24488
1.26474,0.250811,1.52045,-0.00616006,0,0,0,0,3,8,0,0,0,0,0,traj_sz=100
1.26488,0.250811,1.52045,-0.00616006,0.331002,1.51768,-0.0985581,0.098129,3,8,0.0802065,0.0180255,-0.0712373,2.25564,0,1.26488
1.28472,0.250811,1.52045,-0.00616006,0,0,0,0,3,8,0,0,0,0,0,traj_sz=100
1.2848,0.250811,1.52045,-0.00616006,0.331002,1.51768,-0.0985581,0.098129,3,8,0.0802065,0.018969,-0.0712373,2.25564,0,1.2848
1.30489,0.250811,1.52045,-0.00616006,0,0,0,0,3,8,0,0,0,0,0,traj_sz=100
1.30499,0.250811,1.52045,-0.00616006,0.331002,1.51768,-0.0985581,0.098129,3,8,0.0802065,0.0199236,-0.0712373,2.25564,0,1.30499
1.32492,0.250811,1.52045,-0.00616006,0,0,0,0,3,8,0,0,0,0,0,traj_sz=100
1.32502,0.250811,1.52045,-0.00616006,0.331002,1.51768,-0.0985581,0.098129,3,8,0.0802065,0.0208705,-0.0712373,2.25564,0,1.32502
1.34495,0.250811,1.52045,-0.00616006,0,0,0,0,3,8,0,0,0,0,0,traj_sz=100
1.34527,0.250811,1.52045,-0.00616006,0.331002,1.51768,-0.0985581,0.098129,3,8,0.0802065,0.0218283,-0.0712373,2.25564,0,1.34527
1.36479,0.250811,1.52045,-0.00616006,0,0,0,0,3,8,0,0,0,0,0,traj_sz=100
1.36487,0.250811,1.52045,-0.00616006,0.331002,1.51768,-0.0985581,0.098129,3,8,0.0802065,0.0227556,-0.0712373,2.25564,0,1.36487
1.38483,0.250811,1.52045,-0.00616006,0,0,0,0,3,8,0,0,0,0,0,traj_sz=100
1.38497,0.250811,1.52045,-0.00616006,0.331002,1.51768,-0.0985581,0.098129,3,8,0.0802065,0.0237059,-0.0712373,2.25564,0,1.38497
1.40494,0.25105,1.52043,-0.00598224,0,0,0,0,3,8,0,0,0,0,0,traj_sz=100
1.40511,0.25105,1.52043,-0.00598224,0.366827,1.51413,-0.157841,0.111273,3,9,0.115813,0.0244195,-0.0710819,2.2554,0,1.40511
1.42489,0.25105,1.52043,-0.00598224,0,0,0,0,3,9,0,0,0,0,0,traj_sz=100
1.42501,0.25105,1.52043,-0.00598224,0.366827,1.51413,-0.157841,0.111273,3,9,0.115813,0.025361,-0.0710819,2.2554,0,1.42501
1.44495,0.251237,1.52045,-0.00613626,0,0,0,0,3,9,0,0,0,0,0,traj_sz=100
1.44503,0.251237,1.52045,-0.00613626,0.366827,1.51413,-0.157841,0.111273,3,9,0.115626,0.0261207,-0.0712146,2.25521,0,1.44503
1.46492,0.251237,1.52045,-0.00613626,0,0,0,0,3,9,0,0,0,0,0,traj_sz=100
1.46501,0.251237,1.52045,-0.00613626,0.366827,1.51413,-0.157841,0.111273,3,9,0.115626,0.0270655,-0.0712146,2.25521,0,1.46501
1.48491,0.251237,1.52045,-0.00613626,0,0,0,0,3,9,0,0,0,0,0,traj_sz=100
1.48498,0.251237,1.52045,-0.00613626,0.366827,1.51413,-0.157841,0.111273,3,9,0.115626,0.0284535,-0.0712146,2.25521,0,1.48498
1.5049,0.251714,1.52055,-0.00733203,0,0,0,0,3,9,0,0,0,0,0,traj_sz=100
1.50514,0.251714,1.52055,-0.00733203,0.366827,1.51413,-0.157841,0.111273,3,9,0.115157,0.0294395,-0.0723059,2.25475,0,1.50514
1.52488,0.251714,1.52055,-0.00733203,0,0,0,0,3,9,0,0,0,0,0,traj_sz=100
1.52509,0.251714,1.52055,-0.00733203,0.366827,1.51413,-0.157841,0.111273,3,9,0.115157,0.0308901,-0.0723059,2.25475,0,1.52509
1.5449,0.252302,1.52053,-0.00709379,0,0,0,0,3,9,0,0,0,0,0,traj_sz=100
1.54501,0.252302,1.52053,-0.00709379,0.366827,1.51413,-0.157841,0.111273,3,9,0.114568,0.0317519,-0.0720928,2.25416,0,1.54501
1.56496,0.252424,1.52056,-0.00742297,0,0,0,0,3,9,0,0,0,0,0,traj_sz=100
1.56529,0.252424,1.52056,-0.00742297,0.366827,1.51413,-0.157841,0.111273,3,9,0.114448,0.0330923,-0.0723955,2.25404,0,1.56529
1.58491,0.252651,1.52057,-0.00753212,0,0,0,0,3,9,0,0,0,0,0,traj_sz=100
1.58503,0.252651,1.52057,-0.00753212,0.366827,1.51413,-0.157841,0.111273,3,9,0.114221,0.0343115,-0.0724882,2.25381,0,1.58503
1.60484,0.25295,1.52053,-0.00700337,0,0,0,0,3,9,0,0,0,0,0,traj_sz=100
1.60507,0.25295,1.52053,-0.00700337,0.366827,1.51413,-0.157841,0.111273,4,9,0.113919,0.035467,-0.105753,2.25351,0,1.60507
1.62478,0.253163,1.52045,-0.00614368,0,0,0,0,4,9,0,0,0,0,0,traj_sz=100
1.62488,0.253163,1.52045,-0.00614368,0.366827,1.51413,-0.157841,0.111273,4,9,0.1137,0.0366946,-0.10498,2.25329,0,1.62488
1.6448,0.2543,1.52058,-0.00758325,0,0,0,0,4,9,0,0,0,0,0,traj_sz=100
1.64493,0.2543,1.52058,-0.00758325,0.366827,1.51413,-0.157841,0.111273,4,9,0.112573,0.0370157,-0.106321,2.25217,0,1.64493
1.66488,0.254655,1.52051,-0.0068203,0,0,0,0,4,9,0,0,0,0,0,traj_sz=100
1.66509,0.254655,1.52051,-0.0068203,0.366827,1.51413,-0.157841,0.111273,4,9,0.112213,0.0381242,-0.105643,2.25181,0,1.66509
1.68498,0.254779,1.52046,-0.00626992,0,0,0,0,4,9,0,0,0,0,0,traj_sz=100
1.68519,0.254779,1.52046,-0.00626992,0.366827,1.51413,-0.157841,0.111273,4,9,0.112086,0.0394614,-0.105147,2.25168,0,1.68519
1.70494,0.255546,1.52058,-0.00766501,0,0,0,0,4,9,0,0,0,0,0,traj_sz=100
1.70505,0.255546,1.52058,-0.00766501,0.366827,1.51413,-0.157841,0.111273,4,9,0.111328,0.0401399,-0.106434,2.25093,0,1.70505
1.72498,0.256067,1.52045,-0.00612356,0,0,0,0,4,9,0,0,0,0,0,traj_sz=100
1.72514,0.256067,1.52045,-0.00612356,0.366827,1.51413,-0.157841,0.111273,4,9,0.110796,0.0410769,-0.105055,2.2504,0,1.72514
1.74483,0.257496,1.52043,-0.00595101,0,0,0,0,4,9,0,0,0,0,0,traj_sz=100
1.74492,0.257496,1.52043,-0.00595101,0.366827,1.51413,-0.157841,0.111273,4,9,0.109367,0.0410868,-0.104942,2.24897,0,1.74492
1.76489,0.257906,1.52063,-0.0081978,0,0,0,0,4,9,0,0,0,0,0,traj_sz=100
1.76498,0.257906,1.52063,-0.0081978,0.366827,1.51413,-0.157841,0.111273,4,9,0.10897,0.0421356,-0.106999,2.24858,0,1.76498
1.78484,0.25833,1.52041,-0.0057339,0,0,0,0,4,9,0,0,0,0,0,traj_sz=100
1.7849,0.25833,1.52041,-0.0057339,0.366827,1.51413,-0.157841,0.111273,4,9,0.108532,0.0431583,-0.104774,2.24814,0,1.7849
1.80491,0.258743,1.52066,-0.00851403,0,0,0,0,4,9,0,0,0,0,0,traj_sz=100
1.80499,0.258743,1.52066,-0.00851403,0.366827,1.51413,-0.157841,0.111273,4,9,0.108136,0.0442075,-0.107312,2.24775,0,1.80499
1.82488,0.259621,1.52059,-0.00868001,0,0,0,0,4,9,0,0,0,0,0,traj_sz=100
1.82521,0.259621,1.52059,-0.00868001,0.366827,1.51413,-0.157841,0.111273,5,9,0.107258,0.0447924,-0.143606,2.24686,0,1.82521
1.84486,0.261753,1.52059,-0.00867287,0,0,0,0,5,9,0,0,0,0,0,traj_sz=100
1.84494,0.261753,1.52059,-0.00867287,0.366827,1.51413,-0.157841,0.111273,5,9,0.105127,0.0443486,-0.143886,2.24474,0,1.84494
1.86492,0.262329,1.52059,-0.00869222,0,0,0,0,5,9,0,0,0,0,0,traj_sz=100
1.86505,0.262329,1.52059,-0.00869222,0.366827,1.51413,-0.157841,0.111273,5,9,0.104551,0.045706,-0.143973,2.24416,0,1.86505
1.88493,0.262844,1.52057,-0.00850725,0,0,0,0,5,9,0,0,0,0,0,traj_sz=100
1.88513,0.262844,1.52057,-0.00850725,0.366827,1.51413,-0.157841,0.111273,5,9,0.104034,0.0471178,-0.14387,2.24365,0,1.88513
1.90475,0.264163,1.52066,-0.00945632,0,0,0,0,5,9,0,0,0,0,0,traj_sz=100
1.90484,0.264163,1.52066,-0.00945632,0.366827,1.51413,-0.157841,0.111273,5,9,0.102721,0.0476964,-0.144938,2.24234,0,1.90484
1.92473,0.264474,1.52071,-0.0100231,0,0,0,0,5,9,0,0,0,0,0,traj_sz=100
1.92482,0.264474,1.52071,-0.0100231,0.366827,1.51413,-0.157841,0.111273,5,9,0.102414,0.0493059,-0.145489,2.24203,0,1.92482
1.9448,0.266373,1.52071,-0.012312,0,0,0,0,5,9,0,0,0,0,0,traj_sz=100
1.94488,0.266373,1.52071,-0.012312,0.366827,1.51413,-0.157841,0.111273,5,9,0.100528,0.0493362,-0.144705,2.24014,0,1.94488
1.96487,0.266731,1.52057,-0.0106948,0,0,0,0,5,9,0,0,0,0,0,traj_sz=100
1.965,0.266731,1.52057,-0.0106948,0.366827,1.51413,-0.157841,0.111273,5,9,0.100159,0.0509075,-0.143291,2.23977,0,1.965
1.9849,0.267238,1.52071,-0.0131324,0,0,0,0,5,9,0,0,0,0,0,traj_sz=100
1.98508,0.267238,1.52071,-0.0131324,0.366827,1.51413,-0.157841,0.111273,5,9,0.0996672,0.0523329,-0.144336,2.23928,0,1.98508
2.00487,0.267723,1.52074,-0.0135746,0,0,0,0,5,9,0,0,0,0,0,traj_sz=100
2.00498,0.267723,1.52074,-0.0135746,0.366827,1.51413,-0.157841,0.111273,5,9,0.0991842,0.0537617,-0.144788,2.2388,0,2.00498
2.02493,0.268222,1.52061,-0.0120769,0,0,0,0,5,9,0,0,0,0,0,traj_sz=100
2.02504,0.268222,1.52061,-0.0120769,0.366827,1.51413,-0.157841,0.111273,5,9,0.098676,0.0551881,-0.143502,2.23829,0,2.02504
2.04488,0.270063,1.52073,-0.0142441,0,0,0,0,5,9,0,0,0,0,0,traj_sz=100
2.04505,0.270063,1.52073,-0.0142441,0.366827,1.51413,-0.157841,0.111273,5,9,0.0968476,0.0552718,-0.144515,2.23646,0,2.04505
2.06484,0.270605,1.52072,-0.0142074,0,0,0,0,5,9,0,0,0,0,0,traj_sz=100
2.06494,0.270605,1.52072,-0.0142074,0.366827,1.51413,-0.157841,0.111273,5,9,0.0963059,0.0566438,-0.144544,2.23592,0,2.06494
2.08486,0.270964,1.52074,-0.0143643,0,0,0,0,5,9,0,0,0,0,0,traj_sz=100
2.08497,0.270964,1.52074,-0.0143643,0.366827,1.51413,-0.157841,0.111273,5,9,0.0959485,0.0582105,-0.144748,2.23557,0,2.08497
2.10478,0.272397,1.52064,-0.0175341,0,0,0,0,5,9,0,0,0,0,0,traj_sz=100
2.10486,0.272397,1.52064,-0.0175341,0.366827,1.51413,-0.157841,0.111273,6,9,0.0945296,0.0586878,-0.183387,2.23413,0,2.10486
2.12486,0.273051,1.52067,-0.0177944,0,0,0,0,6,9,0,0,0,0,0,traj_sz=100
2.12503,0.273051,1.52067,-0.0177944,0.366827,1.51413,-0.157841,0.111273,6,9,0.0938777,0.0599711,-0.183871,2.23348,0,2.12503
2.14492,0.275731,1.52066,-0.0185572,0,0,0,0,6,9,0,0,0,0,0,traj_sz=100
2.14533,0.275731,1.52066,-0.0185572,0.366827,1.51413,-0.157841,0.111273,6,9,0.0912014,0.0592211,-0.184379,2.23081,0,2.14533
2.16483,0.276196,1.52052,-0.016985,0,0,0,0,6,9,0,0,0,0,0,traj_sz=100
2.16494,0.276196,1.52052,-0.016985,0.366827,1.51413,-0.157841,0.111273,6,9,0.090726,0.0606604,-0.18313,2.23033,0,2.16494
2.18476,0.276696,1.5208,-0.0201033,0,0,0,0,6,9,0,0,0,0,0,traj_sz=100
2.18484,0.276696,1.5208,-0.0201033,0.366827,1.51413,-0.157841,0.111273,6,9,0.0902469,0.0620811,-0.186144,2.22985,0,2.18484
2.20494,0.278039,1.52106,-0.0225479,0,0,0,0,6,9,0,0,0,0,0,traj_sz=100
2.20508,0.278039,1.52106,-0.0225479,0.366827,1.51413,-0.157841,0.111273,6,9,0.0889217,0.0627626,-0.189419,2.22854,0,2.20508
2.22483,0.278651,1.52122,-0.0243678,0,0,0,0,6,9,0,0,0,0,0,traj_sz=100
2.22503,0.278651,1.52122,-0.0243678,0.366827,1.51413,-0.157841,0.111273,6,9,0.088323,0.0644437,-0.191316,2.22794,0,2.22503
2.24479,0.280867,1.52086,-0.0240413,0,0,0,0,6,9,0,0,0,0,0,traj_sz=100
2.24489,0.280867,1.52086,-0.0240413,0.366827,1.51413,-0.157841,0.111273,6,9,0.0860966,0.064501,-0.186893,2.2257,0,2.24489
2.26487,0.281827,1.52102,-0.0267003,0,0,0,0,6,9,0,0,0,0,0,traj_sz=100
2.26501,0.281827,1.52102,-0.0267003,0.366827,1.51413,-0.157841,0.111273,6,9,0.0851541,0.0658569,-0.188428,2.22476,0,2.26501
2.28496,0.282473,1.52101,-0.0266141,0,0,0,0,6,9,0,0,0,0,0,traj_sz=100
2.28507,0.282473,1.52101,-0.0266141,0.366827,1.51413,-0.157841,0.111273,6,9,0.0845074,0.0675152,-0.188595,2.22411,0,2.28507
2.30493,0.283946,1.52107,-0.0281844,0,0,0,0,6,9,0,0,0,0,0,traj_sz=100
2.30516,0.283946,1.52107,-0.0281844,0.366827,1.51413,-0.157841,0.111273,6,9,0.0830438,0.0683504,-0.189329,2.22265,0,2.30516
2.32479,0.284631,1.5211,-0.0297146,0,0,0,0,6,9,0,0,0,0,0,traj_sz=100
2.32493,0.284631,1.5211,-0.0297146,0.366827,1.51413,-0.157841,0.111273,6,9,0.0823662,0.0699368,-0.189213,2.22197,0,2.32493
2.34472,0.287449,1.52117,-0.0323822,0,0,0,0,6,9,0,0,0,0,0,traj_sz=100
2.3448,0.287449,1.52117,-0.0323822,0.407142,1.50772,-0.229918,0.119998,6,10,0.120066,0.0694099,-0.19013,2.21916,0,2.3448
2.36483,0.28813,1.52098,-0.0320052,0,0,0,0,6,10,0,0,0,0,0,traj_sz=100
2.3652,0.28813,1.52098,-0.0320052,0.407142,1.50772,-0.229918,0.119998,6,10,0.119375,0.0710471,-0.187781,2.21847,0,2.3652
2.38489,0.288837,1.52106,-0.0342832,0,0,0,0,6,10,0,0,0,0,0,traj_sz=100
2.385,0.288837,1.52106,-0.0342832,0.407142,1.50772,-0.229918,0.119998,6,10,0.118693,0.072636,-0.188204,2.21777,0,2.385
2.40495,0.290079,1.521,-0.0345452,0,0,0,0,6,10,0,0,0,0,0,traj_sz=100
2.40514,0.290079,1.521,-0.0345452,0.407142,1.50772,-0.229918,0.119998,7,10,0.117452,0.0737031,-0.226311,2.21653,0,2.40514
2.42494,0.290803,1.52103,-0.0349254,0,0,0,0,7,10,0,0,0,0,0,traj_sz=100
2.42506,0.290803,1.52103,-0.0349254,0.407142,1.50772,-0.229918,0.119998,7,10,0.116732,0.0752709,-0.227245,2.21581,0,2.42506
2.44486,0.293811,1.52111,-0.0392965,0,0,0,0,7,10,0,0,0,0,0,traj_sz=100
2.44498,0.293811,1.52111,-0.0392965,0.407142,1.50772,-0.229918,0.119998,7,10,0.113769,0.0745583,-0.22891,2.21281,0,2.44498
2.46488,0.294657,1.52114,-0.0405705,0,0,0,0,7,10,0,0,0,0,0,traj_sz=100
2.46507,0.294657,1.52114,-0.0405705,0.407142,1.50772,-0.229918,0.119998,7,10,0.112937,0.0760172,-0.229423,2.21197,0,2.46507
2.48488,0.295556,1.52098,-0.0403019,0,0,0,0,7,10,0,0,0,0,0,traj_sz=100
2.485,0.295556,1.52098,-0.0403019,0.407142,1.50772,-0.229918,0.119998,7,10,0.112029,0.0774057,-0.227867,2.21106,0,2.485
2.50493,0.297195,1.52099,-0.0414616,0,0,0,0,7,10,0,0,0,0,0,traj_sz=100
2.50502,0.297195,1.52099,-0.0414616,0.407142,1.50772,-0.229918,0.119998,7,10,0.110402,0.0780691,-0.228881,2.20943,0,2.50502
2.52486,0.29811,1.52108,-0.0424001,0,0,0,0,7,10,0,0,0,0,0,traj_sz=100
2.52502,0.29811,1.52108,-0.0424001,0.407142,1.50772,-0.229918,0.119998,7,10,0.1095,0.0794564,-0.230476,2.20853,0,2.52502
2.54486,0.301764,1.52113,-0.0464845,0,0,0,0,7,10,0,0,0,0,0,traj_sz=100
2.54497,0.301764,1.52113,-0.0464845,0.407142,1.50772,-0.229918,0.119998,7,10,0.105888,0.0781024,-0.23244,2.20489,0,2.54497
2.56483,0.302801,1.52093,-0.0471878,0,0,0,0,7,10,0,0,0,0,0,traj_sz=100
2.56493,0.302801,1.52093,-0.0471878,0.407142,1.50772,-0.229918,0.119998,7,10,0.104849,0.0793498,-0.229996,2.20384,0,2.56493
2.58492,0.303674,1.521,-0.0488417,0,0,0,0,7,10,0,0,0,0,0,traj_sz=100
2.58501,0.303674,1.521,-0.0488417,0.407142,1.50772,-0.229918,0.119998,7,10,0.103993,0.0810042,-0.230919,2.20297,0,2.58501
2.60489,0.30467,1.52107,-0.0507521,0,0,0,0,7,10,0,0,0,0,0,traj_sz=100
2.60499,0.30467,1.52107,-0.0507521,0.407142,1.50772,-0.229918,0.119998,7,10,0.103018,0.0825652,-0.231996,2.20199,0,2.60499
2.62489,0.306441,1.52109,-0.0532005,0,0,0,0,7,10,0,0,0,0,0,traj_sz=100
2.62512,0.306441,1.52109,-0.0532005,0.407142,1.50772,-0.229918,0.119998,7,10,0.10127,0.083365,-0.232562,2.20022,0,2.62512
2.64493,0.310158,1.52102,-0.0570478,0,0,0,0,7,10,0,0,0,0,0,traj_sz=100
2.64503,0.310158,1.52102,-0.0570478,0.407142,1.50772,-0.229918,0.119998,7,10,0.097585,0.0821971,-0.232822,2.19651,0,2.64503
2.66482,0.311055,1.52087,-0.058776,0,0,0,0,7,10,0,0,0,0,0,traj_sz=100
2.66495,0.311055,1.52087,-0.058776,0.407142,1.50772,-0.229918,0.119998,7,10,0.0966938,0.083835,-0.23056,2.1956,0,2.66495
2.68493,0.311978,1.52087,-0.0601578,0,0,0,0,7,10,0,0,0,0,0,traj_sz=100
2.68511,0.311978,1.52087,-0.0601578,0.407142,1.50772,-0.229918,0.119998,7,10,0.0957832,0.085488,-0.230728,2.19468,0,2.68511
2.70485,0.313996,1.52095,-0.0631002,0,0,0,0,7,10,0,0,0,0,0,traj_sz=100
2.70496,0.313996,1.52095,-0.0631002,0.407142,1.50772,-0.229918,0.119998,7,10,0.0937946,0.0860144,-0.232178,2.19268,0,2.70496
2.72484,0.31488,1.52098,-0.0660336,0,0,0,0,7,10,0,0,0,0,0,traj_sz=100
2.72506,0.31488,1.52098,-0.0660336,0.407142,1.50772,-0.229918,0.119998,7,10,0.0929359,0.0877003,-0.232085,2.1918,0,2.72506
2.74487,0.318687,1.52083,-0.0700681,0,0,0,0,7,10,0,0,0,0,0,traj_sz=100
2.74495,0.318687,1.52083,-0.0700681,0.407142,1.50772,-0.229918,0.119998,8,10,0.089156,0.0864364,-0.265819,2.18799,0,2.74495
2.76483,0.319641,1.52092,-0.0731005,0,0,0,0,8,10,0,0,0,0,0,traj_sz=100
2.7649,0.319641,1.52092,-0.0731005,0.407142,1.50772,-0.229918,0.119998,8,10,0.0882317,0.0880406,-0.267229,2.18705,0,2.7649
2.78487,0.320619,1.52078,-0.0730577,0,0,0,0,8,10,0,0,0,0,0,traj_sz=100
2.78507,0.320619,1.52078,-0.0730577,0.407142,1.50772,-0.229918,0.119998,8,10,0.0872458,0.0896295,-0.266593,2.18606,0,2.78507
2.805,0.322595,1.52047,-0.0737643,0,0,0,0,8,10,0,0,0,0,0,traj_sz=100
2.80511,0.322595,1.52047,-0.0737643,0.407142,1.50772,-0.229918,0.119998,8,10,0.085257,0.0901939,-0.26464,2.18407,0,2.80511
2.82495,0.32351,1.52044,-0.0747478,0,0,0,0,8,10,0,0,0,0,0,traj_sz=100
2.82504,0.32351,1.52044,-0.0747478,0.407142,1.50772,-0.229918,0.119998,8,10,0.0843479,0.091825,-0.265057,2.18315,0,2.82504
2.84496,0.327366,1.52042,-0.0824794,0,0,0,0,8,10,0,0,0,0,0,traj_sz=100
2.84519,0.327366,1.52042,-0.0824794,0.407142,1.50772,-0.229918,0.119998,8,10,0.0805512,0.0905481,-0.266964,2.17931,0,2.84519
2.86484,0.32837,1.52027,-0.082563,0,0,0,0,8,10,0,0,0,0,0,traj_sz=100
2.86497,0.32837,1.52027,-0.082563,0.450007,1.49768,-0.311589,0.124492,8,11,0.123086,0.0920649,-0.266223,2.1783,0,2.86497
2.88484,0.329337,1.52026,-0.0834962,0,0,0,0,8,11,0,0,0,0,0,traj_sz=100
2.88496,0.329337,1.52026,-0.0834962,0.450007,1.49768,-0.311589,0.124492,8,11,0.122133,0.0936556,-0.267039,2.17733,0,2.88496
2.90484,0.331405,1.52034,-0.0869453,0,0,0,0,8,11,0,0,0,0,0,traj_sz=100
2.90492,0.331405,1.52034,-0.0869453,0.450007,1.49768,-0.311589,0.124492,8,11,0.120122,0.0941532,-0.269777,2.17527,0,2.90492
2.92483,0.332321,1.52022,-0.0894136,0,0,0,0,8,11,0,0,0,0,0,traj_sz=100
2.92495,0.332321,1.52022,-0.0894136,0.450007,1.49768,-0.311589,0.124492,8,11,0.119229,0.0957875,-0.268211,2.17435,0,2.92495
2.94483,0.336493,1.51984,-0.0947186,0,0,0,0,8,11,0,0,0,0,0,traj_sz=100
2.94491,0.336493,1.51984,-0.0947186,0.450007,1.49768,-0.311589,0.124492,8,11,0.1151,0.0942129,-0.266206,2.17016,0,2.94491
2.96475,0.337638,1.51969,-0.0957,0,0,0,0,8,11,0,0,0,0,0,traj_sz=100
2.96483,0.337638,1.51969,-0.0957,0.450007,1.49768,-0.311589,0.124492,8,11,0.113958,0.0957369,-0.265291,2.16901,0,2.96483
2.98487,0.338691,1.51971,-0.0976002,0,0,0,0,8,11,0,0,0,0,0,traj_sz=100
2.98499,0.338691,1.51971,-0.0976002,0.450007,1.49768,-0.311589,0.124492,8,11,0.112933,0.097401,-0.266252,2.16796,0,2.98499
3.00491,0.340806,1.51941,-0.0980202,0,0,0,0,8,11,0,0,0,0,0,traj_sz=100
3.00527,0.340806,1.51941,-0.0980202,0.450007,1.49768,-0.311589,0.124492,8,11,0.110804,0.0979649,-0.26472,2.16583,0,3.00527
3.02484,0.341736,1.51922,-0.100897,0,0,0,0,8,11,0,0,0,0,0,traj_sz=100
3.02496,0.341736,1.51922,-0.100897,0.450007,1.49768,-0.311589,0.124492,8,11,0.10989,0.099691,-0.261921,2.16489,0,3.02496
3.04487,0.345808,1.51917,-0.106628,0,0,0,0,8,11,0,0,0,0,0,traj_sz=100
3.04512,0.345808,1.51917,-0.106628,0.450007,1.49768,-0.311589,0.124492,8,11,0.105894,0.0983426,-0.264634,2.16082,0,3.04512
3.0648,0.346841,1.5191,-0.109171,0,0,0,0,8,11,0,0,0,0,0,traj_sz=100
3.06489,0.346841,1.5191,-0.109171,0.450007,1.49768,-0.311589,0.124492,8,11,0.104885,0.099973,-0.263965,2.15979,0,3.06489
3.08484,0.347948,1.51922,-0.111768,0,0,0,0,8,11,0,0,0,0,0,traj_sz=100
3.08495,0.347948,1.51922,-0.111768,0.450007,1.49768,-0.311589,0.124492,8,11,0.103824,0.101585,-0.266226,2.15869,0,3.08495
3.10497,0.349875,1.51878,-0.114501,0,0,0,0,8,11,0,0,0,0,0,traj_sz=100
3.10508,0.349875,1.51878,-0.114501,0.450007,1.49768,-0.311589,0.124492,9,11,0.101887,0.102325,-0.290815,2.15674,0,3.10508
3.12498,0.350841,1.51886,-0.117309,0,0,0,0,9,11,0,0,0,0,0,traj_sz=100
3.12509,0.350841,1.51886,-0.117309,0.450007,1.49768,-0.311589,0.124492,9,11,0.100963,0.104066,-0.29295,2.15578,0,3.12509
3.14484,0.355105,1.51849,-0.124409,0,0,0,0,9,11,0,0,0,0,0,traj_sz=100
3.14497,0.355105,1.51849,-0.124409,0.450007,1.49768,-0.311589,0.124492,9,11,0.0967503,0.102462,-0.294291,2.1515,0,3.14497
3.1649,0.356148,1.51811,-0.1233,0,0,0,0,9,11,0,0,0,0,0,traj_sz=100
3.16517,0.356148,1.51811,-0.1233,0.450007,1.49768,-0.311589,0.124492,9,11,0.0956584,0.104089,-0.291637,2.15043,0,3.16517
3.18484,0.357195,1.5182,-0.127301,0,0,0,0,9,11,0,0,0,0,0,traj_sz=100
3.18491,0.357195,1.5182,-0.127301,0.450007,1.49768,-0.311589,0.124492,9,11,0.094666,0.105723,-0.293668,2.1494,0,3.18491
3.20482,0.359375,1.51805,-0.129606,0,0,0,0,9,11,0,0,0,0,0,traj_sz=100
3.20492,0.359375,1.51805,-0.129606,0.450007,1.49768,-0.311589,0.124492,9,11,0.0925042,0.106232,-0.295506,2.14721,0,3.20492
3.22487,0.360643,1.51795,-0.132219,0,0,0,0,9,11,0,0,0,0,0,traj_sz=100
3.22506,0.360643,1.51795,-0.132219,0.450007,1.49768,-0.311589,0.124492,9,11,0.0912566,0.107666,-0.295849,2.14594,0,3.22506
3.24487,0.365045,1.51753,-0.139232,0,0,0,0,9,11,0,0,0,0,0,traj_sz=100
3.24495,0.365045,1.51753,-0.139232,0.450007,1.49768,-0.311589,0.124492,9,11,0.0868955,0.105927,-0.296919,2.14152,0,3.24495
3.26479,0.366109,1.51732,-0.141945,0,0,0,0,9,11,0,0,0,0,0,traj_sz=100
3.26501,0.366109,1.51732,-0.141945,0.450007,1.49768,-0.311589,0.124492,9,11,0.0858324,0.107534,-0.294982,2.14044,0,3.26501
3.28483,0.36724,1.51697,-0.140486,0,0,0,0,9,11,0,0,0,0,0,traj_sz=100
3.28493,0.36724,1.51697,-0.140486,0.450007,1.49768,-0.311589,0.124492,9,11,0.0846519,0.109041,-0.293117,2.13929,0,3.28493
3.30492,0.369434,1.51684,-0.146183,0,0,0,0,9,11,0,0,0,0,0,traj_sz=100
3.30503,0.369434,1.51684,-0.146183,0.450007,1.49768,-0.311589,0.124492,9,11,0.0825046,0.109556,-0.293834,2.13709,0,3.30503
3.32499,0.370554,1.51679,-0.148346,0,0,0,0,9,11,0,0,0,0,0,traj_sz=100
3.3252,0.370554,1.51679,-0.148346,0.450007,1.49768,-0.311589,0.124492,9,11,0.081406,0.111178,-0.29487,2.13597,0,3.3252
3.34478,0.375308,1.5162,-0.154606,0,0,0,0,9,11,0,0,0,0,0,traj_sz=100
3.34497,0.375308,1.5162,-0.154606,0.450007,1.49768,-0.311589,0.124492,9,11,0.0766604,0.109075,-0.294472,2.13118,0,3.34497
3.36478,0.376428,1.51567,-0.155921,0,0,0,0,9,11,0,0,0,0,0,traj_sz=100
3.36489,0.376428,1.51567,-0.155921,0.450007,1.49768,-0.311589,0.124492,9,11,0.0754807,0.110586,-0.288686,2.13002,0,3.36489
3.38478,0.377589,1.51572,-0.157453,0,0,0,0,9,11,0,0,0,0,0,traj_sz=100
3.38487,0.377589,1.51572,-0.157453,0.450007,1.49768,-0.311589,0.124492,9,11,0.0743505,0.112161,-0.291417,2.12887,0,3.38487
3.40482,0.380043,1.51558,-0.161579,0,0,0,0,9,11,0,0,0,0,0,traj_sz=100
3.40506,0.380043,1.51558,-0.161579,0.450007,1.49768,-0.311589,0.124492,9,11,0.0719321,0.112451,-0.293299,2.12641,0,3.40506
3.42477,0.381361,1.5151,-0.161153,0,0,0,0,9,11,0,0,0,0,0,traj_sz=100
3.42499,0.381361,1.5151,-0.161153,0.450007,1.49768,-0.311589,0.124492,9,11,0.0705515,0.113779,-0.289483,2.12506,0,3.42499
3.44483,0.386829,1.51455,-0.171291,0,0,0,0,9,11,0,0,0,0,0,traj_sz=100
3.44497,0.386829,1.51455,-0.171291,0.450007,1.49768,-0.311589,0.124492,9,11,0.0651293,0.111016,-0.289662,2.11957,0,3.44497
3.46491,0.388067,1.51446,-0.174408,0,0,0,0,9,11,0,0,0,0,0,traj_sz=100
3.46499,0.388067,1.51446,-0.174408,0.450007,1.49768,-0.311589,0.124492,10,11,0.0639121,0.112502,-0.314435,2.11833,0,3.46499
3.48476,0.389369,1.51415,-0.176023,0,0,0,0,10,11,0,0,0,0,0,traj_sz=100
3.48511,0.389369,1.51415,-0.176023,0.450007,1.49768,-0.311589,0.124492,10,11,0.0625858,0.113892,-0.313721,2.117,0,3.48511
3.50478,0.392018,1.51397,-0.181157,0,0,0,0,10,11,0,0,0,0,0,traj_sz=100
3.505,0.392018,1.51397,-0.181157,0.450007,1.49768,-0.311589,0.124492,10,11,0.059976,0.113957,-0.317828,2.11435,0,3.505
3.52481,0.393435,1.51351,-0.181501,0,0,0,0,10,11,0,0,0,0,0,traj_sz=100
3.52488,0.393435,1.51351,-0.181501,0.49348,1.48368,-0.399163,0.12563,10,12,0.103787,0.115179,-0.315757,2.1129,0,3.52488
3.54482,0.398488,1.51284,-0.192425,0,0,0,0,10,12,0,0,0,0,0,traj_sz=100
3.54488,0.398488,1.51284,-0.192425,0.49348,1.48368,-0.399163,0.12563,10,12,0.0988146,0.112808,-0.31828,2.10781,0,3.54488
3.56483,0.399784,1.51271,-0.194033,0,0,0,0,10,12,0,0,0,0,0,traj_sz=100
3.56496,0.399784,1.51271,-0.194033,0.49348,1.48368,-0.399163,0.12563,10,12,0.0975356,0.114235,-0.320191,2.10651,0,3.56496
3.58487,0.40106,1.51232,-0.195303,0,0,0,0,10,12,0,0,0,0,0,traj_sz=100
3.58502,0.40106,1.51232,-0.195303,0.49348,1.48368,-0.399163,0.12563,10,12,0.0962214,0.115625,-0.318243,2.10521,0,3.58502
3.60492,0.403768,1.51175,-0.197187,0,0,0,0,10,12,0,0,0,0,0,traj_sz=100
3.60502,0.403768,1.51175,-0.197187,0.49348,1.48368,-0.399163,0.12563,10,12,0.0934728,0.115573,-0.318298,2.10246,0,3.60502
3.62492,0.405082,1.51149,-0.198233,0,0,0,0,10,12,0,0,0,0,0,traj_sz=100
3.62502,0.405082,1.51149,-0.198233,0.49348,1.48368,-0.399163,0.12563,10,12,0.092144,0.116945,-0.318573,2.10113,0,3.62502
3.64478,0.410033,1.51089,-0.21228,0,0,0,0,10,12,0,0,0,0,0,traj_sz=100
3.64497,0.410033,1.51089,-0.21228,0.49348,1.48368,-0.399163,0.12563,10,12,0.0873075,0.114686,-0.320418,2.09615,0,3.64497
3.66482,0.411334,1.51094,-0.217235,0,0,0,0,10,12,0,0,0,0,0,traj_sz=100
3.66498,0.411334,1.51094,-0.217235,0.49348,1.48368,-0.399163,0.12563,10,12,0.086091,0.116143,-0.323311,2.09486,0,3.66498
3.68483,0.412494,1.51042,-0.215771,0,0,0,0,10,12,0,0,0,0,0,traj_sz=100
3.68508,0.412494,1.51042,-0.215771,0.49348,1.48368,-0.399163,0.12563,10,12,0.0848332,0.117561,-0.320374,2.09366,0,3.68508
3.70485,0.415156,1.51027,-0.221634,0,0,0,0,10,12,0,0,0,0,0,traj_sz=100
3.70496,0.415156,1.51027,-0.221634,0.49348,1.48368,-0.399163,0.12563,10,12,0.0822544,0.117606,-0.324679,2.091,0,3.70496
3.72486,0.416537,1.50982,-0.221504,0,0,0,0,10,12,0,0,0,0,0,traj_sz=100
3.72498,0.416537,1.50982,-0.221504,0.49348,1.48368,-0.399163,0.12563,10,12,0.0808065,0.118823,-0.322891,2.08958,0,3.72498
3.74476,0.421806,1.50899,-0.233467,0,0,0,0,10,12,0,0,0,0,0,traj_sz=100
3.7449,0.421806,1.50899,-0.233467,0.49348,1.48368,-0.399163,0.12563,10,12,0.0755861,0.116164,-0.323375,2.08427,0,3.7449
3.76484,0.423047,1.50873,-0.237631,0,0,0,0,10,12,0,0,0,0,0,traj_sz=100
3.76495,0.423047,1.50873,-0.237631,0.49348,1.48368,-0.399163,0.12563,10,12,0.0743509,0.117569,-0.32194,2.08301,0,3.76495
3.78486,0.424169,1.5084,-0.237648,0,0,0,0,10,12,0,0,0,0,0,traj_sz=100
3.78497,0.424169,1.5084,-0.237648,0.49348,1.48368,-0.399163,0.12563,10,12,0.0731833,0.119068,-0.320963,2.08187,0,3.78497
3.80484,0.426731,1.50763,-0.239218,0,0,0,0,10,12,0,0,0,0,0,traj_sz=100
3.80503,0.426731,1.50763,-0.239218,0.49348,1.48368,-0.399163,0.12563,10,12,0.0705237,0.119066,-0.31775,2.07925,0,3.80503
3.82483,0.428044,1.50771,-0.243525,0,0,0,0,10,12,0,0,0,0,0,traj_sz=100
3.82502,0.428044,1.50771,-0.243525,0.49348,1.48368,-0.399163,0.12563,10,12,0.0692989,0.120476,-0.321374,2.07795,0,3.82502
3.84479,0.432988,1.50662,-0.255544,0,0,0,0,10,12,0,0,0,0,0,traj_sz=100
3.8449,0.432988,1.50662,-0.255544,0.49348,1.48368,-0.399163,0.12563,11,12,0.0643274,0.118076,-0.341046,2.07294,0,3.8449
3.86483,0.434121,1.5062,-0.254462,0,0,0,0,11,12,0,0,0,0,0,traj_sz=100
3.86494,0.434121,1.5062,-0.254462,0.49348,1.48368,-0.399163,0.12563,11,12,0.0631162,0.119541,-0.340688,2.07178,0,3.86494
3.88481,0.435396,1.50615,-0.259729,0,0,0,0,11,12,0,0,0,0,0,traj_sz=100
3.88493,0.435396,1.50615,-0.259729,0.49348,1.48368,-0.399163,0.12563,11,12,0.0619062,0.120963,-0.343443,2.0705,0,3.88493
3.9048,0.438079,1.5056,-0.264894,0,0,0,0,11,12,0,0,0,0,0,traj_sz=100
3.90495,0.438079,1.5056,-0.264894,0.535947,1.46577,-0.489233,0.124873,11,13,0.104883,0.120896,-0.345643,2.06778,0,3.90495
3.92492,0.439364,1.50482,-0.264494,0,0,0,0,11,13,0,0,0,0,0,traj_sz=100
3.92501,0.439364,1.50482,-0.264494,0.535947,1.46577,-0.489233,0.124873,11,13,0.103434,0.12212,-0.340613,2.06644,0,3.92501
3.94481,0.444323,1.50421,-0.279589,0,0,0,0,11,13,0,0,0,0,0,traj_sz=100
3.94488,0.444323,1.50421,-0.279589,0.535947,1.46577,-0.489233,0.124873,11,13,0.0986754,0.119839,-0.347944,2.06145,0,3.94488
3.96486,0.445519,1.50341,-0.277585,0,0,0,0,11,13,0,0,0,0,0,traj_sz=100
3.96503,0.445519,1.50341,-0.277585,0.535947,1.46577,-0.489233,0.124873,11,13,0.0972817,0.121144,-0.342917,2.0602,0,3.96503
3.98479,0.447139,1.50335,-0.281674,0,0,0,0,11,13,0,0,0,0,0,traj_sz=100
3.98489,0.447139,1.50335,-0.281674,0.535947,1.46577,-0.489233,0.124873,11,13,0.0957549,0.122221,-0.347662,2.05858,0,3.98489
4.00486,0.449692,1.50265,-0.289202,0,0,0,0,11,13,0,0,0,0,0,traj_sz=100
4.00495,0.449692,1.50265,-0.289202,0.535947,1.46577,-0.489233,0.124873,11,13,0.0931903,0.122243,-0.34594,2.05598,0,4.00495
4.02492,0.450977,1.50261,-0.294479,0,0,0,0,11,13,0,0,0,0,0,traj_sz=100
4.02502,0.450977,1.50261,-0.294479,0.535947,1.46577,-0.489233,0.124873,11,13,0.0920041,0.123675,-0.348883,2.0547,0,4.02502
4.04488,0.45607,1.50105,-0.302127,0,0,0,0,11,13,0,0,0,0,0,traj_sz=100
4.04498,0.45607,1.50105,-0.302127,0.535947,1.46577,-0.489233,0.124873,11,13,0.0867582,0.120967,-0.346716,2.0495,0,4.04498
4.06492,0.457294,1.50058,-0.302459,0,0,0,0,11,13,0,0,0,0,0,traj_sz=100
4.06507,0.457294,1.50058,-0.302459,0.535947,1.46577,-0.489233,0.124873,11,13,0.0854513,0.122242,-0.34542,2.04825,0,4.06507
4.08498,0.458723,1.50032,-0.304948,0,0,0,0,11,13,0,0,0,0,0,traj_sz=100
4.08508,0.458723,1.50032,-0.304948,0.535947,1.46577,-0.489233,0.124873,11,13,0.0840349,0.123382,-0.347186,2.0468,0,4.08508
4.10484,0.461508,1.49956,-0.312577,0,0,0,0,11,13,0,0,0,0,0,traj_sz=100
4.10517,0.461508,1.49956,-0.312577,0.535947,1.46577,-0.489233,0.124873,11,13,0.0812233,0.123065,-0.345714,2.04397,0,4.10517
4.12485,0.462791,1.4988,-0.312309,0,0,0,0,11,13,0,0,0,0,0,traj_sz=100
4.12503,0.462791,1.4988,-0.312309,0.535947,1.46577,-0.489233,0.124873,11,13,0.0797654,0.124181,-0.340815,2.04264,0,4.12503
4.14482,0.468678,1.49739,-0.324172,0,0,0,0,11,13,0,0,0,0,0,traj_sz=100
4.14494,0.468678,1.49739,-0.324172,0.535947,1.46577,-0.489233,0.124873,11,13,0.0738354,0.120726,-0.342399,2.03666,0,4.14494
4.16496,0.470035,1.49689,-0.327498,0,0,0,0,11,13,0,0,0,0,0,traj_sz=100
4.16507,0.470035,1.49689,-0.327498,0.535947,1.46577,-0.489233,0.124873,11,13,0.0724197,0.121875,-0.340081,2.03527,0,4.16507
4.18492,0.471493,1.4967,-0.332541,0,0,0,0,11,13,0,0,0,0,0,traj_sz=100
4.18502,0.471493,1.4967,-0.332541,0.535947,1.46577,-0.489233,0.124873,11,13,0.071019,0.12301,-0.341756,2.0338,0,4.18502
4.20494,0.474223,1.49615,-0.338329,0,0,0,0,11,13,0,0,0,0,0,traj_sz=100
4.20505,0.474223,1.49615,-0.338329,0.535947,1.46577,-0.489233,0.124873,12,13,0.0683092,0.12284,-0.3491,2.03104,0,4.20505
4.22475,0.475506,1.49526,-0.338515,0,0,0,0,12,13,0,0,0,0,0,traj_sz=100
4.22486,0.475506,1.49526,-0.338515,0.535947,1.46577,-0.489233,0.124873,12,13,0.0668039,0.12388,-0.3491,2.0297,0,4.22486
4.24474,0.480926,1.49353,-0.350747,0,0,0,0,12,13,0,0,0,0,0,traj_sz=100
4.24485,0.480926,1.49353,-0.350747,0.576385,1.44424,-0.579372,0.122757,12,14,0.106584,0.120773,-0.3491,2.02417,0,4.24485
4.26497,0.482525,1.49339,-0.355431,0,0,0,0,12,14,0,0,0,0,0,traj_sz=100
4.26511,0.482525,1.49339,-0.355431,0.576385,1.44424,-0.579372,0.122757,12,14,0.105098,0.121837,-0.3491,2.02256,0,4.26511
4.28487,0.483725,1.49262,-0.356084,0,0,0,0,12,14,0,0,0,0,0,traj_sz=100
4.28501,0.483725,1.49262,-0.356084,0.576385,1.44424,-0.579372,0.122757,12,14,0.103714,0.123005,-0.3491,2.02131,0,4.28501
4.30481,0.486304,1.49168,-0.361485,0,0,0,0,12,14,0,0,0,0,0,traj_sz=100
4.30488,0.486304,1.49168,-0.361485,0.576385,1.44424,-0.579372,0.122757,12,14,0.101037,0.122817,-0.3491,2.01867,0,4.30488
4.32485,0.487715,1.4912,-0.364602,0,0,0,0,12,14,0,0,0,0,0,traj_sz=100
4.32492,0.487715,1.4912,-0.364602,0.576385,1.44424,-0.579372,0.122757,12,14,0.0995867,0.123908,-0.3491,2.01723,0,4.32492
4.34472,0.492994,1.48916,-0.373545,0,0,0,0,12,14,0,0,0,0,0,traj_sz=100
4.34476,0.492994,1.48916,-0.373545,0.576385,1.44424,-0.579372,0.122757,12,14,0.0940318,0.1208,-0.3491,2.01182,0,4.34476
4.36477,0.494618,1.48905,-0.379539,0,0,0,0,12,14,0,0,0,0,0,traj_sz=100
4.36487,0.494618,1.48905,-0.379539,0.576385,1.44424,-0.579372,0.122757,12,14,0.0925486,0.121839,-0.3491,2.0102,0,4.36487
4.38505,0.495846,1.48811,-0.379439,0,0,0,0,12,14,0,0,0,0,0,traj_sz=100
4.38514,0.495846,1.48811,-0.379439,0.576385,1.44424,-0.579372,0.122757,12,14,0.0910595,0.12295,-0.3491,2.00891,0,4.38514
4.40476,0.498531,1.4873,-0.386682,0,0,0,0,12,14,0,0,0,0,0,traj_sz=100
4.40484,0.498531,1.4873,-0.386682,0.576385,1.44424,-0.579372,0.122757,12,14,0.088345,0.122682,-0.3491,2.00617,0,4.40484
4.42486,0.49997,1.48713,-0.392518,0,0,0,0,12,14,0,0,0,0,0,traj_sz=100
4.42495,0.49997,1.48713,-0.392518,0.576385,1.44424,-0.579372,0.122757,12,14,0.0870111,0.123805,-0.3491,2.00473,0,4.42495
4.44475,0.505428,1.48508,-0.403635,0,0,0,0,12,14,0,0,0,0,0,traj_sz=100
4.44494,0.505428,1.48508,-0.403635,0.576385,1.44424,-0.579372,0.122757,12,14,0.0812934,0.120469,-0.3491,1.99914,0,4.44494
4.46498,0.506725,1.48437,-0.4055,0,0,0,0,12,14,0,0,0,0,0,traj_sz=100
4.46507,0.506725,1.48437,-0.4055,0.576385,1.44424,-0.579372,0.122757,12,14,0.0798428,0.121524,-0.3491,1.9978,0,4.46507
4.48474,0.507932,1.48377,-0.408292,0,0,0,0,12,14,0,0,0,0,0,traj_sz=100
4.48483,0.507932,1.48377,-0.408292,0.576385,1.44424,-0.579372,0.122757,12,14,0.0785215,0.122645,-0.3491,1.99655,0,4.48483
4.50483,0.510699,1.48277,-0.413627,0,0,0,0,12,14,0,0,0,0,0,traj_sz=100
4.5049,0.510699,1.48277,-0.413627,0.576385,1.44424,-0.579372,0.122757,12,14,0.0756318,0.122218,-0.3491,1.99373,0,4.5049
4.52482,0.51215,1.48232,-0.417263,0,0,0,0,12,14,0,0,0,0,0,traj_sz=100
4.525,0.51215,1.48232,-0.417263,0.576385,1.44424,-0.579372,0.122757,12,14,0.0741549,0.123221,-0.3491,1.99225,0,4.525
4.54491,0.517712,1.48026,-0.429785,0,0,0,0,12,14,0,0,0,0,0,traj_sz=100
4.5451,0.517712,1.48026,-0.429785,0.576385,1.44424,-0.579372,0.122757,13,14,0.0683438,0.11982,-0.3491,1.98656,0,4.5451
4.56485,0.518964,1.4795,-0.430782,0,0,0,0,13,14,0,0,0,0,0,traj_sz=100
4.56495,0.518964,1.4795,-0.430782,0.576385,1.44424,-0.579372,0.122757,13,14,0.0668998,0.120851,-0.3491,1.98526,0,4.56495
4.58488,0.520409,1.47895,-0.434041,0,0,0,0,13,14,0,0,0,0,0,traj_sz=100
4.585,0.520409,1.47895,-0.434041,0.576385,1.44424,-0.579372,0.122757,13,14,0.0653829,0.121814,-0.3491,1.98379,0,4.585
4.60498,0.523139,1.47795,-0.441668,0,0,0,0,13,14,0,0,0,0,0,traj_sz=100
4.60536,0.523139,1.47795,-0.441668,0.576385,1.44424,-0.579372,0.122757,13,14,0.0625464,0.121446,-0.3491,1.981,0,4.60536
4.62487,0.524489,1.47726,-0.443177,0,0,0,0,13,14,0,0,0,0,0,traj_sz=100
4.62511,0.524489,1.47726,-0.443177,0.614071,1.41958,-0.667659,0.119776,13,15,0.105662,0.122414,-0.3491,1.97961,0,4.62511
4.64481,0.529622,1.47519,-0.455966,0,0,0,0,13,15,0,0,0,0,0,traj_sz=100
4.64499,0.529622,1.47519,-0.455966,0.614071,1.41958,-0.667659,0.119776,13,15,0.100308,0.119379,-0.3491,1.97435,0,4.64499
4.66473,0.530836,1.47461,-0.458929,0,0,0,0,13,15,0,0,0,0,0,traj_sz=100
4.66486,0.530836,1.47461,-0.458929,0.614071,1.41958,-0.667659,0.119776,13,15,0.0990009,0.120518,-0.3491,1.9731,0,4.66486
4.68493,0.532191,1.47409,-0.461927,0,0,0,0,13,15,0,0,0,0,0,traj_sz=100
4.68506,0.532191,1.47409,-0.461927,0.614071,1.41958,-0.667659,0.119776,13,15,0.0975922,0.121593,-0.3491,1.97172,0,4.68506
4.70507,0.534703,1.47284,-0.467295,0,0,0,0,13,15,0,0,0,0,0,traj_sz=100
4.7052,0.534703,1.47284,-0.467295,0.614071,1.41958,-0.667659,0.119776,13,15,0.0948489,0.121302,-0.3491,1.96913,0,4.7052
4.72492,0.536134,1.47226,-0.470813,0,0,0,0,13,15,0,0,0,0,0,traj_sz=100
4.725,0.536134,1.47226,-0.470813,0.614071,1.41958,-0.667659,0.119776,13,15,0.0933543,0.122239,-0.3491,1.96767,0,4.725
4.74489,0.54131,1.47004,-0.485066,0,0,0,0,13,15,0,0,0,0,0,traj_sz=100
4.74497,0.54131,1.47004,-0.485066,0.614071,1.41958,-0.667659,0.119776,13,15,0.0878941,0.119111,-0.3491,1.96236,0,4.74497
4.76489,0.542577,1.46938,-0.486844,0,0,0,0,13,15,0,0,0,0,0,traj_sz=100
4.76511,0.542577,1.46938,-0.486844,0.614071,1.41958,-0.667659,0.119776,13,15,0.0864883,0.120193,-0.3491,1.96106,0,4.76511
4.78491,0.54393,1.46871,-0.488475,0,0,0,0,13,15,0,0,0,0,0,traj_sz=100
4.78504,0.54393,1.46871,-0.488475,0.614071,1.41958,-0.667659,0.119776,13,15,0.0849946,0.121107,-0.3491,1.95967,0,4.78504
4.80489,0.546609,1.46732,-0.494421,0,0,0,0,13,15,0,0,0,0,0,traj_sz=100
4.80499,0.546609,1.46732,-0.494421,0.614071,1.41958,-0.667659,0.119776,13,15,0.0820357,0.120495,-0.3491,1.95691,0,4.80499
4.82484,0.547955,1.46706,-0.501251,0,0,0,0,13,15,0,0,0,0,0,traj_sz=100
4.82494,0.547955,1.46706,-0.501251,0.614071,1.41958,-0.667659,0.119776,13,15,0.0807959,0.121597,-0.3491,1.95555,0,4.82494
4.84496,0.552935,1.46428,-0.510933,0,0,0,0,13,15,0,0,0,0,0,traj_sz=100
4.84509,0.552935,1.46428,-0.510933,0.614071,1.41958,-0.667659,0.119776,13,15,0.075186,0.118328,-0.3491,1.95042,0,4.84509
4.86495,0.55412,1.4635,-0.512802,0,0,0,0,13,15,0,0,0,0,0,traj_sz=100
4.8652,0.55412,1.4635,-0.512802,0.614071,1.41958,-0.667659,0.119776,13,15,0.0737881,0.119337,-0.3491,1.94919,0,4.8652
4.88489,0.55547,1.46278,-0.515085,0,0,0,0,13,15,0,0,0,0,0,traj_sz=100
4.88499,0.55547,1.46278,-0.515085,0.614071,1.41958,-0.667659,0.119776,13,15,0.072279,0.120201,-0.3491,1.9478,0,4.88499
4.9048,0.55805,1.46153,-0.522024,0,0,0,0,13,15,0,0,0,0,0,traj_sz=100
4.90491,0.55805,1.46153,-0.522024,0.614071,1.41958,-0.667659,0.119776,13,15,0.0694773,0.119744,-0.3491,1.94515,0,4.90491
4.92495,0.559396,1.46131,-0.528539,0,0,0,0,13,15,0,0,0,0,0,traj_sz=100
4.92513,0.559396,1.46131,-0.528539,0.614071,1.41958,-0.667659,0.119776,13,15,0.0682583,0.120911,-0.3491,1.94379,0,4.92513
4.94484,0.564304,1.45825,-0.537185,0,0,0,0,13,15,0,0,0,0,0,traj_sz=100
4.94491,0.564304,1.45825,-0.537185,0.614071,1.41958,-0.667659,0.119776,14,15,0.0625452,0.117518,-0.3491,1.93872,0,4.94491
4.96491,0.565548,1.45761,-0.540205,0,0,0,0,14,15,0,0,0,0,0,traj_sz=100
4.96501,0.565548,1.45761,-0.540205,0.614071,1.41958,-0.667659,0.119776,14,15,0.0611748,0.11855,-0.3491,1.93744,0,4.96501
4.98488,0.566737,1.45702,-0.543477,0,0,0,0,14,15,0,0,0,0,0,traj_sz=100
4.985,0.566737,1.45702,-0.543477,0.648578,1.39238,-0.752715,0.116427,14,16,0.103475,0.119632,-0.3491,1.93622,0,4.985
5.00485,0.569036,1.45566,-0.54802,0,0,0,0,14,16,0,0,0,0,0,traj_sz=100
5.00495,0.569036,1.45566,-0.54802,0.648578,1.39238,-0.752715,0.116427,14,16,0.100861,0.11937,-0.3491,1.93385,0,5.00495
5.02489,0.570256,1.45506,-0.552134,0,0,0,0,14,16,0,0,0,0,0,traj_sz=100
5.02512,0.570256,1.45506,-0.552134,0.648578,1.39238,-0.752715,0.116427,14,16,0.0995607,0.120448,-0.3491,1.9326,0,5.02512
5.04495,0.574931,1.45243,-0.562345,0,0,0,0,14,16,0,0,0,0,0,traj_sz=100
5.04505,0.574931,1.45243,-0.562345,0.648578,1.39238,-0.752715,0.116427,14,16,0.0943231,0.117493,-0.3491,1.92779,0,5.04505
5.06515,0.574931,1.45243,-0.562345,0,0,0,0,14,16,0,0,0,0,0,traj_sz=100
5.06531,0.574931,1.45243,-0.562345,0.648578,1.39238,-0.752715,0.116427,14,16,0.0943231,0.119933,-0.3491,1.92779,0,5.06531
5.08476,0.577182,1.45112,-0.567701,0,0,0,0,14,16,0,0,0,0,0,traj_sz=100
5.08497,0.577182,1.45112,-0.567701,0.648578,1.39238,-0.752715,0.116427,14,16,0.0917798,0.119695,-0.3491,1.92547,0,5.08497
5.10482,0.579826,1.44969,-0.573463,0,0,0,0,14,16,0,0,0,0,0,traj_sz=100
5.105,0.579826,1.44969,-0.573463,0.648578,1.39238,-0.752715,0.116427,14,16,0.0888465,0.119109,-0.3491,1.92276,0,5.105
5.12487,0.581036,1.44902,-0.577533,0,0,0,0,14,16,0,0,0,0,0,traj_sz=100
5.12507,0.581036,1.44902,-0.577533,0.648578,1.39238,-0.752715,0.116427,14,16,0.0875087,0.120142,-0.3491,1.92152,0,5.12507
5.14486,0.585578,1.44604,-0.587408,0,0,0,0,14,16,0,0,0,0,0,traj_sz=100
5.14495,0.585578,1.44604,-0.587408,0.648578,1.39238,-0.752715,0.116427,14,16,0.0821778,0.117068,-0.3491,1.91683,0,5.14495
5.1649,0.586814,1.44547,-0.591231,0,0,0,0,14,16,0,0,0,0,0,traj_sz=100
5.16507,0.586814,1.44547,-0.591231,0.648578,1.39238,-0.752715,0.116427,14,16,0.0808719,0.118061,-0.3491,1.91557,0,5.16507
5.18482,0.587838,1.44476,-0.593826,0,0,0,0,14,16,0,0,0,0,0,traj_sz=100
5.18508,0.587838,1.44476,-0.593826,0.648578,1.39238,-0.752715,0.116427,14,16,0.079649,0.119137,-0.3491,1.91451,0,5.18508
5.2049,0.590081,1.44349,-0.600947,0,0,0,0,14,16,0,0,0,0,0,traj_sz=100
5.20512,0.590081,1.44349,-0.600947,0.648578,1.39238,-0.752715,0.116427,14,16,0.0771473,0.118901,-0.3491,1.91221,0,5.20512
5.22482,0.59119,1.44262,-0.602022,0,0,0,0,14,16,0,0,0,0,0,traj_sz=100
5.22492,0.59119,1.44262,-0.602022,0.648578,1.39238,-0.752715,0.116427,14,16,0.0757474,0.119796,-0.3491,1.91106,0,5.22492
5.24484,0.595344,1.43985,-0.612799,0,0,0,0,14,16,0,0,0,0,0,traj_sz=100
5.24498,0.595344,1.43985,-0.612799,0.648578,1.39238,-0.752715,0.116427,14,16,0.0708509,0.117138,-0.3491,1.90677,0,5.24498
5.26485,0.596458,1.43924,-0.615107,0,0,0,0,14,16,0,0,0,0,0,traj_sz=100
5.26496,0.596458,1.43924,-0.615107,0.648578,1.39238,-0.752715,0.116427,14,16,0.0696084,0.118199,-0.3491,1.90563,0,5.26496
5.28476,0.597625,1.43847,-0.617565,0,0,0,0,14,16,0,0,0,0,0,traj_sz=100
5.28497,0.597625,1.43847,-0.617565,0.648578,1.39238,-0.752715,0.116427,14,16,0.0682308,0.119124,-0.3491,1.90443,0,5.28497
5.30473,0.599895,1.43723,-0.624895,0,0,0,0,14,16,0,0,0,0,0,traj_sz=100
5.3048,0.599895,1.43723,-0.624895,0.648578,1.39238,-0.752715,0.116427,15,16,0.0657209,0.118862,-0.3491,1.90211,0,5.3048
5.32484,0.600925,1.43626,-0.626458,0,0,0,0,15,16,0,0,0,0,0,traj_sz=100
5.32494,0.600925,1.43626,-0.626458,0.648578,1.39238,-0.752715,0.116427,15,16,0.0643278,0.119799,-0.3491,1.90103,0,5.32494
5.34478,0.605343,1.43333,-0.637817,0,0,0,0,15,16,0,0,0,0,0,traj_sz=100
5.34499,0.605343,1.43333,-0.637817,0.679752,1.36318,-0.833727,0.11315,15,17,0.10155,0.116827,-0.3491,1.89649,0,5.34499
5.36483,0.606374,1.43248,-0.639713,0,0,0,0,15,17,0,0,0,0,0,traj_sz=100
5.365,0.606374,1.43248,-0.639713,0.679752,1.36318,-0.833727,0.11315,15,17,0.100237,0.117816,-0.3491,1.89542,0,5.365
5.38473,0.60745,1.43172,-0.641878,0,0,0,0,15,17,0,0,0,0,0,traj_sz=100
5.38482,0.60745,1.43172,-0.641878,0.679752,1.36318,-0.833727,0.11315,15,17,0.0989483,0.118806,-0.3491,1.89431,0,5.38482
5.40484,0.6097,1.43017,-0.647538,0,0,0,0,15,17,0,0,0,0,0,traj_sz=100
5.40499,0.6097,1.43017,-0.647538,0.679752,1.36318,-0.833727,0.11315,15,17,0.0962829,0.118414,-0.3491,1.892,0,5.40499
5.42489,0.610733,1.42929,-0.64942,0,0,0,0,15,17,0,0,0,0,0,traj_sz=100
5.425,0.610733,1.42929,-0.64942,0.679752,1.36318,-0.833727,0.11315,15,17,0.0949493,0.119381,-0.3491,1.89093,0,5.425
5.44483,0.615266,1.42613,-0.660737,0,0,0,0,15,17,0,0,0,0,0,traj_sz=100
5.44494,0.615266,1.42613,-0.660737,0.679752,1.36318,-0.833727,0.11315,15,17,0.0895459,0.116168,-0.3491,1.88627,0,5.44494
5.46493,0.616503,1.42521,-0.662833,0,0,0,0,15,17,0,0,0,0,0,traj_sz=100
5.46504,0.616503,1.42521,-0.662833,0.679752,1.36318,-0.833727,0.11315,15,17,0.0880287,0.116958,-0.3491,1.885,0,5.46504
5.4849,0.617558,1.42449,-0.665473,0,0,0,0,15,17,0,0,0,0,0,traj_sz=100
5.48501,0.617558,1.42449,-0.665473,0.679752,1.36318,-0.833727,0.11315,15,17,0.0867755,0.11799,-0.3491,1.88392,0,5.48501
5.5048,0.619794,1.42275,-0.670867,0,0,0,0,15,17,0,0,0,0,0,traj_sz=100
5.50495,0.619794,1.42275,-0.670867,0.679752,1.36318,-0.833727,0.11315,15,17,0.0839951,0.117454,-0.3491,1.88161,0,5.50495
5.52491,0.620973,1.42201,-0.67406,0,0,0,0,15,17,0,0,0,0,0,traj_sz=100
5.52512,0.620973,1.42201,-0.67406,0.679752,1.36318,-0.833727,0.11315,15,17,0.0826435,0.118323,-0.3491,1.88041,0,5.52512
5.545,0.625266,1.41841,-0.682868,0,0,0,0,15,17,0,0,0,0,0,traj_sz=100
5.54513,0.625266,1.41841,-0.682868,0.679752,1.36318,-0.833727,0.11315,15,17,0.0771198,0.114975,-0.3491,1.87598,0,5.54513
5.56476,0.62634,1.41767,-0.685313,0,0,0,0,15,17,0,0,0,0,0,traj_sz=100
5.56497,0.62634,1.41767,-0.685313,0.679752,1.36318,-0.833727,0.11315,15,17,0.0758412,0.115894,-0.3491,1.87488,0,5.56497
5.58489,0.627503,1.41694,-0.689095,0,0,0,0,15,17,0,0,0,0,0,traj_sz=100
5.585,0.627503,1.41694,-0.689095,0.679752,1.36318,-0.833727,0.11315,15,17,0.0745081,0.116778,-0.3491,1.87369,0,5.585
5.60491,0.629718,1.41525,-0.694981,0,0,0,0,15,17,0,0,0,0,0,traj_sz=100
5.60501,0.629718,1.41525,-0.694981,0.679752,1.36318,-0.833727,0.11315,15,17,0.0717705,0.116235,-0.3491,1.87142,0,5.60501
5.62485,0.630781,1.41437,-0.697704,0,0,0,0,15,17,0,0,0,0,0,traj_sz=100
5.62495,0.630781,1.41437,-0.697704,0.679752,1.36318,-0.833727,0.11315,15,17,0.0704146,0.117092,-0.3491,1.87033,0,5.62495
5.64485,0.634931,1.41105,-0.708361,0,0,0,0,15,17,0,0,0,0,0,traj_sz=100
5.64497,0.634931,1.41105,-0.708361,0.679752,1.36318,-0.833727,0.11315,15,17,0.0651814,0.114021,-0.3491,1.86607,0,5.64497
5.66475,0.63604,1.41046,-0.714171,0,0,0,0,15,17,0,0,0,0,0,traj_sz=100
5.66487,0.63604,1.41046,-0.714171,0.679752,1.36318,-0.833727,0.11315,16,17,0.0640011,0.115027,-0.3491,1.86494,0,5.66487
5.68484,0.637149,1.40955,-0.716003,0,0,0,0,16,17,0,0,0,0,0,traj_sz=100
5.68491,0.637149,1.40955,-0.716003,0.679752,1.36318,-0.833727,0.11315,16,17,0.0625746,0.115834,-0.3491,1.8638,0,5.68491
5.70477,0.639172,1.40778,-0.721045,0,0,0,0,16,17,0,0,0,0,0,traj_sz=100
5.70493,0.639172,1.40778,-0.721045,0.679752,1.36318,-0.833727,0.11315,16,17,0.0599267,0.115392,-0.3491,1.86173,0,5.70493
5.72497,0.640255,1.40696,-0.723612,0,0,0,0,16,17,0,0,0,0,0,traj_sz=100
5.7251,0.640255,1.40696,-0.723612,0.679752,1.36318,-0.833727,0.11315,16,17,0.0585871,0.116294,-0.3491,1.86062,0,5.7251
5.74484,0.644359,1.40348,-0.734762,0,0,0,0,16,17,0,0,0,0,0,traj_sz=100
5.74492,0.644359,1.40348,-0.734762,0.707652,1.33244,-0.910381,0.110173,16,18,0.0945872,0.11313,-0.3491,1.85641,0,5.74492
5.76492,0.645382,1.4025,-0.736471,0,0,0,0,16,18,0,0,0,0,0,traj_sz=100
5.765,0.645382,1.4025,-0.736471,0.707652,1.33244,-0.910381,0.110173,16,18,0.0931905,0.113964,-0.3491,1.85536,0,5.765
5.7849,0.646415,1.40182,-0.740145,0,0,0,0,16,18,0,0,0,0,0,traj_sz=100
5.78499,0.646415,1.40182,-0.740145,0.707652,1.33244,-0.910381,0.110173,16,18,0.0920026,0.114975,-0.3491,1.85431,0,5.78499
5.80481,0.648472,1.4,-0.746374,0,0,0,0,16,18,0,0,0,0,0,traj_sz=100
5.80492,0.648472,1.4,-0.746374,0.707652,1.33244,-0.910381,0.110173,16,18,0.0893221,0.11446,-0.3491,1.8522,0,5.80492
5.82481,0.649459,1.3991,-0.748251,0,0,0,0,16,18,0,0,0,0,0,traj_sz=100
5.82494,0.649459,1.3991,-0.748251,0.707652,1.33244,-0.910381,0.110173,16,18,0.0880033,0.11536,-0.3491,1.85119,0,5.82494
5.84484,0.653481,1.3957,-0.75962,0,0,0,0,16,18,0,0,0,0,0,traj_sz=100
5.84489,0.653481,1.3957,-0.75962,0.707652,1.33244,-0.910381,0.110173,16,18,0.0828436,0.112327,-0.3491,1.84708,0,5.84489
5.86482,0.654556,1.39476,-0.762318,0,0,0,0,16,18,0,0,0,0,0,traj_sz=100
5.8649,0.654556,1.39476,-0.762318,0.707652,1.33244,-0.910381,0.110173,16,18,0.0814371,0.113129,-0.3491,1.84599,0,5.8649
5.88479,0.655638,1.39381,-0.765232,0,0,0,0,16,18,0,0,0,0,0,traj_sz=100
5.88493,0.655638,1.39381,-0.765232,0.707652,1.33244,-0.910381,0.110173,16,18,0.0800238,0.113882,-0.3491,1.84488,0,5.88493
5.90485,0.657679,1.39209,-0.77123,0,0,0,0,16,18,0,0,0,0,0,traj_sz=100
5.90495,0.657679,1.39209,-0.77123,0.707652,1.33244,-0.910381,0.110173,16,18,0.0774085,0.113396,-0.3491,1.8428,0,5.90495
5.92502,0.658704,1.39114,-0.773911,0,0,0,0,16,18,0,0,0,0,0,traj_sz=100
5.92512,0.658704,1.39114,-0.773911,0.707652,1.33244,-0.910381,0.110173,16,18,0.0760336,0.114194,-0.3491,1.84176,0,5.92512
5.94482,0.662582,1.38746,-0.786574,0,0,0,0,16,18,0,0,0,0,0,traj_sz=100
5.94488,0.662582,1.38746,-0.786574,0.707652,1.33244,-0.910381,0.110173,16,18,0.0707817,0.111,-0.344878,1.8378,0,5.94488
5.9648,0.663703,1.38656,-0.788989,0,0,0,0,16,18,0,0,0,0,0,traj_sz=100
5.96497,0.663703,1.38656,-0.788989,0.707652,1.33244,-0.910381,0.110173,16,18,0.0693691,0.111753,-0.345429,1.83666,0,5.96497
5.98476,0.664752,1.38561,-0.792595,0,0,0,0,16,18,0,0,0,0,0,traj_sz=100
5.98494,0.664752,1.38561,-0.792595,0.707652,1.33244,-0.910381,0.110173,16,18,0.0679811,0.112512,-0.344171,1.83559,0,5.98494
6.00472,0.666755,1.38389,-0.799945,0,0,0,0,16,18,0,0,0,0,0,traj_sz=100
6.00479,0.666755,1.38389,-0.799945,0.707652,1.33244,-0.910381,0.110173,16,18,0.0653994,0.11204,-0.342576,1.83356,0,6.00479
6.02481,0.667729,1.38292,-0.80232,0,0,0,0,16,18,0,0,0,0,0,traj_sz=100
6.02489,0.667729,1.38292,-0.80232,0.707652,1.33244,-0.910381,0.110173,16,18,0.0640408,0.112854,-0.340869,1.83257,0,6.02489
6.04497,0.671572,1.37923,-0.81385,0,0,0,0,16,18,0,0,0,0,0,traj_sz=100
6.04512,0.671572,1.37923,-0.81385,0.707652,1.33244,-0.910381,0.110173,17,18,0.0587899,0.109728,-0.34429,1.82866,0,6.04512
6.0649,0.672459,1.37828,-0.815797,0,0,0,0,17,18,0,0,0,0,0,traj_sz=100
6.06502,0.672459,1.37828,-0.815797,0.707652,1.33244,-0.910381,0.110173,17,18,0.0575015,0.110592,-0.343679,1.82776,0,6.06502
6.08473,0.673466,1.3774,-0.820049,0,0,0,0,17,18,0,0,0,0,0,traj_sz=100
6.08483,0.673466,1.3774,-0.820049,0.732447,1.30052,-0.982663,0.107673,17,19,0.0964465,0.111414,-0.344044,1.82674,0,6.08483
6.1049,0.675368,1.37544,-0.824183,0,0,0,0,17,19,0,0,0,0,0,traj_sz=100
6.105,0.675368,1.37544,-0.824183,0.732447,1.30052,-0.982663,0.107673,17,19,0.0937534,0.110875,-0.343552,1.82481,0,6.105
6.12491,0.676258,1.37461,-0.82845,0,0,0,0,17,19,0,0,0,0,0,traj_sz=100
6.12504,0.676258,1.37461,-0.82845,0.732447,1.30052,-0.982663,0.107673,17,19,0.0925771,0.111837,-0.343138,1.82391,0,6.12504
6.14486,0.679916,1.371,-0.838882,0,0,0,0,17,19,0,0,0,0,0,traj_sz=100
6.14504,0.679916,1.371,-0.838882,0.732447,1.30052,-0.982663,0.107673,17,19,0.0875337,0.108872,-0.342687,1.82021,0,6.14504
6.16485,0.680842,1.36997,-0.841656,0,0,0,0,17,19,0,0,0,0,0,traj_sz=100
6.16495,0.680842,1.36997,-0.841656,0.732447,1.30052,-0.982663,0.107673,17,19,0.0861698,0.109651,-0.341331,1.81927,0,6.16495
6.18477,0.681763,1.36913,-0.84419,0,0,0,0,17,19,0,0,0,0,0,traj_sz=100
6.18486,0.681763,1.36913,-0.84419,0.732447,1.30052,-0.982663,0.107673,17,19,0.0849515,0.110573,-0.341985,1.81834,0,6.18486
6.20488,0.683632,1.36709,-0.849119,0,0,0,0,17,19,0,0,0,0,0,traj_sz=100
6.20504,0.683632,1.36709,-0.849119,0.732447,1.30052,-0.982663,0.107673,17,19,0.0822224,0.109994,-0.339942,1.81645,0,6.20504
6.22477,0.684396,1.36597,-0.8496,0,0,0,0,17,19,0,0,0,0,0,traj_sz=100
6.22487,0.684396,1.36597,-0.8496,0.732447,1.30052,-0.982663,0.107673,17,19,0.0808833,0.110806,-0.336974,1.81567,0,6.22487
6.24494,0.688002,1.36255,-0.863041,0,0,0,0,17,19,0,0,0,0,0,traj_sz=100
6.24514,0.688002,1.36255,-0.863041,0.732447,1.30052,-0.982663,0.107673,17,19,0.0760299,0.108027,-0.336499,1.81204,0,6.24514
6.26484,0.688723,1.36171,-0.865158,0,0,0,0,17,19,0,0,0,0,0,traj_sz=100
6.26495,0.688723,1.36171,-0.865158,0.732447,1.30052,-0.982663,0.107673,17,19,0.0749326,0.109022,-0.335047,1.81131,0,6.26495
6.28482,0.689589,1.36071,-0.866864,0,0,0,0,17,19,0,0,0,0,0,traj_sz=100
6.28493,0.689589,1.36071,-0.866864,0.732447,1.30052,-0.982663,0.107673,17,19,0.0736199,0.109821,-0.33379,1.81044,0,6.28493
6.30483,0.691358,1.35872,-0.869549,0,0,0,0,17,19,0,0,0,0,0,traj_sz=100
6.30507,0.691358,1.35872,-0.869549,0.732447,1.30052,-0.982663,0.107673,17,19,0.0709772,0.109298,-0.332211,1.80866,0,6.30507
6.32491,0.692231,1.35796,-0.873919,0,0,0,0,17,19,0,0,0,0,0,traj_sz=100
6.3251,0.692231,1.35796,-0.873919,0.732447,1.30052,-0.982663,0.107673,17,19,0.0698633,0.11028,-0.332309,1.80779,0,6.3251
6.34482,0.695517,1.35442,-0.884398,0,0,0,0,17,19,0,0,0,0,0,traj_sz=100
6.3449,0.695517,1.35442,-0.884398,0.732447,1.30052,-0.982663,0.107673,17,19,0.0650997,0.107558,-0.328376,1.80449,0,6.3449
6.36491,0.69619,1.35345,-0.886294,0,0,0,0,17,19,0,0,0,0,0,traj_sz=100
6.36513,0.69619,1.35345,-0.886294,0.732447,1.30052,-0.982663,0.107673,17,19,0.0639291,0.108526,-0.325172,1.80381,0,6.36513
6.38487,0.696963,1.35268,-0.890092,0,0,0,0,17,19,0,0,0,0,0,traj_sz=100
6.38511,0.696963,1.35268,-0.890092,0.732447,1.30052,-0.982663,0.107673,17,19,0.062868,0.10956,-0.324337,1.80304,0,6.38511
6.40491,0.698692,1.35074,-0.893615,0,0,0,0,17,19,0,0,0,0,0,traj_sz=100
6.4052,0.698692,1.35074,-0.893615,0.732447,1.30052,-0.982663,0.107673,18,19,0.0602861,0.109094,-0.326813,1.80131,0,6.4052
6.42477,0.699567,1.34976,-0.895977,0,0,0,0,18,19,0,0,0,0,0,traj_sz=100
6.42485,0.699567,1.34976,-0.895977,0.732447,1.30052,-0.982663,0.107673,18,19,0.058987,0.109871,-0.327103,1.80043,0,6.42485
6.44485,0.702663,1.34603,-0.904512,0,0,0,0,18,19,0,0,0,0,0,traj_sz=100
6.44494,0.702663,1.34603,-0.904512,0.754363,1.26765,-1.05077,0.10583,18,20,0.0935691,0.107156,-0.325633,1.79734,0,6.44494
6.46481,0.703588,1.34513,-0.907865,0,0,0,0,18,20,0,0,0,0,0,traj_sz=100
6.46496,0.703588,1.34513,-0.907865,0.754363,1.26765,-1.05077,0.10583,18,20,0.0923151,0.107994,-0.326781,1.79642,0,6.46496
6.48475,0.70424,1.34421,-0.91027,0,0,0,0,18,20,0,0,0,0,0,traj_sz=100
6.48482,0.70424,1.34421,-0.91027,0.754363,1.26765,-1.05077,0.10583,18,20,0.0912113,0.108983,-0.325013,1.79577,0,6.48482
6.50474,0.705575,1.34241,-0.915363,0,0,0,0,18,20,0,0,0,0,0,traj_sz=100
6.50485,0.705575,1.34241,-0.915363,0.754363,1.26765,-1.05077,0.10583,18,20,0.0890058,0.108864,-0.321948,1.79444,0,6.50485
6.52483,0.706545,1.34139,-0.916743,0,0,0,0,18,20,0,0,0,0,0,traj_sz=100
6.52498,0.706545,1.34139,-0.916743,0.754363,1.26765,-1.05077,0.10583,18,20,0.0876131,0.109593,-0.323405,1.79348,0,6.52498
6.54473,0.709474,1.33796,-0.927783,0,0,0,0,18,20,0,0,0,0,0,traj_sz=100
6.54485,0.709474,1.33796,-0.927783,0.754363,1.26765,-1.05077,0.10583,18,20,0.0831867,0.107194,-0.321616,1.79057,0,6.54485
6.56487,0.710349,1.33681,-0.928841,0,0,0,0,18,20,0,0,0,0,0,traj_sz=100
6.56504,0.710349,1.33681,-0.928841,0.754363,1.26765,-1.05077,0.10583,18,20,0.0817446,0.107882,-0.320889,1.7897,0,6.56504
6.58484,0.711107,1.33589,-0.932151,0,0,0,0,18,20,0,0,0,0,0,traj_sz=100
6.58494,0.711107,1.33589,-0.932151,0.754363,1.26765,-1.05077,0.10583,18,20,0.0805764,0.108799,-0.31994,1.78895,0,6.58494
6.60487,0.712396,1.33421,-0.936049,0,0,0,0,18,20,0,0,0,0,0,traj_sz=100
6.60496,0.712396,1.33421,-0.936049,0.754363,1.26765,-1.05077,0.10583,18,20,0.0784813,0.108797,-0.317981,1.78767,0,6.60496
6.62501,0.713378,1.33306,-0.937949,0,0,0,0,18,20,0,0,0,0,0,traj_sz=100
6.62531,0.713378,1.33306,-0.937949,0.754363,1.26765,-1.05077,0.10583,18,20,0.0769802,0.109402,-0.318144,1.7867,0,6.62531
6.64482,0.716269,1.32935,-0.949418,0,0,0,0,18,20,0,0,0,0,0,traj_sz=100
6.64499,0.716269,1.32935,-0.949418,0.754363,1.26765,-1.05077,0.10583,18,20,0.0723408,0.106754,-0.3131,1.78385,0,6.64499
6.66486,0.716975,1.32855,-0.953146,0,0,0,0,18,20,0,0,0,0,0,traj_sz=100
6.66497,0.716975,1.32855,-0.953146,0.754363,1.26765,-1.05077,0.10583,18,20,0.0713019,0.10778,-0.312475,1.78315,0,6.66497
6.6849,0.717547,1.32758,-0.952997,0,0,0,0,18,20,0,0,0,0,0,traj_sz=100
6.68512,0.717547,1.32758,-0.952997,0.754363,1.26765,-1.05077,0.10583,18,20,0.0701774,0.10876,-0.310372,1.78259,0,6.68512
6.70494,0.71884,1.32549,-0.955528,0,0,0,0,18,20,0,0,0,0,0,traj_sz=100
6.70506,0.71884,1.32549,-0.955528,0.754363,1.26765,-1.05077,0.10583,18,20,0.0677391,0.108396,-0.305345,1.78133,0,6.70506
6.72488,0.71987,1.32464,-0.95987,0,0,0,0,18,20,0,0,0,0,0,traj_sz=100
6.72514,0.71987,1.32464,-0.95987,0.754363,1.26765,-1.05077,0.10583,18,20,0.0664635,0.109183,-0.307705,1.78031,0,6.72514
6.74492,0.722429,1.321,-0.968663,0,0,0,0,18,20,0,0,0,0,0,traj_sz=100
6.745,0.722429,1.321,-0.968663,0.754363,1.26765,-1.05077,0.10583,18,20,0.0620526,0.106811,-0.300588,1.77781,0,6.745
6.76474,0.723281,1.32014,-0.97333,0,0,0,0,18,20,0,0,0,0,0,traj_sz=100
6.76489,0.723281,1.32014,-0.97333,0.754363,1.26765,-1.05077,0.10583,18,20,0.0608856,0.107692,-0.300716,1.77697,0,6.76489
6.78504,0.723979,1.31894,-0.972597,0,0,0,0,18,20,0,0,0,0,0,traj_sz=100
6.78525,0.723979,1.31894,-0.972597,0.754363,1.26765,-1.05077,0.10583,19,20,0.0594931,0.108428,-0.300847,1.77629,0,6.78525
6.80493,0.725168,1.3171,-0.979254,0,0,0,0,19,20,0,0,0,0,0,traj_sz=100
6.80502,0.725168,1.3171,-0.979254,0.754363,1.26765,-1.05077,0.10583,19,20,0.0573247,0.108299,-0.297373,1.77514,0,6.80502
6.82493,0.725706,1.31607,-0.979241,0,0,0,0,19,20,0,0,0,0,0,traj_sz=100
6.82504,0.725706,1.31607,-0.979241,0.754363,1.26765,-1.05077,0.10583,19,20,0.0561712,0.109233,-0.295533,1.77462,0,6.82504
6.84491,0.728807,1.31216,-0.990379,0,0,0,0,19,20,0,0,0,0,0,traj_sz=100
6.84506,0.728807,1.31216,-0.990379,0.773656,1.23396,-1.11504,0.104782,19,21,0.0899851,0.106332,-0.296676,1.7716,0,6.84506
6.86502,0.72952,1.31114,-0.992656,0,0,0,0,19,21,0,0,0,0,0,traj_sz=100
6.86521,0.72952,1.31114,-0.992656,0.773656,1.23396,-1.11504,0.104782,19,21,0.0887581,0.107191,-0.296097,1.77091,0,6.86521
6.88487,0.730232,1.31024,-0.995735,0,0,0,0,19,21,0,0,0,0,0,traj_sz=100
6.88499,0.730232,1.31024,-0.995735,0.773656,1.23396,-1.11504,0.104782,19,21,0.0876247,0.108097,-0.296057,1.77021,0,6.88499
6.90484,0.731394,1.30836,-0.999952,0,0,0,0,19,21,0,0,0,0,0,traj_sz=100
6.90504,0.731394,1.30836,-0.999952,0.773656,1.23396,-1.11504,0.104782,19,21,0.0854432,0.107977,-0.293089,1.7691,0,6.90504
6.92481,0.732119,1.30736,-1.00208,0,0,0,0,19,21,0,0,0,0,0,traj_sz=100
6.92492,0.732119,1.30736,-1.00208,0.773656,1.23396,-1.11504,0.104782,19,21,0.0842144,0.108807,-0.29279,1.7684,0,6.92492
6.94489,0.734758,1.30331,-1.01011,0,0,0,0,19,21,0,0,0,0,0,traj_sz=100
6.94504,0.734758,1.30331,-1.01011,0.773656,1.23396,-1.11504,0.104782,19,21,0.0794169,0.106065,-0.28844,1.76586,0,6.94504
6.96481,0.735614,1.30238,-1.0136,0,0,0,0,19,21,0,0,0,0,0,traj_sz=100
6.96486,0.735614,1.30238,-1.0136,0.773656,1.23396,-1.11504,0.104782,19,21,0.0781846,0.106872,-0.289766,1.76503,0,6.96486
6.98488,0.736,1.30134,-1.01408,0,0,0,0,19,21,0,0,0,0,0,traj_sz=100
6.98499,0.736,1.30134,-1.01408,0.773656,1.23396,-1.11504,0.104782,19,21,0.0771008,0.107875,-0.285737,1.76467,0,6.98499
7.00495,0.737409,1.29945,-1.0212,0,0,0,0,19,21,0,0,0,0,0,traj_sz=100
7.00515,0.737409,1.29945,-1.0212,0.773656,1.23396,-1.11504,0.104782,19,21,0.0747785,0.107605,-0.284398,1.76332,0,7.00515
7.02478,0.738176,1.29856,-1.0226,0,0,0,0,19,21,0,0,0,0,0,traj_sz=100
7.02489,0.738176,1.29856,-1.0226,0.773656,1.23396,-1.11504,0.104782,19,21,0.0736222,0.108479,-0.285923,1.76257,0,7.02489
7.04484,0.740762,1.29463,-1.03151,0,0,0,0,19,21,0,0,0,0,0,traj_sz=100
7.04493,0.740762,1.29463,-1.03151,0.773656,1.23396,-1.11504,0.104782,19,21,0.0689506,0.105848,-0.28149,1.76011,0,7.04493
7.06487,0.741537,1.29376,-1.03489,0,0,0,0,19,21,0,0,0,0,0,traj_sz=100
7.06495,0.741537,1.29376,-1.03489,0.773656,1.23396,-1.11504,0.104782,19,21,0.0678169,0.106766,-0.282404,1.75936,0,7.06495
7.08481,0.742075,1.29261,-1.03472,0,0,0,0,19,21,0,0,0,0,0,traj_sz=100
7.08494,0.742075,1.29261,-1.03472,0.773656,1.23396,-1.11504,0.104782,19,21,0.066551,0.10757,-0.279598,1.75886,0,7.08494
7.10481,0.743477,1.29068,-1.03972,0,0,0,0,19,21,0,0,0,0,0,traj_sz=100
7.10502,0.743477,1.29068,-1.03972,0.773656,1.23396,-1.11504,0.104782,19,21,0.0641923,0.107265,-0.278811,1.75752,0,7.10502
7.12495,0.744054,1.28959,-1.04063,0,0,0,0,19,21,0,0,0,0,0,traj_sz=100
7.12507,0.744054,1.28959,-1.04063,0.773656,1.23396,-1.11504,0.104782,19,21,0.0629593,0.108104,-0.2765,1.75699,0,7.12507
7.1449,0.746593,1.28565,-1.05199,0,0,0,0,19,21,0,0,0,0,0,traj_sz=100
7.14504,0.746593,1.28565,-1.05199,0.773656,1.23396,-1.11504,0.104782,20,21,0.0583091,0.105484,-0.272146,1.75459,0,7.14504
7.16486,0.747403,1.28436,-1.0512,0,0,0,0,20,21,0,0,0,0,0,traj_sz=100
7.16514,0.747403,1.28436,-1.0512,0.773656,1.23396,-1.11504,0.104782,20,21,0.0567867,0.106026,-0.273429,1.75383,0,7.16514
7.18473,0.747916,1.28351,-1.05573,0,0,0,0,20,21,0,0,0,0,0,traj_sz=100
7.18484,0.747916,1.28351,-1.05573,0.773656,1.23396,-1.11504,0.104782,20,21,0.0558,0.107075,-0.271699,1.75335,0,7.18484
7.20478,0.749177,1.28152,-1.06054,0,0,0,0,20,21,0,0,0,0,0,traj_sz=100
7.20488,0.749177,1.28152,-1.06054,0.773656,1.23396,-1.11504,0.104782,20,21,0.0534565,0.106788,-0.27112,1.75216,0,7.20488
7.22478,0.749946,1.2804,-1.06364,0,0,0,0,20,21,0,0,0,0,0,traj_sz=100
7.22487,0.749946,1.2804,-1.06364,0.790575,1.19944,-1.17588,0.10449,20,22,0.0905013,0.107494,-0.271377,1.75144,0,7.22487
7.2448,0.752267,1.27628,-1.07037,0,0,0,0,20,22,0,0,0,0,0,traj_sz=100
7.24491,0.752267,1.27628,-1.07037,0.790575,1.19944,-1.17588,0.10449,20,22,0.0858004,0.104836,-0.267892,1.74929,0,7.24491
7.26489,0.752856,1.27535,-1.07301,0,0,0,0,20,22,0,0,0,0,0,traj_sz=100
7.26501,0.752856,1.27535,-1.07301,0.790575,1.19944,-1.17588,0.10449,20,22,0.0847054,0.105804,-0.267396,1.74874,0,7.26501
7.28488,0.753405,1.27434,-1.07415,0,0,0,0,20,22,0,0,0,0,0,traj_sz=100
7.28503,0.753405,1.27434,-1.07415,0.790575,1.19944,-1.17588,0.10449,20,22,0.0835597,0.106717,-0.266506,1.74823,0,7.28503
7.30481,0.754408,1.27217,-1.07707,0,0,0,0,20,22,0,0,0,0,0,traj_sz=100
7.30493,0.754408,1.27217,-1.07707,0.790575,1.19944,-1.17588,0.10449,20,22,0.0811828,0.106389,-0.262088,1.74733,0,7.30493
7.32492,0.755081,1.27134,-1.08022,0,0,0,0,20,22,0,0,0,0,0,traj_sz=100
7.32512,0.755081,1.27134,-1.08022,0.790575,1.19944,-1.17588,0.10449,20,22,0.0801434,0.107411,-0.263255,1.74669,0,7.32512
7.34481,0.757508,1.26694,-1.08693,0,0,0,0,20,22,0,0,0,0,0,traj_sz=100
7.34492,0.757508,1.26694,-1.08693,0.790575,1.19944,-1.17588,0.10449,20,22,0.075134,0.104428,-0.25903,1.74447,0,7.34492
7.36489,0.758201,1.26607,-1.09193,0,0,0,0,20,22,0,0,0,0,0,traj_sz=100
7.365,0.758201,1.26607,-1.09193,0.790575,1.19944,-1.17588,0.10449,20,22,0.0740518,0.105405,-0.259298,1.74382,0,7.365
7.38476,0.758667,1.2649,-1.09199,0,0,0,0,20,22,0,0,0,0,0,traj_sz=100
7.38486,0.758667,1.2649,-1.09199,0.790575,1.19944,-1.17588,0.10449,20,22,0.0727995,0.106211,-0.256628,1.74341,0,7.38486
7.40499,0.76,1.26281,-1.09617,0,0,0,0,20,22,0,0,0,0,0,traj_sz=100
7.40511,0.76,1.26281,-1.09617,0.790575,1.19944,-1.17588,0.10449,20,22,0.0703367,0.105829,-0.256505,1.74218,0,7.40511
7.42482,0.76036,1.26179,-1.09918,0,0,0,0,20,22,0,0,0,0,0,traj_sz=100
7.42493,0.76036,1.26179,-1.09918,0.790575,1.19944,-1.17588,0.10449,20,22,0.0692681,0.10681,-0.252227,1.74188,0,7.42493
7.44486,0.762774,1.25775,-1.10785,0,0,0,0,20,22,0,0,0,0,0,traj_sz=100
7.44495,0.762774,1.25775,-1.10785,0.790575,1.19944,-1.17588,0.10449,20,22,0.0645904,0.104181,-0.249683,1.73967,0,7.44495
7.46488,0.763091,1.25658,-1.10841,0,0,0,0,20,22,0,0,0,0,0,traj_sz=100
7.465,0.763091,1.25658,-1.10841,0.790575,1.19944,-1.17588,0.10449,20,22,0.0634015,0.105072,-0.244829,1.73942,0,7.465
7.48483,0.763807,1.25557,-1.11092,0,0,0,0,20,22,0,0,0,0,0,traj_sz=100
7.48501,0.763807,1.25557,-1.11092,0.790575,1.19944,-1.17588,0.10449,20,22,0.0621824,0.105911,-0.245502,1.73876,0,7.48501
7.50485,0.764917,1.25335,-1.1142,0,0,0,0,20,22,0,0,0,0,0,traj_sz=100
7.50502,0.764917,1.25335,-1.1142,0.790575,1.19944,-1.17588,0.10449,20,22,0.0597015,0.105496,-0.241909,1.73777,0,7.50502
7.52487,0.765671,1.25225,-1.11795,0,0,0,0,20,22,0,0,0,0,0,traj_sz=100
7.52512,0.765671,1.25225,-1.11795,0.790575,1.19944,-1.17588,0.10449,20,22,0.0583849,0.106245,-0.241855,1.73708,0,7.52512
7.54497,0.767823,1.24808,-1.12599,0,0,0,0,20,22,0,0,0,0,0,traj_sz=100
7.5451,0.767823,1.24808,-1.12599,0.790575,1.19944,-1.17588,0.10449,21,22,0.0536933,0.103613,-0.239662,1.73517,0,7.5451
7.56497,0.768364,1.24711,-1.13014,0,0,0,0,21,22,0,0,0,0,0,traj_sz=100
7.56505,0.768364,1.24711,-1.13014,0.790575,1.19944,-1.17588,0.10449,21,22,0.0525882,0.104565,-0.238691,1.73469,0,7.56505
7.58495,0.768503,1.24585,-1.12711,0,0,0,0,21,22,0,0,0,0,0,traj_sz=100
7.5853,0.768503,1.24585,-1.12711,0.805324,1.16406,-1.2335,0.104883,21,23,0.0896773,0.10546,-0.233622,1.73463,0,7.5853
7.60487,0.769574,1.24386,-1.1335,0,0,0,0,21,23,0,0,0,0,0,traj_sz=100
7.60496,0.769574,1.24386,-1.1335,0.805324,1.16406,-1.2335,0.104883,21,23,0.0874292,0.10524,-0.232021,1.73368,0,7.60496
7.62487,0.7705,1.24304,-1.13711,0,0,0,0,21,23,0,0,0,0,0,traj_sz=100
7.62498,0.7705,1.24304,-1.13711,0.805324,1.16406,-1.2335,0.104883,21,23,0.0863045,0.106157,-0.237481,1.7328,0,7.62498
7.645,0.77265,1.23871,-1.14393,0,0,0,0,21,23,0,0,0,0,0,traj_sz=100
7.64514,0.77265,1.23871,-1.14393,0.805324,1.16406,-1.2335,0.104883,21,23,0.0814812,0.1034,-0.234777,1.73093,0,7.64514
7.66493,0.772679,1.23762,-1.14427,0,0,0,0,21,23,0,0,0,0,0,traj_sz=100
7.66501,0.772679,1.23762,-1.14427,0.805324,1.16406,-1.2335,0.104883,21,23,0.0804707,0.104455,-0.227775,1.73097,0,7.66501
7.68492,0.773587,1.23682,-1.15052,0,0,0,0,21,23,0,0,0,0,0,traj_sz=100
7.685,0.773587,1.23682,-1.15052,0.805324,1.16406,-1.2335,0.104883,21,23,0.0793798,0.1054,-0.231956,1.73012,0,7.685
7.7048,0.774578,1.23473,-1.15351,0,0,0,0,21,23,0,0,0,0,0,traj_sz=100
7.70488,0.774578,1.23473,-1.15351,0.805324,1.16406,-1.2335,0.104883,21,23,0.0770634,0.105129,-0.230119,1.72927,0,7.70488
7.72486,0.775186,1.23352,-1.15358,0,0,0,0,21,23,0,0,0,0,0,traj_sz=100
7.72495,0.775186,1.23352,-1.15358,0.805324,1.16406,-1.2335,0.104883,21,23,0.0757123,0.105868,-0.230296,1.72874,0,7.72495
7.74475,0.776712,1.22922,-1.16032,0,0,0,0,21,23,0,0,0,0,0,traj_sz=100
7.74486,0.776712,1.22922,-1.16032,0.805324,1.16406,-1.2335,0.104883,21,23,0.0711604,0.103402,-0.219418,1.72752,0,7.74486
7.76488,0.777573,1.22821,-1.1644,0,0,0,0,21,23,0,0,0,0,0,traj_sz=100
7.76497,0.777573,1.22821,-1.1644,0.805324,1.16406,-1.2335,0.104883,21,23,0.0698965,0.10422,-0.222539,1.72673,0,7.76497
7.78479,0.777804,1.22705,-1.16379,0,0,0,0,21,23,0,0,0,0,0,traj_sz=100
7.78491,0.777804,1.22705,-1.16379,0.805324,1.16406,-1.2335,0.104883,21,23,0.0687374,0.105146,-0.218266,1.72658,0,7.78491
7.80501,0.77917,1.22525,-1.17202,0,0,0,0,21,23,0,0,0,0,0,traj_sz=100
7.80518,0.77917,1.22525,-1.17202,0.805324,1.16406,-1.2335,0.104883,21,23,0.0665461,0.105048,-0.221098,1.72535,0,7.80518
7.82486,0.77966,1.22416,-1.17494,0,0,0,0,21,23,0,0,0,0,0,traj_sz=100
7.82503,0.77966,1.22416,-1.17494,0.805324,1.16406,-1.2335,0.104883,21,23,0.0653491,0.10592,-0.219175,1.72494,0,7.82503
7.84495,0.781208,1.21986,-1.17739,0,0,0,0,21,23,0,0,0,0,0,traj_sz=100
7.84505,0.781208,1.21986,-1.17739,0.805324,1.16406,-1.2335,0.104883,21,23,0.0607781,0.103448,-0.210494,1.72371,0,7.84505
7.86505,0.781888,1.21883,-1.18182,0,0,0,0,21,23,0,0,0,0,0,traj_sz=100
7.86522,0.781888,1.21883,-1.18182,0.805324,1.16406,-1.2335,0.104883,21,23,0.059569,0.104332,-0.21091,1.72311,0,7.86522
7.88477,0.782606,1.21777,-1.1848,0,0,0,0,21,23,0,0,0,0,0,traj_sz=100
7.88484,0.782606,1.21777,-1.1848,0.805324,1.16406,-1.2335,0.104883,21,23,0.0583142,0.105115,-0.212246,1.72248,0,7.88484
7.90491,0.783187,1.21551,-1.18644,0,0,0,0,21,23,0,0,0,0,0,traj_sz=100
7.90509,0.783187,1.21551,-1.18644,0.805324,1.16406,-1.2335,0.104883,22,23,0.0559983,0.10492,-0.205177,1.72207,0,7.90509
7.92487,0.783864,1.2145,-1.19037,0,0,0,0,22,23,0,0,0,0,0,traj_sz=100
7.92495,0.783864,1.2145,-1.19037,0.805324,1.16406,-1.2335,0.104883,22,23,0.0548066,0.105792,-0.206962,1.72148,0,7.92495
7.94472,0.785656,1.21013,-1.19433,0,0,0,0,22,23,0,0,0,0,0,traj_sz=100
7.94483,0.785656,1.21013,-1.19433,0.818058,1.12775,-1.28783,0.105915,22,24,0.0885221,0.103132,-0.20475,1.72004,0,7.94483
7.96487,0.786305,1.20917,-1.19746,0,0,0,0,22,24,0,0,0,0,0,traj_sz=100
7.96502,0.786305,1.20917,-1.19746,0.818058,1.12775,-1.28783,0.105915,22,24,0.087391,0.10409,-0.206788,1.71947,0,7.96502
7.98489,0.786747,1.20818,-1.20127,0,0,0,0,22,24,0,0,0,0,0,traj_sz=100
7.98504,0.786747,1.20818,-1.20127,0.818058,1.12775,-1.28783,0.105915,22,24,0.0863099,0.105089,-0.205484,1.71911,0,7.98504
8.00487,0.787511,1.20596,-1.20254,0,0,0,0,22,24,0,0,0,0,0,traj_sz=100
8.00497,0.787511,1.20596,-1.20254,0.818058,1.12775,-1.28783,0.105915,22,24,0.0839676,0.104823,-0.20271,1.71854,0,8.00497
8.02476,0.787745,1.20493,-1.20325,0,0,0,0,22,24,0,0,0,0,0,traj_sz=100
8.02485,0.787745,1.20493,-1.20325,0.818058,1.12775,-1.28783,0.105915,22,24,0.0829209,0.105848,-0.199678,1.71839,0,8.02485
8.04492,0.789921,1.20067,-1.2128,0,0,0,0,22,24,0,0,0,0,0,traj_sz=100
8.04502,0.789921,1.20067,-1.2128,0.818058,1.12775,-1.28783,0.105915,22,24,0.0781536,0.103164,-0.200877,1.71659,0,8.04502
8.06482,0.789961,1.19953,-1.21217,0,0,0,0,22,24,0,0,0,0,0,traj_sz=100
8.06509,0.789961,1.19953,-1.21217,0.818058,1.12775,-1.28783,0.105915,22,24,0.0770706,0.104175,-0.195133,1.71665,0,8.06509
8.08486,0.790851,1.19844,-1.21528,0,0,0,0,22,24,0,0,0,0,0,traj_sz=100
8.08507,0.790851,1.19844,-1.21528,0.818058,1.12775,-1.28783,0.105915,22,24,0.0757376,0.104928,-0.199782,1.71586,0,8.08507
8.10482,0.791709,1.19645,-1.2191,0,0,0,0,22,24,0,0,0,0,0,traj_sz=100
8.10492,0.791709,1.19645,-1.2191,0.818058,1.12775,-1.28783,0.105915,22,24,0.0735718,0.10486,-0.19847,1.71518,0,8.10492
8.12479,0.791694,1.19522,-1.21755,0,0,0,0,22,24,0,0,0,0,0,traj_sz=100
8.12508,0.791694,1.19522,-1.21755,0.818058,1.12775,-1.28783,0.105915,22,24,0.0724292,0.105855,-0.191877,1.7153,0,8.12508
8.14479,0.793576,1.19108,-1.22526,0,0,0,0,22,24,0,0,0,0,0,traj_sz=100
8.14488,0.793576,1.19108,-1.22526,0.818058,1.12775,-1.28783,0.105915,22,24,0.0678806,0.1034,-0.190561,1.71381,0,8.14488
8.1648,0.794146,1.19007,-1.22887,0,0,0,0,22,24,0,0,0,0,0,traj_sz=100
8.1649,0.794146,1.19007,-1.22887,0.818058,1.12775,-1.28783,0.105915,22,24,0.0667331,0.104363,-0.191003,1.71333,0,8.1649
8.18494,0.794736,1.18901,-1.23203,0,0,0,0,22,24,0,0,0,0,0,traj_sz=100
8.18505,0.794736,1.18901,-1.23203,0.818058,1.12775,-1.28783,0.105915,22,24,0.0655286,0.105283,-0.191615,1.71285,0,8.18505
8.20479,0.795558,1.18699,-1.2337,0,0,0,0,22,24,0,0,0,0,0,traj_sz=100
8.20488,0.795558,1.18699,-1.2337,0.818058,1.12775,-1.28783,0.105915,22,24,0.0633477,0.105195,-0.190585,1.71222,0,8.20488
8.22492,0.795643,1.18568,-1.23321,0,0,0,0,22,24,0,0,0,0,0,traj_sz=100
8.22501,0.795643,1.18568,-1.23321,0.818058,1.12775,-1.28783,0.105915,22,24,0.0620872,0.10607,-0.18445,1.71226,0,8.22501
8.24478,0.797453,1.18088,-1.23867,0,0,0,0,22,24,0,0,0,0,0,traj_sz=100
8.24486,0.797453,1.18088,-1.23867,0.818058,1.12775,-1.28783,0.105915,23,24,0.0569456,0.10303,-0.17741,1.71093,0,8.24486
8.2648,0.79837,1.1798,-1.24307,0,0,0,0,23,24,0,0,0,0,0,traj_sz=100
8.26489,0.79837,1.1798,-1.24307,0.818058,1.12775,-1.28783,0.105915,23,24,0.0556196,0.103807,-0.183072,1.71012,0,8.26489
8.28499,0.798398,1.17855,-1.24231,0,0,0,0,23,24,0,0,0,0,0,traj_sz=100
8.28513,0.798398,1.17855,-1.24231,0.818058,1.12775,-1.28783,0.105915,23,24,0.0544266,0.104759,-0.177581,1.71022,0,8.28513
8.30491,0.79931,1.17615,-1.24592,0,0,0,0,23,24,0,0,0,0,0,traj_sz=100
8.305,0.79931,1.17615,-1.24592,0.828907,1.09044,-1.33824,0.107574,23,25,0.0906753,0.104287,-0.176974,1.70955,0,8.305
8.32485,0.800217,1.17502,-1.25081,0,0,0,0,23,25,0,0,0,0,0,traj_sz=100
8.32504,0.800217,1.17502,-1.25081,0.828907,1.09044,-1.33824,0.107574,23,25,0.0893128,0.105021,-0.182003,1.70877,0,8.32504
8.34475,0.801926,1.17056,-1.2585,0,0,0,0,23,25,0,0,0,0,0,traj_sz=100
8.3449,0.801926,1.17056,-1.2585,0.828907,1.09044,-1.33824,0.107574,23,25,0.0845307,0.102333,-0.180553,1.70753,0,8.3449
8.36478,0.802157,1.16946,-1.25856,0,0,0,0,23,25,0,0,0,0,0,traj_sz=100
8.36485,0.802157,1.16946,-1.25856,0.828907,1.09044,-1.33824,0.107574,23,25,0.0834141,0.103325,-0.178343,1.70742,0,8.36485
8.38483,0.802709,1.16816,-1.25893,0,0,0,0,23,25,0,0,0,0,0,traj_sz=100
8.38498,0.802709,1.16816,-1.25893,0.828907,1.09044,-1.33824,0.107574,23,25,0.0820104,0.104036,-0.179559,1.707,0,8.38498
8.40489,0.803474,1.16619,-1.2639,0,0,0,0,23,25,0,0,0,0,0,traj_sz=100
8.40498,0.803474,1.16619,-1.2639,0.828907,1.09044,-1.33824,0.107574,23,25,0.0798922,0.104028,-0.178366,1.70645,0,8.40498
8.42488,0.803521,1.16498,-1.26009,0,0,0,0,23,25,0,0,0,0,0,traj_sz=100
8.42501,0.803521,1.16498,-1.26009,0.828907,1.09044,-1.33824,0.107574,23,25,0.0787323,0.104981,-0.174746,1.70654,0,8.42501
8.44484,0.805239,1.16048,-1.26799,0,0,0,0,23,25,0,0,0,0,0,traj_sz=100
8.44498,0.805239,1.16048,-1.26799,0.828907,1.09044,-1.33824,0.107574,23,25,0.0739096,0.10228,-0.173157,1.70532,0,8.44498
8.4648,0.805695,1.15929,-1.27153,0,0,0,0,23,25,0,0,0,0,0,traj_sz=100
8.46488,0.805695,1.15929,-1.27153,0.828907,1.09044,-1.33824,0.107574,23,25,0.0726371,0.103153,-0.172144,1.705,0,8.46488
8.48485,0.805965,1.1582,-1.27135,0,0,0,0,23,25,0,0,0,0,0,traj_sz=100
8.48492,0.805965,1.1582,-1.27135,0.828907,1.09044,-1.33824,0.107574,23,25,0.0715157,0.104189,-0.170638,1.70486,0,8.48492
8.50489,0.806826,1.15594,-1.27437,0,0,0,0,23,25,0,0,0,0,0,traj_sz=100
8.50499,0.806826,1.15594,-1.27437,0.828907,1.09044,-1.33824,0.107574,23,25,0.0690915,0.103925,-0.170206,1.70426,0,8.50499
8.52491,0.807465,1.15483,-1.27806,0,0,0,0,23,25,0,0,0,0,0,traj_sz=100
8.52507,0.807465,1.15483,-1.27806,0.828907,1.09044,-1.33824,0.107574,23,25,0.0678376,0.104826,-0.172094,1.70375,0,8.52507
8.54488,0.809,1.15039,-1.2839,0,0,0,0,23,25,0,0,0,0,0,traj_sz=100
8.54509,0.809,1.15039,-1.2839,0.828907,1.09044,-1.33824,0.107574,23,25,0.063135,0.102279,-0.169167,1.70274,0,8.54509
8.56478,0.809055,1.1492,-1.28318,0,0,0,0,23,25,0,0,0,0,0,traj_sz=100
8.56484,0.809055,1.1492,-1.28318,0.828907,1.09044,-1.33824,0.107574,23,25,0.0619755,0.103258,-0.16433,1.70283,0,8.56484
8.58489,0.809706,1.14816,-1.28579,0,0,0,0,23,25,0,0,0,0,0,traj_sz=100
8.58497,0.809706,1.14816,-1.28579,0.828907,1.09044,-1.33824,0.107574,23,25,0.0607928,0.104236,-0.167237,1.7023,0,8.58497
8.6049,0.81025,1.14597,-1.28949,0,0,0,0,23,25,0,0,0,0,0,traj_sz=100
8.60506,0.81025,1.14597,-1.28949,0.828907,1.09044,-1.33824,0.107574,23,25,0.0585227,0.104136,-0.162373,1.70202,0,8.60506
8.62492,0.81049,1.1448,-1.28846,0,0,0,0,23,25,0,0,0,0,0,traj_sz=100
8.62501,0.81049,1.1448,-1.28846,0.828907,1.09044,-1.33824,0.107574,24,25,0.0573408,0.1051,-0.155456,1.70193,0,8.62501
8.64477,0.811733,1.14053,-1.29517,0,0,0,0,24,25,0,0,0,0,0,traj_sz=100
8.64497,0.811733,1.14053,-1.29517,0.838002,1.05204,-1.38313,0.109838,24,26,0.0923031,0.102798,-0.152475,1.70121,0,8.64497
8.66491,0.812478,1.13942,-1.29696,0,0,0,0,24,26,0,0,0,0,0,traj_sz=100
8.66499,0.812478,1.13942,-1.29696,0.838002,1.05204,-1.38313,0.109838,24,26,0.0910227,0.103661,-0.157723,1.70061,0,8.66499
8.68487,0.812453,1.13821,-1.29549,0,0,0,0,24,26,0,0,0,0,0,traj_sz=100
8.68504,0.812453,1.13821,-1.29549,0.838002,1.05204,-1.38313,0.109838,24,26,0.0898735,0.104667,-0.152973,1.70078,0,8.68504
8.70488,0.813363,1.13607,-1.3016,0,0,0,0,24,26,0,0,0,0,0,traj_sz=100
8.70506,0.813363,1.13607,-1.3016,0.838002,1.05204,-1.38313,0.109838,24,26,0.087561,0.104508,-0.154387,1.70015,0,8.70506
8.72484,0.813753,1.13501,-1.30158,0,0,0,0,24,26,0,0,0,0,0,traj_sz=100
8.72495,0.813753,1.13501,-1.30158,0.838002,1.05204,-1.38313,0.109838,24,26,0.0864291,0.105511,-0.155545,1.6999,0,8.72495
8.74487,0.815296,1.13051,-1.30876,0,0,0,0,24,26,0,0,0,0,0,traj_sz=100
8.74495,0.815296,1.13051,-1.30876,0.838002,1.05204,-1.38313,0.109838,24,26,0.0816776,0.10291,-0.155706,1.69894,0,8.74495
8.76485,0.815305,1.1293,-1.30777,0,0,0,0,24,26,0,0,0,0,0,traj_sz=100
8.76501,0.815305,1.1293,-1.30777,0.838002,1.05204,-1.38313,0.109838,24,26,0.0804999,0.103892,-0.151181,1.69909,0,8.76501
8.78488,0.815977,1.12827,-1.31198,0,0,0,0,24,26,0,0,0,0,0,traj_sz=100
8.785,0.815977,1.12827,-1.31198,0.838002,1.05204,-1.38313,0.109838,24,26,0.0793259,0.104861,-0.154672,1.69856,0,8.785
8.80497,0.816512,1.12601,-1.31238,0,0,0,0,24,26,0,0,0,0,0,traj_sz=100
8.80509,0.816512,1.12601,-1.31238,0.838002,1.05204,-1.38313,0.109838,24,26,0.0770012,0.104696,-0.152718,1.69832,0,8.80509
8.82491,0.816754,1.12485,-1.31314,0,0,0,0,24,26,0,0,0,0,0,traj_sz=100
8.82502,0.816754,1.12485,-1.31314,0.838002,1.05204,-1.38313,0.109838,24,26,0.0758242,0.105717,-0.151029,1.69824,0,8.82502
8.84483,0.818015,1.12023,-1.31752,0,0,0,0,24,26,0,0,0,0,0,traj_sz=100
8.84499,0.818015,1.12023,-1.31752,0.838002,1.05204,-1.38313,0.109838,24,26,0.0710216,0.103122,-0.147851,1.69761,0,8.84499
8.86478,0.81872,1.11925,-1.32183,0,0,0,0,24,26,0,0,0,0,0,traj_sz=100
8.86495,0.81872,1.11925,-1.32183,0.838002,1.05204,-1.38313,0.109838,24,26,0.0698909,0.10419,-0.151982,1.69704,0,8.86495
8.88481,0.818755,1.11802,-1.32117,0,0,0,0,24,26,0,0,0,0,0,traj_sz=100
8.8849,0.818755,1.11802,-1.32117,0.838002,1.05204,-1.38313,0.109838,24,26,0.068685,0.105188,-0.147606,1.69717,0,8.8849
8.9049,0.819518,1.1157,-1.32331,0,0,0,0,24,26,0,0,0,0,0,traj_sz=100
8.9051,0.819518,1.1157,-1.32331,0.838002,1.05204,-1.38313,0.109838,24,26,0.0662452,0.104965,-0.14791,1.69674,0,8.9051
8.92482,0.820003,1.11465,-1.32705,0,0,0,0,24,26,0,0,0,0,0,traj_sz=100
8.92514,0.820003,1.11465,-1.32705,0.838002,1.05204,-1.38313,0.109838,24,26,0.0651002,0.106029,-0.148822,1.6964,0,8.92514
8.94482,0.820902,1.11003,-1.32966,0,0,0,0,24,26,0,0,0,0,0,traj_sz=100
8.94503,0.820902,1.11003,-1.32966,0.838002,1.05204,-1.38313,0.109838,24,26,0.0603984,0.103538,-0.14127,1.69616,0,8.94503
8.96483,0.821563,1.10884,-1.33271,0,0,0,0,24,26,0,0,0,0,0,traj_sz=100
8.96495,0.821563,1.10884,-1.33271,0.838002,1.05204,-1.38313,0.109838,24,26,0.0590792,0.104416,-0.144449,1.69567,0,8.96495
8.98488,0.821623,1.1076,-1.33213,0,0,0,0,24,26,0,0,0,0,0,traj_sz=100
8.98498,0.821623,1.1076,-1.33213,0.838002,1.05204,-1.38313,0.109838,25,26,0.0578556,0.105405,-0.12985,1.69579,0,8.98498
9.00494,0.822268,1.10552,-1.33616,0,0,0,0,25,26,0,0,0,0,0,traj_sz=100
9.00506,0.822268,1.10552,-1.33616,0.838002,1.05204,-1.38313,0.109838,25,26,0.0556678,0.105436,-0.130247,1.69545,0,9.00506
9.02488,0.822652,1.10442,-1.3383,0,0,0,0,25,26,0,0,0,0,0,traj_sz=100
9.02522,0.822652,1.10442,-1.3383,0.838002,1.05204,-1.38313,0.109838,25,26,0.0545076,0.106485,-0.131117,1.69523,0,9.02522
9.04478,0.823964,1.10005,-1.34456,0,0,0,0,25,26,0,0,0,0,0,traj_sz=100
9.04485,0.823964,1.10005,-1.34456,0.84552,1.01245,-1.4216,0.1126,25,27,0.0901992,0.104099,-0.132321,1.69457,0,9.04485
9.06481,0.82396,1.09881,-1.34341,0,0,0,0,25,27,0,0,0,0,0,traj_sz=100
9.06491,0.82396,1.09881,-1.34341,0.84552,1.01245,-1.4216,0.1126,25,27,0.0889984,0.105111,-0.128509,1.69476,0,9.06491
9.08494,0.824495,1.09773,-1.34638,0,0,0,0,25,27,0,0,0,0,0,traj_sz=100
9.08511,0.824495,1.09773,-1.34638,0.84552,1.01245,-1.4216,0.1126,25,27,0.0878193,0.10615,-0.131249,1.69439,0,9.08511
9.10483,0.825154,1.09561,-1.35043,0,0,0,0,25,27,0,0,0,0,0,traj_sz=100
9.10495,0.825154,1.09561,-1.35043,0.84552,1.01245,-1.4216,0.1126,25,27,0.0856008,0.106121,-0.131713,1.69406,0,9.10495
9.12492,0.825223,1.09456,-1.35119,0,0,0,0,25,27,0,0,0,0,0,traj_sz=100
9.12503,0.825223,1.09456,-1.35119,0.84552,1.01245,-1.4216,0.1126,25,27,0.0845599,0.107296,-0.128746,1.69415,0,9.12503
9.14491,0.826372,1.09014,-1.35592,0,0,0,0,25,27,0,0,0,0,0,traj_sz=100
9.14501,0.826372,1.09014,-1.35592,0.84552,1.01245,-1.4216,0.1126,25,27,0.0799859,0.104926,-0.128118,1.69368,0,9.14501
9.16493,0.826342,1.08903,-1.35559,0,0,0,0,25,27,0,0,0,0,0,traj_sz=100
9.16502,0.826342,1.08903,-1.35559,0.84552,1.01245,-1.4216,0.1126,25,27,0.0789104,0.106057,-0.123991,1.69388,0,9.16502
9.18487,0.827032,1.08807,-1.35727,0,0,0,0,25,27,0,0,0,0,0,traj_sz=100
9.18511,0.827032,1.08807,-1.35727,0.84552,1.01245,-1.4216,0.1126,25,27,0.0778233,0.107217,-0.129994,1.69335,0,9.18511
9.20478,0.827561,1.08579,-1.36069,0,0,0,0,25,27,0,0,0,0,0,traj_sz=100
9.20487,0.827561,1.08579,-1.36069,0.84552,1.01245,-1.4216,0.1126,25,27,0.0754681,0.107113,-0.128269,1.69318,0,9.20487
9.22494,0.82776,1.08463,-1.36144,0,0,0,0,25,27,0,0,0,0,0,traj_sz=100
9.22505,0.82776,1.08463,-1.36144,0.84552,1.01245,-1.4216,0.1126,25,27,0.0742994,0.108236,-0.126862,1.69316,0,9.22505
9.24488,0.828761,1.08032,-1.36497,0,0,0,0,25,27,0,0,0,0,0,traj_sz=100
9.2451,0.828761,1.08032,-1.36497,0.84552,1.01245,-1.4216,0.1126,25,27,0.0698612,0.106078,-0.124952,1.69286,0,9.2451
9.26483,0.828738,1.0792,-1.36472,0,0,0,0,25,27,0,0,0,0,0,traj_sz=100
9.26496,0.828738,1.0792,-1.36472,0.84552,1.01245,-1.4216,0.1126,25,27,0.0687735,0.107248,-0.12088,1.69306,0,9.26496
9.28498,0.829407,1.07827,-1.36889,0,0,0,0,25,27,0,0,0,0,0,traj_sz=100
9.28519,0.829407,1.07827,-1.36889,0.84552,1.01245,-1.4216,0.1126,25,27,0.0677102,0.108481,-0.125521,1.69255,0,9.28519
9.30495,0.829948,1.07612,-1.37191,0,0,0,0,25,27,0,0,0,0,0,traj_sz=100
9.30509,0.829948,1.07612,-1.37191,0.84552,1.01245,-1.4216,0.1126,25,27,0.0654885,0.108526,-0.124639,1.69236,0,9.30509
9.32489,0.829946,1.07494,-1.36996,0,0,0,0,25,27,0,0,0,0,0,traj_sz=100
9.32499,0.829946,1.07494,-1.36996,0.84552,1.01245,-1.4216,0.1126,25,27,0.0643416,0.109634,-0.121417,1.69255,0,9.32499
9.34481,0.830598,1.07278,-1.37273,0,0,0,0,25,27,0,0,0,0,0,traj_sz=100
9.34504,0.830598,1.07278,-1.37273,0.84552,1.01245,-1.4216,0.1126,25,27,0.062086,0.109653,-0.122213,1.69226,0,9.34504
9.36481,0.831354,1.06935,-1.37662,0,0,0,0,25,27,0,0,0,0,0,traj_sz=100
9.36487,0.831354,1.06935,-1.37662,0.84552,1.01245,-1.4216,0.1126,26,27,0.0585644,0.108397,-0.103334,1.69208,0,9.36487
9.3849,0.8318,1.06837,-1.3793,0,0,0,0,26,27,0,0,0,0,0,traj_sz=100
9.38498,0.8318,1.06837,-1.3793,0.84552,1.01245,-1.4216,0.1126,26,27,0.0575126,0.109629,-0.105964,1.69181,0,9.38498
9.40498,0.831814,1.06598,-1.37695,0,0,0,0,26,27,0,0,0,0,0,traj_sz=100
9.40514,0.831814,1.06598,-1.37695,0.84552,1.01245,-1.4216,0.1126,26,27,0.0551711,0.109572,-0.100541,1.69219,0,9.40514
9.42494,0.83263,1.06497,-1.38218,0,0,0,0,26,27,0,0,0,0,0,traj_sz=100
9.42504,0.83263,1.06497,-1.38218,0.85166,0.971596,-1.45304,0.115632,26,28,0.095284,0.110669,-0.107367,1.69156,0,9.42504
9.44488,0.833433,1.0604,-1.38536,0,0,0,0,26,28,0,0,0,0,0,traj_sz=100
9.44497,0.833433,1.0604,-1.38536,0.85166,0.971596,-1.45304,0.115632,26,28,0.0906413,0.108291,-0.104986,1.69154,0,9.44497
9.46495,0.833815,1.05927,-1.3869,0,0,0,0,26,28,0,0,0,0,0,traj_sz=100
9.46507,0.833815,1.05927,-1.3869,0.85166,0.971596,-1.45304,0.115632,26,28,0.0894542,0.109382,-0.106745,1.69136,0,9.46507
9.48481,0.83402,1.05803,-1.3877,0,0,0,0,26,28,0,0,0,0,0,traj_sz=100
9.4849,0.83402,1.05803,-1.3877,0.85166,0.971596,-1.45304,0.115632,26,28,0.0882054,0.110384,-0.105962,1.69137,0,9.4849
9.50491,0.834606,1.05586,-1.38991,0,0,0,0,26,28,0,0,0,0,0,traj_sz=100
9.50519,0.834606,1.05586,-1.38991,0.85166,0.971596,-1.45304,0.115632,26,28,0.0859551,0.110428,-0.107508,1.69117,0,9.50519
9.52497,0.834797,1.05468,-1.3905,0,0,0,0,26,28,0,0,0,0,0,traj_sz=100
9.52507,0.834797,1.05468,-1.3905,0.85166,0.971596,-1.45304,0.115632,26,28,0.0847588,0.111493,-0.106758,1.69119,0,9.52507
9.54495,0.835517,1.04987,-1.39169,0,0,0,0,26,28,0,0,0,0,0,traj_sz=100
9.5451,0.835517,1.04987,-1.39169,0.85166,0.971596,-1.45304,0.115632,26,28,0.0798935,0.108924,-0.103372,1.69133,0,9.5451
9.56654,0.83613,1.04877,-1.39653,0,0,0,0,26,28,0,0,0,0,0,traj_sz=100
9.56678,0.83613,1.04877,-1.39653,0.85166,0.971596,-1.45304,0.115632,26,28,0.0786932,0.110266,-0.107141,1.69092,0,9.56678
9.58489,0.836144,1.04747,-1.39669,0,0,0,0,26,28,0,0,0,0,0,traj_sz=100
9.585,0.836144,1.04747,-1.39669,0.85166,0.971596,-1.45304,0.115632,26,28,0.0774158,0.111127,-0.103662,1.69114,0,9.585
9.60494,0.836778,1.04508,-1.40085,0,0,0,0,26,28,0,0,0,0,0,traj_sz=100
9.6053,0.836778,1.04508,-1.40085,0.85166,0.971596,-1.45304,0.115632,26,28,0.0749453,0.111024,-0.104447,1.69094,0,9.6053
9.62489,0.836728,1.04383,-1.39655,0,0,0,0,26,28,0,0,0,0,0,traj_sz=100
9.625,0.836728,1.04383,-1.39655,0.85166,0.971596,-1.45304,0.115632,26,28,0.0737306,0.112126,-0.10214,1.69122,0,9.625
9.64488,0.838072,1.03891,-1.40631,0,0,0,0,26,28,0,0,0,0,0,traj_sz=100
9.64496,0.838072,1.03891,-1.40631,0.85166,0.971596,-1.45304,0.115632,26,28,0.0686305,0.109382,-0.103782,1.69079,0,9.64496
9.66499,0.838327,1.03766,-1.40519,0,0,0,0,26,28,0,0,0,0,0,traj_sz=100
9.66519,0.838327,1.03766,-1.40519,0.85166,0.971596,-1.45304,0.115632,26,28,0.0673594,0.11047,-0.104554,1.69077,0,9.66519
9.68492,0.83828,1.0363,-1.40361,0,0,0,0,26,28,0,0,0,0,0,traj_sz=100
9.6851,0.83828,1.0363,-1.40361,0.85166,0.971596,-1.45304,0.115632,26,28,0.0660324,0.111478,-0.100766,1.69107,0,9.6851
9.70496,0.838902,1.03363,-1.4087,0,0,0,0,26,28,0,0,0,0,0,traj_sz=100
9.70509,0.838902,1.03363,-1.4087,0.85166,0.971596,-1.45304,0.115632,26,28,0.0632821,0.111078,-0.100169,1.69096,0,9.70509
9.72494,0.839041,1.03233,-1.40871,0,0,0,0,26,28,0,0,0,0,0,traj_sz=100
9.72509,0.839041,1.03233,-1.40871,0.85166,0.971596,-1.45304,0.115632,26,28,0.061973,0.112113,-0.0985627,1.69106,0,9.72509
9.74477,0.840251,1.02724,-1.415,0,0,0,0,26,28,0,0,0,0,0,traj_sz=100
9.74486,0.840251,1.02724,-1.415,0.85166,0.971596,-1.45304,0.115632,27,28,0.056739,0.109208,-0.0809647,1.69084,0,9.74486
9.7649,0.84025,1.02594,-1.41379,0,0,0,0,27,28,0,0,0,0,0,traj_sz=100
9.76498,0.84025,1.02594,-1.41379,0.856644,0.929468,-1.47687,0.11859,27,29,0.0978441,0.11028,-0.0785884,1.69109,0,9.76498
9.78486,0.840727,1.02462,-1.41624,0,0,0,0,27,29,0,0,0,0,0,traj_sz=100
9.78492,0.840727,1.02462,-1.41624,0.856644,0.929468,-1.47687,0.11859,27,29,0.0964673,0.111238,-0.0816195,1.69088,0,9.78492
9.80487,0.841382,1.02209,-1.4194,0,0,0,0,27,29,0,0,0,0,0,traj_sz=100
9.80496,0.841382,1.02209,-1.4194,0.856644,0.929468,-1.47687,0.11859,27,29,0.0938652,0.110983,-0.08429,1.69072,0,9.80496
9.82493,0.841394,1.0208,-1.41952,0,0,0,0,27,29,0,0,0,0,0,traj_sz=100
9.82504,0.841394,1.0208,-1.41952,0.856644,0.929468,-1.47687,0.11859,27,29,0.092591,0.11206,-0.0815335,1.69096,0,9.82504
9.84476,0.842135,1.01579,-1.42438,0,0,0,0,27,29,0,0,0,0,0,traj_sz=100
9.84486,0.842135,1.01579,-1.42438,0.856644,0.929468,-1.47687,0.11859,27,29,0.0875136,0.10931,-0.0791601,1.69122,0,9.84486
9.86492,0.842145,1.0145,-1.42141,0,0,0,0,27,29,0,0,0,0,0,traj_sz=100
9.86502,0.842145,1.0145,-1.42141,0.856644,0.929468,-1.47687,0.11859,27,29,0.0862452,0.110398,-0.0777743,1.69146,0,9.86502
9.88491,0.842746,1.01327,-1.42601,0,0,0,0,27,29,0,0,0,0,0,traj_sz=100
9.88513,0.842746,1.01327,-1.42601,0.856644,0.929468,-1.47687,0.11859,27,29,0.0849312,0.111441,-0.0818772,1.69112,0,9.88513
9.90479,0.842978,1.01075,-1.4269,0,0,0,0,27,29,0,0,0,0,0,traj_sz=100
9.90492,0.842978,1.01075,-1.4269,0.856644,0.929468,-1.47687,0.11859,27,29,0.082404,0.111233,-0.0793052,1.69139,0,9.90492
9.92487,0.84338,1.0095,-1.42985,0,0,0,0,27,29,0,0,0,0,0,traj_sz=100
9.92512,0.84338,1.0095,-1.42985,0.856644,0.929468,-1.47687,0.11859,27,29,0.0810979,0.112364,-0.0811425,1.69125,0,9.92512
9.94475,0.844092,1.00467,-1.43212,0,0,0,0,27,29,0,0,0,0,0,traj_sz=100
9.94481,0.844092,1.00467,-1.43212,0.856644,0.929468,-1.47687,0.11859,27,29,0.0762136,0.109864,-0.0799124,1.69153,0,9.94481
9.96496,0.844099,1.0034,-1.43113,0,0,0,0,27,29,0,0,0,0,0,traj_sz=100
9.96506,0.844099,1.0034,-1.43113,0.856644,0.929468,-1.47687,0.11859,27,29,0.0749623,0.111053,-0.0776498,1.69178,0,9.96506
9.98496,0.84464,1.00221,-1.43546,0,0,0,0,27,29,0,0,0,0,0,traj_sz=100
9.98505,0.84464,1.00221,-1.43546,0.856644,0.929468,-1.47687,0.11859,27,29,0.0736991,0.112211,-0.0810676,1.6915,0,9.98505
10.0048,0.84482,0.999795,-1.43422,0,0,0,0,27,29,0,0,0,0,0,traj_sz=100
10.0049,0.84482,0.999795,-1.43422,0.856644,0.929468,-1.47687,0.11859,27,29,0.0712817,0.112185,-0.0788954,1.69182,0,10.0049
10.0248,0.845221,0.998571,-1.43731,0,0,0,0,27,29,0,0,0,0,0,traj_sz=100
10.0249,0.845221,0.998571,-1.43731,0.856644,0.929468,-1.47687,0.11859,27,29,0.0700089,0.113335,-0.0807251,1.69168,0,10.0249
10.0449,0.845893,0.993816,-1.43975,0,0,0,0,27,29,0,0,0,0,0,traj_sz=100
10.045,0.845893,0.993816,-1.43975,0.856644,0.929468,-1.47687,0.11859,27,29,0.0652009,0.110953,-0.0789965,1.69202,0,10.045
10.0648,0.84595,0.992541,-1.43914,0,0,0,0,27,29,0,0,0,0,0,traj_sz=100
10.0649,0.84595,0.992541,-1.43914,0.856644,0.929468,-1.47687,0.11859,27,29,0.063931,0.112083,-0.077273,1.69223,0,10.0649
10.0848,0.846542,0.991382,-1.44238,0,0,0,0,27,29,0,0,0,0,0,traj_sz=100
10.085,0.846542,0.991382,-1.44238,0.856644,0.929468,-1.47687,0.11859,28,29,0.0626979,0.113284,-0.0585287,1.6919,0,10.085
10.1049,0.846551,0.988976,-1.44072,0,0,0,0,28,29,0,0,0,0,0,traj_sz=100
10.105,0.846551,0.988976,-1.44072,0.856644,0.929468,-1.47687,0.11859,28,29,0.0603142,0.113313,-0.055173,1.6924,0,10.105
10.1248,0.846581,0.987797,-1.44104,0,0,0,0,28,29,0,0,0,0,0,traj_sz=100
10.1249,0.846581,0.987797,-1.44104,0.856644,0.929468,-1.47687,0.11859,28,29,0.059141,0.114542,-0.053389,1.69263,0,10.1249
10.145,0.847319,0.982932,-1.4435,0,0,0,0,28,29,0,0,0,0,0,traj_sz=100
10.1451,0.847319,0.982932,-1.4435,0.860725,0.886153,-1.49249,0.121082,28,30,0.0976977,0.112057,-0.0547129,1.69295,0,10.1451
10.1648,0.848034,0.981711,-1.44685,0,0,0,0,28,30,0,0,0,0,0,traj_sz=100
10.1648,0.848034,0.981711,-1.44685,0.860725,0.886153,-1.49249,0.121082,28,30,0.0963938,0.113134,-0.061699,1.69252,0,10.1648
10.1848,0.848096,0.980529,-1.44625,0,0,0,0,28,30,0,0,0,0,0,traj_sz=100
10.185,0.848096,0.980529,-1.44625,0.860725,0.886153,-1.49249,0.121082,28,30,0.0952135,0.114382,-0.0608079,1.69272,0,10.185
10.2048,0.848512,0.978162,-1.44946,0,0,0,0,28,30,0,0,0,0,0,traj_sz=100
10.205,0.848512,0.978162,-1.44946,0.860725,0.886153,-1.49249,0.121082,28,30,0.0928109,0.1144,-0.0613901,1.69283,0,10.205
10.2248,0.848629,0.976932,-1.44829,0,0,0,0,28,30,0,0,0,0,0,traj_sz=100
10.2249,0.848629,0.976932,-1.44829,0.860725,0.886153,-1.49249,0.121082,28,30,0.0915767,0.115563,-0.0614875,1.69299,0,10.2249
10.2448,0.849313,0.972236,-1.44947,0,0,0,0,28,30,0,0,0,0,0,traj_sz=100
10.2449,0.849313,0.972236,-1.44947,0.860725,0.886153,-1.49249,0.121082,28,30,0.0868317,0.113231,-0.0628771,1.69336,0,10.2449
10.2648,0.84972,0.970994,-1.45233,0,0,0,0,28,30,0,0,0,0,0,traj_sz=100
10.2649,0.84972,0.970994,-1.45233,0.860725,0.886153,-1.49249,0.121082,28,30,0.0855468,0.114366,-0.0654623,1.69324,0,10.2649
10.2849,0.849765,0.969813,-1.45198,0,0,0,0,28,30,0,0,0,0,0,traj_sz=100
10.285,0.849765,0.969813,-1.45198,0.860725,0.886153,-1.49249,0.121082,28,30,0.0843691,0.115654,-0.0642111,1.69346,0,10.285
10.3048,0.850395,0.967403,-1.45436,0,0,0,0,28,30,0,0,0,0,0,traj_sz=100
10.3051,0.850395,0.967403,-1.45436,0.860725,0.886153,-1.49249,0.121082,28,30,0.0818995,0.115655,-0.0682719,1.69339,0,10.3051
10.3247,0.850346,0.966185,-1.45293,0,0,0,0,28,30,0,0,0,0,0,traj_sz=100
10.3248,0.850346,0.966185,-1.45293,0.860725,0.886153,-1.49249,0.121082,28,30,0.0806974,0.1169,-0.0660451,1.69372,0,10.3248
10.3448,0.851079,0.961297,-1.456,0,0,0,0,28,30,0,0,0,0,0,traj_sz=100
10.3448,0.851079,0.961297,-1.456,0.860725,0.886153,-1.49249,0.121082,28,30,0.0757543,0.114434,-0.0669735,1.69412,0,10.3448
10.365,0.851002,0.959927,-1.45414,0,0,0,0,28,30,0,0,0,0,0,traj_sz=100
10.3652,0.851002,0.959927,-1.45414,0.860725,0.886153,-1.49249,0.121082,28,30,0.0744046,0.115595,-0.064248,1.69451,0,10.3652
10.3848,0.851503,0.958785,-1.45809,0,0,0,0,28,30,0,0,0,0,0,traj_sz=100
10.385,0.851503,0.958785,-1.45809,0.860725,0.886153,-1.49249,0.121082,28,30,0.0732082,0.116852,-0.0679149,1.69428,0,10.385
10.4048,0.851729,0.956354,-1.45884,0,0,0,0,28,30,0,0,0,0,0,traj_sz=100
10.405,0.851729,0.956354,-1.45884,0.860725,0.886153,-1.49249,0.121082,28,30,0.0707668,0.116878,-0.0666592,1.69463,0,10.405
10.4248,0.852213,0.954988,-1.46147,0,0,0,0,28,30,0,0,0,0,0,traj_sz=100
10.4249,0.852213,0.954988,-1.46147,0.860725,0.886153,-1.49249,0.121082,28,30,0.0693531,0.117934,-0.0702866,1.69447,0,10.4249
10.4448,0.852832,0.949901,-1.46262,0,0,0,0,28,30,0,0,0,0,0,traj_sz=100
10.4449,0.852832,0.949901,-1.46262,0.860725,0.886153,-1.49249,0.121082,29,30,0.0642279,0.115278,-0.0444799,1.69506,0,10.4449
10.4647,0.852868,0.948526,-1.46303,0,0,0,0,29,30,0,0,0,0,0,traj_sz=100
10.4649,0.852868,0.948526,-1.46303,0.860725,0.886153,-1.49249,0.121082,29,30,0.0628559,0.116373,-0.0429,1.69535,0,10.4649
10.4848,0.852854,0.947185,-1.46288,0,0,0,0,29,30,0,0,0,0,0,traj_sz=100
10.4848,0.852854,0.947185,-1.46288,0.860725,0.886153,-1.49249,0.121082,29,30,0.0615249,0.11751,-0.0408757,1.69569,0,10.4848
10.5049,0.853424,0.94462,-1.46261,0,0,0,0,29,30,0,0,0,0,0,traj_sz=100
10.505,0.853424,0.94462,-1.46261,0.864199,0.841868,-1.49933,0.12281,29,31,0.103315,0.117392,-0.0458904,1.69574,0,10.505
10.5249,0.853816,0.943287,-1.46566,0,0,0,0,29,31,0,0,0,0,0,traj_sz=100
10.525,0.853816,0.943287,-1.46566,0.864199,0.841868,-1.49933,0.12281,29,31,0.101949,0.118505,-0.0485064,1.69568,0,10.525
10.5448,0.854599,0.937959,-1.46855,0,0,0,0,29,31,0,0,0,0,0,traj_sz=100
10.545,0.854599,0.937959,-1.46855,0.864199,0.841868,-1.49933,0.12281,29,31,0.0965694,0.115587,-0.0514063,1.69621,0,10.545
10.5648,0.854603,0.936612,-1.46859,0,0,0,0,29,31,0,0,0,0,0,traj_sz=100
10.5649,0.854603,0.936612,-1.46859,0.864199,0.841868,-1.49933,0.12281,29,31,0.0952289,0.116711,-0.0495518,1.69653,0,10.5649
10.5847,0.85481,0.935424,-1.46925,0,0,0,0,29,31,0,0,0,0,0,traj_sz=100
10.5848,0.85481,0.935424,-1.46925,0.864199,0.841868,-1.49933,0.12281,29,31,0.094026,0.117973,-0.050671,1.69662,0,10.5848
10.6049,0.855136,0.93278,-1.47039,0,0,0,0,29,31,0,0,0,0,0,traj_sz=100
10.605,0.855136,0.93278,-1.47039,0.864199,0.841868,-1.49933,0.12281,29,31,0.0913627,0.117802,-0.0513065,1.69695,0,10.605
10.6248,0.855164,0.931403,-1.47071,0,0,0,0,29,31,0,0,0,0,0,traj_sz=100
10.6249,0.855164,0.931403,-1.47071,0.864199,0.841868,-1.49933,0.12281,29,31,0.0899892,0.118883,-0.0496375,1.69727,0,10.6249
10.6448,0.855773,0.926253,-1.47224,0,0,0,0,29,31,0,0,0,0,0,traj_sz=100
10.645,0.855773,0.926253,-1.47224,0.864199,0.841868,-1.49933,0.12281,29,31,0.0848043,0.116192,-0.0507935,1.69795,0,10.645
10.6648,0.856188,0.925051,-1.47535,0,0,0,0,29,31,0,0,0,0,0,traj_sz=100
10.6648,0.856188,0.925051,-1.47535,0.864199,0.841868,-1.49933,0.12281,29,31,0.0835678,0.117448,-0.0539161,1.69785,0,10.6648
10.6848,0.856214,0.923822,-1.47437,0,0,0,0,29,31,0,0,0,0,0,traj_sz=100
10.685,0.856214,0.923822,-1.47437,0.864199,0.841868,-1.49933,0.12281,29,31,0.0823426,0.118745,-0.0530036,1.69813,0,10.685
10.7049,0.85681,0.921254,-1.47677,0,0,0,0,29,31,0,0,0,0,0,traj_sz=100
10.705,0.85681,0.921254,-1.47677,0.864199,0.841868,-1.49933,0.12281,29,31,0.0797295,0.118647,-0.0572151,1.6982,0,10.705
10.7248,0.85681,0.919994,-1.47677,0,0,0,0,29,31,0,0,0,0,0,traj_sz=100
10.7249,0.85681,0.919994,-1.47677,0.864199,0.841868,-1.49933,0.12281,29,31,0.0784748,0.119888,-0.0554429,1.69852,0,10.7249
10.7448,0.857579,0.915016,-1.48096,0,0,0,0,29,31,0,0,0,0,0,traj_sz=100
10.7449,0.857579,0.915016,-1.48096,0.864199,0.841868,-1.49933,0.12281,29,31,0.0734468,0.117362,-0.0580482,1.69905,0,10.7449
10.7648,0.857615,0.913757,-1.47998,0,0,0,0,29,31,0,0,0,0,0,traj_sz=100
10.7649,0.857615,0.913757,-1.47998,0.864199,0.841868,-1.49933,0.12281,29,31,0.0721896,0.118615,-0.0572431,1.69933,0,10.7649
10.7848,0.857648,0.912461,-1.47946,0,0,0,0,29,31,0,0,0,0,0,traj_sz=100
10.785,0.857648,0.912461,-1.47946,0.864199,0.841868,-1.49933,0.12281,29,31,0.0708961,0.11983,-0.0561486,1.69964,0,10.785
10.8048,0.858044,0.910041,-1.4823,0,0,0,0,29,31,0,0,0,0,0,traj_sz=100
10.8049,0.858044,0.910041,-1.4823,0.864199,0.841868,-1.49933,0.12281,29,31,0.0684497,0.119891,-0.0573769,1.69988,0,10.8049
10.8248,0.858051,0.908761,-1.48238,0,0,0,0,29,31,0,0,0,0,0,traj_sz=100
10.8249,0.858051,0.908761,-1.48238,0.864199,0.841868,-1.49933,0.12281,29,31,0.0671744,0.121116,-0.0556477,1.7002,0,10.8249
10.8449,0.858952,0.903817,-1.48617,0,0,0,0,29,31,0,0,0,0,0,traj_sz=100
10.845,0.858952,0.903817,-1.48617,0.864199,0.841868,-1.49933,0.12281,30,31,0.0621704,0.118629,-0.0339517,1.70062,0,10.845
10.8649,0.858935,0.902592,-1.48599,0,0,0,0,30,31,0,0,0,0,0,traj_sz=100
10.865,0.858935,0.902592,-1.48599,0.864199,0.841868,-1.49933,0.12281,30,31,0.0609514,0.119921,-0.0323436,1.70096,0,10.865
10.8848,0.858947,0.901394,-1.48611,0,0,0,0,30,31,0,0,0,0,0,traj_sz=100
10.8849,0.858947,0.901394,-1.48611,0.867417,0.796928,-1.49689,0.123515,30,32,0.104808,0.121225,-0.031053,1.70127,0,10.8849
10.9049,0.859546,0.898939,-1.48885,0,0,0,0,30,32,0,0,0,0,0,traj_sz=100
10.905,0.859546,0.898939,-1.48885,0.867417,0.796928,-1.49689,0.123515,30,32,0.102313,0.121244,-0.0359076,1.70134,0,10.905
10.9248,0.859547,0.897706,-1.48886,0,0,0,0,30,32,0,0,0,0,0,traj_sz=100
10.9249,0.859547,0.897706,-1.48886,0.867417,0.796928,-1.49689,0.123515,30,32,0.101084,0.122514,-0.0344615,1.70166,0,10.9249
10.9449,0.860028,0.892746,-1.49106,0,0,0,0,30,32,0,0,0,0,0,traj_sz=100
10.945,0.860028,0.892746,-1.49106,0.867417,0.796928,-1.49689,0.123515,30,32,0.0961026,0.120046,-0.0348528,1.70252,0,10.945
10.9648,0.859991,0.891512,-1.4898,0,0,0,0,30,32,0,0,0,0,0,traj_sz=100
10.9649,0.859991,0.891512,-1.4898,0.867417,0.796928,-1.49689,0.123515,30,32,0.0948744,0.121314,-0.0334213,1.70289,0,10.9649
10.9849,0.860496,0.890205,-1.49265,0,0,0,0,30,32,0,0,0,0,0,traj_sz=100
10.985,0.860496,0.890205,-1.49265,0.867417,0.796928,-1.49689,0.123515,30,32,0.0935322,0.122496,-0.0381499,1.70276,0,10.985
11.0049,0.860603,0.887449,-1.49383,0,0,0,0,30,32,0,0,0,0,0,traj_sz=100
11.0051,0.860603,0.887449,-1.49383,0.867417,0.796928,-1.49689,0.123515,30,32,0.0907765,0.122252,-0.0359861,1.7034,0,11.0051
11.0247,0.860576,0.886242,-1.49353,0,0,0,0,30,32,0,0,0,0,0,traj_sz=100
11.0248,0.860576,0.886242,-1.49353,0.867417,0.796928,-1.49689,0.123515,30,32,0.0895757,0.123537,-0.0343005,1.70376,0,11.0248
11.0448,0.861213,0.880662,-1.49578,0,0,0,0,30,32,0,0,0,0,0,traj_sz=100
11.045,0.861213,0.880662,-1.49578,0.867417,0.796928,-1.49689,0.123515,30,32,0.0839637,0.120456,-0.0362749,1.70467,0,11.045
11.0649,0.861217,0.879245,-1.49582,0,0,0,0,30,32,0,0,0,0,0,traj_sz=100
11.065,0.861217,0.879245,-1.49582,0.867417,0.796928,-1.49689,0.123515,30,32,0.0825501,0.121562,-0.0346547,1.70506,0,11.065
11.0849,0.861695,0.877782,-1.49939,0,0,0,0,30,32,0,0,0,0,0,traj_sz=100
11.085,0.861695,0.877782,-1.49939,0.867417,0.796928,-1.49689,0.123515,30,32,0.081056,0.122588,-0.0384769,1.705,0,11.085
11.1049,0.861739,0.874997,-1.50054,0,0,0,0,30,32,0,0,0,0,0,traj_sz=100
11.105,0.861739,0.874997,-1.50054,0.867417,0.796928,-1.49689,0.123515,30,32,0.078275,0.122324,-0.0353481,1.70573,0,11.105
11.125,0.861781,0.873512,-1.50018,0,0,0,0,30,32,0,0,0,0,0,traj_sz=100
11.125,0.861781,0.873512,-1.50018,0.867417,0.796928,-1.49689,0.123515,30,32,0.0767905,0.12336,-0.0343999,1.70611,0,11.125
11.1449,0.862477,0.867771,-1.50334,0,0,0,0,30,32,0,0,0,0,0,traj_sz=100
11.145,0.862477,0.867771,-1.50334,0.867417,0.796928,-1.49689,0.123515,30,32,0.0710148,0.120091,-0.0366482,1.70705,0,11.145
11.1649,0.862877,0.866326,-1.50641,0,0,0,0,30,32,0,0,0,0,0,traj_sz=100
11.1651,0.862877,0.866326,-1.50641,0.867417,0.796928,-1.49689,0.123515,30,32,0.0695466,0.121149,-0.0395455,1.70708,0,11.1651
11.185,0.86285,0.865015,-1.50521,0,0,0,0,30,32,0,0,0,0,0,traj_sz=100
11.1852,0.86285,0.865015,-1.50521,0.867417,0.796928,-1.49689,0.123515,30,32,0.0682394,0.122369,-0.0381494,1.70747,0,11.1852
11.2048,0.863038,0.862127,-1.50583,0,0,0,0,30,32,0,0,0,0,0,traj_sz=100
11.2049,0.863038,0.862127,-1.50583,0.867417,0.796928,-1.49689,0.123515,31,32,0.0653453,0.12196,-0.00851505,1.70812,0,11.2049
11.2249,0.863571,0.860623,-1.50884,0,0,0,0,31,32,0,0,0,0,0,traj_sz=100
11.225,0.863571,0.860623,-1.50884,0.867417,0.796928,-1.49689,0.123515,31,32,0.0638106,0.122954,-0.0135233,1.70804,0,11.225
11.2449,0.864139,0.854945,-1.51123,0,0,0,0,31,32,0,0,0,0,0,traj_sz=100
11.2451,0.864139,0.854945,-1.51123,0.870763,0.751737,-1.48488,0.123038,31,33,0.103419,0.119771,-0.0148589,1.70913,0,11.2451
11.2648,0.864132,0.853438,-1.5106,0,0,0,0,31,33,0,0,0,0,0,traj_sz=100
11.265,0.864132,0.853438,-1.5106,0.870763,0.751737,-1.48488,0.123038,31,33,0.101916,0.120775,-0.0134247,1.70957,0,11.265
11.285,0.864143,0.852047,-1.51073,0,0,0,0,31,33,0,0,0,0,0,traj_sz=100
11.2851,0.864143,0.852047,-1.51073,0.870763,0.751737,-1.48488,0.123038,31,33,0.100527,0.121915,-0.0120501,1.70997,0,11.2851
11.3049,0.864539,0.849154,-1.51378,0,0,0,0,31,33,0,0,0,0,0,traj_sz=100
11.3051,0.864539,0.849154,-1.51378,0.870763,0.751737,-1.48488,0.123038,31,33,0.0976133,0.121511,-0.0134871,1.71043,0,11.3051
11.3249,0.864573,0.847639,-1.51169,0,0,0,0,31,33,0,0,0,0,0,traj_sz=100
11.3252,0.864573,0.847639,-1.51169,0.870763,0.751737,-1.48488,0.123038,31,33,0.0961006,0.122519,-0.0133254,1.71084,0,11.3252
11.3449,0.865158,0.841773,-1.51532,0,0,0,0,31,33,0,0,0,0,0,traj_sz=100
11.345,0.865158,0.841773,-1.51532,0.870763,0.751737,-1.48488,0.123038,31,33,0.0902086,0.119134,-0.014155,1.71202,0,11.345
11.3649,0.865119,0.840254,-1.51489,0,0,0,0,31,33,0,0,0,0,0,traj_sz=100
11.365,0.865119,0.840254,-1.51489,0.870763,0.751737,-1.48488,0.123038,31,33,0.0886944,0.120134,-0.0121352,1.71251,0,11.365
11.3849,0.865156,0.838705,-1.51447,0,0,0,0,31,33,0,0,0,0,0,traj_sz=100
11.385,0.865156,0.838705,-1.51447,0.870763,0.751737,-1.48488,0.123038,31,33,0.0871458,0.121095,-0.0112208,1.71293,0,11.385
11.4048,0.865669,0.835757,-1.51719,0,0,0,0,31,33,0,0,0,0,0,traj_sz=100
11.4051,0.865669,0.835757,-1.51719,0.870763,0.751737,-1.48488,0.123038,31,33,0.0841722,0.120613,-0.0145216,1.71333,0,11.4051
11.4248,0.865708,0.834285,-1.51761,0,0,0,0,31,33,0,0,0,0,0,traj_sz=100
11.4249,0.865708,0.834285,-1.51761,0.870763,0.751737,-1.48488,0.123038,31,33,0.0826997,0.121622,-0.0133317,1.71373,0,11.4249
11.4448,0.866145,0.828226,-1.51782,0,0,0,0,31,33,0,0,0,0,0,traj_sz=100
11.4449,0.866145,0.828226,-1.51782,0.870763,0.751737,-1.48488,0.123038,31,33,0.0766263,0.118035,-0.0132801,1.71515,0,11.4449
11.4649,0.866335,0.826779,-1.51854,0,0,0,0,31,33,0,0,0,0,0,traj_sz=100
11.465,0.866335,0.826779,-1.51854,0.870763,0.751737,-1.48488,0.123038,31,33,0.0751705,0.11909,-0.0142513,1.71541,0,11.465
11.4849,0.866301,0.825238,-1.51818,0,0,0,0,31,33,0,0,0,0,0,traj_sz=100
11.485,0.866301,0.825238,-1.51818,0.870763,0.751737,-1.48488,0.123038,31,33,0.0736338,0.120052,-0.0122673,1.71591,0,11.485
11.505,0.866776,0.822158,-1.52173,0,0,0,0,31,33,0,0,0,0,0,traj_sz=100
11.5052,0.866776,0.822158,-1.52173,0.870763,0.751737,-1.48488,0.123038,31,33,0.0705315,0.119461,-0.0144715,1.7164,0,11.5052
11.5249,0.86676,0.820697,-1.52156,0,0,0,0,31,33,0,0,0,0,0,traj_sz=100
11.525,0.86676,0.820697,-1.52156,0.870763,0.751737,-1.48488,0.123038,31,33,0.0690735,0.12047,-0.012749,1.71687,0,11.525
11.5449,0.86738,0.814695,-1.5229,0,0,0,0,31,33,0,0,0,0,0,traj_sz=100
11.545,0.86738,0.814695,-1.5229,0.870763,0.751737,-1.48488,0.123038,32,33,0.0630474,0.116939,0.0156735,1.71814,0,11.545
11.5649,0.867481,0.813298,-1.52401,0,0,0,0,32,33,0,0,0,0,0,traj_sz=100
11.5651,0.867481,0.813298,-1.52401,0.874636,0.706765,-1.46326,0.121328,32,34,0.106751,0.118041,0.016211,1.71848,0,11.5651
11.5848,0.867428,0.811804,-1.52342,0,0,0,0,32,34,0,0,0,0,0,traj_sz=100
11.585,0.867428,0.811804,-1.52342,0.874636,0.706765,-1.46326,0.121328,32,34,0.105263,0.119038,0.0184041,1.719,0,11.585
11.6048,0.867503,0.808912,-1.52425,0,0,0,0,32,34,0,0,0,0,0,traj_sz=100
11.6049,0.867503,0.808912,-1.52425,0.874636,0.706765,-1.46326,0.121328,32,34,0.102368,0.118637,0.0208572,1.71983,0,11.6049
11.6248,0.867859,0.80732,-1.52578,0,0,0,0,32,34,0,0,0,0,0,traj_sz=100
11.625,0.867859,0.80732,-1.52578,0.874636,0.706765,-1.46326,0.121328,32,34,0.100758,0.119528,0.0179736,1.72,0,11.625
11.6448,0.868053,0.801781,-1.52411,0,0,0,0,32,34,0,0,0,0,0,traj_sz=100
11.6449,0.868053,0.801781,-1.52411,0.874636,0.706765,-1.46326,0.121328,32,34,0.0952202,0.116469,0.0204601,1.72157,0,11.6449
11.6647,0.868051,0.800523,-1.52407,0,0,0,0,32,34,0,0,0,0,0,traj_sz=100
11.6648,0.868051,0.800523,-1.52407,0.874636,0.706765,-1.46326,0.121328,32,34,0.0939634,0.1177,0.0218754,1.72197,0,11.6648
11.6847,0.868084,0.799199,-1.52445,0,0,0,0,32,34,0,0,0,0,0,traj_sz=100
11.6848,0.868084,0.799199,-1.52445,0.874636,0.706765,-1.46326,0.121328,32,34,0.0926383,0.118874,0.0230081,1.72236,0,11.6848
11.7048,0.868489,0.79654,-1.52738,0,0,0,0,32,34,0,0,0,0,0,traj_sz=100
11.7049,0.868489,0.79654,-1.52738,0.874636,0.706765,-1.46326,0.121328,32,34,0.0899572,0.118695,0.0212155,1.72283,0,11.7049
11.7248,0.868673,0.795243,-1.52797,0,0,0,0,32,34,0,0,0,0,0,traj_sz=100
11.7249,0.868673,0.795243,-1.52797,0.874636,0.706765,-1.46326,0.121328,32,34,0.0886525,0.119882,0.0201702,1.72307,0,11.7249
11.7448,0.868983,0.790267,-1.52904,0,0,0,0,32,34,0,0,0,0,0,traj_sz=100
11.745,0.868983,0.790267,-1.52904,0.874636,0.706765,-1.46326,0.121328,32,34,0.0836651,0.117384,0.0215123,1.72439,0,11.745
11.7648,0.86904,0.788961,-1.52734,0,0,0,0,32,34,0,0,0,0,0,traj_sz=100
11.7649,0.86904,0.788961,-1.52734,0.874636,0.706765,-1.46326,0.121328,32,34,0.0823612,0.118516,0.0213572,1.72476,0,11.7649
11.7848,0.869012,0.787713,-1.52703,0,0,0,0,32,34,0,0,0,0,0,traj_sz=100
11.7849,0.869012,0.787713,-1.52703,0.874636,0.706765,-1.46326,0.121328,32,34,0.0811169,0.119715,0.0230169,1.72519,0,11.7849
11.8049,0.869072,0.785304,-1.5277,0,0,0,0,32,34,0,0,0,0,0,traj_sz=100
11.8052,0.869072,0.785304,-1.5277,0.874636,0.706765,-1.46326,0.121328,32,34,0.0787056,0.119785,0.0250786,1.72592,0,11.8052
11.8248,0.869446,0.784195,-1.53048,0,0,0,0,32,34,0,0,0,0,0,traj_sz=100
11.8249,0.869446,0.784195,-1.53048,0.874636,0.706765,-1.46326,0.121328,32,34,0.0775767,0.121067,0.0219668,1.72593,0,11.8249
11.8449,0.869628,0.779298,-1.52784,0,0,0,0,32,34,0,0,0,0,0,traj_sz=100
11.8451,0.869628,0.779298,-1.52784,0.874636,0.706765,-1.46326,0.121328,32,34,0.072681,0.118634,0.0234881,1.72737,0,11.8451
11.8649,0.869615,0.778111,-1.5277,0,0,0,0,32,34,0,0,0,0,0,traj_sz=100
11.865,0.869615,0.778111,-1.5277,0.874636,0.706765,-1.46326,0.121328,32,34,0.0714958,0.119884,0.0249251,1.72778,0,11.865
11.8849,0.86963,0.776828,-1.52786,0,0,0,0,32,34,0,0,0,0,0,traj_sz=100
11.885,0.86963,0.776828,-1.52786,0.874636,0.706765,-1.46326,0.121328,32,34,0.0702133,0.121046,0.0262018,1.72819,0,11.885
11.9049,0.870203,0.7744,-1.53124,0,0,0,0,32,34,0,0,0,0,0,traj_sz=100
11.9051,0.870203,0.7744,-1.53124,0.874636,0.706765,-1.46326,0.121328,33,34,0.0677576,0.121034,0.0537318,1.72845,0,11.9051
11.9249,0.870202,0.773145,-1.53034,0,0,0,0,33,34,0,0,0,0,0,traj_sz=100
11.925,0.870202,0.773145,-1.53034,0.874636,0.706765,-1.46326,0.121328,33,34,0.0665052,0.122214,0.0549557,1.72887,0,11.925
11.9449,0.870208,0.768055,-1.52921,0,0,0,0,33,34,0,0,0,0,0,traj_sz=100
11.945,0.870208,0.768055,-1.52921,0.879414,0.66251,-1.43236,0.118562,33,35,0.105837,0.119583,0.0609044,1.73057,0,11.945
11.9648,0.870178,0.76673,-1.52786,0,0,0,0,33,35,0,0,0,0,0,traj_sz=100
11.965,0.870178,0.76673,-1.52786,0.879414,0.66251,-1.43236,0.118562,33,35,0.104521,0.120707,0.0624589,1.73105,0,11.965
11.9849,0.870225,0.765408,-1.52839,0,0,0,0,33,35,0,0,0,0,0,traj_sz=100
11.985,0.870225,0.765408,-1.52839,0.879414,0.66251,-1.43236,0.118562,33,35,0.103195,0.121829,0.0636903,1.73145,0,11.985
12.0049,0.870818,0.762746,-1.53186,0,0,0,0,33,35,0,0,0,0,0,traj_sz=100
12.0049,0.870818,0.762746,-1.53186,0.879414,0.66251,-1.43236,0.118562,33,35,0.100495,0.121567,0.0598163,1.73179,0,12.0049
12.0249,0.870842,0.76142,-1.52961,0,0,0,0,33,35,0,0,0,0,0,traj_sz=100
12.025,0.870842,0.76142,-1.52961,0.879414,0.66251,-1.43236,0.118562,33,35,0.0991793,0.122697,0.0601574,1.73222,0,12.025
12.0448,0.870986,0.756091,-1.52839,0,0,0,0,33,35,0,0,0,0,0,traj_sz=100
12.0449,0.870986,0.756091,-1.52839,0.879414,0.66251,-1.43236,0.118562,33,35,0.0938537,0.119798,0.0643109,1.7339,0,12.0449
12.0648,0.871516,0.754715,-1.53243,0,0,0,0,33,35,0,0,0,0,0,traj_sz=100
12.065,0.871516,0.754715,-1.53243,0.879414,0.66251,-1.43236,0.118562,33,35,0.0924397,0.120836,0.0599901,1.73388,0,12.065
12.0848,0.871494,0.753357,-1.53219,0,0,0,0,33,35,0,0,0,0,0,traj_sz=100
12.0849,0.871494,0.753357,-1.53219,0.879414,0.66251,-1.43236,0.118562,33,35,0.0910853,0.121927,0.0619504,1.73436,0,12.0849
12.1049,0.871485,0.752012,-1.52944,0,0,0,0,33,35,0,0,0,0,0,traj_sz=100
12.105,0.871485,0.752012,-1.52944,0.879414,0.66251,-1.43236,0.118562,33,35,0.0897536,0.123039,0.0625753,1.73483,0,12.105
12.125,0.871685,0.749203,-1.52972,0,0,0,0,33,35,0,0,0,0,0,traj_sz=100
12.1251,0.871685,0.749203,-1.52972,0.879414,0.66251,-1.43236,0.118562,33,35,0.0869375,0.122615,0.0633328,1.73562,0,12.1251
12.1448,0.872289,0.743743,-1.5298,0,0,0,0,33,35,0,0,0,0,0,traj_sz=100
12.1448,0.872289,0.743743,-1.5298,0.879414,0.66251,-1.43236,0.118562,33,35,0.0814569,0.119453,0.0613747,1.73695,0,12.1448
12.1648,0.872236,0.742344,-1.52922,0,0,0,0,33,35,0,0,0,0,0,traj_sz=100
12.165,0.872236,0.742344,-1.52922,0.879414,0.66251,-1.43236,0.118562,33,35,0.0800637,0.120454,0.0636999,1.73749,0,12.165
12.1849,0.872304,0.740805,-1.52878,0,0,0,0,33,35,0,0,0,0,0,traj_sz=100
12.1851,0.872304,0.740805,-1.52878,0.879414,0.66251,-1.43236,0.118562,33,35,0.0785245,0.12129,0.0644746,1.73796,0,12.1851
12.2049,0.872761,0.737814,-1.52922,0,0,0,0,33,35,0,0,0,0,0,traj_sz=100
12.205,0.872761,0.737814,-1.52922,0.879414,0.66251,-1.43236,0.118562,33,35,0.0755159,0.120626,0.0616915,1.73859,0,12.205
12.2248,0.872733,0.736368,-1.52891,0,0,0,0,33,35,0,0,0,0,0,traj_sz=100
12.2254,0.872733,0.736368,-1.52891,0.879414,0.66251,-1.43236,0.118562,33,35,0.0740725,0.121564,0.0638339,1.73912,0,12.2254
12.2448,0.873283,0.730695,-1.52903,0,0,0,0,33,35,0,0,0,0,0,traj_sz=100
12.245,0.873283,0.730695,-1.52903,0.879414,0.66251,-1.43236,0.118562,33,35,0.0683814,0.118217,0.0629652,1.74062,0,12.245
12.2649,0.87331,0.729235,-1.528,0,0,0,0,33,35,0,0,0,0,0,traj_sz=100
12.2652,0.87331,0.729235,-1.528,0.879414,0.66251,-1.43236,0.118562,34,35,0.0669252,0.119154,0.0971857,1.74111,0,12.2652
12.2849,0.873316,0.727817,-1.52806,0,0,0,0,34,35,0,0,0,0,0,traj_sz=100
12.2852,0.873316,0.727817,-1.52806,0.879414,0.66251,-1.43236,0.118562,34,35,0.065508,0.120108,0.0994088,1.74161,0,12.2852
12.3049,0.873236,0.724828,-1.52502,0,0,0,0,34,35,0,0,0,0,0,traj_sz=100
12.305,0.873236,0.724828,-1.52502,0.879414,0.66251,-1.43236,0.118562,34,35,0.0625356,0.119493,0.104048,1.74276,0,12.305
12.325,0.873897,0.723396,-1.52912,0,0,0,0,34,35,0,0,0,0,0,traj_sz=100
12.3251,0.873897,0.723396,-1.52912,0.879414,0.66251,-1.43236,0.118562,34,35,0.0610629,0.120384,0.0983326,1.74265,0,12.3251
12.3448,0.873903,0.717849,-1.52524,0,0,0,0,34,35,0,0,0,0,0,traj_sz=100
12.3449,0.873903,0.717849,-1.52524,0.885416,0.61943,-1.39284,0.115142,34,36,0.0988416,0.117203,0.105429,1.74465,0,12.3449
12.3648,0.874035,0.716651,-1.52502,0,0,0,0,34,36,0,0,0,0,0,traj_sz=100
12.3649,0.874035,0.716651,-1.52502,0.885416,0.61943,-1.39284,0.115142,34,36,0.0976401,0.118372,0.105294,1.74496,0,12.3649
12.3849,0.874041,0.715388,-1.52379,0,0,0,0,34,36,0,0,0,0,0,traj_sz=100
12.3852,0.874041,0.715388,-1.52379,0.885416,0.61943,-1.39284,0.115142,34,36,0.0963862,0.119504,0.10668,1.74542,0,12.3852
12.405,0.874457,0.712778,-1.526,0,0,0,0,34,36,0,0,0,0,0,traj_sz=100
12.4051,0.874457,0.712778,-1.526,0.885416,0.61943,-1.39284,0.115142,34,36,0.0937448,0.119229,0.10568,1.74598,0,12.4051
12.4251,0.874608,0.711461,-1.52511,0,0,0,0,34,36,0,0,0,0,0,traj_sz=100
12.4252,0.874608,0.711461,-1.52511,0.885416,0.61943,-1.39284,0.115142,34,36,0.0924285,0.12028,0.105141,1.74632,0,12.4252
12.4449,0.874972,0.706546,-1.52433,0,0,0,0,34,36,0,0,0,0,0,traj_sz=100
12.445,0.874972,0.706546,-1.52433,0.885416,0.61943,-1.39284,0.115142,34,36,0.0875075,0.117698,0.107277,1.74778,0,12.445
12.4649,0.875176,0.705334,-1.52345,0,0,0,0,34,36,0,0,0,0,0,traj_sz=100
12.465,0.875176,0.705334,-1.52345,0.885416,0.61943,-1.39284,0.115142,34,36,0.0862923,0.118836,0.105785,1.74804,0,12.465
12.4849,0.875181,0.704207,-1.52144,0,0,0,0,34,36,0,0,0,0,0,traj_sz=100
12.485,0.875181,0.704207,-1.52144,0.885416,0.61943,-1.39284,0.115142,34,36,0.0851785,0.120034,0.106634,1.74845,0,12.485
12.5048,0.875151,0.701672,-1.52111,0,0,0,0,34,36,0,0,0,0,0,traj_sz=100
12.5049,0.875151,0.701672,-1.52111,0.885416,0.61943,-1.39284,0.115142,34,36,0.0826507,0.119781,0.111006,1.74942,0,12.5049
12.5249,0.875805,0.700284,-1.52343,0,0,0,0,34,36,0,0,0,0,0,traj_sz=100
12.5251,0.875805,0.700284,-1.52343,0.885416,0.61943,-1.39284,0.115142,34,36,0.081218,0.120622,0.104533,1.74933,0,12.5251
12.5449,0.875858,0.694715,-1.5166,0,0,0,0,34,36,0,0,0,0,0,traj_sz=100
12.545,0.875858,0.694715,-1.5166,0.885416,0.61943,-1.39284,0.115142,34,36,0.0756927,0.117355,0.109635,1.75135,0,12.545
12.5648,0.87624,0.693342,-1.51949,0,0,0,0,34,36,0,0,0,0,0,traj_sz=100
12.5649,0.87624,0.693342,-1.51949,0.885416,0.61943,-1.39284,0.115142,34,36,0.0742851,0.118207,0.107452,1.75151,0,12.5649
12.5849,0.876194,0.692039,-1.51665,0,0,0,0,34,36,0,0,0,0,0,traj_sz=100
12.585,0.876194,0.692039,-1.51665,0.885416,0.61943,-1.39284,0.115142,34,36,0.0730016,0.119204,0.108952,1.75204,0,12.585
12.6049,0.876357,0.689388,-1.51584,0,0,0,0,34,36,0,0,0,0,0,traj_sz=100
12.6051,0.876357,0.689388,-1.51584,0.885416,0.61943,-1.39284,0.115142,34,36,0.0703502,0.118835,0.110422,1.75289,0,12.6051
12.6249,0.876276,0.68804,-1.51405,0,0,0,0,34,36,0,0,0,0,0,traj_sz=100
12.625,0.876276,0.68804,-1.51405,0.885416,0.61943,-1.39284,0.115142,34,36,0.0690183,0.119776,0.112997,1.75347,0,12.625
12.6449,0.876871,0.683137,-1.51274,0,0,0,0,34,36,0,0,0,0,0,traj_sz=100
12.6451,0.876871,0.683137,-1.51274,0.885416,0.61943,-1.39284,0.115142,35,36,0.0640951,0.117121,0.146377,1.75478,0,12.6451
12.6649,0.8769,0.68188,-1.51153,0,0,0,0,35,36,0,0,0,0,0,traj_sz=100
12.665,0.8769,0.68188,-1.51153,0.885416,0.61943,-1.39284,0.115142,35,36,0.0628448,0.118142,0.147998,1.75523,0,12.665
12.6848,0.87683,0.680524,-1.50989,0,0,0,0,35,36,0,0,0,0,0,traj_sz=100
12.6849,0.87683,0.680524,-1.50989,0.885416,0.61943,-1.39284,0.115142,35,36,0.0615032,0.119069,0.151111,1.75581,0,12.6849
12.7049,0.877049,0.67793,-1.50848,0,0,0,0,35,36,0,0,0,0,0,traj_sz=100
12.7051,0.877049,0.67793,-1.50848,0.892893,0.577855,-1.34577,0.111627,35,37,0.100868,0.118766,0.152602,1.7566,0,12.7051
12.7249,0.87702,0.676653,-1.50732,0,0,0,0,35,37,0,0,0,0,0,traj_sz=100
12.7249,0.87702,0.676653,-1.50732,0.892893,0.577855,-1.34577,0.111627,35,37,0.0996058,0.11976,0.155141,1.75712,0,12.7249
12.7448,0.877478,0.671496,-1.50439,0,0,0,0,35,37,0,0,0,0,0,traj_sz=100
12.7449,0.877478,0.671496,-1.50439,0.892893,0.577855,-1.34577,0.111627,35,37,0.0944579,0.116858,0.157695,1.75868,0,12.7449
12.7648,0.878108,0.670316,-1.50513,0,0,0,0,35,37,0,0,0,0,0,traj_sz=100
12.765,0.878108,0.670316,-1.50513,0.892893,0.577855,-1.34577,0.111627,35,37,0.0932323,0.117896,0.151121,1.75855,0,12.765
12.7848,0.878085,0.669027,-1.50488,0,0,0,0,35,37,0,0,0,0,0,traj_sz=100
12.785,0.878085,0.669027,-1.50488,0.892893,0.577855,-1.34577,0.111627,35,37,0.0919499,0.118897,0.154015,1.75907,0,12.785
12.8049,0.87807,0.666495,-1.50107,0,0,0,0,35,37,0,0,0,0,0,traj_sz=100
12.8052,0.87807,0.666495,-1.50107,0.892893,0.577855,-1.34577,0.111627,35,37,0.0894568,0.118675,0.15776,1.76007,0,12.8052
12.8249,0.87822,0.665185,-1.50094,0,0,0,0,35,37,0,0,0,0,0,traj_sz=100
12.825,0.87822,0.665185,-1.50094,0.892893,0.577855,-1.34577,0.111627,35,37,0.0881411,0.119623,0.158191,1.76044,0,12.825
12.8449,0.878825,0.660168,-1.49685,0,0,0,0,35,37,0,0,0,0,0,traj_sz=100
12.845,0.878825,0.660168,-1.49685,0.892893,0.577855,-1.34577,0.111627,35,37,0.083127,0.116829,0.157745,1.76184,0,12.845
12.8649,0.878807,0.658867,-1.49577,0,0,0,0,35,37,0,0,0,0,0,traj_sz=100
12.8651,0.878807,0.658867,-1.49577,0.892893,0.577855,-1.34577,0.111627,35,37,0.0818396,0.117728,0.160223,1.76237,0,12.8651
12.8849,0.879421,0.6576,-1.49938,0,0,0,0,35,37,0,0,0,0,0,traj_sz=100
12.885,0.879421,0.6576,-1.49938,0.892893,0.577855,-1.34577,0.111627,35,37,0.0805034,0.118573,0.155338,1.7623,0,12.885
12.9048,0.879331,0.654953,-1.49413,0,0,0,0,35,37,0,0,0,0,0,traj_sz=100
12.905,0.879331,0.654953,-1.49413,0.892893,0.577855,-1.34577,0.111627,35,37,0.0779098,0.118144,0.159797,1.76342,0,12.905
12.9249,0.879576,0.653573,-1.49292,0,0,0,0,35,37,0,0,0,0,0,traj_sz=100
12.9251,0.879576,0.653573,-1.49292,0.892893,0.577855,-1.34577,0.111627,35,37,0.0765245,0.118942,0.158468,1.76374,0,12.9251
12.9449,0.880098,0.648242,-1.48782,0,0,0,0,35,37,0,0,0,0,0,traj_sz=100
12.945,0.880098,0.648242,-1.48782,0.892893,0.577855,-1.34577,0.111627,35,37,0.0712051,0.115777,0.159456,1.76537,0,12.945
12.9649,0.880469,0.646948,-1.49032,0,0,0,0,35,37,0,0,0,0,0,traj_sz=100
12.9649,0.880469,0.646948,-1.49032,0.892893,0.577855,-1.34577,0.111627,35,37,0.0698683,0.11662,0.157743,1.76555,0,12.9649
12.9848,0.880717,0.645645,-1.48723,0,0,0,0,35,37,0,0,0,0,0,traj_sz=100
12.9848,0.880717,0.645645,-1.48723,0.892893,0.577855,-1.34577,0.111627,35,37,0.0685697,0.117468,0.155359,1.76584,0,12.9848
13.0048,0.880673,0.643144,-1.48369,0,0,0,0,35,37,0,0,0,0,0,traj_sz=100
13.0048,0.880673,0.643144,-1.48369,0.892893,0.577855,-1.34577,0.111627,35,37,0.0661049,0.117192,0.159608,1.76688,0,13.0048
13.0248,0.880812,0.641865,-1.48366,0,0,0,0,35,37,0,0,0,0,0,traj_sz=100
13.025,0.880812,0.641865,-1.48366,0.892893,0.577855,-1.34577,0.111627,35,37,0.0648183,0.118108,0.16018,1.76727,0,13.025
13.0448,0.881435,0.636869,-1.47846,0,0,0,0,35,37,0,0,0,0,0,traj_sz=100
13.0449,0.881435,0.636869,-1.47846,0.892893,0.577855,-1.34577,0.111627,36,37,0.0598189,0.115254,0.195938,1.7687,0,13.0449
13.0648,0.881715,0.635565,-1.47803,0,0,0,0,36,37,0,0,0,0,0,traj_sz=100
13.0649,0.881715,0.635565,-1.47803,0.892893,0.577855,-1.34577,0.111627,36,37,0.0584973,0.116112,0.195074,1.76897,0,13.0649
13.0849,0.881949,0.634229,-1.47756,0,0,0,0,36,37,0,0,0,0,0,traj_sz=100
13.0851,0.881949,0.634229,-1.47756,0.902031,0.537935,-1.29264,0.108629,36,38,0.0977457,0.116959,0.194946,1.7693,0,13.0851
13.1049,0.881837,0.631674,-1.47281,0,0,0,0,36,38,0,0,0,0,0,traj_sz=100
13.1051,0.881837,0.631674,-1.47281,0.902031,0.537935,-1.29264,0.108629,36,38,0.0952646,0.116645,0.201247,1.77044,0,13.1051
13.1248,0.882046,0.630272,-1.47097,0,0,0,0,36,38,0,0,0,0,0,traj_sz=100
13.125,0.882046,0.630272,-1.47097,0.902031,0.537935,-1.29264,0.108629,36,38,0.0938692,0.117413,0.201066,1.77081,0,13.125
13.1449,0.882694,0.624873,-1.46586,0,0,0,0,36,38,0,0,0,0,0,traj_sz=100
13.145,0.882694,0.624873,-1.46586,0.902031,0.537935,-1.29264,0.108629,36,38,0.0884854,0.114168,0.203531,1.77242,0,13.145
13.1649,0.883353,0.62352,-1.46842,0,0,0,0,36,38,0,0,0,0,0,traj_sz=100
13.165,0.883353,0.62352,-1.46842,0.902031,0.537935,-1.29264,0.108629,36,38,0.0870457,0.114909,0.198543,1.77238,0,13.165
13.1848,0.883241,0.622197,-1.46484,0,0,0,0,36,38,0,0,0,0,0,traj_sz=100
13.185,0.883241,0.622197,-1.46484,0.902031,0.537935,-1.29264,0.108629,36,38,0.085777,0.115805,0.202102,1.77302,0,13.185
13.2049,0.883442,0.619651,-1.46195,0,0,0,0,36,38,0,0,0,0,0,traj_sz=100
13.205,0.883442,0.619651,-1.46195,0.902031,0.537935,-1.29264,0.108629,36,38,0.0832519,0.115453,0.204596,1.77389,0,13.205
13.2249,0.883951,0.618503,-1.46056,0,0,0,0,36,38,0,0,0,0,0,traj_sz=100
13.225,0.883951,0.618503,-1.46056,0.902031,0.537935,-1.29264,0.108629,36,38,0.0820675,0.116359,0.19951,1.7739,0,13.225
13.2449,0.884463,0.613157,-1.4544,0,0,0,0,36,38,0,0,0,0,0,traj_sz=100
13.245,0.884463,0.613157,-1.4544,0.902031,0.537935,-1.29264,0.108629,36,38,0.0767528,0.113126,0.203364,1.77564,0,13.245
13.265,0.884428,0.611983,-1.45401,0,0,0,0,36,38,0,0,0,0,0,traj_sz=100
13.2651,0.884428,0.611983,-1.45401,0.902031,0.537935,-1.29264,0.108629,36,38,0.075595,0.114106,0.206821,1.77616,0,13.2651
13.2848,0.884686,0.610763,-1.4496,0,0,0,0,36,38,0,0,0,0,0,traj_sz=100
13.285,0.884686,0.610763,-1.4496,0.902031,0.537935,-1.29264,0.108629,36,38,0.074391,0.114968,0.20428,1.77643,0,13.285
13.3048,0.885284,0.608298,-1.44907,0,0,0,0,36,38,0,0,0,0,0,traj_sz=100
13.305,0.885284,0.608298,-1.44907,0.902031,0.537935,-1.29264,0.108629,36,38,0.071876,0.114544,0.201753,1.77692,0,13.305
13.3249,0.885243,0.606933,-1.44862,0,0,0,0,36,38,0,0,0,0,0,traj_sz=100
13.325,0.885243,0.606933,-1.44862,0.902031,0.537935,-1.29264,0.108629,36,38,0.0705301,0.115332,0.205779,1.77752,0,13.325
13.3448,0.885914,0.601982,-1.44205,0,0,0,0,36,38,0,0,0,0,0,traj_sz=100
13.345,0.885914,0.601982,-1.44205,0.902031,0.537935,-1.29264,0.108629,36,38,0.0655866,0.112464,0.206067,1.77899,0,13.345
13.3647,0.886418,0.600667,-1.44063,0,0,0,0,36,38,0,0,0,0,0,traj_sz=100
13.3649,0.886418,0.600667,-1.44063,0.902031,0.537935,-1.29264,0.108629,36,38,0.0642284,0.113178,0.201482,1.77909,0,13.3649
13.3849,0.886359,0.599308,-1.43998,0,0,0,0,36,38,0,0,0,0,0,traj_sz=100
13.385,0.886359,0.599308,-1.43998,0.902031,0.537935,-1.29264,0.108629,36,38,0.0628934,0.113989,0.205666,1.77971,0,13.385
13.405,0.88645,0.596765,-1.43469,0,0,0,0,36,38,0,0,0,0,0,traj_sz=100
13.4052,0.88645,0.596765,-1.43469,0.902031,0.537935,-1.29264,0.108629,37,38,0.0604003,0.113619,0.24329,1.7807,0,13.4052
13.4248,0.887029,0.595607,-1.433,0,0,0,0,37,38,0,0,0,0,0,traj_sz=100
13.4249,0.887029,0.595607,-1.433,0.902031,0.537935,-1.29264,0.108629,37,38,0.0591859,0.114451,0.237941,1.78067,0,13.4249
13.4448,0.887723,0.590687,-1.42682,0,0,0,0,37,38,0,0,0,0,0,traj_sz=100
13.4449,0.887723,0.590687,-1.42682,0.912974,0.499614,-1.2357,0.106604,37,39,0.0937541,0.111615,0.24148,1.78213,0,13.4449
13.4649,0.887657,0.589506,-1.42374,0,0,0,0,37,39,0,0,0,0,0,traj_sz=100
13.465,0.887657,0.589506,-1.42374,0.912974,0.499614,-1.2357,0.106604,37,39,0.0926312,0.112598,0.245008,1.7827,0,13.465
13.4849,0.888346,0.588367,-1.42638,0,0,0,0,37,39,0,0,0,0,0,traj_sz=100
13.485,0.888346,0.588367,-1.42638,0.912974,0.499614,-1.2357,0.106604,37,39,0.0913738,0.113462,0.239933,1.78256,0,13.485
13.5049,0.888263,0.585821,-1.42088,0,0,0,0,37,39,0,0,0,0,0,traj_sz=100
13.5051,0.888263,0.585821,-1.42088,0.912974,0.499614,-1.2357,0.106604,37,39,0.088931,0.113114,0.247188,1.78372,0,13.5051
13.5249,0.888917,0.584755,-1.42237,0,0,0,0,37,39,0,0,0,0,0,traj_sz=100
13.525,0.888917,0.584755,-1.42237,0.912974,0.499614,-1.2357,0.106604,37,39,0.0877624,0.114048,0.241873,1.78359,0,13.525
13.545,0.889638,0.579777,-1.41373,0,0,0,0,37,39,0,0,0,0,0,traj_sz=100
13.5451,0.889638,0.579777,-1.41373,0.912974,0.499614,-1.2357,0.106604,37,39,0.0828263,0.111156,0.2441,1.78508,0,13.5451
13.565,0.889929,0.578486,-1.41088,0,0,0,0,37,39,0,0,0,0,0,traj_sz=100
13.5652,0.889929,0.578486,-1.41088,0.912974,0.499614,-1.2357,0.106604,37,39,0.0815353,0.111959,0.242888,1.78537,0,13.5652
13.5848,0.890111,0.577269,-1.41121,0,0,0,0,37,39,0,0,0,0,0,traj_sz=100
13.5849,0.890111,0.577269,-1.41121,0.912974,0.499614,-1.2357,0.106604,37,39,0.0803012,0.112793,0.24444,1.78574,0,13.5849
13.6048,0.890701,0.574538,-1.40919,0,0,0,0,37,39,0,0,0,0,0,traj_sz=100
13.6049,0.890701,0.574538,-1.40919,0.912974,0.499614,-1.2357,0.106604,37,39,0.0775319,0.112081,0.244049,1.78639,0,13.6049
13.6249,0.890687,0.573183,-1.40316,0,0,0,0,37,39,0,0,0,0,0,traj_sz=100
13.625,0.890687,0.573183,-1.40316,0.912974,0.499614,-1.2357,0.106604,37,39,0.0762568,0.112853,0.246075,1.78699,0,13.625
13.6449,0.891757,0.568001,-1.39664,0,0,0,0,37,39,0,0,0,0,0,traj_sz=100
13.6451,0.891757,0.568001,-1.39664,0.912974,0.499614,-1.2357,0.106604,37,39,0.0710294,0.109651,0.244846,1.78829,0,13.6451
13.6649,0.891917,0.566735,-1.39475,0,0,0,0,37,39,0,0,0,0,0,traj_sz=100
13.6652,0.891917,0.566735,-1.39475,0.912974,0.499614,-1.2357,0.106604,37,39,0.069771,0.110467,0.245885,1.7887,0,13.6652
13.6849,0.892524,0.565412,-1.39499,0,0,0,0,37,39,0,0,0,0,0,traj_sz=100
13.685,0.892524,0.565412,-1.39499,0.912974,0.499614,-1.2357,0.106604,37,39,0.0683608,0.1111,0.241546,1.78873,0,13.685
13.705,0.893101,0.562598,-1.38945,0,0,0,0,37,39,0,0,0,0,0,traj_sz=100
13.7051,0.893101,0.562598,-1.38945,0.912974,0.499614,-1.2357,0.106604,37,39,0.0655356,0.110315,0.240032,1.78945,0,13.7051
13.7249,0.893212,0.561324,-1.38509,0,0,0,0,37,39,0,0,0,0,0,traj_sz=100
13.7252,0.893212,0.561324,-1.38509,0.912974,0.499614,-1.2357,0.106604,37,39,0.0642981,0.111135,0.24071,1.78991,0,13.7252
13.745,0.893964,0.556482,-1.37734,0,0,0,0,37,39,0,0,0,0,0,traj_sz=100
13.7451,0.893964,0.556482,-1.37734,0.912974,0.499614,-1.2357,0.106604,38,39,0.059462,0.108331,0.272495,1.79137,0,13.7451
13.7649,0.894786,0.555375,-1.37883,0,0,0,0,38,39,0,0,0,0,0,traj_sz=100
13.765,0.894786,0.555375,-1.37883,0.912974,0.499614,-1.2357,0.106604,38,39,0.0582067,0.109128,0.26587,1.79113,0,13.765
13.7851,0.894704,0.554105,-1.37548,0,0,0,0,38,39,0,0,0,0,0,traj_sz=100
13.7852,0.894704,0.554105,-1.37548,0.912974,0.499614,-1.2357,0.106604,38,39,0.0570006,0.110017,0.270779,1.79177,0,13.7852
13.8049,0.895252,0.551559,-1.37106,0,0,0,0,38,39,0,0,0,0,0,traj_sz=100
13.8052,0.895252,0.551559,-1.37106,0.912974,0.499614,-1.2357,0.106604,38,39,0.0544281,0.109485,0.271368,1.79241,0,13.8052
13.8249,0.895866,0.550457,-1.36969,0,0,0,0,38,39,0,0,0,0,0,traj_sz=100
13.8251,0.895866,0.550457,-1.36969,0.925836,0.46268,-1.17559,0.105878,38,40,0.0919943,0.110338,0.266438,1.79235,0,13.8251
13.8449,0.89697,0.545865,-1.36463,0,0,0,0,38,40,0,0,0,0,0,traj_sz=100
13.845,0.89697,0.545865,-1.36463,0.925836,0.46268,-1.17559,0.105878,38,40,0.0873324,0.107679,0.267138,1.79341,0,13.845
13.8649,0.897025,0.544621,-1.36079,0,0,0,0,38,40,0,0,0,0,0,traj_sz=100
13.8652,0.897025,0.544621,-1.36079,0.925836,0.46268,-1.17559,0.105878,38,40,0.0861469,0.108557,0.269747,1.79392,0,13.8652
13.8849,0.897616,0.543459,-1.36161,0,0,0,0,38,40,0,0,0,0,0,traj_sz=100
13.8852,0.897616,0.543459,-1.36161,0.925836,0.46268,-1.17559,0.105878,38,40,0.0848779,0.109357,0.266385,1.79392,0,13.8852
13.9049,0.898132,0.540972,-1.35651,0,0,0,0,38,40,0,0,0,0,0,traj_sz=100
13.905,0.898132,0.540972,-1.35651,0.925836,0.46268,-1.17559,0.105878,38,40,0.0823922,0.108881,0.266886,1.79458,0,13.905
13.9248,0.898393,0.539718,-1.35448,0,0,0,0,38,40,0,0,0,0,0,traj_sz=100
13.925,0.898393,0.539718,-1.35448,0.925836,0.46268,-1.17559,0.105878,38,40,0.0811324,0.109676,0.267381,1.79491,0,13.925
13.9448,0.899592,0.535281,-1.34656,0,0,0,0,38,40,0,0,0,0,0,traj_sz=100
13.9449,0.899592,0.535281,-1.34656,0.925836,0.46268,-1.17559,0.105878,38,40,0.0766187,0.107153,0.264794,1.79585,0,13.9449
13.965,0.899575,0.534185,-1.34355,0,0,0,0,38,40,0,0,0,0,0,traj_sz=100
13.9652,0.899575,0.534185,-1.34355,0.925836,0.46268,-1.17559,0.105878,38,40,0.0755831,0.1082,0.268196,1.79636,0,13.9652
13.9848,0.900078,0.533124,-1.34247,0,0,0,0,38,40,0,0,0,0,0,traj_sz=100
13.9851,0.900078,0.533124,-1.34247,0.925836,0.46268,-1.17559,0.105878,38,40,0.0744457,0.109098,0.264828,1.7964,0,13.9851
14.0049,0.900648,0.530959,-1.33776,0,0,0,0,38,40,0,0,0,0,0,traj_sz=100
14.005,0.900648,0.530959,-1.33776,0.925836,0.46268,-1.17559,0.105878,38,40,0.0722497,0.108926,0.263392,1.79687,0,14.005
14.0249,0.900585,0.529887,-1.33705,0,0,0,0,38,40,0,0,0,0,0,traj_sz=100
14.025,0.900585,0.529887,-1.33705,0.925836,0.46268,-1.17559,0.105878,38,40,0.0712281,0.109992,0.268405,1.79742,0,14.025
14.045,0.901761,0.525264,-1.32629,0,0,0,0,38,40,0,0,0,0,0,traj_sz=100
14.0452,0.901761,0.525264,-1.32629,0.925836,0.46268,-1.17559,0.105878,38,40,0.0665505,0.107323,0.265632,1.79849,0,14.0452
14.0649,0.902463,0.52419,-1.3268,0,0,0,0,38,40,0,0,0,0,0,traj_sz=100
14.065,0.902463,0.52419,-1.3268,0.925836,0.46268,-1.17559,0.105878,38,40,0.0653341,0.108145,0.260165,1.79836,0,14.065
14.085,0.902531,0.523068,-1.32377,0,0,0,0,38,40,0,0,0,0,0,traj_sz=100
14.0851,0.902531,0.523068,-1.32377,0.925836,0.46268,-1.17559,0.105878,38,40,0.0642535,0.109126,0.262443,1.79881,0,14.0851
14.1049,0.903143,0.520779,-1.31869,0,0,0,0,38,40,0,0,0,0,0,traj_sz=100
14.105,0.903143,0.520779,-1.31869,0.925836,0.46268,-1.17559,0.105878,38,40,0.0619232,0.108826,0.260758,1.79932,0,14.105
14.1249,0.903529,0.519778,-1.31799,0,0,0,0,38,40,0,0,0,0,0,traj_sz=100
14.1251,0.903529,0.519778,-1.31799,0.925836,0.46268,-1.17559,0.105878,38,40,0.0608628,0.109833,0.258992,1.79944,0,14.1251
14.1449,0.904917,0.515395,-1.31361,0,0,0,0,38,40,0,0,0,0,0,traj_sz=100
14.1451,0.904917,0.515395,-1.31361,0.925836,0.46268,-1.17559,0.105878,39,40,0.0563025,0.107313,0.282434,1.80024,0,14.1451
14.1649,0.904904,0.514164,-1.30719,0,0,0,0,39,40,0,0,0,0,0,traj_sz=100
14.165,0.904904,0.514164,-1.30719,0.925836,0.46268,-1.17559,0.105878,39,40,0.0551603,0.108204,0.28581,1.80082,0,14.165
14.1848,0.905489,0.513106,-1.30537,0,0,0,0,39,40,0,0,0,0,0,traj_sz=100
14.1849,0.905489,0.513106,-1.30537,0.925836,0.46268,-1.17559,0.105878,39,40,0.0539974,0.109079,0.281923,1.80079,0,14.1849
14.2049,0.906072,0.510909,-1.30258,0,0,0,0,39,40,0,0,0,0,0,traj_sz=100
14.2051,0.906072,0.510909,-1.30258,0.94079,0.426831,-1.11196,0.106611,39,41,0.0902725,0.108896,0.283247,1.8013,0,14.2051
14.2249,0.90603,0.509623,-1.29858,0,0,0,0,39,41,0,0,0,0,0,traj_sz=100
14.2251,0.90603,0.509623,-1.29858,0.94079,0.426831,-1.11196,0.106611,39,41,0.0890891,0.109764,0.288383,1.80194,0,14.2251
14.2448,0.907653,0.504872,-1.29074,0,0,0,0,39,41,0,0,0,0,0,traj_sz=100
14.2449,0.907653,0.504872,-1.29074,0.94079,0.426831,-1.11196,0.106611,39,41,0.0841597,0.106797,0.2853,1.80272,0,14.2449
14.265,0.908404,0.503716,-1.29144,0,0,0,0,39,41,0,0,0,0,0,traj_sz=100
14.2651,0.908404,0.503716,-1.29144,0.94079,0.426831,-1.11196,0.106611,39,41,0.0828342,0.107557,0.280672,1.8026,0,14.2651
14.2849,0.908375,0.502361,-1.28775,0,0,0,0,39,41,0,0,0,0,0,traj_sz=100
14.285,0.908375,0.502361,-1.28775,0.94079,0.426831,-1.11196,0.106611,39,41,0.0815774,0.108342,0.286106,1.80326,0,14.285
14.305,0.909107,0.499872,-1.28268,0,0,0,0,39,41,0,0,0,0,0,traj_sz=100
14.3052,0.909107,0.499872,-1.28268,0.94079,0.426831,-1.11196,0.106611,39,41,0.0790331,0.107837,0.285736,1.80379,0,14.3052
14.3248,0.909888,0.498741,-1.28224,0,0,0,0,39,41,0,0,0,0,0,traj_sz=100
14.3249,0.909888,0.498741,-1.28224,0.94079,0.426831,-1.11196,0.106611,39,41,0.0777303,0.108581,0.280055,1.80363,0,14.3249
14.3447,0.911368,0.494133,-1.27442,0,0,0,0,39,41,0,0,0,0,0,traj_sz=100
14.3448,0.911368,0.494133,-1.27442,0.94079,0.426831,-1.11196,0.106611,39,41,0.0729611,0.105834,0.278309,1.80451,0,14.3448
14.3648,0.911412,0.493035,-1.27108,0,0,0,0,39,41,0,0,0,0,0,traj_sz=100
14.3651,0.911412,0.493035,-1.27108,0.94079,0.426831,-1.11196,0.106611,39,41,0.0719263,0.106914,0.281592,1.80499,0,14.3651
14.3849,0.912133,0.49195,-1.27024,0,0,0,0,39,41,0,0,0,0,0,traj_sz=100
14.3851,0.912133,0.49195,-1.27024,0.94079,0.426831,-1.11196,0.106611,39,41,0.0706834,0.107757,0.276357,1.80487,0,14.3851
14.4049,0.912709,0.489788,-1.26667,0,0,0,0,39,41,0,0,0,0,0,traj_sz=100
14.4049,0.912709,0.489788,-1.26667,0.94079,0.426831,-1.11196,0.106611,39,41,0.0684769,0.107617,0.277251,1.8054,0,14.4049
14.425,0.913024,0.488709,-1.26319,0,0,0,0,39,41,0,0,0,0,0,traj_sz=100
14.4251,0.913024,0.488709,-1.26319,0.94079,0.426831,-1.11196,0.106611,39,41,0.0673804,0.108613,0.276545,1.80563,0,14.4251
14.4448,0.914395,0.484434,-1.25465,0,0,0,0,39,41,0,0,0,0,0,traj_sz=100
14.4449,0.914395,0.484434,-1.25465,0.94079,0.426831,-1.11196,0.106611,39,41,0.0629546,0.106216,0.274373,1.80647,0,14.4449
14.4648,0.915032,0.483294,-1.25422,0,0,0,0,39,41,0,0,0,0,0,traj_sz=100
14.4651,0.915032,0.483294,-1.25422,0.94079,0.426831,-1.11196,0.106611,39,41,0.0616764,0.107046,0.270777,1.80646,0,14.4651
14.4848,0.915103,0.482256,-1.25265,0,0,0,0,39,41,0,0,0,0,0,traj_sz=100
14.485,0.915103,0.482256,-1.25265,0.94079,0.426831,-1.11196,0.106611,39,41,0.0606788,0.108142,0.274185,1.8069,0,14.485
14.5049,0.916081,0.480052,-1.24834,0,0,0,0,39,41,0,0,0,0,0,traj_sz=100
14.5051,0.916081,0.480052,-1.24834,0.94079,0.426831,-1.11196,0.106611,39,41,0.0583079,0.107844,0.269269,1.8071,0,14.5051
14.5248,0.916454,0.478972,-1.24632,0,0,0,0,39,41,0,0,0,0,0,traj_sz=100
14.5251,0.916454,0.478972,-1.24632,0.94079,0.426831,-1.11196,0.106611,40,41,0.0571784,0.108801,0.293197,1.80729,0,14.5251
14.5448,0.918203,0.474711,-1.24115,0,0,0,0,40,41,0,0,0,0,0,traj_sz=100
14.545,0.918203,0.474711,-1.24115,0.94079,0.426831,-1.11196,0.106611,40,41,0.0526139,0.106295,0.291265,1.80782,0,14.545
14.5649,0.918502,0.473456,-1.23714,0,0,0,0,40,41,0,0,0,0,0,traj_sz=100
14.5651,0.918502,0.473456,-1.23714,0.958113,0.391764,-1.04394,0.108666,40,42,0.090159,0.107127,0.292571,1.80817,0,14.5651
14.5849,0.919123,0.472354,-1.23685,0,0,0,0,40,42,0,0,0,0,0,traj_sz=100
14.585,0.919123,0.472354,-1.23685,0.958113,0.391764,-1.04394,0.108666,40,42,0.0889174,0.107969,0.290208,1.80816,0,14.585
14.605,0.919746,0.470101,-1.23001,0,0,0,0,40,42,0,0,0,0,0,traj_sz=100
14.6051,0.919746,0.470101,-1.23001,0.958113,0.391764,-1.04394,0.108666,40,42,0.0866551,0.10775,0.291514,1.80871,0,14.6051
14.6248,0.920412,0.469111,-1.22976,0,0,0,0,40,42,0,0,0,0,0,traj_sz=100
14.6249,0.920412,0.469111,-1.22976,0.958113,0.391764,-1.04394,0.108666,40,42,0.0855016,0.108665,0.287896,1.80861,0,14.6249
14.6449,0.922022,0.464612,-1.22208,0,0,0,0,40,42,0,0,0,0,0,traj_sz=100
14.645,0.922022,0.464612,-1.22208,0.958113,0.391764,-1.04394,0.108666,40,42,0.0807954,0.105999,0.288134,1.8094,0,14.645
14.6649,0.922697,0.463618,-1.22227,0,0,0,0,40,42,0,0,0,0,0,traj_sz=100
14.665,0.922697,0.463618,-1.22227,0.958113,0.391764,-1.04394,0.108666,40,42,0.0796293,0.106919,0.284612,1.8093,0,14.665
14.6849,0.922835,0.462521,-1.21797,0,0,0,0,40,42,0,0,0,0,0,traj_sz=100
14.6851,0.922835,0.462521,-1.21797,0.958113,0.391764,-1.04394,0.108666,40,42,0.0785885,0.107998,0.287106,1.80971,0,14.6851
14.7049,0.923821,0.460128,-1.21433,0,0,0,0,40,42,0,0,0,0,0,traj_sz=100
14.705,0.923821,0.460128,-1.21433,0.958113,0.391764,-1.04394,0.108666,40,42,0.0760333,0.107568,0.285633,1.81003,0,14.705
14.7249,0.924315,0.45909,-1.21392,0,0,0,0,40,42,0,0,0,0,0,traj_sz=100
14.725,0.924315,0.45909,-1.21392,0.958113,0.391764,-1.04394,0.108666,40,42,0.0748913,0.108588,0.284618,1.81011,0,14.725
14.7449,0.926031,0.454587,-1.20549,0,0,0,0,40,42,0,0,0,0,0,traj_sz=100
14.745,0.926031,0.454587,-1.20549,0.958113,0.391764,-1.04394,0.108666,40,42,0.0701382,0.105941,0.283071,1.81084,0,14.745
14.7649,0.926299,0.453388,-1.2009,0,0,0,0,40,42,0,0,0,0,0,traj_sz=100
14.765,0.926299,0.453388,-1.2009,0.958113,0.391764,-1.04394,0.108666,40,42,0.0689572,0.106905,0.28422,1.8112,0,14.765
14.7848,0.927119,0.45234,-1.20158,0,0,0,0,40,42,0,0,0,0,0,traj_sz=100
14.785,0.927119,0.45234,-1.20158,0.958113,0.391764,-1.04394,0.108666,40,42,0.0676792,0.107782,0.27923,1.81101,0,14.785
14.8049,0.928034,0.450098,-1.19752,0,0,0,0,40,42,0,0,0,0,0,traj_sz=100
14.805,0.928034,0.450098,-1.19752,0.958113,0.391764,-1.04394,0.108666,40,42,0.0652861,0.107534,0.277668,1.81133,0,14.805
14.825,0.92804,0.448938,-1.19325,0,0,0,0,40,42,0,0,0,0,0,traj_sz=100
14.8251,0.92804,0.448938,-1.19325,0.958113,0.391764,-1.04394,0.108666,40,42,0.0642333,0.108648,0.282366,1.8119,0,14.8251
14.845,0.930058,0.44453,-1.1862,0,0,0,0,40,42,0,0,0,0,0,traj_sz=100
14.8451,0.930058,0.44453,-1.1862,0.958113,0.391764,-1.04394,0.108666,40,42,0.0594368,0.105968,0.276717,1.81234,0,14.8451
14.8649,0.93071,0.443474,-1.18539,0,0,0,0,40,42,0,0,0,0,0,traj_sz=100
14.865,0.93071,0.443474,-1.18539,0.958113,0.391764,-1.04394,0.108666,41,42,0.0582184,0.106896,0.297511,1.81231,0,14.865
14.885,0.931329,0.442538,-1.18548,0,0,0,0,41,42,0,0,0,0,0,traj_sz=100
14.8852,0.931329,0.442538,-1.18548,0.958113,0.391764,-1.04394,0.108666,41,42,0.0571179,0.107968,0.295445,1.81224,0,14.8852
14.9049,0.932116,0.440355,-1.18019,0,0,0,0,41,42,0,0,0,0,0,traj_sz=100
14.9052,0.932116,0.440355,-1.18019,0.958113,0.391764,-1.04394,0.108666,41,42,0.0548297,0.107812,0.296981,1.81265,0,14.9052
14.9248,0.932592,0.439298,-1.17801,0,0,0,0,41,42,0,0,0,0,0,traj_sz=100
14.9249,0.932592,0.439298,-1.17801,0.958113,0.391764,-1.04394,0.108666,41,42,0.0536822,0.108802,0.296619,1.81277,0,14.9249
14.9448,0.934175,0.43492,-1.16834,0,0,0,0,41,42,0,0,0,0,0,traj_sz=100
14.945,0.934175,0.43492,-1.16834,0.978159,0.357304,-0.970446,0.111763,41,43,0.0886425,0.106336,0.300055,1.81361,0,14.945
14.965,0.934998,0.433968,-1.16941,0,0,0,0,41,43,0,0,0,0,0,traj_sz=100
14.9651,0.934998,0.433968,-1.16941,0.978159,0.357304,-0.970446,0.111763,41,43,0.0874338,0.1073,0.295796,1.81338,0,14.9651
14.9848,0.935034,0.432732,-1.16517,0,0,0,0,41,43,0,0,0,0,0,traj_sz=100
14.9849,0.935034,0.432732,-1.16517,0.978159,0.357304,-0.970446,0.111763,41,43,0.0863242,0.108313,0.301615,1.81397,0,14.9849
15.005,0.936469,0.430567,-1.16315,0,0,0,0,41,43,0,0,0,0,0,traj_sz=100
15.0051,0.936469,0.430567,-1.16315,0.978159,0.357304,-0.970446,0.111763,41,43,0.0837873,0.10793,0.295789,1.81383,0,15.0051
15.0249,0.936928,0.429549,-1.16026,0,0,0,0,41,43,0,0,0,0,0,traj_sz=100
15.025,0.936928,0.429549,-1.16026,0.978159,0.357304,-0.970446,0.111763,41,43,0.0826975,0.108958,0.295088,1.81395,0,15.025
15.0448,0.939029,0.425115,-1.15345,0,0,0,0,41,43,0,0,0,0,0,traj_sz=100
15.045,0.939029,0.425115,-1.15345,0.978159,0.357304,-0.970446,0.111763,41,43,0.0778516,0.106226,0.293229,1.8144,0,15.045
15.0648,0.939216,0.423952,-1.1492,0,0,0,0,41,43,0,0,0,0,0,traj_sz=100
15.0649,0.939216,0.423952,-1.1492,0.978159,0.357304,-0.970446,0.111763,41,43,0.0767479,0.107349,0.296519,1.81483,0,15.0649
15.0848,0.940002,0.422871,-1.1489,0,0,0,0,41,43,0,0,0,0,0,traj_sz=100
15.085,0.940002,0.422871,-1.1489,0.978159,0.357304,-0.970446,0.111763,41,43,0.0754424,0.108297,0.292996,1.81471,0,15.085
15.1049,0.940757,0.420696,-1.14173,0,0,0,0,41,43,0,0,0,0,0,traj_sz=100
15.105,0.940757,0.420696,-1.14173,0.978159,0.357304,-0.970446,0.111763,41,43,0.0732055,0.108272,0.294066,1.81517,0,15.105
15.1249,0.941368,0.419724,-1.14021,0,0,0,0,41,43,0,0,0,0,0,traj_sz=100
15.1251,0.941368,0.419724,-1.14021,0.978159,0.357304,-0.970446,0.111763,41,43,0.0720794,0.109386,0.291624,1.81514,0,15.1251
15.1449,0.943615,0.415391,-1.13363,0,0,0,0,41,43,0,0,0,0,0,traj_sz=100
15.1451,0.943615,0.415391,-1.13363,0.978159,0.357304,-0.970446,0.111763,41,43,0.0672487,0.106748,0.287226,1.81544,0,15.1451
15.1649,0.943783,0.414119,-1.12861,0,0,0,0,41,43,0,0,0,0,0,traj_sz=100
15.1651,0.943783,0.414119,-1.12861,0.978159,0.357304,-0.970446,0.111763,41,43,0.0660607,0.107805,0.291166,1.81595,0,15.1651
15.1848,0.944671,0.413241,-1.12981,0,0,0,0,41,43,0,0,0,0,0,traj_sz=100
15.1849,0.944671,0.413241,-1.12981,0.978159,0.357304,-0.970446,0.111763,41,43,0.064879,0.108857,0.285596,1.81564,0,15.1849
15.2049,0.945568,0.411256,-1.12415,0,0,0,0,41,43,0,0,0,0,0,traj_sz=100
15.205,0.945568,0.411256,-1.12415,0.978159,0.357304,-0.970446,0.111763,41,43,0.0627363,0.108935,0.284168,1.8159,0,15.205
15.2249,0.946211,0.410204,-1.12433,0,0,0,0,41,43,0,0,0,0,0,traj_sz=100
15.2252,0.946211,0.410204,-1.12433,0.978159,0.357304,-0.970446,0.111763,41,43,0.0615094,0.109967,0.282597,1.8159,0,15.2252
15.245,0.948379,0.405741,-1.11428,0,0,0,0,41,43,0,0,0,0,0,traj_sz=100
15.2451,0.948379,0.405741,-1.11428,0.978159,0.357304,-0.970446,0.111763,42,43,0.0566039,0.107263,0.305933,1.81636,0,15.2451
15.265,0.949043,0.404667,-1.11282,0,0,0,0,42,43,0,0,0,0,0,traj_sz=100
15.2651,0.949043,0.404667,-1.11282,0.978159,0.357304,-0.970446,0.111763,42,43,0.055355,0.108254,0.304769,1.81635,0,15.2651
15.285,0.949183,0.403556,-1.10793,0,0,0,0,42,43,0,0,0,0,0,traj_sz=100
15.2851,0.949183,0.403556,-1.10793,0.978159,0.357304,-0.970446,0.111763,42,43,0.0543232,0.109467,0.309134,1.81681,0,15.2851
15.3049,0.950507,0.401569,-1.10611,0,0,0,0,42,43,0,0,0,0,0,traj_sz=100
15.305,0.950507,0.401569,-1.10611,1.00132,0.323471,-0.890435,0.115506,42,44,0.0925877,0.109329,0.306139,1.81671,0,15.305
15.3248,0.951134,0.400559,-1.10489,0,0,0,0,42,44,0,0,0,0,0,traj_sz=100
15.325,0.951134,0.400559,-1.10489,1.00132,0.323471,-0.890435,0.115506,42,44,0.0914168,0.11039,0.305066,1.81671,0,15.325
15.3447,0.953022,0.396277,-1.09459,0,0,0,0,42,44,0,0,0,0,0,traj_sz=100
15.3448,0.953022,0.396277,-1.09459,1.00132,0.323471,-0.890435,0.115506,42,44,0.0868458,0.107966,0.308251,1.81734,0,15.3448
15.3648,0.953901,0.395399,-1.09492,0,0,0,0,42,44,0,0,0,0,0,traj_sz=100
15.3649,0.953901,0.395399,-1.09492,1.00132,0.323471,-0.890435,0.115506,42,44,0.0856594,0.10902,0.303626,1.81705,0,15.3649
15.3849,0.954491,0.3943,-1.09264,0,0,0,0,42,44,0,0,0,0,0,traj_sz=100
15.385,0.954491,0.3943,-1.09264,1.00132,0.323471,-0.890435,0.115506,42,44,0.0844332,0.110034,0.303245,1.81713,0,15.385
15.4049,0.955874,0.392156,-1.08974,0,0,0,0,42,44,0,0,0,0,0,traj_sz=100
15.4051,0.955874,0.392156,-1.08974,1.00132,0.323471,-0.890435,0.115506,42,44,0.0819189,0.109741,0.300179,1.81708,0,15.4051
15.4249,0.95644,0.391021,-1.08604,0,0,0,0,42,44,0,0,0,0,0,traj_sz=100
15.4251,0.95644,0.391021,-1.08604,1.00132,0.323471,-0.890435,0.115506,42,44,0.0806816,0.110802,0.299728,1.8172,0,15.4251
15.4449,0.959094,0.38651,-1.07707,0,0,0,0,42,44,0,0,0,0,0,traj_sz=100
15.445,0.959094,0.38651,-1.07707,1.00132,0.323471,-0.890435,0.115506,42,44,0.0755225,0.107913,0.295309,1.81733,0,15.445
15.4648,0.959713,0.38545,-1.07541,0,0,0,0,42,44,0,0,0,0,0,traj_sz=100
15.4649,0.959713,0.38545,-1.07541,1.00132,0.323471,-0.890435,0.115506,42,44,0.0743072,0.109028,0.294532,1.81737,0,15.4649
15.4848,0.960319,0.38431,-1.07154,0,0,0,0,42,44,0,0,0,0,0,traj_sz=100
15.4849,0.960319,0.38431,-1.07154,1.00132,0.323471,-0.890435,0.115506,42,44,0.0730435,0.110091,0.29353,1.81746,0,15.4849
15.5049,0.96093,0.383202,-1.06863,0,0,0,0,42,44,0,0,0,0,0,traj_sz=100
15.505,0.96093,0.383202,-1.06863,1.00132,0.323471,-0.890435,0.115506,42,44,0.0717977,0.111184,0.292647,1.81753,0,15.505
15.5248,0.962219,0.381033,-1.06416,0,0,0,0,42,44,0,0,0,0,0,traj_sz=100
15.5249,0.962219,0.381033,-1.06416,1.00132,0.323471,-0.890435,0.115506,42,44,0.0693044,0.110997,0.290286,1.8176,0,15.5249
15.5449,0.964306,0.377083,-1.05384,0,0,0,0,42,44,0,0,0,0,0,traj_sz=100
15.545,0.964306,0.377083,-1.05384,1.00132,0.323471,-0.890435,0.115506,42,44,0.0649002,0.108895,0.288373,1.81794,0,15.545
15.565,0.965305,0.376211,-1.05461,0,0,0,0,42,44,0,0,0,0,0,traj_sz=100
15.5651,0.965305,0.376211,-1.05461,1.00132,0.323471,-0.890435,0.115506,42,44,0.0636442,0.109995,0.282352,1.81757,0,15.5651
15.5849,0.965924,0.375085,-1.05155,0,0,0,0,42,44,0,0,0,0,0,traj_sz=100
15.585,0.965924,0.375085,-1.05155,1.00132,0.323471,-0.890435,0.115506,42,44,0.0623753,0.111047,0.281444,1.81765,0,15.585
15.6049,0.967239,0.373033,-1.04594,0,0,0,0,42,44,0,0,0,0,0,traj_sz=100
15.605,0.967239,0.373033,-1.04594,1.00132,0.323471,-0.890435,0.115506,43,44,0.0599688,0.110958,0.303721,1.81764,0,15.605
15.6248,0.968061,0.371965,-1.04486,0,0,0,0,43,44,0,0,0,0,0,traj_sz=100
15.6249,0.968061,0.371965,-1.04486,1.00132,0.323471,-0.890435,0.115506,43,44,0.0586372,0.111949,0.302115,1.81752,0,15.6249
15.6449,0.970723,0.367621,-1.03454,0,0,0,0,43,44,0,0,0,0,0,traj_sz=100
15.645,0.970723,0.367621,-1.03454,1.02798,0.290531,-0.803099,0.119279,43,45,0.0955223,0.109212,0.301328,1.81762,0,15.645
15.6648,0.971419,0.366385,-1.03393,0,0,0,0,43,45,0,0,0,0,0,traj_sz=100
15.665,0.971419,0.366385,-1.03393,1.02798,0.290531,-0.803099,0.119279,43,45,0.0941103,0.110137,0.302911,1.81771,0,15.665
15.6849,0.972088,0.365296,-1.03157,0,0,0,0,43,45,0,0,0,0,0,traj_sz=100
15.6851,0.972088,0.365296,-1.03157,1.02798,0.290531,-0.803099,0.119279,43,45,0.0928552,0.111215,0.302807,1.81773,0,15.6851
15.7049,0.973657,0.363069,-1.02783,0,0,0,0,43,45,0,0,0,0,0,traj_sz=100
15.705,0.973657,0.363069,-1.02783,1.02798,0.290531,-0.803099,0.119279,43,45,0.0901729,0.110822,0.300577,1.81762,0,15.705
15.7249,0.974173,0.362055,-1.02414,0,0,0,0,43,45,0,0,0,0,0,traj_sz=100
15.725,0.974173,0.362055,-1.02414,1.02798,0.290531,-0.803099,0.119279,43,45,0.0890718,0.112041,0.30112,1.81774,0,15.725
15.7449,0.97678,0.358097,-1.01592,0,0,0,0,43,45,0,0,0,0,0,traj_sz=100
15.745,0.97678,0.358097,-1.01592,1.02798,0.290531,-0.803099,0.119279,43,45,0.0844026,0.109638,0.298696,1.81771,0,15.745
15.7649,0.977504,0.357122,-1.01504,0,0,0,0,43,45,0,0,0,0,0,traj_sz=100
15.7651,0.977504,0.357122,-1.01504,1.02798,0.290531,-0.803099,0.119279,43,45,0.0831995,0.110771,0.297591,1.81764,0,15.7651
15.7849,0.978313,0.356087,-1.01341,0,0,0,0,43,45,0,0,0,0,0,traj_sz=100
15.785,0.978313,0.356087,-1.01341,1.02798,0.290531,-0.803099,0.119279,43,45,0.0819059,0.111844,0.295613,1.81752,0,15.785
15.8048,0.979696,0.353894,-1.00767,0,0,0,0,43,45,0,0,0,0,0,traj_sz=100
15.805,0.979696,0.353894,-1.00767,1.02798,0.290531,-0.803099,0.119279,43,45,0.0793544,0.111687,0.294512,1.81757,0,15.805
15.8248,0.980498,0.352739,-1.00488,0,0,0,0,43,45,0,0,0,0,0,traj_sz=100
15.825,0.980498,0.352739,-1.00488,1.02798,0.290531,-0.803099,0.119279,43,45,0.0779694,0.112726,0.29311,1.81753,0,15.825
15.8448,0.983345,0.348578,-0.996098,0,0,0,0,43,45,0,0,0,0,0,traj_sz=100
15.8449,0.983345,0.348578,-0.996098,1.02798,0.290531,-0.803099,0.119279,43,45,0.0729851,0.110116,0.289185,1.81744,0,15.8449
15.8649,0.984178,0.347527,-0.994922,0,0,0,0,43,45,0,0,0,0,0,traj_sz=100
15.865,0.984178,0.347527,-0.994922,1.02798,0.290531,-0.803099,0.119279,43,45,0.0716563,0.111228,0.287249,1.81732,0,15.865
15.8847,0.984898,0.346533,-0.992599,0,0,0,0,43,45,0,0,0,0,0,traj_sz=100
15.8848,0.984898,0.346533,-0.992599,1.02798,0.290531,-0.803099,0.119279,43,45,0.0704435,0.112427,0.285718,1.81727,0,15.8848
15.9049,0.98648,0.344128,-0.985076,0,0,0,0,43,45,0,0,0,0,0,traj_sz=100
15.9052,0.98648,0.344128,-0.985076,1.02798,0.290531,-0.803099,0.119279,43,45,0.0676046,0.112036,0.283121,1.81728,0,15.9052
15.9248,0.987209,0.343164,-0.985383,0,0,0,0,43,45,0,0,0,0,0,traj_sz=100
15.9249,0.987209,0.343164,-0.985383,1.02798,0.290531,-0.803099,0.119279,43,45,0.0663969,0.113237,0.282411,1.81721,0,15.9249
15.9449,0.990326,0.338424,-0.97156,0,0,0,0,43,45,0,0,0,0,0,traj_sz=100
15.9449,0.990326,0.338424,-0.97156,1.02798,0.290531,-0.803099,0.119279,44,45,0.0607854,0.110014,0.306093,1.81725,0,15.9449
15.9648,0.991197,0.337414,-0.970597,0,0,0,0,44,45,0,0,0,0,0,traj_sz=100
15.965,0.991197,0.337414,-0.970597,1.02798,0.290531,-0.803099,0.119279,44,45,0.0594639,0.111131,0.305032,1.81709,0,15.965
15.9849,0.992084,0.336304,-0.969405,0,0,0,0,44,45,0,0,0,0,0,traj_sz=100
15.9851,0.992084,0.336304,-0.969405,1.02798,0.290531,-0.803099,0.119279,44,45,0.0580519,0.112159,0.304626,1.81697,0,15.9851
16.005,0.993394,0.334233,-0.962669,0,0,0,0,44,45,0,0,0,0,0,traj_sz=100
16.0052,0.993394,0.334233,-0.962669,1.05837,0.259045,-0.708179,0.122489,44,46,0.0988312,0.112173,0.305859,1.81704,0,16.0052
16.025,0.994285,0.333163,-0.960849,0,0,0,0,44,46,0,0,0,0,0,traj_sz=100
16.0251,0.994285,0.333163,-0.960849,1.05837,0.259045,-0.708179,0.122489,44,46,0.0974618,0.113209,0.304755,1.8169,0,16.0251
16.045,0.99723,0.329288,-0.951812,0,0,0,0,44,46,0,0,0,0,0,traj_sz=100
16.0451,0.99723,0.329288,-0.951812,1.05837,0.259045,-0.708179,0.122489,44,46,0.0926842,0.110776,0.302917,1.81664,0,16.0451
16.0648,0.997989,0.328196,-0.94947,0,0,0,0,44,46,0,0,0,0,0,traj_sz=100
16.0649,0.997989,0.328196,-0.94947,1.05837,0.259045,-0.708179,0.122489,44,46,0.0913755,0.111869,0.303319,1.81662,0,16.0649
16.085,0.998741,0.327247,-0.948065,0,0,0,0,44,46,0,0,0,0,0,traj_sz=100
16.0851,0.998741,0.327247,-0.948065,1.05837,0.259045,-0.708179,0.122489,44,46,0.090179,0.113113,0.302871,1.81654,0,16.0851
16.1048,1.00038,0.325287,-0.944394,0,0,0,0,44,46,0,0,0,0,0,traj_sz=100
16.1051,1.00038,0.325287,-0.944394,1.05837,0.259045,-0.708179,0.122489,44,46,0.0876593,0.112985,0.300559,1.81628,0,16.1051
16.1248,1.00113,0.324155,-0.940586,0,0,0,0,44,46,0,0,0,0,0,traj_sz=100
16.125,1.00113,0.324155,-0.940586,1.05837,0.259045,-0.708179,0.122489,44,46,0.0863339,0.114059,0.300801,1.8163,0,16.125
16.1449,1.00437,0.320085,-0.931837,0,0,0,0,44,46,0,0,0,0,0,traj_sz=100
16.145,1.00437,0.320085,-0.931837,1.05837,0.259045,-0.708179,0.122489,44,46,0.0811999,0.111301,0.297486,1.81594,0,16.145
16.1649,1.00522,0.319269,-0.929197,0,0,0,0,44,46,0,0,0,0,0,traj_sz=100
16.165,1.00522,0.319269,-0.929197,1.05837,0.259045,-0.708179,0.122489,44,46,0.0800542,0.112644,0.294069,1.8157,0,16.165
16.1849,1.00604,0.318042,-0.927127,0,0,0,0,44,46,0,0,0,0,0,traj_sz=100
16.185,1.00604,0.318042,-0.927127,1.05837,0.259045,-0.708179,0.122489,44,46,0.0785943,0.113688,0.295154,1.81572,0,16.185
16.2049,1.00767,0.3162,-0.923497,0,0,0,0,44,46,0,0,0,0,0,traj_sz=100
16.205,1.00767,0.3162,-0.923497,1.05837,0.259045,-0.708179,0.122489,44,46,0.0761672,0.113749,0.291939,1.81543,0,16.205
16.225,1.00848,0.314993,-0.920212,0,0,0,0,44,46,0,0,0,0,0,traj_sz=100
16.2251,1.00848,0.314993,-0.920212,1.05837,0.259045,-0.708179,0.122489,44,46,0.0747338,0.114831,0.29237,1.81545,0,16.2251
16.2449,1.01176,0.311065,-0.911297,0,0,0,0,44,46,0,0,0,0,0,traj_sz=100
16.245,1.01176,0.311065,-0.911297,1.05837,0.259045,-0.708179,0.122489,44,46,0.0696728,0.112223,0.287266,1.81501,0,16.245
16.2648,1.01259,0.310042,-0.909087,0,0,0,0,44,46,0,0,0,0,0,traj_sz=100
16.265,1.01259,0.310042,-0.909087,1.05837,0.259045,-0.708179,0.122489,44,46,0.0683618,0.113406,0.286163,1.81491,0,16.265
16.285,1.01346,0.308983,-0.906067,0,0,0,0,44,46,0,0,0,0,0,traj_sz=100
16.2852,1.01346,0.308983,-0.906067,1.05837,0.259045,-0.708179,0.122489,44,46,0.0670067,0.114571,0.284665,1.8148,0,16.2852
16.3049,1.01516,0.307055,-0.902026,0,0,0,0,44,46,0,0,0,0,0,traj_sz=100
16.305,1.01516,0.307055,-0.902026,1.05837,0.259045,-0.708179,0.122489,45,46,0.0644615,0.114505,0.307786,1.81452,0,16.305
16.3249,1.01588,0.305965,-0.898454,0,0,0,0,45,46,0,0,0,0,0,traj_sz=100
16.325,1.01588,0.305965,-0.898454,1.05837,0.259045,-0.708179,0.122489,45,46,0.0631699,0.115717,0.309671,1.81456,0,16.325
16.3448,1.01922,0.302176,-0.890466,0,0,0,0,45,46,0,0,0,0,0,traj_sz=100
16.3449,1.01922,0.302176,-0.890466,1.0925,0.229816,-0.606101,0.124696,45,47,0.102347,0.113162,0.309531,1.81401,0,16.3449
16.3649,1.02003,0.301196,-0.887988,0,0,0,0,45,47,0,0,0,0,0,traj_sz=100
16.365,1.02003,0.301196,-0.887988,1.0925,0.229816,-0.606101,0.124696,45,47,0.101101,0.114411,0.309853,1.81392,0,16.365
16.3849,1.02099,0.300139,-0.886195,0,0,0,0,45,47,0,0,0,0,0,traj_sz=100
16.385,1.02099,0.300139,-0.886195,1.0925,0.229816,-0.606101,0.124696,45,47,0.099697,0.115498,0.309728,1.81375,0,16.385
16.4048,1.02271,0.298129,-0.88095,0,0,0,0,45,47,0,0,0,0,0,traj_sz=100
16.4049,1.02271,0.298129,-0.88095,1.0925,0.229816,-0.606101,0.124696,45,47,0.0971101,0.115354,0.309768,1.81351,0,16.4049
16.4249,1.0236,0.297149,-0.879173,0,0,0,0,45,47,0,0,0,0,0,traj_sz=100
16.425,1.0236,0.297149,-0.879173,1.0925,0.229816,-0.606101,0.124696,45,47,0.0958051,0.116553,0.309569,1.81336,0,16.425
16.4449,1.02719,0.29302,-0.868833,0,0,0,0,45,47,0,0,0,0,0,traj_sz=100
16.445,1.02719,0.29302,-0.868833,1.0925,0.229816,-0.606101,0.124696,45,47,0.0904334,0.113593,0.309166,1.81284,0,16.445
16.4649,1.02803,0.291991,-0.865604,0,0,0,0,45,47,0,0,0,0,0,traj_sz=100
16.4649,1.02803,0.291991,-0.865604,1.0925,0.229816,-0.606101,0.124696,45,47,0.089135,0.114766,0.309382,1.81276,0,16.4649
16.4848,1.0288,0.290917,-0.861683,0,0,0,0,45,47,0,0,0,0,0,traj_sz=100
16.4849,1.0288,0.290917,-0.861683,1.0925,0.229816,-0.606101,0.124696,45,47,0.0878523,0.115955,0.310498,1.81276,0,16.4849
16.5049,1.03036,0.289339,-0.8581,0,0,0,0,45,47,0,0,0,0,0,traj_sz=100
16.5049,1.03036,0.289339,-0.8581,1.0925,0.229816,-0.606101,0.124696,45,47,0.0856641,0.116238,0.30842,1.81241,0,16.5049
16.5248,1.03222,0.287487,-0.855115,0,0,0,0,45,47,0,0,0,0,0,traj_sz=100
16.5249,1.03222,0.287487,-0.855115,1.0925,0.229816,-0.606101,0.124696,45,47,0.0830726,0.116163,0.306333,1.81199,0,16.5249
16.5449,1.03479,0.284597,-0.847298,0,0,0,0,45,47,0,0,0,0,0,traj_sz=100
16.5451,1.03479,0.284597,-0.847298,1.0925,0.229816,-0.606101,0.124696,45,47,0.0792659,0.114879,0.305246,1.81161,0,16.5451
16.5649,1.03568,0.283547,-0.84438,0,0,0,0,45,47,0,0,0,0,0,traj_sz=100
16.565,1.03568,0.283547,-0.84438,1.0925,0.229816,-0.606101,0.124696,45,47,0.0779077,0.116052,0.305232,1.81151,0,16.565
16.5848,1.03669,0.282599,-0.843275,0,0,0,0,45,47,0,0,0,0,0,traj_sz=100
16.5849,1.03669,0.282599,-0.843275,1.0925,0.229816,-0.606101,0.124696,45,47,0.076533,0.117209,0.303678,1.81125,0,16.5849
16.6049,1.03827,0.280675,-0.835248,0,0,0,0,45,47,0,0,0,0,0,traj_sz=100
16.6051,1.03827,0.280675,-0.835248,1.0925,0.229816,-0.606101,0.124696,45,47,0.0740953,0.117307,0.303033,1.8111,0,16.6051
16.6249,1.03933,0.279794,-0.83524,0,0,0,0,45,47,0,0,0,0,0,traj_sz=100
16.625,1.03933,0.279794,-0.83524,1.0925,0.229816,-0.606101,0.124696,45,47,0.0727332,0.118486,0.300787,1.81077,0,16.625
16.6448,1.04295,0.275792,-0.825941,0,0,0,0,45,47,0,0,0,0,0,traj_sz=100
16.6449,1.04295,0.275792,-0.825941,1.0925,0.229816,-0.606101,0.124696,45,47,0.0673893,0.115648,0.299247,1.81023,0,16.6449
16.6649,1.04374,0.274894,-0.821601,0,0,0,0,45,47,0,0,0,0,0,traj_sz=100
16.665,1.04374,0.274894,-0.821601,1.0925,0.229816,-0.606101,0.124696,46,47,0.0662122,0.117019,0.324056,1.81012,0,16.665
16.685,1.04481,0.273982,-0.821426,0,0,0,0,46,47,0,0,0,0,0,traj_sz=100
16.6851,1.04481,0.273982,-0.821426,1.0925,0.229816,-0.606101,0.124696,46,47,0.0648197,0.118189,0.323964,1.8098,0,16.6851
16.705,1.04645,0.272127,-0.815552,0,0,0,0,46,47,0,0,0,0,0,traj_sz=100
16.7052,1.04645,0.272127,-0.815552,1.0925,0.229816,-0.606101,0.124696,46,47,0.0623739,0.118284,0.326472,1.80959,0,16.7052
16.725,1.04737,0.271467,-0.813899,0,0,0,0,46,47,0,0,0,0,0,traj_sz=100
16.725,1.04737,0.271467,-0.813899,1.0925,0.229816,-0.606101,0.124696,46,47,0.0612671,0.119698,0.32423,1.80924,0,16.725
16.7449,1.05106,0.267736,-0.805439,0,0,0,0,46,47,0,0,0,0,0,traj_sz=100
16.745,1.05106,0.267736,-0.805439,1.1301,0.203755,-0.497972,0.12563,46,48,0.100894,0.117001,0.326908,1.80851,0,16.745
16.765,1.05186,0.266833,-0.802535,0,0,0,0,46,48,0,0,0,0,0,traj_sz=100
16.7652,1.05186,0.266833,-0.802535,1.1301,0.203755,-0.497972,0.12563,46,48,0.0997294,0.118385,0.328137,1.80841,0,16.7652
16.7849,1.05265,0.265999,-0.798678,0,0,0,0,46,48,0,0,0,0,0,traj_sz=100
16.785,1.05265,0.265999,-0.798678,1.1301,0.203755,-0.497972,0.12563,46,48,0.0986302,0.119765,0.328228,1.80828,0,16.785
16.8048,1.05458,0.264127,-0.79551,0,0,0,0,46,48,0,0,0,0,0,traj_sz=100
16.805,1.05458,0.264127,-0.79551,1.1301,0.203755,-0.497972,0.12563,46,48,0.0959749,0.119625,0.329233,1.80786,0,16.805
16.8249,1.05554,0.263415,-0.794764,0,0,0,0,46,48,0,0,0,0,0,traj_sz=100
16.825,1.05554,0.263415,-0.794764,1.1301,0.203755,-0.497972,0.12563,46,48,0.0948051,0.120986,0.327679,1.80752,0,16.825
16.8448,1.05923,0.259577,-0.784009,0,0,0,0,46,48,0,0,0,0,0,traj_sz=100
16.8449,1.05923,0.259577,-0.784009,1.1301,0.203755,-0.497972,0.12563,46,48,0.0895962,0.118215,0.330515,1.80688,0,16.8449
16.8649,1.05997,0.258695,-0.779735,0,0,0,0,46,48,0,0,0,0,0,traj_sz=100
16.8652,1.05997,0.258695,-0.779735,1.1301,0.203755,-0.497972,0.12563,46,48,0.0884971,0.119661,0.331462,1.80683,0,16.8652
16.8848,1.06101,0.257919,-0.779841,0,0,0,0,46,48,0,0,0,0,0,traj_sz=100
16.8849,1.06101,0.257919,-0.779841,1.1301,0.203755,-0.497972,0.12563,46,48,0.0872132,0.120898,0.330239,1.80647,0,16.8849
16.9049,1.06288,0.256105,-0.775104,0,0,0,0,46,48,0,0,0,0,0,traj_sz=100
16.905,1.06288,0.256105,-0.775104,1.1301,0.203755,-0.497972,0.12563,46,48,0.0846538,0.120873,0.330511,1.80608,0,16.905
16.9249,1.06377,0.255119,-0.77097,0,0,0,0,46,48,0,0,0,0,0,traj_sz=100
16.925,1.06377,0.255119,-0.77097,1.1301,0.203755,-0.497972,0.12563,46,48,0.0833656,0.122119,0.331183,1.80597,0,16.925
16.9448,1.06785,0.251494,-0.761841,0,0,0,0,46,48,0,0,0,0,0,traj_sz=100
16.9451,1.06785,0.251494,-0.761841,1.1301,0.203755,-0.497972,0.12563,46,48,0.0779964,0.119236,0.328611,1.80493,0,16.9451
16.9648,1.06881,0.250756,-0.759833,0,0,0,0,46,48,0,0,0,0,0,traj_sz=100
16.9649,1.06881,0.250756,-0.759833,1.1301,0.203755,-0.497972,0.12563,46,48,0.0768048,0.120575,0.326691,1.80462,0,16.9649
16.9848,1.06965,0.249656,-0.754451,0,0,0,0,46,48,0,0,0,0,0,traj_sz=100
16.9849,1.06965,0.249656,-0.754451,1.1301,0.203755,-0.497972,0.12563,46,48,0.0754849,0.121797,0.328629,1.80462,0,16.9849
17.0049,1.07186,0.247923,-0.751863,0,0,0,0,46,48,0,0,0,0,0,traj_sz=100
17.005,1.07186,0.247923,-0.751863,1.1301,0.203755,-0.497972,0.12563,46,48,0.072704,0.12157,0.325612,1.80393,0,17.005
17.025,1.07261,0.247003,-0.747429,0,0,0,0,46,48,0,0,0,0,0,traj_sz=100
17.0253,1.07261,0.247003,-0.747429,1.1301,0.203755,-0.497972,0.12563,46,48,0.0715607,0.123009,0.326774,1.80389,0,17.0253
17.0448,1.07706,0.243411,-0.738652,0,0,0,0,46,48,0,0,0,0,0,traj_sz=100
17.045,1.07706,0.243411,-0.738652,1.1301,0.203755,-0.497972,0.12563,47,48,0.0659186,0.119828,0.347605,1.80258,0,17.045
17.0648,1.07817,0.242422,-0.736405,0,0,0,0,47,48,0,0,0,0,0,traj_sz=100
17.0649,1.07817,0.242422,-0.736405,1.1301,0.203755,-0.497972,0.12563,47,48,0.064442,0.120906,0.3491,1.80231,0,17.0649
17.0848,1.07912,0.241453,-0.73158,0,0,0,0,47,48,0,0,0,0,0,traj_sz=100
17.085,1.07912,0.241453,-0.73158,1.1301,0.203755,-0.497972,0.12563,47,48,0.0631184,0.122134,0.3491,1.80216,0,17.085
17.1049,1.08138,0.239592,-0.727004,0,0,0,0,47,48,0,0,0,0,0,traj_sz=100
17.105,1.08138,0.239592,-0.727004,1.17059,0.181741,-0.385489,0.12563,47,49,0.105106,0.121778,0.3491,1.80153,0,17.105
17.125,1.08228,0.238964,-0.723905,0,0,0,0,47,49,0,0,0,0,0,traj_sz=100
17.1252,1.08228,0.238964,-0.723905,1.17059,0.181741,-0.385489,0.12563,47,49,0.104061,0.123263,0.3491,1.8012,0,17.1252
17.1449,1.08621,0.23597,-0.71461,0,0,0,0,47,49,0,0,0,0,0,traj_sz=100
17.145,1.08621,0.23597,-0.71461,1.17059,0.181741,-0.385489,0.12563,47,49,0.0992739,0.120865,0.3491,1.79996,0,17.145
17.1649,1.08722,0.23486,-0.711484,0,0,0,0,47,49,0,0,0,0,0,traj_sz=100
17.165,1.08722,0.23486,-0.711484,1.17059,0.181741,-0.385489,0.12563,47,49,0.0978291,0.121959,0.3491,1.79986,0,17.165
17.1848,1.08832,0.233987,-0.709398,0,0,0,0,47,49,0,0,0,0,0,traj_sz=100
17.1851,1.08832,0.233987,-0.709398,1.17059,0.181741,-0.385489,0.12563,47,49,0.0964532,0.123122,0.3491,1.79953,0,17.1851
17.2049,1.09066,0.23221,-0.704473,0,0,0,0,47,49,0,0,0,0,0,traj_sz=100
17.205,1.09066,0.23221,-0.704473,1.17059,0.181741,-0.385489,0.12563,47,49,0.0935916,0.122742,0.3491,1.79881,0,17.205
17.2248,1.09184,0.231201,-0.701491,0,0,0,0,47,49,0,0,0,0,0,traj_sz=100
17.2249,1.09184,0.231201,-0.701491,1.17059,0.181741,-0.385489,0.12563,47,49,0.0920764,0.123741,0.3491,1.79851,0,17.2249
17.245,1.09606,0.227739,-0.686507,0,0,0,0,47,49,0,0,0,0,0,traj_sz=100
17.2452,1.09606,0.227739,-0.686507,1.17059,0.181741,-0.385489,0.12563,47,49,0.0867998,0.120889,0.3491,1.79736,0,17.2452
17.265,1.09699,0.226942,-0.681253,0,0,0,0,47,49,0,0,0,0,0,traj_sz=100
17.2651,1.09699,0.226942,-0.681253,1.17059,0.181741,-0.385489,0.12563,47,49,0.0856345,0.122199,0.3491,1.79713,0,17.2651
17.2848,1.09822,0.226062,-0.680158,0,0,0,0,47,49,0,0,0,0,0,traj_sz=100
17.285,1.09822,0.226062,-0.680158,1.17059,0.181741,-0.385489,0.12563,47,49,0.0841416,0.123223,0.3491,1.79673,0,17.285
17.3049,1.10059,0.224483,-0.675838,0,0,0,0,47,49,0,0,0,0,0,traj_sz=100
17.305,1.10059,0.224483,-0.675838,1.17059,0.181741,-0.385489,0.12563,47,49,0.0813501,0.122917,0.3491,1.79587,0,17.305
17.3249,1.10147,0.22358,-0.669208,0,0,0,0,47,49,0,0,0,0,0,traj_sz=100
17.3251,1.10147,0.22358,-0.669208,1.17059,0.181741,-0.385489,0.12563,47,49,0.0801638,0.124233,0.3491,1.79574,0,17.3251
17.3448,1.1059,0.220391,-0.659237,0,0,0,0,47,49,0,0,0,0,0,traj_sz=100
17.345,1.1059,0.220391,-0.659237,1.17059,0.181741,-0.385489,0.12563,47,49,0.0748108,0.121324,0.3491,1.79431,0,17.345
17.3648,1.10696,0.219395,-0.655984,0,0,0,0,47,49,0,0,0,0,0,traj_sz=100
17.3649,1.10696,0.219395,-0.655984,1.17059,0.181741,-0.385489,0.12563,47,49,0.0733877,0.122422,0.3491,1.79411,0,17.3649
17.3849,1.10811,0.218651,-0.651416,0,0,0,0,47,49,0,0,0,0,0,traj_sz=100
17.385,1.10811,0.218651,-0.651416,1.17059,0.181741,-0.385489,0.12563,47,49,0.0720627,0.123603,0.348227,1.79368,0,17.385
17.4051,1.11026,0.217135,-0.645335,0,0,0,0,47,49,0,0,0,0,0,traj_sz=100
17.4052,1.11026,0.217135,-0.645335,1.17059,0.181741,-0.385489,0.12563,47,49,0.0694896,0.123557,0.345861,1.79298,0,17.4052
17.4249,1.1116,0.216273,-0.643644,0,0,0,0,47,49,0,0,0,0,0,traj_sz=100
17.425,1.1116,0.216273,-0.643644,1.17059,0.181741,-0.385489,0.12563,48,49,0.0679126,0.124475,0.3491,1.79248,0,17.425
17.4449,1.1163,0.212906,-0.629358,0,0,0,0,48,49,0,0,0,0,0,traj_sz=100
17.445,1.1163,0.212906,-0.629358,1.2133,0.16441,-0.270356,0.12563,48,50,0.106961,0.12125,0.3491,1.79098,0,17.445
17.4649,1.11745,0.212051,-0.626745,0,0,0,0,48,50,0,0,0,0,0,traj_sz=100
17.465,1.11745,0.212051,-0.626745,1.2133,0.16441,-0.270356,0.12563,48,50,0.105571,0.122363,0.3491,1.79063,0,17.465
17.4849,1.11858,0.211572,-0.622534,0,0,0,0,48,50,0,0,0,0,0,traj_sz=100
17.485,1.11858,0.211572,-0.622534,1.2133,0.16441,-0.270356,0.12563,48,50,0.104449,0.123693,0.3491,1.79006,0,17.485
17.5048,1.121,0.209586,-0.616684,0,0,0,0,48,50,0,0,0,0,0,traj_sz=100
17.5051,1.121,0.209586,-0.616684,1.2133,0.16441,-0.270356,0.12563,48,50,0.101426,0.12315,0.3491,1.78947,0,17.5051
17.5248,1.12239,0.208966,-0.615979,0,0,0,0,48,50,0,0,0,0,0,traj_sz=100
17.5249,1.12239,0.208966,-0.615979,1.2133,0.16441,-0.270356,0.12563,48,50,0.0999451,0.124159,0.3491,1.78879,0,17.5249
17.5449,1.12685,0.206032,-0.602896,0,0,0,0,48,50,0,0,0,0,0,traj_sz=100
17.545,1.12685,0.206032,-0.602896,1.2133,0.16441,-0.270356,0.12563,48,50,0.0948058,0.12137,0.3491,1.78723,0,17.545
17.5649,1.12807,0.205128,-0.60114,0,0,0,0,48,50,0,0,0,0,0,traj_sz=100
17.565,1.12807,0.205128,-0.60114,1.2133,0.16441,-0.270356,0.12563,48,50,0.0933193,0.122411,0.3491,1.78688,0,17.565
17.5848,1.1293,0.204392,-0.597059,0,0,0,0,48,50,0,0,0,0,0,traj_sz=100
17.5849,1.1293,0.204392,-0.597059,1.2133,0.16441,-0.270356,0.12563,48,50,0.0919486,0.123503,0.3491,1.78641,0,17.5849
17.6047,1.13146,0.202956,-0.589229,0,0,0,0,48,50,0,0,0,0,0,traj_sz=100
17.6049,1.13146,0.202956,-0.589229,1.2133,0.16441,-0.270356,0.12563,48,50,0.0894568,0.123434,0.3491,1.78567,0,17.6049
17.6248,1.13263,0.202306,-0.585557,0,0,0,0,48,50,0,0,0,0,0,traj_sz=100
17.6249,1.13263,0.202306,-0.585557,1.2133,0.16441,-0.270356,0.12563,48,50,0.0881721,0.124617,0.3491,1.78519,0,17.6249
17.6447,1.13764,0.199205,-0.575108,0,0,0,0,48,50,0,0,0,0,0,traj_sz=100
17.6448,1.13764,0.199205,-0.575108,1.2133,0.16441,-0.270356,0.12563,48,50,0.0824142,0.121244,0.3491,1.78335,0,17.6448
17.6648,1.13902,0.198674,-0.573491,0,0,0,0,48,50,0,0,0,0,0,traj_sz=100
17.6651,1.13902,0.198674,-0.573491,1.2133,0.16441,-0.270356,0.12563,48,50,0.0809832,0.122316,0.3491,1.78264,0,17.6651
17.6848,1.14015,0.197633,-0.568544,0,0,0,0,48,50,0,0,0,0,0,traj_sz=100
17.6849,1.14015,0.197633,-0.568544,1.2133,0.16441,-0.270356,0.12563,48,50,0.0795315,0.123335,0.3491,1.78246,0,17.6849
17.7047,1.1424,0.196338,-0.561544,0,0,0,0,48,50,0,0,0,0,0,traj_sz=100
17.7048,1.1424,0.196338,-0.561544,1.2133,0.16441,-0.270356,0.12563,48,50,0.0770174,0.123253,0.3491,1.78158,0,17.7048
17.7248,1.14375,0.195535,-0.559726,0,0,0,0,48,50,0,0,0,0,0,traj_sz=100
17.725,1.14375,0.195535,-0.559726,1.2133,0.16441,-0.270356,0.12563,48,50,0.0754622,0.124215,0.3491,1.78107,0,17.725
17.7447,1.14868,0.19307,-0.548957,0,0,0,0,48,50,0,0,0,0,0,traj_sz=100
17.7448,1.14868,0.19307,-0.548957,1.2133,0.16441,-0.270356,0.12563,48,50,0.070084,0.121199,0.3491,1.77892,0,17.7448
17.7648,1.14975,0.192346,-0.544209,0,0,0,0,48,50,0,0,0,0,0,traj_sz=100
17.7649,1.14975,0.192346,-0.544209,1.2133,0.16441,-0.270356,0.12563,48,50,0.0688338,0.12244,0.3491,1.77858,0,17.7649
17.7848,1.15097,0.191386,-0.540407,0,0,0,0,48,50,0,0,0,0,0,traj_sz=100
17.7849,1.15097,0.191386,-0.540407,1.2133,0.16441,-0.270356,0.12563,49,50,0.0673233,0.123438,0.3491,1.77827,0,17.7849
17.8048,1.15339,0.190199,-0.532903,0,0,0,0,49,50,0,0,0,0,0,traj_sz=100
17.805,1.15339,0.190199,-0.532903,1.2133,0.16441,-0.270356,0.12563,49,50,0.064702,0.123272,0.3491,1.77721,0,17.805
17.8249,1.15451,0.189505,-0.52805,0,0,0,0,49,50,0,0,0,0,0,traj_sz=100
17.825,1.15451,0.189505,-0.52805,1.2133,0.16441,-0.270356,0.12563,49,50,0.0634229,0.124477,0.3491,1.77682,0,17.825
17.8448,1.15955,0.186654,-0.515898,0,0,0,0,49,50,0,0,0,0,0,traj_sz=100
17.8449,1.15955,0.186654,-0.515898,1.25772,0.152101,-0.153599,0.12563,49,51,0.102438,0.121215,0.3491,1.77487,0,17.8449
17.8648,1.16077,0.18595,-0.511713,0,0,0,0,49,51,0,0,0,0,0,traj_sz=100
17.8649,1.16077,0.18595,-0.511713,1.25772,0.152101,-0.153599,0.12563,49,51,0.101103,0.12232,0.3491,1.77441,0,17.8649
17.8848,1.16188,0.185274,-0.506726,0,0,0,0,49,51,0,0,0,0,0,traj_sz=100
17.885,1.16188,0.185274,-0.506726,1.25772,0.152101,-0.153599,0.12563,49,51,0.0998948,0.123557,0.3491,1.77402,0,17.885
17.9048,1.16438,0.184125,-0.502417,0,0,0,0,49,51,0,0,0,0,0,traj_sz=100
17.9049,1.16438,0.184125,-0.502417,1.25772,0.152101,-0.153599,0.12563,49,51,0.0972288,0.123303,0.3491,1.77289,0,17.9049
17.9248,1.16562,0.183382,-0.499391,0,0,0,0,49,51,0,0,0,0,0,traj_sz=100
17.925,1.16562,0.183382,-0.499391,1.25772,0.152101,-0.153599,0.12563,49,51,0.0958299,0.124384,0.3491,1.77244,0,17.925
17.9448,1.17057,0.180782,-0.485213,0,0,0,0,49,51,0,0,0,0,0,traj_sz=100
17.9448,1.17057,0.180782,-0.485213,1.25772,0.152101,-0.153599,0.12563,49,51,0.0904707,0.12131,0.3491,1.77044,0,17.9448
17.9648,1.17192,0.18001,-0.482425,0,0,0,0,49,51,0,0,0,0,0,traj_sz=100
17.965,1.17192,0.18001,-0.482425,1.25772,0.152101,-0.153599,0.12563,49,51,0.0889584,0.122291,0.3491,1.76994,0,17.965
17.9848,1.17329,0.179639,-0.480732,0,0,0,0,49,51,0,0,0,0,0,traj_sz=100
17.985,1.17329,0.179639,-0.480732,1.25772,0.152101,-0.153599,0.12563,49,51,0.0875913,0.123384,0.3491,1.76915,0,17.985
18.0048,1.17596,0.177995,-0.475109,0,0,0,0,49,51,0,0,0,0,0,traj_sz=100
18.0048,1.17596,0.177995,-0.475109,1.25772,0.152101,-0.153599,0.12563,49,51,0.0845518,0.122806,0.3491,1.76824,0,18.0048
18.0248,1.17727,0.17748,-0.471825,0,0,0,0,49,51,0,0,0,0,0,traj_sz=100
18.0249,1.17727,0.17748,-0.471825,1.25772,0.152101,-0.153599,0.12563,49,51,0.0831982,0.123934,0.3491,1.7676,0,18.0249
18.0451,1.18219,0.174967,-0.457431,0,0,0,0,49,51,0,0,0,0,0,traj_sz=100
18.0452,1.18219,0.174967,-0.457431,1.25772,0.152101,-0.153599,0.12563,49,51,0.0778611,0.120992,0.3491,1.76559,0,18.0452
18.0649,1.18352,0.174466,-0.455731,0,0,0,0,49,51,0,0,0,0,0,traj_sz=100
18.065,1.18352,0.174466,-0.455731,1.25772,0.152101,-0.153599,0.12563,49,51,0.0764661,0.122063,0.3491,1.76493,0,18.065
18.0849,1.18492,0.174126,-0.455677,0,0,0,0,49,51,0,0,0,0,0,traj_sz=100
18.085,1.18492,0.174126,-0.455677,1.25772,0.152101,-0.153599,0.12563,49,51,0.07506,0.123157,0.3491,1.76411,0,18.085
18.1048,1.18733,0.172596,-0.445763,0,0,0,0,49,51,0,0,0,0,0,traj_sz=100
18.1049,1.18733,0.172596,-0.445763,1.25772,0.152101,-0.153599,0.12563,49,51,0.0723471,0.122891,0.3491,1.76334,0,18.1049
18.125,1.18863,0.172104,-0.443823,0,0,0,0,49,51,0,0,0,0,0,traj_sz=100
18.1252,1.18863,0.172104,-0.443823,1.25772,0.152101,-0.153599,0.12563,49,51,0.0709838,0.124056,0.3491,1.7627,0,18.1252
18.1447,1.19386,0.169962,-0.43416,0,0,0,0,49,51,0,0,0,0,0,traj_sz=100
18.1449,1.19386,0.169962,-0.43416,1.25772,0.152101,-0.153599,0.12563,50,51,0.0654494,0.120904,0.3491,1.76025,0,18.1449
18.1647,1.19522,0.169188,-0.43172,0,0,0,0,50,51,0,0,0,0,0,traj_sz=100
18.1648,1.19522,0.169188,-0.43172,1.25772,0.152101,-0.153599,0.12563,50,51,0.0639123,0.121884,0.3491,1.75976,0,18.1648
18.1848,1.19656,0.168794,-0.428404,0,0,0,0,50,51,0,0,0,0,0,traj_sz=100
18.1849,1.19656,0.168794,-0.428404,1.25772,0.152101,-0.153599,0.12563,50,51,0.0625716,0.123024,0.3491,1.75904,0,18.1849
18.2049,1.19886,0.168025,-0.422415,0,0,0,0,50,51,0,0,0,0,0,traj_sz=100
18.2051,1.19886,0.168025,-0.422415,1.30326,0.145049,-0.0362771,0.12563,50,52,0.104639,0.123135,0.3491,1.75784,0,18.2051
18.2247,1.19995,0.167328,-0.416666,0,0,0,0,50,52,0,0,0,0,0,traj_sz=100
18.2249,1.19995,0.167328,-0.416666,1.30326,0.145049,-0.0362771,0.12563,50,52,0.103485,0.124381,0.3491,1.75751,0,18.2249
18.2448,1.20493,0.165137,-0.406162,0,0,0,0,50,52,0,0,0,0,0,traj_sz=100
18.2449,1.20493,0.165137,-0.406162,1.30326,0.145049,-0.0362771,0.12563,50,52,0.0982669,0.121497,0.3491,1.75531,0,18.2449
18.2648,1.20628,0.164526,-0.403727,0,0,0,0,50,52,0,0,0,0,0,traj_sz=100
18.2649,1.20628,0.164526,-0.403727,1.30326,0.145049,-0.0362771,0.12563,50,52,0.0968345,0.122549,0.3491,1.75473,0,18.2649
18.2849,1.20755,0.164024,-0.400796,0,0,0,0,50,52,0,0,0,0,0,traj_sz=100
18.285,1.20755,0.164024,-0.400796,1.30326,0.145049,-0.0362771,0.12563,50,52,0.0955238,0.123718,0.3491,1.75413,0,18.285
18.3048,1.21008,0.163036,-0.394605,0,0,0,0,50,52,0,0,0,0,0,traj_sz=100
18.305,1.21008,0.163036,-0.394605,1.30326,0.145049,-0.0362771,0.12563,50,52,0.0929376,0.123537,0.3491,1.75294,0,18.305
18.3248,1.21151,0.162942,-0.393495,0,0,0,0,50,52,0,0,0,0,0,traj_sz=100
18.3249,1.21151,0.162942,-0.393495,1.30326,0.145049,-0.0362771,0.12563,50,52,0.0915963,0.124638,0.3491,1.75194,0,18.3249
18.3447,1.21649,0.161184,-0.378632,0,0,0,0,50,52,0,0,0,0,0,traj_sz=100
18.3448,1.21649,0.161184,-0.378632,1.30326,0.145049,-0.0362771,0.12563,50,52,0.0865902,0.121871,0.3491,1.74948,0,18.3448
18.3649,1.21787,0.160336,-0.374209,0,0,0,0,50,52,0,0,0,0,0,traj_sz=100
18.3651,1.21787,0.160336,-0.374209,1.30326,0.145049,-0.0362771,0.12563,50,52,0.0850652,0.122873,0.3491,1.74904,0,18.3651
18.3849,1.21923,0.159941,-0.370949,0,0,0,0,50,52,0,0,0,0,0,traj_sz=100
18.3851,1.21923,0.159941,-0.370949,1.30326,0.145049,-0.0362771,0.12563,50,52,0.083712,0.12399,0.3491,1.74832,0,18.3851
18.4049,1.22191,0.158833,-0.364011,0,0,0,0,50,52,0,0,0,0,0,traj_sz=100
18.405,1.22191,0.158833,-0.364011,1.30326,0.145049,-0.0362771,0.12563,50,52,0.0809257,0.123643,0.3491,1.74711,0,18.405
18.4249,1.22328,0.158694,-0.361454,0,0,0,0,50,52,0,0,0,0,0,traj_sz=100
18.425,1.22328,0.158694,-0.361454,1.30326,0.145049,-0.0362771,0.12563,50,52,0.0796394,0.124809,0.3491,1.7462,0,18.425
18.4451,1.22856,0.156801,-0.349445,0,0,0,0,50,52,0,0,0,0,0,traj_sz=100
18.4452,1.22856,0.156801,-0.349445,1.30326,0.145049,-0.0362771,0.12563,50,52,0.0742067,0.121781,0.3491,1.74364,0,18.4452
18.465,1.22986,0.155989,-0.341867,0,0,0,0,50,52,0,0,0,0,0,traj_sz=100
18.4652,1.22986,0.155989,-0.341867,1.30326,0.145049,-0.0362771,0.12563,50,52,0.0728177,0.122857,0.3491,1.74325,0,18.4652
18.4849,1.23118,0.156042,-0.343534,0,0,0,0,50,52,0,0,0,0,0,traj_sz=100
18.485,1.23118,0.156042,-0.343534,1.30326,0.145049,-0.0362771,0.12563,50,52,0.0715739,0.124106,0.3491,1.74225,0,18.485
18.5048,1.23399,0.154932,-0.335959,0,0,0,0,50,52,0,0,0,0,0,traj_sz=100
18.5049,1.23399,0.154932,-0.335959,1.30326,0.145049,-0.0362771,0.12563,50,52,0.0686548,0.123635,0.3491,1.74097,0,18.5049
18.5248,1.2352,0.154261,-0.32934,0,0,0,0,50,52,0,0,0,0,0,traj_sz=100
18.525,1.2352,0.154261,-0.32934,1.30326,0.145049,-0.0362771,0.12563,51,52,0.0673782,0.124847,0.3491,1.74055,0,18.525
18.545,1.2405,0.152727,-0.317462,0,0,0,0,51,52,0,0,0,0,0,traj_sz=100
18.5452,1.2405,0.152727,-0.317462,1.30326,0.145049,-0.0362771,0.12563,51,52,0.0620205,0.121904,0.3491,1.73776,0,18.5452
18.5649,1.24187,0.152531,-0.316702,0,0,0,0,51,52,0,0,0,0,0,traj_sz=100
18.5651,1.24187,0.152531,-0.316702,1.34932,0.143378,0.0807032,0.12563,51,53,0.104957,0.123048,0.3491,1.7369,0,18.5651
18.5849,1.24305,0.151742,-0.30929,0,0,0,0,51,53,0,0,0,0,0,traj_sz=100
18.585,1.24305,0.151742,-0.30929,1.34932,0.143378,0.0807032,0.12563,51,53,0.103775,0.124266,0.3491,1.73659,0,18.585
18.6049,1.24582,0.151043,-0.304578,0,0,0,0,51,53,0,0,0,0,0,traj_sz=100
18.605,1.24582,0.151043,-0.304578,1.34932,0.143378,0.0807032,0.12563,51,53,0.101038,0.123942,0.3491,1.73507,0,18.605
18.6249,1.24726,0.150531,-0.301533,0,0,0,0,51,53,0,0,0,0,0,traj_sz=100
18.625,1.24726,0.150531,-0.301533,1.34932,0.143378,0.0807032,0.12563,51,53,0.0995762,0.124961,0.3491,1.73438,0,18.625
18.6448,1.25252,0.14899,-0.28682,0,0,0,0,51,53,0,0,0,0,0,traj_sz=100
18.6449,1.25252,0.14899,-0.28682,1.34932,0.143378,0.0807032,0.12563,51,53,0.0944367,0.122032,0.3491,1.73166,0,18.6449
18.6649,1.25392,0.148739,-0.285914,0,0,0,0,51,53,0,0,0,0,0,traj_sz=100
18.665,1.25392,0.148739,-0.285914,1.34932,0.143378,0.0807032,0.12563,51,53,0.0930399,0.123146,0.3491,1.73082,0,18.665
18.685,1.25532,0.148229,-0.281827,0,0,0,0,51,53,0,0,0,0,0,traj_sz=100
18.6852,1.25532,0.148229,-0.281827,1.34932,0.143378,0.0807032,0.12563,51,53,0.0916426,0.124239,0.3491,1.73017,0,18.6852
18.705,1.25809,0.147604,-0.275575,0,0,0,0,51,53,0,0,0,0,0,traj_sz=100
18.7051,1.25809,0.147604,-0.275575,1.34932,0.143378,0.0807032,0.12563,51,53,0.0889364,0.12392,0.3491,1.72861,0,18.7051
18.7249,1.25934,0.147488,-0.273209,0,0,0,0,51,53,0,0,0,0,0,traj_sz=100
18.7251,1.25934,0.147488,-0.273209,1.34932,0.143378,0.0807032,0.12563,51,53,0.0877553,0.125204,0.3491,1.7278,0,18.7251
18.7447,1.26475,0.146121,-0.261997,0,0,0,0,51,53,0,0,0,0,0,traj_sz=100
18.7448,1.26475,0.146121,-0.261997,1.34932,0.143378,0.0807032,0.12563,51,53,0.0823963,0.122154,0.3491,1.72487,0,18.7448
18.7648,1.26618,0.146056,-0.261261,0,0,0,0,51,53,0,0,0,0,0,traj_sz=100
18.7648,1.26618,0.146056,-0.261261,1.34932,0.143378,0.0807032,0.12563,51,53,0.0810139,0.123279,0.3491,1.72389,0,18.7648
18.7848,1.26751,0.1454,-0.256056,0,0,0,0,51,53,0,0,0,0,0,traj_sz=100
18.785,1.26751,0.1454,-0.256056,1.34932,0.143378,0.0807032,0.12563,51,53,0.0796594,0.124437,0.3491,1.7234,0,18.785
18.8049,1.27015,0.144678,-0.248087,0,0,0,0,51,53,0,0,0,0,0,traj_sz=100
18.805,1.27015,0.144678,-0.248087,1.34932,0.143378,0.0807032,0.12563,51,53,0.0770684,0.124271,0.3491,1.72202,0,18.805
18.8249,1.27137,0.144617,-0.244079,0,0,0,0,51,53,0,0,0,0,0,traj_sz=100
18.825,1.27137,0.144617,-0.244079,1.34932,0.143378,0.0807032,0.12563,51,53,0.0759377,0.125591,0.3491,1.72118,0,18.825
18.8449,1.27668,0.143255,-0.233543,0,0,0,0,51,53,0,0,0,0,0,traj_sz=100
18.8451,1.27668,0.143255,-0.233543,1.34932,0.143378,0.0807032,0.12563,51,53,0.0706392,0.122716,0.3491,1.71835,0,18.8451
18.8649,1.27805,0.143205,-0.232988,0,0,0,0,51,53,0,0,0,0,0,traj_sz=100
18.865,1.27805,0.143205,-0.232988,1.34932,0.143378,0.0807032,0.12563,51,53,0.069309,0.123895,0.3491,1.71742,0,18.865
18.885,1.2793,0.142718,-0.228132,0,0,0,0,51,53,0,0,0,0,0,traj_sz=100
18.8852,1.2793,0.142718,-0.228132,1.34932,0.143378,0.0807032,0.12563,51,53,0.0680582,0.125164,0.3491,1.71687,0,18.8852
18.9048,1.2822,0.142084,-0.221911,0,0,0,0,51,53,0,0,0,0,0,traj_sz=100
18.905,1.2822,0.142084,-0.221911,1.34932,0.143378,0.0807032,0.12563,52,53,0.0651874,0.124735,0.3491,1.71525,0,18.905
18.925,1.28353,0.142041,-0.22022,0,0,0,0,52,53,0,0,0,0,0,traj_sz=100
18.9251,1.28353,0.142041,-0.22022,1.34932,0.143378,0.0807032,0.12563,52,53,0.0639042,0.125963,0.3491,1.71434,0,18.9251
18.9448,1.28897,0.140901,-0.20502,0,0,0,0,52,53,0,0,0,0,0,traj_sz=100
18.945,1.28897,0.140901,-0.20502,1.39526,0.147093,0.195903,0.12563,52,54,0.102803,0.122988,0.3491,1.71129,0,18.945
18.9649,1.2902,0.14044,-0.200317,0,0,0,0,52,54,0,0,0,0,0,traj_sz=100
18.9651,1.2902,0.14044,-0.200317,1.39526,0.147093,0.195903,0.12563,52,54,0.101634,0.124283,0.3491,1.71074,0,18.9651
18.9849,1.29159,0.14038,-0.199642,0,0,0,0,52,54,0,0,0,0,0,traj_sz=100
18.985,1.29159,0.14038,-0.199642,1.39526,0.147093,0.195903,0.12563,52,54,0.100279,0.125428,0.3491,1.70981,0,18.985
19.005,1.29463,0.139811,-0.195085,0,0,0,0,52,54,0,0,0,0,0,traj_sz=100
19.0052,1.29463,0.139811,-0.195085,1.39526,0.147093,0.195903,0.12563,52,54,0.0973093,0.124923,0.3491,1.70806,0,19.0052
19.0248,1.29609,0.139682,-0.192376,0,0,0,0,52,54,0,0,0,0,0,traj_sz=100
19.0249,1.29609,0.139682,-0.192376,1.39526,0.147093,0.195903,0.12563,52,54,0.0959234,0.125968,0.3491,1.70712,0,19.0249
19.045,1.30159,0.138662,-0.17679,0,0,0,0,52,54,0,0,0,0,0,traj_sz=100
19.0451,1.30159,0.138662,-0.17679,1.39526,0.147093,0.195903,0.12563,52,54,0.0907314,0.122993,0.3491,1.70398,0,19.0451
19.0649,1.30305,0.13851,-0.174144,0,0,0,0,52,54,0,0,0,0,0,traj_sz=100
19.065,1.30305,0.13851,-0.174144,1.39526,0.147093,0.195903,0.12563,52,54,0.0893317,0.124053,0.3491,1.70306,0,19.065
19.0849,1.3046,0.13845,-0.17363,0,0,0,0,52,54,0,0,0,0,0,traj_sz=100
19.0851,1.3046,0.13845,-0.17363,1.39526,0.147093,0.195903,0.12563,52,54,0.087806,0.125056,0.3491,1.70201,0,19.0851
19.1048,1.30738,0.137793,-0.161766,0,0,0,0,52,54,0,0,0,0,0,traj_sz=100
19.105,1.30738,0.137793,-0.161766,1.39526,0.147093,0.195903,0.12563,52,54,0.0852337,0.124799,0.3491,1.70053,0,19.105
19.1248,1.30868,0.137615,-0.158393,0,0,0,0,52,54,0,0,0,0,0,traj_sz=100
19.1249,1.30868,0.137615,-0.158393,1.39526,0.147093,0.195903,0.12563,52,54,0.0840046,0.126048,0.3491,1.69974,0,19.1249
19.1448,1.31442,0.136652,-0.145481,0,0,0,0,52,54,0,0,0,0,0,traj_sz=100
19.1449,1.31442,0.136652,-0.145481,1.39526,0.147093,0.195903,0.12563,52,54,0.0784697,0.122847,0.3491,1.69641,0,19.1449
19.1649,1.31579,0.136644,-0.14213,0,0,0,0,52,54,0,0,0,0,0,traj_sz=100
19.165,1.31579,0.136644,-0.14213,1.39526,0.147093,0.195903,0.12563,52,54,0.0771901,0.124056,0.3491,1.69546,0,19.165
19.1848,1.31718,0.136638,-0.140726,0,0,0,0,52,54,0,0,0,0,0,traj_sz=100
19.1849,1.31718,0.136638,-0.140726,1.39526,0.147093,0.195903,0.12563,52,54,0.0758425,0.125219,0.3491,1.69449,0,19.1849
19.2049,1.31994,0.136057,-0.133714,0,0,0,0,52,54,0,0,0,0,0,traj_sz=100
19.2051,1.31994,0.136057,-0.133714,1.39526,0.147093,0.195903,0.12563,52,54,0.0731772,0.125041,0.3491,1.69299,0,19.2051
19.2249,1.32144,0.136028,-0.131061,0,0,0,0,52,54,0,0,0,0,0,traj_sz=100
19.2251,1.32144,0.136028,-0.131061,1.39526,0.147093,0.195903,0.12563,52,54,0.071739,0.126112,0.3491,1.69196,0,19.2251
19.2449,1.32737,0.135452,-0.120779,0,0,0,0,52,54,0,0,0,0,0,traj_sz=100
19.2451,1.32737,0.135452,-0.120779,1.39526,0.147093,0.195903,0.12563,53,54,0.0659965,0.122755,0.3491,1.68825,0,19.2451
19.2649,1.32899,0.13538,-0.119981,0,0,0,0,53,54,0,0,0,0,0,traj_sz=100
19.2651,1.32899,0.13538,-0.119981,1.39526,0.147093,0.195903,0.12563,53,54,0.0643891,0.123703,0.3491,1.68718,0,19.2651
19.2848,1.33035,0.135378,-0.116122,0,0,0,0,53,54,0,0,0,0,0,traj_sz=100
19.2849,1.33035,0.135378,-0.116122,1.39526,0.147093,0.195903,0.12563,53,54,0.0631118,0.124881,0.3491,1.68623,0,19.2849
19.3049,1.33304,0.134842,-0.10511,0,0,0,0,53,54,0,0,0,0,0,traj_sz=100
19.305,1.33304,0.134842,-0.10511,1.39526,0.147093,0.195903,0.12563,53,54,0.0605931,0.124788,0.3491,1.68476,0,19.305
19.3249,1.33455,0.13478,-0.104425,0,0,0,0,53,54,0,0,0,0,0,traj_sz=100
19.3251,1.33455,0.13478,-0.104425,1.44047,0.156065,0.307557,0.12469,53,55,0.103125,0.125858,0.3491,1.68376,0,19.3251
19.3447,1.34061,0.134419,-0.0938275,0,0,0,0,53,55,0,0,0,0,0,traj_sz=100
19.3448,1.34061,0.134419,-0.0938275,1.44047,0.156065,0.307557,0.12469,53,55,0.0973969,0.122352,0.3491,1.67983,0,19.3448
19.3648,1.34207,0.134341,-0.0911609,0,0,0,0,53,55,0,0,0,0,0,traj_sz=100
19.365,1.34207,0.134341,-0.0911609,1.44047,0.156065,0.307557,0.12469,53,55,0.0960119,0.123479,0.3491,1.67888,0,19.365
19.3849,1.34336,0.13416,-0.0859681,0,0,0,0,53,55,0,0,0,0,0,traj_sz=100
19.385,1.34336,0.13416,-0.0859681,1.44047,0.156065,0.307557,0.12469,53,55,0.0948692,0.124768,0.3491,1.67812,0,19.385
19.4049,1.34605,0.133789,-0.0772718,0,0,0,0,53,55,0,0,0,0,0,traj_sz=100
19.405,1.34605,0.133789,-0.0772718,1.44047,0.156065,0.307557,0.12469,53,55,0.0924231,0.124677,0.3491,1.67654,0,19.405
19.4248,1.34746,0.133682,-0.0749985,0,0,0,0,53,55,0,0,0,0,0,traj_sz=100
19.4251,1.34746,0.133682,-0.0749985,1.44047,0.156065,0.307557,0.12469,53,55,0.0910732,0.125838,0.3491,1.67564,0,19.4251
19.4448,1.3532,0.133613,-0.0639733,0,0,0,0,53,55,0,0,0,0,0,traj_sz=100
19.4449,1.3532,0.133613,-0.0639733,1.44047,0.156065,0.307557,0.12469,53,55,0.0856584,0.122667,0.3491,1.67175,0,19.4449
19.4648,1.35454,0.133675,-0.0628132,0,0,0,0,53,55,0,0,0,0,0,traj_sz=100
19.4649,1.35454,0.133675,-0.0628132,1.44047,0.156065,0.307557,0.12469,53,55,0.0843565,0.1239,0.3491,1.67079,0,19.4649
19.4849,1.3559,0.133251,-0.0542858,0,0,0,0,53,55,0,0,0,0,0,traj_sz=100
19.4851,1.3559,0.133251,-0.0542858,1.44047,0.156065,0.307557,0.12469,53,55,0.0832051,0.12518,0.3491,1.67016,0,19.4851
19.5049,1.35865,0.133293,-0.0494317,0,0,0,0,53,55,0,0,0,0,0,traj_sz=100
19.505,1.35865,0.133293,-0.0494317,1.44047,0.156065,0.307557,0.12469,53,55,0.0805907,0.125005,0.3491,1.66825,0,19.505
19.5249,1.36018,0.133224,-0.0486611,0,0,0,0,53,55,0,0,0,0,0,traj_sz=100
19.525,1.36018,0.133224,-0.0486611,1.44047,0.156065,0.307557,0.12469,53,55,0.0790796,0.126072,0.3491,1.66725,0,19.525
19.5449,1.36563,0.133268,-0.0341825,0,0,0,0,53,55,0,0,0,0,0,traj_sz=100
19.545,1.36563,0.133268,-0.0341825,1.44047,0.156065,0.307557,0.12469,53,55,0.074018,0.123236,0.3491,1.6635,0,19.545
19.565,1.36704,0.133206,-0.033507,0,0,0,0,53,55,0,0,0,0,0,traj_sz=100
19.5651,1.36704,0.133206,-0.033507,1.44047,0.156065,0.307557,0.12469,53,55,0.0726194,0.124437,0.3491,1.66258,0,19.5651
19.5848,1.36851,0.133305,-0.0293465,0,0,0,0,53,55,0,0,0,0,0,traj_sz=100
19.585,1.36851,0.133305,-0.0293465,1.44047,0.156065,0.307557,0.12469,53,55,0.0712623,0.125532,0.3491,1.66151,0,19.585
19.6049,1.37105,0.133307,-0.0238457,0,0,0,0,53,55,0,0,0,0,0,traj_sz=100
19.6049,1.37105,0.133307,-0.0238457,1.44047,0.156065,0.307557,0.12469,53,55,0.0688591,0.125594,0.3491,1.65978,0,19.6049
19.6248,1.37242,0.133199,-0.0193573,0,0,0,0,53,55,0,0,0,0,0,traj_sz=100
19.6249,1.37242,0.133199,-0.0193573,1.44047,0.156065,0.307557,0.12469,53,55,0.0675971,0.126835,0.3491,1.65893,0,19.6249
19.6447,1.3779,0.133291,-0.00744853,0,0,0,0,53,55,0,0,0,0,0,traj_sz=100
19.6449,1.3779,0.133291,-0.00744853,1.44047,0.156065,0.307557,0.12469,54,55,0.0623937,0.123963,0.3491,1.65514,0,19.6449
19.6647,1.37914,0.13323,-0.0034103,0,0,0,0,54,55,0,0,0,0,0,traj_sz=100
19.6649,1.37914,0.13323,-0.0034103,1.44047,0.156065,0.307557,0.12469,54,55,0.0612561,0.125339,0.3491,1.65435,0,19.6649
19.6848,1.38047,0.133318,-0.000847965,0,0,0,0,54,55,0,0,0,0,0,traj_sz=100
19.6851,1.38047,0.133318,-0.000847965,1.44047,0.156065,0.307557,0.12469,54,55,0.0599833,0.126618,0.3491,1.65338,0,19.6851
19.7049,1.38331,0.133262,0.00551097,0,0,0,0,54,55,0,0,0,0,0,traj_sz=100
19.705,1.38331,0.133262,0.00551097,1.48407,0.169913,0.412957,0.120722,54,56,0.100959,0.126404,0.3491,1.6515,0,19.705
19.7249,1.38472,0.13338,0.0086709,0,0,0,0,54,56,0,0,0,0,0,traj_sz=100
19.7251,1.38472,0.13338,0.0086709,1.48407,0.169913,0.412957,0.120722,54,56,0.0996612,0.127569,0.3491,1.65046,0,19.7251
19.7449,1.3901,0.13349,0.0226293,0,0,0,0,54,56,0,0,0,0,0,traj_sz=100
19.745,1.3901,0.13349,0.0226293,1.48407,0.169913,0.412957,0.120722,54,56,0.0947652,0.124836,0.3491,1.64674,0,19.745
19.7649,1.39154,0.133464,0.0270605,0,0,0,0,54,56,0,0,0,0,0,traj_sz=100
19.765,1.39154,0.133464,0.0270605,1.48407,0.169913,0.412957,0.120722,54,56,0.093479,0.126009,0.3491,1.64579,0,19.765
19.7849,1.39286,0.13359,0.0286492,0,0,0,0,54,56,0,0,0,0,0,traj_sz=100
19.785,1.39286,0.13359,0.0286492,1.48407,0.169913,0.412957,0.120722,54,56,0.0922138,0.127273,0.3491,1.64481,0,19.785
19.805,1.39561,0.133995,0.0354477,0,0,0,0,54,56,0,0,0,0,0,traj_sz=100
19.8052,1.39561,0.133995,0.0354477,1.48407,0.169913,0.412957,0.120722,54,56,0.0896749,0.127087,0.3491,1.64266,0,19.8052
19.8248,1.39692,0.134011,0.0380965,0,0,0,0,54,56,0,0,0,0,0,traj_sz=100
19.825,1.39692,0.134011,0.0380965,1.48407,0.169913,0.412957,0.120722,54,56,0.0884513,0.128332,0.3491,1.64177,0,19.825
19.8447,1.40277,0.13391,0.0574499,0,0,0,0,54,56,0,0,0,0,0,traj_sz=100
19.8449,1.40277,0.13391,0.0574499,1.48407,0.169913,0.412957,0.120722,54,56,0.0832362,0.125159,0.3491,1.63792,0,19.8449
19.865,1.40383,0.134657,0.0564425,0,0,0,0,54,56,0,0,0,0,0,traj_sz=100
19.8651,1.40383,0.134657,0.0564425,1.48407,0.169913,0.412957,0.120722,54,56,0.0821032,0.126537,0.3491,1.63666,0,19.8651
19.8848,1.40539,0.134415,0.0630303,0,0,0,0,54,56,0,0,0,0,0,traj_sz=100
19.8849,1.40539,0.134415,0.0630303,1.48407,0.169913,0.412957,0.120722,54,56,0.0807568,0.127586,0.3491,1.63579,0,19.8849
19.9049,1.40812,0.134663,0.0671745,0,0,0,0,54,56,0,0,0,0,0,traj_sz=100
19.9051,1.40812,0.134663,0.0671745,1.48407,0.169913,0.412957,0.120722,54,56,0.0781414,0.127434,0.3491,1.63378,0,19.9051
19.9248,1.40955,0.134974,0.069628,0,0,0,0,54,56,0,0,0,0,0,traj_sz=100
19.925,1.40955,0.134974,0.069628,1.48407,0.169913,0.412957,0.120722,54,56,0.07677,0.128512,0.3491,1.6326,0,19.925
19.9448,1.41478,0.135547,0.0812462,0,0,0,0,54,56,0,0,0,0,0,traj_sz=100
19.9449,1.41478,0.135547,0.0812462,1.48407,0.169913,0.412957,0.120722,54,56,0.0718537,0.125838,0.3491,1.62868,0,19.9449
19.9649,1.41618,0.135484,0.0835009,0,0,0,0,54,56,0,0,0,0,0,traj_sz=100
19.9651,1.41618,0.135484,0.0835009,1.48407,0.169913,0.412957,0.120722,54,56,0.0705291,0.127067,0.3491,1.6278,0,19.9651
19.9848,1.4176,0.135606,0.0884005,0,0,0,0,54,56,0,0,0,0,0,traj_sz=100
19.9851,1.4176,0.135606,0.0884005,1.48407,0.169913,0.412957,0.120722,54,56,0.0692364,0.128202,0.3491,1.62676,0,19.9851
20.0048,1.42055,0.136041,0.0941602,0,0,0,0,54,56,0,0,0,0,0,traj_sz=100
20.005,1.42055,0.136041,0.0941602,1.48407,0.169913,0.412957,0.120722,54,56,0.0664279,0.12779,0.3491,1.62448,0,20.005
20.0249,1.42182,0.136217,0.098194,0,0,0,0,54,56,0,0,0,0,0,traj_sz=100
20.025,1.42182,0.136217,0.098194,1.48407,0.169913,0.412957,0.120722,55,56,0.0652512,0.129062,0.3491,1.62349,0,20.025
20.0449,1.42742,0.136847,0.110051,0,0,0,0,55,56,0,0,0,0,0,traj_sz=100
20.045,1.42742,0.136847,0.110051,1.48407,0.169913,0.412957,0.120722,55,56,0.0599422,0.126049,0.3491,1.61931,0,20.045
20.0649,1.42878,0.136726,0.116334,0,0,0,0,55,56,0,0,0,0,0,traj_sz=100
20.0651,1.42878,0.136726,0.116334,1.48407,0.169913,0.412957,0.120722,55,56,0.0587703,0.127339,0.3491,1.6185,0,20.0651
20.0849,1.4301,0.137237,0.117757,0,0,0,0,55,56,0,0,0,0,0,traj_sz=100
20.0851,1.4301,0.137237,0.117757,1.48407,0.169913,0.412957,0.120722,55,56,0.05744,0.128485,0.3491,1.61725,0,20.0851
20.1049,1.43289,0.137367,0.123574,0,0,0,0,55,56,0,0,0,0,0,traj_sz=100
20.105,1.43289,0.137367,0.123574,1.52463,0.187687,0.507946,0.113196,55,57,0.0972424,0.128299,0.3491,1.6153,0,20.105
20.1248,1.43435,0.138076,0.124782,0,0,0,0,55,57,0,0,0,0,0,traj_sz=100
20.1249,1.43435,0.138076,0.124782,1.52463,0.187687,0.507946,0.113196,55,57,0.0957535,0.129244,0.3491,1.61381,0,20.1249
20.145,1.43996,0.138665,0.139631,0,0,0,0,55,57,0,0,0,0,0,traj_sz=100
20.1451,1.43996,0.138665,0.139631,1.52463,0.187687,0.507946,0.113196,55,57,0.0906666,0.126272,0.3491,1.60966,0,20.1451
20.1648,1.44139,0.138584,0.144848,0,0,0,0,55,57,0,0,0,0,0,traj_sz=100
20.1649,1.44139,0.138584,0.144848,1.52463,0.187687,0.507946,0.113196,55,57,0.0894607,0.127464,0.3491,1.60879,0,20.1649
20.1848,1.4427,0.139238,0.146266,0,0,0,0,55,57,0,0,0,0,0,traj_sz=100
20.1849,1.4427,0.139238,0.146266,1.52463,0.187687,0.507946,0.113196,55,57,0.0881189,0.128498,0.3491,1.60743,0,20.1849
20.2048,1.44557,0.139925,0.149831,0,0,0,0,55,57,0,0,0,0,0,traj_sz=100
20.2049,1.44557,0.139925,0.149831,1.52463,0.187687,0.507946,0.113196,55,57,0.0852997,0.127932,0.3491,1.60502,0,20.2049
20.225,1.44709,0.13986,0.152996,0,0,0,0,55,57,0,0,0,0,0,traj_sz=100
20.2252,1.44709,0.13986,0.152996,1.52463,0.187687,0.507946,0.113196,55,57,0.0839272,0.128916,0.3491,1.60408,0,20.2252
20.2449,1.45258,0.140951,0.169409,0,0,0,0,55,57,0,0,0,0,0,traj_sz=100
20.245,1.45258,0.140951,0.169409,1.52463,0.187687,0.507946,0.113196,55,57,0.0788949,0.125715,0.3491,1.59965,0,20.245
20.2647,1.45413,0.141048,0.173666,0,0,0,0,55,57,0,0,0,0,0,traj_sz=100
20.2649,1.45413,0.141048,0.173666,1.52463,0.187687,0.507946,0.113196,55,57,0.0775016,0.126594,0.3491,1.59857,0,20.2649
20.285,1.45556,0.14166,0.173698,0,0,0,0,55,57,0,0,0,0,0,traj_sz=100
20.2851,1.45556,0.14166,0.173698,1.52463,0.187687,0.507946,0.113196,55,57,0.0759814,0.127445,0.3491,1.59716,0,20.2851
20.3048,1.4584,0.141783,0.18379,0,0,0,0,55,57,0,0,0,0,0,traj_sz=100
20.3049,1.4584,0.141783,0.18379,1.52463,0.187687,0.507946,0.113196,55,57,0.0735021,0.127085,0.3491,1.59522,0,20.3049
20.325,1.45962,0.142499,0.183756,0,0,0,0,55,57,0,0,0,0,0,traj_sz=100
20.3252,1.45962,0.142499,0.183756,1.52463,0.187687,0.507946,0.113196,55,57,0.0721706,0.128109,0.3491,1.59388,0,20.3252
20.3448,1.46513,0.1431,0.199514,0,0,0,0,55,57,0,0,0,0,0,traj_sz=100
20.345,1.46513,0.1431,0.199514,1.52463,0.187687,0.507946,0.113196,55,57,0.0671554,0.125093,0.3491,1.58983,0,20.345
20.3648,1.46636,0.143929,0.20042,0,0,0,0,55,57,0,0,0,0,0,traj_sz=100
20.3649,1.46636,0.143929,0.20042,1.52463,0.187687,0.507946,0.113196,55,57,0.0658175,0.12603,0.3491,1.5884,0,20.3649
20.3849,1.46762,0.14401,0.205916,0,0,0,0,55,57,0,0,0,0,0,traj_sz=100
20.385,1.46762,0.14401,0.205916,1.52463,0.187687,0.507946,0.113196,55,57,0.0647329,0.127216,0.3491,1.58752,0,20.385
20.4048,1.47025,0.144587,0.211855,0,0,0,0,55,57,0,0,0,0,0,traj_sz=100
20.4049,1.47025,0.144587,0.211855,1.52463,0.187687,0.507946,0.113196,56,57,0.0622228,0.126925,0.3491,1.58537,0,20.4049
20.4249,1.47167,0.145128,0.213167,0,0,0,0,56,57,0,0,0,0,0,traj_sz=100
20.425,1.47167,0.145128,0.213167,1.52463,0.187687,0.507946,0.113196,56,57,0.0607608,0.127805,0.3491,1.58404,0,20.425
20.4449,1.47715,0.146379,0.226231,0,0,0,0,56,57,0,0,0,0,0,traj_sz=100
20.4451,1.47715,0.146379,0.226231,1.52463,0.187687,0.507946,0.113196,56,57,0.0555317,0.124648,0.3491,1.57953,0,20.4451
20.4648,1.47864,0.14667,0.230887,0,0,0,0,56,57,0,0,0,0,0,traj_sz=100
20.4649,1.47864,0.14667,0.230887,1.52463,0.187687,0.507946,0.113196,56,57,0.0541548,0.12553,0.3491,1.57835,0,20.4649
20.4848,1.48005,0.147304,0.23175,0,0,0,0,56,57,0,0,0,0,0,traj_sz=100
20.4849,1.48005,0.147304,0.23175,1.56092,0.207886,0.588907,0.102933,56,58,0.0926194,0.126366,0.3491,1.57695,0,20.4849
20.5047,1.4827,0.147905,0.238679,0,0,0,0,56,58,0,0,0,0,0,traj_sz=100
20.5048,1.4827,0.147905,0.238679,1.56092,0.207886,0.588907,0.102933,56,58,0.0901793,0.126058,0.3491,1.57478,0,20.5048
20.5249,1.48409,0.148383,0.240928,0,0,0,0,56,58,0,0,0,0,0,traj_sz=100
20.525,1.48409,0.148383,0.240928,1.56092,0.207886,0.588907,0.102933,56,58,0.0888054,0.126998,0.3491,1.57352,0,20.525
20.5448,1.48957,0.149946,0.253033,0,0,0,0,56,58,0,0,0,0,0,traj_sz=100
20.5449,1.48957,0.149946,0.253033,1.56092,0.207886,0.588907,0.102933,56,58,0.0835863,0.123723,0.3491,1.56879,0,20.5449
20.5649,1.49087,0.149848,0.258772,0,0,0,0,56,58,0,0,0,0,0,traj_sz=100
20.565,1.49087,0.149848,0.258772,1.56092,0.207886,0.588907,0.102933,56,58,0.0825685,0.124688,0.3491,1.56803,0,20.565
20.5848,1.49225,0.150583,0.25979,0,0,0,0,56,58,0,0,0,0,0,traj_sz=100
20.5849,1.49225,0.150583,0.25979,1.56092,0.207886,0.588907,0.102933,56,58,0.0810844,0.125233,0.3491,1.56658,0,20.5849
20.6048,1.4951,0.15126,0.266653,0,0,0,0,56,58,0,0,0,0,0,traj_sz=100
20.605,1.4951,0.15126,0.266653,1.56092,0.207886,0.588907,0.102933,56,58,0.0784119,0.124475,0.3491,1.56422,0,20.605
20.6248,1.49656,0.151563,0.270851,0,0,0,0,56,58,0,0,0,0,0,traj_sz=100
20.6249,1.49656,0.151563,0.270851,1.56092,0.207886,0.588907,0.102933,56,58,0.0770796,0.125135,0.3491,1.56305,0,20.6249
20.6448,1.50201,0.153148,0.28421,0,0,0,0,56,58,0,0,0,0,0,traj_sz=100
20.6449,1.50201,0.153148,0.28421,1.56092,0.207886,0.588907,0.102933,56,58,0.0718967,0.121644,0.3491,1.55835,0,20.6449
20.6648,1.5033,0.153974,0.28437,0,0,0,0,56,58,0,0,0,0,0,traj_sz=100
20.6649,1.5033,0.153974,0.28437,1.56092,0.207886,0.588907,0.102933,56,58,0.0704274,0.122239,0.3491,1.55688,0,20.6649
20.6848,1.5049,0.154199,0.28891,0,0,0,0,56,58,0,0,0,0,0,traj_sz=100
20.6849,1.5049,0.154199,0.28891,1.56092,0.207886,0.588907,0.102933,56,58,0.0689923,0.122821,0.3491,1.55569,0,20.6849
20.7048,1.5077,0.155131,0.294503,0,0,0,0,56,58,0,0,0,0,0,traj_sz=100
20.705,1.5077,0.155131,0.294503,1.56092,0.207886,0.588907,0.102933,56,58,0.0662413,0.122021,0.3491,1.55318,0,20.705
20.7248,1.50903,0.1558,0.296849,0,0,0,0,56,58,0,0,0,0,0,traj_sz=100
20.7249,1.50903,0.1558,0.296849,1.56092,0.207886,0.588907,0.102933,56,58,0.0648538,0.122645,0.3491,1.55182,0,20.7249
20.7448,1.51478,0.157626,0.309437,0,0,0,0,56,58,0,0,0,0,0,traj_sz=100
20.7449,1.51478,0.157626,0.309437,1.56092,0.207886,0.588907,0.102933,57,58,0.0592556,0.118802,0.3491,1.54674,0,20.7449
20.7649,1.51605,0.158179,0.311767,0,0,0,0,57,58,0,0,0,0,0,traj_sz=100
20.7652,1.51605,0.158179,0.311767,1.56092,0.207886,0.588907,0.102933,57,58,0.0579499,0.119558,0.3491,1.54551,0,20.7652
20.7849,1.51743,0.158339,0.317477,0,0,0,0,57,58,0,0,0,0,0,traj_sz=100
20.7851,1.51743,0.158339,0.317477,1.56092,0.207886,0.588907,0.102933,57,58,0.056785,0.120384,0.3491,1.54451,0,20.7851
20.8048,1.52028,0.159327,0.323412,0,0,0,0,57,58,0,0,0,0,0,traj_sz=100
20.8049,1.52028,0.159327,0.323412,1.56092,0.207886,0.588907,0.102933,57,58,0.0539692,0.119508,0.3491,1.54193,0,20.8049
20.8249,1.52157,0.1597,0.326672,0,0,0,0,57,58,0,0,0,0,0,traj_sz=100
20.8249,1.52157,0.1597,0.326672,1.56092,0.207886,0.588907,0.102933,57,58,0.052736,0.120318,0.3491,1.54083,0,20.8249
20.845,1.52641,0.161702,0.338352,0,0,0,0,57,58,0,0,0,0,0,traj_sz=100
20.8451,1.52641,0.161702,0.338352,1.56092,0.207886,0.588907,0.102933,57,58,0.0478815,0.11724,0.3491,1.53621,0,20.8451
20.8648,1.52773,0.161832,0.343713,0,0,0,0,57,58,0,0,0,0,0,traj_sz=100
20.865,1.52773,0.161832,0.343713,1.56092,0.207886,0.588907,0.102933,57,58,0.0467645,0.118128,0.3491,1.53527,0,20.865
20.8849,1.52889,0.162529,0.345588,0,0,0,0,57,58,0,0,0,0,0,traj_sz=100
20.885,1.52889,0.162529,0.345588,1.59232,0.228861,0.654207,0.091664,57,59,0.0821546,0.118905,0.3491,1.534,0,20.885
20.9049,1.53132,0.163531,0.349819,0,0,0,0,57,59,0,0,0,0,0,traj_sz=100
20.9051,1.53132,0.163531,0.349819,1.59232,0.228861,0.654207,0.091664,57,59,0.0796967,0.118415,0.3491,1.53168,0,20.9051
20.9248,1.53283,0.163761,0.355169,0,0,0,0,57,59,0,0,0,0,0,traj_sz=100
20.925,1.53283,0.163761,0.355169,1.59232,0.228861,0.654207,0.091664,57,59,0.0784147,0.11889,0.3491,1.53055,0,20.925
20.9448,1.53778,0.165993,0.366937,0,0,0,0,57,59,0,0,0,0,0,traj_sz=100
20.945,1.53778,0.165993,0.366937,1.59232,0.228861,0.654207,0.091664,57,59,0.0734668,0.115297,0.3491,1.5257,0,20.945
20.9649,1.53894,0.166486,0.368583,0,0,0,0,57,59,0,0,0,0,0,traj_sz=100
20.9651,1.53894,0.166486,0.368583,1.59232,0.228861,0.654207,0.091664,57,59,0.0722657,0.115866,0.3491,1.52458,0,20.9651
20.985,1.54022,0.166704,0.373621,0,0,0,0,57,59,0,0,0,0,0,traj_sz=100
20.9851,1.54022,0.166704,0.373621,1.59232,0.228861,0.654207,0.091664,57,59,0.0711955,0.11647,0.3491,1.52361,0,20.9851
21.005,1.54259,0.167657,0.379493,0,0,0,0,57,59,0,0,0,0,0,traj_sz=100
21.0052,1.54259,0.167657,0.379493,1.59232,0.228861,0.654207,0.091664,57,59,0.0688653,0.115769,0.3491,1.52137,0,21.0052
21.0248,1.54365,0.168461,0.379635,0,0,0,0,57,59,0,0,0,0,0,traj_sz=100
21.0249,1.54365,0.168461,0.379635,1.59232,0.228861,0.654207,0.091664,57,59,0.0675921,0.116244,0.3491,1.52008,0,21.0249
21.0448,1.54847,0.170122,0.395852,0,0,0,0,57,59,0,0,0,0,0,traj_sz=100
21.0449,1.54847,0.170122,0.395852,1.59232,0.228861,0.654207,0.091664,57,59,0.0631113,0.113069,0.3491,1.51576,0,21.0449
21.0649,1.54958,0.171009,0.395182,0,0,0,0,57,59,0,0,0,0,0,traj_sz=100
21.065,1.54958,0.171009,0.395182,1.59232,0.228861,0.654207,0.091664,57,59,0.0617186,0.113489,0.3491,1.51437,0,21.065
21.0849,1.5508,0.171578,0.397446,0,0,0,0,57,59,0,0,0,0,0,traj_sz=100
21.0851,1.5508,0.171578,0.397446,1.59232,0.228861,0.654207,0.091664,57,59,0.0604586,0.11398,0.3491,1.51316,0,21.0851
21.1048,1.55299,0.172456,0.405184,0,0,0,0,57,59,0,0,0,0,0,traj_sz=100
21.105,1.55299,0.172456,0.405184,1.59232,0.228861,0.654207,0.091664,57,59,0.0583823,0.113469,0.3491,1.51111,0,21.105
21.1249,1.55417,0.173019,0.408071,0,0,0,0,57,59,0,0,0,0,0,traj_sz=100
21.125,1.55417,0.173019,0.408071,1.59232,0.228861,0.654207,0.091664,57,59,0.0571771,0.113987,0.3491,1.50993,0,21.125
21.145,1.55871,0.175262,0.419976,0,0,0,0,57,59,0,0,0,0,0,traj_sz=100
21.1451,1.55871,0.175262,0.419976,1.59232,0.228861,0.654207,0.091664,58,59,0.0525433,0.110775,0.3491,1.50534,0,21.1451
21.1651,1.55983,0.175837,0.423289,0,0,0,0,58,59,0,0,0,0,0,traj_sz=100
21.1652,1.55983,0.175837,0.423289,1.59232,0.228861,0.654207,0.091664,58,59,0.0514013,0.111352,0.3491,1.50419,0,21.1652
21.1848,1.56105,0.17608,0.427408,0,0,0,0,58,59,0,0,0,0,0,traj_sz=100
21.185,1.56105,0.17608,0.427408,1.59232,0.228861,0.654207,0.091664,58,59,0.0503395,0.112001,0.3491,1.50324,0,21.185
21.2048,1.56351,0.177597,0.431497,0,0,0,0,58,59,0,0,0,0,0,traj_sz=100
21.2049,1.56351,0.177597,0.431497,1.59232,0.228861,0.654207,0.091664,58,59,0.0476101,0.110921,0.3491,1.50051,0,21.2049
21.2248,1.56482,0.177781,0.43766,0,0,0,0,58,59,0,0,0,0,0,traj_sz=100
21.2249,1.56482,0.177781,0.43766,1.59232,0.228861,0.654207,0.091664,58,59,0.0465578,0.111542,0.3491,1.49955,0,21.2249
21.245,1.56951,0.180584,0.448027,0,0,0,0,58,59,0,0,0,0,0,traj_sz=100
21.2451,1.56951,0.180584,0.448027,1.59232,0.228861,0.654207,0.091664,58,59,0.0414693,0.107922,0.3491,1.49444,0,21.2451
21.265,1.57069,0.180773,0.45287,0,0,0,0,58,59,0,0,0,0,0,traj_sz=100
21.2651,1.57069,0.180773,0.45287,1.59232,0.228861,0.654207,0.091664,58,59,0.0404875,0.108653,0.3491,1.49355,0,21.2651
21.2848,1.5717,0.181699,0.453693,0,0,0,0,58,59,0,0,0,0,0,traj_sz=100
21.2849,1.5717,0.181699,0.453693,1.59232,0.228861,0.654207,0.091664,58,59,0.0392042,0.109015,0.3491,1.4922,0,21.2849
21.3049,1.57406,0.182975,0.459857,0,0,0,0,58,59,0,0,0,0,0,traj_sz=100
21.305,1.57406,0.182975,0.459857,1.61901,0.249325,0.704714,0.0813587,58,60,0.0697259,0.10789,0.3491,1.48973,0,21.305
21.3248,1.57524,0.183566,0.462279,0,0,0,0,58,60,0,0,0,0,0,traj_sz=100
21.3249,1.57524,0.183566,0.462279,1.61901,0.249325,0.704714,0.0813587,58,60,0.0685029,0.108124,0.3491,1.48854,0,21.3249
21.3449,1.57949,0.185957,0.474458,0,0,0,0,58,60,0,0,0,0,0,traj_sz=100
21.3451,1.57949,0.185957,0.474458,1.61901,0.249325,0.704714,0.0813587,58,60,0.0641036,0.104819,0.3491,1.48403,0,21.3451
21.3648,1.5807,0.186244,0.479454,0,0,0,0,58,60,0,0,0,0,0,traj_sz=100
21.3649,1.5807,0.186244,0.479454,1.61901,0.249325,0.704714,0.0813587,58,60,0.0630921,0.105198,0.3491,1.48305,0,21.3649
21.3849,1.5816,0.187146,0.478394,0,0,0,0,58,60,0,0,0,0,0,traj_sz=100
21.3851,1.5816,0.187146,0.478394,1.61901,0.249325,0.704714,0.0813587,58,60,0.061837,0.105504,0.3491,1.48179,0,21.3851
21.4049,1.58366,0.188245,0.483993,0,0,0,0,58,60,0,0,0,0,0,traj_sz=100
21.4051,1.58366,0.188245,0.483993,1.61901,0.249325,0.704714,0.0813587,58,60,0.0597136,0.104732,0.3491,1.47965,0,21.4051
21.4249,1.58467,0.188958,0.485242,0,0,0,0,58,60,0,0,0,0,0,traj_sz=100
21.425,1.58467,0.188958,0.485242,1.61901,0.249325,0.704714,0.0813587,58,60,0.0585358,0.105039,0.3491,1.47846,0,21.425
21.4449,1.58885,0.19119,0.495601,0,0,0,0,58,60,0,0,0,0,0,traj_sz=100
21.445,1.58885,0.19119,0.495601,1.61901,0.249325,0.704714,0.0813587,58,60,0.0541789,0.101879,0.3491,1.47412,0,21.445
21.4649,1.58983,0.191783,0.498071,0,0,0,0,58,60,0,0,0,0,0,traj_sz=100
21.4651,1.58983,0.191783,0.498071,1.61901,0.249325,0.704714,0.0813587,58,60,0.0531255,0.102292,0.3491,1.47305,0,21.4651
21.4849,1.59087,0.192051,0.503156,0,0,0,0,58,60,0,0,0,0,0,traj_sz=100
21.485,1.59087,0.192051,0.503156,1.61901,0.249325,0.704714,0.0813587,58,60,0.0522664,0.102826,0.3491,1.47219,0,21.485
21.5048,1.59309,0.19331,0.507882,0,0,0,0,58,60,0,0,0,0,0,traj_sz=100
21.5049,1.59309,0.19331,0.507882,1.61901,0.249325,0.704714,0.0813587,58,60,0.0498931,0.10184,0.3491,1.46984,0,21.5049
21.525,1.59391,0.194196,0.508467,0,0,0,0,58,60,0,0,0,0,0,traj_sz=100
21.5251,1.59391,0.194196,0.508467,1.64174,0.268661,0.743437,0.0738064,59,61,0.0780332,0.102213,0.3491,1.46863,0,21.5251
21.5449,1.59805,0.196277,0.521236,0,0,0,0,59,61,0,0,0,0,0,traj_sz=100
21.5451,1.59805,0.196277,0.521236,1.64174,0.268661,0.743437,0.0738064,59,61,0.0739361,0.0991963,0.3491,1.46445,0,21.5451
21.5649,1.59904,0.197074,0.522896,0,0,0,0,59,61,0,0,0,0,0,traj_sz=100
21.5651,1.59904,0.197074,0.522896,1.64174,0.268661,0.743437,0.0738064,59,61,0.0727422,0.0994652,0.3491,1.4632,0,21.5651
21.5848,1.59992,0.197699,0.523814,0,0,0,0,59,61,0,0,0,0,0,traj_sz=100
21.5849,1.59992,0.197699,0.523814,1.64174,0.268661,0.743437,0.0738064,59,61,0.071705,0.0999269,0.3491,1.46217,0,21.5849
21.6049,1.60195,0.198674,0.529983,0,0,0,0,59,61,0,0,0,0,0,traj_sz=100
21.605,1.60195,0.198674,0.529983,1.64174,0.268661,0.743437,0.0738064,59,61,0.0697119,0.0992722,0.3491,1.46015,0,21.605
21.6248,1.60284,0.199732,0.529129,0,0,0,0,59,61,0,0,0,0,0,traj_sz=100
21.6249,1.60284,0.199732,0.529129,1.66168,0.286988,0.775003,0.0700587,59,62,0.0948366,0.0994609,0.3491,1.45877,0,21.6249
21.6448,1.60644,0.201995,0.539,0,0,0,0,59,62,0,0,0,0,0,traj_sz=100
21.645,1.60644,0.201995,0.539,1.66168,0.286988,0.775003,0.0700587,59,62,0.0910321,0.0967777,0.3491,1.45477,0,21.645
21.6648,1.60739,0.202253,0.543656,0,0,0,0,59,62,0,0,0,0,0,traj_sz=100
21.665,1.60739,0.202253,0.543656,1.66168,0.286988,0.775003,0.0700587,59,62,0.0902925,0.0972275,0.3491,1.45399,0,21.665
21.6848,1.60826,0.203179,0.542711,0,0,0,0,59,62,0,0,0,0,0,traj_sz=100
21.6849,1.60826,0.203179,0.542711,1.66168,0.286988,0.775003,0.0700587,59,62,0.0890322,0.0973263,0.3491,1.45272,0,21.6849
21.7048,1.61022,0.204374,0.548299,0,0,0,0,59,62,0,0,0,0,0,traj_sz=100
21.7049,1.61022,0.204374,0.548299,1.66168,0.286988,0.775003,0.0700587,59,62,0.0869812,0.0964012,0.3491,1.45058,0,21.7049
21.7249,1.61105,0.204451,0.554923,0,0,0,0,59,62,0,0,0,0,0,traj_sz=100
21.7251,1.61105,0.204451,0.554923,1.66168,0.286988,0.775003,0.0700587,59,62,0.0865221,0.0970666,0.3491,1.45001,0,21.7251
21.7449,1.6145,0.207182,0.559183,0,0,0,0,59,62,0,0,0,0,0,traj_sz=100
21.745,1.6145,0.207182,0.559183,1.66168,0.286988,0.775003,0.0700587,59,62,0.082332,0.0940172,0.3491,1.44573,0,21.745
21.7649,1.61541,0.207822,0.560934,0,0,0,0,59,62,0,0,0,0,0,traj_sz=100
21.7651,1.61541,0.207822,0.560934,1.66168,0.286988,0.775003,0.0700587,59,62,0.0812903,0.0942602,0.3491,1.44467,0,21.7651
21.7849,1.61622,0.208165,0.565805,0,0,0,0,59,62,0,0,0,0,0,traj_sz=100
21.785,1.61622,0.208165,0.565805,1.66168,0.286988,0.775003,0.0700587,59,62,0.0806303,0.0947682,0.3491,1.4439,0,21.785
21.8048,1.6178,0.209394,0.570813,0,0,0,0,59,62,0,0,0,0,0,traj_sz=100
21.805,1.6178,0.209394,0.570813,1.66168,0.286988,0.775003,0.0700587,59,62,0.0788492,0.0941237,0.3491,1.44196,0,21.805
21.8248,1.61867,0.209962,0.573048,0,0,0,0,59,62,0,0,0,0,0,traj_sz=100
21.825,1.61867,0.209962,0.573048,1.66168,0.286988,0.775003,0.0700587,59,62,0.0779027,0.0944448,0.3491,1.44098,0,21.825
21.8448,1.62218,0.212216,0.582937,0,0,0,0,59,62,0,0,0,0,0,traj_sz=100
21.8449,1.62218,0.212216,0.582937,1.66168,0.286988,0.775003,0.0700587,59,62,0.0741373,0.091652,0.3491,1.43705,0,21.8449
21.8648,1.62297,0.212954,0.583348,0,0,0,0,59,62,0,0,0,0,0,traj_sz=100
21.8649,1.62297,0.212954,0.583348,1.66168,0.286988,0.775003,0.0700587,59,62,0.0730848,0.0919278,0.3491,1.43598,0,21.8649
21.8848,1.62382,0.213702,0.584944,0,0,0,0,59,62,0,0,0,0,0,traj_sz=100
21.8849,1.62382,0.213702,0.584944,1.66168,0.286988,0.775003,0.0700587,59,62,0.0720313,0.092154,0.3491,1.43487,0,21.8849
21.9047,1.62567,0.215034,0.587878,0,0,0,0,59,62,0,0,0,0,0,traj_sz=100
21.9048,1.62567,0.215034,0.587878,1.66168,0.286988,0.775003,0.0700587,60,62,0.0698698,0.091231,0.3491,1.43269,0,21.9048
21.9248,1.62651,0.215543,0.590344,0,0,0,0,60,62,0,0,0,0,0,traj_sz=100
21.9249,1.62651,0.215543,0.590344,1.68004,0.304972,0.808348,0.069991,60,63,0.0942543,0.0916232,0.3491,1.43178,0,21.9249
21.9449,1.62965,0.21821,0.597273,0,0,0,0,60,63,0,0,0,0,0,traj_sz=100
21.945,1.62965,0.21821,0.597273,1.68004,0.304972,0.808348,0.069991,60,63,0.0904577,0.0888612,0.3491,1.42774,0,21.945
21.9648,1.63109,0.218447,0.604918,0,0,0,0,60,63,0,0,0,0,0,traj_sz=100
21.9651,1.63109,0.218447,0.604918,1.68004,0.304972,0.808348,0.069991,60,63,0.0894686,0.0889625,0.3491,1.42668,0,21.9651
21.9848,1.63159,0.219392,0.603655,0,0,0,0,60,63,0,0,0,0,0,traj_sz=100
21.9849,1.63159,0.219392,0.603655,1.68004,0.304972,0.808348,0.069991,60,63,0.0884705,0.0893219,0.3491,1.42563,0,21.9849
22.0049,1.63356,0.220036,0.615114,0,0,0,0,60,63,0,0,0,0,0,traj_sz=100
22.005,1.63356,0.220036,0.615114,1.68004,0.304972,0.808348,0.069991,60,63,0.0869753,0.088764,0.3491,1.42392,0,22.005
22.0249,1.63411,0.22106,0.611597,0,0,0,0,60,63,0,0,0,0,0,traj_sz=100
22.025,1.63411,0.22106,0.611597,1.68004,0.304972,0.808348,0.069991,60,63,0.0857869,0.0889921,0.3491,1.42277,0,22.025
22.0449,1.63695,0.223564,0.616443,0,0,0,0,60,63,0,0,0,0,0,traj_sz=100
22.0452,1.63695,0.223564,0.616443,1.68004,0.304972,0.808348,0.069991,60,63,0.0822264,0.0864962,0.3491,1.41906,0,22.0452
22.0649,1.6382,0.223603,0.626144,0,0,0,0,60,63,0,0,0,0,0,traj_sz=100
22.0651,1.6382,0.223603,0.626144,1.68004,0.304972,0.808348,0.069991,60,63,0.0815906,0.0868,0.3491,1.41827,0,22.0651
22.0847,1.63866,0.224689,0.621788,0,0,0,0,60,63,0,0,0,0,0,traj_sz=100
22.0848,1.63866,0.224689,0.621788,1.68004,0.304972,0.808348,0.069991,60,63,0.0804031,0.0870105,0.3491,1.41712,0,22.0848
22.1048,1.64049,0.2258,0.628968,0,0,0,0,60,63,0,0,0,0,0,traj_sz=100
22.1049,1.64049,0.2258,0.628968,1.68004,0.304972,0.808348,0.069991,60,63,0.0785626,0.0861855,0.3491,1.41513,0,22.1049
22.1249,1.64122,0.226427,0.630659,0,0,0,0,60,63,0,0,0,0,0,traj_sz=100
22.125,1.64122,0.226427,0.630659,1.68004,0.304972,0.808348,0.069991,60,63,0.0776674,0.0865113,0.3491,1.41418,0,22.125
22.1449,1.6444,0.228498,0.641096,0,0,0,0,60,63,0,0,0,0,0,traj_sz=100
22.145,1.6444,0.228498,0.641096,1.68004,0.304972,0.808348,0.069991,60,63,0.0742977,0.0840331,0.3491,1.41061,0,22.145
22.165,1.64496,0.229183,0.643194,0,0,0,0,60,63,0,0,0,0,0,traj_sz=100
22.1651,1.64496,0.229183,0.643194,1.68004,0.304972,0.808348,0.069991,60,63,0.0735245,0.0844476,0.3491,1.40972,0,22.1651
22.1849,1.64586,0.229942,0.644017,0,0,0,0,60,63,0,0,0,0,0,traj_sz=100
22.185,1.64586,0.229942,0.644017,1.68004,0.304972,0.808348,0.069991,60,63,0.07238,0.0845473,0.3491,1.40857,0,22.185
22.2048,1.6474,0.231138,0.648464,0,0,0,0,60,63,0,0,0,0,0,traj_sz=100
22.205,1.6474,0.231138,0.648464,1.68004,0.304972,0.808348,0.069991,60,63,0.0706099,0.083887,0.3491,1.40669,0,22.205
22.2249,1.64805,0.231767,0.649928,0,0,0,0,60,63,0,0,0,0,0,traj_sz=100
22.2251,1.64805,0.231767,0.649928,1.69777,0.323541,0.84166,0.0734641,60,64,0.095118,0.0842669,0.3491,1.4058,0,22.2251
22.2448,1.65116,0.234315,0.659159,0,0,0,0,60,64,0,0,0,0,0,traj_sz=100
22.245,1.65116,0.234315,0.659159,1.69777,0.323541,0.84166,0.0734641,60,64,0.091492,0.0815298,0.3491,1.40189,0,22.245
22.2648,1.65197,0.234614,0.66296,0,0,0,0,60,64,0,0,0,0,0,traj_sz=100
22.2648,1.65197,0.234614,0.66296,1.69777,0.323541,0.84166,0.0734641,61,64,0.0908304,0.0820011,0.3491,1.40116,0,22.2648
22.2848,1.65265,0.235498,0.663344,0,0,0,0,61,64,0,0,0,0,0,traj_sz=100
22.2849,1.65265,0.235498,0.663344,1.69777,0.323541,0.84166,0.0734641,61,64,0.0897659,0.0821874,0.3491,1.40004,0,22.2849
22.3049,1.65386,0.236439,0.667332,0,0,0,0,61,64,0,0,0,0,0,traj_sz=100
22.305,1.65386,0.236439,0.667332,1.69777,0.323541,0.84166,0.0734641,61,64,0.0883944,0.0819477,0.3491,1.39856,0,22.305
22.3248,1.65468,0.236871,0.67054,0,0,0,0,61,64,0,0,0,0,0,traj_sz=100
22.3249,1.65468,0.236871,0.67054,1.69777,0.323541,0.84166,0.0734641,61,64,0.0876201,0.0823295,0.3491,1.39772,0,22.3249
22.3448,1.65752,0.239509,0.676241,0,0,0,0,61,64,0,0,0,0,0,traj_sz=100
22.3449,1.65752,0.239509,0.676241,1.69777,0.323541,0.84166,0.0734641,61,64,0.0839844,0.079735,0.3491,1.3939,0,22.3449
22.3648,1.65813,0.239931,0.680008,0,0,0,0,61,64,0,0,0,0,0,traj_sz=100
22.365,1.65813,0.239931,0.680008,1.69777,0.323541,0.84166,0.0734641,61,64,0.083395,0.0802872,0.3491,1.3932,0,22.365
22.3848,1.6589,0.24051,0.681293,0,0,0,0,61,64,0,0,0,0,0,traj_sz=100
22.3849,1.6589,0.24051,0.681293,1.69777,0.323541,0.84166,0.0734641,61,64,0.0824861,0.0806172,0.3491,1.39227,0,22.3849
22.4048,1.66024,0.241713,0.686032,0,0,0,0,61,64,0,0,0,0,0,traj_sz=100
22.4051,1.66024,0.241713,0.686032,1.69777,0.323541,0.84166,0.0734641,61,64,0.0808747,0.0801496,0.3491,1.3905,0,22.4051
22.4248,1.66087,0.24226,0.686348,0,0,0,0,61,64,0,0,0,0,0,traj_sz=100
22.4249,1.66087,0.24226,0.686348,1.69777,0.323541,0.84166,0.0734641,61,64,0.080057,0.080642,0.3491,1.38969,0,22.4249
22.4448,1.66344,0.244563,0.69319,0,0,0,0,61,64,0,0,0,0,0,traj_sz=100
22.4449,1.66344,0.244563,0.69319,1.69777,0.323541,0.84166,0.0734641,61,64,0.076876,0.0785171,0.3491,1.3863,0,22.4449
22.4649,1.66428,0.245069,0.696611,0,0,0,0,61,64,0,0,0,0,0,traj_sz=100
22.4651,1.66428,0.245069,0.696611,1.69777,0.323541,0.84166,0.0734641,61,64,0.0760401,0.0788977,0.3491,1.38539,0,22.4651
22.4848,1.6647,0.245844,0.69675,0,0,0,0,61,64,0,0,0,0,0,traj_sz=100
22.4849,1.6647,0.245844,0.69675,1.69777,0.323541,0.84166,0.0734641,61,64,0.0752196,0.0793752,0.3491,1.38451,0,22.4849
22.5048,1.66639,0.246983,0.703423,0,0,0,0,61,64,0,0,0,0,0,traj_sz=100
22.5049,1.66639,0.246983,0.703423,1.69777,0.323541,0.84166,0.0734641,61,64,0.0734542,0.0786926,0.3491,1.38259,0,22.5049
22.5249,1.66707,0.247633,0.705083,0,0,0,0,61,64,0,0,0,0,0,traj_sz=100
22.5251,1.66707,0.247633,0.705083,1.69777,0.323541,0.84166,0.0734641,61,64,0.0725771,0.0790919,0.3491,1.38166,0,22.5251
22.5448,1.66947,0.249795,0.712186,0,0,0,0,61,64,0,0,0,0,0,traj_sz=100
22.545,1.66947,0.249795,0.712186,1.71573,0.34364,0.87308,0.0804185,61,65,0.096344,0.0771832,0.3491,1.37849,0,22.545
22.5648,1.67011,0.250213,0.715572,0,0,0,0,61,65,0,0,0,0,0,traj_sz=100
22.5649,1.67011,0.250213,0.715572,1.71573,0.34364,0.87308,0.0804185,61,65,0.0957195,0.0777491,0.3491,1.37777,0,22.5649
22.5848,1.67068,0.250998,0.713882,0,0,0,0,61,65,0,0,0,0,0,traj_sz=100
22.5849,1.67068,0.250998,0.713882,1.71573,0.34364,0.87308,0.0804185,61,65,0.094709,0.0781243,0.3491,1.3768,0,22.5849
22.6048,1.67171,0.2517,0.718589,0,0,0,0,61,65,0,0,0,0,0,traj_sz=100
22.6049,1.67171,0.2517,0.718589,1.71573,0.34364,0.87308,0.0804185,61,65,0.0936642,0.0782257,0.3491,1.37562,0,22.6049
22.6248,1.67237,0.252401,0.720489,0,0,0,0,61,65,0,0,0,0,0,traj_sz=100
22.6251,1.67237,0.252401,0.720489,1.71573,0.34364,0.87308,0.0804185,61,65,0.0927808,0.0785966,0.3491,1.37466,0,22.6251
22.6448,1.67457,0.254433,0.728491,0,0,0,0,61,65,0,0,0,0,0,traj_sz=100
22.6449,1.67457,0.254433,0.728491,1.71573,0.34364,0.87308,0.0804185,62,65,0.0901003,0.0769243,0.3491,1.37171,0,22.6449
22.6649,1.67502,0.255053,0.728847,0,0,0,0,62,65,0,0,0,0,0,traj_sz=100
22.665,1.67502,0.255053,0.728847,1.71573,0.34364,0.87308,0.0804185,62,65,0.0893679,0.0775074,0.3491,1.37095,0,22.665
22.6849,1.67574,0.255531,0.731473,0,0,0,0,62,65,0,0,0,0,0,traj_sz=100
22.6851,1.67574,0.255531,0.731473,1.71573,0.34364,0.87308,0.0804185,62,65,0.0886141,0.0779879,0.3491,1.37013,0,22.6851
22.705,1.67695,0.256306,0.737001,0,0,0,0,62,65,0,0,0,0,0,traj_sz=100
22.7051,1.67695,0.256306,0.737001,1.71573,0.34364,0.87308,0.0804185,62,65,0.0874131,0.0779083,0.3491,1.36879,0,22.7051
22.7249,1.67709,0.257135,0.734995,0,0,0,0,62,65,0,0,0,0,0,traj_sz=100
22.725,1.67709,0.257135,0.734995,1.71573,0.34364,0.87308,0.0804185,62,65,0.0866699,0.078548,0.3491,1.36804,0,22.725
22.7449,1.67944,0.259405,0.740684,0,0,0,0,62,65,0,0,0,0,0,traj_sz=100
22.745,1.67944,0.259405,0.740684,1.71573,0.34364,0.87308,0.0804185,62,65,0.0836232,0.0766109,0.3491,1.36481,0,22.745
22.765,1.68025,0.259491,0.746816,0,0,0,0,62,65,0,0,0,0,0,traj_sz=100
22.7651,1.68025,0.259491,0.746816,1.71573,0.34364,0.87308,0.0804185,62,65,0.0831997,0.0774287,0.3491,1.36426,0,22.7651
22.7848,1.68075,0.260418,0.745487,0,0,0,0,62,65,0,0,0,0,0,traj_sz=100
22.7851,1.68075,0.260418,0.745487,1.71573,0.34364,0.87308,0.0804185,62,65,0.082157,0.0778808,0.3491,1.36322,0,22.7851
22.8049,1.68206,0.261354,0.750962,0,0,0,0,62,65,0,0,0,0,0,traj_sz=100
22.805,1.68206,0.261354,0.750962,1.71573,0.34364,0.87308,0.0804185,62,65,0.0807596,0.0777373,0.3491,1.36168,0,22.805
22.825,1.6826,0.262014,0.752345,0,0,0,0,62,65,0,0,0,0,0,traj_sz=100
22.8251,1.6826,0.262014,0.752345,1.71573,0.34364,0.87308,0.0804185,62,65,0.0799636,0.0783547,0.3491,1.36083,0,22.8251
22.8449,1.68494,0.264352,0.758946,0,0,0,0,62,65,0,0,0,0,0,traj_sz=100
22.8451,1.68494,0.264352,0.758946,1.71573,0.34364,0.87308,0.0804185,62,65,0.0769,0.0764979,0.3491,1.35755,0,22.8451
22.8649,1.68523,0.265018,0.757888,0,0,0,0,62,65,0,0,0,0,0,traj_sz=100
22.865,1.68523,0.265018,0.757888,1.71573,0.34364,0.87308,0.0804185,62,65,0.0761955,0.0772759,0.3491,1.35685,0,22.865
22.8849,1.68638,0.265285,0.764482,0,0,0,0,62,65,0,0,0,0,0,traj_sz=100
22.885,1.68638,0.265285,0.764482,1.71573,0.34364,0.87308,0.0804185,62,65,0.0754203,0.077734,0.3491,1.35595,0,22.885
22.9049,1.68722,0.266672,0.76613,0,0,0,0,62,65,0,0,0,0,0,traj_sz=100
22.905,1.68722,0.266672,0.76613,1.71573,0.34364,0.87308,0.0804185,62,65,0.073911,0.0776144,0.3491,1.35433,0,22.905
22.9249,1.68792,0.267401,0.766284,0,0,0,0,62,65,0,0,0,0,0,traj_sz=100
22.925,1.68792,0.267401,0.766284,1.71573,0.34364,0.87308,0.0804185,62,65,0.0729081,0.0780604,0.3491,1.35333,0,22.925
22.9449,1.69001,0.269513,0.774549,0,0,0,0,62,65,0,0,0,0,0,traj_sz=100
22.9451,1.69001,0.269513,0.774549,1.73469,0.366249,0.911356,0.0899453,62,66,0.0995929,0.0765509,0.3491,1.35039,0,22.9451
22.9648,1.69051,0.270141,0.777542,0,0,0,0,62,66,0,0,0,0,0,traj_sz=100
22.9649,1.69051,0.270141,0.777542,1.73469,0.366249,0.911356,0.0899453,62,66,0.0989057,0.0771948,0.3491,1.34958,0,22.9649
22.9849,1.69127,0.270518,0.780117,0,0,0,0,62,66,0,0,0,0,0,traj_sz=100
22.985,1.69127,0.270518,0.780117,1.73469,0.366249,0.911356,0.0899453,62,66,0.0982002,0.0778554,0.3491,1.34883,0,22.985
23.005,1.6921,0.272004,0.77971,0,0,0,0,62,66,0,0,0,0,0,traj_sz=100
23.0051,1.6921,0.272004,0.77971,1.73469,0.366249,0.911356,0.0899453,62,66,0.0965482,0.0776758,0.3491,1.34714,0,23.0051
23.0249,1.69277,0.272101,0.785391,0,0,0,0,62,66,0,0,0,0,0,traj_sz=100
23.025,1.69277,0.272101,0.785391,1.73469,0.366249,0.911356,0.0899453,62,66,0.0962128,0.0785846,0.3491,1.34666,0,23.025
23.0448,1.69468,0.274857,0.787769,0,0,0,0,62,66,0,0,0,0,0,traj_sz=100
23.045,1.69468,0.274857,0.787769,1.73469,0.366249,0.911356,0.0899453,63,66,0.0929993,0.0767303,0.3491,1.34331,0,23.045
23.0648,1.69541,0.27527,0.792691,0,0,0,0,63,66,0,0,0,0,0,traj_sz=100
23.0649,1.69541,0.27527,0.792691,1.73469,0.366249,0.911356,0.0899453,63,66,0.0923693,0.0773726,0.3491,1.34254,0,23.0649
23.0849,1.69586,0.276087,0.79043,0,0,0,0,63,66,0,0,0,0,0,traj_sz=100
23.0849,1.69586,0.276087,0.79043,1.73469,0.366249,0.911356,0.0899453,63,66,0.0913959,0.0779356,0.3491,1.34162,0,23.0849
23.1048,1.69683,0.277275,0.794779,0,0,0,0,63,66,0,0,0,0,0,traj_sz=100
23.105,1.69683,0.277275,0.794779,1.73469,0.366249,0.911356,0.0899453,63,66,0.0900181,0.077857,0.3491,1.34008,0,23.105
23.1248,1.69761,0.277647,0.798891,0,0,0,0,63,66,0,0,0,0,0,traj_sz=100
23.1249,1.69761,0.277647,0.798891,1.73469,0.366249,0.911356,0.0899453,63,66,0.0893542,0.0786221,0.3491,1.33932,0,23.1249
23.145,1.69981,0.279995,0.806114,0,0,0,0,63,66,0,0,0,0,0,traj_sz=100
23.1451,1.69981,0.279995,0.806114,1.73469,0.366249,0.911356,0.0899453,63,66,0.08639,0.077062,0.3491,1.33612,0,23.1451
23.165,1.69991,0.280562,0.807614,0,0,0,0,63,66,0,0,0,0,0,traj_sz=100
23.1652,1.69991,0.280562,0.807614,1.73469,0.366249,0.911356,0.0899453,63,66,0.0859584,0.0782289,0.3491,1.3356,0,23.1652
23.1849,1.70079,0.281005,0.811385,0,0,0,0,63,66,0,0,0,0,0,traj_sz=100
23.185,1.70079,0.281005,0.811385,1.73469,0.366249,0.911356,0.0899453,63,66,0.0851618,0.0789386,0.3491,1.33472,0,23.185
23.2049,1.70195,0.281836,0.81536,0,0,0,0,63,66,0,0,0,0,0,traj_sz=100
23.205,1.70195,0.281836,0.81536,1.73469,0.366249,0.911356,0.0899453,63,66,0.0838947,0.0791808,0.3491,1.33336,0,23.205
23.2249,1.70224,0.282912,0.813654,0,0,0,0,63,66,0,0,0,0,0,traj_sz=100
23.225,1.70224,0.282912,0.813654,1.73469,0.366249,0.911356,0.0899453,63,66,0.0828611,0.0798557,0.3491,1.33233,0,23.225
23.2448,1.70456,0.284852,0.82488,0,0,0,0,63,66,0,0,0,0,0,traj_sz=100
23.2449,1.70456,0.284852,0.82488,1.73469,0.366249,0.911356,0.0899453,63,66,0.0802337,0.0784902,0.3491,1.32939,0,23.2449
23.2648,1.70508,0.285732,0.825205,0,0,0,0,63,66,0,0,0,0,0,traj_sz=100
23.2651,1.70508,0.285732,0.825205,1.73469,0.366249,0.911356,0.0899453,63,66,0.0792406,0.0791407,0.3491,1.32837,0,23.2651
23.2849,1.70514,0.286532,0.824458,0,0,0,0,63,66,0,0,0,0,0,traj_sz=100
23.2852,1.70514,0.286532,0.824458,1.73469,0.366249,0.911356,0.0899453,63,66,0.0785876,0.0801553,0.3491,1.32769,0,23.2852
23.3048,1.70649,0.287719,0.828719,0,0,0,0,63,66,0,0,0,0,0,traj_sz=100
23.3049,1.70649,0.287719,0.828719,1.73469,0.366249,0.911356,0.0899453,63,66,0.0769425,0.0800114,0.3491,1.32594,0,23.3049
23.3248,1.70684,0.288394,0.829832,0,0,0,0,63,66,0,0,0,0,0,traj_sz=100
23.326,1.70684,0.288394,0.829832,1.73469,0.366249,0.911356,0.0899453,63,66,0.0762415,0.0809202,0.3491,1.32518,0,23.326
23.3448,1.70917,0.291103,0.836946,0,0,0,0,63,66,0,0,0,0,0,traj_sz=100
23.3449,1.70917,0.291103,0.836946,1.7549,0.392328,0.954166,0.10115,63,67,0.1058,0.0789942,0.3491,1.32162,0,23.3449
23.3647,1.70983,0.291648,0.841712,0,0,0,0,63,67,0,0,0,0,0,traj_sz=100
23.3648,1.70983,0.291648,0.841712,1.7549,0.392328,0.954166,0.10115,63,67,0.105109,0.0797789,0.3491,1.32079,0,23.3648
23.3849,1.71072,0.292345,0.843887,0,0,0,0,63,67,0,0,0,0,0,traj_sz=100
23.385,1.71072,0.292345,0.843887,1.7549,0.392328,0.954166,0.10115,63,67,0.10407,0.080322,0.3491,1.31969,0,23.385
23.4048,1.71183,0.293839,0.847533,0,0,0,0,63,67,0,0,0,0,0,traj_sz=100
23.405,1.71183,0.293839,0.847533,1.7549,0.392328,0.954166,0.10115,64,67,0.102336,0.0801111,0.3491,1.31783,0,23.405
23.4248,1.71207,0.294525,0.848393,0,0,0,0,64,67,0,0,0,0,0,traj_sz=100
23.425,1.71207,0.294525,0.848393,1.7549,0.392328,0.954166,0.10115,64,67,0.101693,0.0810899,0.3491,1.31714,0,23.425
23.4449,1.71449,0.297074,0.85663,0,0,0,0,64,67,0,0,0,0,0,traj_sz=100
23.445,1.71449,0.297074,0.85663,1.7549,0.392328,0.954166,0.10115,64,67,0.0984463,0.0792224,0.3491,1.31365,0,23.445
23.4647,1.71464,0.297976,0.855115,0,0,0,0,64,67,0,0,0,0,0,traj_sz=100
23.4649,1.71464,0.297976,0.855115,1.7549,0.392328,0.954166,0.10115,64,67,0.0976206,0.0800814,0.3491,1.31284,0,23.4649
23.4848,1.71565,0.298579,0.860064,0,0,0,0,64,67,0,0,0,0,0,traj_sz=100
23.485,1.71565,0.298579,0.860064,1.7549,0.392328,0.954166,0.10115,64,67,0.0966571,0.0806772,0.3491,1.31175,0,23.485
23.5048,1.7168,0.299997,0.864656,0,0,0,0,64,67,0,0,0,0,0,traj_sz=100
23.5049,1.7168,0.299997,0.864656,1.7549,0.392328,0.954166,0.10115,64,67,0.0949776,0.080747,0.3491,1.30993,0,23.5049
23.5249,1.7171,0.300957,0.863299,0,0,0,0,64,67,0,0,0,0,0,traj_sz=100
23.525,1.7171,0.300957,0.863299,1.7549,0.392328,0.954166,0.10115,64,67,0.0940089,0.0817339,0.3491,1.30898,0,23.525
23.5449,1.71956,0.303672,0.873901,0,0,0,0,64,67,0,0,0,0,0,traj_sz=100
23.5449,1.71956,0.303672,0.873901,1.7549,0.392328,0.954166,0.10115,64,67,0.0906683,0.0799667,0.3491,1.30533,0,23.5449
23.5648,1.72041,0.30441,0.876674,0,0,0,0,64,67,0,0,0,0,0,traj_sz=100
23.5649,1.72041,0.30441,0.876674,1.7549,0.392328,0.954166,0.10115,64,67,0.0896384,0.0807497,0.3491,1.30423,0,23.5649
23.5849,1.72057,0.305242,0.876365,0,0,0,0,64,67,0,0,0,0,0,traj_sz=100
23.5852,1.72057,0.305242,0.876365,1.7549,0.392328,0.954166,0.10115,64,67,0.0888847,0.0819391,0.3491,1.30347,0,23.5852
23.6049,1.72192,0.306626,0.882327,0,0,0,0,64,67,0,0,0,0,0,traj_sz=100
23.605,1.72192,0.306626,0.882327,1.7549,0.392328,0.954166,0.10115,64,67,0.0871381,0.0818916,0.3491,1.30156,0,23.605
23.6249,1.72269,0.307281,0.885848,0,0,0,0,64,67,0,0,0,0,0,traj_sz=100
23.625,1.72269,0.307281,0.885848,1.7549,0.392328,0.954166,0.10115,64,67,0.0862442,0.0827954,0.3491,1.30057,0,23.625
23.6448,1.72463,0.310312,0.89018,0,0,0,0,64,67,0,0,0,0,0,traj_sz=100
23.645,1.72463,0.310312,0.89018,1.7549,0.392328,0.954166,0.10115,64,67,0.0827887,0.0811188,0.3491,1.29698,0,23.645
23.6648,1.7252,0.310905,0.894893,0,0,0,0,64,67,0,0,0,0,0,traj_sz=100
23.6649,1.7252,0.310905,0.894893,1.7549,0.392328,0.954166,0.10115,64,67,0.0821008,0.0821963,0.3491,1.29616,0,23.6649
23.6848,1.72592,0.311633,0.896485,0,0,0,0,64,67,0,0,0,0,0,traj_sz=100
23.6849,1.72592,0.311633,0.896485,1.7549,0.392328,0.954166,0.10115,64,67,0.0811305,0.0830769,0.3491,1.29515,0,23.6849
23.7049,1.72703,0.312878,0.902313,0,0,0,0,64,67,0,0,0,0,0,traj_sz=100
23.705,1.72703,0.312878,0.902313,1.7549,0.392328,0.954166,0.10115,64,67,0.0796222,0.0833068,0.3491,1.29348,0,23.705
23.7248,1.72715,0.313775,0.900945,0,0,0,0,64,67,0,0,0,0,0,traj_sz=100
23.7249,1.72715,0.313775,0.900945,1.7549,0.392328,0.954166,0.10115,64,67,0.0788065,0.0844375,0.3491,1.29269,0,23.7249
23.7447,1.72914,0.315828,0.909385,0,0,0,0,64,67,0,0,0,0,0,traj_sz=100
23.7449,1.72914,0.315828,0.909385,1.7549,0.392328,0.954166,0.10115,65,67,0.0761882,0.0834786,0.3491,1.28986,0,23.7449
23.7648,1.73029,0.317424,0.913106,0,0,0,0,65,67,0,0,0,0,0,traj_sz=100
23.7649,1.73029,0.317424,0.913106,1.77636,0.422603,0.997427,0.1128,65,68,0.111404,0.0834221,0.3491,1.28789,0,23.7649
23.7849,1.7309,0.318235,0.915139,0,0,0,0,65,68,0,0,0,0,0,traj_sz=100
23.785,1.7309,0.318235,0.915139,1.77636,0.422603,0.997427,0.1128,65,68,0.110443,0.0843061,0.3491,1.28688,0,23.785
23.8049,1.73199,0.31967,0.920716,0,0,0,0,65,68,0,0,0,0,0,traj_sz=100
23.805,1.73199,0.31967,0.920716,1.77636,0.422603,0.997427,0.1128,65,68,0.108794,0.0844071,0.3491,1.28508,0,23.805
23.8249,1.73241,0.320379,0.923302,0,0,0,0,65,68,0,0,0,0,0,traj_sz=100
23.8251,1.73241,0.320379,0.923302,1.77636,0.422603,0.997427,0.1128,65,68,0.108045,0.0854955,0.3491,1.28426,0,23.8251
23.8448,1.73435,0.323576,0.930175,0,0,0,0,65,68,0,0,0,0,0,traj_sz=100
23.8451,1.73435,0.323576,0.930175,1.77636,0.422603,0.997427,0.1128,65,68,0.104501,0.0836881,0.3491,1.28053,0,23.8451
23.8649,1.73517,0.324406,0.931794,0,0,0,0,65,68,0,0,0,0,0,traj_sz=100
23.865,1.73517,0.324406,0.931794,1.77636,0.422603,0.997427,0.1128,65,68,0.103387,0.0846836,0.3491,1.27938,0,23.865
23.8848,1.73574,0.325152,0.935201,0,0,0,0,65,68,0,0,0,0,0,traj_sz=100
23.8851,1.73574,0.325152,0.935201,1.77636,0.422603,0.997427,0.1128,65,68,0.102537,0.085943,0.3491,1.27844,0,23.8851
23.9049,1.73652,0.326662,0.937519,0,0,0,0,65,68,0,0,0,0,0,traj_sz=100
23.9052,1.73652,0.326662,0.937519,1.77636,0.422603,0.997427,0.1128,65,68,0.100913,0.0864733,0.3491,1.27676,0,23.9052
23.9249,1.73743,0.327267,0.941995,0,0,0,0,65,68,0,0,0,0,0,traj_sz=100
23.9251,1.73743,0.327267,0.941995,1.77636,0.422603,0.997427,0.1128,65,68,0.0999996,0.087605,0.3491,1.27573,0,23.9251
23.9448,1.73903,0.330602,0.945077,0,0,0,0,65,68,0,0,0,0,0,traj_sz=100
23.9449,1.73903,0.330602,0.945077,1.77636,0.422603,0.997427,0.1128,65,68,0.0964329,0.0861787,0.3491,1.2721,0,23.9449
23.9649,1.74004,0.33105,0.950758,0,0,0,0,65,68,0,0,0,0,0,traj_sz=100
23.9651,1.74004,0.33105,0.950758,1.77636,0.422603,0.997427,0.1128,65,68,0.0956177,0.0873937,0.3491,1.27114,0,23.9651
23.9848,1.74016,0.331932,0.950477,0,0,0,0,65,68,0,0,0,0,0,traj_sz=100
23.985,1.74016,0.331932,0.950477,1.77636,0.422603,0.997427,0.1128,65,68,0.0948219,0.0888008,0.3491,1.27036,0,23.985
24.005,1.7414,0.333392,0.956257,0,0,0,0,65,68,0,0,0,0,0,traj_sz=100
24.0051,1.7414,0.333392,0.956257,1.77636,0.422603,0.997427,0.1128,65,68,0.0930481,0.0890877,0.3491,1.26845,0,24.0051
24.0248,1.74172,0.334126,0.956312,0,0,0,0,65,68,0,0,0,0,0,traj_sz=100
24.0249,1.74172,0.334126,0.956312,1.77636,0.422603,0.997427,0.1128,65,68,0.0922632,0.0904811,0.3491,1.26767,0,24.0249
24.0448,1.74394,0.337162,0.966426,0,0,0,0,65,68,0,0,0,0,0,traj_sz=100
24.0449,1.74394,0.337162,0.966426,1.77636,0.422603,0.997427,0.1128,65,68,0.0887273,0.0889051,0.3491,1.26391,0,24.0449
24.065,1.74412,0.337895,0.968682,0,0,0,0,65,68,0,0,0,0,0,traj_sz=100
24.0651,1.74412,0.337895,0.968682,1.77636,0.422603,0.997427,0.1128,65,68,0.0880742,0.0904267,0.3491,1.26322,0,24.0651
24.0851,1.74493,0.338591,0.971525,0,0,0,0,65,68,0,0,0,0,0,traj_sz=100
24.0852,1.74493,0.338591,0.971525,1.77636,0.422603,0.997427,0.1128,66,68,0.087099,0.0915599,0.3491,1.26217,0,24.0852
24.1049,1.74595,0.340434,0.973666,0,0,0,0,66,68,0,0,0,0,0,traj_sz=100
24.105,1.74595,0.340434,0.973666,1.77636,0.422603,0.997427,0.1128,66,68,0.0850491,0.0916415,0.3491,1.26009,0,24.105
24.1249,1.74644,0.341262,0.973964,0,0,0,0,66,68,0,0,0,0,0,traj_sz=100
24.1251,1.74644,0.341262,0.973964,1.77636,0.422603,0.997427,0.1128,66,68,0.0840958,0.0928845,0.3491,1.25913,0,24.1251
24.1449,1.74873,0.344983,0.984741,0,0,0,0,66,68,0,0,0,0,0,traj_sz=100
24.145,1.74873,0.344983,0.984741,1.77636,0.422603,0.997427,0.1128,66,68,0.0799474,0.0907057,0.3491,1.25478,0,24.145
24.1649,1.74899,0.345807,0.986128,0,0,0,0,66,68,0,0,0,0,0,traj_sz=100
24.165,1.74899,0.345807,0.986128,1.77636,0.422603,0.997427,0.1128,66,68,0.0791431,0.0920801,0.3491,1.25396,0,24.165
24.1849,1.74983,0.346439,0.99245,0,0,0,0,66,68,0,0,0,0,0,traj_sz=100
24.185,1.74983,0.346439,0.99245,1.77636,0.422603,0.997427,0.1128,66,68,0.078278,0.0932365,0.3491,1.25295,0,24.185
24.2049,1.75085,0.348495,0.994698,0,0,0,0,66,68,0,0,0,0,0,traj_sz=100
24.2051,1.75085,0.348495,0.994698,1.79881,0.457368,1.05111,0.122114,66,69,0.117425,0.0931806,0.3491,1.25069,0,24.2051
24.2248,1.75114,0.349558,0.992208,0,0,0,0,66,69,0,0,0,0,0,traj_sz=100
24.2251,1.75114,0.349558,0.992208,1.79881,0.457368,1.05111,0.122114,66,69,0.116332,0.0945061,0.3491,1.24967,0,24.2251
24.245,1.7537,0.353381,1.00287,0,0,0,0,66,69,0,0,0,0,0,traj_sz=100
24.245,1.7537,0.353381,1.00287,1.79881,0.457368,1.05111,0.122114,66,69,0.111926,0.0923736,0.3491,1.24507,0,24.245
24.2649,1.75433,0.354277,1.00757,0,0,0,0,66,69,0,0,0,0,0,traj_sz=100
24.2651,1.75433,0.354277,1.00757,1.79881,0.457368,1.05111,0.122114,66,69,0.110914,0.0937421,0.3491,1.24398,0,24.2651
24.2849,1.75493,0.355117,1.01164,0,0,0,0,66,69,0,0,0,0,0,traj_sz=100
24.2851,1.75493,0.355117,1.01164,1.79881,0.457368,1.05111,0.122114,66,69,0.109956,0.0951835,0.3491,1.24295,0,24.2851
24.3048,1.75587,0.357031,1.01434,0,0,0,0,66,69,0,0,0,0,0,traj_sz=100
24.3049,1.75587,0.357031,1.01434,1.79881,0.457368,1.05111,0.122114,66,69,0.107879,0.0955289,0.3491,1.24085,0,24.3049
24.3248,1.75674,0.358027,1.01685,0,0,0,0,66,69,0,0,0,0,0,traj_sz=100
24.3249,1.75674,0.358027,1.01685,1.79881,0.457368,1.05111,0.122114,66,69,0.106618,0.0966717,0.3491,1.23954,0,24.3249
24.3449,1.75831,0.361814,1.02404,0,0,0,0,66,69,0,0,0,0,0,traj_sz=100
24.345,1.75831,0.361814,1.02404,1.79881,0.457368,1.05111,0.122114,66,69,0.102678,0.0951649,0.3491,1.23556,0,24.345
24.3649,1.75913,0.362674,1.02856,0,0,0,0,66,69,0,0,0,0,0,traj_sz=100
24.365,1.75913,0.362674,1.02856,1.79881,0.457368,1.05111,0.122114,66,69,0.101587,0.0964535,0.3491,1.23438,0,24.365
24.3848,1.75956,0.363701,1.02888,0,0,0,0,66,69,0,0,0,0,0,traj_sz=100
24.3851,1.75956,0.363701,1.02888,1.79881,0.457368,1.05111,0.122114,66,69,0.10049,0.0978307,0.3491,1.2333,0,24.3851
24.4049,1.76045,0.365609,1.03262,0,0,0,0,66,69,0,0,0,0,0,traj_sz=100
24.405,1.76045,0.365609,1.03262,1.79881,0.457368,1.05111,0.122114,66,69,0.0984518,0.0982216,0.3491,1.23124,0,24.405
24.4249,1.7613,0.366667,1.03514,0,0,0,0,66,69,0,0,0,0,0,traj_sz=100
24.425,1.7613,0.366667,1.03514,1.79881,0.457368,1.05111,0.122114,67,69,0.097142,0.0993237,0.3491,1.22989,0,24.425
24.4449,1.76312,0.370426,1.04606,0,0,0,0,67,69,0,0,0,0,0,traj_sz=100
24.4451,1.76312,0.370426,1.04606,1.79881,0.457368,1.05111,0.122114,67,69,0.0931246,0.0976801,0.3491,1.22579,0,24.4451
24.4648,1.76396,0.371323,1.05008,0,0,0,0,67,69,0,0,0,0,0,traj_sz=100
24.4649,1.76396,0.371323,1.05008,1.79881,0.457368,1.05111,0.122114,67,69,0.0919761,0.0988945,0.3491,1.22456,0,24.4649
24.4848,1.76444,0.372264,1.05276,0,0,0,0,67,69,0,0,0,0,0,traj_sz=100
24.4849,1.76444,0.372264,1.05276,1.79881,0.457368,1.05111,0.122114,67,69,0.0909558,0.100305,0.3491,1.22352,0,24.4849
24.5049,1.76554,0.374171,1.0562,0,0,0,0,67,69,0,0,0,0,0,traj_sz=100
24.505,1.76554,0.374171,1.0562,1.79881,0.457368,1.05111,0.122114,67,69,0.0887995,0.10059,0.3491,1.22134,0,24.505
24.525,1.76586,0.37527,1.05644,0,0,0,0,67,69,0,0,0,0,0,traj_sz=100
24.5252,1.76586,0.37527,1.05644,1.79881,0.457368,1.05111,0.122114,67,69,0.0876865,0.101982,0.3491,1.22027,0,24.5252
24.5448,1.76802,0.378887,1.07222,0,0,0,0,67,69,0,0,0,0,0,traj_sz=100
24.545,1.76802,0.378887,1.07222,1.79881,0.457368,1.05111,0.122114,67,69,0.083649,0.100209,0.3491,1.21608,0,24.545
24.565,1.76867,0.379985,1.07516,0,0,0,0,67,69,0,0,0,0,0,traj_sz=100
24.5651,1.76867,0.379985,1.07516,1.79881,0.457368,1.05111,0.122114,67,69,0.0824047,0.101407,0.3491,1.21481,0,24.5651
24.5848,1.76927,0.380922,1.0775,0,0,0,0,67,69,0,0,0,0,0,traj_sz=100
24.5849,1.76927,0.380922,1.0775,1.79881,0.457368,1.05111,0.122114,67,69,0.0813217,0.102782,0.3491,1.21371,0,24.5849
24.6047,1.77032,0.382938,1.08225,0,0,0,0,67,69,0,0,0,0,0,traj_sz=100
24.6048,1.77032,0.382938,1.08225,1.79881,0.457368,1.05111,0.122114,67,69,0.0790967,0.103221,0.3491,1.21147,0,24.6048
24.6248,1.77084,0.384042,1.08485,0,0,0,0,67,69,0,0,0,0,0,traj_sz=100
24.6249,1.77084,0.384042,1.08485,1.79881,0.457368,1.05111,0.122114,67,69,0.0778985,0.10472,0.3491,1.21027,0,24.6249
24.6449,1.77286,0.388149,1.09561,0,0,0,0,67,69,0,0,0,0,0,traj_sz=100
24.645,1.77286,0.388149,1.09561,1.79881,0.457368,1.05111,0.122114,67,69,0.0734203,0.102908,0.3491,1.20577,0,24.645
24.6649,1.7735,0.389256,1.09815,0,0,0,0,67,69,0,0,0,0,0,traj_sz=100
24.6649,1.7735,0.389256,1.09815,1.79881,0.457368,1.05111,0.122114,67,69,0.0721669,0.10433,0.3491,1.2045,0,24.6649
24.6848,1.77396,0.390358,1.09966,0,0,0,0,67,69,0,0,0,0,0,traj_sz=100
24.685,1.77396,0.390358,1.09966,1.79881,0.457368,1.05111,0.122114,67,69,0.0709894,0.105863,0.3491,1.20335,0,24.685
24.7049,1.77494,0.39282,1.1037,0,0,0,0,67,69,0,0,0,0,0,traj_sz=100
24.7052,1.77494,0.39282,1.1037,1.79881,0.457368,1.05111,0.122114,67,69,0.0683808,0.105995,0.3491,1.20079,0,24.7052
24.7249,1.77554,0.393838,1.10681,0,0,0,0,67,69,0,0,0,0,0,traj_sz=100
24.725,1.77554,0.393838,1.10681,1.79881,0.457368,1.05111,0.122114,67,69,0.067228,0.107496,0.346408,1.19962,0,24.725
24.7448,1.77739,0.398177,1.11656,0,0,0,0,67,69,0,0,0,0,0,traj_sz=100
24.7449,1.77739,0.398177,1.11656,1.79881,0.457368,1.05111,0.122114,67,69,0.0625862,0.105544,0.327067,1.19504,0,24.7449
24.7649,1.77815,0.399371,1.11983,0,0,0,0,67,69,0,0,0,0,0,traj_sz=100
24.7651,1.77815,0.399371,1.11983,1.79881,0.457368,1.05111,0.122114,68,69,0.061205,0.106851,0.333095,1.19364,0,24.7651
24.7848,1.77824,0.400521,1.11949,0,0,0,0,68,69,0,0,0,0,0,traj_sz=100
24.7849,1.77824,0.400521,1.11949,1.79881,0.457368,1.05111,0.122114,68,69,0.0601262,0.108519,0.325117,1.19266,0,24.7849
24.8049,1.77935,0.402621,1.12563,0,0,0,0,68,69,0,0,0,0,0,traj_sz=100
24.805,1.77935,0.402621,1.12563,1.79881,0.457368,1.05111,0.122114,68,69,0.0577909,0.108856,0.319229,1.19032,0,24.805
24.8249,1.78026,0.403658,1.13163,0,0,0,0,68,69,0,0,0,0,0,traj_sz=100
24.825,1.78026,0.403658,1.13163,1.79881,0.457368,1.05111,0.122114,68,69,0.0565008,0.110181,0.319532,1.18895,0,24.825
24.8449,1.78216,0.408129,1.14056,0,0,0,0,68,69,0,0,0,0,0,traj_sz=100
24.845,1.78216,0.408129,1.14056,1.82106,0.496253,1.10923,0.128346,68,70,0.0963185,0.108092,0.30307,1.18424,0,24.845
24.8649,1.78231,0.40937,1.14065,0,0,0,0,68,70,0,0,0,0,0,traj_sz=100
24.865,1.78231,0.40937,1.14065,1.82106,0.496253,1.10923,0.128346,68,70,0.0951293,0.109664,0.294804,1.18316,0,24.865
24.8848,1.78293,0.41038,1.14554,0,0,0,0,68,70,0,0,0,0,0,traj_sz=100
24.8849,1.78293,0.41038,1.14554,1.82106,0.496253,1.10923,0.128346,68,70,0.0939535,0.111154,0.292303,1.18198,0,24.8849
24.9049,1.78371,0.412731,1.14661,0,0,0,0,68,70,0,0,0,0,0,traj_sz=100
24.905,1.78371,0.412731,1.14661,1.82106,0.496253,1.10923,0.128346,68,70,0.0914934,0.11146,0.282434,1.17964,0,24.905
24.9249,1.78447,0.413728,1.1516,0,0,0,0,68,70,0,0,0,0,0,traj_sz=100
24.925,1.78447,0.413728,1.1516,1.82106,0.496253,1.10923,0.128346,68,70,0.0902726,0.112887,0.28167,1.17838,0,24.925
24.9449,1.78602,0.418328,1.16068,0,0,0,0,68,70,0,0,0,0,0,traj_sz=100
24.945,1.78602,0.418328,1.16068,1.82106,0.496253,1.10923,0.128346,68,70,0.0854335,0.110867,0.259732,1.17379,0,24.945
24.9649,1.78681,0.419445,1.16595,0,0,0,0,68,70,0,0,0,0,0,traj_sz=100
24.965,1.78681,0.419445,1.16595,1.82106,0.496253,1.10923,0.128346,68,70,0.0840897,0.112283,0.258196,1.17242,0,24.965
24.9848,1.78731,0.420573,1.16873,0,0,0,0,68,70,0,0,0,0,0,traj_sz=100
24.9849,1.78731,0.420573,1.16873,1.82106,0.496253,1.10923,0.128346,68,70,0.0828502,0.113845,0.254112,1.17122,0,24.9849
25.0048,1.78818,0.422937,1.17269,0,0,0,0,68,70,0,0,0,0,0,traj_sz=100
25.0049,1.78818,0.422937,1.17269,1.82106,0.496253,1.10923,0.128346,68,70,0.0803289,0.114176,0.244034,1.16882,0,25.0049
25.0249,1.78828,0.424185,1.17373,0,0,0,0,68,70,0,0,0,0,0,traj_sz=100
25.025,1.78828,0.424185,1.17373,1.82106,0.496253,1.10923,0.128346,68,70,0.0791394,0.115878,0.234588,1.16777,0,25.025
25.0448,1.79018,0.428845,1.18325,0,0,0,0,68,70,0,0,0,0,0,traj_sz=100
25.0448,1.79018,0.428845,1.18325,1.82106,0.496253,1.10923,0.128346,68,70,0.0740789,0.113685,0.216374,1.16291,0,25.0448
25.0649,1.79066,0.429999,1.18695,0,0,0,0,68,70,0,0,0,0,0,traj_sz=100
25.065,1.79066,0.429999,1.18695,1.82106,0.496253,1.10923,0.128346,68,70,0.0728169,0.115258,0.211385,1.16171,0,25.065
25.085,1.79138,0.431185,1.19132,0,0,0,0,68,70,0,0,0,0,0,traj_sz=100
25.0851,1.79138,0.431185,1.19132,1.82106,0.496253,1.10923,0.128346,68,70,0.0714339,0.116674,0.208811,1.16033,0,25.0851
25.1049,1.79242,0.433753,1.19835,0,0,0,0,68,70,0,0,0,0,0,traj_sz=100
25.105,1.79242,0.433753,1.19835,1.82106,0.496253,1.10923,0.128346,68,70,0.0686381,0.116718,0.19786,1.15766,0,25.105
25.1249,1.79233,0.434931,1.19402,0,0,0,0,68,70,0,0,0,0,0,traj_sz=100
25.1252,1.79233,0.434931,1.19402,1.82106,0.496253,1.10923,0.128346,68,70,0.0675919,0.11856,0.189092,1.15678,0,25.1252
25.1449,1.79428,0.439967,1.2078,0,0,0,0,68,70,0,0,0,0,0,traj_sz=100
25.1449,1.79428,0.439967,1.2078,1.82106,0.496253,1.10923,0.128346,69,70,0.0621276,0.115998,0.185484,1.15161,0,25.1449
25.1649,1.79496,0.441162,1.21247,0,0,0,0,69,70,0,0,0,0,0,traj_sz=100
25.165,1.79496,0.441162,1.21247,1.84203,0.538412,1.16413,0.131707,69,71,0.10758,0.117403,0.183392,1.15024,0,25.165
25.1849,1.79525,0.442458,1.21228,0,0,0,0,69,71,0,0,0,0,0,traj_sz=100
25.1851,1.79525,0.442458,1.21228,1.84203,0.538412,1.16413,0.131707,69,71,0.106267,0.11894,0.177586,1.14904,0,25.1851
25.2048,1.79629,0.44483,1.22084,0,0,0,0,69,71,0,0,0,0,0,traj_sz=100
25.205,1.79629,0.44483,1.22084,1.84203,0.538412,1.16413,0.131707,69,71,0.103593,0.119138,0.169547,1.14654,0,25.205
25.2248,1.79648,0.446228,1.21875,0,0,0,0,69,71,0,0,0,0,0,traj_sz=100
25.2249,1.79648,0.446228,1.21875,1.84203,0.538412,1.16413,0.131707,69,71,0.102237,0.120598,0.16257,1.14531,0,25.2249
25.2448,1.79806,0.45131,1.22686,0,0,0,0,69,71,0,0,0,0,0,traj_sz=100
25.245,1.79806,0.45131,1.22686,1.84203,0.538412,1.16413,0.131707,69,71,0.0968293,0.118207,0.141591,1.14034,0,25.245
25.2647,1.79872,0.452403,1.23105,0,0,0,0,69,71,0,0,0,0,0,traj_sz=100
25.2648,1.79872,0.452403,1.23105,1.84203,0.538412,1.16413,0.131707,69,71,0.095525,0.119672,0.140232,1.13907,0,25.2648
25.2849,1.79877,0.453707,1.23158,0,0,0,0,69,71,0,0,0,0,0,traj_sz=100
25.2852,1.79877,0.453707,1.23158,1.84203,0.538412,1.16413,0.131707,69,71,0.0942734,0.121315,0.13087,1.13801,0,25.2852
25.3048,1.79951,0.456251,1.2333,0,0,0,0,69,71,0,0,0,0,0,traj_sz=100
25.3049,1.79951,0.456251,1.2333,1.84203,0.538412,1.16413,0.131707,69,71,0.0916063,0.12149,0.120793,1.13555,0,25.3049
25.3248,1.80014,0.457517,1.23835,0,0,0,0,69,71,0,0,0,0,0,traj_sz=100
25.325,1.80014,0.457517,1.23835,1.84203,0.538412,1.16413,0.131707,69,71,0.0901353,0.122865,0.117357,1.13416,0,25.325
25.3448,1.80102,0.460129,1.24083,0,0,0,0,69,71,0,0,0,0,0,traj_sz=100
25.3451,1.80102,0.460129,1.24083,1.84203,0.538412,1.16413,0.131707,69,71,0.0873479,0.122957,0.108168,1.13157,0,25.3451
25.3649,1.80197,0.463898,1.2454,0,0,0,0,69,71,0,0,0,0,0,traj_sz=100
25.3651,1.80197,0.463898,1.2454,1.84203,0.538412,1.16413,0.131707,69,71,0.0834105,0.121988,0.0904267,1.12802,0,25.3651
25.3848,1.80248,0.465208,1.24822,0,0,0,0,69,71,0,0,0,0,0,traj_sz=100
25.3849,1.80248,0.465208,1.24822,1.84203,0.538412,1.16413,0.131707,69,71,0.0819653,0.123355,0.0860532,1.12667,0,25.3849
25.4049,1.80317,0.467884,1.24951,0,0,0,0,69,71,0,0,0,0,0,traj_sz=100
25.4051,1.80317,0.467884,1.24951,1.84203,0.538412,1.16413,0.131707,69,71,0.0791904,0.123483,0.0745239,1.12414,0,25.4051
25.4248,1.80368,0.469142,1.25222,0,0,0,0,69,71,0,0,0,0,0,traj_sz=100
25.425,1.80368,0.469142,1.25222,1.84203,0.538412,1.16413,0.131707,69,71,0.0777952,0.124889,0.0706351,1.12284,0,25.425
25.4449,1.80528,0.474457,1.25635,0,0,0,0,69,71,0,0,0,0,0,traj_sz=100
25.445,1.80528,0.474457,1.25635,1.84203,0.538412,1.16413,0.131707,69,71,0.0721848,0.122242,0.0499599,1.11768,0,25.445
25.465,1.80528,0.474457,1.25635,0,0,0,0,69,71,0,0,0,0,0,traj_sz=100
25.4651,1.80528,0.474457,1.25635,1.84203,0.538412,1.16413,0.131707,69,71,0.0721848,0.12502,0.0499599,1.11768,0,25.4651
25.4849,1.80624,0.477119,1.26088,0,0,0,0,69,71,0,0,0,0,0,traj_sz=100
25.485,1.80624,0.477119,1.26088,1.84203,0.538412,1.16413,0.131707,69,71,0.0692865,0.124979,0.0406319,1.115,0,25.485
25.5048,1.8069,0.479903,1.26047,0,0,0,0,69,71,0,0,0,0,0,traj_sz=100
25.505,1.8069,0.479903,1.26047,1.84203,0.538412,1.16413,0.131707,70,71,0.066442,0.124986,0.0269475,1.11241,0,25.505
25.5248,1.80701,0.481356,1.26077,0,0,0,0,70,71,0,0,0,0,0,traj_sz=100
25.525,1.80701,0.481356,1.26077,1.84203,0.538412,1.16413,0.131707,70,71,0.0650188,0.12642,0.0186554,1.1112,0,25.525
25.5449,1.80906,0.486795,1.26611,0,0,0,0,70,71,0,0,0,0,0,traj_sz=100
25.545,1.80906,0.486795,1.26611,1.86114,0.58279,1.21269,0.132753,70,72,0.107196,0.123417,0.00742051,1.10567,0,25.545
25.5648,1.80927,0.4882,1.26592,0,0,0,0,70,72,0,0,0,0,0,traj_sz=100
25.5649,1.80927,0.4882,1.26592,1.86114,0.58279,1.21269,0.132753,70,72,0.105798,0.124824,0.000882026,1.10445,0,25.5649
25.5849,1.80962,0.489675,1.26522,0,0,0,0,70,72,0,0,0,0,0,traj_sz=100
25.585,1.80962,0.489675,1.26522,1.86114,0.58279,1.21269,0.132753,70,72,0.104301,0.126122,-0.00392684,1.10308,0,25.585
25.6049,1.81029,0.492477,1.26571,0,0,0,0,70,72,0,0,0,0,0,traj_sz=100
25.6051,1.81029,0.492477,1.26571,1.86114,0.58279,1.21269,0.132753,70,72,0.101415,0.126097,-0.0138322,1.10047,0,25.6051
25.625,1.81075,0.493802,1.26789,0,0,0,0,70,72,0,0,0,0,0,traj_sz=100
25.6251,1.81075,0.493802,1.26789,1.86114,0.58279,1.21269,0.132753,70,72,0.0999668,0.127462,-0.0174861,1.09915,0,25.6251
25.6448,1.8124,0.499407,1.27138,0,0,0,0,70,72,0,0,0,0,0,traj_sz=100
25.645,1.8124,0.499407,1.27138,1.86114,0.58279,1.21269,0.132753,70,72,0.0940505,0.124453,-0.0343998,1.09376,0,25.645
25.6648,1.8124,0.499407,1.27138,0,0,0,0,70,72,0,0,0,0,0,traj_sz=100
25.6651,1.8124,0.499407,1.27138,1.86114,0.58279,1.21269,0.132753,70,72,0.0940505,0.127218,-0.0343998,1.09376,0,25.6651
25.6847,1.81303,0.502315,1.27032,0,0,0,0,70,72,0,0,0,0,0,traj_sz=100
25.6849,1.81303,0.502315,1.27032,1.86114,0.58279,1.21269,0.132753,70,72,0.0911101,0.127045,-0.0449228,1.0911,0,25.6849
25.7049,1.81373,0.50525,1.26942,0,0,0,0,70,72,0,0,0,0,0,traj_sz=100
25.705,1.81373,0.50525,1.26942,1.86114,0.58279,1.21269,0.132753,70,72,0.0881191,0.126844,-0.0546969,1.08838,0,25.705
25.7249,1.81462,0.506642,1.27344,0,0,0,0,70,72,0,0,0,0,0,traj_sz=100
25.7252,1.81462,0.506642,1.27344,1.86114,0.58279,1.21269,0.132753,70,72,0.0864354,0.127936,-0.0537784,1.08674,0,25.7252
25.7448,1.81592,0.51231,1.27183,0,0,0,0,70,72,0,0,0,0,0,traj_sz=100
25.7449,1.81592,0.51231,1.27183,1.86114,0.58279,1.21269,0.132753,70,72,0.0806734,0.124959,-0.0735681,1.08152,0,25.7449
25.7649,1.81592,0.51231,1.27183,0,0,0,0,70,72,0,0,0,0,0,traj_sz=100
25.7652,1.81592,0.51231,1.27183,1.86114,0.58279,1.21269,0.132753,70,72,0.0806734,0.127699,-0.0735681,1.08152,0,25.7652
25.7848,1.81677,0.514995,1.27231,0,0,0,0,70,72,0,0,0,0,0,traj_sz=100
25.7849,1.81677,0.514995,1.27231,1.86114,0.58279,1.21269,0.132753,70,72,0.0778468,0.127602,-0.0802834,1.07891,0,25.7849
25.805,1.81736,0.517736,1.26989,0,0,0,0,70,72,0,0,0,0,0,traj_sz=100
25.8051,1.81736,0.517736,1.26989,1.86114,0.58279,1.21269,0.132753,70,72,0.0751078,0.127604,-0.0895608,1.07641,0,25.8051
25.8249,1.81781,0.519036,1.2722,0,0,0,0,70,72,0,0,0,0,0,traj_sz=100
25.8252,1.81781,0.519036,1.2722,1.86114,0.58279,1.21269,0.132753,70,72,0.0736798,0.128955,-0.0931888,1.07512,0,25.8252
25.845,1.81938,0.524185,1.27312,0,0,0,0,70,72,0,0,0,0,0,traj_sz=100
25.8451,1.81938,0.524185,1.27312,1.86114,0.58279,1.21269,0.132753,71,72,0.0682771,0.126333,-0.121239,1.07015,0,25.8451
25.8649,1.81964,0.525541,1.26941,0,0,0,0,71,72,0,0,0,0,0,traj_sz=100
25.865,1.81964,0.525541,1.26941,1.86114,0.58279,1.21269,0.132753,71,72,0.0669884,0.127685,-0.124014,1.06894,0,25.865
25.8849,1.82004,0.526829,1.27225,0,0,0,0,71,72,0,0,0,0,0,traj_sz=100
25.885,1.82004,0.526829,1.27225,1.86114,0.58279,1.21269,0.132753,71,72,0.0655744,0.129056,-0.127386,1.06769,0,25.885
25.9049,1.8208,0.529463,1.27081,0,0,0,0,71,72,0,0,0,0,0,traj_sz=100
25.905,1.8208,0.529463,1.27081,1.86114,0.58279,1.21269,0.132753,71,72,0.0628666,0.129055,-0.131921,1.06517,0,25.905
25.9249,1.82111,0.530898,1.2672,0,0,0,0,71,72,0,0,0,0,0,traj_sz=100
25.925,1.82111,0.530898,1.2672,1.87821,0.628403,1.25261,0.132183,71,73,0.110116,0.130318,-0.134523,1.06387,0,25.925
25.945,1.82272,0.536228,1.26556,0,0,0,0,71,73,0,0,0,0,0,traj_sz=100
25.9451,1.82272,0.536228,1.26556,1.87821,0.628403,1.25261,0.132183,71,73,0.104592,0.127512,-0.143279,1.05874,0,25.9451
25.9648,1.82327,0.53754,1.26582,0,0,0,0,71,73,0,0,0,0,0,traj_sz=100
25.9649,1.82327,0.53754,1.26582,1.87821,0.628403,1.25261,0.132183,71,73,0.103167,0.128763,-0.143549,1.05738,0,25.9649
25.9848,1.8236,0.538867,1.26646,0,0,0,0,71,73,0,0,0,0,0,traj_sz=100
25.985,1.8236,0.538867,1.26646,1.87821,0.628403,1.25261,0.132183,71,73,0.101786,0.13012,-0.147167,1.05615,0,25.985
26.0049,1.82443,0.541518,1.26575,0,0,0,0,71,73,0,0,0,0,0,traj_sz=100
26.0049,1.82443,0.541518,1.26575,1.87821,0.628403,1.25261,0.132183,71,73,0.0990249,0.13005,-0.151069,1.05358,0,26.0049
26.0248,1.82464,0.543091,1.26005,0,0,0,0,71,73,0,0,0,0,0,traj_sz=100
26.0249,1.82464,0.543091,1.26005,1.87821,0.628403,1.25261,0.132183,71,73,0.0976076,0.131215,-0.155057,1.05224,0,26.0249
26.0447,1.82631,0.548885,1.25431,0,0,0,0,71,73,0,0,0,0,0,traj_sz=100
26.0449,1.82631,0.548885,1.25431,1.87821,0.628403,1.25261,0.132183,71,73,0.0917206,0.12792,-0.163727,1.04673,0,26.0449
26.0649,1.82668,0.550148,1.25193,0,0,0,0,71,73,0,0,0,0,0,traj_sz=100
26.065,1.82668,0.550148,1.25193,1.87821,0.628403,1.25261,0.132183,71,73,0.0904651,0.129285,-0.165139,1.04553,0,26.065
26.0848,1.8275,0.551767,1.2535,0,0,0,0,71,73,0,0,0,0,0,traj_sz=100
26.0849,1.8275,0.551767,1.2535,1.87821,0.628403,1.25261,0.132183,71,73,0.088633,0.130096,-0.164173,1.04376,0,26.0849
26.1047,1.82806,0.554583,1.24819,0,0,0,0,71,73,0,0,0,0,0,traj_sz=100
26.1048,1.82806,0.554583,1.24819,1.87821,0.628403,1.25261,0.132183,71,73,0.0859106,0.129916,-0.170709,1.04124,0,26.1048
26.1247,1.82811,0.556183,1.24459,0,0,0,0,71,73,0,0,0,0,0,traj_sz=100
26.1248,1.82811,0.556183,1.24459,1.87821,0.628403,1.25261,0.132183,71,73,0.0844678,0.131063,-0.177981,1.03999,0,26.1248
26.1448,1.83024,0.561918,1.24053,0,0,0,0,71,73,0,0,0,0,0,traj_sz=100
26.145,1.83024,0.561918,1.24053,1.87821,0.628403,1.25261,0.132183,71,73,0.0784484,0.127605,-0.180804,1.03424,0,26.145
26.1649,1.83121,0.563495,1.24285,0,0,0,0,71,73,0,0,0,0,0,traj_sz=100
26.165,1.83121,0.563495,1.24285,1.87821,0.628403,1.25261,0.132183,71,73,0.0765888,0.128419,-0.177871,1.03241,0,26.165
26.1849,1.83107,0.564767,1.23817,0,0,0,0,71,73,0,0,0,0,0,traj_sz=100
26.185,1.83107,0.564767,1.23817,1.87821,0.628403,1.25261,0.132183,71,73,0.0755414,0.129935,-0.185229,1.03153,0,26.185
26.2049,1.83225,0.567748,1.23683,0,0,0,0,71,73,0,0,0,0,0,traj_sz=100
26.2051,1.83225,0.567748,1.23683,1.87821,0.628403,1.25261,0.132183,71,73,0.0723709,0.129381,-0.18607,1.0285,0,26.2051
26.2248,1.83245,0.568916,1.23467,0,0,0,0,71,73,0,0,0,0,0,traj_sz=100
26.2249,1.83245,0.568916,1.23467,1.87821,0.628403,1.25261,0.132183,72,73,0.0712512,0.13083,-0.208935,1.02748,0,26.2249
26.2447,1.83438,0.574383,1.22898,0,0,0,0,72,73,0,0,0,0,0,traj_sz=100
26.2449,1.83438,0.574383,1.22898,1.87821,0.628403,1.25261,0.132183,72,73,0.065588,0.127668,-0.208066,1.02208,0,26.2449
26.2647,1.83437,0.57581,1.2249,0,0,0,0,72,73,0,0,0,0,0,traj_sz=100
26.2649,1.83437,0.57581,1.2249,1.87821,0.628403,1.25261,0.132183,72,73,0.0643418,0.128976,-0.213801,1.021,0,26.2649
26.2849,1.83522,0.577184,1.22504,0,0,0,0,72,73,0,0,0,0,0,traj_sz=100
26.285,1.83522,0.577184,1.22504,1.87821,0.628403,1.25261,0.132183,72,73,0.0627588,0.130042,-0.209198,1.0194,0,26.285
26.3049,1.83595,0.579825,1.22185,0,0,0,0,72,73,0,0,0,0,0,traj_sz=100
26.3054,1.83595,0.579825,1.22185,1.89338,0.674463,1.28241,0.130748,72,74,0.10857,0.129955,-0.211344,1.01692,0,26.3054
26.3249,1.83648,0.581188,1.22132,0,0,0,0,72,74,0,0,0,0,0,traj_sz=100
26.3249,1.83648,0.581188,1.22132,1.89338,0.674463,1.28241,0.130748,72,74,0.107119,0.131105,-0.210805,1.01554,0,26.3249
26.3448,1.83859,0.586604,1.2156,0,0,0,0,72,74,0,0,0,0,0,traj_sz=100
26.3449,1.83859,0.586604,1.2156,1.89338,0.674463,1.28241,0.130748,72,74,0.101429,0.127916,-0.207107,1.01007,0,26.3449
26.3665,1.8387,0.587963,1.21019,0,0,0,0,72,74,0,0,0,0,0,traj_sz=100
26.3667,1.8387,0.587963,1.21019,1.89338,0.674463,1.28241,0.130748,72,74,0.10023,0.129474,-0.21025,1.00897,0,26.3667
26.3849,1.83941,0.589218,1.21121,0,0,0,0,72,74,0,0,0,0,0,traj_sz=100
26.385,1.83941,0.589218,1.21121,1.89338,0.674463,1.28241,0.130748,72,74,0.0987828,0.130455,-0.2073,1.00755,0,26.385
26.4049,1.8401,0.59197,1.20533,0,0,0,0,72,74,0,0,0,0,0,traj_sz=100
26.4051,1.8401,0.59197,1.20533,1.89338,0.674463,1.28241,0.130748,72,74,0.0960852,0.130281,-0.209428,1.00502,0,26.4051
26.4249,1.84063,0.593229,1.20531,0,0,0,0,72,74,0,0,0,0,0,traj_sz=100
26.425,1.84063,0.593229,1.20531,1.89338,0.674463,1.28241,0.130748,72,74,0.0947211,0.131501,-0.208594,1.00373,0,26.425
26.4448,1.84263,0.59857,1.19901,0,0,0,0,72,74,0,0,0,0,0,traj_sz=100
26.4449,1.84263,0.59857,1.19901,1.89338,0.674463,1.28241,0.130748,72,74,0.0891445,0.128362,-0.205768,0.99839,0,26.4449
26.4648,1.84296,0.600112,1.19459,0,0,0,0,72,74,0,0,0,0,0,traj_sz=100
26.4649,1.84296,0.600112,1.19459,1.89338,0.674463,1.28241,0.130748,72,74,0.087676,0.129378,-0.20727,0.997013,0,26.4649
26.4849,1.84369,0.601364,1.19433,0,0,0,0,72,74,0,0,0,0,0,traj_sz=100
26.485,1.84369,0.601364,1.19433,1.89338,0.674463,1.28241,0.130748,72,74,0.0862473,0.130528,-0.203468,0.995589,0,26.485
26.5049,1.84485,0.604132,1.1916,0,0,0,0,72,74,0,0,0,0,0,traj_sz=100
26.505,1.84485,0.604132,1.1916,1.89338,0.674463,1.28241,0.130748,72,74,0.0833002,0.130108,-0.200536,0.992745,0,26.505
26.5249,1.84534,0.605545,1.18976,0,0,0,0,72,74,0,0,0,0,0,traj_sz=100
26.5251,1.84534,0.605545,1.18976,1.89338,0.674463,1.28241,0.130748,72,74,0.0818417,0.131199,-0.200259,0.991361,0,26.5251
26.5449,1.84731,0.610938,1.18175,0,0,0,0,72,74,0,0,0,0,0,traj_sz=100
26.545,1.84731,0.610938,1.18175,1.89338,0.674463,1.28241,0.130748,72,74,0.0762534,0.128018,-0.197326,0.986012,0,26.545
26.5649,1.84789,0.61235,1.18067,0,0,0,0,72,74,0,0,0,0,0,traj_sz=100
26.565,1.84789,0.61235,1.18067,1.89338,0.674463,1.28241,0.130748,72,74,0.0747467,0.129072,-0.196103,0.98457,0,26.565
26.5848,1.84807,0.613886,1.17583,0,0,0,0,72,74,0,0,0,0,0,traj_sz=100
26.5849,1.84807,0.613886,1.17583,1.89338,0.674463,1.28241,0.130748,73,74,0.0733487,0.130131,-0.223473,0.983301,0,26.5849
26.6048,1.84923,0.616616,1.17235,0,0,0,0,73,74,0,0,0,0,0,traj_sz=100
26.6049,1.84923,0.616616,1.17235,1.89338,0.674463,1.28241,0.130748,73,74,0.0704465,0.12974,-0.218197,0.980489,0,26.6049
26.6249,1.84981,0.618,1.17229,0,0,0,0,73,74,0,0,0,0,0,traj_sz=100
26.625,1.84981,0.618,1.17229,1.89338,0.674463,1.28241,0.130748,73,74,0.0689449,0.130833,-0.216307,0.979065,0,26.625
26.6447,1.85214,0.623387,1.16633,0,0,0,0,73,74,0,0,0,0,0,traj_sz=100
26.6448,1.85214,0.623387,1.16633,1.90702,0.72045,1.30131,0.129076,73,75,0.11083,0.12753,-0.20581,0.973496,0,26.6448
26.6649,1.85262,0.624749,1.16403,0,0,0,0,73,75,0,0,0,0,0,traj_sz=100
26.665,1.85262,0.624749,1.16403,1.90702,0.72045,1.30131,0.129076,73,75,0.109416,0.128681,-0.204319,0.972159,0,26.665
26.6849,1.85323,0.626093,1.16289,0,0,0,0,73,75,0,0,0,0,0,traj_sz=100
26.6853,1.85323,0.626093,1.16289,1.90702,0.72045,1.30131,0.129076,73,75,0.107955,0.129793,-0.201428,0.970752,0,26.6853
26.7048,1.85364,0.628721,1.15078,0,0,0,0,73,75,0,0,0,0,0,traj_sz=100
26.7049,1.85364,0.628721,1.15078,1.90702,0.72045,1.30131,0.129076,73,75,0.105523,0.129729,-0.202414,0.968517,0,26.7049
26.7248,1.85476,0.63013,1.15634,0,0,0,0,73,75,0,0,0,0,0,traj_sz=100
26.7249,1.85476,0.63013,1.15634,1.90702,0.72045,1.30131,0.129076,73,75,0.103719,0.130609,-0.195615,0.966722,0,26.7249
26.7447,1.85661,0.635396,1.14483,0,0,0,0,73,75,0,0,0,0,0,traj_sz=100
26.7449,1.85661,0.635396,1.14483,1.90702,0.72045,1.30131,0.129076,73,75,0.0982836,0.127594,-0.188776,0.961567,0,26.7449
26.7649,1.85718,0.636606,1.14314,0,0,0,0,73,75,0,0,0,0,0,traj_sz=100
26.765,1.85718,0.636606,1.14314,1.90702,0.72045,1.30131,0.129076,73,75,0.0969641,0.128854,-0.185558,0.960286,0,26.765
26.7848,1.85778,0.637927,1.14156,0,0,0,0,73,75,0,0,0,0,0,traj_sz=100
26.785,1.85778,0.637927,1.14156,1.90702,0.72045,1.30131,0.129076,73,75,0.0955304,0.129976,-0.182535,0.958905,0,26.785
26.8049,1.85873,0.640383,1.13772,0,0,0,0,73,75,0,0,0,0,0,traj_sz=100
26.8051,1.85873,0.640383,1.13772,1.90702,0.72045,1.30131,0.129076,73,75,0.0929394,0.129893,-0.178707,0.956441,0,26.8051
26.8249,1.85931,0.641813,1.13539,0,0,0,0,73,75,0,0,0,0,0,traj_sz=100
26.825,1.85931,0.641813,1.13539,1.90702,0.72045,1.30131,0.129076,73,75,0.0914219,0.130874,-0.176085,0.954991,0,26.825
26.8448,1.86149,0.64706,1.12845,0,0,0,0,73,75,0,0,0,0,0,traj_sz=100
26.845,1.86149,0.64706,1.12845,1.90702,0.72045,1.30131,0.129076,73,75,0.0858147,0.127732,-0.166546,0.94964,0,26.845
26.8648,1.86194,0.648432,1.12643,0,0,0,0,73,75,0,0,0,0,0,traj_sz=100
26.8649,1.86194,0.648432,1.12643,1.90702,0.72045,1.30131,0.129076,73,75,0.084404,0.128815,-0.165742,0.948325,0,26.8649
26.8849,1.86254,0.649791,1.12334,0,0,0,0,73,75,0,0,0,0,0,traj_sz=100
26.885,1.86254,0.649791,1.12334,1.90702,0.72045,1.30131,0.129076,73,75,0.0829487,0.129875,-0.162158,0.946916,0,26.885
26.9049,1.86377,0.652458,1.12038,0,0,0,0,73,75,0,0,0,0,0,traj_sz=100
26.905,1.86377,0.652458,1.12038,1.90702,0.72045,1.30131,0.129076,73,75,0.0800389,0.129493,-0.155797,0.944115,0,26.905
26.9249,1.86429,0.653817,1.11778,0,0,0,0,73,75,0,0,0,0,0,traj_sz=100
26.925,1.86429,0.653817,1.11778,1.90702,0.72045,1.30131,0.129076,73,75,0.0786125,0.130569,-0.153555,0.942759,0,26.925
26.9449,1.86678,0.659112,1.11103,0,0,0,0,73,75,0,0,0,0,0,traj_sz=100
26.945,1.86678,0.659112,1.11103,1.90702,0.72045,1.30131,0.129076,74,75,0.0728236,0.127296,-0.167037,0.937172,0,26.945
26.9649,1.86695,0.660466,1.1064,0,0,0,0,74,75,0,0,0,0,0,traj_sz=100
26.965,1.86695,0.660466,1.1064,1.90702,0.72045,1.30131,0.129076,74,75,0.0715791,0.12849,-0.168365,0.936062,0,26.965
26.9849,1.86792,0.66168,1.10815,0,0,0,0,74,75,0,0,0,0,0,traj_sz=100
26.985,1.86792,0.66168,1.10815,1.90702,0.72045,1.30131,0.129076,74,75,0.0700422,0.129574,-0.160337,0.93451,0,26.985
27.0048,1.86892,0.66427,1.10299,0,0,0,0,74,75,0,0,0,0,0,traj_sz=100
27.0049,1.86892,0.66427,1.10299,1.90702,0.72045,1.30131,0.129076,74,75,0.067325,0.129322,-0.154716,0.931928,0,27.0049
27.0248,1.86946,0.665543,1.10174,0,0,0,0,74,75,0,0,0,0,0,traj_sz=100
27.0249,1.86946,0.665543,1.10174,1.90702,0.72045,1.30131,0.129076,74,75,0.0659551,0.130484,-0.15178,0.930624,0,27.0249
27.0449,1.87194,0.670772,1.09487,0,0,0,0,74,75,0,0,0,0,0,traj_sz=100
27.045,1.87194,0.670772,1.09487,1.91963,0.766095,1.30894,0.127646,74,76,0.106581,0.127298,-0.135393,0.925102,0,27.045
27.0649,1.87247,0.672143,1.09248,0,0,0,0,74,76,0,0,0,0,0,traj_sz=100
27.065,1.87247,0.672143,1.09248,1.91963,0.766095,1.30894,0.127646,74,76,0.105116,0.128362,-0.132517,0.923735,0,27.065
27.0849,1.87308,0.673361,1.09135,0,0,0,0,74,76,0,0,0,0,0,traj_sz=100
27.085,1.87308,0.673361,1.09135,1.91963,0.766095,1.30894,0.127646,74,76,0.103752,0.129562,-0.128418,0.922426,0,27.085
27.1048,1.8744,0.676001,1.08801,0,0,0,0,74,76,0,0,0,0,0,traj_sz=100
27.105,1.8744,0.676001,1.08801,1.91963,0.766095,1.30894,0.127646,74,76,0.100794,0.129182,-0.11919,0.919592,0,27.105
27.1247,1.87494,0.677261,1.08634,0,0,0,0,74,76,0,0,0,0,0,traj_sz=100
27.1249,1.87494,0.677261,1.08634,1.91963,0.766095,1.30894,0.127646,74,76,0.0994257,0.130339,-0.116068,0.918302,0,27.1249
27.1449,1.87744,0.682436,1.08007,0,0,0,0,74,76,0,0,0,0,0,traj_sz=100
27.145,1.87744,0.682436,1.08007,1.91963,0.766095,1.30894,0.127646,74,76,0.0936693,0.127214,-0.0993519,0.91281,0,27.145
27.1649,1.87772,0.683704,1.07625,0,0,0,0,74,76,0,0,0,0,0,traj_sz=100
27.1651,1.87772,0.683704,1.07625,1.91963,0.766095,1.30894,0.127646,74,76,0.092409,0.128445,-0.0989686,0.911689,0,27.1651
27.1849,1.87869,0.684809,1.07718,0,0,0,0,74,76,0,0,0,0,0,traj_sz=100
27.185,1.87869,0.684809,1.07718,1.91963,0.766095,1.30894,0.127646,74,76,0.0909807,0.1296,-0.0902142,0.910223,0,27.185
27.2049,1.87986,0.68756,1.07292,0,0,0,0,74,76,0,0,0,0,0,traj_sz=100
27.2051,1.87986,0.68756,1.07292,1.91963,0.766095,1.30894,0.127646,74,76,0.087994,0.129151,-0.0832052,0.907415,0,27.2051
27.2249,1.88056,0.688885,1.07169,0,0,0,0,74,76,0,0,0,0,0,traj_sz=100
27.225,1.88056,0.688885,1.07169,1.91963,0.766095,1.30894,0.127646,74,76,0.0864925,0.130177,-0.0782387,0.905969,0,27.225
27.2449,1.88325,0.693959,1.06609,0,0,0,0,74,76,0,0,0,0,0,traj_sz=100
27.245,1.88325,0.693959,1.06609,1.91963,0.766095,1.30894,0.127646,74,76,0.0807355,0.127057,-0.0587407,0.900431,0,27.245
27.2648,1.88398,0.695239,1.06551,0,0,0,0,74,76,0,0,0,0,0,traj_sz=100
27.2651,1.88398,0.695239,1.06551,1.91963,0.766095,1.30894,0.127646,74,76,0.0792576,0.128143,-0.0533663,0.898995,0,27.2651
27.2849,1.88469,0.696476,1.06404,0,0,0,0,74,76,0,0,0,0,0,traj_sz=100
27.2851,1.88469,0.696476,1.06404,1.91963,0.766095,1.30894,0.127646,74,76,0.0778291,0.129273,-0.0478316,0.89761,0,27.2851
27.3049,1.88596,0.699074,1.06156,0,0,0,0,74,76,0,0,0,0,0,traj_sz=100
27.305,1.88596,0.699074,1.06156,1.91963,0.766095,1.30894,0.127646,74,76,0.0749323,0.128925,-0.03949,0.894847,0,27.305
27.3249,1.88657,0.700475,1.05885,0,0,0,0,74,76,0,0,0,0,0,traj_sz=100
27.3251,1.88657,0.700475,1.05885,1.91963,0.766095,1.30894,0.127646,74,76,0.0734022,0.129927,-0.0354523,0.893408,0,27.3251
27.3449,1.88938,0.705503,1.05538,0,0,0,0,74,76,0,0,0,0,0,traj_sz=100
27.345,1.88938,0.705503,1.05538,1.91963,0.766095,1.30894,0.127646,75,76,0.0676315,0.126817,-0.0445271,0.887827,0,27.345
27.3648,1.89,0.70673,1.05412,0,0,0,0,75,76,0,0,0,0,0,traj_sz=100
27.3651,1.89,0.70673,1.05412,1.91963,0.766095,1.30894,0.127646,75,76,0.0662508,0.127978,-0.0397968,0.886505,0,27.3651
27.3849,1.89054,0.708133,1.05185,0,0,0,0,75,76,0,0,0,0,0,traj_sz=100
27.385,1.89054,0.708133,1.05185,1.91963,0.766095,1.30894,0.127646,75,76,0.0647566,0.128987,-0.0365744,0.885116,0,27.385
27.4049,1.89216,0.710561,1.05187,0,0,0,0,75,76,0,0,0,0,0,traj_sz=100
27.405,1.89216,0.710561,1.05187,1.93176,0.811328,1.30519,0.126669,75,77,0.10714,0.128729,-0.0228863,0.882241,0,27.405
27.4249,1.89261,0.711792,1.04989,0,0,0,0,75,77,0,0,0,0,0,traj_sz=100
27.425,1.89261,0.711792,1.04989,1.93176,0.811328,1.30519,0.126669,75,77,0.105817,0.129929,-0.020406,0.881039,0,27.425
27.4447,1.89548,0.716689,1.04805,0,0,0,0,75,77,0,0,0,0,0,traj_sz=100
27.4448,1.89548,0.716689,1.04805,1.93176,0.811328,1.30519,0.126669,75,77,0.100112,0.126924,0.00237145,0.875514,0,27.4448
27.4649,1.89548,0.716689,1.04805,0,0,0,0,75,77,0,0,0,0,0,traj_sz=100
27.465,1.89548,0.716689,1.04805,1.93176,0.811328,1.30519,0.126669,75,77,0.100112,0.129466,0.00237145,0.875514,0,27.465
27.4849,1.89665,0.719263,1.04462,0,0,0,0,75,77,0,0,0,0,0,traj_sz=100
27.485,1.89665,0.719263,1.04462,1.93176,0.811328,1.30519,0.126669,75,77,0.0972468,0.129185,0.0104767,0.872848,0,27.485
27.5048,1.89787,0.721702,1.04168,0,0,0,0,75,77,0,0,0,0,0,traj_sz=100
27.5049,1.89787,0.721702,1.04168,1.93176,0.811328,1.30519,0.126669,75,77,0.0944772,0.129007,0.0197125,0.870242,0,27.5049
27.5249,1.89877,0.722886,1.04404,0,0,0,0,75,77,0,0,0,0,0,traj_sz=100
27.525,1.89877,0.722886,1.04404,1.93176,0.811328,1.30519,0.126669,75,77,0.0930368,0.130144,0.0269879,0.868762,0,27.525
27.5448,1.90135,0.727952,1.03948,0,0,0,0,75,77,0,0,0,0,0,traj_sz=100
27.5449,1.90135,0.727952,1.03948,1.93176,0.811328,1.30519,0.126669,75,77,0.0872899,0.127061,0.0460689,0.863323,0,27.5449
27.5648,1.90201,0.729228,1.0377,0,0,0,0,75,77,0,0,0,0,0,traj_sz=100
27.5649,1.90201,0.729228,1.0377,1.93176,0.811328,1.30519,0.126669,75,77,0.0858284,0.128166,0.0512837,0.861948,0,27.5649
27.5849,1.90264,0.730504,1.03633,0,0,0,0,75,77,0,0,0,0,0,traj_sz=100
27.585,1.90264,0.730504,1.03633,1.93176,0.811328,1.30519,0.126669,75,77,0.084384,0.129278,0.0560147,0.860587,0,27.585
27.6049,1.90418,0.73297,1.03672,0,0,0,0,75,77,0,0,0,0,0,traj_sz=100
27.6051,1.90418,0.73297,1.03672,1.93176,0.811328,1.30519,0.126669,75,77,0.0814876,0.128998,0.068149,0.857749,0,27.6051
27.625,1.90492,0.734358,1.03642,0,0,0,0,75,77,0,0,0,0,0,traj_sz=100
27.6251,1.90492,0.734358,1.03642,1.93176,0.811328,1.30519,0.126669,75,77,0.0799082,0.129967,0.0735201,0.856232,0,27.6251
27.6448,1.90779,0.739627,1.03436,0,0,0,0,75,77,0,0,0,0,0,traj_sz=100
27.645,1.90779,0.739627,1.03436,1.93176,0.811328,1.30519,0.126669,75,77,0.0738799,0.126616,0.0948676,0.850452,0,27.645
27.6648,1.90845,0.740852,1.0343,0,0,0,0,75,77,0,0,0,0,0,traj_sz=100
27.6649,1.90845,0.740852,1.0343,1.93176,0.811328,1.30519,0.126669,75,77,0.0724906,0.127756,0.0994903,0.849116,0,27.6649
27.6849,1.90922,0.742113,1.03442,0,0,0,0,75,77,0,0,0,0,0,traj_sz=100
27.6849,1.90922,0.742113,1.03442,1.93176,0.811328,1.30519,0.126669,75,77,0.0710126,0.128846,0.105618,0.847671,0,27.6849
27.7049,1.91048,0.744935,1.03217,0,0,0,0,75,77,0,0,0,0,0,traj_sz=100
27.705,1.91048,0.744935,1.03217,1.93176,0.811328,1.30519,0.126669,76,77,0.0679061,0.128305,0.0801607,0.844767,0,27.705
27.7249,1.91138,0.745989,1.03575,0,0,0,0,76,77,0,0,0,0,0,traj_sz=100
27.725,1.91138,0.745989,1.03575,1.93176,0.811328,1.30519,0.126669,76,77,0.0665991,0.129553,0.0874135,0.843388,0,27.725
27.7448,1.91423,0.751251,1.03395,0,0,0,0,76,77,0,0,0,0,0,traj_sz=100
27.745,1.91423,0.751251,1.03395,1.94395,0.856169,1.28997,0.126136,76,78,0.10536,0.126229,0.109062,0.837634,0,27.745
27.7649,1.91423,0.751251,1.03395,0,0,0,0,76,78,0,0,0,0,0,traj_sz=100
27.765,1.91423,0.751251,1.03395,1.94395,0.856169,1.28997,0.126136,76,78,0.10536,0.128736,0.109062,0.837634,0,27.765
27.7848,1.91571,0.75382,1.03384,0,0,0,0,76,78,0,0,0,0,0,traj_sz=100
27.7849,1.91571,0.75382,1.03384,1.94395,0.856169,1.28997,0.126136,76,78,0.102389,0.128362,0.120674,0.834758,0,27.7849
27.8049,1.91708,0.756298,1.03502,0,0,0,0,76,78,0,0,0,0,0,traj_sz=100
27.8051,1.91708,0.756298,1.03502,1.94395,0.856169,1.28997,0.126136,76,78,0.0995918,0.128134,0.13038,0.832029,0,27.8051
27.8249,1.91777,0.757618,1.03555,0,0,0,0,76,78,0,0,0,0,0,traj_sz=100
27.825,1.91777,0.757618,1.03555,1.94395,0.856169,1.28997,0.126136,76,78,0.09812,0.129174,0.134988,0.830605,0,27.825
27.8449,1.92062,0.762634,1.03836,0,0,0,0,76,78,0,0,0,0,0,traj_sz=100
27.8451,1.92062,0.762634,1.03836,1.94395,0.856169,1.28997,0.126136,76,78,0.0924289,0.126108,0.155527,0.825032,0,27.8451
27.8649,1.9213,0.763994,1.03706,0,0,0,0,76,78,0,0,0,0,0,traj_sz=100
27.865,1.9213,0.763994,1.03706,1.94395,0.856169,1.28997,0.126136,76,78,0.0908795,0.127115,0.160617,0.82359,0,27.865
27.8849,1.92205,0.765159,1.03971,0,0,0,0,76,78,0,0,0,0,0,traj_sz=100
27.885,1.92205,0.765159,1.03971,1.94395,0.856169,1.28997,0.126136,76,78,0.0895665,0.128296,0.165773,0.822233,0,27.885
27.9049,1.92349,0.767684,1.03983,0,0,0,0,76,78,0,0,0,0,0,traj_sz=100
27.9051,1.92349,0.767684,1.03983,1.94395,0.856169,1.28997,0.126136,76,78,0.086665,0.127996,0.176735,0.819427,0,27.9051
27.925,1.92415,0.768859,1.04146,0,0,0,0,76,78,0,0,0,0,0,traj_sz=100
27.9252,1.92415,0.768859,1.04146,1.94395,0.856169,1.28997,0.126136,76,78,0.085357,0.129191,0.181126,0.818122,0,27.9252
27.9449,1.92692,0.774075,1.04465,0,0,0,0,76,78,0,0,0,0,0,traj_sz=100
27.945,1.92692,0.774075,1.04465,1.94395,0.856169,1.28997,0.126136,76,78,0.0795406,0.125913,0.199582,0.812468,0,27.945
27.9648,1.92757,0.7755,1.04389,0,0,0,0,76,78,0,0,0,0,0,traj_sz=100
27.965,1.92757,0.7755,1.04389,1.94395,0.856169,1.28997,0.126136,76,78,0.077962,0.126867,0.203809,0.811,0,27.965
27.9849,1.92831,0.776799,1.04471,0,0,0,0,76,78,0,0,0,0,0,traj_sz=100
27.985,1.92831,0.776799,1.04471,1.94395,0.856169,1.28997,0.126136,76,78,0.0764936,0.127929,0.208986,0.809564,0,27.985
28.0049,1.92986,0.77934,1.04867,0,0,0,0,76,78,0,0,0,0,0,traj_sz=100
28.005,1.92986,0.77934,1.04867,1.94395,0.856169,1.28997,0.126136,76,78,0.0736204,0.127565,0.219834,0.806669,0,28.005
28.0248,1.93046,0.780508,1.04993,0,0,0,0,76,78,0,0,0,0,0,traj_sz=100
28.0249,1.93046,0.780508,1.04993,1.94395,0.856169,1.28997,0.126136,76,78,0.0723387,0.128766,0.223498,0.805415,0,28.0249
28.0448,1.93327,0.785643,1.05376,0,0,0,0,76,78,0,0,0,0,0,traj_sz=100
28.0449,1.93327,0.785643,1.05376,1.94395,0.856169,1.28997,0.126136,76,78,0.0665885,0.125575,0.24244,0.799804,0,28.0449
28.0649,1.93392,0.786819,1.05511,0,0,0,0,76,78,0,0,0,0,0,traj_sz=100
28.0651,1.93392,0.786819,1.05511,1.94395,0.856169,1.28997,0.126136,77,78,0.0652774,0.126796,0.210923,0.798511,0,28.0651
28.0849,1.93458,0.788165,1.05615,0,0,0,0,77,78,0,0,0,0,0,traj_sz=100
28.0851,1.93458,0.788165,1.05615,1.94395,0.856169,1.28997,0.126136,77,78,0.0638049,0.127812,0.214782,0.79709,0,28.0851
28.1049,1.93576,0.790663,1.05838,0,0,0,0,77,78,0,0,0,0,0,traj_sz=100
28.105,1.93576,0.790663,1.05838,1.94395,0.856169,1.28997,0.126136,77,78,0.0611059,0.127589,0.221019,0.794493,0,28.105
28.1248,1.93657,0.791901,1.05941,0,0,0,0,77,78,0,0,0,0,0,traj_sz=100
28.125,1.93657,0.791901,1.05941,1.94395,0.856169,1.28997,0.126136,77,78,0.059656,0.128678,0.227403,0.793047,0,28.125
28.1448,1.93918,0.796763,1.06688,0,0,0,0,77,78,0,0,0,0,0,traj_sz=100
28.1449,1.93918,0.796763,1.06688,1.95678,0.900632,1.26323,0.12591,77,79,0.0994554,0.125785,0.242621,0.787775,0,28.1449
28.1648,1.93981,0.797968,1.07005,0,0,0,0,77,79,0,0,0,0,0,traj_sz=100
28.165,1.93981,0.797968,1.07005,1.95678,0.900632,1.26323,0.12591,77,79,0.098209,0.126966,0.245496,0.786484,0,28.165
28.1849,1.94033,0.799331,1.06944,0,0,0,0,77,79,0,0,0,0,0,traj_sz=100
28.185,1.94033,0.799331,1.06944,1.95678,0.900632,1.26323,0.12591,77,79,0.0967391,0.128016,0.248029,0.785153,0,28.185
28.2049,1.9413,0.801758,1.07174,0,0,0,0,77,79,0,0,0,0,0,traj_sz=100
28.205,1.9413,0.801758,1.07174,1.95678,0.900632,1.26323,0.12591,77,79,0.094224,0.127917,0.251421,0.782762,0,28.205
28.2249,1.9422,0.802826,1.07615,0,0,0,0,77,79,0,0,0,0,0,traj_sz=100
28.2251,1.9422,0.802826,1.07615,1.95678,0.900632,1.26323,0.12591,77,79,0.0930031,0.129152,0.258304,0.781369,0,28.2251
28.2449,1.94489,0.807797,1.08429,0,0,0,0,77,79,0,0,0,0,0,traj_sz=100
28.245,1.94489,0.807797,1.08429,1.95678,0.900632,1.26323,0.12591,77,79,0.0876219,0.126139,0.273998,0.77597,0,28.245
28.2651,1.9453,0.809073,1.0843,0,0,0,0,77,79,0,0,0,0,0,traj_sz=100
28.2652,1.9453,0.809073,1.0843,1.95678,0.900632,1.26323,0.12591,77,79,0.0863043,0.127319,0.27484,0.774788,0,28.2652
28.2849,1.94618,0.810247,1.08763,0,0,0,0,77,79,0,0,0,0,0,traj_sz=100
28.2851,1.94618,0.810247,1.08763,1.95678,0.900632,1.26323,0.12591,77,79,0.0849604,0.128429,0.281569,0.773333,0,28.2851
28.3049,1.94689,0.813021,1.0861,0,0,0,0,77,79,0,0,0,0,0,traj_sz=100
28.305,1.94689,0.813021,1.0861,1.95678,0.900632,1.26323,0.12591,77,79,0.0821291,0.128047,0.281513,0.770896,0,28.305
28.3249,1.94785,0.814013,1.09307,0,0,0,0,77,79,0,0,0,0,0,traj_sz=100
28.325,1.94785,0.814013,1.09307,1.95678,0.900632,1.26323,0.12591,77,79,0.0810253,0.12933,0.288453,0.769511,0,28.325
28.3449,1.95022,0.818948,1.10039,0,0,0,0,77,79,0,0,0,0,0,traj_sz=100
28.345,1.95022,0.818948,1.10039,1.95678,0.900632,1.26323,0.12591,77,79,0.0757855,0.126441,0.29995,0.764379,0,28.345
28.3649,1.95074,0.820341,1.10069,0,0,0,0,77,79,0,0,0,0,0,traj_sz=100
28.3651,1.95074,0.820341,1.10069,1.95678,0.900632,1.26323,0.12591,77,79,0.0743175,0.127453,0.301866,0.763038,0,28.3651
28.385,1.9511,0.821706,1.10255,0,0,0,0,77,79,0,0,0,0,0,traj_sz=100
28.3851,1.9511,0.821706,1.10255,1.95678,0.900632,1.26323,0.12591,77,79,0.072994,0.128537,0.300869,0.761831,0,28.3851
28.4049,1.95242,0.824083,1.10703,0,0,0,0,77,79,0,0,0,0,0,traj_sz=100
28.405,1.95242,0.824083,1.10703,1.95678,0.900632,1.26323,0.12591,77,79,0.0704128,0.128371,0.308651,0.75923,0,28.405
28.4249,1.95317,0.825359,1.1113,0,0,0,0,77,79,0,0,0,0,0,traj_sz=100
28.425,1.95317,0.825359,1.1113,1.95678,0.900632,1.26323,0.12591,77,79,0.0690651,0.129433,0.312563,0.757805,0,28.425
28.4449,1.95545,0.830482,1.1187,0,0,0,0,77,79,0,0,0,0,0,traj_sz=100
28.445,1.95545,0.830482,1.1187,1.95678,0.900632,1.26323,0.12591,78,79,0.0636827,0.12637,0.284349,0.752617,0,28.445
28.4649,1.95605,0.831769,1.12287,0,0,0,0,78,79,0,0,0,0,0,traj_sz=100
28.4649,1.95605,0.831769,1.12287,1.95678,0.900632,1.26323,0.12591,78,79,0.0623865,0.127454,0.285727,0.751296,0,28.4649
28.4848,1.95654,0.833099,1.12445,0,0,0,0,78,79,0,0,0,0,0,traj_sz=100
28.485,1.95654,0.833099,1.12445,1.95678,0.900632,1.26323,0.12591,78,79,0.0610192,0.128533,0.286598,0.750022,0,28.485
28.5048,1.95757,0.835649,1.12844,0,0,0,0,78,79,0,0,0,0,0,traj_sz=100
28.5049,1.95757,0.835649,1.12844,1.95678,0.900632,1.26323,0.12591,78,79,0.0583916,0.128284,0.288948,0.747523,0,28.5049
28.5249,1.95816,0.836897,1.13194,0,0,0,0,78,79,0,0,0,0,0,traj_sz=100
28.5251,1.95816,0.836897,1.13194,1.95678,0.900632,1.26323,0.12591,78,79,0.0571091,0.129427,0.290732,0.746235,0,28.5251
28.5448,1.96023,0.841917,1.14104,0,0,0,0,78,79,0,0,0,0,0,traj_sz=100
28.545,1.96023,0.841917,1.14104,1.97076,0.944656,1.225,0.125779,78,80,0.0977831,0.126503,0.295636,0.741281,0,28.545
28.5649,1.9607,0.843206,1.14384,0,0,0,0,78,80,0,0,0,0,0,traj_sz=100
28.565,1.9607,0.843206,1.14384,1.97076,0.944656,1.225,0.125779,78,80,0.0965074,0.127625,0.295823,0.740055,0,28.565
28.5849,1.96134,0.844544,1.14687,0,0,0,0,78,80,0,0,0,0,0,traj_sz=100
28.585,1.96134,0.844544,1.14687,1.97076,0.944656,1.225,0.125779,78,80,0.0951234,0.128654,0.298117,0.738672,0,28.585
28.6049,1.96235,0.847319,1.15144,0,0,0,0,78,80,0,0,0,0,0,traj_sz=100
28.605,1.96235,0.847319,1.15144,1.97076,0.944656,1.225,0.125779,78,80,0.0923267,0.128193,0.299043,0.73604,0,28.605
28.6248,1.9629,0.848529,1.15481,0,0,0,0,78,80,0,0,0,0,0,traj_sz=100
28.625,1.9629,0.848529,1.15481,1.97076,0.944656,1.225,0.125779,78,80,0.0911044,0.12936,0.300459,0.734811,0,28.625
28.6449,1.96502,0.853876,1.16352,0,0,0,0,78,80,0,0,0,0,0,traj_sz=100
28.6449,1.96502,0.853876,1.16352,1.97076,0.944656,1.225,0.125779,78,80,0.0856273,0.126112,0.304831,0.729617,0,28.6449
28.6648,1.96567,0.855301,1.1678,0,0,0,0,78,80,0,0,0,0,0,traj_sz=100
28.6649,1.96567,0.855301,1.1678,1.97076,0.944656,1.225,0.125779,78,80,0.0841935,0.127036,0.306329,0.728174,0,28.6649
28.6848,1.96577,0.856654,1.16777,0,0,0,0,78,80,0,0,0,0,0,traj_sz=100
28.6849,1.96577,0.856654,1.16777,1.97076,0.944656,1.225,0.125779,78,80,0.0829095,0.128192,0.302135,0.727183,0,28.6849
28.7049,1.96712,0.859301,1.17338,0,0,0,0,78,80,0,0,0,0,0,traj_sz=100
28.7051,1.96712,0.859301,1.17338,1.97076,0.944656,1.225,0.125779,78,80,0.0801116,0.127777,0.308085,0.724394,0,28.7051
28.7248,1.96736,0.860578,1.17451,0,0,0,0,78,80,0,0,0,0,0,traj_sz=100
28.7249,1.96736,0.860578,1.17451,1.97076,0.944656,1.225,0.125779,78,80,0.0788757,0.128942,0.305685,0.723355,0,28.7249
28.7449,1.96912,0.865753,1.18301,0,0,0,0,78,80,0,0,0,0,0,traj_sz=100
28.745,1.96912,0.865753,1.18301,1.97076,0.944656,1.225,0.125779,78,80,0.0736645,0.125968,0.305775,0.71856,0,28.745
28.7648,1.96991,0.867082,1.1869,0,0,0,0,78,80,0,0,0,0,0,traj_sz=100
28.765,1.96991,0.867082,1.1869,1.97076,0.944656,1.225,0.125779,78,80,0.0722472,0.12694,0.309835,0.717083,0,28.765
28.7848,1.97039,0.868411,1.19048,0,0,0,0,78,80,0,0,0,0,0,traj_sz=100
28.7849,1.97039,0.868411,1.19048,1.97076,0.944656,1.225,0.125779,78,80,0.070933,0.128004,0.309718,0.715828,0,28.7849
28.8048,1.9715,0.871017,1.1972,0,0,0,0,78,80,0,0,0,0,0,traj_sz=100
28.8049,1.9715,0.871017,1.1972,1.97076,0.944656,1.225,0.125779,78,80,0.0682906,0.127663,0.311742,0.713261,0,28.8049
28.8248,1.97162,0.872377,1.19757,0,0,0,0,78,80,0,0,0,0,0,traj_sz=100
28.8251,1.97162,0.872377,1.19757,1.97076,0.944656,1.225,0.125779,79,80,0.0669901,0.128827,0.268785,0.712258,0,28.8251
28.8448,1.97406,0.877854,1.21317,0,0,0,0,79,80,0,0,0,0,0,traj_sz=100
28.8449,1.97406,0.877854,1.21317,1.97076,0.944656,1.225,0.125779,79,80,0.0614202,0.125336,0.271837,0.706777,0,28.8449
28.8648,1.97387,0.879096,1.20882,0,0,0,0,79,80,0,0,0,0,0,traj_sz=100
28.865,1.97387,0.879096,1.20882,1.97076,0.944656,1.225,0.125779,79,80,0.0602095,0.126693,0.265466,0.706088,0,28.865
28.8849,1.97478,0.880407,1.21459,0,0,0,0,79,80,0,0,0,0,0,traj_sz=100
28.885,1.97478,0.880407,1.21459,1.97076,0.944656,1.225,0.125779,79,80,0.0588142,0.127648,0.269865,0.704538,0,28.885
28.9048,1.97588,0.883128,1.22376,0,0,0,0,79,80,0,0,0,0,0,traj_sz=100
28.9048,1.97588,0.883128,1.22376,1.9864,0.988069,1.17559,0.125636,79,81,0.102264,0.127183,0.269061,0.701908,0,28.9048
28.9249,1.97638,0.884352,1.22631,0,0,0,0,79,81,0,0,0,0,0,traj_sz=100
28.925,1.97638,0.884352,1.22631,1.9864,0.988069,1.17559,0.125636,79,81,0.101008,0.128363,0.269525,0.70072,0,28.925
28.9449,1.97766,0.889613,1.23384,0,0,0,0,79,81,0,0,0,0,0,traj_sz=100
28.945,1.97766,0.889613,1.23384,1.9864,0.988069,1.17559,0.125636,79,81,0.0958095,0.12543,0.260568,0.696273,0,28.945
28.9648,1.97844,0.89071,1.23891,0,0,0,0,79,81,0,0,0,0,0,traj_sz=100
28.9649,1.97844,0.89071,1.23891,1.9864,0.988069,1.17559,0.125636,79,81,0.0946392,0.126621,0.264489,0.694961,0,28.9649
28.9849,1.97856,0.892215,1.24029,0,0,0,0,79,81,0,0,0,0,0,traj_sz=100
28.985,1.97856,0.892215,1.24029,1.9864,0.988069,1.17559,0.125636,79,81,0.0932101,0.127625,0.258729,0.693877,0,28.985
29.0049,1.97954,0.894902,1.24449,0,0,0,0,79,81,0,0,0,0,0,traj_sz=100
29.005,1.97954,0.894902,1.24449,1.9864,0.988069,1.17559,0.125636,79,81,0.0904505,0.127239,0.258618,0.691372,0,29.005
29.0249,1.98013,0.896183,1.2492,0,0,0,0,79,81,0,0,0,0,0,traj_sz=100
29.0251,1.98013,0.896183,1.2492,1.9864,0.988069,1.17559,0.125636,79,81,0.0891579,0.128303,0.2591,0.690085,0,29.0251
29.0449,1.98166,0.90147,1.2586,0,0,0,0,79,81,0,0,0,0,0,traj_sz=100
29.045,1.98166,0.90147,1.2586,1.9864,0.988069,1.17559,0.125636,79,81,0.0838679,0.125252,0.252797,0.685459,0,29.045
29.0649,1.98187,0.902942,1.25937,0,0,0,0,79,81,0,0,0,0,0,traj_sz=100
29.065,1.98187,0.902942,1.25937,1.9864,0.988069,1.17559,0.125636,79,81,0.0824186,0.126249,0.248808,0.684335,0,29.065
29.0849,1.98247,0.904222,1.2642,0,0,0,0,79,81,0,0,0,0,0,traj_sz=100
29.085,1.98247,0.904222,1.2642,1.9864,0.988069,1.17559,0.125636,79,81,0.0811236,0.127319,0.249289,0.683051,0,29.085
29.1048,1.98322,0.906897,1.26781,0,0,0,0,79,81,0,0,0,0,0,traj_sz=100
29.105,1.98322,0.906897,1.26781,1.9864,0.988069,1.17559,0.125636,79,81,0.0784242,0.127,0.246228,0.680739,0,29.105
29.1249,1.98368,0.908333,1.27046,0,0,0,0,79,81,0,0,0,0,0,traj_sz=100
29.1252,1.98368,0.908333,1.27046,1.9864,0.988069,1.17559,0.125636,79,81,0.0769703,0.127961,0.245216,0.679449,0,29.1252
29.1448,1.98507,0.913737,1.28089,0,0,0,0,79,81,0,0,0,0,0,traj_sz=100
29.1449,1.98507,0.913737,1.28089,1.9864,0.988069,1.17559,0.125636,79,81,0.0716099,0.124841,0.235826,0.67489,0,29.1449
29.1649,1.98539,0.915136,1.28249,0,0,0,0,79,81,0,0,0,0,0,traj_sz=100
29.165,1.98539,0.915136,1.28249,1.9864,0.988069,1.17559,0.125636,79,81,0.070209,0.125885,0.233352,0.67374,0,29.165
29.1849,1.98589,0.916408,1.28469,0,0,0,0,79,81,0,0,0,0,0,traj_sz=100
29.1851,1.98589,0.916408,1.28469,1.9864,0.988069,1.17559,0.125636,80,81,0.0688923,0.126995,0.193918,0.672542,0,29.1851
29.2049,1.98668,0.919102,1.29124,0,0,0,0,80,81,0,0,0,0,0,traj_sz=100
29.205,1.98668,0.919102,1.29124,1.9864,0.988069,1.17559,0.125636,80,81,0.0662128,0.126636,0.188433,0.670203,0,29.205
29.2248,1.98686,0.920513,1.29057,0,0,0,0,80,81,0,0,0,0,0,traj_sz=100
29.2249,1.98686,0.920513,1.29057,1.9864,0.988069,1.17559,0.125636,80,81,0.0647945,0.1277,0.184077,0.66916,0,29.2249
29.2449,1.98827,0.925785,1.30109,0,0,0,0,80,81,0,0,0,0,0,traj_sz=100
29.2451,1.98827,0.925785,1.30109,2.00415,1.03061,1.1158,0.125631,80,82,0.105266,0.12474,0.172519,0.664697,0,29.2451
29.2649,1.98841,0.927226,1.30259,0,0,0,0,80,82,0,0,0,0,0,traj_sz=100
29.265,1.98841,0.927226,1.30259,2.00415,1.03061,1.1158,0.125631,80,82,0.103861,0.125791,0.166388,0.663677,0,29.265
29.2848,1.9892,0.928591,1.30641,0,0,0,0,80,82,0,0,0,0,0,traj_sz=100
29.2849,1.9892,0.928591,1.30641,2.00415,1.03061,1.1158,0.125631,80,82,0.102381,0.126686,0.16891,0.662197,0,29.2849
29.3049,1.98988,0.931513,1.31084,0,0,0,0,80,82,0,0,0,0,0,traj_sz=100
29.305,1.98988,0.931513,1.31084,2.00415,1.03061,1.1158,0.125631,80,82,0.0994343,0.126179,0.161749,0.65981,0,29.305
29.3249,1.9899,0.93299,1.31107,0,0,0,0,80,82,0,0,0,0,0,traj_sz=100
29.3251,1.9899,0.93299,1.31107,2.00415,1.03061,1.1158,0.125631,80,82,0.098004,0.127252,0.154423,0.658858,0,29.3251
29.3448,1.99125,0.938485,1.32111,0,0,0,0,80,82,0,0,0,0,0,traj_sz=100
29.345,1.99125,0.938485,1.32111,2.00415,1.03061,1.1158,0.125631,80,82,0.0924567,0.124076,0.140918,0.65435,0,29.345
29.3648,1.99193,0.939728,1.32453,0,0,0,0,80,82,0,0,0,0,0,traj_sz=100
29.3649,1.99193,0.939728,1.32453,2.00415,1.03061,1.1158,0.125631,80,82,0.0911186,0.125126,0.142702,0.653037,0,29.3649
29.385,1.992,0.941197,1.3253,0,0,0,0,80,82,0,0,0,0,0,traj_sz=100
29.3851,1.992,0.941197,1.3253,2.00415,1.03061,1.1158,0.125631,80,82,0.0896855,0.126197,0.135829,0.652063,0,29.3851
29.4049,1.99271,0.943737,1.32983,0,0,0,0,80,82,0,0,0,0,0,traj_sz=100
29.4051,1.99271,0.943737,1.32983,2.00415,1.03061,1.1158,0.125631,80,82,0.0870927,0.126012,0.130955,0.649916,0,29.4051
29.4249,1.99275,0.945147,1.33025,0,0,0,0,80,82,0,0,0,0,0,traj_sz=100
29.425,1.99275,0.945147,1.33025,2.00415,1.03061,1.1158,0.125631,80,82,0.0857189,0.127118,0.12412,0.649007,0,29.425
29.4449,1.99415,0.950628,1.33729,0,0,0,0,80,82,0,0,0,0,0,traj_sz=100
29.445,1.99415,0.950628,1.33729,2.00415,1.03061,1.1158,0.125631,80,82,0.0801258,0.123948,0.112842,0.644503,0,29.445
29.465,1.99415,0.950628,1.33729,0,0,0,0,80,82,0,0,0,0,0,traj_sz=100
29.4651,1.99415,0.950628,1.33729,2.00415,1.03061,1.1158,0.125631,80,82,0.0801258,0.126409,0.112842,0.644503,0,29.4651
29.4848,1.99479,0.953416,1.33932,0,0,0,0,80,82,0,0,0,0,0,traj_sz=100
29.4849,1.99479,0.953416,1.33932,2.00415,1.03061,1.1158,0.125631,80,82,0.0772826,0.126013,0.106789,0.642275,0,29.4849
29.5049,1.99524,0.956196,1.34184,0,0,0,0,80,82,0,0,0,0,0,traj_sz=100
29.5051,1.99524,0.956196,1.34184,2.00415,1.03061,1.1158,0.125631,80,82,0.0744944,0.125728,0.0978472,0.640208,0,29.5051
29.5248,1.99593,0.957551,1.34605,0,0,0,0,80,82,0,0,0,0,0,traj_sz=100
29.5249,1.99593,0.957551,1.34605,2.00415,1.03061,1.1158,0.125631,80,82,0.0730538,0.126652,0.0988505,0.638829,0,29.5249
29.5449,1.9968,0.962967,1.35001,0,0,0,0,80,82,0,0,0,0,0,traj_sz=100
29.545,1.9968,0.962967,1.35001,2.00415,1.03061,1.1158,0.125631,81,82,0.0676099,0.123753,0.0410348,0.634823,0,29.545
29.565,1.99721,0.964439,1.35208,0,0,0,0,81,82,0,0,0,0,0,traj_sz=100
29.5652,1.99721,0.964439,1.35208,2.00415,1.03061,1.1158,0.125631,81,82,0.0661015,0.124714,0.0371594,0.633608,0,29.5652
29.5848,1.99754,0.965766,1.35224,0,0,0,0,81,82,0,0,0,0,0,traj_sz=100
29.5849,1.99754,0.965766,1.35224,2.00415,1.03061,1.1158,0.125631,81,82,0.0647346,0.125778,0.0340705,0.632535,0,29.5849
29.6048,1.99801,0.968534,1.3545,0,0,0,0,81,82,0,0,0,0,0,traj_sz=100
29.6051,1.99801,0.968534,1.3545,2.0244,1.07201,1.04715,0.125631,81,83,0.106729,0.12551,0.0235386,0.630485,0,29.6051
29.6248,1.99798,0.969909,1.35311,0,0,0,0,81,83,0,0,0,0,0,traj_sz=100
29.6249,1.99798,0.969909,1.35311,2.0244,1.07201,1.04715,0.125631,81,83,0.105398,0.126691,0.0157766,0.629679,0,29.6249
29.6448,1.99945,0.97542,1.36025,0,0,0,0,81,83,0,0,0,0,0,traj_sz=100
29.645,1.99945,0.97542,1.36025,2.0244,1.07201,1.04715,0.125631,81,83,0.0996715,0.123496,0.00111822,0.625189,0,29.645
29.665,1.99943,0.976885,1.35584,0,0,0,0,81,83,0,0,0,0,0,traj_sz=100
29.6651,1.99943,0.976885,1.35584,2.0244,1.07201,1.04715,0.125631,81,83,0.0982616,0.124626,-0.00556586,0.624325,0,29.6651
29.6849,1.99999,0.978161,1.3603,0,0,0,0,81,83,0,0,0,0,0,traj_sz=100
29.685,1.99999,0.978161,1.3603,2.0244,1.07201,1.04715,0.125631,81,83,0.0968771,0.125679,-0.00720855,0.623114,0,29.685
29.705,2.0002,0.980961,1.35936,0,0,0,0,81,83,0,0,0,0,0,traj_sz=100
29.7052,2.0002,0.980961,1.35936,2.0244,1.07201,1.04715,0.125631,81,83,0.0941012,0.125502,-0.0201404,0.621284,0,29.7052
29.7249,2.00075,0.98228,1.36257,0,0,0,0,81,83,0,0,0,0,0,traj_sz=100
29.7251,2.00075,0.98228,1.36257,2.0244,1.07201,1.04715,0.125631,81,83,0.0926798,0.126518,-0.0214686,0.620052,0,29.7251
29.7449,2.00158,0.987757,1.36177,0,0,0,0,81,83,0,0,0,0,0,traj_sz=100
29.745,2.00158,0.987757,1.36177,2.0244,1.07201,1.04715,0.125631,81,83,0.0871551,0.123609,-0.041318,0.616152,0,29.745
29.7649,2.0021,0.989081,1.36365,0,0,0,0,81,83,0,0,0,0,0,traj_sz=100
29.7651,2.0021,0.989081,1.36365,2.0244,1.07201,1.04715,0.125631,81,83,0.0857432,0.124658,-0.0426675,0.614956,0,29.7651
29.7849,2.00211,0.990429,1.36387,0,0,0,0,81,83,0,0,0,0,0,traj_sz=100
29.7851,2.00211,0.990429,1.36387,2.0244,1.07201,1.04715,0.125631,81,83,0.0844212,0.125882,-0.0503957,0.614157,0,29.7851
29.8049,2.0027,0.993179,1.36342,0,0,0,0,81,83,0,0,0,0,0,traj_sz=100
29.8051,2.0027,0.993179,1.36342,2.0244,1.07201,1.04715,0.125631,81,83,0.081609,0.125592,-0.0578317,0.612067,0,29.8051
29.8249,2.00266,0.99441,1.36298,0,0,0,0,81,83,0,0,0,0,0,traj_sz=100
29.8251,2.00266,0.99441,1.36298,2.0244,1.07201,1.04715,0.125631,81,83,0.0804146,0.126955,-0.0652749,0.611381,0,29.8251
29.845,2.00399,0.999861,1.36276,0,0,0,0,81,83,0,0,0,0,0,traj_sz=100
29.8451,2.00399,0.999861,1.36276,2.0244,1.07201,1.04715,0.125631,81,83,0.0748086,0.123905,-0.0782729,0.607142,0,29.8451
29.8649,2.00397,1.0013,1.36257,0,0,0,0,81,83,0,0,0,0,0,traj_sz=100
29.8652,2.00397,1.0013,1.36257,2.0244,1.07201,1.04715,0.125631,81,83,0.0734024,0.125073,-0.0867805,0.606327,0,29.8652
29.8849,2.00416,1.00258,1.35917,0,0,0,0,81,83,0,0,0,0,0,traj_sz=100
29.8851,2.00416,1.00258,1.35917,2.0244,1.07201,1.04715,0.125631,81,83,0.0721345,0.126305,-0.0900013,0.605441,0,29.8851
29.9049,2.00483,1.00523,1.36127,0,0,0,0,81,83,0,0,0,0,0,traj_sz=100
29.905,2.00483,1.00523,1.36127,2.0244,1.07201,1.04715,0.125631,81,83,0.0693894,0.126074,-0.0969531,0.603371,0,29.905
29.9249,2.0049,1.00661,1.36045,0,0,0,0,81,83,0,0,0,0,0,traj_sz=100
29.925,2.0049,1.00661,1.36045,2.0244,1.07201,1.04715,0.125631,82,83,0.0680288,0.127272,-0.140625,0.602531,0,29.925
29.9448,2.00615,1.01182,1.35964,0,0,0,0,82,83,0,0,0,0,0,traj_sz=100
29.9449,2.00615,1.01182,1.35964,2.0244,1.07201,1.04715,0.125631,82,83,0.0626774,0.124483,-0.157697,0.598543,0,29.9449
29.965,2.00615,1.01182,1.35964,0,0,0,0,82,83,0,0,0,0,0,traj_sz=100
29.9652,2.00615,1.01182,1.35964,2.0244,1.07201,1.04715,0.125631,82,83,0.0626774,0.126997,-0.157697,0.598543,0,29.9652
29.9849,2.00676,1.01463,1.35922,0,0,0,0,82,83,0,0,0,0,0,traj_sz=100
29.9851,2.00676,1.01463,1.35922,2.04745,1.11192,0.970749,0.12563,82,84,0.103669,0.126668,-0.167739,0.596456,0,29.9851
30.0049,2.0069,1.01742,1.35514,0,0,0,0,82,84,0,0,0,0,0,traj_sz=100
30.0049,2.0069,1.01742,1.35514,2.04745,1.11192,0.970749,0.12563,82,84,0.100988,0.126547,-0.18242,0.594772,0,30.0049
30.0248,2.0073,1.01875,1.3572,0,0,0,0,82,84,0,0,0,0,0,traj_sz=100
30.0249,2.0073,1.01875,1.3572,2.04745,1.11192,0.970749,0.12563,82,84,0.0995586,0.127649,-0.186758,0.593695,0,30.0249
30.0449,2.00806,1.02432,1.35089,0,0,0,0,82,84,0,0,0,0,0,traj_sz=100
30.045,2.00806,1.02432,1.35089,2.04745,1.11192,0.970749,0.12563,82,84,0.0940803,0.124804,-0.210486,0.589978,0,30.045
30.0649,2.00861,1.02556,1.35246,0,0,0,0,82,84,0,0,0,0,0,traj_sz=100
30.065,2.00861,1.02556,1.35246,2.04745,1.11192,0.970749,0.12563,82,84,0.092722,0.125943,-0.211917,0.588835,0,30.065
30.0849,2.00869,1.027,1.35036,0,0,0,0,82,84,0,0,0,0,0,traj_sz=100
30.085,2.00869,1.027,1.35036,2.04745,1.11192,0.970749,0.12563,82,84,0.0913381,0.127095,-0.219397,0.587975,0,30.085
30.1049,2.00918,1.0298,1.34685,0,0,0,0,82,84,0,0,0,0,0,traj_sz=100
30.105,2.00918,1.0298,1.34685,2.04745,1.11192,0.970749,0.12563,82,84,0.0885648,0.126863,-0.229644,0.586029,0,30.105
30.1248,2.00969,1.03109,1.34889,0,0,0,0,82,84,0,0,0,0,0,traj_sz=100
30.1249,2.00969,1.03109,1.34889,2.04745,1.11192,0.970749,0.12563,82,84,0.087159,0.127968,-0.232218,0.584902,0,30.1249
30.1447,2.01054,1.03672,1.33867,0,0,0,0,82,84,0,0,0,0,0,traj_sz=100
30.1449,2.01054,1.03672,1.33867,2.04745,1.11192,0.970749,0.12563,82,84,0.081672,0.12504,-0.253211,0.58113,0,30.1449
30.1648,2.0112,1.03817,1.33937,0,0,0,0,82,84,0,0,0,0,0,traj_sz=100
30.165,2.0112,1.03817,1.33937,2.04745,1.11192,0.970749,0.12563,82,84,0.0800958,0.125961,-0.25422,0.579794,0,30.165
30.1849,2.01121,1.03954,1.33725,0,0,0,0,82,84,0,0,0,0,0,traj_sz=100
30.185,2.01121,1.03954,1.33725,2.04745,1.11192,0.970749,0.12563,82,84,0.0787992,0.127244,-0.262203,0.579052,0,30.185
30.2048,2.01187,1.04228,1.33477,0,0,0,0,82,84,0,0,0,0,0,traj_sz=100
30.2049,2.01187,1.04228,1.33477,2.04745,1.11192,0.970749,0.12563,82,84,0.076026,0.126998,-0.270303,0.577031,0,30.2049
30.2248,2.01205,1.04367,1.33073,0,0,0,0,82,84,0,0,0,0,0,traj_sz=100
30.2249,2.01205,1.04367,1.33073,2.04745,1.11192,0.970749,0.12563,82,84,0.074709,0.12819,-0.275184,0.576139,0,30.2249
30.2448,2.01327,1.04933,1.32235,0,0,0,0,82,84,0,0,0,0,0,traj_sz=100
30.2449,2.01327,1.04933,1.32235,2.04745,1.11192,0.970749,0.12563,82,84,0.0690704,0.125113,-0.292185,0.572104,0,30.2449
30.2648,2.0134,1.05073,1.32218,0,0,0,0,82,84,0,0,0,0,0,traj_sz=100
30.2649,2.0134,1.05073,1.32218,2.04745,1.11192,0.970749,0.12563,82,84,0.0676892,0.126337,-0.299575,0.571263,0,30.2649
30.2848,2.01383,1.0521,1.31854,0,0,0,0,82,84,0,0,0,0,0,traj_sz=100
30.285,2.01383,1.0521,1.31854,2.04745,1.11192,0.970749,0.12563,83,84,0.0663183,0.127438,-0.333772,0.570179,0,30.285
30.3049,2.0147,1.05488,1.31579,0,0,0,0,83,84,0,0,0,0,0,traj_sz=100
30.3051,2.0147,1.05488,1.31579,2.04745,1.11192,0.970749,0.12563,83,84,0.0634541,0.127104,-0.342119,0.567987,0,30.3051
30.3249,2.01464,1.05635,1.31147,0,0,0,0,83,84,0,0,0,0,0,traj_sz=100
30.325,2.01464,1.05635,1.31147,2.04745,1.11192,0.970749,0.12563,83,84,0.0621293,0.128355,-0.3491,0.567281,0,30.325
30.3449,2.01605,1.06187,1.30399,0,0,0,0,83,84,0,0,0,0,0,traj_sz=100
30.345,2.01605,1.06187,1.30399,2.07348,1.14996,0.88752,0.12563,83,85,0.100119,0.125351,-0.3491,0.563228,0,30.345
30.3649,2.01677,1.06329,1.30309,0,0,0,0,83,85,0,0,0,0,0,traj_sz=100
30.3651,2.01677,1.06329,1.30309,2.07348,1.14996,0.88752,0.12563,83,85,0.0985809,0.126288,-0.3491,0.561881,0,30.3651
30.3847,2.01671,1.06464,1.29978,0,0,0,0,83,85,0,0,0,0,0,traj_sz=100
30.3849,2.01671,1.06464,1.29978,2.07348,1.14996,0.88752,0.12563,83,85,0.0974016,0.127633,-0.3491,0.561245,0,30.3849
30.4048,2.01748,1.06743,1.29374,0,0,0,0,83,85,0,0,0,0,0,traj_sz=100
30.4049,2.01748,1.06743,1.29374,2.07348,1.14996,0.88752,0.12563,83,85,0.0946981,0.127354,-0.3491,0.559166,0,30.4049
30.4248,2.01762,1.0689,1.28962,0,0,0,0,83,85,0,0,0,0,0,traj_sz=100
30.4249,2.01762,1.0689,1.28962,2.07348,1.14996,0.88752,0.12563,83,85,0.0933782,0.128533,-0.3491,0.558312,0,30.4249
30.4448,2.01889,1.07439,1.27382,0,0,0,0,83,85,0,0,0,0,0,traj_sz=100
30.4449,2.01889,1.07439,1.27382,2.07348,1.14996,0.88752,0.12563,83,85,0.0882331,0.125659,-0.3491,0.554462,0,30.4449
30.4648,2.01992,1.07587,1.27707,0,0,0,0,83,85,0,0,0,0,0,traj_sz=100
30.4649,2.01992,1.07587,1.27707,2.07348,1.14996,0.88752,0.12563,83,85,0.0864288,0.126413,-0.3491,0.552838,0,30.4649
30.4849,2.01964,1.07719,1.26875,0,0,0,0,83,85,0,0,0,0,0,traj_sz=100
30.485,2.01964,1.07719,1.26875,2.07348,1.14996,0.88752,0.12563,83,85,0.0854924,0.12795,-0.3491,0.55242,0,30.485
30.5048,2.02049,1.08005,1.26304,0,0,0,0,83,85,0,0,0,0,0,traj_sz=100
30.5049,2.02049,1.08005,1.26304,2.07348,1.14996,0.88752,0.12563,83,85,0.0826762,0.127589,-0.3491,0.550273,0,30.5049
30.5248,2.02102,1.08142,1.26099,0,0,0,0,83,85,0,0,0,0,0,traj_sz=100
30.525,2.02102,1.08142,1.26099,2.07348,1.14996,0.88752,0.12563,83,85,0.0812722,0.128698,-0.3491,0.549142,0,30.525
30.5448,2.02247,1.08699,1.24965,0,0,0,0,83,85,0,0,0,0,0,traj_sz=100
30.5449,2.02247,1.08699,1.24965,2.07348,1.14996,0.88752,0.12563,83,85,0.0758501,0.125707,-0.3491,0.545164,0,30.5449
30.5647,2.02286,1.08835,1.24572,0,0,0,0,83,85,0,0,0,0,0,traj_sz=100
30.5649,2.02286,1.08835,1.24572,2.07348,1.14996,0.88752,0.12563,83,85,0.0745487,0.126885,-0.3491,0.54417,0,30.5649
30.5848,2.02346,1.08953,1.24428,0,0,0,0,83,85,0,0,0,0,0,traj_sz=100
30.5849,2.02346,1.08953,1.24428,2.07348,1.14996,0.88752,0.12563,83,85,0.0732784,0.128128,-0.3491,0.543078,0,30.5849
30.6049,2.02437,1.09231,1.24028,0,0,0,0,83,85,0,0,0,0,0,traj_sz=100
30.605,2.02437,1.09231,1.24028,2.07348,1.14996,0.88752,0.12563,83,85,0.070468,0.127848,-0.3491,0.54095,0,30.605
30.6248,2.02455,1.0937,1.23664,0,0,0,0,83,85,0,0,0,0,0,traj_sz=100
30.6249,2.02455,1.0937,1.23664,2.07348,1.14996,0.88752,0.12563,83,85,0.0691949,0.129117,-0.3491,0.540133,0,30.6249
30.6448,2.02595,1.09885,1.22299,0,0,0,0,83,85,0,0,0,0,0,traj_sz=100
30.6449,2.02595,1.09885,1.22299,2.07348,1.14996,0.88752,0.12563,84,85,0.0642484,0.126569,-0.3491,0.53647,0,30.6449
30.6648,2.02673,1.10004,1.22211,0,0,0,0,84,85,0,0,0,0,0,traj_sz=100
30.665,2.02673,1.10004,1.22211,2.07348,1.14996,0.88752,0.12563,84,85,0.0628849,0.127707,-0.3491,0.53522,0,30.665
30.685,2.02672,1.10123,1.21937,0,0,0,0,84,85,0,0,0,0,0,traj_sz=100
30.6852,2.02672,1.10123,1.21937,2.07348,1.14996,0.88752,0.12563,84,85,0.0618513,0.129308,-0.3491,0.534682,0,30.6852
30.7049,2.02798,1.10391,1.21675,0,0,0,0,84,85,0,0,0,0,0,traj_sz=100
30.705,2.02798,1.10391,1.21675,2.07348,1.14996,0.88752,0.12563,84,85,0.0589676,0.128905,-0.3491,0.53232,0,30.705
30.7249,2.0281,1.10534,1.21163,0,0,0,0,84,85,0,0,0,0,0,traj_sz=100
30.725,2.0281,1.10534,1.21163,2.07348,1.14996,0.88752,0.12563,84,85,0.0577274,0.130212,-0.3491,0.531554,0,30.725
30.745,2.02997,1.11063,1.20134,0,0,0,0,84,85,0,0,0,0,0,traj_sz=100
30.7451,2.02997,1.11063,1.20134,2.10257,1.1857,0.798442,0.12563,84,86,0.0962221,0.127347,-0.3491,0.527473,0,30.7451
30.7649,2.03074,1.11186,1.20092,0,0,0,0,84,86,0,0,0,0,0,traj_sz=100
30.7651,2.03074,1.11186,1.20092,2.10257,1.1857,0.798442,0.12563,84,86,0.0948132,0.128451,-0.3491,0.526226,0,30.7651
30.7849,2.03095,1.1133,1.19554,0,0,0,0,84,86,0,0,0,0,0,traj_sz=100
30.7851,2.03095,1.1133,1.19554,2.10257,1.1857,0.798442,0.12563,84,86,0.0936139,0.129714,-0.3491,0.525389,0,30.7851
30.8048,2.0319,1.11611,1.19035,0,0,0,0,84,86,0,0,0,0,0,traj_sz=100
30.805,2.0319,1.11611,1.19035,2.10257,1.1857,0.798442,0.12563,84,86,0.0908575,0.129404,-0.3491,0.523278,0,30.805
30.8249,2.03269,1.11741,1.1898,0,0,0,0,84,86,0,0,0,0,0,traj_sz=100
30.825,2.03269,1.11741,1.1898,2.10257,1.1857,0.798442,0.12563,84,86,0.0893789,0.130465,-0.3491,0.521996,0,30.825
30.8448,2.03435,1.12245,1.17546,0,0,0,0,84,86,0,0,0,0,0,traj_sz=100
30.845,2.03435,1.12245,1.17546,2.10257,1.1857,0.798442,0.12563,84,86,0.0846392,0.127949,-0.3491,0.51827,0,30.845
30.8649,2.03445,1.12375,1.17054,0,0,0,0,84,86,0,0,0,0,0,traj_sz=100
30.865,2.03445,1.12375,1.17054,2.10257,1.1857,0.798442,0.12563,84,86,0.0835969,0.129422,-0.3491,0.517614,0,30.865
30.8849,2.03529,1.12498,1.17088,0,0,0,0,84,86,0,0,0,0,0,traj_sz=100
30.885,2.03529,1.12498,1.17088,2.10257,1.1857,0.798442,0.12563,84,86,0.0821244,0.130525,-0.3491,0.516324,0,30.885
30.9049,2.03643,1.12765,1.16729,0,0,0,0,84,86,0,0,0,0,0,traj_sz=100
30.905,2.03643,1.12765,1.16729,2.10257,1.1857,0.798442,0.12563,84,86,0.0793585,0.130284,-0.3491,0.514137,0,30.905
30.9249,2.03664,1.12917,1.16175,0,0,0,0,84,86,0,0,0,0,0,traj_sz=100
30.9251,2.03664,1.12917,1.16175,2.10257,1.1857,0.798442,0.12563,84,86,0.0780858,0.131523,-0.3491,0.513293,0,30.9251
30.9447,2.03917,1.13476,1.15124,0,0,0,0,84,86,0,0,0,0,0,traj_sz=100
30.9449,2.03917,1.13476,1.15124,2.10257,1.1857,0.798442,0.12563,84,86,0.072346,0.128092,-0.3491,0.50862,0,30.9449
30.9648,2.03967,1.13604,1.1468,0,0,0,0,84,86,0,0,0,0,0,traj_sz=100
30.9649,2.03967,1.13604,1.1468,2.10257,1.1857,0.798442,0.12563,84,86,0.0711423,0.129369,-0.3491,0.507623,0,30.9649
30.9848,2.04036,1.13745,1.14429,0,0,0,0,84,86,0,0,0,0,0,traj_sz=100
30.9849,2.04036,1.13745,1.14429,2.10257,1.1857,0.798442,0.12563,84,86,0.0696591,0.130427,-0.3491,0.5064,0,30.9849
31.0048,2.04151,1.14038,1.13854,0,0,0,0,84,86,0,0,0,0,0,traj_sz=100
31.005,2.04151,1.14038,1.13854,2.10257,1.1857,0.798442,0.12563,84,86,0.0667334,0.130006,-0.3491,0.504137,0,31.005
31.0249,2.04209,1.14189,1.13502,0,0,0,0,84,86,0,0,0,0,0,traj_sz=100
31.0249,2.04209,1.14189,1.13502,2.10257,1.1857,0.798442,0.12563,84,86,0.0652428,0.131049,-0.3491,0.502982,0,31.0249
31.0449,2.04432,1.14705,1.12276,0,0,0,0,84,86,0,0,0,0,0,traj_sz=100
31.0449,2.04432,1.14705,1.12276,2.10257,1.1857,0.798442,0.12563,85,86,0.0600661,0.128199,-0.3491,0.498833,0,31.0449
31.0649,2.04492,1.14844,1.11952,0,0,0,0,85,86,0,0,0,0,0,traj_sz=100
31.065,2.04492,1.14844,1.11952,2.10257,1.1857,0.798442,0.12563,85,86,0.0586754,0.129357,-0.3491,0.497724,0,31.065
31.0848,2.04564,1.1498,1.11808,0,0,0,0,85,86,0,0,0,0,0,traj_sz=100
31.085,2.04564,1.1498,1.11808,2.10257,1.1857,0.798442,0.12563,85,86,0.0571822,0.130438,-0.3491,0.496506,0,31.085
31.1048,2.04675,1.15249,1.11096,0,0,0,0,85,86,0,0,0,0,0,traj_sz=100
31.1051,2.04675,1.15249,1.11096,2.10257,1.1857,0.798442,0.12563,85,86,0.0545332,0.130267,-0.3491,0.494415,0,31.1051
31.1248,2.04731,1.1537,1.10748,0,0,0,0,85,86,0,0,0,0,0,traj_sz=100
31.1249,2.04731,1.1537,1.10748,2.10257,1.1857,0.798442,0.12563,85,86,0.0533283,0.131571,-0.3491,0.493423,0,31.1249
31.1448,2.04971,1.15915,1.0943,0,0,0,0,85,86,0,0,0,0,0,traj_sz=100
31.145,2.04971,1.15915,1.0943,2.13474,1.21872,0.70467,0.12563,85,87,0.0919388,0.128429,-0.3491,0.489066,0,31.145
31.1649,2.05038,1.16034,1.09121,0,0,0,0,85,87,0,0,0,0,0,traj_sz=100
31.165,2.05038,1.16034,1.09121,2.13474,1.21872,0.70467,0.12563,85,87,0.0907212,0.129706,-0.3491,0.487986,0,31.165
31.1848,2.05107,1.16172,1.08872,0,0,0,0,85,87,0,0,0,0,0,traj_sz=100
31.1849,2.05107,1.16172,1.08872,2.13474,1.21872,0.70467,0.12563,85,87,0.0892982,0.130803,-0.3491,0.486815,0,31.1849
31.2049,2.05248,1.16442,1.0846,0,0,0,0,85,87,0,0,0,0,0,traj_sz=100
31.205,2.05248,1.16442,1.0846,2.13474,1.21872,0.70467,0.12563,85,87,0.0864469,0.13047,-0.3491,0.484476,0,31.205
31.2249,2.05309,1.16582,1.08024,0,0,0,0,85,87,0,0,0,0,0,traj_sz=100
31.225,2.05309,1.16582,1.08024,2.13474,1.21872,0.70467,0.12563,85,87,0.0851311,0.13163,-0.3491,0.483377,0,31.225
31.2449,2.05558,1.17094,1.06772,0,0,0,0,85,87,0,0,0,0,0,traj_sz=100
31.245,2.05558,1.17094,1.06772,2.13474,1.21872,0.70467,0.12563,85,87,0.0800238,0.128744,-0.3491,0.479137,0,31.245
31.2649,2.05635,1.17213,1.06543,0,0,0,0,85,87,0,0,0,0,0,traj_sz=100
31.2652,2.05635,1.17213,1.06543,2.13474,1.21872,0.70467,0.12563,85,87,0.0787165,0.130005,-0.3491,0.477976,0,31.2652
31.2849,2.05682,1.17354,1.05961,0,0,0,0,85,87,0,0,0,0,0,traj_sz=100
31.285,2.05682,1.17354,1.05961,2.13474,1.21872,0.70467,0.12563,85,87,0.077525,0.131248,-0.3491,0.477016,0,31.285
31.3048,2.05831,1.17605,1.05457,0,0,0,0,85,87,0,0,0,0,0,traj_sz=100
31.3049,2.05831,1.17605,1.05457,2.13474,1.21872,0.70467,0.12563,85,87,0.0748371,0.131011,-0.3491,0.474706,0,31.3049
31.3251,2.05885,1.17751,1.05024,0,0,0,0,85,87,0,0,0,0,0,traj_sz=100
31.3252,2.05885,1.17751,1.05024,2.13474,1.21872,0.70467,0.12563,85,87,0.0734968,0.132244,-0.3491,0.473674,0,31.3252
31.3449,2.06205,1.18281,1.04049,0,0,0,0,85,87,0,0,0,0,0,traj_sz=100
31.345,2.06205,1.18281,1.04049,2.13474,1.21872,0.70467,0.12563,85,87,0.0677393,0.128771,-0.3491,0.468774,0,31.345
31.3649,2.06205,1.18281,1.04049,0,0,0,0,85,87,0,0,0,0,0,traj_sz=100
31.365,2.06205,1.18281,1.04049,2.13474,1.21872,0.70467,0.12563,85,87,0.0677393,0.131422,-0.3491,0.468774,0,31.365
31.3849,2.06337,1.18556,1.03337,0,0,0,0,85,87,0,0,0,0,0,traj_sz=100
31.385,2.06337,1.18556,1.03337,2.13474,1.21872,0.70467,0.12563,85,87,0.0650233,0.13115,-0.3491,0.466571,0,31.385
31.4049,2.06498,1.18834,1.02711,0,0,0,0,85,87,0,0,0,0,0,traj_sz=100
31.405,2.06498,1.18834,1.02711,2.13474,1.21872,0.70467,0.12563,86,87,0.0620876,0.130664,-0.3491,0.464089,0,31.405
31.425,2.06564,1.18959,1.02347,0,0,0,0,86,87,0,0,0,0,0,traj_sz=100
31.4251,2.06564,1.18959,1.02347,2.13474,1.21872,0.70467,0.12563,86,87,0.0608303,0.13196,-0.3491,0.46303,0,31.4251
31.4447,2.06894,1.19474,1.01418,0,0,0,0,86,87,0,0,0,0,0,traj_sz=100
31.4448,2.06894,1.19474,1.01418,2.13474,1.21872,0.70467,0.12563,86,87,0.0551224,0.128557,-0.3491,0.45817,0,31.4448
31.4648,2.06973,1.19614,1.01172,0,0,0,0,86,87,0,0,0,0,0,traj_sz=100
31.4649,2.06973,1.19614,1.01172,2.13474,1.21872,0.70467,0.12563,86,87,0.0536192,0.129661,-0.3491,0.456949,0,31.4649
31.4848,2.07031,1.19757,1.00665,0,0,0,0,86,87,0,0,0,0,0,traj_sz=100
31.4849,2.07031,1.19757,1.00665,2.13474,1.21872,0.70467,0.12563,86,87,0.052318,0.13089,-0.3491,0.455921,0,31.4849
31.5049,2.07205,1.20026,1.00181,0,0,0,0,86,87,0,0,0,0,0,traj_sz=100
31.5051,2.07205,1.20026,1.00181,2.13474,1.21872,0.70467,0.12563,86,87,0.0493318,0.130431,-0.3491,0.453394,0,31.5051
31.5249,2.07266,1.20156,0.99587,0,0,0,0,86,87,0,0,0,0,0,traj_sz=100
31.525,2.07266,1.20156,0.99587,2.13474,1.21872,0.70467,0.12563,86,87,0.0481545,0.13172,-0.3491,0.452384,0,31.525
31.5448,2.07592,1.20649,0.985932,0,0,0,0,86,87,0,0,0,0,0,traj_sz=100
31.5449,2.07592,1.20649,0.985932,2.16985,1.24857,0.607622,0.12563,86,88,0.0869458,0.12856,-0.3491,0.447709,0,31.5449
31.5649,2.07631,1.20759,0.981403,0,0,0,0,86,88,0,0,0,0,0,traj_sz=100
31.565,2.07631,1.20759,0.981403,2.16985,1.24857,0.607622,0.12563,86,88,0.0860654,0.1302,-0.3491,0.446988,0,31.565
31.5848,2.07729,1.20894,0.980076,0,0,0,0,86,88,0,0,0,0,0,traj_sz=100
31.585,2.07729,1.20894,0.980076,2.16985,1.24857,0.607622,0.12563,86,88,0.0844692,0.131235,-0.3491,0.445626,0,31.585
31.6049,2.07873,1.21148,0.973118,0,0,0,0,86,88,0,0,0,0,0,traj_sz=100
31.605,2.07873,1.21148,0.973118,2.16985,1.24857,0.607622,0.12563,86,88,0.0819359,0.131106,-0.3491,0.443457,0,31.605
31.6249,2.07976,1.21299,0.970968,0,0,0,0,86,88,0,0,0,0,0,traj_sz=100
31.625,2.07976,1.21299,0.970968,2.16985,1.24857,0.607622,0.12563,86,88,0.0802212,0.131997,-0.3491,0.44201,0,31.625
31.6448,2.08286,1.21788,0.956005,0,0,0,0,86,88,0,0,0,0,0,traj_sz=100
31.645,2.08286,1.21788,0.956005,2.16985,1.24857,0.607622,0.12563,86,88,0.0752457,0.129059,-0.3491,0.437566,0,31.645
31.6648,2.08376,1.21907,0.956009,0,0,0,0,86,88,0,0,0,0,0,traj_sz=100
31.665,2.08376,1.21907,0.956009,2.16985,1.24857,0.607622,0.12563,86,88,0.0737534,0.130282,-0.3491,0.436347,0,31.665
31.6848,2.08466,1.2206,0.949589,0,0,0,0,86,88,0,0,0,0,0,traj_sz=100
31.6851,2.08466,1.2206,0.949589,2.16985,1.24857,0.607622,0.12563,86,88,0.0723223,0.131276,-0.3491,0.435028,0,31.6851
31.7048,2.08626,1.22302,0.943205,0,0,0,0,86,88,0,0,0,0,0,traj_sz=100
31.705,2.08626,1.22302,0.943205,2.16985,1.24857,0.607622,0.12563,86,88,0.0697696,0.131149,-0.3491,0.432791,0,31.705
31.7249,2.08702,1.22431,0.938386,0,0,0,0,86,88,0,0,0,0,0,traj_sz=100
31.725,2.08702,1.22431,0.938386,2.16985,1.24857,0.607622,0.12563,86,88,0.0685244,0.132405,-0.3491,0.431678,0,31.725
31.7448,2.09049,1.22927,0.927272,0,0,0,0,86,88,0,0,0,0,0,traj_sz=100
31.745,2.09049,1.22927,0.927272,2.16985,1.24857,0.607622,0.12563,86,88,0.0630591,0.129196,-0.3491,0.426936,0,31.745
31.7649,2.0912,1.23055,0.923159,0,0,0,0,86,88,0,0,0,0,0,traj_sz=100
31.765,2.0912,1.23055,0.923159,2.16985,1.24857,0.607622,0.12563,87,88,0.0618242,0.130526,-0.3491,0.425899,0,31.765
31.7849,2.09225,1.23185,0.920969,0,0,0,0,87,88,0,0,0,0,0,traj_sz=100
31.785,2.09225,1.23185,0.920969,2.16985,1.24857,0.607622,0.12563,87,88,0.0602625,0.131574,-0.3491,0.424521,0,31.785
31.8049,2.09406,1.23444,0.916043,0,0,0,0,87,88,0,0,0,0,0,traj_sz=100
31.8052,2.09406,1.23444,0.916043,2.16985,1.24857,0.607622,0.12563,87,88,0.0573608,0.131222,-0.3491,0.422068,0,31.8052
31.8249,2.09497,1.23566,0.911437,0,0,0,0,87,88,0,0,0,0,0,traj_sz=100
31.825,2.09497,1.23566,0.911437,2.16985,1.24857,0.607622,0.12563,87,88,0.0560763,0.132419,-0.3491,0.420861,0,31.825
31.8448,2.09837,1.24053,0.899487,0,0,0,0,87,88,0,0,0,0,0,traj_sz=100
31.845,2.09837,1.24053,0.899487,2.16985,1.24857,0.607622,0.12563,87,88,0.0507548,0.129362,-0.3491,0.416282,0,31.845
31.8648,2.09919,1.24164,0.893178,0,0,0,0,87,88,0,0,0,0,0,traj_sz=100
31.8648,2.09919,1.24164,0.893178,2.16985,1.24857,0.607622,0.12563,87,88,0.049697,0.130706,-0.3491,0.415199,0,31.8648
31.8848,2.10021,1.24283,0.891373,0,0,0,0,87,88,0,0,0,0,0,traj_sz=100
31.8849,2.10021,1.24283,0.891373,2.16985,1.24857,0.607622,0.12563,87,88,0.0482221,0.131878,-0.3491,0.413906,0,31.8849
31.9049,2.10195,1.24525,0.884836,0,0,0,0,87,88,0,0,0,0,0,traj_sz=100
31.9052,2.10195,1.24525,0.884836,2.16985,1.24857,0.607622,0.12563,87,88,0.0455773,0.131729,-0.3491,0.411603,0,31.9052
31.9249,2.10288,1.24648,0.882242,0,0,0,0,87,88,0,0,0,0,0,traj_sz=100
31.925,2.10288,1.24648,0.882242,2.16985,1.24857,0.607622,0.12563,87,88,0.0441735,0.132936,-0.3491,0.410395,0,31.925
31.9449,2.10661,1.2512,0.8695,0,0,0,0,87,88,0,0,0,0,0,traj_sz=100
31.945,2.10661,1.2512,0.8695,2.16985,1.24857,0.607622,0.12563,87,88,0.0387976,0.129781,-0.3491,0.405609,0,31.945
31.965,2.10661,1.2512,0.8695,0,0,0,0,87,88,0,0,0,0,0,traj_sz=100
31.9652,2.10661,1.2512,0.8695,2.16985,1.24857,0.607622,0.12563,87,88,0.0387976,0.132537,-0.3491,0.405609,0,31.9652
31.9849,2.10842,1.25359,0.863306,0,0,0,0,87,88,0,0,0,0,0,traj_sz=100
31.985,2.10842,1.25359,0.863306,2.20769,1.27489,0.50903,0.12563,87,89,0.0807056,0.132336,-0.3491,0.403275,0,31.985
32.0048,2.11034,1.25592,0.857291,0,0,0,0,87,89,0,0,0,0,0,traj_sz=100
32.0049,2.11034,1.25592,0.857291,2.20769,1.27489,0.50903,0.12563,87,89,0.0780564,0.132101,-0.3491,0.400858,0,32.0049
32.0247,2.11133,1.25714,0.854407,0,0,0,0,87,89,0,0,0,0,0,traj_sz=100
32.0248,2.11133,1.25714,0.854407,2.20769,1.27489,0.50903,0.12563,87,89,0.0766628,0.133296,-0.3491,0.399611,0,32.0248
32.0449,2.1153,1.26207,0.841543,0,0,0,0,87,89,0,0,0,0,0,traj_sz=100
32.045,2.1153,1.26207,0.841543,2.20769,1.27489,0.50903,0.12563,87,89,0.0711164,0.129885,-0.3491,0.394618,0,32.045
32.0649,2.11637,1.26338,0.838126,0,0,0,0,87,89,0,0,0,0,0,traj_sz=100
32.065,2.11637,1.26338,0.838126,2.20769,1.27489,0.50903,0.12563,87,89,0.0696355,0.130995,-0.3491,0.393284,0,32.065
32.0848,2.11719,1.26455,0.833481,0,0,0,0,87,89,0,0,0,0,0,traj_sz=100
32.0849,2.11719,1.26455,0.833481,2.20769,1.27489,0.50903,0.12563,87,89,0.0684996,0.132365,-0.3491,0.392233,0,32.0849
32.1049,2.1192,1.26683,0.827992,0,0,0,0,87,89,0,0,0,0,0,traj_sz=100
32.105,2.1192,1.26683,0.827992,2.20769,1.27489,0.50903,0.12563,87,89,0.0657884,0.132147,-0.3491,0.389775,0,32.105
32.1249,2.12036,1.26802,0.825545,0,0,0,0,87,89,0,0,0,0,0,traj_sz=100
32.1251,2.12036,1.26802,0.825545,2.20769,1.27489,0.50903,0.12563,87,89,0.0642674,0.133266,-0.3491,0.388386,0,32.1251
32.1448,2.12435,1.27242,0.814877,0,0,0,0,87,89,0,0,0,0,0,traj_sz=100
32.1449,2.12435,1.27242,0.814877,2.20769,1.27489,0.50903,0.12563,88,89,0.0589664,0.130164,-0.3491,0.383577,0,32.1449
32.1649,2.12538,1.27375,0.810923,0,0,0,0,88,89,0,0,0,0,0,traj_sz=100
32.1651,2.12538,1.27375,0.810923,2.20769,1.27489,0.50903,0.12563,88,89,0.0575264,0.131332,-0.3491,0.382303,0,32.1651
32.185,2.12635,1.27474,0.809065,0,0,0,0,88,89,0,0,0,0,0,traj_sz=100
32.1851,2.12635,1.27474,0.809065,2.20769,1.27489,0.50903,0.12563,88,89,0.0562451,0.132718,-0.3491,0.381154,0,32.1851
32.2048,2.12814,1.27708,0.799407,0,0,0,0,88,89,0,0,0,0,0,traj_sz=100
32.2049,2.12814,1.27708,0.799407,2.20769,1.27489,0.50903,0.12563,88,89,0.053883,0.132627,-0.3491,0.37894,0,32.2049
32.2249,2.12933,1.27821,0.798704,0,0,0,0,88,89,0,0,0,0,0,traj_sz=100
32.2251,2.12933,1.27821,0.798704,2.20769,1.27489,0.50903,0.12563,88,89,0.0522879,0.133779,-0.3491,0.377556,0,32.2251
32.2449,2.13331,1.2828,0.785713,0,0,0,0,88,89,0,0,0,0,0,traj_sz=100
32.245,2.13331,1.2828,0.785713,2.20769,1.27489,0.50903,0.12563,88,89,0.0469805,0.13063,-0.3491,0.372792,0,32.245
32.2649,2.1344,1.28395,0.78242,0,0,0,0,88,89,0,0,0,0,0,traj_sz=100
32.265,2.1344,1.28395,0.78242,2.20769,1.27489,0.50903,0.12563,88,89,0.0455913,0.131846,-0.3491,0.371517,0,32.265
32.2851,2.13549,1.28505,0.779614,0,0,0,0,88,89,0,0,0,0,0,traj_sz=100
32.2852,2.13549,1.28505,0.779614,2.20769,1.27489,0.50903,0.12563,88,89,0.0442062,0.133106,-0.3491,0.370254,0,32.2852
32.3049,2.13755,1.28736,0.772811,0,0,0,0,88,89,0,0,0,0,0,traj_sz=100
32.3051,2.13755,1.28736,0.772811,2.20769,1.27489,0.50903,0.12563,88,89,0.0415147,0.132865,-0.3491,0.367825,0,32.3051
32.3248,2.13867,1.28833,0.771441,0,0,0,0,88,89,0,0,0,0,0,traj_sz=100
32.325,2.13867,1.28833,0.771441,2.20769,1.27489,0.50903,0.12563,88,89,0.0401117,0.134161,-0.3491,0.366554,0,32.325
32.3449,2.1429,1.29282,0.757889,0,0,0,0,88,89,0,0,0,0,0,traj_sz=100
32.345,2.1429,1.29282,0.757889,2.20769,1.27489,0.50903,0.12563,88,89,0.0347319,0.130937,-0.3491,0.36165,0,32.345
32.3648,2.14401,1.29394,0.754114,0,0,0,0,88,89,0,0,0,0,0,traj_sz=100
32.3649,2.14401,1.29394,0.754114,2.20769,1.27489,0.50903,0.12563,88,89,0.0333713,0.132167,-0.3491,0.360376,0,32.3649
32.3849,2.14521,1.29493,0.752515,0,0,0,0,88,89,0,0,0,0,0,traj_sz=100
32.385,2.14521,1.29493,0.752515,2.20769,1.27489,0.50903,0.12563,88,89,0.0319178,0.133431,-0.3491,0.359044,0,32.385
32.4049,2.1473,1.2971,0.746418,0,0,0,0,88,89,0,0,0,0,0,traj_sz=100
32.405,2.1473,1.2971,0.746418,2.20769,1.27489,0.50903,0.12563,88,89,0.0292578,0.13328,-0.3491,0.356648,0,32.405
32.4249,2.14841,1.29823,0.742678,0,0,0,0,88,89,0,0,0,0,0,traj_sz=100
32.425,2.14841,1.29823,0.742678,2.20769,1.27489,0.50903,0.12563,88,89,0.0278897,0.134532,-0.3491,0.355384,0,32.425
32.445,2.15296,1.30261,0.730611,0,0,0,0,88,89,0,0,0,0,0,traj_sz=100
32.4452,2.15296,1.30261,0.730611,2.24794,1.29735,0.410949,0.12563,88,90,0.0672252,0.131157,-0.3491,0.350259,0,32.4452
32.4649,2.15421,1.30366,0.727995,0,0,0,0,88,90,0,0,0,0,0,traj_sz=100
32.465,2.15421,1.30366,0.727995,2.24794,1.29735,0.410949,0.12563,88,90,0.0657726,0.132321,-0.3491,0.348882,0,32.465
32.4849,2.15534,1.30481,0.724813,0,0,0,0,88,90,0,0,0,0,0,traj_sz=100
32.485,2.15534,1.30481,0.724813,2.24794,1.29735,0.410949,0.12563,88,90,0.0643722,0.133555,-0.3491,0.347605,0,32.485
32.5049,2.15767,1.3069,0.719917,0,0,0,0,88,90,0,0,0,0,0,traj_sz=100
32.505,2.15767,1.3069,0.719917,2.24794,1.29735,0.410949,0.12563,89,90,0.0615785,0.133278,-0.3491,0.345035,0,32.505
32.525,2.15867,1.30799,0.714602,0,0,0,0,89,90,0,0,0,0,0,traj_sz=100
32.5251,2.15867,1.30799,0.714602,2.24794,1.29735,0.410949,0.12563,89,90,0.0604619,0.134675,-0.3491,0.343907,0,32.5251
32.5448,2.16326,1.31215,0.703314,0,0,0,0,89,90,0,0,0,0,0,traj_sz=100
32.5451,2.16326,1.31215,0.703314,2.24794,1.29735,0.410949,0.12563,89,90,0.0550118,0.131393,-0.3491,0.338858,0,32.5451
32.5649,2.16453,1.31322,0.701222,0,0,0,0,89,90,0,0,0,0,0,traj_sz=100
32.5651,2.16453,1.31322,0.701222,2.24794,1.29735,0.410949,0.12563,89,90,0.0534873,0.132555,-0.3491,0.337476,0,32.5651
32.5848,2.16555,1.31434,0.697422,0,0,0,0,89,90,0,0,0,0,0,traj_sz=100
32.5851,2.16555,1.31434,0.697422,2.24794,1.29735,0.410949,0.12563,89,90,0.0522382,0.133913,-0.3491,0.336342,0,32.5851
32.6049,2.16783,1.31646,0.689559,0,0,0,0,89,90,0,0,0,0,0,traj_sz=100
32.605,2.16783,1.31646,0.689559,2.24794,1.29735,0.410949,0.12563,89,90,0.0496481,0.133679,-0.3491,0.33386,0,32.605
32.6248,2.16901,1.31749,0.686387,0,0,0,0,89,90,0,0,0,0,0,traj_sz=100
32.6249,2.16901,1.31749,0.686387,2.24794,1.29735,0.410949,0.12563,89,90,0.0482902,0.134939,-0.3491,0.33258,0,32.6249
32.6449,2.17345,1.32128,0.672162,0,0,0,0,89,90,0,0,0,0,0,traj_sz=100
32.645,2.17345,1.32128,0.672162,2.24794,1.29735,0.410949,0.12563,89,90,0.0433847,0.132028,-0.3491,0.327809,0,32.645
32.6648,2.17462,1.32226,0.672056,0,0,0,0,89,90,0,0,0,0,0,traj_sz=100
32.6649,2.17462,1.32226,0.672056,2.24794,1.29735,0.410949,0.12563,89,90,0.0418674,0.133343,-0.3491,0.326562,0,32.6649
32.6849,2.17576,1.32331,0.668339,0,0,0,0,89,90,0,0,0,0,0,traj_sz=100
32.685,2.17576,1.32331,0.668339,2.24794,1.29735,0.410949,0.12563,89,90,0.040567,0.134675,-0.3491,0.32534,0,32.685
32.7048,2.17836,1.32541,0.663448,0,0,0,0,89,90,0,0,0,0,0,traj_sz=100
32.705,2.17836,1.32541,0.663448,2.24794,1.29735,0.410949,0.12563,89,90,0.0375379,0.134191,-0.3491,0.322576,0,32.705
32.7248,2.17945,1.32634,0.658947,0,0,0,0,89,90,0,0,0,0,0,traj_sz=100
32.725,2.17945,1.32634,0.658947,2.24794,1.29735,0.410949,0.12563,89,90,0.0363988,0.135618,-0.3491,0.321423,0,32.725
32.7448,2.1844,1.33052,0.646446,0,0,0,0,89,90,0,0,0,0,0,traj_sz=100
32.7449,2.1844,1.33052,0.646446,2.24794,1.29735,0.410949,0.12563,89,90,0.0307361,0.13211,-0.3491,0.316197,0,32.7449
32.7649,2.18564,1.33129,0.643378,0,0,0,0,89,90,0,0,0,0,0,traj_sz=100
32.7652,2.18564,1.33129,0.643378,2.24794,1.29735,0.410949,0.12563,89,90,0.0294905,0.133515,-0.3491,0.314922,0,32.7652
32.7848,2.18673,1.33248,0.638315,0,0,0,0,89,90,0,0,0,0,0,traj_sz=100
32.785,2.18673,1.33248,0.638315,2.24794,1.29735,0.410949,0.12563,89,90,0.0282231,0.134812,-0.3491,0.313755,0,32.785
32.8048,2.1893,1.33441,0.633987,0,0,0,0,89,90,0,0,0,0,0,traj_sz=100
32.8051,2.1893,1.33441,0.633987,2.24794,1.29735,0.410949,0.12563,89,90,0.0252941,0.134489,-0.3491,0.311091,0,32.8051
32.8248,2.19063,1.33531,0.628609,0,0,0,0,89,90,0,0,0,0,0,traj_sz=100
32.8249,2.19063,1.33531,0.628609,2.24794,1.29735,0.410949,0.12563,89,90,0.0240365,0.135718,-0.3491,0.309721,0,32.8249
32.8448,2.1953,1.33911,0.611776,0,0,0,0,89,90,0,0,0,0,0,traj_sz=100
32.845,2.1953,1.33911,0.611776,2.24794,1.29735,0.410949,0.12563,89,90,0.0191066,0.132692,-0.3491,0.304893,0,32.845
32.8648,2.19647,1.34033,0.606753,0,0,0,0,89,90,0,0,0,0,0,traj_sz=100
32.865,2.19647,1.34033,0.606753,2.24794,1.29735,0.410949,0.12563,89,90,0.0177722,0.133947,-0.3491,0.30368,0,32.865
32.8848,2.19804,1.34126,0.608542,0,0,0,0,89,90,0,0,0,0,0,traj_sz=100
32.8849,2.19804,1.34126,0.608542,2.24794,1.29735,0.410949,0.12563,90,90,0.0158462,0.134966,-0.3491,0.302091,0,32.8849
32.9049,2.20028,1.34299,0.597809,0,0,0,0,90,90,0,0,0,0,0,traj_sz=100
32.905,2.20028,1.34299,0.597809,2.24794,1.29735,0.410949,0.12563,90,90,0.0137059,0.135039,-0.3491,0.299798,0,32.905
32.9249,2.20139,1.34411,0.592349,0,0,0,0,90,90,0,0,0,0,0,traj_sz=100
32.925,2.20139,1.34411,0.592349,2.24794,1.29735,0.410949,0.12563,90,90,0.0125129,0.136408,-0.3491,0.298668,0,32.925
32.9449,2.20659,1.34766,0.580917,0,0,0,0,90,90,0,0,0,0,0,traj_sz=100
32.9451,2.20659,1.34766,0.580917,2.24794,1.29735,0.410949,0.12563,90,90,0.00695413,0.13304,-0.3491,0.293417,0,32.9451
32.9649,2.2077,1.34866,0.575622,0,0,0,0,90,90,0,0,0,0,0,traj_sz=100
32.9649,2.2077,1.34866,0.575622,2.24794,1.29735,0.410949,0.12563,90,90,0.00582492,0.134454,-0.3491,0.292305,0,32.9649
32.9849,2.20929,1.34951,0.576201,0,0,0,0,90,90,0,0,0,0,0,traj_sz=100
32.985,2.20929,1.34951,0.576201,2.24794,1.29735,0.410949,0.12563,90,90,0.00398863,0.135507,-0.3491,0.290709,0,32.985
33.0049,2.21185,1.35128,0.569296,0,0,0,0,90,90,0,0,0,0,0,traj_sz=100
33.0051,2.21185,1.35128,0.569296,2.24794,1.29735,0.410949,0.12563,90,90,0.00132425,0.135298,-0.3491,0.288152,0,33.0051
33.0249,2.21326,1.35225,0.566079,0,0,0,0,90,90,0,0,0,0,0,traj_sz=100
33.025,2.21326,1.35225,0.566079,2.24794,1.29735,0.410949,0.12563,90,90,-0.000173793,0.136459,-0.3491,0.286747,0,33.025
33.0447,2.21828,1.35569,0.552074,0,0,0,0,90,90,0,0,0,0,0,traj_sz=100
33.0448,2.21828,1.35569,0.552074,2.24794,1.29735,0.410949,0.12563,90,90,-0.00534436,0.13331,-0.3491,0.281778,0,33.0448
33.0648,2.21957,1.35679,0.547308,0,0,0,0,90,90,0,0,0,0,0,traj_sz=100
33.0649,2.21957,1.35679,0.547308,2.24794,1.29735,0.410949,0.12563,90,90,-0.0067067,0.134552,-0.3491,0.28051,0,33.0649
33.0848,2.22087,1.35747,0.544525,0,0,0,0,90,90,0,0,0,0,0,traj_sz=100
33.085,2.22087,1.35747,0.544525,2.24794,1.29735,0.410949,0.12563,90,90,-0.00798509,0.135959,-0.3491,0.279233,0,33.085
33.1049,2.22311,1.359,0.536176,0,0,0,0,90,90,0,0,0,0,0,traj_sz=100
33.105,2.22311,1.359,0.536176,2.24794,1.29735,0.410949,0.12563,90,90,-0.0101541,0.136147,-0.3491,0.277032,0,33.105
33.1247,2.22457,1.35989,0.535448,0,0,0,0,90,90,0,0,0,0,0,traj_sz=100
33.1248,2.22457,1.35989,0.535448,2.24794,1.29735,0.410949,0.12563,90,90,-0.0118092,0.1373,-0.3491,0.275606,0,33.1248
33.1447,2.22964,1.36317,0.521433,0,0,0,0,90,90,0,0,0,0,0,traj_sz=100
33.1448,2.22964,1.36317,0.521433,2.24794,1.29735,0.410949,0.12563,90,90,-0.0169215,0.134223,-0.3491,0.270679,0,33.1448
33.1647,2.23102,1.36388,0.519907,0,0,0,0,90,90,0,0,0,0,0,traj_sz=100
33.1648,2.23102,1.36388,0.519907,2.24794,1.29735,0.410949,0.12563,90,90,-0.0183666,0.135546,-0.3491,0.269338,0,33.1648
33.1848,2.23224,1.36478,0.514804,0,0,0,0,90,90,0,0,0,0,0,traj_sz=100
33.1849,2.23224,1.36478,0.514804,2.24794,1.29735,0.410949,0.12563,90,90,-0.0195315,0.136966,-0.3491,0.268173,0,33.1849
33.2048,2.23465,1.36604,0.509736,0,0,0,0,90,90,0,0,0,0,0,traj_sz=100
33.2049,2.23465,1.36604,0.509736,2.24794,1.29735,0.410949,0.12563,90,90,-0.0219201,0.137122,-0.3491,0.26583,0,33.2049
33.2248,2.23604,1.36696,0.509272,0,0,0,0,90,90,0,0,0,0,0,traj_sz=100
33.2248,2.23604,1.36696,0.509272,2.24794,1.29735,0.410949,0.12563,90,90,-0.0235465,0.138351,-0.3491,0.264508,0,33.2248
33.2449,2.24103,1.36991,0.494859,0,0,0,0,90,90,0,0,0,0,0,traj_sz=100
33.2451,2.24103,1.36991,0.494859,2.24794,1.29735,0.410949,0.12563,90,90,-0.0283805,0.135533,-0.3491,0.259731,0,33.2451
33.2651,2.24265,1.37067,0.495085,0,0,0,0,90,90,0,0,0,0,0,traj_sz=100
33.2652,2.24265,1.37067,0.495085,2.29019,1.31576,0.315719,0.12563,91,91,0.0157424,0.136637,-0.3491,0.258176,0,33.2652
33.2849,2.24387,1.37149,0.489003,0,0,0,0,91,91,0,0,0,0,0,traj_sz=100
33.285,2.24387,1.37149,0.489003,2.29019,1.31576,0.315719,0.12563,91,91,0.0147115,0.138058,-0.3491,0.257032,0,33.285
33.3049,2.24631,1.3729,0.483143,0,0,0,0,91,91,0,0,0,0,0,traj_sz=100
33.305,2.24631,1.3729,0.483143,2.29019,1.31576,0.315719,0.12563,91,91,0.0123111,0.138143,-0.3491,0.254718,0,33.305
33.3249,2.24768,1.37373,0.481287,0,0,0,0,91,91,0,0,0,0,0,traj_sz=100
33.325,2.24768,1.37373,0.481287,2.29019,1.31576,0.315719,0.12563,91,91,0.0108468,0.139444,-0.3491,0.253434,0,33.325
33.3448,2.25295,1.3767,0.468133,0,0,0,0,91,91,0,0,0,0,0,traj_sz=100
33.345,2.25295,1.3767,0.468133,2.29019,1.31576,0.315719,0.12563,91,91,0.00573645,0.136355,-0.3491,0.248487,0,33.345
33.3648,2.25438,1.3774,0.46421,0,0,0,0,91,91,0,0,0,0,0,traj_sz=100
33.3649,2.25438,1.3774,0.46421,2.29019,1.31576,0.315719,0.12563,91,91,0.00442183,0.137628,-0.3491,0.247141,0,33.3649
33.3849,2.25613,1.3778,0.465469,0,0,0,0,91,91,0,0,0,0,0,traj_sz=100
33.385,2.25613,1.3778,0.465469,2.29019,1.31576,0.315719,0.12563,91,91,0.00258903,0.138726,-0.3491,0.245451,0,33.385
33.405,2.25875,1.37945,0.458189,0,0,0,0,91,91,0,0,0,0,0,traj_sz=100
33.4051,2.25875,1.37945,0.458189,2.29019,1.31576,0.315719,0.12563,91,91,2.42428e-05,0.138342,-0.3491,0.243039,0,33.4051
33.4248,2.2601,1.38008,0.456478,0,0,0,0,91,91,0,0,0,0,0,traj_sz=100
33.4249,2.2601,1.38008,0.456478,2.29019,1.31576,0.315719,0.12563,91,91,-0.0013428,0.139438,-0.3491,0.24178,0,33.4249
33.4448,2.26584,1.3826,0.448354,0,0,0,0,91,91,0,0,0,0,0,traj_sz=100
33.445,2.26584,1.3826,0.448354,2.29019,1.31576,0.315719,0.12563,91,91,-0.00702986,0.135814,-0.3491,0.236419,0,33.445
33.4649,2.26715,1.38375,0.441221,0,0,0,0,91,91,0,0,0,0,0,traj_sz=100
33.465,2.26715,1.38375,0.441221,2.29019,1.31576,0.315719,0.12563,91,91,-0.008199,0.136833,-0.3491,0.235287,0,33.465
33.4849,2.26852,1.38449,0.439359,0,0,0,0,91,91,0,0,0,0,0,traj_sz=100
33.485,2.26852,1.38449,0.439359,2.29019,1.31576,0.315719,0.12563,91,91,-0.00962922,0.137907,-0.3491,0.234031,0,33.485
33.5049,2.27127,1.38594,0.43143,0,0,0,0,91,91,0,0,0,0,0,traj_sz=100
33.5051,2.27127,1.38594,0.43143,2.29019,1.31576,0.315719,0.12563,91,91,-0.0121645,0.13747,-0.3491,0.231532,0,33.5051
33.5249,2.27263,1.3866,0.428679,0,0,0,0,91,91,0,0,0,0,0,traj_sz=100
33.525,2.27263,1.3866,0.428679,2.29019,1.31576,0.315719,0.12563,91,91,-0.0134751,0.138587,-0.3491,0.230295,0,33.525
33.5449,2.27833,1.38894,0.418047,0,0,0,0,91,91,0,0,0,0,0,traj_sz=100
33.545,2.27833,1.38894,0.418047,2.29019,1.31576,0.315719,0.12563,91,91,-0.018869,0.135074,-0.3491,0.225063,0,33.545
33.5649,2.27833,1.38894,0.418047,0,0,0,0,91,91,0,0,0,0,0,traj_sz=100
33.565,2.27833,1.38894,0.418047,2.29019,1.31576,0.315719,0.12563,91,91,-0.018869,0.13769,-0.3491,0.225063,0,33.565
33.5848,2.28089,1.39081,0.409578,0,0,0,0,91,91,0,0,0,0,0,traj_sz=100
33.5849,2.28089,1.39081,0.409578,2.29019,1.31576,0.315719,0.12563,91,91,-0.0213555,0.137324,-0.3491,0.222878,0,33.5849
33.6049,2.28391,1.3921,0.403893,0,0,0,0,91,91,0,0,0,0,0,traj_sz=100
33.6051,2.28391,1.3921,0.403893,2.29019,1.31576,0.315719,0.12563,91,91,-0.0242301,0.136694,-0.3491,0.22015,0,33.6051
33.6249,2.28526,1.39278,0.401038,0,0,0,0,91,91,0,0,0,0,0,traj_sz=100
33.625,2.28526,1.39278,0.401038,2.29019,1.31576,0.315719,0.12563,91,91,-0.0255271,0.137834,-0.3491,0.218963,0,33.625
33.645,2.29098,1.39533,0.388847,0,0,0,0,91,91,0,0,0,0,0,traj_sz=100
33.6451,2.29098,1.39533,0.388847,2.334,1.33007,0.225883,0.120914,92,92,0.0150626,0.134279,-0.3491,0.213876,0,33.6451
33.6649,2.29244,1.39565,0.387966,0,0,0,0,92,92,0,0,0,0,0,traj_sz=100
33.6651,2.29244,1.39565,0.387966,2.334,1.33007,0.225883,0.120914,92,92,0.0136647,0.135408,-0.3491,0.212525,0,33.6651
33.6849,2.29371,1.39678,0.381259,0,0,0,0,92,92,0,0,0,0,0,traj_sz=100
33.685,2.29371,1.39678,0.381259,2.334,1.33007,0.225883,0.120914,92,92,0.0125731,0.136491,-0.3491,0.211528,0,33.685
33.7048,2.29643,1.39794,0.375285,0,0,0,0,92,92,0,0,0,0,0,traj_sz=100
33.7049,2.29643,1.39794,0.375285,2.334,1.33007,0.225883,0.120914,92,92,0.0100845,0.13619,-0.3491,0.209142,0,33.7049
33.7249,2.2979,1.39848,0.372787,0,0,0,0,92,92,0,0,0,0,0,traj_sz=100
33.725,2.2979,1.39848,0.372787,2.334,1.33007,0.225883,0.120914,92,92,0.00870913,0.137263,-0.3491,0.207836,0,33.725
33.7449,2.30344,1.40075,0.360618,0,0,0,0,92,92,0,0,0,0,0,traj_sz=100
33.745,2.30344,1.40075,0.360618,2.334,1.33007,0.225883,0.120914,92,92,0.00365144,0.133954,-0.3491,0.203004,0,33.745
33.7648,2.30493,1.40159,0.357859,0,0,0,0,92,92,0,0,0,0,0,traj_sz=100
33.765,2.30493,1.40159,0.357859,2.334,1.33007,0.225883,0.120914,92,92,0.00217869,0.134597,-0.3491,0.201779,0,33.765
33.7848,2.3063,1.40226,0.353076,0,0,0,0,92,92,0,0,0,0,0,traj_sz=100
33.7849,2.3063,1.40226,0.353076,2.334,1.33007,0.225883,0.120914,92,92,0.00103059,0.135207,-0.3491,0.200629,0,33.7849
33.8048,2.30929,1.40304,0.347989,0,0,0,0,92,92,0,0,0,0,0,traj_sz=100
33.805,2.30929,1.40304,0.347989,2.334,1.33007,0.225883,0.120914,92,92,-0.00165449,0.13422,-0.3491,0.197948,0,33.805
33.8248,2.3104,1.40398,0.342566,0,0,0,0,92,92,0,0,0,0,0,traj_sz=100
33.825,2.3104,1.40398,0.342566,2.334,1.33007,0.225883,0.120914,92,92,-0.00260227,0.135033,-0.3491,0.197132,0,33.825
33.8448,2.31639,1.40613,0.331389,0,0,0,0,92,92,0,0,0,0,0,traj_sz=100
33.8449,2.31639,1.40613,0.331389,2.334,1.33007,0.225883,0.120914,92,92,-0.00809196,0.130831,-0.3491,0.192002,0,33.8449
33.8649,2.31639,1.40613,0.331389,0,0,0,0,92,92,0,0,0,0,0,traj_sz=100
33.865,2.31639,1.40613,0.331389,2.334,1.33007,0.225883,0.120914,92,92,-0.00809196,0.132946,-0.3491,0.192002,0,33.865
33.885,2.3193,1.40691,0.325567,0,0,0,0,92,92,0,0,0,0,0,traj_sz=100
33.8851,2.3193,1.40691,0.325567,2.334,1.33007,0.225883,0.120914,92,92,-0.0106519,0.132046,-0.3491,0.189445,0,33.8851
33.9049,2.32232,1.40849,0.315848,0,0,0,0,92,92,0,0,0,0,0,traj_sz=100
33.9049,2.32232,1.40849,0.315848,2.334,1.33007,0.225883,0.120914,92,92,-0.0132596,0.130864,-0.3491,0.187058,0,33.9049
33.9248,2.32396,1.40885,0.312797,0,0,0,0,92,92,0,0,0,0,0,traj_sz=100
33.9249,2.32396,1.40885,0.312797,2.334,1.33007,0.225883,0.120914,92,92,-0.0146867,0.13129,-0.3491,0.185619,0,33.9249
33.9448,2.32971,1.41087,0.298946,0,0,0,0,92,92,0,0,0,0,0,traj_sz=100
33.9449,2.32971,1.41087,0.298946,2.334,1.33007,0.225883,0.120914,92,92,-0.0197027,0.127368,-0.3491,0.180839,0,33.9449
33.9648,2.33096,1.41159,0.292975,0,0,0,0,92,92,0,0,0,0,0,traj_sz=100
33.965,2.33096,1.41159,0.292975,2.334,1.33007,0.225883,0.120914,92,92,-0.0206337,0.128124,-0.3491,0.179908,0,33.965
33.9849,2.33277,1.41161,0.293998,0,0,0,0,92,92,0,0,0,0,0,traj_sz=100
33.985,2.33277,1.41161,0.293998,2.334,1.33007,0.225883,0.120914,92,92,-0.0224479,0.12846,-0.3491,0.178223,0,33.985
34.0049,2.33543,1.41316,0.28388,0,0,0,0,92,92,0,0,0,0,0,traj_sz=100
34.005,2.33543,1.41316,0.28388,2.334,1.33007,0.225883,0.120914,92,92,-0.0246473,0.127676,-0.3491,0.176274,0,34.005
34.0249,2.3369,1.41329,0.284463,0,0,0,0,92,92,0,0,0,0,0,traj_sz=100
34.025,2.3369,1.41329,0.284463,2.334,1.33007,0.225883,0.120914,92,92,-0.0261358,0.128316,-0.3491,0.174953,0,34.025
34.0449,2.34218,1.41531,0.270714,0,0,0,0,92,92,0,0,0,0,0,traj_sz=100
34.0451,2.34218,1.41531,0.270714,2.37723,1.34001,0.147081,0.109024,93,93,0.0136413,0.124888,-0.3491,0.170804,0,34.0451
34.0649,2.34363,1.41538,0.271205,0,0,0,0,93,93,0,0,0,0,0,traj_sz=100
34.0651,2.34363,1.41538,0.271205,2.37723,1.34001,0.147081,0.109024,93,93,0.0121797,0.125555,-0.3491,0.169486,0,34.0651
34.0848,2.34508,1.4162,0.266427,0,0,0,0,93,93,0,0,0,0,0,traj_sz=100
34.0851,2.34508,1.4162,0.266427,2.37723,1.34001,0.147081,0.109024,93,93,0.0109586,0.126101,-0.3491,0.168476,0,34.0851
34.1049,2.3479,1.41675,0.263929,0,0,0,0,93,93,0,0,0,0,0,traj_sz=100
34.105,2.3479,1.41675,0.263929,2.37723,1.34001,0.147081,0.109024,93,93,0.0082912,0.125328,-0.3491,0.166102,0,34.105
34.125,2.34921,1.41736,0.258447,0,0,0,0,93,93,0,0,0,0,0,traj_sz=100
34.1251,2.34921,1.41736,0.258447,2.37723,1.34001,0.147081,0.109024,93,93,0.00731732,0.125849,-0.3491,0.165147,0,34.1251
34.1448,2.35444,1.41887,0.248591,0,0,0,0,93,93,0,0,0,0,0,traj_sz=100
34.145,2.35444,1.41887,0.248591,2.37723,1.34001,0.147081,0.109024,93,93,0.0026851,0.121879,-0.3491,0.161027,0,34.145
34.1649,2.35576,1.41946,0.243775,0,0,0,0,93,93,0,0,0,0,0,traj_sz=100
34.165,2.35576,1.41946,0.243775,2.37723,1.34001,0.147081,0.109024,93,93,0.00165874,0.121922,-0.3491,0.160094,0,34.165
34.1848,2.35705,1.41997,0.239642,0,0,0,0,93,93,0,0,0,0,0,traj_sz=100
34.1849,2.35705,1.41997,0.239642,2.37723,1.34001,0.147081,0.109024,93,93,0.000624606,0.121999,-0.3491,0.159153,0,34.1849
34.2049,2.35966,1.42075,0.234227,0,0,0,0,93,93,0,0,0,0,0,traj_sz=100
34.2051,2.35966,1.42075,0.234227,2.37723,1.34001,0.147081,0.109024,93,93,-0.00164678,0.120756,-0.3491,0.157166,0,34.2051
34.2249,2.36107,1.42081,0.233469,0,0,0,0,93,93,0,0,0,0,0,traj_sz=100
34.2251,2.36107,1.42081,0.233469,2.37723,1.34001,0.147081,0.109024,93,93,-0.00297181,0.120784,-0.3491,0.155938,0,34.2251
34.2448,2.36657,1.42222,0.221178,0,0,0,0,93,93,0,0,0,0,0,traj_sz=100
34.2449,2.36657,1.42222,0.221178,2.37723,1.34001,0.147081,0.109024,93,93,-0.00763637,0.116568,-0.3491,0.15172,0,34.2449
34.2649,2.36781,1.42278,0.216636,0,0,0,0,93,93,0,0,0,0,0,traj_sz=100
34.265,2.36781,1.42278,0.216636,2.37723,1.34001,0.147081,0.109024,93,93,-0.00859517,0.116705,-0.3491,0.150895,0,34.265
34.2849,2.36939,1.42305,0.215579,0,0,0,0,93,93,0,0,0,0,0,traj_sz=100
34.285,2.36939,1.42305,0.215579,2.37723,1.34001,0.147081,0.109024,93,93,-0.0101026,0.116547,-0.3491,0.14965,0,34.285
34.3048,2.37194,1.42357,0.212287,0,0,0,0,93,93,0,0,0,0,0,traj_sz=100
34.3051,2.37194,1.42357,0.212287,2.37723,1.34001,0.147081,0.109024,93,93,-0.0124336,0.11539,-0.3491,0.147691,0,34.3051
34.3249,2.37318,1.42413,0.206239,0,0,0,0,93,93,0,0,0,0,0,traj_sz=100
34.325,2.37318,1.42413,0.206239,2.37723,1.34001,0.147081,0.109024,93,93,-0.0132638,0.115524,-0.3491,0.146897,0,34.325
34.3448,2.37846,1.42576,0.194147,0,0,0,0,93,93,0,0,0,0,0,traj_sz=100
34.3449,2.37846,1.42576,0.194147,2.37723,1.34001,0.147081,0.109024,93,93,-0.0177537,0.111525,-0.3491,0.143218,0,34.3449
34.3649,2.37983,1.42579,0.193866,0,0,0,0,93,93,0,0,0,0,0,traj_sz=100
34.3651,2.37983,1.42579,0.193866,2.37723,1.34001,0.147081,0.109024,93,93,-0.0190727,0.111617,-0.3491,0.142076,0,34.3651
34.3848,2.38107,1.42586,0.193056,0,0,0,0,93,93,0,0,0,0,0,traj_sz=100
34.3849,2.38107,1.42586,0.193056,2.37723,1.34001,0.147081,0.109024,93,93,-0.0202391,0.111796,-0.3491,0.141066,0,34.3849
34.4048,2.38382,1.42636,0.187892,0,0,0,0,93,93,0,0,0,0,0,traj_sz=100
34.4049,2.38382,1.42636,0.187892,2.37723,1.34001,0.147081,0.109024,93,93,-0.0226011,0.11045,-0.3491,0.139031,0,34.4049
34.4248,2.38495,1.427,0.182847,0,0,0,0,93,93,0,0,0,0,0,traj_sz=100
34.4249,2.38495,1.427,0.182847,2.4168,1.34587,0.0849195,0.0902084,94,94,0.0165688,0.1107,-0.3491,0.138438,0,34.4249
34.4448,2.39009,1.42776,0.174892,0,0,0,0,94,94,0,0,0,0,0,traj_sz=100
34.4449,2.39009,1.42776,0.174892,2.4168,1.34587,0.0849195,0.0902084,94,94,0.0120501,0.106942,-0.3491,0.134634,0,34.4449
34.4648,2.39156,1.42837,0.169007,0,0,0,0,94,94,0,0,0,0,0,traj_sz=100
34.465,2.39156,1.42837,0.169007,2.4168,1.34587,0.0849195,0.0902084,94,94,0.0110009,0.106867,-0.3491,0.133794,0,34.465
34.4849,2.3929,1.42845,0.168337,0,0,0,0,94,94,0,0,0,0,0,traj_sz=100
34.485,2.3929,1.42845,0.168337,2.4168,1.34587,0.0849195,0.0902084,94,94,0.00972278,0.106961,-0.3491,0.132752,0,34.485
34.5048,2.39556,1.4289,0.161985,0,0,0,0,94,94,0,0,0,0,0,traj_sz=100
34.5049,2.39556,1.4289,0.161985,2.4168,1.34587,0.0849195,0.0902084,94,94,0.00756878,0.105025,-0.3491,0.130891,0,34.5049
34.5248,2.3968,1.4294,0.159107,0,0,0,0,94,94,0,0,0,0,0,traj_sz=100
34.525,2.3968,1.4294,0.159107,2.4168,1.34587,0.0849195,0.0902084,94,94,0.0065159,0.104482,-0.3491,0.13021,0,34.525
34.5448,2.40174,1.43017,0.15066,0,0,0,0,94,94,0,0,0,0,0,traj_sz=100
34.5448,2.40174,1.43017,0.15066,2.4168,1.34587,0.0849195,0.0902084,94,94,0.0022384,0.100218,-0.3491,0.12682,0,34.5448
34.5648,2.40277,1.43027,0.147361,0,0,0,0,94,94,0,0,0,0,0,traj_sz=100
34.5651,2.40277,1.43027,0.147361,2.4168,1.34587,0.0849195,0.0902084,94,94,0.00148161,0.099912,-0.3491,0.126077,0,34.5651
34.5848,2.40394,1.43075,0.142418,0,0,0,0,94,94,0,0,0,0,0,traj_sz=100
34.5849,2.40394,1.43075,0.142418,2.4168,1.34587,0.0849195,0.0902084,94,94,0.000686545,0.0994422,-0.3491,0.125496,0,34.5849
34.6048,2.40634,1.43087,0.141108,0,0,0,0,94,94,0,0,0,0,0,traj_sz=100
34.6049,2.40634,1.43087,0.141108,2.4168,1.34587,0.0849195,0.0902084,94,94,-0.00160069,0.0977621,-0.3491,0.123741,0,34.6049
34.6249,2.4075,1.43094,0.14032,0,0,0,0,94,94,0,0,0,0,0,traj_sz=100
34.6251,2.4075,1.43094,0.14032,2.4168,1.34587,0.0849195,0.0902084,94,94,-0.00269405,0.09733,-0.3491,0.12291,0,34.6251
34.6449,2.41205,1.43175,0.129562,0,0,0,0,94,94,0,0,0,0,0,traj_sz=100
34.645,2.41205,1.43175,0.129562,2.4168,1.34587,0.0849195,0.0902084,94,94,-0.00638336,0.0934677,-0.3491,0.120075,0,34.645
34.6648,2.41205,1.43175,0.129562,0,0,0,0,94,94,0,0,0,0,0,traj_sz=100
34.6649,2.41205,1.43175,0.129562,2.4168,1.34587,0.0849195,0.0902084,94,94,-0.00638336,0.0941934,-0.3491,0.120075,0,34.6649
34.6848,2.41417,1.43226,0.124187,0,0,0,0,94,94,0,0,0,0,0,traj_sz=100
34.6849,2.41417,1.43226,0.124187,2.4168,1.34587,0.0849195,0.0902084,94,94,-0.00808668,0.0927771,-0.3491,0.118887,0,34.6849
34.7049,2.41603,1.43228,0.121203,0,0,0,0,94,94,0,0,0,0,0,traj_sz=100
34.705,2.41603,1.43228,0.121203,2.4168,1.34587,0.0849195,0.0902084,94,94,-0.00968445,0.0916458,-0.3491,0.117562,0,34.705
34.7248,2.41725,1.43232,0.12082,0,0,0,0,94,94,0,0,0,0,0,traj_sz=100
34.7249,2.41725,1.43232,0.12082,2.4168,1.34587,0.0849195,0.0902084,94,94,-0.010864,0.0911542,-0.3491,0.116721,0,34.7249
34.745,2.42141,1.43346,0.108104,0,0,0,0,94,94,0,0,0,0,0,traj_sz=100
34.7451,2.42141,1.43346,0.108104,2.4168,1.34587,0.0849195,0.0902084,94,94,-0.0140351,0.0876714,-0.3491,0.114641,0,34.7451
34.765,2.42263,1.43348,0.107916,0,0,0,0,94,94,0,0,0,0,0,traj_sz=100
34.7651,2.42263,1.43348,0.107916,2.4168,1.34587,0.0849195,0.0902084,94,94,-0.0152333,0.0871806,-0.3491,0.113821,0,34.7651
34.7849,2.42377,1.43344,0.108337,0,0,0,0,94,94,0,0,0,0,0,traj_sz=100
34.7851,2.42377,1.43344,0.108337,2.4168,1.34587,0.0849195,0.0902084,94,94,-0.0163954,0.0867754,-0.3491,0.113023,0,34.7851
34.8048,2.42578,1.43398,0.100003,0,0,0,0,94,94,0,0,0,0,0,traj_sz=100
34.8049,2.42578,1.43398,0.100003,2.4168,1.34587,0.0849195,0.0902084,94,94,-0.017736,0.0854592,-0.3491,0.112073,0,34.8049
34.8249,2.42687,1.43402,0.0994958,0,0,0,0,94,94,0,0,0,0,0,traj_sz=100
34.8251,2.42687,1.43402,0.0994958,2.44977,1.34867,0.0419845,0.0668114,95,95,0.0143063,0.0851058,-0.3491,0.11139,0,34.8251
34.8448,2.43068,1.43465,0.0920445,0,0,0,0,95,95,0,0,0,0,0,traj_sz=100
34.8451,2.43068,1.43465,0.0920445,2.44977,1.34867,0.0419845,0.0668114,95,95,0.0111026,0.0819978,-0.3491,0.109407,0,34.8451
34.8648,2.4315,1.43468,0.0907028,0,0,0,0,95,95,0,0,0,0,0,traj_sz=100
34.8649,2.4315,1.43468,0.0907028,2.44977,1.34867,0.0419845,0.0668114,95,95,0.0104039,0.0815346,-0.3491,0.108918,0,34.8649
34.8848,2.43251,1.43472,0.0902664,0,0,0,0,95,95,0,0,0,0,0,traj_sz=100
34.8849,2.43251,1.43472,0.0902664,2.44977,1.34867,0.0419845,0.0668114,95,95,0.00942822,0.0806483,-0.3491,0.108313,0,34.8849
34.9049,2.43431,1.43515,0.0833927,0,0,0,0,95,95,0,0,0,0,0,traj_sz=100
34.9051,2.43431,1.43515,0.0833927,2.44977,1.34867,0.0419845,0.0668114,95,95,0.0082069,0.0789717,-0.3491,0.107549,0,34.9051
34.9249,2.4352,1.43519,0.0830118,0,0,0,0,95,95,0,0,0,0,0,traj_sz=100
34.9251,2.4352,1.43519,0.0830118,2.44977,1.34867,0.0419845,0.0668114,95,95,0.00734344,0.0782032,-0.3491,0.107031,0,34.9251
34.9449,2.43888,1.43518,0.0782114,0,0,0,0,95,95,0,0,0,0,0,traj_sz=100
34.945,2.43888,1.43518,0.0782114,2.44977,1.34867,0.0419845,0.0668114,95,95,0.0041009,0.0746605,-0.3491,0.104838,0,34.945
34.9649,2.4397,1.43518,0.0782024,0,0,0,0,95,95,0,0,0,0,0,traj_sz=100
34.965,2.4397,1.43518,0.0782024,2.44977,1.34867,0.0419845,0.0668114,95,95,0.00327702,0.0739624,-0.3491,0.104358,0,34.965
34.9848,2.44055,1.43583,0.0719705,0,0,0,0,95,95,0,0,0,0,0,traj_sz=100
34.9849,2.44055,1.43583,0.0719705,2.44977,1.34867,0.0419845,0.0668114,95,95,0.00293132,0.0732267,-0.3491,0.104412,0,34.9849
35.0049,2.44227,1.43584,0.0687668,0,0,0,0,95,95,0,0,0,0,0,traj_sz=100
35.0051,2.44227,1.43584,0.0687668,2.44977,1.34867,0.0419845,0.0668114,95,95,0.00149652,0.0716384,-0.3491,0.103449,0,35.0051
35.0249,2.44315,1.43576,0.0679632,0,0,0,0,95,95,0,0,0,0,0,traj_sz=100
35.025,2.44315,1.43576,0.0679632,2.44977,1.34867,0.0419845,0.0668114,95,95,0.000695334,0.0708913,-0.3491,0.102891,0,35.025
35.0448,2.44634,1.43587,0.06325,0,0,0,0,95,95,0,0,0,0,0,traj_sz=100
35.045,2.44634,1.43587,0.06325,2.44977,1.34867,0.0419845,0.0668114,95,95,-0.00209275,0.0678197,-0.3491,0.101254,0,35.045
35.0649,2.44721,1.43599,0.0596811,0,0,0,0,95,95,0,0,0,0,0,traj_sz=100
35.065,2.44721,1.43599,0.0596811,2.44977,1.34867,0.0419845,0.0668114,95,95,-0.00265646,0.0670766,-0.3491,0.100896,0,35.065
35.0847,2.44773,1.43609,0.0568251,0,0,0,0,95,95,0,0,0,0,0,traj_sz=100
35.0848,2.44773,1.43609,0.0568251,2.44977,1.34867,0.0419845,0.0668114,95,95,-0.00293036,0.0666837,-0.3491,0.100717,0,35.0848
35.1048,2.44955,1.43637,0.0538094,0,0,0,0,95,95,0,0,0,0,0,traj_sz=100
35.1051,2.44955,1.43637,0.0538094,2.44977,1.34867,0.0419845,0.0668114,95,95,-0.00450071,0.0649864,-0.3491,0.100021,0,35.1051
35.125,2.4501,1.43657,0.0490139,0,0,0,0,95,95,0,0,0,0,0,traj_sz=100
35.1251,2.4501,1.43657,0.0490139,2.44977,1.34867,0.0419845,0.0668114,95,95,-0.00464056,0.0645613,-0.3491,0.0999218,0,35.1251
35.1448,2.45264,1.43658,0.0451234,0,0,0,0,95,95,0,0,0,0,0,traj_sz=100
35.145,2.45264,1.43658,0.0451234,2.44977,1.34867,0.0419845,0.0668114,95,95,-0.00683026,0.0621568,-0.3491,0.0986884,0,35.145
35.1649,2.4534,1.4365,0.0448721,0,0,0,0,95,95,0,0,0,0,0,traj_sz=100
35.1651,2.4534,1.4365,0.0448721,2.44977,1.34867,0.0419845,0.0668114,95,95,-0.00757006,0.0615225,-0.3491,0.0982494,0,35.1651
35.1848,2.45381,1.43671,0.0425078,0,0,0,0,95,95,0,0,0,0,0,traj_sz=100
35.1849,2.45381,1.43671,0.0425078,2.44977,1.34867,0.0419845,0.0668114,95,95,-0.00777453,0.0612437,-0.3491,0.0982474,0,35.1849
35.205,2.45525,1.43705,0.0375994,0,0,0,0,95,95,0,0,0,0,0,traj_sz=100
35.2051,2.45525,1.43705,0.0375994,2.44977,1.34867,0.0419845,0.0668114,95,95,-0.008796,0.059928,-0.3491,0.0978815,0,35.2051
35.225,2.45586,1.43712,0.0356333,0,0,0,0,95,95,0,0,0,0,0,traj_sz=100
35.2251,2.45586,1.43712,0.0356333,2.44977,1.34867,0.0419845,0.0668114,95,95,-0.00923751,0.059336,-0.3491,0.097662,0,35.2251
35.2449,2.45847,1.43701,0.0314168,0,0,0,0,95,95,0,0,0,0,0,traj_sz=100
35.2451,2.45847,1.43701,0.0314168,2.47426,1.3497,0.016649,0.0424653,96,96,0.0130374,0.0564741,-0.3491,0.0964146,0,35.2451
35.2648,2.45907,1.437,0.0315072,0,0,0,0,96,96,0,0,0,0,0,traj_sz=100
35.265,2.45907,1.437,0.0315072,2.47426,1.3497,0.016649,0.0424653,96,96,0.0124304,0.0556239,-0.3491,0.0961504,0,35.265
35.2849,2.45972,1.43708,0.0306713,0,0,0,0,96,96,0,0,0,0,0,traj_sz=100
35.285,2.45972,1.43708,0.0306713,2.47426,1.3497,0.016649,0.0424653,96,96,0.0118582,0.0547267,-0.3491,0.0959472,0,35.285
35.3048,2.46085,1.43711,0.0295137,0,0,0,0,96,96,0,0,0,0,0,traj_sz=100
35.3049,2.46085,1.43711,0.0295137,2.47426,1.3497,0.016649,0.0424653,96,96,0.0108204,0.0533367,-0.3491,0.095498,0,35.3049
35.3249,2.46148,1.4372,0.0272046,0,0,0,0,96,96,0,0,0,0,0,traj_sz=100
35.325,2.46148,1.4372,0.0272046,2.47426,1.3497,0.016649,0.0424653,96,96,0.0103995,0.0524606,-0.3491,0.095332,0,35.325
35.3447,2.4637,1.43744,0.0216783,0,0,0,0,96,96,0,0,0,0,0,traj_sz=100
35.3449,2.4637,1.43744,0.0216783,2.47426,1.3497,0.016649,0.0424653,96,96,0.00865201,0.0499798,-0.3491,0.0946736,0,35.3449
35.3649,2.46428,1.43755,0.0192331,0,0,0,0,96,96,0,0,0,0,0,traj_sz=100
35.3651,2.46428,1.43755,0.0192331,2.47426,1.3497,0.016649,0.0424653,96,96,0.00829296,0.0491523,-0.3491,0.0945599,0,35.3651
35.3848,2.46479,1.43736,0.0214072,0,0,0,0,96,96,0,0,0,0,0,traj_sz=100
35.385,2.46479,1.43736,0.0214072,2.47426,1.3497,0.016649,0.0424653,96,96,0.0075885,0.0483863,-0.3491,0.0941856,0,35.385
35.4049,2.466,1.43765,0.0155401,0,0,0,0,96,96,0,0,0,0,0,traj_sz=100
35.4051,2.466,1.43765,0.0155401,2.47426,1.3497,0.016649,0.0424653,96,96,0.00688885,0.0469205,-0.3491,0.0940144,0,35.4051
35.4248,2.46669,1.43753,0.0150853,0,0,0,0,96,96,0,0,0,0,0,traj_sz=100
35.4249,2.46669,1.43753,0.0150853,2.47426,1.3497,0.016649,0.0424653,96,96,0.00624546,0.0459855,-0.3491,0.0936586,0,35.4249
35.4449,2.46857,1.43771,0.0115609,0,0,0,0,96,96,0,0,0,0,0,traj_sz=100
35.445,2.46857,1.43771,0.0115609,2.47426,1.3497,0.016649,0.0424653,96,96,0.00467479,0.0438527,-0.3491,0.0931716,0,35.445
35.4648,2.469,1.43755,0.0119007,0,0,0,0,96,96,0,0,0,0,0,traj_sz=100
35.4649,2.469,1.43755,0.0119007,2.47426,1.3497,0.016649,0.0424653,96,96,0.00421351,0.0431696,-0.3491,0.0928714,0,35.4649
35.4849,2.46927,1.43752,0.01223,0,0,0,0,96,96,0,0,0,0,0,traj_sz=100
35.485,2.46927,1.43752,0.01223,2.47426,1.3497,0.016649,0.0424653,96,96,0.00391565,0.0426473,-0.3491,0.0927536,0,35.485
35.5048,2.47005,1.43806,-0.00123008,0,0,0,0,96,96,0,0,0,0,0,traj_sz=100
35.5051,2.47005,1.43806,-0.00123008,2.47426,1.3497,0.016649,0.0424653,96,96,0.00431644,0.0416092,-0.3491,0.0930116,0,35.5051
35.5249,2.47092,1.43777,0.00316321,0,0,0,0,96,96,0,0,0,0,0,traj_sz=100
35.525,2.47092,1.43777,0.00316321,2.47426,1.3497,0.016649,0.0424653,96,96,0.00305855,0.0404893,-0.3491,0.092462,0,35.525
35.5449,2.47252,1.43779,-0.00085777,0,0,0,0,96,96,0,0,0,0,0,traj_sz=100
35.545,2.47252,1.43779,-0.00085777,2.47426,1.3497,0.016649,0.0424653,96,96,0.0018153,0.0386401,-0.3491,0.0919929,0,35.545
35.5649,2.47273,1.43789,-0.00349411,0,0,0,0,96,96,0,0,0,0,0,traj_sz=100
35.565,2.47273,1.43789,-0.00349411,2.47426,1.3497,0.016649,0.0424653,96,96,0.0018418,0.0381812,-0.3491,0.0920202,0,35.565
35.5848,2.47329,1.43784,-0.00304095,0,0,0,0,96,96,0,0,0,0,0,traj_sz=100
35.585,2.47329,1.43784,-0.00304095,2.47426,1.3497,0.016649,0.0424653,96,96,0.00123312,0.0373611,-0.3491,0.0918138,0,35.585
35.6048,2.47428,1.43787,-0.00496977,0,0,0,0,96,96,0,0,0,0,0,traj_sz=100
35.6049,2.47428,1.43787,-0.00496977,2.47426,1.3497,0.016649,0.0424653,96,96,0.000421576,0.0360291,-0.3491,0.0915586,0,35.6049
35.6248,2.47473,1.43802,-0.0066129,0,0,0,0,96,96,0,0,0,0,0,traj_sz=100
35.6249,2.47473,1.43802,-0.0066129,2.47426,1.3497,0.016649,0.0424653,96,96,0.000114321,0.0352159,-0.3491,0.0915756,0,35.6249
35.645,2.47565,1.43814,-0.0102438,0,0,0,0,96,96,0,0,0,0,0,traj_sz=100
35.6452,2.47565,1.43814,-0.0102438,2.47426,1.3497,0.016649,0.0424653,96,96,-0.000487041,0.0339296,-0.3491,0.0914421,0,35.6452
35.6651,2.47638,1.43819,-0.0108381,0,0,0,0,96,96,0,0,0,0,0,traj_sz=100
35.6652,2.47638,1.43819,-0.0108381,2.47426,1.3497,0.016649,0.0424653,96,96,-0.0011636,0.0328389,-0.3491,0.0913021,0,35.6652
35.6848,2.47668,1.43823,-0.0111863,0,0,0,0,96,96,0,0,0,0,0,traj_sz=100
35.6849,2.47668,1.43823,-0.0111863,2.47426,1.3497,0.016649,0.0424653,96,96,-0.00142634,0.0321913,-0.3491,0.0912578,0,35.6849
35.7048,2.47739,1.43832,-0.014758,0,0,0,0,96,96,0,0,0,0,0,traj_sz=100
35.7049,2.47739,1.43832,-0.014758,2.47426,1.3497,0.016649,0.0424653,96,96,-0.00181802,0.0311224,-0.3491,0.0911731,0,35.7049
35.7249,2.47752,1.43827,-0.0141513,0,0,0,0,96,96,0,0,0,0,0,traj_sz=100
35.725,2.47752,1.43827,-0.0141513,2.47426,1.3497,0.016649,0.0424653,96,96,-0.00200783,0.0306266,-0.3491,0.0910865,0,35.725
35.7449,2.47882,1.4384,-0.0190389,0,0,0,0,96,96,0,0,0,0,0,traj_sz=100
35.7451,2.47882,1.4384,-0.0190389,2.47426,1.3497,0.016649,0.0424653,96,96,-0.00287252,0.0289659,-0.3491,0.0909029,0,35.7451
35.7649,2.4796,1.43822,-0.0185558,0,0,0,0,96,96,0,0,0,0,0,traj_sz=100
35.7651,2.4796,1.43822,-0.0185558,2.47426,1.3497,0.016649,0.0424653,96,96,-0.00370011,0.0278263,-0.3491,0.0905482,0,35.7651
35.7848,2.47967,1.43822,-0.0185827,0,0,0,0,96,96,0,0,0,0,0,traj_sz=100
35.7849,2.47967,1.43822,-0.0185827,2.47426,1.3497,0.016649,0.0424653,96,96,-0.00376311,0.027405,-0.3491,0.0905355,0,35.7849
35.8049,2.48034,1.43824,-0.0187155,0,0,0,0,96,96,0,0,0,0,0,traj_sz=100
35.8052,2.48034,1.43824,-0.0187155,2.47426,1.3497,0.016649,0.0424653,96,96,-0.00442164,0.0263704,-0.3491,0.0903994,0,35.8052
35.8247,2.48098,1.43831,-0.0195919,0,0,0,0,96,96,0,0,0,0,0,traj_sz=100
35.8248,2.48098,1.43831,-0.0195919,2.48984,1.34996,0.00460975,0.0212049,97,97,0.0105856,0.0253732,-0.3491,0.0903385,0,35.8248
35.8448,2.48166,1.43831,-0.0229735,0,0,0,0,97,97,0,0,0,0,0,traj_sz=100
35.8448,2.48166,1.43831,-0.0229735,2.48984,1.34996,0.00460975,0.0212049,97,97,0.0102122,0.0243423,-0.3491,0.0901997,0,35.8448
35.8647,2.48166,1.43831,-0.0229735,0,0,0,0,97,97,0,0,0,0,0,traj_sz=100
35.8648,2.48166,1.43831,-0.0229735,2.48984,1.34996,0.00460975,0.0212049,97,97,0.0102122,0.0239832,-0.3491,0.0901997,0,35.8648
35.8849,2.48188,1.43849,-0.0248817,0,0,0,0,97,97,0,0,0,0,0,traj_sz=100
35.885,2.48188,1.43849,-0.0248817,2.48984,1.34996,0.00460975,0.0212049,97,97,0.010157,0.0233937,-0.3491,0.0903233,0,35.885
35.9049,2.48222,1.43833,-0.0230919,0,0,0,0,97,97,0,0,0,0,0,traj_sz=100
35.905,2.48222,1.43833,-0.0230919,2.48984,1.34996,0.00460975,0.0212049,97,97,0.00966297,0.0227016,-0.3491,0.0900979,0,35.905
35.925,2.48222,1.43833,-0.0230919,0,0,0,0,97,97,0,0,0,0,0,traj_sz=100
35.925,2.48222,1.43833,-0.0230919,2.48984,1.34996,0.00460975,0.0212049,97,97,0.00966297,0.0223425,-0.3491,0.0900979,0,35.925
35.9449,2.48332,1.43852,-0.0250776,0,0,0,0,97,97,0,0,0,0,0,traj_sz=100
35.945,2.48332,1.43852,-0.0250776,2.48984,1.34996,0.00460975,0.0212049,97,97,0.00873996,0.0208804,-0.3491,0.090077,0,35.945
35.9649,2.48332,1.43852,-0.0250776,0,0,0,0,97,97,0,0,0,0,0,traj_sz=100
35.9651,2.48332,1.43852,-0.0250776,2.48984,1.34996,0.00460975,0.0212049,97,97,0.00873996,0.0206029,-0.3491,0.090077,0,35.9651
35.9848,2.48343,1.4382,-0.0256194,0,0,0,0,97,97,0,0,0,0,0,traj_sz=100
35.9849,2.48343,1.4382,-0.0256194,2.48984,1.34996,0.00460975,0.0212049,97,97,0.0086634,0.0202684,-0.3491,0.0897382,0,35.9849
36.005,2.48396,1.43838,-0.0284908,0,0,0,0,97,97,0,0,0,0,0,traj_sz=100
36.0051,2.48396,1.43838,-0.0284908,2.48984,1.34996,0.00460975,0.0212049,97,97,0.00839642,0.0195201,-0.3491,0.0898221,0,36.0051
36.0249,2.48406,1.43826,-0.0272405,0,0,0,0,97,97,0,0,0,0,0,traj_sz=100
36.025,2.48406,1.43826,-0.0272405,2.48984,1.34996,0.00460975,0.0212049,97,97,0.00818685,0.0192035,-0.3491,0.0896926,0,36.025
36.0448,2.48462,1.4383,-0.0275803,0,0,0,0,97,97,0,0,0,0,0,traj_sz=100
36.045,2.48462,1.4383,-0.0275803,2.48984,1.34996,0.00460975,0.0212049,97,97,0.00765195,0.0184171,-0.3491,0.0896242,0,36.045
36.0648,2.48498,1.43842,-0.0298741,0,0,0,0,97,97,0,0,0,0,0,traj_sz=100
36.065,2.48498,1.43842,-0.0298741,2.48984,1.34996,0.00460975,0.0212049,97,97,0.00749954,0.0178376,-0.3491,0.0896836,0,36.065
36.0849,2.48524,1.43834,-0.0289796,0,0,0,0,97,97,0,0,0,0,0,traj_sz=100
36.085,2.48524,1.43834,-0.0289796,2.48984,1.34996,0.00460975,0.0212049,97,97,0.00715906,0.0173575,-0.3491,0.0895607,0,36.085
36.1048,2.48524,1.43834,-0.0300274,0,0,0,0,97,97,0,0,0,0,0,traj_sz=100
36.1049,2.48524,1.43834,-0.0300274,2.48984,1.34996,0.00460975,0.0212049,97,97,0.0072485,0.017134,-0.3491,0.0895665,0,36.1049
36.125,2.48558,1.43839,-0.0317956,0,0,0,0,97,97,0,0,0,0,0,traj_sz=100
36.1252,2.48558,1.43839,-0.0317956,2.48984,1.34996,0.00460975,0.0212049,97,97,0.00707279,0.0165765,-0.3491,0.0895563,0,36.1252
36.1449,2.48582,1.43812,-0.0302631,0,0,0,0,97,97,0,0,0,0,0,traj_sz=100
36.145,2.48582,1.43812,-0.0302631,2.48984,1.34996,0.00460975,0.0212049,97,97,0.00668213,0.0161103,-0.3491,0.0892565,0,36.145
36.1648,2.48582,1.43812,-0.0302631,0,0,0,0,97,97,0,0,0,0,0,traj_sz=100
36.165,2.48582,1.43812,-0.0302631,2.48984,1.34996,0.00460975,0.0212049,97,97,0.00668213,0.0158892,-0.3491,0.0892565,0,36.165
36.1849,2.48593,1.43825,-0.0316413,0,0,0,0,97,97,0,0,0,0,0,traj_sz=100
36.185,2.48593,1.43825,-0.0316413,2.48984,1.34996,0.00460975,0.0212049,97,97,0.00670509,0.0155658,-0.3491,0.0893632,0,36.185
36.2049,2.48616,1.43821,-0.0312516,0,0,0,0,97,97,0,0,0,0,0,traj_sz=100
36.2051,2.48616,1.43821,-0.0312516,2.48984,1.34996,0.00460975,0.0212049,97,97,0.00643248,0.0151069,-0.3491,0.0892918,0,36.2051
36.225,2.48616,1.43821,-0.0312516,0,0,0,0,97,97,0,0,0,0,0,traj_sz=100
36.2252,2.48616,1.43821,-0.0312516,2.48984,1.34996,0.00460975,0.0212049,97,97,0.00643248,0.0148849,-0.3491,0.0892918,0,36.2252
36.245,2.48649,1.43826,-0.0325422,0,0,0,0,97,97,0,0,0,0,0,traj_sz=100
36.245,2.48649,1.43826,-0.0325422,2.48984,1.34996,0.00460975,0.0212049,97,97,0.00622375,0.0143411,-0.3491,0.0892843,0,36.245
36.2649,2.48649,1.43826,-0.0325422,0,0,0,0,97,97,0,0,0,0,0,traj_sz=100
36.265,2.48649,1.43826,-0.0325422,2.48984,1.34996,0.00460975,0.0212049,97,97,0.00622375,0.0141207,-0.3491,0.0892843,0,36.265
36.285,2.48659,1.43826,-0.0326202,0,0,0,0,97,97,0,0,0,0,0,traj_sz=100
36.2851,2.48659,1.43826,-0.0326202,2.48984,1.34996,0.00460975,0.0212049,97,97,0.00612351,0.0137909,-0.3491,0.0892756,0,36.2851
36.3048,2.4867,1.43822,-0.0321217,0,0,0,0,97,97,0,0,0,0,0,traj_sz=100
36.3049,2.4867,1.43822,-0.0321217,2.48984,1.34996,0.00460975,0.0212049,97,97,0.00597173,0.0134657,-0.3491,0.0892151,0,36.3049
36.3249,2.4867,1.43822,-0.0321217,0,0,0,0,97,97,0,0,0,0,0,traj_sz=100
36.3249,2.4867,1.43822,-0.0321217,2.48984,1.34996,0.00460975,0.0212049,97,97,0.00597173,0.0132988,-0.3491,0.0892151,0,36.3249
36.3449,2.4867,1.43822,-0.0321217,0,0,0,0,97,97,0,0,0,0,0,traj_sz=100
36.3449,2.4867,1.43822,-0.0321217,2.48984,1.34996,0.00460975,0.0212049,97,97,0.00597173,0.0132988,-0.3491,0.0892151,0,36.3449
36.3649,2.4868,1.43833,-0.0334084,0,0,0,0,97,97,0,0,0,0,0,traj_sz=100
36.365,2.4868,1.43833,-0.0334084,2.48984,1.34996,0.00460975,0.0212049,97,97,0.00599332,0.0132031,-0.3491,0.0893157,0,36.365
36.3848,2.4868,1.43833,-0.0334084,0,0,0,0,97,97,0,0,0,0,0,traj_sz=100
36.385,2.4868,1.43833,-0.0334084,2.48984,1.34996,0.00460975,0.0212049,97,97,0.00599332,0.0132031,-0.3491,0.0893157,0,36.385
36.4048,2.4868,1.43833,-0.0334084,0,0,0,0,97,97,0,0,0,0,0,traj_sz=100
36.405,2.4868,1.43833,-0.0334084,2.48984,1.34996,0.00460975,0.0212049,97,97,0.00599332,0.0132031,-0.3491,0.0893157,0,36.405
36.4249,2.4868,1.43833,-0.0334084,0,0,0,0,97,97,0,0,0,0,0,traj_sz=100
36.425,2.4868,1.43833,-0.0334084,2.48984,1.34996,0.00460975,0.0212049,97,97,0.00599332,0.0132031,-0.3491,0.0893157,0,36.425
36.4449,2.48693,1.43837,-0.0348687,0,0,0,0,97,97,0,0,0,0,0,traj_sz=100
36.4451,2.48693,1.43837,-0.0348687,2.48984,1.34996,0.00460975,0.0212049,97,97,0.00599374,0.0130732,-0.3491,0.0893361,0,36.4451
36.4649,2.48693,1.43837,-0.0348687,0,0,0,0,97,97,0,0,0,0,0,traj_sz=100
36.4651,2.48693,1.43837,-0.0348687,2.48984,1.34996,0.00460975,0.0212049,97,97,0.00599374,0.0130732,-0.3491,0.0893361,0,36.4651
36.4849,2.48693,1.43837,-0.0348687,0,0,0,0,97,97,0,0,0,0,0,traj_sz=100
36.485,2.48693,1.43837,-0.0348687,2.48984,1.34996,0.00460975,0.0212049,97,97,0.00599374,0.0130732,-0.3491,0.0893361,0,36.485
36.5049,2.48693,1.43837,-0.0348687,0,0,0,0,97,97,0,0,0,0,0,traj_sz=100
36.505,2.48693,1.43837,-0.0348687,2.48984,1.34996,0.00460975,0.0212049,97,97,0.00599374,0.0130732,-0.3491,0.0893361,0,36.505
36.5249,2.48693,1.43837,-0.0348687,0,0,0,0,97,97,0,0,0,0,0,traj_sz=100
36.5253,2.48693,1.43837,-0.0348687,2.48984,1.34996,0.00460975,0.0212049,97,97,0.00599374,0.0130732,-0.3491,0.0893361,0,36.5253
36.5448,2.48747,1.43835,-0.0345493,0,0,0,0,97,97,0,0,0,0,0,traj_sz=100
36.545,2.48747,1.43835,-0.0345493,2.48984,1.34996,0.00460975,0.0212049,97,97,0.00542142,0.0125298,-0.3491,0.0892294,0,36.545
36.5648,2.48747,1.43835,-0.0345493,0,0,0,0,97,97,0,0,0,0,0,traj_sz=100
36.5649,2.48747,1.43835,-0.0345493,2.48984,1.34996,0.00460975,0.0212049,97,97,0.00542142,0.0125298,-0.3491,0.0892294,0,36.5649
36.5848,2.48747,1.43835,-0.0345493,0,0,0,0,97,97,0,0,0,0,0,traj_sz=100
36.585,2.48747,1.43835,-0.0345493,2.48984,1.34996,0.00460975,0.0212049,97,97,0.00542142,0.0125298,-0.3491,0.0892294,0,36.585
36.6047,2.4877,1.43842,-0.0354029,0,0,0,0,97,97,0,0,0,0,0,traj_sz=100
36.6049,2.4877,1.43842,-0.0354029,2.48984,1.34996,0.00460975,0.0212049,97,97,0.00526963,0.0122998,-0.3491,0.0892735,0,36.6049
36.6249,2.48795,1.43847,-0.0358758,0,0,0,0,97,97,0,0,0,0,0,traj_sz=100
36.6251,2.48795,1.43847,-0.0358758,2.48984,1.34996,0.00460975,0.0212049,97,97,0.00505925,0.0120459,-0.3491,0.0892829,0,36.6251
36.6447,2.48846,1.43848,-0.038243,0,0,0,0,97,97,0,0,0,0,0,traj_sz=100
36.6448,2.48846,1.43848,-0.038243,2.48984,1.34996,0.00460975,0.0212049,97,97,0.00476647,0.011543,-0.3491,0.0892313,0,36.6448
36.6648,2.4887,1.43836,-0.0379982,0,0,0,0,97,97,0,0,0,0,0,traj_sz=100
36.6649,2.4887,1.43836,-0.0379982,2.48984,1.34996,0.00460975,0.0212049,97,97,0.00449295,0.0112957,-0.3491,0.0890762,0,36.6649
36.6849,2.4887,1.43836,-0.0379982,0,0,0,0,97,97,0,0,0,0,0,traj_sz=100
36.685,2.4887,1.43836,-0.0379982,2.48984,1.34996,0.00460975,0.0212049,97,97,0.00449295,0.0112957,-0.3491,0.0890762,0,36.685
36.7049,2.48894,1.43836,-0.0406132,0,0,0,0,97,97,0,0,0,0,0,traj_sz=100
36.7051,2.48894,1.43836,-0.0406132,2.48984,1.34996,0.00460975,0.0212049,97,97,0.00448554,0.0110569,-0.3491,0.0890535,0,36.7051
36.7249,2.48907,1.43831,-0.0399865,0,0,0,0,97,97,0,0,0,0,0,traj_sz=100
36.725,2.48907,1.43831,-0.0399865,2.48984,1.34996,0.00460975,0.0212049,97,97,0.00429647,0.0109253,-0.3491,0.0889811,0,36.725
36.7448,2.48969,1.4383,-0.039886,0,0,0,0,97,97,0,0,0,0,0,traj_sz=100
36.7449,2.48969,1.4383,-0.039886,2.48984,1.34996,0.00460975,0.0212049,97,97,0.00367713,0.0103147,-0.3491,0.0888995,0,36.7449
36.7648,2.48984,1.43834,-0.0403243,0,0,0,0,97,97,0,0,0,0,0,traj_sz=100
36.765,2.48984,1.43834,-0.0403243,2.48984,1.34996,0.00460975,0.0212049,97,97,0.00356086,0.010158,-0.3491,0.0889222,0,36.765
36.7848,2.48984,1.43831,-0.0411963,0,0,0,0,97,97,0,0,0,0,0,traj_sz=100
36.785,2.48984,1.43831,-0.0411963,2.48984,1.34996,0.00460975,0.0212049,97,97,0.00363402,0.0101553,-0.3491,0.0888937,0,36.785
36.8048,2.48996,1.43845,-0.0427167,0,0,0,0,97,97,0,0,0,0,0,traj_sz=100
36.8049,2.48996,1.43845,-0.0427167,2.48984,1.34996,0.00460975,0.0212049,97,97,0.00365919,0.0100403,-0.3491,0.0890168,0,36.8049
36.8249,2.49007,1.43846,-0.0428234,0,0,0,0,97,97,0,0,0,0,0,traj_sz=100
36.825,2.49007,1.43846,-0.0428234,2.48984,1.34996,0.00460975,0.0212049,97,97,0.00355906,0.00993018,-0.3491,0.0890146,0,36.825
36.8448,2.4904,1.43847,-0.0437042,0,0,0,0,97,97,0,0,0,0,0,traj_sz=100
36.845,2.4904,1.43847,-0.0437042,2.48984,1.34996,0.00460975,0.0212049,97,97,0.00330586,0.00959839,-0.3491,0.0889871,0,36.845
36.8649,2.4904,1.43847,-0.0437042,0,0,0,0,97,97,0,0,0,0,0,traj_sz=100
36.8651,2.4904,1.43847,-0.0437042,2.48984,1.34996,0.00460975,0.0212049,97,97,0.00330586,0.00959839,-0.3491,0.0889871,0,36.8651
36.8848,2.4904,1.43847,-0.0437042,0,0,0,0,97,97,0,0,0,0,0,traj_sz=100
36.8849,2.4904,1.43847,-0.0437042,2.48984,1.34996,0.00460975,0.0212049,97,97,0.00330586,0.00959839,-0.3491,0.0889871,0,36.8849
36.9049,2.49051,1.43842,-0.0431712,0,0,0,0,97,97,0,0,0,0,0,traj_sz=100
36.905,2.49051,1.43842,-0.0431712,2.48984,1.34996,0.00460975,0.0212049,97,97,0.00314542,0.00948706,-0.3491,0.0889272,0,36.905
36.9248,2.49051,1.43842,-0.0431712,0,0,0,0,97,97,0,0,0,0,0,traj_sz=100
36.925,2.49051,1.43842,-0.0431712,2.48984,1.34996,0.00460975,0.0212049,97,97,0.00314542,0.00948706,-0.3491,0.0889272,0,36.925
36.9448,2.49051,1.43842,-0.0431712,0,0,0,0,97,97,0,0,0,0,0,traj_sz=100
36.945,2.49051,1.43842,-0.0431712,2.48984,1.34996,0.00460975,0.0212049,97,97,0.00314542,0.00948706,-0.3491,0.0889272,0,36.945
36.9648,2.49051,1.43842,-0.0431712,0,0,0,0,97,97,0,0,0,0,0,traj_sz=100
36.965,2.49051,1.43842,-0.0431712,2.48984,1.34996,0.00460975,0.0212049,97,97,0.00314542,0.00948706,-0.3491,0.0889272,0,36.965
36.9848,2.4906,1.43831,-0.0419549,0,0,0,0,97,97,0,0,0,0,0,traj_sz=100
36.9849,2.4906,1.43831,-0.0419549,2.48984,1.34996,0.00460975,0.0212049,97,97,0.00294223,0.009396,-0.3491,0.0888069,0,36.9849
37.005,2.4906,1.43831,-0.0419549,0,0,0,0,97,97,0,0,0,0,0,traj_sz=100
37.0051,2.4906,1.43831,-0.0419549,2.48984,1.34996,0.00460975,0.0212049,97,97,0.00294223,0.009396,-0.3491,0.0888069,0,37.0051
37.0249,2.4906,1.43831,-0.0419549,0,0,0,0,97,97,0,0,0,0,0,traj_sz=100
37.0252,2.4906,1.43831,-0.0419549,2.48984,1.34996,0.00460975,0.0212049,97,97,0.00294223,0.009396,-0.3491,0.0888069,0,37.0252
37.0449,2.49073,1.43832,-0.0420767,0,0,0,0,97,97,0,0,0,0,0,traj_sz=100
37.045,2.49073,1.43832,-0.0420767,2.48984,1.34996,0.00460975,0.0212049,97,97,0.0028264,0.0092688,-0.3491,0.0888053,0,37.045
37.0649,2.49073,1.43832,-0.0420767,0,0,0,0,97,97,0,0,0,0,0,traj_sz=100
37.065,2.49073,1.43832,-0.0420767,2.48984,1.34996,0.00460975,0.0212049,97,97,0.0028264,0.0092688,-0.3491,0.0888053,0,37.065
37.0849,2.49073,1.43832,-0.0420767,0,0,0,0,97,97,0,0,0,0,0,traj_sz=100
37.085,2.49073,1.43832,-0.0420767,2.48984,1.34996,0.00460975,0.0212049,97,97,0.0028264,0.0092688,-0.3491,0.0888053,0,37.085
37.1049,2.49074,1.43834,-0.0431984,0,0,0,0,97,97,0,0,0,0,0,traj_sz=100
37.105,2.49074,1.43834,-0.0431984,2.48984,1.34996,0.00460975,0.0212049,97,97,0.00292132,0.00926367,-0.3491,0.0888273,0,37.105
37.1248,2.49074,1.43834,-0.0431984,0,0,0,0,97,97,0,0,0,0,0,traj_sz=100
37.1249,2.49074,1.43834,-0.0431984,2.48984,1.34996,0.00460975,0.0212049,97,97,0.00292132,0.00926367,-0.3491,0.0888273,0,37.1249
37.1448,2.49074,1.43834,-0.0431984,0,0,0,0,97,97,0,0,0,0,0,traj_sz=100
37.1449,2.49074,1.43834,-0.0431984,2.48984,1.34996,0.00460975,0.0212049,97,97,0.00292132,0.00926367,-0.3491,0.0888273,0,37.1449
37.1649,2.49074,1.43834,-0.0431984,0,0,0,0,97,97,0,0,0,0,0,traj_sz=100
37.165,2.49074,1.43834,-0.0431984,2.48984,1.34996,0.00460975,0.0212049,97,97,0.00292132,0.00926367,-0.3491,0.0888273,0,37.165
37.1848,2.49074,1.43834,-0.0431984,0,0,0,0,97,97,0,0,0,0,0,traj_sz=100
37.185,2.49074,1.43834,-0.0431984,2.48984,1.34996,0.00460975,0.0212049,97,97,0.00292132,0.00926367,-0.3491,0.0888273,0,37.185
37.205,2.49074,1.43834,-0.0431984,0,0,0,0,97,97,0,0,0,0,0,traj_sz=100
37.2052,2.49074,1.43834,-0.0431984,2.48984,1.34996,0.00460975,0.0212049,97,97,0.00292132,0.00926367,-0.3491,0.0888273,0,37.2052
37.2248,2.49074,1.43834,-0.0431984,0,0,0,0,97,97,0,0,0,0,0,traj_sz=100
37.225,2.49074,1.43834,-0.0431984,2.48984,1.34996,0.00460975,0.0212049,97,97,0.00292132,0.00926367,-0.3491,0.0888273,0,37.225
37.2501,2.49083,1.43846,-0.0444711,0,0,0,0,97,97,0,0,0,0,0,traj_sz=100
37.2503,2.49083,1.43846,-0.0444711,2.48984,1.34996,0.00460975,0.0212049,97,97,0.00294226,0.00916699,-0.3491,0.0889311,0,37.2503
37.2649,2.49083,1.43846,-0.0444711,0,0,0,0,97,97,0,0,0,0,0,traj_sz=100
37.265,2.49083,1.43846,-0.0444711,2.48984,1.34996,0.00460975,0.0212049,97,97,0.00294226,0.00916699,-0.3491,0.0889311,0,37.265
37.2849,2.49083,1.43846,-0.0444711,0,0,0,0,97,97,0,0,0,0,0,traj_sz=100
37.2851,2.49083,1.43846,-0.0444711,2.48984,1.34996,0.00460975,0.0212049,97,97,0.00294226,0.00916699,-0.3491,0.0889311,0,37.2851
37.3048,2.49083,1.43846,-0.0444711,0,0,0,0,97,97,0,0,0,0,0,traj_sz=100
37.3049,2.49083,1.43846,-0.0444711,2.48984,1.34996,0.00460975,0.0212049,97,97,0.00294226,0.00916699,-0.3491,0.0889311,0,37.3049
37.3248,2.49083,1.43846,-0.0444711,0,0,0,0,97,97,0,0,0,0,0,traj_sz=100
37.3249,2.49083,1.43846,-0.0444711,2.48984,1.34996,0.00460975,0.0212049,97,97,0.00294226,0.00916699,-0.3491,0.0889311,0,37.3249
37.3448,2.49083,1.43846,-0.0444711,0,0,0,0,97,97,0,0,0,0,0,traj_sz=100
37.345,2.49083,1.43846,-0.0444711,2.48984,1.34996,0.00460975,0.0212049,97,97,0.00294226,0.00916699,-0.3491,0.0889311,0,37.345
37.3649,2.49083,1.43846,-0.0444711,0,0,0,0,97,97,0,0,0,0,0,traj_sz=100
37.365,2.49083,1.43846,-0.0444711,2.48984,1.34996,0.00460975,0.0212049,97,97,0.00294226,0.00916699,-0.3491,0.0889311,0,37.365
37.3848,2.49083,1.43846,-0.0444711,0,0,0,0,97,97,0,0,0,0,0,traj_sz=100
37.385,2.49083,1.43846,-0.0444711,2.48984,1.34996,0.00460975,0.0212049,97,97,0.00294226,0.00916699,-0.3491,0.0889311,0,37.385
37.405,2.49094,1.43841,-0.0439803,0,0,0,0,97,97,0,0,0,0,0,traj_sz=100
37.4052,2.49094,1.43841,-0.0439803,2.48984,1.34996,0.00460975,0.0212049,97,97,0.0027947,0.0090647,-0.3491,0.0888766,0,37.4052
37.425,2.49094,1.43841,-0.0439803,0,0,0,0,97,97,0,0,0,0,0,traj_sz=100
37.4251,2.49094,1.43841,-0.0439803,2.48984,1.34996,0.00460975,0.0212049,97,97,0.0027947,0.0090647,-0.3491,0.0888766,0,37.4251
37.4449,2.49094,1.43841,-0.0439803,0,0,0,0,97,97,0,0,0,0,0,traj_sz=100
37.445,2.49094,1.43841,-0.0439803,2.48984,1.34996,0.00460975,0.0212049,97,97,0.0027947,0.0090647,-0.3491,0.0888766,0,37.445
37.4649,2.49094,1.43841,-0.0439803,0,0,0,0,97,97,0,0,0,0,0,traj_sz=100
37.465,2.49094,1.43841,-0.0439803,2.48984,1.34996,0.00460975,0.0212049,97,97,0.0027947,0.0090647,-0.3491,0.0888766,0,37.465
37.4849,2.49094,1.43841,-0.0439803,0,0,0,0,97,97,0,0,0,0,0,traj_sz=100
37.485,2.49094,1.43841,-0.0439803,2.48984,1.34996,0.00460975,0.0212049,97,97,0.0027947,0.0090647,-0.3491,0.0888766,0,37.485
37.505,2.49094,1.43841,-0.0439803,0,0,0,0,97,97,0,0,0,0,0,traj_sz=100
37.5053,2.49094,1.43841,-0.0439803,2.48984,1.34996,0.00460975,0.0212049,97,97,0.0027947,0.0090647,-0.3491,0.0888766,0,37.5053
37.525,2.49094,1.43841,-0.0439803,0,0,0,0,97,97,0,0,0,0,0,traj_sz=100
37.5251,2.49094,1.43841,-0.0439803,2.48984,1.34996,0.00460975,0.0212049,97,97,0.0027947,0.0090647,-0.3491,0.0888766,0,37.5251
37.545,2.49105,1.43844,-0.04429,0,0,0,0,97,97,0,0,0,0,0,traj_sz=100
37.5451,2.49105,1.43844,-0.04429,2.48984,1.34996,0.00460975,0.0212049,97,97,0.00271312,0.00895435,-0.3491,0.0888943,0,37.5451
37.5649,2.49105,1.43844,-0.04429,0,0,0,0,97,97,0,0,0,0,0,traj_sz=100
37.565,2.49105,1.43844,-0.04429,2.48984,1.34996,0.00460975,0.0212049,97,97,0.00271312,0.00895435,-0.3491,0.0888943,0,37.565
37.5848,2.49105,1.43844,-0.04429,0,0,0,0,97,97,0,0,0,0,0,traj_sz=100
37.5849,2.49105,1.43844,-0.04429,2.48984,1.34996,0.00460975,0.0212049,97,97,0.00271312,0.00895435,-0.3491,0.0888943,0,37.5849
37.6049,2.49105,1.43844,-0.04429,0,0,0,0,97,97,0,0,0,0,0,traj_sz=100
37.6051,2.49105,1.43844,-0.04429,2.48984,1.34996,0.00460975,0.0212049,97,97,0.00271312,0.00895435,-0.3491,0.0888943,0,37.6051
37.6248,2.49105,1.43844,-0.04429,0,0,0,0,97,97,0,0,0,0,0,traj_sz=100
37.625,2.49105,1.43844,-0.04429,2.48984,1.34996,0.00460975,0.0212049,97,97,0.00271312,0.00895435,-0.3491,0.0888943,0,37.625
37.645,2.49105,1.43841,-0.0451643,0,0,0,0,97,97,0,0,0,0,0,traj_sz=100
37.6451,2.49105,1.43841,-0.0451643,2.48984,1.34996,0.00460975,0.0212049,97,97,0.00278599,0.00895117,-0.3491,0.0888655,0,37.6451
37.6648,2.49105,1.43841,-0.0451643,0,0,0,0,97,97,0,0,0,0,0,traj_sz=100
37.6651,2.49105,1.43841,-0.0451643,2.48984,1.34996,0.00460975,0.0212049,97,97,0.00278599,0.00895117,-0.3491,0.0888655,0,37.6651
37.6849,2.49105,1.43841,-0.0451643,0,0,0,0,97,97,0,0,0,0,0,traj_sz=100
37.685,2.49105,1.43841,-0.0451643,2.48984,1.34996,0.00460975,0.0212049,97,97,0.00278599,0.00895117,-0.3491,0.0888655,0,37.685
37.7049,2.49116,1.43842,-0.0452772,0,0,0,0,97,97,0,0,0,0,0,traj_sz=100
37.705,2.49116,1.43842,-0.0452772,2.48984,1.34996,0.00460975,0.0212049,97,97,0.00268768,0.00884229,-0.3491,0.0888654,0,37.705
37.7249,2.49116,1.43842,-0.0452772,0,0,0,0,97,97,0,0,0,0,0,traj_sz=100
37.7252,2.49116,1.43842,-0.0452772,2.48984,1.34996,0.00460975,0.0212049,97,97,0.00268768,0.00884229,-0.3491,0.0888654,0,37.7252
37.7448,2.49125,1.43831,-0.0440064,0,0,0,0,97,97,0,0,0,0,0,traj_sz=100
37.745,2.49125,1.43831,-0.0440064,2.48984,1.34996,0.00460975,0.0212049,97,97,0.00247629,0.00874829,-0.3491,0.0887405,0,37.745
37.7648,2.49125,1.43831,-0.0440064,0,0,0,0,97,97,0,0,0,0,0,traj_sz=100
37.765,2.49125,1.43831,-0.0440064,2.48984,1.34996,0.00460975,0.0212049,97,97,0.00247629,0.00874829,-0.3491,0.0887405,0,37.765
37.7849,2.49125,1.43831,-0.0440064,0,0,0,0,97,97,0,0,0,0,0,traj_sz=100
37.785,2.49125,1.43831,-0.0440064,2.48984,1.34996,0.00460975,0.0212049,97,97,0.00247629,0.00874829,-0.3491,0.0887405,0,37.785
37.805,2.49125,1.43831,-0.0440064,0,0,0,0,97,97,0,0,0,0,0,traj_sz=100
37.8051,2.49125,1.43831,-0.0440064,2.48984,1.34996,0.00460975,0.0212049,97,97,0.00247629,0.00874829,-0.3491,0.0887405,0,37.8051
37.8248,2.49135,1.43843,-0.0453267,0,0,0,0,97,97,0,0,0,0,0,traj_sz=100
37.825,2.49135,1.43843,-0.0453267,2.48984,1.34996,0.00460975,0.0212049,97,97,0.00249781,0.00864771,-0.3491,0.0888488,0,37.825
37.8449,2.49135,1.43843,-0.0453267,0,0,0,0,97,97,0,0,0,0,0,traj_sz=100
37.845,2.49135,1.43843,-0.0453267,2.48984,1.34996,0.00460975,0.0212049,97,97,0.00249781,0.00864771,-0.3491,0.0888488,0,37.845
37.8648,2.49135,1.43843,-0.0453267,0,0,0,0,97,97,0,0,0,0,0,traj_sz=100
37.8649,2.49135,1.43843,-0.0453267,2.48984,1.34996,0.00460975,0.0212049,97,97,0.00249781,0.00864771,-0.3491,0.0888488,0,37.8649
37.8847,2.49135,1.43843,-0.0453267,0,0,0,0,97,97,0,0,0,0,0,traj_sz=100
37.8849,2.49135,1.43843,-0.0453267,2.48984,1.34996,0.00460975,0.0212049,97,97,0.00249781,0.00864771,-0.3491,0.0888488,0,37.8849
37.9047,2.49135,1.43843,-0.0453267,0,0,0,0,97,97,0,0,0,0,0,traj_sz=100
37.9048,2.49135,1.43843,-0.0453267,2.48984,1.34996,0.00460975,0.0212049,97,97,0.00249781,0.00864771,-0.3491,0.0888488,0,37.9048
37.9247,2.49135,1.43843,-0.0453267,0,0,0,0,97,97,0,0,0,0,0,traj_sz=100
37.9249,2.49135,1.43843,-0.0453267,2.48984,1.34996,0.00460975,0.0212049,97,97,0.00249781,0.00864771,-0.3491,0.0888488,0,37.9249
37.9449,2.49135,1.43843,-0.0453267,0,0,0,0,97,97,0,0,0,0,0,traj_sz=100
37.945,2.49135,1.43843,-0.0453267,2.48984,1.34996,0.00460975,0.0212049,97,97,0.00249781,0.00864771,-0.3491,0.0888488,0,37.945
37.9649,2.49135,1.43843,-0.0453267,0,0,0,0,97,97,0,0,0,0,0,traj_sz=100
37.965,2.49135,1.43843,-0.0453267,2.48984,1.34996,0.00460975,0.0212049,97,97,0.00249781,0.00864771,-0.3491,0.0888488,0,37.965
37.9849,2.49135,1.43843,-0.0453267,0,0,0,0,97,97,0,0,0,0,0,traj_sz=100
37.985,2.49135,1.43843,-0.0453267,2.48984,1.34996,0.00460975,0.0212049,97,97,0.00249781,0.00864771,-0.3491,0.0888488,0,37.985
38.0049,2.49135,1.43843,-0.0453267,0,0,0,0,97,97,0,0,0,0,0,traj_sz=100
38.005,2.49135,1.43843,-0.0453267,2.48984,1.34996,0.00460975,0.0212049,97,97,0.00249781,0.00864771,-0.3491,0.0888488,0,38.005
38.0249,2.49135,1.43843,-0.0453267,0,0,0,0,97,97,0,0,0,0,0,traj_sz=100
38.025,2.49135,1.43843,-0.0453267,2.48984,1.34996,0.00460975,0.0212049,97,97,0.00249781,0.00864771,-0.3491,0.0888488,0,38.025
38.045,2.49135,1.43843,-0.0453267,0,0,0,0,97,97,0,0,0,0,0,traj_sz=100
38.0451,2.49135,1.43843,-0.0453267,2.48984,1.34996,0.00460975,0.0212049,97,97,0.00249781,0.00864771,-0.3491,0.0888488,0,38.0451
38.0648,2.49135,1.43843,-0.0453267,0,0,0,0,97,97,0,0,0,0,0,traj_sz=100
38.0649,2.49135,1.43843,-0.0453267,2.48984,1.34996,0.00460975,0.0212049,97,97,0.00249781,0.00864771,-0.3491,0.0888488,0,38.0649
38.0848,2.49135,1.43843,-0.0453267,0,0,0,0,97,97,0,0,0,0,0,traj_sz=100
38.085,2.49135,1.43843,-0.0453267,2.48984,1.34996,0.00460975,0.0212049,97,97,0.00249781,0.00864771,-0.3491,0.0888488,0,38.085
38.1049,2.49135,1.43843,-0.0453267,0,0,0,0,97,97,0,0,0,0,0,traj_sz=100
38.105,2.49135,1.43843,-0.0453267,2.48984,1.34996,0.00460975,0.0212049,97,97,0.00249781,0.00864771,-0.3491,0.0888488,0,38.105
38.1248,2.49135,1.43843,-0.0453267,0,0,0,0,97,97,0,0,0,0,0,traj_sz=100
38.125,2.49135,1.43843,-0.0453267,2.48984,1.34996,0.00460975,0.0212049,97,97,0.00249781,0.00864771,-0.3491,0.0888488,0,38.125
38.1448,2.49147,1.43846,-0.0456485,0,0,0,0,97,97,0,0,0,0,0,traj_sz=100
38.1449,2.49147,1.43846,-0.0456485,2.48984,1.34996,0.00460975,0.0212049,97,97,0.00241301,0.00853296,-0.3491,0.0888678,0,38.1449
38.1649,2.49147,1.43846,-0.0456485,0,0,0,0,97,97,0,0,0,0,0,traj_sz=100
38.165,2.49147,1.43846,-0.0456485,2.48984,1.34996,0.00460975,0.0212049,97,97,0.00241301,0.00853296,-0.3491,0.0888678,0,38.165
38.1849,2.49147,1.43846,-0.0456485,0,0,0,0,97,97,0,0,0,0,0,traj_sz=100
38.185,2.49147,1.43846,-0.0456485,2.48984,1.34996,0.00460975,0.0212049,97,97,0.00241301,0.00853296,-0.3491,0.0888678,0,38.185
38.205,2.49147,1.43846,-0.0456485,0,0,0,0,97,97,0,0,0,0,0,traj_sz=100
38.2052,2.49147,1.43846,-0.0456485,2.48984,1.34996,0.00460975,0.0212049,97,97,0.00241301,0.00853296,-0.3491,0.0888678,0,38.2052
38.2248,2.49147,1.43846,-0.0456485,0,0,0,0,97,97,0,0,0,0,0,traj_sz=100
38.225,2.49147,1.43846,-0.0456485,2.48984,1.34996,0.00460975,0.0212049,97,97,0.00241301,0.00853296,-0.3491,0.0888678,0,38.225
38.2449,2.49147,1.43846,-0.0456485,0,0,0,0,97,97,0,0,0,0,0,traj_sz=100
38.2451,2.49147,1.43846,-0.0456485,2.48984,1.34996,0.00460975,0.0212049,97,97,0.00241301,0.00853296,-0.3491,0.0888678,0,38.2451
38.2649,2.49147,1.43846,-0.0456485,0,0,0,0,97,97,0,0,0,0,0,traj_sz=100
38.265,2.49147,1.43846,-0.0456485,2.48984,1.34996,0.00460975,0.0212049,97,97,0.00241301,0.00853296,-0.3491,0.0888678,0,38.265
38.2848,2.49157,1.43841,-0.0451498,0,0,0,0,97,97,0,0,0,0,0,traj_sz=100
38.285,2.49157,1.43841,-0.0451498,2.48984,1.34996,0.00460975,0.0212049,97,97,0.00226321,0.0084292,-0.3491,0.0888131,0,38.285
38.3049,2.49157,1.43841,-0.0451498,0,0,0,0,97,97,0,0,0,0,0,traj_sz=100
38.3051,2.49157,1.43841,-0.0451498,2.48984,1.34996,0.00460975,0.0212049,97,97,0.00226321,0.0084292,-0.3491,0.0888131,0,38.3051
38.3252,2.49157,1.43841,-0.0451498,0,0,0,0,97,97,0,0,0,0,0,traj_sz=100
38.3253,2.49157,1.43841,-0.0451498,2.48984,1.34996,0.00460975,0.0212049,97,97,0.00226321,0.0084292,-0.3491,0.0888131,0,38.3253
38.3449,2.49157,1.43841,-0.0451498,0,0,0,0,97,97,0,0,0,0,0,traj_sz=100
38.345,2.49157,1.43841,-0.0451498,2.48984,1.34996,0.00460975,0.0212049,97,97,0.00226321,0.0084292,-0.3491,0.0888131,0,38.345
38.3649,2.49157,1.43841,-0.0451498,0,0,0,0,97,97,0,0,0,0,0,traj_sz=100
38.3651,2.49157,1.43841,-0.0451498,2.48984,1.34996,0.00460975,0.0212049,97,97,0.00226321,0.0084292,-0.3491,0.0888131,0,38.3651
38.3848,2.49157,1.43841,-0.0451498,0,0,0,0,97,97,0,0,0,0,0,traj_sz=100
38.3849,2.49157,1.43841,-0.0451498,2.48984,1.34996,0.00460975,0.0212049,97,97,0.00226321,0.0084292,-0.3491,0.0888131,0,38.3849
38.4048,2.49157,1.43841,-0.0451498,0,0,0,0,97,97,0,0,0,0,0,traj_sz=100
38.4049,2.49157,1.43841,-0.0451498,2.48984,1.34996,0.00460975,0.0212049,97,97,0.00226321,0.0084292,-0.3491,0.0888131,0,38.4049
38.4248,2.49157,1.43841,-0.0451498,0,0,0,0,97,97,0,0,0,0,0,traj_sz=100
38.4249,2.49157,1.43841,-0.0451498,2.48984,1.34996,0.00460975,0.0212049,97,97,0.00226321,0.0084292,-0.3491,0.0888131,0,38.4249
38.4449,2.49157,1.43841,-0.0451498,0,0,0,0,97,97,0,0,0,0,0,traj_sz=100
38.445,2.49157,1.43841,-0.0451498,2.48984,1.34996,0.00460975,0.0212049,97,97,0.00226321,0.0084292,-0.3491,0.0888131,0,38.445
38.4647,2.49157,1.43841,-0.0451498,0,0,0,0,97,97,0,0,0,0,0,traj_sz=100
38.4649,2.49157,1.43841,-0.0451498,2.48984,1.34996,0.00460975,0.0212049,97,97,0.00226321,0.0084292,-0.3491,0.0888131,0,38.4649
38.4849,2.49157,1.43841,-0.0451498,0,0,0,0,97,97,0,0,0,0,0,traj_sz=100
38.485,2.49157,1.43841,-0.0451498,2.48984,1.34996,0.00460975,0.0212049,97,97,0.00226321,0.0084292,-0.3491,0.0888131,0,38.485
38.5049,2.49157,1.43841,-0.0451498,0,0,0,0,97,97,0,0,0,0,0,traj_sz=100
38.505,2.49157,1.43841,-0.0451498,2.48984,1.34996,0.00460975,0.0212049,97,97,0.00226321,0.0084292,-0.3491,0.0888131,0,38.505
38.5252,2.49157,1.43841,-0.0451498,0,0,0,0,97,97,0,0,0,0,0,traj_sz=100
38.5253,2.49157,1.43841,-0.0451498,2.48984,1.34996,0.00460975,0.0212049,97,97,0.00226321,0.0084292,-0.3491,0.0888131,0,38.5253
38.5449,2.49157,1.43841,-0.0451498,0,0,0,0,97,97,0,0,0,0,0,traj_sz=100
38.545,2.49157,1.43841,-0.0451498,2.48984,1.34996,0.00460975,0.0212049,97,97,0.00226321,0.0084292,-0.3491,0.0888131,0,38.545
38.5648,2.49157,1.43841,-0.0451498,0,0,0,0,97,97,0,0,0,0,0,traj_sz=100
38.5649,2.49157,1.43841,-0.0451498,2.48984,1.34996,0.00460975,0.0212049,97,97,0.00226321,0.0084292,-0.3491,0.0888131,0,38.5649
38.5848,2.49157,1.43841,-0.0451498,0,0,0,0,97,97,0,0,0,0,0,traj_sz=100
38.5849,2.49157,1.43841,-0.0451498,2.48984,1.34996,0.00460975,0.0212049,97,97,0.00226321,0.0084292,-0.3491,0.0888131,0,38.5849
38.6049,2.49157,1.43841,-0.0451498,0,0,0,0,97,97,0,0,0,0,0,traj_sz=100
38.605,2.49157,1.43841,-0.0451498,2.48984,1.34996,0.00460975,0.0212049,97,97,0.00226321,0.0084292,-0.3491,0.0888131,0,38.605
38.6249,2.49157,1.43841,-0.0451498,0,0,0,0,97,97,0,0,0,0,0,traj_sz=100
38.6251,2.49157,1.43841,-0.0451498,2.48984,1.34996,0.00460975,0.0212049,97,97,0.00226321,0.0084292,-0.3491,0.0888131,0,38.6251
38.6449,2.49157,1.43841,-0.0451498,0,0,0,0,97,97,0,0,0,0,0,traj_sz=100
38.6451,2.49157,1.43841,-0.0451498,2.48984,1.34996,0.00460975,0.0212049,97,97,0.00226321,0.0084292,-0.3491,0.0888131,0,38.6451
38.6649,2.49157,1.43841,-0.0451498,0,0,0,0,97,97,0,0,0,0,0,traj_sz=100
38.6649,2.49157,1.43841,-0.0451498,2.48984,1.34996,0.00460975,0.0212049,97,97,0.00226321,0.0084292,-0.3491,0.0888131,0,38.6649
38.6848,2.49157,1.43841,-0.0451498,0,0,0,0,97,97,0,0,0,0,0,traj_sz=100
38.6852,2.49157,1.43841,-0.0451498,2.48984,1.34996,0.00460975,0.0212049,97,97,0.00226321,0.0084292,-0.3491,0.0888131,0,38.6852
38.7049,2.49157,1.43841,-0.0451498,0,0,0,0,97,97,0,0,0,0,0,traj_sz=100
38.705,2.49157,1.43841,-0.0451498,2.48984,1.34996,0.00460975,0.0212049,97,97,0.00226321,0.0084292,-0.3491,0.0888131,0,38.705
38.7248,2.49157,1.43841,-0.0451498,0,0,0,0,97,97,0,0,0,0,0,traj_sz=100
38.7249,2.49157,1.43841,-0.0451498,2.48984,1.34996,0.00460975,0.0212049,97,97,0.00226321,0.0084292,-0.3491,0.0888131,0,38.7249
38.7448,2.49157,1.43841,-0.0451498,0,0,0,0,97,97,0,0,0,0,0,traj_sz=100
38.7449,2.49157,1.43841,-0.0451498,2.48984,1.34996,0.00460975,0.0212049,97,97,0.00226321,0.0084292,-0.3491,0.0888131,0,38.7449
38.7649,2.49157,1.43841,-0.0451498,0,0,0,0,97,97,0,0,0,0,0,traj_sz=100
38.765,2.49157,1.43841,-0.0451498,2.48984,1.34996,0.00460975,0.0212049,97,97,0.00226321,0.0084292,-0.3491,0.0888131,0,38.765
38.7849,2.49157,1.43841,-0.0451498,0,0,0,0,97,97,0,0,0,0,0,traj_sz=100
38.785,2.49157,1.43841,-0.0451498,2.48984,1.34996,0.00460975,0.0212049,97,97,0.00226321,0.0084292,-0.3491,0.0888131,0,38.785
38.8049,2.49157,1.43841,-0.0451498,0,0,0,0,97,97,0,0,0,0,0,traj_sz=100
38.805,2.49157,1.43841,-0.0451498,2.48984,1.34996,0.00460975,0.0212049,97,97,0.00226321,0.0084292,-0.3491,0.0888131,0,38.805
38.8249,2.49157,1.43841,-0.0451498,0,0,0,0,97,97,0,0,0,0,0,traj_sz=100
38.825,2.49157,1.43841,-0.0451498,2.48984,1.34996,0.00460975,0.0212049,97,97,0.00226321,0.0084292,-0.3491,0.0888131,0,38.825
38.845,2.49157,1.43841,-0.0451498,0,0,0,0,97,97,0,0,0,0,0,traj_sz=100
38.8451,2.49157,1.43841,-0.0451498,2.48984,1.34996,0.00460975,0.0212049,97,97,0.00226321,0.0084292,-0.3491,0.0888131,0,38.8451
38.8649,2.49157,1.43841,-0.0451498,0,0,0,0,97,97,0,0,0,0,0,traj_sz=100
38.865,2.49157,1.43841,-0.0451498,2.48984,1.34996,0.00460975,0.0212049,97,97,0.00226321,0.0084292,-0.3491,0.0888131,0,38.865
38.8848,2.49157,1.43841,-0.0451498,0,0,0,0,97,97,0,0,0,0,0,traj_sz=100
38.8849,2.49157,1.43841,-0.0451498,2.48984,1.34996,0.00460975,0.0212049,97,97,0.00226321,0.0084292,-0.3491,0.0888131,0,38.8849
38.9048,2.49157,1.43841,-0.0451498,0,0,0,0,97,97,0,0,0,0,0,traj_sz=100
38.9049,2.49157,1.43841,-0.0451498,2.48984,1.34996,0.00460975,0.0212049,97,97,0.00226321,0.0084292,-0.3491,0.0888131,0,38.9049
38.9248,2.49157,1.43841,-0.0451498,0,0,0,0,97,97,0,0,0,0,0,traj_sz=100
38.9249,2.49157,1.43841,-0.0451498,2.48984,1.34996,0.00460975,0.0212049,97,97,0.00226321,0.0084292,-0.3491,0.0888131,0,38.9249
38.9448,2.49157,1.43841,-0.0451498,0,0,0,0,97,97,0,0,0,0,0,traj_sz=100
38.9451,2.49157,1.43841,-0.0451498,2.48984,1.34996,0.00460975,0.0212049,97,97,0.00226321,0.0084292,-0.3491,0.0888131,0,38.9451
38.965,2.49157,1.43841,-0.0451498,0,0,0,0,97,97,0,0,0,0,0,traj_sz=100
38.9652,2.49157,1.43841,-0.0451498,2.48984,1.34996,0.00460975,0.0212049,97,97,0.00226321,0.0084292,-0.3491,0.0888131,0,38.9652
38.9849,2.49157,1.43841,-0.0451498,0,0,0,0,97,97,0,0,0,0,0,traj_sz=100
38.985,2.49157,1.43841,-0.0451498,2.48984,1.34996,0.00460975,0.0212049,97,97,0.00226321,0.0084292,-0.3491,0.0888131,0,38.985
39.0049,2.49157,1.43841,-0.0451498,0,0,0,0,97,97,0,0,0,0,0,traj_sz=100
39.0052,2.49157,1.43841,-0.0451498,2.48984,1.34996,0.00460975,0.0212049,97,97,0.00226321,0.0084292,-0.3491,0.0888131,0,39.0052
39.0249,2.49157,1.43841,-0.0451498,0,0,0,0,97,97,0,0,0,0,0,traj_sz=100
39.025,2.49157,1.43841,-0.0451498,2.48984,1.34996,0.00460975,0.0212049,97,97,0.00226321,0.0084292,-0.3491,0.0888131,0,39.025
39.0448,2.49157,1.43841,-0.0451498,0,0,0,0,97,97,0,0,0,0,0,traj_sz=100
39.0449,2.49157,1.43841,-0.0451498,2.48984,1.34996,0.00460975,0.0212049,97,97,0.00226321,0.0084292,-0.3491,0.0888131,0,39.0449
39.0648,2.49157,1.43841,-0.0451498,0,0,0,0,97,97,0,0,0,0,0,traj_sz=100
39.0649,2.49157,1.43841,-0.0451498,2.48984,1.34996,0.00460975,0.0212049,97,97,0.00226321,0.0084292,-0.3491,0.0888131,0,39.0649
39.0849,2.49157,1.43841,-0.0451498,0,0,0,0,97,97,0,0,0,0,0,traj_sz=100
39.085,2.49157,1.43841,-0.0451498,2.48984,1.34996,0.00460975,0.0212049,97,97,0.00226321,0.0084292,-0.3491,0.0888131,0,39.085
39.1049,2.49157,1.43841,-0.0451498,0,0,0,0,97,97,0,0,0,0,0,traj_sz=100
39.1052,2.49157,1.43841,-0.0451498,2.48984,1.34996,0.00460975,0.0212049,97,97,0.00226321,0.0084292,-0.3491,0.0888131,0,39.1052
39.1249,2.49157,1.43841,-0.0451498,0,0,0,0,97,97,0,0,0,0,0,traj_sz=100
39.1249,2.49157,1.43841,-0.0451498,2.48984,1.34996,0.00460975,0.0212049,97,97,0.00226321,0.0084292,-0.3491,0.0888131,0,39.1249
39.1448,2.49157,1.43841,-0.0451498,0,0,0,0,97,97,0,0,0,0,0,traj_sz=100
39.1449,2.49157,1.43841,-0.0451498,2.48984,1.34996,0.00460975,0.0212049,97,97,0.00226321,0.0084292,-0.3491,0.0888131,0,39.1449
39.1649,2.49157,1.43841,-0.0451498,0,0,0,0,97,97,0,0,0,0,0,traj_sz=100
39.1651,2.49157,1.43841,-0.0451498,2.48984,1.34996,0.00460975,0.0212049,97,97,0.00226321,0.0084292,-0.3491,0.0888131,0,39.1651
39.1848,2.49157,1.43841,-0.0451498,0,0,0,0,97,97,0,0,0,0,0,traj_sz=100
39.185,2.49157,1.43841,-0.0451498,2.48984,1.34996,0.00460975,0.0212049,97,97,0.00226321,0.0084292,-0.3491,0.0888131,0,39.185
39.2048,2.49157,1.43841,-0.0451498,0,0,0,0,97,97,0,0,0,0,0,traj_sz=100
39.2049,2.49157,1.43841,-0.0451498,2.48984,1.34996,0.00460975,0.0212049,97,97,0.00226321,0.0084292,-0.3491,0.0888131,0,39.2049
