time,obj_x,obj_y,obj_yaw,ref_x,ref_y,ref_yaw,ref_v,car_idx,lk_idx,relative_x,throttle,steering,approach_dist,approached,elapsed
-1,0,0,0,0,0,0,0,0,0,0,0,0,0,0,traj_sz=0
-1,0,0,0,0,0,0,0,0,0,0,0,0,0,0,traj_sz=0
-1,0,0,0,0,0,0,0,0,0,0,0,0,0,0,traj_sz=0
-1,0,0,0,0,0,0,0,0,0,0,0,0,0,0,traj_sz=0
-1,0,0,0,0,0,0,0,0,0,0,0,0,0,0,traj_sz=0
-1,0,0,0,0,0,0,0,0,0,0,0,0,0,0,traj_sz=0
-1,0,0,0,0,0,0,0,0,0,0,0,0,0,0,traj_sz=0
-1,0,0,0,0,0,0,0,0,0,0,0,0,0,0,traj_sz=0
-1,0,0,0,0,0,0,0,0,0,0,0,0,0,0,traj_sz=0
-1,0,0,0,0,0,0,0,0,0,0,0,0,0,0,traj_sz=0
-1,0,0,0,0,0,0,0,0,0,0,0,0,0,0,traj_sz=0
-1,0,0,0,0,0,0,0,0,0,0,0,0,0,0,traj_sz=0
-1,0.252339,1.52123,-0.00694803,0,0,0,0,0,0,0,0,0,0,0,traj_sz=0
-1,0.252339,1.52123,-0.00694803,0,0,0,0,0,0,0,0,0,0,0,traj_sz=0
-1,0.252339,1.52123,-0.00694803,0,0,0,0,0,0,0,0,0,0,0,traj_sz=0
-1,0.252339,1.52123,-0.00694803,0,0,0,0,0,0,0,0,0,0,0,traj_sz=0
-1,0.252339,1.52123,-0.00694803,0,0,0,0,0,0,0,0,0,0,0,traj_sz=0
-1,0.252339,1.52123,-0.00694803,0,0,0,0,0,0,0,0,0,0,0,traj_sz=0
-1,0.252339,1.52123,-0.00694803,0,0,0,0,0,0,0,0,0,0,0,traj_sz=0
-1,0.252339,1.52123,-0.00694803,0,0,0,0,0,0,0,0,0,0,0,traj_sz=0
-1,0.252339,1.52123,-0.00694803,0,0,0,0,0,0,0,0,0,0,0,traj_sz=0
-1,0.252339,1.52123,-0.00694803,0,0,0,0,0,0,0,0,0,0,0,traj_sz=0
-1,0.252339,1.52123,-0.00694803,0,0,0,0,0,0,0,0,0,0,0,traj_sz=0
-1,0.252339,1.52123,-0.00694803,0,0,0,0,0,0,0,0,0,0,0,traj_sz=0
-1,0.252339,1.52123,-0.00694803,0,0,0,0,0,0,0,0,0,0,0,traj_sz=0
-1,0.252339,1.52123,-0.00694803,0,0,0,0,0,0,0,0,0,0,0,traj_sz=0
-1,0.252339,1.52123,-0.00694803,0,0,0,0,0,0,0,0,0,0,0,traj_sz=0
-1,0.252339,1.52123,-0.00694803,0,0,0,0,0,0,0,0,0,0,0,traj_sz=0
-1,0.252339,1.52123,-0.00694803,0,0,0,0,0,0,0,0,0,0,0,traj_sz=0
-1,0.252339,1.52123,-0.00694803,0,0,0,0,0,0,0,0,0,0,0,traj_sz=0
-1,0.252339,1.52123,-0.00694803,0,0,0,0,0,0,0,0,0,0,0,traj_sz=0
-1,0.252339,1.52123,-0.00694803,0,0,0,0,0,0,0,0,0,0,0,traj_sz=0
-1,0.252339,1.52123,-0.00694803,0,0,0,0,0,0,0,0,0,0,0,traj_sz=0
-1,0.252339,1.52123,-0.00694803,0,0,0,0,0,0,0,0,0,0,0,traj_sz=0
-1,0.252339,1.52123,-0.00694803,0,0,0,0,0,0,0,0,0,0,0,traj_sz=0
-1,0.252339,1.52123,-0.00694803,0,0,0,0,0,0,0,0,0,0,0,traj_sz=0
-1,0.252339,1.52123,-0.00694803,0,0,0,0,0,0,0,0,0,0,0,traj_sz=0
-1,0.252339,1.52123,-0.00694803,0,0,0,0,0,0,0,0,0,0,0,traj_sz=0
-1,0.252339,1.52123,-0.00694803,0,0,0,0,0,0,0,0,0,0,0,traj_sz=0
-1,0.252339,1.52123,-0.00694803,0,0,0,0,0,0,0,0,0,0,0,traj_sz=0
-1,0.252339,1.52123,-0.00694803,0,0,0,0,0,0,0,0,0,0,0,traj_sz=0
-1,0.252339,1.52123,-0.00694803,0,0,0,0,0,0,0,0,0,0,0,traj_sz=0
-1,0.252339,1.52123,-0.00694803,0,0,0,0,0,0,0,0,0,0,0,traj_sz=0
-1,0.252339,1.52123,-0.00694803,0,0,0,0,0,0,0,0,0,0,0,traj_sz=0
-1,0.252339,1.52123,-0.00694803,0,0,0,0,0,0,0,0,0,0,0,traj_sz=0
-1,0.252339,1.52123,-0.00694803,0,0,0,0,0,0,0,0,0,0,0,traj_sz=0
-1,0.252339,1.52123,-0.00694803,0,0,0,0,0,0,0,0,0,0,0,traj_sz=0
-1,0.252339,1.52123,-0.00694803,0,0,0,0,0,0,0,0,0,0,0,traj_sz=0
-1,0.252339,1.52123,-0.00694803,0,0,0,0,0,0,0,0,0,0,0,traj_sz=0
-1,0.252339,1.52123,-0.00694803,0,0,0,0,0,0,0,0,0,0,0,traj_sz=0
-1,0.252339,1.52123,-0.00694803,0,0,0,0,0,0,0,0,0,0,0,traj_sz=0
-1,0.252339,1.52123,-0.00694803,0,0,0,0,0,0,0,0,0,0,0,traj_sz=0
-1,0.252339,1.52123,-0.00694803,0,0,0,0,0,0,0,0,0,0,0,traj_sz=0
-1,0.252339,1.52123,-0.00694803,0,0,0,0,0,0,0,0,0,0,0,traj_sz=0
-1,0.252339,1.52123,-0.00694803,0,0,0,0,0,0,0,0,0,0,0,traj_sz=0
-1,0.252339,1.52123,-0.00694803,0,0,0,0,0,0,0,0,0,0,0,traj_sz=0
-1,0.252339,1.52123,-0.00694803,0,0,0,0,0,0,0,0,0,0,0,traj_sz=0
-1,0.252339,1.52123,-0.00694803,0,0,0,0,0,0,0,0,0,0,0,traj_sz=0
-1,0.252339,1.52123,-0.00694803,0,0,0,0,0,0,0,0,0,0,0,traj_sz=0
-1,0.252339,1.52123,-0.00694803,0,0,0,0,0,0,0,0,0,0,0,traj_sz=0
-1,0.252339,1.52123,-0.00694803,0,0,0,0,0,0,0,0,0,0,0,traj_sz=0
-1,0.252339,1.52123,-0.00694803,0,0,0,0,0,0,0,0,0,0,0,traj_sz=0
-1,0.252339,1.52123,-0.00694803,0,0,0,0,0,0,0,0,0,0,0,traj_sz=0
-1,0.252339,1.52123,-0.00694803,0,0,0,0,0,0,0,0,0,0,0,traj_sz=0
-1,0.252339,1.52123,-0.00694803,0,0,0,0,0,0,0,0,0,0,0,traj_sz=0
-1,0.252339,1.52123,-0.00694803,0,0,0,0,0,0,0,0,0,0,0,traj_sz=0
-1,0.252339,1.52123,-0.00694803,0,0,0,0,0,0,0,0,0,0,0,traj_sz=0
-1,0.252339,1.52123,-0.00694803,0,0,0,0,0,0,0,0,0,0,0,traj_sz=0
-1,0.252339,1.52123,-0.00694803,0,0,0,0,0,0,0,0,0,0,0,traj_sz=0
-1,0.252339,1.52123,-0.00694803,0,0,0,0,0,0,0,0,0,0,0,traj_sz=0
-1,0.252339,1.52123,-0.00694803,0,0,0,0,0,0,0,0,0,0,0,traj_sz=0
-1,0.252339,1.52123,-0.00694803,0,0,0,0,0,0,0,0,0,0,0,traj_sz=0
-1,0.252339,1.52123,-0.00694803,0,0,0,0,0,0,0,0,0,0,0,traj_sz=0
-1,0.252339,1.52123,-0.00694803,0,0,0,0,0,0,0,0,0,0,0,traj_sz=0
-1,0.252339,1.52123,-0.00694803,0,0,0,0,0,0,0,0,0,0,0,traj_sz=0
-1,0.252339,1.52123,-0.00694803,0,0,0,0,0,0,0,0,0,0,0,traj_sz=0
-1,0.252339,1.52123,-0.00694803,0,0,0,0,0,0,0,0,0,0,0,traj_sz=0
-1,0.252339,1.52123,-0.00694803,0,0,0,0,0,0,0,0,0,0,0,traj_sz=0
-1,0.252339,1.52123,-0.00694803,0,0,0,0,0,0,0,0,0,0,0,traj_sz=0
-1,0.252339,1.52123,-0.00694803,0,0,0,0,0,0,0,0,0,0,0,traj_sz=0
-1,0.252339,1.52123,-0.00694803,0,0,0,0,0,0,0,0,0,0,0,traj_sz=0
-1,0.252339,1.52123,-0.00694803,0,0,0,0,0,0,0,0,0,0,0,traj_sz=0
-1,0.252339,1.52123,-0.00694803,0,0,0,0,0,0,0,0,0,0,0,traj_sz=0
-1,0.252339,1.52123,-0.00694803,0,0,0,0,0,0,0,0,0,0,0,traj_sz=0
-1,0.252339,1.52123,-0.00694803,0,0,0,0,0,0,0,0,0,0,0,traj_sz=0
-1,0.252339,1.52123,-0.00694803,0,0,0,0,0,0,0,0,0,0,0,traj_sz=0
-1,0.252339,1.52123,-0.00694803,0,0,0,0,0,0,0,0,0,0,0,traj_sz=0
-1,0.252339,1.52123,-0.00694803,0,0,0,0,0,0,0,0,0,0,0,traj_sz=0
-1,0.252339,1.52123,-0.00694803,0,0,0,0,0,0,0,0,0,0,0,traj_sz=0
-1,0.252339,1.52123,-0.00694803,0,0,0,0,0,0,0,0,0,0,0,traj_sz=0
-1,0.252339,1.52123,-0.00694803,0,0,0,0,0,0,0,0,0,0,0,traj_sz=0
-1,0.252339,1.52123,-0.00694803,0,0,0,0,0,0,0,0,0,0,0,traj_sz=0
-1,0.252339,1.52123,-0.00694803,0,0,0,0,0,0,0,0,0,0,0,traj_sz=0
-1,0.252339,1.52123,-0.00694803,0,0,0,0,0,0,0,0,0,0,0,traj_sz=0
-1,0.252339,1.52123,-0.00694803,0,0,0,0,0,0,0,0,0,0,0,traj_sz=0
-1,0.252339,1.52123,-0.00694803,0,0,0,0,0,0,0,0,0,0,0,traj_sz=0
-1,0.252339,1.52123,-0.00694803,0,0,0,0,0,0,0,0,0,0,0,traj_sz=0
-1,0.252339,1.52123,-0.00694803,0,0,0,0,0,0,0,0,0,0,0,traj_sz=0
-1,0.252339,1.52123,-0.00694803,0,0,0,0,0,0,0,0,0,0,0,traj_sz=0
-1,0.252339,1.52123,-0.00694803,0,0,0,0,0,0,0,0,0,0,0,traj_sz=0
-1,0.252339,1.52123,-0.00694803,0,0,0,0,0,0,0,0,0,0,0,traj_sz=0
-1,0.252339,1.52123,-0.00694803,0,0,0,0,0,0,0,0,0,0,0,traj_sz=0
-1,0.252339,1.52123,-0.00694803,0,0,0,0,0,0,0,0,0,0,0,traj_sz=0
-1,0.252339,1.52123,-0.00694803,0,0,0,0,0,0,0,0,0,0,0,traj_sz=0
-1,0.252339,1.52123,-0.00694803,0,0,0,0,0,0,0,0,0,0,0,traj_sz=0
-1,0.252339,1.52123,-0.00694803,0,0,0,0,0,0,0,0,0,0,0,traj_sz=0
-1,0.252339,1.52123,-0.00694803,0,0,0,0,0,0,0,0,0,0,0,traj_sz=0
-1,0.252339,1.52123,-0.00694803,0,0,0,0,0,0,0,0,0,0,0,traj_sz=0
-1,0.252339,1.52123,-0.00694803,0,0,0,0,0,0,0,0,0,0,0,traj_sz=0
-1,0.252339,1.52123,-0.00694803,0,0,0,0,0,0,0,0,0,0,0,traj_sz=0
-1,0.252339,1.52123,-0.00694803,0,0,0,0,0,0,0,0,0,0,0,traj_sz=0
-1,0.252339,1.52123,-0.00694803,0,0,0,0,0,0,0,0,0,0,0,traj_sz=0
-1,0.252339,1.52123,-0.00694803,0,0,0,0,0,0,0,0,0,0,0,traj_sz=0
-1,0.252339,1.52123,-0.00694803,0,0,0,0,0,0,0,0,0,0,0,traj_sz=0
-1,0.252339,1.52123,-0.00694803,0,0,0,0,0,0,0,0,0,0,0,traj_sz=0
-1,0.252339,1.52123,-0.00694803,0,0,0,0,0,0,0,0,0,0,0,traj_sz=0
-1,0.252339,1.52123,-0.00694803,0,0,0,0,0,0,0,0,0,0,0,traj_sz=0
-1,0.252339,1.52123,-0.00694803,0,0,0,0,0,0,0,0,0,0,0,traj_sz=0
-1,0.252339,1.52123,-0.00694803,0,0,0,0,0,0,0,0,0,0,0,traj_sz=0
-1,0.252339,1.52123,-0.00694803,0,0,0,0,0,0,0,0,0,0,0,traj_sz=0
-1,0.252339,1.52123,-0.00694803,0,0,0,0,0,0,0,0,0,0,0,traj_sz=0
-1,0.252339,1.52123,-0.00694803,0,0,0,0,0,0,0,0,0,0,0,traj_sz=0
-1,0.252339,1.52123,-0.00694803,0,0,0,0,0,0,0,0,0,0,0,traj_sz=0
-1,0.252339,1.52123,-0.00694803,0,0,0,0,0,0,0,0,0,0,0,traj_sz=0
-1,0.252339,1.52123,-0.00694803,0,0,0,0,0,0,0,0,0,0,0,traj_sz=0
-1,0.252339,1.52123,-0.00694803,0,0,0,0,0,0,0,0,0,0,0,traj_sz=0
-1,0.252339,1.52123,-0.00694803,0,0,0,0,0,0,0,0,0,0,0,traj_sz=0
-1,0.252339,1.52123,-0.00694803,0,0,0,0,0,0,0,0,0,0,0,traj_sz=0
-1,0.252339,1.52123,-0.00694803,0,0,0,0,0,0,0,0,0,0,0,traj_sz=0
0.001544,0.252339,1.52123,-0.00694803,0,0,0,0,0,0,0,0,0,0,0,traj_sz=100
0.00179219,0.252339,1.52123,-0.00694803,0.25,1.52,0,0,0,0,-0.00233006,0,-0.0121415,0.00264066,0,0.00179219
0.0216098,0.252339,1.52123,-0.00694803,0,0,0,0,0,0,0,0,0,0,0,traj_sz=100
0.0217507,0.252339,1.52123,-0.00694803,0.366827,1.51413,-0.157841,0.111273,3,9,0.114535,0,-0.0795287,2.25417,0,0.0217507
0.0415082,0.252339,1.52123,-0.00694803,0,0,0,0,3,9,0,0,0,0,0,traj_sz=100
0.0416613,0.252339,1.52123,-0.00694803,0.366827,1.51413,-0.157841,0.111273,3,9,0.114535,0,-0.0795287,2.25417,0,0.0416613
0.0614107,0.252339,1.52123,-0.00694803,0,0,0,0,3,9,0,0,0,0,0,traj_sz=100
0.0618205,0.252339,1.52123,-0.00694803,0.366827,1.51413,-0.157841,0.111273,3,9,0.114535,0,-0.0795287,2.25417,0,0.0618205
0.0813942,0.252339,1.52123,-0.00694803,0,0,0,0,3,9,0,0,0,0,0,traj_sz=100
0.0815237,0.252339,1.52123,-0.00694803,0.366827,1.51413,-0.157841,0.111273,3,9,0.114535,0,-0.0795287,2.25417,0,0.0815237
0.101524,0.252339,1.52123,-0.00694803,0,0,0,0,3,9,0,0,0,0,0,traj_sz=100
0.101741,0.252339,1.52123,-0.00694803,0.366827,1.51413,-0.157841,0.111273,3,9,0.114535,0,-0.0795287,2.25417,0,0.101741
0.121528,0.252339,1.52123,-0.00694803,0,0,0,0,3,9,0,0,0,0,0,traj_sz=100
0.121773,0.252339,1.52123,-0.00694803,0.366827,1.51413,-0.157841,0.111273,3,9,0.114535,0,-0.0795287,2.25417,0,0.121773
0.141464,0.252339,1.52123,-0.00694803,0,0,0,0,3,9,0,0,0,0,0,traj_sz=100
0.141563,0.252339,1.52123,-0.00694803,0.366827,1.51413,-0.157841,0.111273,3,9,0.114535,0,-0.0795287,2.25417,0,0.141563
0.161548,0.252339,1.52123,-0.00694803,0,0,0,0,3,9,0,0,0,0,0,traj_sz=100
0.161648,0.252339,1.52123,-0.00694803,0.366827,1.51413,-0.157841,0.111273,3,9,0.114535,0,-0.0795287,2.25417,0,0.161648
0.181549,0.252339,1.52123,-0.00694803,0,0,0,0,3,9,0,0,0,0,0,traj_sz=100
0.181685,0.252339,1.52123,-0.00694803,0.366827,1.51413,-0.157841,0.111273,3,9,0.114535,0,-0.0795287,2.25417,0,0.181685
0.201484,0.252339,1.52123,-0.00694803,0,0,0,0,3,9,0,0,0,0,0,traj_sz=100
0.201639,0.252339,1.52123,-0.00694803,0.366827,1.51413,-0.157841,0.111273,3,9,0.114535,0,-0.0795287,2.25417,0,0.201639
0.221475,0.252442,1.52118,-0.00649141,0,0,0,0,3,9,0,0,0,0,0,traj_sz=100
0.221553,0.252442,1.52118,-0.00649141,0.366827,1.51413,-0.157841,0.111273,3,9,0.114429,0,-0.0793193,2.25407,0,0.221553
0.241482,0.252442,1.52118,-0.00649141,0,0,0,0,3,9,0,0,0,0,0,traj_sz=100
0.241576,0.252442,1.52118,-0.00649141,0.366827,1.51413,-0.157841,0.111273,3,9,0.114429,0,-0.0793193,2.25407,0,0.241576
0.261595,0.252549,1.52106,-0.00515157,0,0,0,0,3,9,0,0,0,0,0,traj_sz=100
0.261693,0.252549,1.52106,-0.00515157,0.366827,1.51413,-0.157841,0.111273,3,9,0.114312,0,-0.0786999,2.25395,0,0.261693
0.281494,0.252549,1.52106,-0.00515157,0,0,0,0,3,9,0,0,0,0,0,traj_sz=100
0.281694,0.252549,1.52106,-0.00515157,0.366827,1.51413,-0.157841,0.111273,3,9,0.114312,0,-0.0786999,2.25395,0,0.281694
0.301364,0.252549,1.52106,-0.00515157,0,0,0,0,3,9,0,0,0,0,0,traj_sz=100
0.301436,0.252549,1.52106,-0.00515157,0.366827,1.51413,-0.157841,0.111273,3,9,0.114312,0,-0.0786999,2.25395,0,0.301436
0.32137,0.252549,1.52106,-0.00515157,0,0,0,0,3,9,0,0,0,0,0,traj_sz=100
0.321448,0.252549,1.52106,-0.00515157,0.366827,1.51413,-0.157841,0.111273,3,9,0.114312,0,-0.0786999,2.25395,0,0.321448
0.34143,0.252549,1.52106,-0.00515157,0,0,0,0,3,9,0,0,0,0,0,traj_sz=100
0.341584,0.252549,1.52106,-0.00515157,0.366827,1.51413,-0.157841,0.111273,3,9,0.114312,0,-0.0786999,2.25395,0,0.341584
0.361558,0.252666,1.52109,-0.00547014,0,0,0,0,3,9,0,0,0,0,0,traj_sz=100
0.361841,0.252666,1.52109,-0.00547014,0.366827,1.51413,-0.157841,0.111273,3,9,0.114197,0,-0.0788494,2.25384,0,0.361841
0.38148,0.252666,1.52109,-0.00547014,0,0,0,0,3,9,0,0,0,0,0,traj_sz=100
0.38159,0.252666,1.52109,-0.00547014,0.366827,1.51413,-0.157841,0.111273,3,9,0.114197,0,-0.0788494,2.25384,0,0.38159
0.401616,0.252666,1.52109,-0.00547014,0,0,0,0,3,9,0,0,0,0,0,traj_sz=100
0.401742,0.252666,1.52109,-0.00547014,0.366827,1.51413,-0.157841,0.111273,3,9,0.114197,0,-0.0788494,2.25384,0,0.401742
0.421422,0.252666,1.52109,-0.00547014,0,0,0,0,3,9,0,0,0,0,0,traj_sz=100
0.421518,0.252666,1.52109,-0.00547014,0.366827,1.51413,-0.157841,0.111273,3,9,0.114197,0,-0.0788494,2.25384,0,0.421518
0.441449,0.252666,1.52109,-0.00547014,0,0,0,0,3,9,0,0,0,0,0,traj_sz=100
0.441818,0.252666,1.52109,-0.00547014,0.366827,1.51413,-0.157841,0.111273,3,9,0.114197,0,-0.0788494,2.25384,0,0.441818
0.461462,0.252677,1.52113,-0.00487538,0,0,0,0,3,9,0,0,0,0,0,traj_sz=100
0.461591,0.252677,1.52113,-0.00487538,0.366827,1.51413,-0.157841,0.111273,3,9,0.114182,0,-0.0798827,2.25383,0,0.461591
0.481483,0.252677,1.52113,-0.00487538,0,0,0,0,3,9,0,0,0,0,0,traj_sz=100
0.481576,0.252677,1.52113,-0.00487538,0.366827,1.51413,-0.157841,0.111273,3,9,0.114182,0,-0.0798827,2.25383,0,0.481576
0.501425,0.252677,1.52113,-0.00487538,0,0,0,0,3,9,0,0,0,0,0,traj_sz=100
0.501757,0.252677,1.52113,-0.00487538,0.366827,1.51413,-0.157841,0.111273,3,9,0.114182,0,-0.0798827,2.25383,0,0.501757
0.521419,0.252677,1.52113,-0.00487538,0,0,0,0,3,9,0,0,0,0,0,traj_sz=100
0.521539,0.252677,1.52113,-0.00487538,0.366827,1.51413,-0.157841,0.111273,3,9,0.114182,0,-0.0798827,2.25383,0,0.521539
0.541391,0.252677,1.52113,-0.00487538,0,0,0,0,3,9,0,0,0,0,0,traj_sz=100
0.541474,0.252677,1.52113,-0.00487538,0.366827,1.51413,-0.157841,0.111273,3,9,0.114182,0,-0.0798827,2.25383,0,0.541474
0.561469,0.252677,1.52113,-0.00487538,0,0,0,0,3,9,0,0,0,0,0,traj_sz=100
0.561684,0.252677,1.52113,-0.00487538,0.366827,1.51413,-0.157841,0.111273,3,9,0.114182,0,-0.0798827,2.25383,0,0.561684
0.581419,0.252677,1.52113,-0.00487538,0,0,0,0,3,9,0,0,0,0,0,traj_sz=100
0.581636,0.252677,1.52113,-0.00487538,0.366827,1.51413,-0.157841,0.111273,3,9,0.114182,0,-0.0798827,2.25383,0,0.581636
0.601504,0.252677,1.52113,-0.00487538,0,0,0,0,3,9,0,0,0,0,0,traj_sz=100
0.601748,0.252677,1.52113,-0.00487538,0.366827,1.51413,-0.157841,0.111273,3,9,0.114182,0,-0.0798827,2.25383,0,0.601748
0.62156,0.252677,1.52113,-0.00487538,0,0,0,0,3,9,0,0,0,0,0,traj_sz=100
0.621647,0.252677,1.52113,-0.00487538,0.366827,1.51413,-0.157841,0.111273,3,9,0.114182,0,-0.0798827,2.25383,0,0.621647
0.641464,0.252677,1.52113,-0.00487538,0,0,0,0,3,9,0,0,0,0,0,traj_sz=100
0.64159,0.252677,1.52113,-0.00487538,0.366827,1.51413,-0.157841,0.111273,3,9,0.114182,0,-0.0798827,2.25383,0,0.64159
0.661518,0.252677,1.52113,-0.00487538,0,0,0,0,3,9,0,0,0,0,0,traj_sz=100
0.662168,0.252677,1.52113,-0.00487538,0.366827,1.51413,-0.157841,0.111273,3,9,0.114182,0,-0.0798827,2.25383,0,0.662168
0.681564,0.252677,1.52113,-0.00487538,0,0,0,0,3,9,0,0,0,0,0,traj_sz=100
0.681656,0.252677,1.52113,-0.00487538,0.366827,1.51413,-0.157841,0.111273,3,9,0.114182,0,-0.0798827,2.25383,0,0.681656
0.701508,0.252677,1.52113,-0.00487538,0,0,0,0,3,9,0,0,0,0,0,traj_sz=100
0.701687,0.252677,1.52113,-0.00487538,0.366827,1.51413,-0.157841,0.111273,3,9,0.114182,0,-0.0798827,2.25383,0,0.701687
0.721467,0.252677,1.52113,-0.00487538,0,0,0,0,3,9,0,0,0,0,0,traj_sz=100
0.721645,0.252677,1.52113,-0.00487538,0.366827,1.51413,-0.157841,0.111273,3,9,0.114182,0,-0.0798827,2.25383,0,0.721645
0.741496,0.252677,1.52113,-0.00487538,0,0,0,0,3,9,0,0,0,0,0,traj_sz=100
0.741576,0.252677,1.52113,-0.00487538,0.366827,1.51413,-0.157841,0.111273,3,9,0.114182,0,-0.0798827,2.25383,0,0.741576
0.761496,0.252677,1.52113,-0.00487538,0,0,0,0,3,9,0,0,0,0,0,traj_sz=100
0.761762,0.252677,1.52113,-0.00487538,0.366827,1.51413,-0.157841,0.111273,3,9,0.114182,0.000347463,-0.0798827,2.25383,0,0.761762
0.78147,0.252677,1.52113,-0.00487538,0,0,0,0,3,9,0,0,0,0,0,traj_sz=100
0.781598,0.252677,1.52113,-0.00487538,0.366827,1.51413,-0.157841,0.111273,3,9,0.114182,0.000818709,-0.0798827,2.25383,0,0.781598
0.801501,0.252677,1.52113,-0.00487538,0,0,0,0,3,9,0,0,0,0,0,traj_sz=100
0.801621,0.252677,1.52113,-0.00487538,0.366827,1.51413,-0.157841,0.111273,3,9,0.114182,0.00129441,-0.0798827,2.25383,0,0.801621
0.821474,0.252677,1.52113,-0.00487538,0,0,0,0,3,9,0,0,0,0,0,traj_sz=100
0.821616,0.252677,1.52113,-0.00487538,0.366827,1.51413,-0.157841,0.111273,3,9,0.114182,0.00176913,-0.0798827,2.25383,0,0.821616
0.841616,0.252677,1.52113,-0.00487538,0,0,0,0,3,9,0,0,0,0,0,traj_sz=100
0.841712,0.252677,1.52113,-0.00487538,0.366827,1.51413,-0.157841,0.111273,3,9,0.114182,0.00224637,-0.0798827,2.25383,0,0.841712
0.861536,0.252677,1.52113,-0.00487538,0,0,0,0,3,9,0,0,0,0,0,traj_sz=100
0.861777,0.252677,1.52113,-0.00487538,0.366827,1.51413,-0.157841,0.111273,3,9,0.114182,0.00272198,-0.0798827,2.25383,0,0.861777
0.881529,0.252677,1.52113,-0.00487538,0,0,0,0,3,9,0,0,0,0,0,traj_sz=100
0.881618,0.252677,1.52113,-0.00487538,0.366827,1.51413,-0.157841,0.111273,3,9,0.114182,0.00319363,-0.0798827,2.25383,0,0.881618
0.901521,0.252677,1.52113,-0.00487538,0,0,0,0,3,9,0,0,0,0,0,traj_sz=100
0.901655,0.252677,1.52113,-0.00487538,0.366827,1.51413,-0.157841,0.111273,3,9,0.114182,0.00366876,-0.0798827,2.25383,0,0.901655
0.921452,0.252677,1.52113,-0.00487538,0,0,0,0,3,9,0,0,0,0,0,traj_sz=100
0.921585,0.252677,1.52113,-0.00487538,0.366827,1.51413,-0.157841,0.111273,3,9,0.114182,0.00414228,-0.0798827,2.25383,0,0.921585
0.94156,0.252677,1.52113,-0.00487538,0,0,0,0,3,9,0,0,0,0,0,traj_sz=100
0.941648,0.252677,1.52113,-0.00487538,0.366827,1.51413,-0.157841,0.111273,3,9,0.114182,0.00461884,-0.0798827,2.25383,0,0.941648
0.961566,0.252677,1.52113,-0.00487538,0,0,0,0,3,9,0,0,0,0,0,traj_sz=100
0.961649,0.252677,1.52113,-0.00487538,0.366827,1.51413,-0.157841,0.111273,3,9,0.114182,0.00509364,-0.0798827,2.25383,0,0.961649
0.981476,0.252677,1.52113,-0.00487538,0,0,0,0,3,9,0,0,0,0,0,traj_sz=100
0.981616,0.252677,1.52113,-0.00487538,0.366827,1.51413,-0.157841,0.111273,3,9,0.114182,0.00556731,-0.0798827,2.25383,0,0.981616
1.00149,0.252677,1.52113,-0.00487538,0,0,0,0,3,9,0,0,0,0,0,traj_sz=100
1.00167,0.252677,1.52113,-0.00487538,0.366827,1.51413,-0.157841,0.111273,3,9,0.114182,0.00604305,-0.0798827,2.25383,0,1.00167
1.02146,0.252677,1.52113,-0.00487538,0,0,0,0,3,9,0,0,0,0,0,traj_sz=100
1.02153,0.252677,1.52113,-0.00487538,0.366827,1.51413,-0.157841,0.111273,3,9,0.114182,0.00651513,-0.0798827,2.25383,0,1.02153
1.04143,0.252677,1.52113,-0.00487538,0,0,0,0,3,9,0,0,0,0,0,traj_sz=100
1.04153,0.252677,1.52113,-0.00487538,0.366827,1.51413,-0.157841,0.111273,3,9,0.114182,0.0069897,-0.0798827,2.25383,0,1.04153
1.06153,0.252677,1.52113,-0.00487538,0,0,0,0,3,9,0,0,0,0,0,traj_sz=100
1.06161,0.252677,1.52113,-0.00487538,0.366827,1.51413,-0.157841,0.111273,3,9,0.114182,0.00746649,-0.0798827,2.25383,0,1.06161
1.08147,0.252677,1.52113,-0.00487538,0,0,0,0,3,9,0,0,0,0,0,traj_sz=100
1.0816,0.252677,1.52113,-0.00487538,0.366827,1.51413,-0.157841,0.111273,3,9,0.114182,0.00794099,-0.0798827,2.25383,0,1.0816
1.10149,0.252677,1.52113,-0.00487538,0,0,0,0,3,9,0,0,0,0,0,traj_sz=100
1.10159,0.252677,1.52113,-0.00487538,0.366827,1.51413,-0.157841,0.111273,3,9,0.114182,0.00843788,-0.0798827,2.25383,0,1.10159
1.12152,0.252677,1.52113,-0.00487538,0,0,0,0,3,9,0,0,0,0,0,traj_sz=100
1.12164,0.252677,1.52113,-0.00487538,0.366827,1.51413,-0.157841,0.111273,3,9,0.114182,0.00938648,-0.0798827,2.25383,0,1.12164
1.14142,0.252677,1.52113,-0.00487538,0,0,0,0,3,9,0,0,0,0,0,traj_sz=100
1.14163,0.252677,1.52113,-0.00487538,0.366827,1.51413,-0.157841,0.111273,3,9,0.114182,0.0103297,-0.0798827,2.25383,0,1.14163
1.16139,0.252677,1.52113,-0.00487538,0,0,0,0,3,9,0,0,0,0,0,traj_sz=100
1.16154,0.252677,1.52113,-0.00487538,0.366827,1.51413,-0.157841,0.111273,3,9,0.114182,0.0112732,-0.0798827,2.25383,0,1.16154
1.18141,0.252677,1.52113,-0.00487538,0,0,0,0,3,9,0,0,0,0,0,traj_sz=100
1.18159,0.252677,1.52113,-0.00487538,0.366827,1.51413,-0.157841,0.111273,3,9,0.114182,0.0122199,-0.0798827,2.25383,0,1.18159
1.2014,0.252677,1.52113,-0.00487538,0,0,0,0,3,9,0,0,0,0,0,traj_sz=100
1.20156,0.252677,1.52113,-0.00487538,0.366827,1.51413,-0.157841,0.111273,3,9,0.114182,0.0131656,-0.0798827,2.25383,0,1.20156
1.22142,0.252677,1.52113,-0.00487538,0,0,0,0,3,9,0,0,0,0,0,traj_sz=100
1.22152,0.252677,1.52113,-0.00487538,0.366827,1.51413,-0.157841,0.111273,3,9,0.114182,0.0141102,-0.0798827,2.25383,0,1.22152
1.24141,0.252677,1.52113,-0.00487538,0,0,0,0,3,9,0,0,0,0,0,traj_sz=100
1.24163,0.252677,1.52113,-0.00487538,0.366827,1.51413,-0.157841,0.111273,3,9,0.114182,0.0150593,-0.0798827,2.25383,0,1.24163
1.26147,0.252677,1.52113,-0.00487538,0,0,0,0,3,9,0,0,0,0,0,traj_sz=100
1.26158,0.252677,1.52113,-0.00487538,0.366827,1.51413,-0.157841,0.111273,3,9,0.114182,0.016005,-0.0798827,2.25383,0,1.26158
1.28137,0.252677,1.52113,-0.00487538,0,0,0,0,3,9,0,0,0,0,0,traj_sz=100
1.28145,0.252677,1.52113,-0.00487538,0.366827,1.51413,-0.157841,0.111273,3,9,0.114182,0.0169451,-0.0798827,2.25383,0,1.28145
1.30147,0.252677,1.52113,-0.00487538,0,0,0,0,3,9,0,0,0,0,0,traj_sz=100
1.30166,0.252677,1.52113,-0.00487538,0.366827,1.51413,-0.157841,0.111273,3,9,0.114182,0.0178979,-0.0798827,2.25383,0,1.30166
1.32148,0.252785,1.52113,-0.00487745,0,0,0,0,3,9,0,0,0,0,0,traj_sz=100
1.32171,0.252785,1.52113,-0.00487745,0.366827,1.51413,-0.157841,0.111273,4,9,0.114074,0.0187386,-0.114487,2.25372,0,1.32171
1.3415,0.252785,1.52113,-0.00487745,0,0,0,0,4,9,0,0,0,0,0,traj_sz=100
1.34164,0.252785,1.52113,-0.00487745,0.366827,1.51413,-0.157841,0.111273,4,9,0.114074,0.0196825,-0.114487,2.25372,0,1.34164
1.3614,0.252785,1.52113,-0.00487745,0,0,0,0,4,9,0,0,0,0,0,traj_sz=100
1.36156,0.252785,1.52113,-0.00487745,0.366827,1.51413,-0.157841,0.111273,4,9,0.114074,0.0206249,-0.114487,2.25372,0,1.36156
1.38153,0.252785,1.52113,-0.00487745,0,0,0,0,4,9,0,0,0,0,0,traj_sz=100
1.38173,0.252785,1.52113,-0.00487745,0.366827,1.51413,-0.157841,0.111273,4,9,0.114074,0.0215787,-0.114487,2.25372,0,1.38173
1.40153,0.252785,1.52113,-0.00487745,0,0,0,0,4,9,0,0,0,0,0,traj_sz=100
1.40175,0.252785,1.52113,-0.00487745,0.366827,1.51413,-0.157841,0.111273,4,9,0.114074,0.0225253,-0.114487,2.25372,0,1.40175
1.42152,0.252785,1.52113,-0.00487745,0,0,0,0,4,9,0,0,0,0,0,traj_sz=100
1.42166,0.252785,1.52113,-0.00487745,0.366827,1.51413,-0.157841,0.111273,4,9,0.114074,0.0234677,-0.114487,2.25372,0,1.42166
1.4414,0.252785,1.52113,-0.00487745,0,0,0,0,4,9,0,0,0,0,0,traj_sz=100
1.44154,0.252785,1.52113,-0.00487745,0.366827,1.51413,-0.157841,0.111273,4,9,0.114074,0.0244075,-0.114487,2.25372,0,1.44154
1.46157,0.252932,1.52107,-0.00422991,0,0,0,0,4,9,0,0,0,0,0,traj_sz=100
1.46177,0.252932,1.52107,-0.00422991,0.366827,1.51413,-0.157841,0.111273,4,9,0.113923,0.0252172,-0.114196,2.25357,0,1.46177
1.48138,0.253287,1.52096,-0.00308532,0,0,0,0,4,9,0,0,0,0,0,traj_sz=100
1.48148,0.253287,1.52096,-0.00308532,0.366827,1.51413,-0.157841,0.111273,4,9,0.113561,0.0261504,-0.113683,2.25321,0,1.48148
1.50147,0.25339,1.5211,-0.00458023,0,0,0,0,4,9,0,0,0,0,0,traj_sz=100
1.50165,0.25339,1.5211,-0.00458023,0.366827,1.51413,-0.157841,0.111273,4,9,0.113467,0.0275121,-0.11437,2.25312,0,1.50165
1.52152,0.253727,1.52097,-0.00312091,0,0,0,0,4,9,0,0,0,0,0,traj_sz=100
1.52163,0.253727,1.52097,-0.00312091,0.366827,1.51413,-0.157841,0.111273,4,9,0.11312,0.0286284,-0.113711,2.25277,0,1.52163
1.54143,0.254011,1.52114,-0.00501353,0,0,0,0,4,9,0,0,0,0,0,traj_sz=100
1.54154,0.254011,1.52114,-0.00501353,0.366827,1.51413,-0.157841,0.111273,4,9,0.112849,0.0297924,-0.114589,2.2525,0,1.54154
1.56152,0.254493,1.52113,-0.00492578,0,0,0,0,4,9,0,0,0,0,0,traj_sz=100
1.56169,0.254493,1.52113,-0.00492578,0.366827,1.51413,-0.157841,0.111273,4,9,0.112367,0.0307747,-0.114561,2.25202,0,1.56169
1.5815,0.254905,1.5211,-0.0046295,0,0,0,0,4,9,0,0,0,0,0,traj_sz=100
1.58166,0.254905,1.5211,-0.0046295,0.366827,1.51413,-0.157841,0.111273,4,9,0.111953,0.0318137,-0.114446,2.25161,0,1.58166
1.60139,0.255391,1.52104,-0.00391721,0,0,0,0,4,9,0,0,0,0,0,traj_sz=100
1.60148,0.255391,1.52104,-0.00391721,0.366827,1.51413,-0.157841,0.111273,4,9,0.111462,0.0327698,-0.114128,2.25112,0,1.60148
1.62151,0.255521,1.52107,-0.00427293,0,0,0,0,4,9,0,0,0,0,0,traj_sz=100
1.62164,0.255521,1.52107,-0.00427293,0.366827,1.51413,-0.157841,0.111273,4,9,0.111334,0.0341044,-0.114299,2.25099,0,1.62164
1.64148,0.256731,1.52117,-0.00533092,0,0,0,0,4,9,0,0,0,0,0,traj_sz=100
1.6416,0.256731,1.52117,-0.00533092,0.366827,1.51413,-0.157841,0.111273,4,9,0.110132,0.0343456,-0.114823,2.24979,0,1.6416
1.66157,0.256895,1.5211,-0.00460764,0,0,0,0,4,9,0,0,0,0,0,traj_sz=100
1.66179,0.256895,1.5211,-0.00460764,0.366827,1.51413,-0.157841,0.111273,4,9,0.109963,0.0356477,-0.114496,2.24962,0,1.66179
1.68152,0.257594,1.5211,-0.00462164,0,0,0,0,4,9,0,0,0,0,0,traj_sz=100
1.68161,0.257594,1.5211,-0.00462164,0.366827,1.51413,-0.157841,0.111273,4,9,0.109264,0.0363917,-0.114525,2.24892,0,1.68161
1.7016,0.257821,1.52125,-0.00624683,0,0,0,0,4,9,0,0,0,0,0,traj_sz=100
1.70173,0.257821,1.52125,-0.00624683,0.366827,1.51413,-0.157841,0.111273,4,9,0.109048,0.037628,-0.115277,2.24871,0,1.70173
1.72176,0.258287,1.5211,-0.00455533,0,0,0,0,4,9,0,0,0,0,0,traj_sz=100
1.72189,0.258287,1.5211,-0.00455533,0.366827,1.51413,-0.157841,0.111273,4,9,0.10857,0.038625,-0.114517,2.24823,0,1.72189
1.74146,0.259683,1.52107,-0.00438888,0,0,0,0,4,9,0,0,0,0,0,traj_sz=100
1.74156,0.259683,1.52107,-0.00438888,0.366827,1.51413,-0.157841,0.111273,5,9,0.107173,0.0386596,-0.154749,2.24684,0,1.74156
1.76152,0.259989,1.52127,-0.00663076,0,0,0,0,5,9,0,0,0,0,0,traj_sz=100
1.7617,0.259989,1.52127,-0.00663076,0.366827,1.51413,-0.157841,0.111273,5,9,0.106883,0.039818,-0.155818,2.24655,0,1.7617
1.78169,0.260357,1.52113,-0.00509106,0,0,0,0,5,9,0,0,0,0,0,traj_sz=100
1.78185,0.260357,1.52113,-0.00509106,0.366827,1.51413,-0.157841,0.111273,5,9,0.106504,0.0409137,-0.15516,2.24617,0,1.78185
1.80154,0.260987,1.52113,-0.00557117,0,0,0,0,5,9,0,0,0,0,0,traj_sz=100
1.80165,0.260987,1.52113,-0.00557117,0.366827,1.51413,-0.157841,0.111273,5,9,0.105877,0.0417235,-0.154704,2.24554,0,1.80165
1.82155,0.261401,1.52118,-0.00720028,0,0,0,0,5,9,0,0,0,0,0,traj_sz=100
1.82184,0.261401,1.52118,-0.00720028,0.366827,1.51413,-0.157841,0.111273,5,9,0.105474,0.042774,-0.154159,2.24513,0,1.82184
1.8416,0.26281,1.52124,-0.00778228,0,0,0,0,5,9,0,0,0,0,0,traj_sz=100
1.84169,0.26281,1.52124,-0.00778228,0.366827,1.51413,-0.157841,0.111273,5,9,0.104069,0.042984,-0.154621,2.24373,0,1.84169
1.86147,0.263193,1.52121,-0.00753736,0,0,0,0,5,9,0,0,0,0,0,traj_sz=100
1.8616,0.263193,1.52121,-0.00753736,0.366827,1.51413,-0.157841,0.111273,5,9,0.103685,0.0445143,-0.154552,2.24335,0,1.8616
1.88163,0.263929,1.5212,-0.00966185,0,0,0,0,5,9,0,0,0,0,0,traj_sz=100
1.8818,0.263929,1.5212,-0.00966185,0.366827,1.51413,-0.157841,0.111273,5,9,0.102961,0.0457195,-0.15255,2.24261,0,1.8818
1.90142,0.264745,1.52125,-0.0101783,0,0,0,0,5,9,0,0,0,0,0,traj_sz=100
1.90154,0.264745,1.52125,-0.0101783,0.366827,1.51413,-0.157841,0.111273,5,9,0.102149,0.0468025,-0.152882,2.24181,0,1.90154
1.92154,0.26518,1.52109,-0.00845458,0,0,0,0,5,9,0,0,0,0,0,traj_sz=100
1.92163,0.26518,1.52109,-0.00845458,0.366827,1.51413,-0.157841,0.111273,5,9,0.101702,0.0482985,-0.152161,2.24136,0,1.92163
1.94145,0.266632,1.5212,-0.0106169,0,0,0,0,5,9,0,0,0,0,0,traj_sz=100
1.94157,0.266632,1.5212,-0.0106169,0.366827,1.51413,-0.157841,0.111273,5,9,0.100265,0.0487643,-0.152102,2.23992,0,1.94157
1.96146,0.267128,1.52138,-0.0125883,0,0,0,0,5,9,0,0,0,0,0,traj_sz=100
1.96155,0.267128,1.52138,-0.0125883,0.366827,1.51413,-0.157841,0.111273,5,9,0.0997826,0.0501925,-0.153067,2.23944,0,1.96155
1.98168,0.267643,1.52136,-0.0123881,0,0,0,0,5,9,0,0,0,0,0,traj_sz=100
1.98181,0.267643,1.52136,-0.0123881,0.366827,1.51413,-0.157841,0.111273,5,9,0.0992665,0.051625,-0.153043,2.23893,0,1.98181
2.00144,0.268277,1.52138,-0.0125603,0,0,0,0,5,9,0,0,0,0,0,traj_sz=100
2.00154,0.268277,1.52138,-0.0125603,0.366827,1.51413,-0.157841,0.111273,5,9,0.0986338,0.0528884,-0.153205,2.23829,0,2.00154
2.02156,0.269006,1.5214,-0.0137393,0,0,0,0,5,9,0,0,0,0,0,traj_sz=100
2.02168,0.269006,1.5214,-0.0137393,0.366827,1.51413,-0.157841,0.111273,5,9,0.0979115,0.0540955,-0.152516,2.23757,0,2.02168
2.04162,0.269882,1.52141,-0.0138585,0,0,0,0,5,9,0,0,0,0,0,traj_sz=100
2.04181,0.269882,1.52141,-0.0138585,0.366827,1.51413,-0.157841,0.111273,5,9,0.0970361,0.0551529,-0.152685,2.2367,0,2.04181
2.06158,0.271675,1.52148,-0.0158471,0,0,0,0,5,9,0,0,0,0,0,traj_sz=100
2.06167,0.271675,1.52148,-0.0158471,0.366827,1.51413,-0.157841,0.111273,6,9,0.0952569,0.0552745,-0.200431,2.23491,0,2.06167
2.08141,0.272584,1.52189,-0.0195216,0,0,0,0,6,9,0,0,0,0,0,traj_sz=100
2.08151,0.272584,1.52189,-0.0195216,0.366827,1.51413,-0.157841,0.111273,6,9,0.0943761,0.0562798,-0.20353,2.23404,0,2.08151
2.10146,0.27368,1.52169,-0.0188276,0,0,0,0,6,9,0,0,0,0,0,traj_sz=100
2.10162,0.27368,1.52169,-0.0188276,0.366827,1.51413,-0.157841,0.111273,6,9,0.0932734,0.0571143,-0.201687,2.23293,0,2.10162
2.1216,0.274526,1.52174,-0.0193233,0,0,0,0,6,9,0,0,0,0,0,traj_sz=100
2.12173,0.274526,1.52174,-0.0193233,0.366827,1.51413,-0.157841,0.111273,6,9,0.0924313,0.0582042,-0.202233,2.23209,0,2.12173
2.14157,0.27584,1.52177,-0.0204961,0,0,0,0,6,9,0,0,0,0,0,traj_sz=100
2.14172,0.27584,1.52177,-0.0204961,0.366827,1.51413,-0.157841,0.111273,6,9,0.0911242,0.0588119,-0.202053,2.23078,0,2.14172
2.16162,0.277467,1.52174,-0.0215674,0,0,0,0,6,9,0,0,0,0,0,traj_sz=100
2.16176,0.277467,1.52174,-0.0215674,0.366827,1.51413,-0.157841,0.111273,6,9,0.0895029,0.0591127,-0.20138,2.22916,0,2.16176
2.18148,0.278191,1.52176,-0.0226516,0,0,0,0,6,9,0,0,0,0,0,traj_sz=100
2.18158,0.278191,1.52176,-0.0226516,0.366827,1.51413,-0.157841,0.111273,6,9,0.088786,0.0602957,-0.200883,2.22844,0,2.18158
2.20151,0.279244,1.52185,-0.0245399,0,0,0,0,6,9,0,0,0,0,0,traj_sz=100
2.20177,0.279244,1.52185,-0.0245399,0.366827,1.51413,-0.157841,0.111273,6,9,0.087746,0.0611932,-0.20091,2.2274,0,2.20177
2.22155,0.279445,1.52185,-0.0245507,0,0,0,0,6,9,0,0,0,0,0,traj_sz=100
2.22166,0.279445,1.52185,-0.0245507,0.366827,1.51413,-0.157841,0.111273,6,9,0.0875453,0.0632815,-0.200973,2.22719,0,2.22166
2.24149,0.280374,1.52171,-0.0265809,0,0,0,0,6,9,0,0,0,0,0,traj_sz=100
2.24171,0.280374,1.52171,-0.0265809,0.366827,1.51413,-0.157841,0.111273,6,9,0.0866242,0.0646488,-0.197471,2.22626,0,2.24171
2.26157,0.28238,1.52177,-0.0272009,0,0,0,0,6,9,0,0,0,0,0,traj_sz=100
2.26168,0.28238,1.52177,-0.0272009,0.366827,1.51413,-0.157841,0.111273,6,9,0.0846239,0.0649444,-0.198499,2.22426,0,2.26168
2.28154,0.282846,1.52157,-0.0249526,0,0,0,0,6,9,0,0,0,0,0,traj_sz=100
2.28164,0.282846,1.52157,-0.0249526,0.366827,1.51413,-0.157841,0.111273,6,9,0.0841401,0.0667661,-0.197644,2.22378,0,2.28164
2.30148,0.284436,1.52177,-0.0281104,0,0,0,0,6,9,0,0,0,0,0,traj_sz=100
2.3017,0.284436,1.52177,-0.0281104,0.366827,1.51413,-0.157841,0.111273,6,9,0.0825731,0.0674854,-0.198531,2.22221,0,2.3017
2.32145,0.285104,1.52182,-0.0285665,0,0,0,0,6,9,0,0,0,0,0,traj_sz=100
2.32155,0.285104,1.52182,-0.0285665,0.366827,1.51413,-0.157841,0.111273,6,9,0.0819097,0.0691044,-0.198981,2.22155,0,2.32155
2.34151,0.287971,1.52198,-0.0340298,0,0,0,0,6,9,0,0,0,0,0,traj_sz=100
2.34163,0.287971,1.52198,-0.0340298,0.407142,1.50772,-0.229918,0.119998,6,10,0.119588,0.068552,-0.19766,2.21871,0,2.34163
2.36152,0.288501,1.52176,-0.0340035,0,0,0,0,6,10,0,0,0,0,0,traj_sz=100
2.36173,0.288501,1.52176,-0.0340035,0.407142,1.50772,-0.229918,0.119998,6,10,0.11905,0.0703188,-0.194527,2.21816,0,2.36173
2.38155,0.289218,1.52178,-0.0352888,0,0,0,0,6,10,0,0,0,0,0,traj_sz=100
2.38164,0.289218,1.52178,-0.0352888,0.407142,1.50772,-0.229918,0.119998,6,10,0.118347,0.0718974,-0.193986,2.21745,0,2.38164
2.4016,0.290694,1.52178,-0.0366005,0,0,0,0,6,10,0,0,0,0,0,traj_sz=100
2.40175,0.290694,1.52178,-0.0366005,0.407142,1.50772,-0.229918,0.119998,7,10,0.116885,0.0727332,-0.245458,2.21597,0,2.40175
2.42141,0.291433,1.52178,-0.0366497,0,0,0,0,7,10,0,0,0,0,0,traj_sz=100
2.42155,0.291433,1.52178,-0.0366497,0.407142,1.50772,-0.229918,0.119998,7,10,0.116147,0.0742699,-0.246082,2.21524,0,2.42155
2.44154,0.292876,1.52182,-0.0370242,0,0,0,0,7,10,0,0,0,0,0,traj_sz=100
2.44165,0.292876,1.52182,-0.0370242,0.407142,1.50772,-0.229918,0.119998,7,10,0.11471,0.0751411,-0.247423,2.2138,0,2.44165
2.46151,0.295469,1.52168,-0.0413451,0,0,0,0,7,10,0,0,0,0,0,traj_sz=100
2.46162,0.295469,1.52168,-0.0413451,0.407142,1.50772,-0.229918,0.119998,7,10,0.112154,0.0748385,-0.243527,2.21121,0,2.46162
2.48148,0.296273,1.52177,-0.0423867,0,0,0,0,7,10,0,0,0,0,0,traj_sz=100
2.48161,0.296273,1.52177,-0.0423867,0.407142,1.50772,-0.229918,0.119998,7,10,0.111364,0.0763361,-0.244653,2.21041,0,2.48161
2.50161,0.298321,1.52181,-0.0452785,0,0,0,0,7,10,0,0,0,0,0,traj_sz=100
2.50174,0.298321,1.52181,-0.0452785,0.407142,1.50772,-0.229918,0.119998,7,10,0.109348,0.0766069,-0.244301,2.20837,0,2.50174
2.52155,0.299137,1.52162,-0.0457696,0,0,0,0,7,10,0,0,0,0,0,traj_sz=100
2.52173,0.299137,1.52162,-0.0457696,0.407142,1.50772,-0.229918,0.119998,7,10,0.108528,0.0780794,-0.24167,2.20754,0,2.52173
2.54146,0.302952,1.52172,-0.0505566,0,0,0,0,7,10,0,0,0,0,0,traj_sz=100
2.54156,0.302952,1.52172,-0.0505566,0.407142,1.50772,-0.229918,0.119998,7,10,0.104764,0.0765538,-0.242002,2.20375,0,2.54156
2.56153,0.30348,1.52171,-0.0514382,0,0,0,0,7,10,0,0,0,0,0,traj_sz=100
2.56162,0.30348,1.52171,-0.0514382,0.407142,1.50772,-0.229918,0.119998,7,10,0.104244,0.0783326,-0.241449,2.20322,0,2.56162
2.58151,0.304432,1.52176,-0.0520232,0,0,0,0,7,10,0,0,0,0,0,traj_sz=100
2.58166,0.304432,1.52176,-0.0520232,0.407142,1.50772,-0.229918,0.119998,7,10,0.103302,0.0798615,-0.242507,2.20228,0,2.58166
2.60146,0.306054,1.52162,-0.0546178,0,0,0,0,7,10,0,0,0,0,0,traj_sz=100
2.60164,0.306054,1.52162,-0.0546178,0.407142,1.50772,-0.229918,0.119998,7,10,0.101697,0.080785,-0.239326,2.20065,0,2.60164
2.62156,0.30768,1.52169,-0.0573858,0,0,0,0,7,10,0,0,0,0,0,traj_sz=100
2.62165,0.30768,1.52169,-0.0573858,0.407142,1.50772,-0.229918,0.119998,7,10,0.100099,0.0817251,-0.239254,2.19903,0,2.62165
2.64141,0.310078,1.52154,-0.0604071,0,0,0,0,7,10,0,0,0,0,0,traj_sz=100
2.64149,0.310078,1.52154,-0.0604071,0.407142,1.50772,-0.229918,0.119998,7,10,0.0977214,0.0818575,-0.236256,2.19663,0,2.64149
2.66149,0.310899,1.52162,-0.0624443,0,0,0,0,7,10,0,0,0,0,0,traj_sz=100
2.66156,0.310899,1.52162,-0.0624443,0.407142,1.50772,-0.229918,0.119998,7,10,0.0969227,0.0836071,-0.236144,2.19582,0,2.66156
2.68162,0.311747,1.52159,-0.0638751,0,0,0,0,7,10,0,0,0,0,0,traj_sz=100
2.68185,0.311747,1.52159,-0.0638751,0.407142,1.50772,-0.229918,0.119998,7,10,0.0960861,0.0853487,-0.235213,2.19497,0,2.68185
2.70149,0.313638,1.52164,-0.0664309,0,0,0,0,7,10,0,0,0,0,0,traj_sz=100
2.7016,0.313638,1.52164,-0.0664309,0.407142,1.50772,-0.229918,0.119998,7,10,0.0942219,0.0859917,-0.235139,2.19309,0,2.7016
2.72142,0.314443,1.52171,-0.0671589,0,0,0,0,7,10,0,0,0,0,0,traj_sz=100
2.72151,0.314443,1.52171,-0.0671589,0.407142,1.50772,-0.229918,0.119998,7,10,0.0934287,0.0877386,-0.236124,2.19229,0,2.72151
2.74145,0.316561,1.52149,-0.0704352,0,0,0,0,7,10,0,0,0,0,0,traj_sz=100
2.74167,0.316561,1.52149,-0.0704352,0.407142,1.50772,-0.229918,0.119998,8,10,0.0913258,0.0881845,-0.285096,2.19016,0,2.74167
2.76153,0.319353,1.52108,-0.0721691,0,0,0,0,8,10,0,0,0,0,0,traj_sz=100
2.76164,0.319353,1.52108,-0.0721691,0.407142,1.50772,-0.229918,0.119998,8,10,0.0885236,0.0879215,-0.281518,2.18735,0,2.76164
2.78166,0.320465,1.52107,-0.0729097,0,0,0,0,8,10,0,0,0,0,0,traj_sz=100
2.78177,0.320465,1.52107,-0.0729097,0.407142,1.50772,-0.229918,0.119998,8,10,0.0874187,0.089385,-0.282292,2.18624,0,2.78177
2.80151,0.322506,1.52113,-0.0762539,0,0,0,0,8,10,0,0,0,0,0,traj_sz=100
2.80179,0.322506,1.52113,-0.0762539,0.407142,1.50772,-0.229918,0.119998,8,10,0.0854117,0.0899054,-0.283242,2.18421,0,2.80179
2.82148,0.3235,1.52103,-0.0775004,0,0,0,0,8,10,0,0,0,0,0,traj_sz=100
2.82158,0.3235,1.52103,-0.0775004,0.407142,1.50772,-0.229918,0.119998,8,10,0.0844214,0.0914424,-0.282106,2.18321,0,2.82158
2.84158,0.325482,1.52114,-0.0822336,0,0,0,0,8,10,0,0,0,0,0,traj_sz=100
2.84175,0.325482,1.52114,-0.0822336,0.407142,1.50772,-0.229918,0.119998,8,10,0.0824867,0.0920538,-0.282426,2.18124,0,2.84175
2.86145,0.327549,1.52099,-0.08466,0,0,0,0,8,10,0,0,0,0,0,traj_sz=100
2.86157,0.327549,1.52099,-0.08466,0.407142,1.50772,-0.229918,0.119998,8,10,0.0804306,0.0925156,-0.28106,2.17917,0,2.86157
2.8815,0.329181,1.5211,-0.0899003,0,0,0,0,8,10,0,0,0,0,0,traj_sz=100
2.88159,0.329181,1.5211,-0.0899003,0.450007,1.49768,-0.311589,0.124492,8,11,0.12244,0.0934573,-0.280286,2.17755,0,2.88159
2.90164,0.331046,1.52097,-0.0912675,0,0,0,0,8,11,0,0,0,0,0,traj_sz=100
2.90183,0.331046,1.52097,-0.0912675,0.450007,1.49768,-0.311589,0.124492,8,11,0.120589,0.0941727,-0.279938,2.17568,0,2.90183
2.92152,0.33201,1.52096,-0.0938346,0,0,0,0,8,11,0,0,0,0,0,traj_sz=100
2.92161,0.33201,1.52096,-0.0938346,0.450007,1.49768,-0.311589,0.124492,8,11,0.119659,0.0957416,-0.278836,2.17472,0,2.92161
2.9415,0.335825,1.52052,-0.0991374,0,0,0,0,8,11,0,0,0,0,0,traj_sz=100
2.9416,0.335825,1.52052,-0.0991374,0.450007,1.49768,-0.311589,0.124492,8,11,0.115882,0.0945007,-0.273222,2.17088,0,2.9416
2.9615,0.336646,1.52054,-0.101734,0,0,0,0,8,11,0,0,0,0,0,traj_sz=100
2.96159,0.336646,1.52054,-0.101734,0.450007,1.49768,-0.311589,0.124492,8,11,0.115096,0.096374,-0.2723,2.17007,0,2.96159
2.98147,0.337702,1.52038,-0.10211,0,0,0,0,8,11,0,0,0,0,0,traj_sz=100
2.98162,0.337702,1.52038,-0.10211,0.450007,1.49768,-0.311589,0.124492,8,11,0.114034,0.0979989,-0.271156,2.169,0,2.98162
3.00158,0.339884,1.52041,-0.105929,0,0,0,0,8,11,0,0,0,0,0,traj_sz=100
3.00188,0.339884,1.52041,-0.105929,0.450007,1.49768,-0.311589,0.124492,8,11,0.11191,0.0985585,-0.271491,2.16683,0,3.00188
3.02164,0.341908,1.52036,-0.110891,0,0,0,0,8,11,0,0,0,0,0,traj_sz=100
3.02175,0.341908,1.52036,-0.110891,0.450007,1.49768,-0.311589,0.124492,8,11,0.109945,0.0992164,-0.269216,2.16481,0,3.02175
3.0415,0.345004,1.51984,-0.113523,0,0,0,0,8,11,0,0,0,0,0,traj_sz=100
3.04166,0.345004,1.51984,-0.113523,0.450007,1.49768,-0.311589,0.124492,8,11,0.106838,0.0987595,-0.26368,2.16168,0,3.04166
3.06158,0.346081,1.51995,-0.115867,0,0,0,0,8,11,0,0,0,0,0,traj_sz=100
3.06167,0.346081,1.51995,-0.115867,0.450007,1.49768,-0.311589,0.124492,8,11,0.105803,0.100395,-0.264728,2.16061,0,3.06167
3.08154,0.347216,1.51971,-0.117854,0,0,0,0,8,11,0,0,0,0,0,traj_sz=100
3.08161,0.347216,1.51971,-0.117854,0.450007,1.49768,-0.311589,0.124492,8,11,0.104669,0.101925,-0.261101,2.15946,0,3.08161
3.10147,0.349448,1.51968,-0.123426,0,0,0,0,8,11,0,0,0,0,0,traj_sz=100
3.10171,0.349448,1.51968,-0.123426,0.450007,1.49768,-0.311589,0.124492,9,11,0.102503,0.102406,-0.314606,2.15724,0,3.10171
3.12149,0.351331,1.51943,-0.123697,0,0,0,0,9,11,0,0,0,0,0,traj_sz=100
3.12164,0.351331,1.51943,-0.123697,0.450007,1.49768,-0.311589,0.124492,9,11,0.100605,0.103189,-0.315,2.15534,0,3.12164
3.14145,0.35463,1.51915,-0.131656,0,0,0,0,9,11,0,0,0,0,0,traj_sz=100
3.14154,0.35463,1.51915,-0.131656,0.450007,1.49768,-0.311589,0.124492,9,11,0.0973693,0.10256,-0.311443,2.15203,0,3.14154
3.16142,0.355656,1.51917,-0.133045,0,0,0,0,9,11,0,0,0,0,0,traj_sz=100
3.16171,0.355656,1.51917,-0.133045,0.450007,1.49768,-0.311589,0.124492,9,11,0.0963682,0.104251,-0.312993,2.15101,0,3.16171
3.18165,0.356822,1.51862,-0.13256,0,0,0,0,9,11,0,0,0,0,0,traj_sz=100
3.18177,0.356822,1.51862,-0.13256,0.450007,1.49768,-0.311589,0.124492,9,11,0.0951356,0.105728,-0.308044,2.1498,0,3.18177
3.20142,0.359202,1.51854,-0.136973,0,0,0,0,9,11,0,0,0,0,0,traj_sz=100
3.20152,0.359202,1.51854,-0.136973,0.450007,1.49768,-0.311589,0.124492,9,11,0.0928022,0.106014,-0.308424,2.14742,0,3.20152
3.2216,0.36037,1.51861,-0.140587,0,0,0,0,9,11,0,0,0,0,0,traj_sz=100
3.22176,0.36037,1.51861,-0.140587,0.450007,1.49768,-0.311589,0.124492,9,11,0.0916859,0.107591,-0.309023,2.14626,0,3.22176
3.24148,0.362649,1.51817,-0.143646,0,0,0,0,9,11,0,0,0,0,0,traj_sz=100
3.24163,0.362649,1.51817,-0.143646,0.450007,1.49768,-0.311589,0.124492,9,11,0.0893921,0.107943,-0.305165,2.14396,0,3.24163
3.26148,0.365936,1.51809,-0.152695,0,0,0,0,9,11,0,0,0,0,0,traj_sz=100
3.26175,0.365936,1.51809,-0.152695,0.450007,1.49768,-0.311589,0.124492,9,11,0.0861966,0.107382,-0.303499,2.14067,0,3.26175
3.28151,0.366956,1.51792,-0.15247,0,0,0,0,9,11,0,0,0,0,0,traj_sz=100
3.28165,0.366956,1.51792,-0.15247,0.450007,1.49768,-0.311589,0.124492,9,11,0.0851621,0.109025,-0.303655,2.13964,0,3.28165
3.3015,0.369096,1.5174,-0.154076,0,0,0,0,9,11,0,0,0,0,0,traj_sz=100
3.30161,0.369096,1.5174,-0.154076,0.450007,1.49768,-0.311589,0.124492,9,11,0.0829777,0.109514,-0.299443,2.13747,0,3.30161
3.3216,0.370326,1.5174,-0.15718,0,0,0,0,9,11,0,0,0,0,0,traj_sz=100
3.3219,0.370326,1.5174,-0.15718,0.450007,1.49768,-0.311589,0.124492,9,11,0.0817858,0.111046,-0.299598,2.13624,0,3.3219
3.34137,0.374814,1.51691,-0.167888,0,0,0,0,9,11,0,0,0,0,0,traj_sz=100
3.34148,0.374814,1.51691,-0.167888,0.450007,1.49768,-0.311589,0.124492,9,11,0.0773489,0.109206,-0.293313,2.13173,0,3.34148
3.36137,0.375987,1.51672,-0.168978,0,0,0,0,9,11,0,0,0,0,0,traj_sz=100
3.36143,0.375987,1.51672,-0.168978,0.450007,1.49768,-0.311589,0.124492,9,11,0.0761681,0.11073,-0.292329,2.13055,0,3.36143
3.38163,0.377248,1.51628,-0.16863,0,0,0,0,9,11,0,0,0,0,0,traj_sz=100
3.38178,0.377248,1.51628,-0.16863,0.450007,1.49768,-0.311589,0.124492,9,11,0.0748492,0.112175,-0.2891,2.12925,0,3.38178
3.40147,0.379733,1.51606,-0.174319,0,0,0,0,9,11,0,0,0,0,0,traj_sz=100
3.40158,0.379733,1.51606,-0.174319,0.450007,1.49768,-0.311589,0.124492,9,11,0.0723964,0.112376,-0.286512,2.12676,0,3.40158
3.42154,0.381015,1.51618,-0.178016,0,0,0,0,9,11,0,0,0,0,0,traj_sz=100
3.4218,0.381015,1.51618,-0.178016,0.450007,1.49768,-0.311589,0.124492,9,11,0.0711782,0.113878,-0.28807,2.12549,0,3.4218
3.4414,0.386198,1.51502,-0.186868,0,0,0,0,9,11,0,0,0,0,0,traj_sz=100
3.44157,0.386198,1.51502,-0.186868,0.450007,1.49768,-0.311589,0.124492,9,11,0.06592,0.111257,-0.275115,2.12023,0,3.44157
3.46148,0.387575,1.51479,-0.18766,0,0,0,0,9,11,0,0,0,0,0,traj_sz=100
3.46165,0.387575,1.51479,-0.18766,0.450007,1.49768,-0.311589,0.124492,9,11,0.0645285,0.112592,-0.274248,2.11884,0,3.46165
3.48163,0.389084,1.51486,-0.192338,0,0,0,0,9,11,0,0,0,0,0,traj_sz=100
3.48202,0.389084,1.51486,-0.192338,0.450007,1.49768,-0.311589,0.124492,10,11,0.0630841,0.113859,-0.33268,2.11734,0,3.48202
3.50163,0.391618,1.5143,-0.196681,0,0,0,0,10,11,0,0,0,0,0,traj_sz=100
3.50175,0.391618,1.5143,-0.196681,0.450007,1.49768,-0.311589,0.124492,10,11,0.0605106,0.113974,-0.3292,2.11477,0,3.50175
3.52155,0.392927,1.51418,-0.19947,0,0,0,0,10,11,0,0,0,0,0,traj_sz=100
3.52169,0.392927,1.51418,-0.19947,0.49348,1.48368,-0.399163,0.12563,10,12,0.104603,0.115374,-0.329463,2.11346,0,3.52169
3.54156,0.398513,1.51311,-0.209706,0,0,0,0,10,12,0,0,0,0,0,traj_sz=100
3.54171,0.398513,1.51311,-0.209706,0.49348,1.48368,-0.399163,0.12563,10,12,0.0990136,0.112406,-0.323682,2.10781,0,3.54171
3.56157,0.398513,1.51311,-0.209706,0,0,0,0,10,12,0,0,0,0,0,traj_sz=100
3.56169,0.398513,1.51311,-0.209706,0.49348,1.48368,-0.399163,0.12563,10,12,0.0990136,0.115121,-0.323682,2.10781,0,3.56169
3.5815,0.400945,1.51254,-0.213226,0,0,0,0,10,12,0,0,0,0,0,traj_sz=100
3.58164,0.400945,1.51254,-0.213226,0.49348,1.48368,-0.399163,0.12563,10,12,0.0965476,0.115326,-0.32053,2.10534,0,3.58164
3.60155,0.403729,1.51205,-0.217946,0,0,0,0,10,12,0,0,0,0,0,traj_sz=100
3.60164,0.403729,1.51205,-0.217946,0.49348,1.48368,-0.399163,0.12563,10,12,0.0937611,0.115217,-0.31857,2.10252,0,3.60164
3.62157,0.404825,1.51178,-0.219638,0,0,0,0,10,12,0,0,0,0,0,traj_sz=100
3.62165,0.404825,1.51178,-0.219638,0.49348,1.48368,-0.399163,0.12563,10,12,0.092647,0.116803,-0.316879,2.10141,0,3.62165
3.64156,0.407438,1.51135,-0.224514,0,0,0,0,10,12,0,0,0,0,0,traj_sz=100
3.6418,0.407438,1.51135,-0.224514,0.49348,1.48368,-0.399163,0.12563,10,12,0.0900436,0.116887,-0.315203,2.09877,0,3.6418
3.66145,0.410939,1.51051,-0.230018,0,0,0,0,10,12,0,0,0,0,0,traj_sz=100
3.66152,0.410939,1.51051,-0.230018,0.49348,1.48368,-0.399163,0.12563,10,12,0.0864833,0.115963,-0.309839,2.09522,0,3.66152
3.68148,0.412242,1.51023,-0.23194,0,0,0,0,10,12,0,0,0,0,0,traj_sz=100
3.68155,0.412242,1.51023,-0.23194,0.49348,1.48368,-0.399163,0.12563,10,12,0.0851661,0.117315,-0.308545,2.0939,0,3.68155
3.70152,0.415104,1.51,-0.239392,0,0,0,0,10,12,0,0,0,0,0,traj_sz=100
3.70165,0.415104,1.51,-0.239392,0.49348,1.48368,-0.399163,0.12563,10,12,0.0823815,0.11715,-0.308236,2.09103,0,3.70165
3.72146,0.416323,1.50934,-0.240087,0,0,0,0,10,12,0,0,0,0,0,traj_sz=100
3.72157,0.416323,1.50934,-0.240087,0.49348,1.48368,-0.399163,0.12563,10,12,0.0810455,0.118462,-0.302144,2.08976,0,3.72157
3.74142,0.4213,1.50837,-0.248784,0,0,0,0,10,12,0,0,0,0,0,traj_sz=100
3.74149,0.4213,1.50837,-0.248784,0.49348,1.48368,-0.399163,0.12563,10,12,0.0760376,0.11605,-0.297209,2.08472,0,3.74149
3.76147,0.422683,1.50846,-0.255065,0,0,0,0,10,12,0,0,0,0,0,traj_sz=100
3.76153,0.422683,1.50846,-0.255065,0.49348,1.48368,-0.399163,0.12563,10,12,0.0747591,0.117401,-0.297573,2.08335,0,3.76153
3.78151,0.423859,1.50778,-0.25335,0,0,0,0,10,12,0,0,0,0,0,traj_sz=100
3.78162,0.423859,1.50778,-0.25335,0.49348,1.48368,-0.399163,0.12563,10,12,0.0734384,0.118764,-0.293163,2.08213,0,3.78162
3.80147,0.426647,1.50728,-0.25979,0,0,0,0,10,12,0,0,0,0,0,traj_sz=100
3.80166,0.426647,1.50728,-0.25979,0.49348,1.48368,-0.399163,0.12563,10,12,0.070654,0.118609,-0.289674,2.07931,0,3.80166
3.82168,0.427813,1.50713,-0.264158,0,0,0,0,10,12,0,0,0,0,0,traj_sz=100
3.82182,0.427813,1.50713,-0.264158,0.49348,1.48368,-0.399163,0.12563,10,12,0.069513,0.120129,-0.287551,2.07814,0,3.82182
3.84151,0.432806,1.50609,-0.27197,0,0,0,0,10,12,0,0,0,0,0,traj_sz=100
3.84167,0.432806,1.50609,-0.27197,0.49348,1.48368,-0.399163,0.12563,11,12,0.0644641,0.117674,-0.343041,2.07308,0,3.84167
3.86155,0.432806,1.50609,-0.27197,0,0,0,0,11,12,0,0,0,0,0,traj_sz=100
3.86171,0.432806,1.50609,-0.27197,0.49348,1.48368,-0.399163,0.12563,11,12,0.0644641,0.120346,-0.343041,2.07308,0,3.86171
3.88144,0.435377,1.50544,-0.278326,0,0,0,0,11,12,0,0,0,0,0,traj_sz=100
3.88154,0.435377,1.50544,-0.278326,0.535947,1.46577,-0.489233,0.124873,11,13,0.107599,0.120336,-0.339869,2.07047,0,3.88154
3.90139,0.438261,1.50476,-0.283556,0,0,0,0,11,13,0,0,0,0,0,traj_sz=100
3.9015,0.438261,1.50476,-0.283556,0.535947,1.46577,-0.489233,0.124873,11,13,0.104693,0.120033,-0.338678,2.06754,0,3.9015
3.92141,0.440748,1.50409,-0.289433,0,0,0,0,11,13,0,0,0,0,0,traj_sz=100
3.92148,0.440748,1.50409,-0.289433,0.535947,1.46577,-0.489233,0.124873,11,13,0.102178,0.120118,-0.335338,2.06501,0,3.92148
3.94137,0.444431,1.50304,-0.295696,0,0,0,0,11,13,0,0,0,0,0,traj_sz=100
3.94146,0.444431,1.50304,-0.295696,0.535947,1.46577,-0.489233,0.124873,11,13,0.0984056,0.118944,-0.331615,2.06126,0,3.94146
3.96149,0.445677,1.5031,-0.300391,0,0,0,0,11,13,0,0,0,0,0,traj_sz=100
3.96163,0.445677,1.5031,-0.300391,0.535947,1.46577,-0.489233,0.124873,11,13,0.0972734,0.120449,-0.333939,2.06002,0,3.96163
3.98144,0.447057,1.5024,-0.301173,0,0,0,0,11,13,0,0,0,0,0,traj_sz=100
3.98153,0.447057,1.5024,-0.301173,0.535947,1.46577,-0.489233,0.124873,11,13,0.0957556,0.121571,-0.329607,2.05859,0,3.98153
4.00138,0.449726,1.50163,-0.303912,0,0,0,0,11,13,0,0,0,0,0,traj_sz=100
4.00149,0.449726,1.50163,-0.303912,0.535947,1.46577,-0.489233,0.124873,11,13,0.0930011,0.121446,-0.32839,2.05587,0,4.00149
4.02154,0.451124,1.50167,-0.30909,0,0,0,0,11,13,0,0,0,0,0,traj_sz=100
4.02171,0.451124,1.50167,-0.30909,0.535947,1.46577,-0.489233,0.124873,11,13,0.0917231,0.122808,-0.330736,2.05448,0,4.02171
4.04151,0.456343,1.49989,-0.32008,0,0,0,0,11,13,0,0,0,0,0,traj_sz=100
4.0416,0.456343,1.49989,-0.32008,0.535947,1.46577,-0.489233,0.124873,11,13,0.0862969,0.119913,-0.319461,2.04915,0,4.0416
4.06137,0.457709,1.4993,-0.320318,0,0,0,0,11,13,0,0,0,0,0,traj_sz=100
4.06146,0.457709,1.4993,-0.320318,0.535947,1.46577,-0.489233,0.124873,11,13,0.0848158,0.120983,-0.317098,2.04774,0,4.06146
4.08147,0.459214,1.4994,-0.326184,0,0,0,0,11,13,0,0,0,0,0,traj_sz=100
4.08155,0.459214,1.4994,-0.326184,0.535947,1.46577,-0.489233,0.124873,11,13,0.0834648,0.122173,-0.320219,2.04625,0,4.08155
4.10162,0.461823,1.49858,-0.333686,0,0,0,0,11,13,0,0,0,0,0,traj_sz=100
4.10176,0.461823,1.49858,-0.333686,0.535947,1.46577,-0.489233,0.124873,11,13,0.0807818,0.122035,-0.313684,2.04359,0,4.10176
4.12147,0.463004,1.49779,-0.330742,0,0,0,0,11,13,0,0,0,0,0,traj_sz=100
4.12167,0.463004,1.49779,-0.330742,0.535947,1.46577,-0.489233,0.124873,11,13,0.0793864,0.12322,-0.31044,2.04235,0,4.12167
4.14136,0.468783,1.49617,-0.341948,0,0,0,0,11,13,0,0,0,0,0,traj_sz=100
4.14145,0.468783,1.49617,-0.341948,0.535947,1.46577,-0.489233,0.124873,11,13,0.0734694,0.119777,-0.303852,2.03647,0,4.14145
4.16145,0.470166,1.49595,-0.349013,0,0,0,0,11,13,0,0,0,0,0,traj_sz=100
4.16155,0.470166,1.49595,-0.349013,0.535947,1.46577,-0.489233,0.124873,11,13,0.0721348,0.120982,-0.300678,2.03507,0,4.16155
4.18155,0.471378,1.49525,-0.351159,0,0,0,0,11,13,0,0,0,0,0,traj_sz=100
4.18174,0.471378,1.49525,-0.351159,0.535947,1.46577,-0.489233,0.124873,11,13,0.0707711,0.122202,-0.294423,2.03382,0,4.18174
4.20154,0.474039,1.49422,-0.35447,0,0,0,0,11,13,0,0,0,0,0,traj_sz=100
4.20175,0.474039,1.49422,-0.35447,0.535947,1.46577,-0.489233,0.124873,12,13,0.0679354,0.121917,-0.345628,2.03109,0,4.20175
4.22153,0.475393,1.49374,-0.355733,0,0,0,0,12,13,0,0,0,0,0,traj_sz=100
4.22172,0.475393,1.49374,-0.355733,0.535947,1.46577,-0.489233,0.124873,12,13,0.0665033,0.123049,-0.345673,2.0297,0,4.22172
4.24143,0.480618,1.49186,-0.366255,0,0,0,0,12,13,0,0,0,0,0,traj_sz=100
4.2415,0.480618,1.49186,-0.366255,0.576385,1.44424,-0.579372,0.122757,12,14,0.10647,0.120041,-0.340751,2.02436,0,4.2415
4.26152,0.482292,1.49171,-0.371587,0,0,0,0,12,14,0,0,0,0,0,traj_sz=100
4.26162,0.482292,1.49171,-0.371587,0.576385,1.44424,-0.579372,0.122757,12,14,0.104909,0.121007,-0.343648,2.02268,0,4.26162
4.2817,0.483709,1.49092,-0.372549,0,0,0,0,12,14,0,0,0,0,0,traj_sz=100
4.28184,0.483709,1.49092,-0.372549,0.576385,1.44424,-0.579372,0.122757,12,14,0.103309,0.121995,-0.340048,2.02121,0,4.28184
4.30139,0.486411,1.49029,-0.382474,0,0,0,0,12,14,0,0,0,0,0,traj_sz=100
4.30148,0.486411,1.49029,-0.382474,0.576385,1.44424,-0.579372,0.122757,12,14,0.100661,0.121773,-0.338229,2.01847,0,4.30148
4.32142,0.487499,1.4897,-0.38487,0,0,0,0,12,14,0,0,0,0,0,traj_sz=100
4.3215,0.487499,1.4897,-0.38487,0.576385,1.44424,-0.579372,0.122757,12,14,0.0994513,0.123112,-0.334202,2.01734,0,4.3215
4.34147,0.490466,1.48857,-0.389129,0,0,0,0,12,14,0,0,0,0,0,traj_sz=100
4.34165,0.490466,1.48857,-0.389129,0.576385,1.44424,-0.579372,0.122757,12,14,0.0963138,0.122519,-0.332062,2.01431,0,4.34165
4.36151,0.494485,1.4872,-0.397311,0,0,0,0,12,14,0,0,0,0,0,traj_sz=100
4.36167,0.494485,1.4872,-0.397311,0.576385,1.44424,-0.579372,0.122757,12,14,0.0921448,0.120849,-0.329229,2.0102,0,4.36167
4.38147,0.495739,1.48652,-0.399469,0,0,0,0,12,14,0,0,0,0,0,traj_sz=100
4.38172,0.495739,1.48652,-0.399469,0.576385,1.44424,-0.579372,0.122757,12,14,0.0907406,0.121992,-0.325159,2.00891,0,4.38172
4.40143,0.498223,1.48581,-0.405888,0,0,0,0,12,14,0,0,0,0,0,traj_sz=100
4.40152,0.498223,1.48581,-0.405888,0.576385,1.44424,-0.579372,0.122757,12,14,0.0882232,0.121967,-0.324015,2.00638,0,4.40152
4.42149,0.499496,1.48512,-0.408497,0,0,0,0,12,14,0,0,0,0,0,traj_sz=100
4.42157,0.499496,1.48512,-0.408497,0.576385,1.44424,-0.579372,0.122757,12,14,0.0867997,0.123026,-0.319535,2.00506,0,4.42157
4.44142,0.50204,1.48445,-0.415937,0,0,0,0,12,14,0,0,0,0,0,traj_sz=100
4.44159,0.50204,1.48445,-0.415937,0.576385,1.44424,-0.579372,0.122757,12,14,0.0842548,0.122918,-0.318523,2.00248,0,4.44159
4.46151,0.505775,1.48265,-0.421404,0,0,0,0,12,14,0,0,0,0,0,traj_sz=100
4.46169,0.505775,1.48265,-0.421404,0.576385,1.44424,-0.579372,0.122757,12,14,0.0801444,0.121268,-0.310472,1.99863,0,4.46169
4.48138,0.50706,1.48217,-0.42246,0,0,0,0,12,14,0,0,0,0,0,traj_sz=100
4.48148,0.50706,1.48217,-0.42246,0.576385,1.44424,-0.579372,0.122757,12,14,0.0787817,0.122372,-0.310334,1.99732,0,4.48148
4.50145,0.509541,1.48115,-0.429117,0,0,0,0,12,14,0,0,0,0,0,traj_sz=100
4.50163,0.509541,1.48115,-0.429117,0.576385,1.44424,-0.579372,0.122757,12,14,0.0761419,0.122197,-0.304774,1.99478,0,4.50163
4.52138,0.510857,1.48065,-0.432426,0,0,0,0,12,14,0,0,0,0,0,traj_sz=100
4.52152,0.510857,1.48065,-0.432426,0.576385,1.44424,-0.579372,0.122757,12,14,0.0747537,0.123268,-0.302474,1.99343,0,4.52152
4.54139,0.513393,1.47946,-0.436108,0,0,0,0,12,14,0,0,0,0,0,traj_sz=100
4.54149,0.513393,1.47946,-0.436108,0.576385,1.44424,-0.579372,0.122757,12,14,0.0719752,0.122958,-0.29759,1.99082,0,4.54149
4.56148,0.516082,1.47838,-0.441711,0,0,0,0,12,14,0,0,0,0,0,traj_sz=100
4.5616,0.516082,1.47838,-0.441711,0.576385,1.44424,-0.579372,0.122757,12,14,0.069109,0.122564,-0.293221,1.98807,0,4.5616
4.58144,0.518495,1.47725,-0.446402,0,0,0,0,12,14,0,0,0,0,0,traj_sz=100
4.58152,0.518495,1.47725,-0.446402,0.576385,1.44424,-0.579372,0.122757,13,14,0.0664666,0.122377,-0.343844,1.98559,0,4.58152
4.60164,0.521186,1.47595,-0.448277,0,0,0,0,13,14,0,0,0,0,0,traj_sz=100
4.60179,0.521186,1.47595,-0.448277,0.576385,1.44424,-0.579372,0.122757,13,14,0.0634868,0.121909,-0.343927,1.98282,0,4.60179
4.62152,0.522619,1.4754,-0.451759,0,0,0,0,13,14,0,0,0,0,0,traj_sz=100
4.62164,0.522619,1.4754,-0.451759,0.614071,1.41958,-0.667659,0.119776,13,15,0.106647,0.122852,-0.343701,1.98135,0,4.62164
4.64142,0.525248,1.47411,-0.456361,0,0,0,0,13,15,0,0,0,0,0,traj_sz=100
4.64163,0.525248,1.47411,-0.456361,0.614071,1.41958,-0.667659,0.119776,13,15,0.103765,0.122405,-0.341003,1.97865,0,4.64163
4.6614,0.52928,1.47207,-0.463668,0,0,0,0,13,15,0,0,0,0,0,traj_sz=100
4.66153,0.52928,1.47207,-0.463668,0.614071,1.41958,-0.667659,0.119776,13,15,0.0993154,0.120361,-0.335855,1.9745,0,4.66153
4.68146,0.530692,1.47153,-0.467355,0,0,0,0,13,15,0,0,0,0,0,traj_sz=100
4.68156,0.530692,1.47153,-0.467355,0.614071,1.41958,-0.667659,0.119776,13,15,0.0978418,0.121343,-0.335277,1.97305,0,4.68156
4.7015,0.53341,1.4704,-0.474742,0,0,0,0,13,15,0,0,0,0,0,traj_sz=100
4.7016,0.53341,1.4704,-0.474742,0.614071,1.41958,-0.667659,0.119776,13,15,0.0949731,0.120898,-0.332885,1.97027,0,4.7016
4.72158,0.534669,1.46974,-0.477289,0,0,0,0,13,15,0,0,0,0,0,traj_sz=100
4.72168,0.534669,1.46974,-0.477289,0.614071,1.41958,-0.667659,0.119776,13,15,0.0935719,0.121967,-0.33072,1.96898,0,4.72168
4.74152,0.539923,1.46741,-0.488656,0,0,0,0,13,15,0,0,0,0,0,traj_sz=100
4.74162,0.539923,1.46741,-0.488656,0.614071,1.41958,-0.667659,0.119776,13,15,0.0879226,0.118701,-0.326625,1.96359,0,4.74162
4.76152,0.541099,1.4668,-0.49159,0,0,0,0,13,15,0,0,0,0,0,traj_sz=100
4.7617,0.541099,1.4668,-0.49159,0.614071,1.41958,-0.667659,0.119776,13,15,0.0866187,0.119864,-0.324171,1.96238,0,4.7617
4.78158,0.542275,1.46612,-0.494294,0,0,0,0,13,15,0,0,0,0,0,traj_sz=100
4.78168,0.542275,1.46612,-0.494294,0.614071,1.41958,-0.667659,0.119776,13,15,0.0852812,0.120934,-0.321049,1.96117,0,4.78168
4.80146,0.544893,1.46494,-0.50062,0,0,0,0,13,15,0,0,0,0,0,traj_sz=100
4.80154,0.544893,1.46494,-0.50062,0.614071,1.41958,-0.667659,0.119776,13,15,0.0824601,0.120453,-0.318199,1.95848,0,4.80154
4.82149,0.546075,1.46409,-0.501014,0,0,0,0,13,15,0,0,0,0,0,traj_sz=100
4.82164,0.546075,1.46409,-0.501014,0.614071,1.41958,-0.667659,0.119776,13,15,0.0810193,0.12142,-0.314962,1.95725,0,4.82164
4.84154,0.55086,1.46165,-0.511624,0,0,0,0,13,15,0,0,0,0,0,traj_sz=100
4.84163,0.55086,1.46165,-0.511624,0.614071,1.41958,-0.667659,0.119776,13,15,0.0757158,0.118449,-0.306846,1.95234,0,4.84163
4.86146,0.552364,1.46146,-0.517163,0,0,0,0,13,15,0,0,0,0,0,traj_sz=100
4.86161,0.552364,1.46146,-0.517163,0.614071,1.41958,-0.667659,0.119776,13,15,0.0743416,0.119437,-0.309847,1.95082,0,4.86161
4.88152,0.553421,1.46036,-0.51616,0,0,0,0,13,15,0,0,0,0,0,traj_sz=100
4.88161,0.553421,1.46036,-0.51616,0.614071,1.41958,-0.667659,0.119776,13,15,0.072876,0.120379,-0.303696,1.94971,0,4.88161
4.90151,0.556199,1.45922,-0.524116,0,0,0,0,13,15,0,0,0,0,0,traj_sz=100
4.90161,0.556199,1.45922,-0.524116,0.614071,1.41958,-0.667659,0.119776,13,15,0.0699433,0.119801,-0.301057,1.94687,0,4.90161
4.92141,0.558485,1.4578,-0.528938,0,0,0,0,13,15,0,0,0,0,0,traj_sz=100
4.92154,0.558485,1.4578,-0.528938,0.614071,1.41958,-0.667659,0.119776,14,15,0.0672765,0.119501,-0.345377,1.94451,0,4.92154
4.94147,0.562321,1.45585,-0.535445,0,0,0,0,14,15,0,0,0,0,0,traj_sz=100
4.94154,0.562321,1.45585,-0.535445,0.614071,1.41958,-0.667659,0.119776,14,15,0.0630117,0.117603,-0.346521,1.94057,0,4.94154
4.96151,0.563585,1.45521,-0.538559,0,0,0,0,14,15,0,0,0,0,0,traj_sz=100
4.9617,0.563585,1.45521,-0.538559,0.614071,1.41958,-0.667659,0.119776,14,15,0.0616156,0.118607,-0.346124,1.93927,0,4.9617
4.98167,0.564765,1.45449,-0.541584,0,0,0,0,14,15,0,0,0,0,0,traj_sz=100
4.98181,0.564765,1.45449,-0.541584,0.648578,1.39238,-0.752715,0.116427,14,16,0.103835,0.119636,-0.343994,1.93805,0,4.98181
5.00142,0.566985,1.45328,-0.547809,0,0,0,0,14,16,0,0,0,0,0,traj_sz=100
5.00152,0.566985,1.45328,-0.547809,0.648578,1.39238,-0.752715,0.116427,14,16,0.10137,0.119473,-0.341444,1.93577,0,5.00152
5.02153,0.568325,1.453,-0.553771,0,0,0,0,14,16,0,0,0,0,0,traj_sz=100
5.02163,0.568325,1.453,-0.553771,0.648578,1.39238,-0.752715,0.116427,14,16,0.10014,0.120595,-0.343604,1.93442,0,5.02163
5.04147,0.572792,1.4501,-0.560769,0,0,0,0,14,16,0,0,0,0,0,traj_sz=100
5.04157,0.572792,1.4501,-0.560769,0.648578,1.39238,-0.752715,0.116427,14,16,0.0948757,0.117658,-0.337559,1.92981,0,5.04157
5.06157,0.573836,1.44946,-0.563072,0,0,0,0,14,16,0,0,0,0,0,traj_sz=100
5.06166,0.573836,1.44946,-0.563072,0.648578,1.39238,-0.752715,0.116427,14,16,0.09367,0.118839,-0.336016,1.92873,0,5.06166
5.08151,0.575011,1.44889,-0.566664,0,0,0,0,14,16,0,0,0,0,0,traj_sz=100
5.08174,0.575011,1.44889,-0.566664,0.648578,1.39238,-0.752715,0.116427,14,16,0.0924063,0.119946,-0.335358,1.92753,0,5.08174
5.10158,0.577425,1.4473,-0.569472,0,0,0,0,14,16,0,0,0,0,0,traj_sz=100
5.10166,0.577425,1.4473,-0.569472,0.648578,1.39238,-0.752715,0.116427,14,16,0.0895364,0.119439,-0.332644,1.92504,0,5.10166
5.12163,0.578778,1.44666,-0.572912,0,0,0,0,14,16,0,0,0,0,0,traj_sz=100
5.12188,0.578778,1.44666,-0.572912,0.648578,1.39238,-0.752715,0.116427,14,16,0.0880802,0.120357,-0.332676,1.92365,0,5.12188
5.14153,0.581188,1.44531,-0.580259,0,0,0,0,14,16,0,0,0,0,0,traj_sz=100
5.14171,0.581188,1.44531,-0.580259,0.648578,1.39238,-0.752715,0.116427,14,16,0.0853775,0.11996,-0.328852,1.92118,0,5.14171
5.16151,0.584672,1.44306,-0.587057,0,0,0,0,14,16,0,0,0,0,0,traj_sz=100
5.16162,0.584672,1.44306,-0.587057,0.648578,1.39238,-0.752715,0.116427,14,16,0.0812792,0.118115,-0.323114,1.91759,0,5.16162
5.18159,0.585872,1.44239,-0.590268,0,0,0,0,14,16,0,0,0,0,0,traj_sz=100
5.18183,0.585872,1.44239,-0.590268,0.648578,1.39238,-0.752715,0.116427,14,16,0.0799284,0.119071,-0.321626,1.91636,0,5.18183
5.20145,0.588209,1.4412,-0.597735,0,0,0,0,14,16,0,0,0,0,0,traj_sz=100
5.20154,0.588209,1.4412,-0.597735,0.648578,1.39238,-0.752715,0.116427,14,16,0.077375,0.118752,-0.319182,1.91396,0,5.20154
5.22158,0.589375,1.44021,-0.597838,0,0,0,0,14,16,0,0,0,0,0,traj_sz=100
5.22168,0.589375,1.44021,-0.597838,0.648578,1.39238,-0.752715,0.116427,14,16,0.0758546,0.119558,-0.316234,1.91275,0,5.22168
5.24152,0.591868,1.43874,-0.603485,0,0,0,0,14,16,0,0,0,0,0,traj_sz=100
5.24168,0.591868,1.43874,-0.603485,0.648578,1.39238,-0.752715,0.116427,14,16,0.0730004,0.118979,-0.313157,1.91019,0,5.24168
5.26157,0.595149,1.43665,-0.611893,0,0,0,0,14,16,0,0,0,0,0,traj_sz=100
5.26165,0.595149,1.43665,-0.611893,0.648578,1.39238,-0.752715,0.116427,14,16,0.0691663,0.117406,-0.306397,1.90682,0,5.26165
5.28157,0.596316,1.43577,-0.612691,0,0,0,0,14,16,0,0,0,0,0,traj_sz=100
5.28166,0.596316,1.43577,-0.612691,0.648578,1.39238,-0.752715,0.116427,14,16,0.0677092,0.118256,-0.304184,1.90562,0,5.28166
5.3015,0.598625,1.43483,-0.622749,0,0,0,0,14,16,0,0,0,0,0,traj_sz=100
5.30191,0.598625,1.43483,-0.622749,0.648578,1.39238,-0.752715,0.116427,15,16,0.0653364,0.11814,-0.3491,1.90327,0,5.30191
5.32159,0.599538,1.43376,-0.62225,0,0,0,0,15,16,0,0,0,0,0,traj_sz=100
5.32177,0.599538,1.43376,-0.62225,0.648578,1.39238,-0.752715,0.116427,15,16,0.0639688,0.119097,-0.347625,1.90231,0,5.32177
5.34158,0.601926,1.43219,-0.625922,0,0,0,0,15,16,0,0,0,0,0,traj_sz=100
5.34171,0.601926,1.43219,-0.625922,0.648578,1.39238,-0.752715,0.116427,15,16,0.0611293,0.118543,-0.347942,1.89985,0,5.34171
5.36156,0.605456,1.43,-0.634906,0,0,0,0,15,16,0,0,0,0,0,traj_sz=100
5.36166,0.605456,1.43,-0.634906,0.679752,1.36318,-0.833727,0.11315,15,17,0.0994505,0.116707,-0.346918,1.89623,0,5.36166
5.38153,0.606535,1.42933,-0.639335,0,0,0,0,15,17,0,0,0,0,0,traj_sz=100
5.38165,0.606535,1.42933,-0.639335,0.679752,1.36318,-0.833727,0.11315,15,17,0.0982275,0.117749,-0.345048,1.89513,0,5.38165
5.40152,0.608603,1.42779,-0.643163,0,0,0,0,15,17,0,0,0,0,0,traj_sz=100
5.40169,0.608603,1.42779,-0.643163,0.679752,1.36318,-0.833727,0.11315,15,17,0.0956831,0.117481,-0.342651,1.893,0,5.40169
5.42147,0.609804,1.42717,-0.646186,0,0,0,0,15,17,0,0,0,0,0,traj_sz=100
5.42158,0.609804,1.42717,-0.646186,0.679752,1.36318,-0.833727,0.11315,15,17,0.094374,0.118441,-0.343716,1.89177,0,5.42158
5.44146,0.614031,1.42428,-0.656549,0,0,0,0,15,17,0,0,0,0,0,traj_sz=100
5.44153,0.614031,1.42428,-0.656549,0.679752,1.36318,-0.833727,0.11315,15,17,0.0893516,0.11563,-0.339631,1.88743,0,5.44153
5.46145,0.614968,1.42342,-0.657964,0,0,0,0,15,17,0,0,0,0,0,traj_sz=100
5.46154,0.614968,1.42342,-0.657964,0.679752,1.36318,-0.833727,0.11315,15,17,0.0880956,0.11667,-0.336935,1.88646,0,5.46154
5.48155,0.616014,1.42265,-0.65973,0,0,0,0,15,17,0,0,0,0,0,traj_sz=100
5.48169,0.616014,1.42265,-0.65973,0.679752,1.36318,-0.833727,0.11315,15,17,0.0868135,0.117693,-0.336041,1.88539,0,5.48169
5.50155,0.618271,1.42113,-0.665245,0,0,0,0,15,17,0,0,0,0,0,traj_sz=100
5.50174,0.618271,1.42113,-0.665245,0.679752,1.36318,-0.833727,0.11315,15,17,0.084139,0.117283,-0.33408,1.88307,0,5.50174
5.52154,0.61927,1.42044,-0.668516,0,0,0,0,15,17,0,0,0,0,0,traj_sz=100
5.52164,0.61927,1.42044,-0.668516,0.679752,1.36318,-0.833727,0.11315,15,17,0.0829523,0.118299,-0.332287,1.88205,0,5.52164
5.54157,0.623633,1.41694,-0.676567,0,0,0,0,15,17,0,0,0,0,0,traj_sz=100
5.54168,0.623633,1.41694,-0.676567,0.679752,1.36318,-0.833727,0.11315,15,17,0.0774187,0.114941,-0.324369,1.87756,0,5.54168
5.56146,0.623633,1.41694,-0.676567,0,0,0,0,15,17,0,0,0,0,0,traj_sz=100
5.56164,0.623633,1.41694,-0.676567,0.679752,1.36318,-0.833727,0.11315,15,17,0.0774187,0.117167,-0.324369,1.87756,0,5.56164
5.58142,0.625905,1.41533,-0.682476,0,0,0,0,15,17,0,0,0,0,0,traj_sz=100
5.58152,0.625905,1.41533,-0.682476,0.679752,1.36318,-0.833727,0.11315,15,17,0.0746754,0.116602,-0.321136,1.87523,0,5.58152
5.60159,0.627909,1.41391,-0.689121,0,0,0,0,15,17,0,0,0,0,0,traj_sz=100
5.60169,0.627909,1.41391,-0.689121,0.679752,1.36318,-0.833727,0.11315,15,17,0.0722699,0.116406,-0.317075,1.87318,0,5.60169
5.62149,0.629037,1.41314,-0.692383,0,0,0,0,15,17,0,0,0,0,0,traj_sz=100
5.62164,0.629037,1.41314,-0.692383,0.679752,1.36318,-0.833727,0.11315,15,17,0.0709295,0.117273,-0.315545,1.87203,0,5.62164
5.64149,0.631081,1.41126,-0.694722,0,0,0,0,15,17,0,0,0,0,0,traj_sz=100
5.6417,0.631081,1.41126,-0.694722,0.679752,1.36318,-0.833727,0.11315,15,17,0.0681673,0.116729,-0.310235,1.86992,0,5.6417
5.66147,0.634272,1.40897,-0.705835,0,0,0,0,15,17,0,0,0,0,0,traj_sz=100
5.6616,0.634272,1.40897,-0.705835,0.679752,1.36318,-0.833727,0.11315,16,17,0.0643188,0.115042,-0.347553,1.86666,0,5.6616
5.68153,0.635296,1.40812,-0.707867,0,0,0,0,16,17,0,0,0,0,0,traj_sz=100
5.68164,0.635296,1.40812,-0.707867,0.679752,1.36318,-0.833727,0.11315,16,17,0.0629982,0.115947,-0.3469,1.86561,0,5.68164
5.70154,0.637433,1.4064,-0.712525,0,0,0,0,16,17,0,0,0,0,0,traj_sz=100
5.70164,0.637433,1.4064,-0.712525,0.679752,1.36318,-0.833727,0.11315,16,17,0.0602808,0.115435,-0.345816,1.86342,0,5.70164
5.7216,0.638382,1.40562,-0.715046,0,0,0,0,16,17,0,0,0,0,0,traj_sz=100
5.72176,0.638382,1.40562,-0.715046,0.679752,1.36318,-0.833727,0.11315,16,17,0.0590606,0.116445,-0.344653,1.86245,0,5.72176
5.74143,0.642299,1.40247,-0.726627,0,0,0,0,16,17,0,0,0,0,0,traj_sz=100
5.74156,0.642299,1.40247,-0.726627,0.707652,1.33244,-0.910381,0.110173,16,18,0.0953696,0.113629,-0.339932,1.85844,0,5.74156
5.76159,0.643341,1.40166,-0.730237,0,0,0,0,16,18,0,0,0,0,0,traj_sz=100
5.76169,0.643341,1.40166,-0.730237,0.707652,1.33244,-0.910381,0.110173,16,18,0.0940878,0.114561,-0.338552,1.85738,0,5.76169
5.78152,0.644329,1.40077,-0.731931,0,0,0,0,16,18,0,0,0,0,0,traj_sz=100
5.78169,0.644329,1.40077,-0.731931,0.707652,1.33244,-0.910381,0.110173,16,18,0.0927699,0.115454,-0.337379,1.85637,0,5.78169
5.8015,0.646389,1.39921,-0.737529,0,0,0,0,16,18,0,0,0,0,0,traj_sz=100
5.80159,0.646389,1.39921,-0.737529,0.707652,1.33244,-0.910381,0.110173,16,18,0.0902457,0.1151,-0.336435,1.85426,0,5.80159
5.8215,0.647294,1.39835,-0.739623,0,0,0,0,16,18,0,0,0,0,0,traj_sz=100
5.82161,0.647294,1.39835,-0.739623,0.707652,1.33244,-0.910381,0.110173,16,18,0.0890129,0.116078,-0.334388,1.85334,0,5.82161
5.8415,0.651409,1.39491,-0.750411,0,0,0,0,16,18,0,0,0,0,0,traj_sz=100
5.84158,0.651409,1.39491,-0.750411,0.707652,1.33244,-0.910381,0.110173,16,18,0.0837353,0.112939,-0.329154,1.84914,0,5.84158
5.86148,0.651409,1.39491,-0.750411,0,0,0,0,16,18,0,0,0,0,0,traj_sz=100
5.86159,0.651409,1.39491,-0.750411,0.707652,1.33244,-0.910381,0.110173,16,18,0.0837353,0.115163,-0.329154,1.84914,0,5.86159
5.88149,0.653415,1.39311,-0.755283,0,0,0,0,16,18,0,0,0,0,0,traj_sz=100
5.88171,0.653415,1.39311,-0.755283,0.707652,1.33244,-0.910381,0.110173,16,18,0.0810751,0.114668,-0.325628,1.84709,0,5.88171
5.90146,0.655422,1.39146,-0.760915,0,0,0,0,16,18,0,0,0,0,0,traj_sz=100
5.90163,0.655422,1.39146,-0.760915,0.707652,1.33244,-0.910381,0.110173,16,18,0.0785263,0.11424,-0.323142,1.84504,0,5.90163
5.92147,0.657413,1.3897,-0.765739,0,0,0,0,16,18,0,0,0,0,0,traj_sz=100
5.92158,0.657413,1.3897,-0.765739,0.707652,1.33244,-0.910381,0.110173,16,18,0.0758981,0.113744,-0.319881,1.84301,0,5.92158
5.94146,0.660518,1.38693,-0.772959,0,0,0,0,16,18,0,0,0,0,0,traj_sz=100
5.94156,0.660518,1.38693,-0.772959,0.707652,1.33244,-0.910381,0.110173,16,18,0.0717901,0.111756,-0.314965,1.83985,0,5.94156
5.96156,0.661498,1.38614,-0.777534,0,0,0,0,16,18,0,0,0,0,0,traj_sz=100
5.96165,0.661498,1.38614,-0.777534,0.707652,1.33244,-0.910381,0.110173,16,18,0.070563,0.112679,-0.312227,1.83886,0,5.96165
5.98152,0.662477,1.38516,-0.778439,0,0,0,0,16,18,0,0,0,0,0,traj_sz=100
5.98171,0.662477,1.38516,-0.778439,0.707652,1.33244,-0.910381,0.110173,16,18,0.0691831,0.113467,-0.310732,1.83786,0,5.98171
6.00155,0.664328,1.38321,-0.781819,0,0,0,0,16,18,0,0,0,0,0,traj_sz=100
6.00163,0.664328,1.38321,-0.781819,0.707652,1.33244,-0.910381,0.110173,16,18,0.0665133,0.112939,-0.3053,1.83597,0,6.00163
6.02158,0.665453,1.3824,-0.786008,0,0,0,0,16,18,0,0,0,0,0,traj_sz=100
6.02165,0.665453,1.3824,-0.786008,0.707652,1.33244,-0.910381,0.110173,16,18,0.0651661,0.113739,-0.304174,1.83483,0,6.02165
6.04154,0.66728,1.38055,-0.791253,0,0,0,0,16,18,0,0,0,0,0,traj_sz=100
6.04189,0.66728,1.38055,-0.791253,0.707652,1.33244,-0.910381,0.110173,17,18,0.0625981,0.113316,-0.339219,1.83297,0,6.04189
6.06145,0.670291,1.37762,-0.796563,0,0,0,0,17,18,0,0,0,0,0,traj_sz=100
6.06154,0.670291,1.37762,-0.796563,0.707652,1.33244,-0.910381,0.110173,17,18,0.058426,0.111266,-0.338368,1.82992,0,6.06154
6.08143,0.671393,1.37681,-0.799991,0,0,0,0,17,18,0,0,0,0,0,traj_sz=100
6.08151,0.671393,1.37681,-0.799991,0.707652,1.33244,-0.910381,0.110173,17,18,0.0570897,0.112077,-0.339292,1.8288,0,6.08151
6.10157,0.673248,1.37507,-0.808353,0,0,0,0,17,18,0,0,0,0,0,traj_sz=100
6.10169,0.673248,1.37507,-0.808353,0.732447,1.30052,-0.982663,0.107673,17,19,0.0947969,0.111721,-0.334828,1.82692,0,6.10169
6.12153,0.674179,1.37396,-0.808371,0,0,0,0,17,19,0,0,0,0,0,traj_sz=100
6.12164,0.674179,1.37396,-0.808371,0.732447,1.30052,-0.982663,0.107673,17,19,0.0933542,0.112438,-0.333997,1.82598,0,6.12164
6.1415,0.67613,1.37218,-0.815162,0,0,0,0,17,19,0,0,0,0,0,traj_sz=100
6.14188,0.67613,1.37218,-0.815162,0.732447,1.30052,-0.982663,0.107673,17,19,0.0907784,0.111977,-0.331624,1.824,0,6.14188
6.16146,0.678865,1.36942,-0.822769,0,0,0,0,17,19,0,0,0,0,0,traj_sz=100
6.16162,0.678865,1.36942,-0.822769,0.732447,1.30052,-0.982663,0.107673,17,19,0.0869518,0.110243,-0.327304,1.82124,0,6.16162
6.18144,0.679833,1.36838,-0.825336,0,0,0,0,17,19,0,0,0,0,0,traj_sz=100
6.18155,0.679833,1.36838,-0.825336,0.732447,1.30052,-0.982663,0.107673,17,19,0.0855471,0.110976,-0.325208,1.82026,0,6.18155
6.20143,0.681733,1.36666,-0.83145,0,0,0,0,17,19,0,0,0,0,0,traj_sz=100
6.2016,0.681733,1.36666,-0.83145,0.732447,1.30052,-0.982663,0.107673,17,19,0.0830403,0.11059,-0.323485,1.81834,0,6.2016
6.22148,0.68343,1.36448,-0.833814,0,0,0,0,17,19,0,0,0,0,0,traj_sz=100
6.22159,0.68343,1.36448,-0.833814,0.732447,1.30052,-0.982663,0.107673,17,19,0.0803062,0.110001,-0.318275,1.81663,0,6.22159
6.24162,0.686498,1.36157,-0.844954,0,0,0,0,17,19,0,0,0,0,0,traj_sz=100
6.24174,0.686498,1.36157,-0.844954,0.732447,1.30052,-0.982663,0.107673,17,19,0.0761618,0.107948,-0.312974,1.81354,0,6.24174
6.26149,0.687412,1.36063,-0.847488,0,0,0,0,17,19,0,0,0,0,0,traj_sz=100
6.26163,0.687412,1.36063,-0.847488,0.732447,1.30052,-0.982663,0.107673,17,19,0.0748635,0.108738,-0.311315,1.81262,0,6.26163
6.28156,0.688247,1.35955,-0.848107,0,0,0,0,17,19,0,0,0,0,0,traj_sz=100
6.2817,0.688247,1.35955,-0.848107,0.732447,1.30052,-0.982663,0.107673,17,19,0.0735047,0.1095,-0.30914,1.81178,0,6.2817
6.30154,0.690276,1.35733,-0.852587,0,0,0,0,17,19,0,0,0,0,0,traj_sz=100
6.30167,0.690276,1.35733,-0.852587,0.732447,1.30052,-0.982663,0.107673,17,19,0.0705257,0.108611,-0.305282,1.80974,0,6.30167
6.32155,0.691096,1.3567,-0.858398,0,0,0,0,17,19,0,0,0,0,0,traj_sz=100
6.32167,0.691096,1.3567,-0.858398,0.732447,1.30052,-0.982663,0.107673,17,19,0.069544,0.109713,-0.302816,1.80892,0,6.32167
6.34146,0.692908,1.35481,-0.86214,0,0,0,0,17,19,0,0,0,0,0,traj_sz=100
6.34162,0.692908,1.35481,-0.86214,0.732447,1.30052,-0.982663,0.107673,17,19,0.0669481,0.109208,-0.300504,1.8071,0,6.34162
6.3615,0.694569,1.35305,-0.867647,0,0,0,0,17,19,0,0,0,0,0,traj_sz=100
6.36166,0.694569,1.35305,-0.867647,0.732447,1.30052,-0.982663,0.107673,17,19,0.0645639,0.108916,-0.296296,1.80543,0,6.36166
6.38156,0.696054,1.35134,-0.872932,0,0,0,0,17,19,0,0,0,0,0,traj_sz=100
6.38167,0.696054,1.35134,-0.872932,0.732447,1.30052,-0.982663,0.107673,17,19,0.0623235,0.108769,-0.29077,1.80395,0,6.38167
6.40153,0.697635,1.34968,-0.876348,0,0,0,0,17,19,0,0,0,0,0,traj_sz=100
6.40166,0.697635,1.34968,-0.876348,0.732447,1.30052,-0.982663,0.107673,18,19,0.0600564,0.108601,-0.327696,1.80236,0,6.40166
6.42141,0.698334,1.34879,-0.877767,0,0,0,0,18,19,0,0,0,0,0,traj_sz=100
6.42155,0.698334,1.34879,-0.877767,0.732447,1.30052,-0.982663,0.107673,18,19,0.0589297,0.109573,-0.326482,1.80167,0,6.42155
6.44148,0.701447,1.34514,-0.884838,0,0,0,0,18,19,0,0,0,0,0,traj_sz=100
6.44158,0.701447,1.34514,-0.884838,0.754363,1.26765,-1.05077,0.10583,18,20,0.0934775,0.106892,-0.32336,1.79856,0,6.44158
6.46151,0.702298,1.34424,-0.887063,0,0,0,0,18,20,0,0,0,0,0,traj_sz=100
6.4616,0.702298,1.34424,-0.887063,0.754363,1.26765,-1.05077,0.10583,18,20,0.092261,0.107775,-0.323174,1.79771,0,6.4616
6.48152,0.702817,1.34359,-0.891612,0,0,0,0,18,20,0,0,0,0,0,traj_sz=100
6.48173,0.702817,1.34359,-0.891612,0.754363,1.26765,-1.05077,0.10583,18,20,0.0914639,0.109069,-0.319225,1.79719,0,6.48173
6.50148,0.704505,1.34172,-0.894936,0,0,0,0,18,20,0,0,0,0,0,traj_sz=100
6.50159,0.704505,1.34172,-0.894936,0.754363,1.26765,-1.05077,0.10583,18,20,0.0889759,0.108657,-0.319058,1.79551,0,6.50159
6.52151,0.705335,1.34082,-0.897439,0,0,0,0,18,20,0,0,0,0,0,traj_sz=100
6.52195,0.705335,1.34082,-0.897439,0.754363,1.26765,-1.05077,0.10583,18,20,0.0877764,0.109562,-0.318382,1.79469,0,6.52195
6.54154,0.708126,1.33733,-0.905854,0,0,0,0,18,20,0,0,0,0,0,traj_sz=100
6.54163,0.708126,1.33733,-0.905854,0.754363,1.26765,-1.05077,0.10583,18,20,0.0833625,0.107198,-0.311715,1.79192,0,6.54163
6.56147,0.708126,1.33733,-0.905854,0,0,0,0,18,20,0,0,0,0,0,traj_sz=100
6.56157,0.708126,1.33733,-0.905854,0.754363,1.26765,-1.05077,0.10583,18,20,0.0833625,0.109303,-0.311715,1.79192,0,6.56157
6.58155,0.709742,1.33561,-0.911201,0,0,0,0,18,20,0,0,0,0,0,traj_sz=100
6.58174,0.709742,1.33561,-0.911201,0.754363,1.26765,-1.05077,0.10583,18,20,0.0810494,0.109082,-0.310245,1.79032,0,6.58174
6.60154,0.710816,1.33392,-0.91392,0,0,0,0,18,20,0,0,0,0,0,traj_sz=100
6.60177,0.710816,1.33392,-0.91392,0.754363,1.26765,-1.05077,0.10583,18,20,0.0790714,0.109188,-0.304971,1.78926,0,6.60177
6.62151,0.712588,1.33184,-0.917072,0,0,0,0,18,20,0,0,0,0,0,traj_sz=100
6.62167,0.712588,1.33184,-0.917072,0.754363,1.26765,-1.05077,0.10583,18,20,0.0763618,0.108546,-0.30399,1.7875,0,6.62167
6.64153,0.714853,1.32931,-0.92717,0,0,0,0,18,20,0,0,0,0,0,traj_sz=100
6.64161,0.714853,1.32931,-0.92717,0.754363,1.26765,-1.05077,0.10583,18,20,0.0730357,0.107237,-0.298472,1.78527,0,6.64161
6.6614,0.715538,1.3282,-0.926582,0,0,0,0,18,20,0,0,0,0,0,traj_sz=100
6.66153,0.715538,1.3282,-0.926582,0.754363,1.26765,-1.05077,0.10583,18,20,0.0717329,0.108011,-0.296883,1.7846,0,6.66153
6.68281,0.716362,1.32718,-0.928929,0,0,0,0,18,20,0,0,0,0,0,traj_sz=100
6.68296,0.716362,1.32718,-0.928929,0.754363,1.26765,-1.05077,0.10583,18,20,0.0704351,0.10893,-0.295156,1.78378,0,6.68296
6.7015,0.717807,1.32535,-0.934731,0,0,0,0,18,20,0,0,0,0,0,traj_sz=100
6.70161,0.717807,1.32535,-0.934731,0.754363,1.26765,-1.05077,0.10583,18,20,0.0681295,0.108536,-0.290163,1.78236,0,6.70161
6.72156,0.71863,1.32448,-0.937496,0,0,0,0,18,20,0,0,0,0,0,traj_sz=100
6.72165,0.71863,1.32448,-0.937496,0.754363,1.26765,-1.05077,0.10583,18,20,0.0669586,0.109437,-0.289467,1.78155,0,6.72165
6.74162,0.721327,1.32079,-0.946568,0,0,0,0,18,20,0,0,0,0,0,traj_sz=100
6.74177,0.721327,1.32079,-0.946568,0.754363,1.26765,-1.05077,0.10583,18,20,0.0624299,0.10696,-0.27931,1.77891,0,6.74177
6.7615,0.722106,1.3198,-0.945958,0,0,0,0,18,20,0,0,0,0,0,traj_sz=100
6.7616,0.722106,1.3198,-0.945958,0.754363,1.26765,-1.05077,0.10583,18,20,0.0611622,0.107759,-0.2799,1.77815,0,6.7616
6.7815,0.722723,1.31895,-0.950189,0,0,0,0,18,20,0,0,0,0,0,traj_sz=100
6.78174,0.722723,1.31895,-0.950189,0.754363,1.26765,-1.05077,0.10583,18,20,0.0601317,0.108797,-0.275596,1.77755,0,6.78174
6.80153,0.724319,1.31671,-0.952129,0,0,0,0,18,20,0,0,0,0,0,traj_sz=100
6.80174,0.724319,1.31671,-0.952129,0.754363,1.26765,-1.05077,0.10583,19,20,0.0573919,0.108125,-0.309511,1.77599,0,6.80174
6.82156,0.725193,1.31563,-0.95306,0,0,0,0,19,20,0,0,0,0,0,traj_sz=100
6.82166,0.725193,1.31563,-0.95306,0.754363,1.26765,-1.05077,0.10583,19,20,0.0560097,0.108822,-0.3106,1.77514,0,6.82166
6.8415,0.726755,1.31398,-0.962029,0,0,0,0,19,20,0,0,0,0,0,traj_sz=100
6.84188,0.726755,1.31398,-0.962029,0.754363,1.26765,-1.05077,0.10583,19,20,0.0537917,0.108656,-0.308245,1.77361,0,6.84188
6.86153,0.728595,1.31095,-0.96649,0,0,0,0,19,20,0,0,0,0,0,traj_sz=100
6.86164,0.728595,1.31095,-0.96649,0.773656,1.23396,-1.11504,0.104782,19,21,0.0889588,0.107192,-0.30202,1.77184,0,6.86164
6.8815,0.729338,1.31006,-0.96806,0,0,0,0,19,21,0,0,0,0,0,traj_sz=100
6.88158,0.729338,1.31006,-0.96806,0.773656,1.23396,-1.11504,0.104782,19,21,0.0878111,0.108104,-0.302436,1.77111,0,6.88158
6.90142,0.73061,1.30823,-0.972384,0,0,0,0,19,21,0,0,0,0,0,traj_sz=100
6.90161,0.73061,1.30823,-0.972384,0.773656,1.23396,-1.11504,0.104782,19,21,0.0856161,0.107958,-0.299236,1.76988,0,6.90161
6.92143,0.731368,1.30731,-0.97399,0,0,0,0,19,21,0,0,0,0,0,traj_sz=100
6.92158,0.731368,1.30731,-0.97399,0.773656,1.23396,-1.11504,0.104782,19,21,0.0844341,0.108839,-0.299543,1.76915,0,6.92158
6.94154,0.734178,1.3036,-0.981808,0,0,0,0,19,21,0,0,0,0,0,traj_sz=100
6.94165,0.734178,1.3036,-0.981808,0.773656,1.23396,-1.11504,0.104782,19,21,0.0798392,0.10628,-0.296755,1.76643,0,6.94165
6.96154,0.734514,1.3025,-0.983024,0,0,0,0,19,21,0,0,0,0,0,traj_sz=100
6.96162,0.734514,1.3025,-0.983024,0.773656,1.23396,-1.11504,0.104782,19,21,0.0787449,0.107253,-0.290707,1.76612,0,6.96162
6.9816,0.735517,1.30163,-0.986787,0,0,0,0,19,21,0,0,0,0,0,traj_sz=100
6.98171,0.735517,1.30163,-0.986787,0.773656,1.23396,-1.11504,0.104782,19,21,0.0774797,0.108044,-0.292533,1.76515,0,6.98171
7.00149,0.736955,1.29979,-0.990518,0,0,0,0,19,21,0,0,0,0,0,traj_sz=100
7.00178,0.736955,1.29979,-0.990518,0.773656,1.23396,-1.11504,0.104782,19,21,0.075179,0.107782,-0.291859,1.76376,0,7.00178
7.02158,0.738057,1.29788,-0.993679,0,0,0,0,19,21,0,0,0,0,0,traj_sz=100
7.02171,0.738057,1.29788,-0.993679,0.773656,1.23396,-1.11504,0.104782,19,21,0.0729894,0.107647,-0.286839,1.76271,0,7.02171
7.04154,0.740136,1.29507,-1.00098,0,0,0,0,19,21,0,0,0,0,0,traj_sz=100
7.04164,0.740136,1.29507,-1.00098,0.773656,1.23396,-1.11504,0.104782,19,21,0.0695398,0.10622,-0.282853,1.76072,0,7.04164
7.06147,0.740889,1.29412,-1.00369,0,0,0,0,19,21,0,0,0,0,0,traj_sz=100
7.06163,0.740889,1.29412,-1.00369,0.773656,1.23396,-1.11504,0.104782,19,21,0.0683443,0.107074,-0.281889,1.76,0,7.06163
7.08151,0.741368,1.29324,-1.00444,0,0,0,0,19,21,0,0,0,0,0,traj_sz=100
7.08161,0.741368,1.29324,-1.00444,0.773656,1.23396,-1.11504,0.104782,19,21,0.0673526,0.108145,-0.279916,1.75955,0,7.08161
7.10154,0.742883,1.29126,-1.00924,0,0,0,0,19,21,0,0,0,0,0,traj_sz=100
7.10167,0.742883,1.29126,-1.00924,0.773656,1.23396,-1.11504,0.104782,19,21,0.0648904,0.107731,-0.278018,1.7581,0,7.10167
7.12153,0.743443,1.29016,-1.00843,0,0,0,0,19,21,0,0,0,0,0,traj_sz=100
7.12161,0.743443,1.29016,-1.00843,0.773656,1.23396,-1.11504,0.104782,19,21,0.0636548,0.108559,-0.276543,1.75758,0,7.12161
7.14154,0.746121,1.28634,-1.01733,0,0,0,0,19,21,0,0,0,0,0,traj_sz=100
7.14164,0.746121,1.28634,-1.01733,0.773656,1.23396,-1.11504,0.104782,19,21,0.0590374,0.105971,-0.270198,1.75503,0,7.14164
7.16154,0.74646,1.2854,-1.02002,0,0,0,0,19,21,0,0,0,0,0,traj_sz=100
7.16179,0.74646,1.2854,-1.02002,0.773656,1.23396,-1.11504,0.104782,20,21,0.0580626,0.107063,-0.29673,1.75473,0,7.16179
7.18154,0.74741,1.2845,-1.02245,0,0,0,0,20,21,0,0,0,0,0,traj_sz=100
7.18178,0.74741,1.2845,-1.02245,0.773656,1.23396,-1.11504,0.104782,20,21,0.0568095,0.107864,-0.300194,1.75381,0,7.18178
7.20156,0.748613,1.28255,-1.02673,0,0,0,0,20,21,0,0,0,0,0,traj_sz=100
7.20164,0.748613,1.28255,-1.02673,0.773656,1.23396,-1.11504,0.104782,20,21,0.0545335,0.107625,-0.297471,1.75269,0,7.20164
7.22152,0.749193,1.28169,-1.03079,0,0,0,0,20,21,0,0,0,0,0,traj_sz=100
7.22178,0.749193,1.28169,-1.03079,0.773656,1.23396,-1.11504,0.104782,20,21,0.0535146,0.108667,-0.294974,1.75214,0,7.22178
7.24155,0.750523,1.27943,-1.03266,0,0,0,0,20,21,0,0,0,0,0,traj_sz=100
7.24166,0.750523,1.27943,-1.03266,0.790575,1.19944,-1.17588,0.10449,20,22,0.0892157,0.108101,-0.293798,1.7509,0,7.24166
7.26152,0.752407,1.27647,-1.04154,0,0,0,0,20,22,0,0,0,0,0,traj_sz=100
7.26179,0.752407,1.27647,-1.04154,0.790575,1.19944,-1.17588,0.10449,20,22,0.0857633,0.106661,-0.288256,1.74914,0,7.26179
7.28158,0.753164,1.27528,-1.04154,0,0,0,0,20,22,0,0,0,0,0,traj_sz=100
7.28171,0.753164,1.27528,-1.04154,0.790575,1.19944,-1.17588,0.10449,20,22,0.0843549,0.107311,-0.289235,1.74843,0,7.28171
7.3015,0.754653,1.27341,-1.04702,0,0,0,0,20,22,0,0,0,0,0,traj_sz=100
7.30175,0.754653,1.27341,-1.04702,0.790575,1.19944,-1.17588,0.10449,20,22,0.0820208,0.107005,-0.289739,1.74703,0,7.30175
7.32147,0.754707,1.27234,-1.04765,0,0,0,0,20,22,0,0,0,0,0,traj_sz=100
7.32167,0.754707,1.27234,-1.04765,0.790575,1.19944,-1.17588,0.10449,20,22,0.0810679,0.108106,-0.281882,1.74702,0,7.32167
7.34142,0.7563,1.27029,-1.05231,0,0,0,0,20,22,0,0,0,0,0,traj_sz=100
7.34156,0.7563,1.27029,-1.05231,0.790575,1.19944,-1.17588,0.10449,20,22,0.0785241,0.107588,-0.283165,1.74552,0,7.34156
7.36157,0.757566,1.26842,-1.05862,0,0,0,0,20,22,0,0,0,0,0,traj_sz=100
7.36166,0.757566,1.26842,-1.05862,0.790575,1.19944,-1.17588,0.10449,20,22,0.0763061,0.107419,-0.280032,1.74434,0,7.36166
7.38143,0.758615,1.26646,-1.06175,0,0,0,0,20,22,0,0,0,0,0,traj_sz=100
7.38158,0.758615,1.26646,-1.06175,0.790575,1.19944,-1.17588,0.10449,20,22,0.0741019,0.107261,-0.276286,1.74339,0,7.38158
7.40162,0.759958,1.26428,-1.06362,0,0,0,0,20,22,0,0,0,0,0,traj_sz=100
7.40171,0.759958,1.26428,-1.06362,0.790575,1.19944,-1.17588,0.10449,20,22,0.0715468,0.106781,-0.275785,1.74215,0,7.40171
7.4215,0.760639,1.26327,-1.06616,0,0,0,0,20,22,0,0,0,0,0,traj_sz=100
7.42161,0.760639,1.26327,-1.06616,0.790575,1.19944,-1.17588,0.10449,20,22,0.0703478,0.10763,-0.274858,1.74152,0,7.42161
7.44141,0.763154,1.25945,-1.07757,0,0,0,0,20,22,0,0,0,0,0,traj_sz=100
7.44149,0.763154,1.25945,-1.07757,0.790575,1.19944,-1.17588,0.10449,20,22,0.0658416,0.10513,-0.268853,1.7392,0,7.44149
7.46149,0.763246,1.2582,-1.07382,0,0,0,0,20,22,0,0,0,0,0,traj_sz=100
7.46158,0.763246,1.2582,-1.07382,0.790575,1.19944,-1.17588,0.10449,20,22,0.064685,0.106071,-0.264139,1.73918,0,7.46158
7.48152,0.764407,1.25735,-1.08157,0,0,0,0,20,22,0,0,0,0,0,traj_sz=100
7.4817,0.764407,1.25735,-1.08157,0.790575,1.19944,-1.17588,0.10449,20,22,0.0634144,0.106848,-0.265906,1.73806,0,7.4817
7.50147,0.765515,1.25525,-1.08356,0,0,0,0,20,22,0,0,0,0,0,traj_sz=100
7.50165,0.765515,1.25525,-1.08356,0.790575,1.19944,-1.17588,0.10449,20,22,0.0610518,0.106543,-0.262913,1.73707,0,7.50165
7.52158,0.766004,1.25446,-1.08673,0,0,0,0,20,22,0,0,0,0,0,traj_sz=100
7.52169,0.766004,1.25446,-1.08673,0.790575,1.19944,-1.17588,0.10449,20,22,0.0601342,0.107689,-0.260508,1.73663,0,7.52169
7.54154,0.768167,1.2502,-1.09384,0,0,0,0,20,22,0,0,0,0,0,traj_sz=100
7.54166,0.768167,1.2502,-1.09384,0.790575,1.19944,-1.17588,0.10449,21,22,0.0553794,0.104976,-0.282301,1.73471,0,7.54166
7.56159,0.769015,1.24931,-1.09863,0,0,0,0,21,22,0,0,0,0,0,traj_sz=100
7.5618,0.769015,1.24931,-1.09863,0.790575,1.19944,-1.17588,0.10449,21,22,0.0542231,0.105883,-0.283594,1.73391,0,7.5618
7.58151,0.769672,1.24811,-1.09934,0,0,0,0,21,22,0,0,0,0,0,traj_sz=100
7.58167,0.769672,1.24811,-1.09934,0.790575,1.19944,-1.17588,0.10449,21,22,0.0528504,0.106565,-0.283828,1.73333,0,7.58167
7.60149,0.770798,1.24624,-1.10515,0,0,0,0,21,22,0,0,0,0,0,traj_sz=100
7.60159,0.770798,1.24624,-1.10515,0.805324,1.16406,-1.2335,0.104883,21,23,0.0889297,0.106451,-0.281415,1.73231,0,7.60159
7.62167,0.771382,1.24517,-1.10618,0,0,0,0,21,23,0,0,0,0,0,traj_sz=100
7.62179,0.771382,1.24517,-1.10618,0.805324,1.16406,-1.2335,0.104883,21,23,0.0877222,0.107326,-0.281322,1.73179,0,7.62179
7.64157,0.773581,1.24077,-1.114,0,0,0,0,21,23,0,0,0,0,0,traj_sz=100
7.64169,0.773581,1.24077,-1.114,0.805324,1.16406,-1.2335,0.104883,21,23,0.0828447,0.104462,-0.274825,1.72987,0,7.64169
7.6615,0.773846,1.23965,-1.11336,0,0,0,0,21,23,0,0,0,0,0,traj_sz=100
7.66158,0.773846,1.23965,-1.11336,0.805324,1.16406,-1.2335,0.104883,21,23,0.0817216,0.105402,-0.271604,1.72968,0,7.66158
7.68157,0.774731,1.23877,-1.11847,0,0,0,0,21,23,0,0,0,0,0,traj_sz=100
7.68171,0.774731,1.23877,-1.11847,0.805324,1.16406,-1.2335,0.104883,21,23,0.0805696,0.1063,-0.273127,1.72885,0,7.68171
7.70162,0.775765,1.23657,-1.12167,0,0,0,0,21,23,0,0,0,0,0,traj_sz=100
7.70174,0.775765,1.23657,-1.12167,0.805324,1.16406,-1.2335,0.104883,21,23,0.0781499,0.105933,-0.26961,1.72796,0,7.70174
7.72144,0.776521,1.23559,-1.12467,0,0,0,0,21,23,0,0,0,0,0,traj_sz=100
7.72154,0.776521,1.23559,-1.12467,0.805324,1.16406,-1.2335,0.104883,21,23,0.076959,0.106793,-0.270646,1.72727,0,7.72154
7.74165,0.777752,1.23364,-1.13249,0,0,0,0,21,23,0,0,0,0,0,traj_sz=100
7.74193,0.777752,1.23364,-1.13249,0.805324,1.16406,-1.2335,0.104883,21,23,0.0747084,0.10663,-0.26734,1.72617,0,7.74193
7.76152,0.779002,1.23065,-1.13496,0,0,0,0,21,23,0,0,0,0,0,traj_sz=100
7.76165,0.779002,1.23065,-1.13496,0.805324,1.16406,-1.2335,0.104883,21,23,0.0714758,0.105453,-0.262165,1.72513,0,7.76165
7.78154,0.779323,1.22951,-1.13517,0,0,0,0,21,23,0,0,0,0,0,traj_sz=100
7.78169,0.779323,1.22951,-1.13517,0.805324,1.16406,-1.2335,0.104883,21,23,0.0703084,0.106379,-0.258784,1.72489,0,7.78169
7.80155,0.78072,1.22744,-1.14071,0,0,0,0,21,23,0,0,0,0,0,traj_sz=100
7.80185,0.78072,1.22744,-1.14071,0.805324,1.16406,-1.2335,0.104883,21,23,0.067866,0.106014,-0.25895,1.72364,0,7.80185
7.82161,0.781716,1.22517,-1.14501,0,0,0,0,21,23,0,0,0,0,0,traj_sz=100
7.8217,0.781716,1.22517,-1.14501,0.805324,1.16406,-1.2335,0.104883,21,23,0.0654085,0.105623,-0.253543,1.72281,0,7.8217
7.84143,0.783167,1.22209,-1.15262,0,0,0,0,21,23,0,0,0,0,0,traj_sz=100
7.84153,0.783167,1.22209,-1.15262,0.805324,1.16406,-1.2335,0.104883,21,23,0.0620305,0.10429,-0.245892,1.72159,0,7.84153
7.86151,0.783481,1.22082,-1.15046,0,0,0,0,21,23,0,0,0,0,0,traj_sz=100
7.86164,0.783481,1.22082,-1.15046,0.805324,1.16406,-1.2335,0.104883,21,23,0.06073,0.105101,-0.243645,1.72137,0,7.86164
7.88177,0.7842,1.21978,-1.15507,0,0,0,0,21,23,0,0,0,0,0,traj_sz=100
7.8819,0.7842,1.21978,-1.15507,0.805324,1.16406,-1.2335,0.104883,21,23,0.0595062,0.105977,-0.242338,1.72073,0,7.8819
7.90152,0.785351,1.21789,-1.16064,0,0,0,0,21,23,0,0,0,0,0,traj_sz=100
7.90163,0.785351,1.21789,-1.16064,0.805324,1.16406,-1.2335,0.104883,22,23,0.0573263,0.105838,-0.267312,1.71973,0,7.90163
7.92155,0.785662,1.21679,-1.16165,0,0,0,0,22,23,0,0,0,0,0,traj_sz=100
7.92166,0.785662,1.21679,-1.16165,0.805324,1.16406,-1.2335,0.104883,22,23,0.0561967,0.106798,-0.264359,1.71951,0,7.92166
7.94165,0.786596,1.21461,-1.16391,0,0,0,0,22,23,0,0,0,0,0,traj_sz=100
7.94183,0.786596,1.21461,-1.16391,0.805324,1.16406,-1.2335,0.104883,22,23,0.0538335,0.106535,-0.262676,1.71875,0,7.94183
7.96155,0.788362,1.21147,-1.17302,0,0,0,0,22,23,0,0,0,0,0,traj_sz=100
7.96173,0.788362,1.21147,-1.17302,0.818058,1.12775,-1.28783,0.105915,22,24,0.0886838,0.105025,-0.260805,1.71724,0,7.96173
7.9816,0.78866,1.21043,-1.1731,0,0,0,0,22,24,0,0,0,0,0,traj_sz=100
7.98171,0.78866,1.21043,-1.1731,0.818058,1.12775,-1.28783,0.105915,22,24,0.0876093,0.106041,-0.258855,1.71702,0,7.98171
8.00153,0.789924,1.20807,-1.17852,0,0,0,0,22,24,0,0,0,0,0,traj_sz=100
8.00164,0.789924,1.20807,-1.17852,0.818058,1.12775,-1.28783,0.105915,22,24,0.0849779,0.10546,-0.257904,1.71596,0,8.00164
8.02148,0.789985,1.20691,-1.17748,0,0,0,0,22,24,0,0,0,0,0,traj_sz=100
8.02161,0.789985,1.20691,-1.17748,0.818058,1.12775,-1.28783,0.105915,22,24,0.0838702,0.106445,-0.252939,1.71599,0,8.02161
8.04156,0.792009,1.20262,-1.18736,0,0,0,0,22,24,0,0,0,0,0,traj_sz=100
8.04166,0.792009,1.20262,-1.18736,0.818058,1.12775,-1.28783,0.105915,22,24,0.0791807,0.103803,-0.247364,1.71434,0,8.04166
8.06151,0.792009,1.20262,-1.18736,0,0,0,0,22,24,0,0,0,0,0,traj_sz=100
8.06171,0.792009,1.20262,-1.18736,0.818058,1.12775,-1.28783,0.105915,22,24,0.0791807,0.105891,-0.247364,1.71434,0,8.06171
8.08145,0.793292,1.20064,-1.19297,0,0,0,0,22,24,0,0,0,0,0,traj_sz=100
8.08155,0.793292,1.20064,-1.19297,0.818058,1.12775,-1.28783,0.105915,22,24,0.0768837,0.105657,-0.248621,1.71323,0,8.08155
8.10179,0.793948,1.19858,-1.1938,0,0,0,0,22,24,0,0,0,0,0,traj_sz=100
8.1019,0.793948,1.19858,-1.1938,0.818058,1.12775,-1.28783,0.105915,22,24,0.0747348,0.105663,-0.245102,1.71276,0,8.1019
8.12152,0.794521,1.19757,-1.19617,0,0,0,0,22,24,0,0,0,0,0,traj_sz=100
8.12168,0.794521,1.19757,-1.19617,0.818058,1.12775,-1.28783,0.105915,22,24,0.0735929,0.106606,-0.24506,1.71228,0,8.12168
8.14136,0.795976,1.19332,-1.20414,0,0,0,0,22,24,0,0,0,0,0,traj_sz=100
8.14145,0.795976,1.19332,-1.20414,0.818058,1.12775,-1.28783,0.105915,22,24,0.0691278,0.104215,-0.233488,1.71121,0,8.14145
8.16146,0.796909,1.1922,-1.20743,0,0,0,0,22,24,0,0,0,0,0,traj_sz=100
8.16157,0.796909,1.1922,-1.20743,0.818058,1.12775,-1.28783,0.105915,22,24,0.0677575,0.104959,-0.236973,1.71039,0,8.16157
8.18143,0.797251,1.19096,-1.20861,0,0,0,0,22,24,0,0,0,0,0,traj_sz=100
8.18157,0.797251,1.19096,-1.20861,0.818058,1.12775,-1.28783,0.105915,22,24,0.0664787,0.105798,-0.233487,1.71016,0,8.18157
8.20153,0.798188,1.18896,-1.21266,0,0,0,0,22,24,0,0,0,0,0,traj_sz=100
8.20168,0.798188,1.18896,-1.21266,0.818058,1.12775,-1.28783,0.105915,22,24,0.0642911,0.105728,-0.231295,1.70941,0,8.20168
8.22143,0.798485,1.18785,-1.21466,0,0,0,0,22,24,0,0,0,0,0,traj_sz=100
8.22152,0.798485,1.18785,-1.21466,0.818058,1.12775,-1.28783,0.105915,22,24,0.0631513,0.106688,-0.227192,1.70922,0,8.22152
8.24141,0.800162,1.18357,-1.22096,0,0,0,0,22,24,0,0,0,0,0,traj_sz=100
8.2415,0.800162,1.18357,-1.22096,0.818058,1.12775,-1.28783,0.105915,22,24,0.0585724,0.104209,-0.220053,1.70797,0,8.2415
8.26153,0.800745,1.18238,-1.22308,0,0,0,0,22,24,0,0,0,0,0,traj_sz=100
8.26171,0.800745,1.18238,-1.22308,0.818058,1.12775,-1.28783,0.105915,23,24,0.0572602,0.10503,-0.243159,1.7075,0,8.26171
8.2815,0.801344,1.18126,-1.22546,0,0,0,0,23,24,0,0,0,0,0,traj_sz=100
8.28178,0.801344,1.18126,-1.22546,0.818058,1.12775,-1.28783,0.105915,23,24,0.0560048,0.10589,-0.243931,1.70702,0,8.28178
8.30159,0.802275,1.1791,-1.23302,0,0,0,0,23,24,0,0,0,0,0,traj_sz=100
8.30171,0.802275,1.1791,-1.23302,0.818058,1.12775,-1.28783,0.105915,23,24,0.0536742,0.105655,-0.239572,1.70631,0,8.30171
8.3215,0.802417,1.17795,-1.23378,0,0,0,0,23,24,0,0,0,0,0,traj_sz=100
8.32172,0.802417,1.17795,-1.23378,0.818058,1.12775,-1.28783,0.105915,23,24,0.0525499,0.106651,-0.235223,1.70628,0,8.32172
8.3414,0.803153,1.17587,-1.23614,0,0,0,0,23,24,0,0,0,0,0,traj_sz=100
8.34161,0.803153,1.17587,-1.23614,0.828907,1.09044,-1.33824,0.107574,23,25,0.0891524,0.106549,-0.233198,1.70576,0,8.34161
8.36151,0.804161,1.17348,-1.24071,0,0,0,0,23,25,0,0,0,0,0,traj_sz=100
8.3617,0.804161,1.17348,-1.24071,0.828907,1.09044,-1.33824,0.107574,23,25,0.0865788,0.106086,-0.231471,1.705,0,8.3617
8.38154,0.804992,1.17153,-1.24614,0,0,0,0,23,25,0,0,0,0,0,traj_sz=100
8.38177,0.804992,1.17153,-1.24614,0.828907,1.09044,-1.33824,0.107574,23,25,0.0844814,0.106091,-0.228657,1.70438,0,8.38177
8.40158,0.805824,1.16914,-1.2472,0,0,0,0,23,25,0,0,0,0,0,traj_sz=100
8.40169,0.805824,1.16914,-1.2472,0.828907,1.09044,-1.33824,0.107574,23,25,0.0819544,0.10567,-0.227617,1.7038,0,8.40169
8.42156,0.806445,1.1682,-1.25213,0,0,0,0,23,25,0,0,0,0,0,traj_sz=100
8.42166,0.806445,1.1682,-1.25213,0.828907,1.09044,-1.33824,0.107574,23,25,0.0808814,0.10669,-0.227304,1.70329,0,8.42166
8.44143,0.807342,1.16618,-1.25865,0,0,0,0,23,25,0,0,0,0,0,traj_sz=100
8.44169,0.807342,1.16618,-1.25865,0.828907,1.09044,-1.33824,0.107574,23,25,0.0787056,0.106615,-0.224129,1.70261,0,8.44169
8.46149,0.808464,1.16291,-1.2619,0,0,0,0,23,25,0,0,0,0,0,traj_sz=100
8.46166,0.808464,1.16291,-1.2619,0.828907,1.09044,-1.33824,0.107574,23,25,0.0752512,0.10531,-0.220823,1.70185,0,8.46166
8.48156,0.808653,1.16167,-1.26252,0,0,0,0,23,25,0,0,0,0,0,traj_sz=100
8.48172,0.808653,1.16167,-1.26252,0.828907,1.09044,-1.33824,0.107574,23,25,0.0740165,0.106245,-0.216798,1.7018,0,8.48172
8.50152,0.809377,1.15916,-1.26355,0,0,0,0,23,25,0,0,0,0,0,traj_sz=100
8.50167,0.809377,1.15916,-1.26355,0.828907,1.09044,-1.33824,0.107574,23,25,0.0714036,0.10579,-0.213647,1.70136,0,8.50167
8.52155,0.810115,1.15796,-1.26947,0,0,0,0,23,25,0,0,0,0,0,traj_sz=100
8.52165,0.810115,1.15796,-1.26947,0.828907,1.09044,-1.33824,0.107574,23,25,0.0700535,0.106579,-0.212816,1.70076,0,8.52165
8.54158,0.81082,1.15563,-1.27442,0,0,0,0,23,25,0,0,0,0,0,traj_sz=100
8.54181,0.81082,1.15563,-1.27442,0.828907,1.09044,-1.33824,0.107574,23,25,0.0676264,0.106319,-0.206754,1.70033,0,8.54181
8.56156,0.812011,1.15209,-1.27872,0,0,0,0,23,25,0,0,0,0,0,traj_sz=100
8.56166,0.812011,1.15209,-1.27872,0.828907,1.09044,-1.33824,0.107574,23,25,0.0639028,0.104733,-0.202178,1.69955,0,8.56166
8.58158,0.812667,1.15099,-1.28132,0,0,0,0,23,25,0,0,0,0,0,traj_sz=100
8.58168,0.812667,1.15099,-1.28132,0.828907,1.09044,-1.33824,0.107574,23,25,0.0626675,0.10565,-0.203689,1.69903,0,8.58168
8.60154,0.813451,1.14896,-1.28681,0,0,0,0,23,25,0,0,0,0,0,traj_sz=100
8.6018,0.813451,1.14896,-1.28681,0.828907,1.09044,-1.33824,0.107574,23,25,0.0605037,0.105643,-0.199749,1.69849,0,8.6018
8.62145,0.814124,1.14668,-1.29101,0,0,0,0,23,25,0,0,0,0,0,traj_sz=100
8.6216,0.814124,1.14668,-1.29101,0.828907,1.09044,-1.33824,0.107574,24,25,0.0581348,0.10541,-0.213092,1.69809,0,8.6216
8.64157,0.814839,1.14328,-1.29275,0,0,0,0,24,25,0,0,0,0,0,traj_sz=100
8.64167,0.814839,1.14328,-1.29275,0.828907,1.09044,-1.33824,0.107574,24,25,0.0546691,0.104121,-0.207568,1.69779,0,8.64167
8.66144,0.81539,1.14235,-1.29702,0,0,0,0,24,25,0,0,0,0,0,traj_sz=100
8.66153,0.81539,1.14235,-1.29702,0.828907,1.09044,-1.33824,0.107574,24,25,0.0536313,0.105215,-0.207788,1.69736,0,8.66153
8.68152,0.815721,1.14126,-1.29886,0,0,0,0,24,25,0,0,0,0,0,traj_sz=100
8.6816,0.815721,1.14126,-1.29886,0.838002,1.05204,-1.38313,0.109838,24,26,0.0919262,0.106243,-0.206332,1.69716,0,8.6816
8.70152,0.816235,1.13903,-1.30022,0,0,0,0,24,26,0,0,0,0,0,traj_sz=100
8.70174,0.816235,1.13903,-1.30022,0.838002,1.05204,-1.38313,0.109838,24,26,0.0896476,0.106136,-0.203197,1.69693,0,8.70174
8.72152,0.817016,1.13695,-1.30432,0,0,0,0,24,26,0,0,0,0,0,traj_sz=100
8.72164,0.817016,1.13695,-1.30432,0.838002,1.05204,-1.38313,0.109838,24,26,0.0874412,0.106066,-0.202026,1.69642,0,8.72164
8.74144,0.818179,1.13338,-1.31121,0,0,0,0,24,26,0,0,0,0,0,traj_sz=100
8.74153,0.818179,1.13338,-1.31121,0.838002,1.05204,-1.38313,0.109838,24,26,0.0837031,0.104457,-0.197614,1.69571,0,8.74153
8.76147,0.818464,1.13231,-1.31261,0,0,0,0,24,26,0,0,0,0,0,traj_sz=100
8.76167,0.818464,1.13231,-1.31261,0.838002,1.05204,-1.38313,0.109838,24,26,0.0825979,0.10552,-0.195976,1.69557,0,8.76167
8.78149,0.819114,1.13134,-1.31692,0,0,0,0,24,26,0,0,0,0,0,traj_sz=100
8.7816,0.819114,1.13134,-1.31692,0.838002,1.05204,-1.38313,0.109838,24,26,0.0815027,0.106558,-0.1974,1.69505,0,8.7816
8.80149,0.819669,1.129,-1.31967,0,0,0,0,24,26,0,0,0,0,0,traj_sz=100
8.8016,0.819669,1.129,-1.31967,0.838002,1.05204,-1.38313,0.109838,24,26,0.0791033,0.106314,-0.193125,1.6948,0,8.8016
8.82159,0.819738,1.12767,-1.31901,0,0,0,0,24,26,0,0,0,0,0,traj_sz=100
8.82176,0.819738,1.12767,-1.31901,0.838002,1.05204,-1.38313,0.109838,24,26,0.0777992,0.10724,-0.189146,1.69491,0,8.82176
8.84145,0.820519,1.12552,-1.3236,0,0,0,0,24,26,0,0,0,0,0,traj_sz=100
8.84155,0.820519,1.12552,-1.3236,0.838002,1.05204,-1.38313,0.109838,24,26,0.0755203,0.107143,-0.187234,1.69442,0,8.84155
8.86162,0.821566,1.12206,-1.32802,0,0,0,0,24,26,0,0,0,0,0,traj_sz=100
8.86177,0.821566,1.12206,-1.32802,0.838002,1.05204,-1.38313,0.109838,24,26,0.0719226,0.105773,-0.183889,1.69384,0,8.86177
8.88159,0.821641,1.12093,-1.32887,0,0,0,0,24,26,0,0,0,0,0,traj_sz=100
8.88175,0.821641,1.12093,-1.32887,0.838002,1.05204,-1.38313,0.109838,24,26,0.070802,0.106867,-0.179432,1.69392,0,8.88175
8.90158,0.822299,1.11867,-1.33199,0,0,0,0,24,26,0,0,0,0,0,traj_sz=100
8.90168,0.822299,1.11867,-1.33199,0.838002,1.05204,-1.38313,0.109838,24,26,0.0684568,0.106727,-0.176656,1.69357,0,8.90168
8.92154,0.822814,1.11752,-1.33609,0,0,0,0,24,26,0,0,0,0,0,traj_sz=100
8.92177,0.822814,1.11752,-1.33609,0.838002,1.05204,-1.38313,0.109838,24,26,0.0672214,0.107703,-0.175575,1.69322,0,8.92177
8.94151,0.824029,1.1124,-1.34168,0,0,0,0,24,26,0,0,0,0,0,traj_sz=100
8.94164,0.824029,1.1124,-1.34168,0.838002,1.05204,-1.38313,0.109838,24,26,0.0619573,0.10464,-0.166595,1.69273,0,8.94164
8.96156,0.824189,1.11101,-1.34197,0,0,0,0,24,26,0,0,0,0,0,traj_sz=100
8.96176,0.824189,1.11101,-1.34197,0.838002,1.05204,-1.38313,0.109838,24,26,0.0605676,0.10548,-0.162826,1.69277,0,8.96176
8.98148,0.824714,1.10987,-1.34505,0,0,0,0,24,26,0,0,0,0,0,traj_sz=100
8.98165,0.824714,1.10987,-1.34505,0.838002,1.05204,-1.38313,0.109838,24,26,0.0593338,0.10644,-0.162803,1.69241,0,8.98165
9.0015,0.825409,1.10734,-1.34726,0,0,0,0,24,26,0,0,0,0,0,traj_sz=100
9.00159,0.825409,1.10734,-1.34726,0.838002,1.05204,-1.38313,0.109838,25,26,0.056715,0.106025,-0.173355,1.69208,0,9.00159
9.02154,0.825398,1.10605,-1.34714,0,0,0,0,25,26,0,0,0,0,0,traj_sz=100
9.02164,0.825398,1.10605,-1.34714,0.838002,1.05204,-1.38313,0.109838,25,26,0.0554559,0.106992,-0.168827,1.69228,0,9.02164
9.04148,0.826607,1.10188,-1.35462,0,0,0,0,25,26,0,0,0,0,0,traj_sz=100
9.04157,0.826607,1.10188,-1.35462,0.84552,1.01245,-1.4216,0.1126,25,27,0.0914025,0.104857,-0.165327,1.69169,0,9.04157
9.06156,0.826607,1.10188,-1.35462,0,0,0,0,25,27,0,0,0,0,0,traj_sz=100
9.06173,0.826607,1.10188,-1.35462,0.84552,1.01245,-1.4216,0.1126,25,27,0.0914025,0.107082,-0.165327,1.69169,0,9.06173
9.08156,0.827024,1.09964,-1.35678,0,0,0,0,25,27,0,0,0,0,0,traj_sz=100
9.08173,0.827024,1.09964,-1.35678,0.84552,1.01245,-1.4216,0.1126,25,27,0.089131,0.107023,-0.161754,1.6916,0,9.08173
9.10152,0.827711,1.0974,-1.36021,0,0,0,0,25,27,0,0,0,0,0,traj_sz=100
9.1016,0.827711,1.0974,-1.36021,0.84552,1.01245,-1.4216,0.1126,25,27,0.0867963,0.106879,-0.160945,1.69126,0,9.1016
9.12146,0.828428,1.09509,-1.36266,0,0,0,0,25,27,0,0,0,0,0,traj_sz=100
9.12154,0.828428,1.09509,-1.36266,0.84552,1.01245,-1.4216,0.1126,25,27,0.084393,0.10667,-0.161228,1.6909,0,9.12154
9.1439,0.828476,1.09389,-1.36319,0,0,0,0,25,27,0,0,0,0,0,traj_sz=100
9.14416,0.828476,1.09389,-1.36319,0.84552,1.01245,-1.4216,0.1126,25,27,0.0831997,0.10798,-0.15727,1.69103,0,9.14416
9.16154,0.829508,1.09036,-1.3702,0,0,0,0,25,27,0,0,0,0,0,traj_sz=100
9.16165,0.829508,1.09036,-1.3702,0.84552,1.01245,-1.4216,0.1126,25,27,0.0795409,0.106246,-0.153843,1.69055,0,9.16165
9.18153,0.829552,1.08909,-1.37073,0,0,0,0,25,27,0,0,0,0,0,traj_sz=100
9.18176,0.829552,1.08909,-1.37073,0.84552,1.01245,-1.4216,0.1126,25,27,0.0782875,0.107252,-0.14963,1.6907,0,9.18176
9.20156,0.830394,1.08679,-1.37273,0,0,0,0,25,27,0,0,0,0,0,traj_sz=100
9.20176,0.830394,1.08679,-1.37273,0.84552,1.01245,-1.4216,0.1126,25,27,0.0758673,0.107099,-0.152165,1.69023,0,9.20176
9.22156,0.830382,1.0856,-1.3726,0,0,0,0,25,27,0,0,0,0,0,traj_sz=100
9.22171,0.830382,1.0856,-1.3726,0.84552,1.01245,-1.4216,0.1126,25,27,0.0747008,0.10821,-0.147987,1.69042,0,9.22171
9.24149,0.831025,1.08315,-1.37778,0,0,0,0,25,27,0,0,0,0,0,traj_sz=100
9.24167,0.831025,1.08315,-1.37778,0.84552,1.01245,-1.4216,0.1126,25,27,0.072167,0.107947,-0.144234,1.69017,0,9.24167
9.2616,0.831853,1.07959,-1.38192,0,0,0,0,25,27,0,0,0,0,0,traj_sz=100
9.2617,0.831853,1.07959,-1.38192,0.84552,1.01245,-1.4216,0.1126,25,27,0.0685101,0.106571,-0.14028,1.68992,0,9.2617
9.28155,0.831884,1.07841,-1.38125,0,0,0,0,25,27,0,0,0,0,0,traj_sz=100
9.28166,0.831884,1.07841,-1.38125,0.84552,1.01245,-1.4216,0.1126,25,27,0.0673497,0.107687,-0.137274,1.69008,0,9.28166
9.30151,0.832606,1.07611,-1.38579,0,0,0,0,25,27,0,0,0,0,0,traj_sz=100
9.3017,0.832606,1.07611,-1.38579,0.84552,1.01245,-1.4216,0.1126,25,27,0.0649477,0.10756,-0.135766,1.68974,0,9.3017
9.32151,0.832988,1.07489,-1.38736,0,0,0,0,25,27,0,0,0,0,0,traj_sz=100
9.32167,0.832988,1.07489,-1.38736,0.84552,1.01245,-1.4216,0.1126,25,27,0.0636818,0.108561,-0.135731,1.68956,0,9.32167
9.3415,0.833456,1.07262,-1.39118,0,0,0,0,25,27,0,0,0,0,0,traj_sz=100
9.34168,0.833456,1.07262,-1.39118,0.84552,1.01245,-1.4216,0.1126,25,27,0.0613546,0.108516,-0.131255,1.68947,0,9.34168
9.36149,0.833748,1.07028,-1.39243,0,0,0,0,25,27,0,0,0,0,0,traj_sz=100
9.36159,0.833748,1.07028,-1.39243,0.84552,1.01245,-1.4216,0.1126,26,27,0.0589988,0.108433,-0.129904,1.68957,0,9.36159
9.38153,0.834219,1.06808,-1.39616,0,0,0,0,26,27,0,0,0,0,0,traj_sz=100
9.38166,0.834219,1.06808,-1.39616,0.84552,1.01245,-1.4216,0.1126,26,27,0.0567467,0.108466,-0.12734,1.68947,0,9.38166
9.40163,0.834802,1.06583,-1.3974,0,0,0,0,26,27,0,0,0,0,0,traj_sz=100
9.40179,0.834802,1.06583,-1.3974,0.85166,0.971596,-1.45304,0.115632,26,28,0.0957336,0.108438,-0.12853,1.68927,0,9.40179
9.42155,0.834831,1.06468,-1.39652,0,0,0,0,26,28,0,0,0,0,0,traj_sz=100
9.42167,0.834831,1.06468,-1.39652,0.85166,0.971596,-1.45304,0.115632,26,28,0.0945931,0.109563,-0.126527,1.68944,0,9.42167
9.44143,0.835982,1.0603,-1.40445,0,0,0,0,26,28,0,0,0,0,0,traj_sz=100
9.44158,0.835982,1.0603,-1.40445,0.85166,0.971596,-1.45304,0.115632,26,28,0.0900735,0.1073,-0.124082,1.68905,0,9.44158
9.46156,0.836099,1.05924,-1.40493,0,0,0,0,26,28,0,0,0,0,0,traj_sz=100
9.46171,0.836099,1.05924,-1.40493,0.85166,0.971596,-1.45304,0.115632,26,28,0.0890085,0.108527,-0.122413,1.68911,0,9.46171
9.48153,0.836475,1.0581,-1.40773,0,0,0,0,26,28,0,0,0,0,0,traj_sz=100
9.48164,0.836475,1.0581,-1.40773,0.85166,0.971596,-1.45304,0.115632,26,28,0.0878186,0.1096,-0.122229,1.68894,0,9.48164
9.50147,0.836705,1.05592,-1.40798,0,0,0,0,26,28,0,0,0,0,0,traj_sz=100
9.50158,0.836705,1.05592,-1.40798,0.85166,0.971596,-1.45304,0.115632,26,28,0.0856332,0.109686,-0.119309,1.68909,0,9.50158
9.52148,0.837187,1.05489,-1.4117,0,0,0,0,26,28,0,0,0,0,0,traj_sz=100
9.52157,0.837187,1.05489,-1.4117,0.85166,0.971596,-1.45304,0.115632,26,28,0.0845381,0.110858,-0.120185,1.6888,0,9.52157
9.54145,0.837851,1.05063,-1.41469,0,0,0,0,26,28,0,0,0,0,0,traj_sz=100
9.54155,0.837851,1.05063,-1.41469,0.85166,0.971596,-1.45304,0.115632,26,28,0.0802165,0.108823,-0.115346,1.68889,0,9.54155
9.56141,0.83786,1.04956,-1.4136,0,0,0,0,26,28,0,0,0,0,0,traj_sz=100
9.56159,0.83786,1.04956,-1.4136,0.85166,0.971596,-1.45304,0.115632,26,28,0.0791599,0.110119,-0.113458,1.68908,0,9.56159
9.58144,0.83833,1.0486,-1.4172,0,0,0,0,26,28,0,0,0,0,0,traj_sz=100
9.58155,0.83833,1.0486,-1.4172,0.85166,0.971596,-1.45304,0.115632,26,28,0.0781352,0.111434,-0.114473,1.68878,0,9.58155
9.60153,0.83856,1.04653,-1.41825,0,0,0,0,26,28,0,0,0,0,0,traj_sz=100
9.60163,0.83856,1.04653,-1.41825,0.85166,0.971596,-1.45304,0.115632,26,28,0.076056,0.111715,-0.111129,1.68893,0,9.60163
9.62142,0.839031,1.04541,-1.42081,0,0,0,0,26,28,0,0,0,0,0,traj_sz=100
9.62158,0.839031,1.04541,-1.42081,0.85166,0.971596,-1.45304,0.115632,26,28,0.0748755,0.112871,-0.112643,1.68867,0,9.62158
9.64152,0.839141,1.04305,-1.42202,0,0,0,0,26,28,0,0,0,0,0,traj_sz=100
9.64165,0.839141,1.04305,-1.42202,0.85166,0.971596,-1.45304,0.115632,26,28,0.0725165,0.112876,-0.106539,1.68899,0,9.64165
9.66144,0.839751,1.04083,-1.42556,0,0,0,0,26,28,0,0,0,0,0,traj_sz=100
9.66158,0.839751,1.04083,-1.42556,0.85166,0.971596,-1.45304,0.115632,26,28,0.0702312,0.112928,-0.106154,1.68879,0,9.66158
9.68136,0.840289,1.03842,-1.42849,0,0,0,0,26,28,0,0,0,0,0,traj_sz=100
9.68144,0.840289,1.03842,-1.42849,0.85166,0.971596,-1.45304,0.115632,26,28,0.0677573,0.112786,-0.104679,1.68871,0,9.68144
9.70152,0.840343,1.03594,-1.42908,0,0,0,0,26,28,0,0,0,0,0,traj_sz=100
9.70161,0.840343,1.03594,-1.42908,0.85166,0.971596,-1.45304,0.115632,26,28,0.0652931,0.112699,-0.0980001,1.68911,0,9.70161
9.72157,0.841082,1.0335,-1.43268,0,0,0,0,26,28,0,0,0,0,0,traj_sz=100
9.72171,0.841082,1.0335,-1.43268,0.85166,0.971596,-1.45304,0.115632,26,28,0.062769,0.112527,-0.0988314,1.68884,0,9.72171
9.74152,0.841645,1.02981,-1.43613,0,0,0,0,26,28,0,0,0,0,0,traj_sz=100
9.74165,0.841645,1.02981,-1.43613,0.85166,0.971596,-1.45304,0.115632,27,28,0.0590324,0.111135,-0.091333,1.68898,0,9.74165
9.7615,0.841911,1.02856,-1.4374,0,0,0,0,27,28,0,0,0,0,0,traj_sz=100
9.76167,0.841911,1.02856,-1.4374,0.85166,0.971596,-1.45304,0.115632,27,28,0.0577542,0.112206,-0.0913423,1.68896,0,9.76167
9.78157,0.841906,1.02727,-1.43734,0,0,0,0,27,28,0,0,0,0,0,traj_sz=100
9.78172,0.841906,1.02727,-1.43734,0.85166,0.971596,-1.45304,0.115632,27,28,0.0564764,0.113287,-0.08846,1.68921,0,9.78172
9.80158,0.842377,1.02478,-1.43981,0,0,0,0,27,28,0,0,0,0,0,traj_sz=100
9.80169,0.842377,1.02478,-1.43981,0.856644,0.929468,-1.47687,0.11859,27,29,0.0963593,0.113096,-0.0876576,1.68923,0,9.80169
9.82152,0.84317,1.02227,-1.44497,0,0,0,0,27,29,0,0,0,0,0,traj_sz=100
9.82163,0.84317,1.02227,-1.44497,0.856644,0.929468,-1.47687,0.11859,27,29,0.0937568,0.112827,-0.0891817,1.68893,0,9.82163
9.84141,0.843705,1.01855,-1.44919,0,0,0,0,27,29,0,0,0,0,0,traj_sz=100
9.84152,0.843705,1.01855,-1.44919,0.856644,0.929468,-1.47687,0.11859,27,29,0.0899982,0.111409,-0.085035,1.68913,0,9.84152
9.86147,0.843742,1.01718,-1.4487,0,0,0,0,27,29,0,0,0,0,0,traj_sz=100
9.86156,0.843742,1.01718,-1.4487,0.856644,0.929468,-1.47687,0.11859,27,29,0.0886311,0.112396,-0.0829648,1.68937,0,9.86156
9.88166,0.843908,1.01589,-1.449,0,0,0,0,27,29,0,0,0,0,0,traj_sz=100
9.88185,0.843908,1.01589,-1.449,0.856644,0.929468,-1.47687,0.11859,27,29,0.0873273,0.113467,-0.0822751,1.68946,0,9.88185
9.90156,0.844497,1.01346,-1.45238,0,0,0,0,27,29,0,0,0,0,0,traj_sz=100
9.90165,0.844497,1.01346,-1.45238,0.856644,0.929468,-1.47687,0.11859,27,29,0.0848349,0.113298,-0.0825417,1.68936,0,9.90165
9.92165,0.844566,1.01221,-1.45226,0,0,0,0,27,29,0,0,0,0,0,traj_sz=100
9.92179,0.844566,1.01221,-1.45226,0.856644,0.929468,-1.47687,0.11859,27,29,0.0835895,0.114473,-0.0808996,1.68955,0,9.92179
9.94146,0.845135,1.00709,-1.45542,0,0,0,0,27,29,0,0,0,0,0,traj_sz=100
9.94157,0.845135,1.00709,-1.45542,0.856644,0.929468,-1.47687,0.11859,27,29,0.0784279,0.111712,-0.0750655,1.69002,0,9.94157
9.96168,0.845135,1.00709,-1.45542,0,0,0,0,27,29,0,0,0,0,0,traj_sz=100
9.96179,0.845135,1.00709,-1.45542,0.856644,0.929468,-1.47687,0.11859,27,29,0.0784279,0.114156,-0.0750655,1.69002,0,9.96179
9.9815,0.845596,1.00463,-1.45921,0,0,0,0,27,29,0,0,0,0,0,traj_sz=100
9.98169,0.845596,1.00463,-1.45921,0.856644,0.929468,-1.47687,0.11859,27,29,0.0759275,0.114061,-0.0730326,1.69007,0,9.98169
10.0016,0.846168,1.00211,-1.46146,0,0,0,0,27,29,0,0,0,0,0,traj_sz=100
10.0018,0.846168,1.00211,-1.46146,0.856644,0.929468,-1.47687,0.11859,27,29,0.0733467,0.113908,-0.0738493,1.69003,0,10.0018
10.0215,0.84617,1.00083,-1.46148,0,0,0,0,27,29,0,0,0,0,0,traj_sz=100
10.0218,0.84617,1.00083,-1.46148,0.856644,0.929468,-1.47687,0.11859,27,29,0.0720834,0.115055,-0.0710291,1.69029,0,10.0218
10.0415,0.846603,0.998216,-1.46303,0,0,0,0,27,29,0,0,0,0,0,traj_sz=100
10.0416,0.846603,0.998216,-1.46303,0.856644,0.929468,-1.47687,0.11859,27,29,0.0694293,0.114808,-0.070228,1.69041,0,10.0416
10.0615,0.847231,0.994357,-1.46677,0,0,0,0,27,29,0,0,0,0,0,traj_sz=100
10.0615,0.847231,0.994357,-1.46677,0.856644,0.929468,-1.47687,0.11859,27,29,0.0655153,0.113305,-0.067567,1.6906,0,10.0615
10.0814,0.847243,0.993086,-1.4663,0,0,0,0,27,29,0,0,0,0,0,traj_sz=100
10.0815,0.847243,0.993086,-1.4663,0.856644,0.929468,-1.47687,0.11859,27,29,0.064252,0.114455,-0.0653292,1.69086,0,10.0815
10.1015,0.847654,0.990514,-1.46829,0,0,0,0,27,29,0,0,0,0,0,traj_sz=100
10.1016,0.847654,0.990514,-1.46829,0.856644,0.929468,-1.47687,0.11859,28,29,0.0616455,0.114284,-0.0550327,1.691,0,10.1016
10.1215,0.847601,0.989072,-1.46772,0,0,0,0,28,29,0,0,0,0,0,traj_sz=100
10.1216,0.847601,0.989072,-1.46772,0.856644,0.929468,-1.47687,0.11859,28,29,0.060218,0.115266,-0.0522354,1.69136,0,10.1216
10.1414,0.848732,0.983841,-1.47492,0,0,0,0,28,29,0,0,0,0,0,traj_sz=100
10.1415,0.848732,0.983841,-1.47492,0.860725,0.886153,-1.49249,0.121082,28,30,0.0983878,0.112343,-0.0533791,1.69138,0,10.1415
10.1614,0.848739,0.982489,-1.47475,0,0,0,0,28,30,0,0,0,0,0,traj_sz=100
10.1615,0.848739,0.982489,-1.47475,0.860725,0.886153,-1.49249,0.121082,28,30,0.0970418,0.113418,-0.0512446,1.69166,0,10.1615
10.1816,0.849408,0.979882,-1.47879,0,0,0,0,28,30,0,0,0,0,0,traj_sz=100
10.1817,0.849408,0.979882,-1.47879,0.860725,0.886153,-1.49249,0.121082,28,30,0.0943721,0.11318,-0.0529824,1.69158,0,10.1817
10.2015,0.8494,0.978622,-1.4777,0,0,0,0,28,30,0,0,0,0,0,traj_sz=100
10.2018,0.8494,0.978622,-1.4777,0.860725,0.886153,-1.49249,0.121082,28,30,0.0931214,0.114355,-0.0516276,1.69186,0,10.2018
10.2215,0.84944,0.977299,-1.47674,0,0,0,0,28,30,0,0,0,0,0,traj_sz=100
10.2217,0.84944,0.977299,-1.47674,0.860725,0.886153,-1.49249,0.121082,28,30,0.091803,0.115447,-0.0507525,1.69212,0,10.2217
10.2415,0.849888,0.974745,-1.48015,0,0,0,0,28,30,0,0,0,0,0,traj_sz=100
10.2417,0.849888,0.974745,-1.48015,0.860725,0.886153,-1.49249,0.121082,28,30,0.0892095,0.115272,-0.0498613,1.69224,0,10.2417
10.2615,0.850126,0.970817,-1.48029,0,0,0,0,28,30,0,0,0,0,0,traj_sz=100
10.2617,0.850126,0.970817,-1.48029,0.860725,0.886153,-1.49249,0.121082,28,30,0.0852757,0.113755,-0.0463573,1.69289,0,10.2617
10.2816,0.850669,0.969426,-1.48442,0,0,0,0,28,30,0,0,0,0,0,traj_sz=100
10.2817,0.850669,0.969426,-1.48442,0.860725,0.886153,-1.49249,0.121082,28,30,0.08383,0.114754,-0.0482796,1.69267,0,10.2817
10.3015,0.850685,0.966881,-1.48459,0,0,0,0,28,30,0,0,0,0,0,traj_sz=100
10.3016,0.850685,0.966881,-1.48459,0.860725,0.886153,-1.49249,0.121082,28,30,0.0812923,0.114684,-0.043873,1.69323,0,10.3016
10.3216,0.851274,0.965699,-1.48588,0,0,0,0,28,30,0,0,0,0,0,traj_sz=100
10.3218,0.851274,0.965699,-1.48588,0.860725,0.886153,-1.49249,0.121082,28,30,0.0800607,0.115921,-0.0493991,1.69292,0,10.3218
10.3415,0.851293,0.963035,-1.48609,0,0,0,0,28,30,0,0,0,0,0,traj_sz=100
10.3417,0.851293,0.963035,-1.48609,0.860725,0.886153,-1.49249,0.121082,28,30,0.0774039,0.115743,-0.0448004,1.69351,0,10.3417
10.3616,0.851716,0.960584,-1.48934,0,0,0,0,28,30,0,0,0,0,0,traj_sz=100
10.3618,0.851716,0.960584,-1.48934,0.860725,0.886153,-1.49249,0.121082,28,30,0.074917,0.115748,-0.0438565,1.69366,0,10.3618
10.3816,0.851897,0.958026,-1.48991,0,0,0,0,28,30,0,0,0,0,0,traj_sz=100
10.3816,0.851897,0.958026,-1.48991,0.860725,0.886153,-1.49249,0.121082,28,30,0.0723509,0.115639,-0.0415287,1.69407,0,10.3816
10.4015,0.852265,0.955503,-1.49259,0,0,0,0,28,30,0,0,0,0,0,traj_sz=100
10.4016,0.852265,0.955503,-1.49259,0.860725,0.886153,-1.49249,0.121082,28,30,0.0697988,0.115561,-0.0401513,1.6943,0,10.4016
10.4216,0.852492,0.954144,-1.49151,0,0,0,0,28,30,0,0,0,0,0,traj_sz=100
10.4218,0.852492,0.954144,-1.49151,0.860725,0.886153,-1.49249,0.121082,28,30,0.0684299,0.116677,-0.0421243,1.6944,0,10.4218
10.4415,0.852842,0.951596,-1.49306,0,0,0,0,28,30,0,0,0,0,0,traj_sz=100
10.4417,0.852842,0.951596,-1.49306,0.860725,0.886153,-1.49249,0.121082,28,30,0.0658574,0.116567,-0.0414491,1.69466,0,10.4417
10.4615,0.852911,0.947936,-1.49382,0,0,0,0,28,30,0,0,0,0,0,traj_sz=100
10.4616,0.852911,0.947936,-1.49382,0.860725,0.886153,-1.49249,0.121082,29,30,0.0622012,0.115387,-0.0212256,1.69545,0,10.4616
10.4815,0.85294,0.946653,-1.49414,0,0,0,0,29,30,0,0,0,0,0,traj_sz=100
10.4816,0.85294,0.946653,-1.49414,0.860725,0.886153,-1.49249,0.121082,29,30,0.0609183,0.116577,-0.0195643,1.69573,0,10.4816
10.5016,0.85358,0.944267,-1.49649,0,0,0,0,29,30,0,0,0,0,0,traj_sz=100
10.5017,0.85358,0.944267,-1.49649,0.864199,0.841868,-1.49933,0.12281,29,31,0.102904,0.116623,-0.0236496,1.69568,0,10.5017
10.5215,0.853605,0.942974,-1.49677,0,0,0,0,29,31,0,0,0,0,0,traj_sz=100
10.5217,0.853605,0.942974,-1.49677,0.864199,0.841868,-1.49933,0.12281,29,31,0.101613,0.117794,-0.0219561,1.69596,0,10.5217
10.5415,0.853998,0.93799,-1.49766,0,0,0,0,29,31,0,0,0,0,0,traj_sz=100
10.5416,0.853998,0.93799,-1.49766,0.864199,0.841868,-1.49933,0.12281,29,31,0.0966102,0.115264,-0.0200154,1.69678,0,10.5416
10.5615,0.854061,0.936765,-1.49836,0,0,0,0,29,31,0,0,0,0,0,traj_sz=100
10.5616,0.854061,0.936765,-1.49836,0.864199,0.841868,-1.49933,0.12281,29,31,0.0953823,0.116514,-0.0186063,1.69702,0,10.5616
10.5817,0.854026,0.935567,-1.49797,0,0,0,0,29,31,0,0,0,0,0,traj_sz=100
10.5818,0.854026,0.935567,-1.49797,0.864199,0.841868,-1.49933,0.12281,29,31,0.0941908,0.117816,-0.016749,1.69735,0,10.5818
10.6016,0.854771,0.933103,-1.5015,0,0,0,0,29,31,0,0,0,0,0,traj_sz=100
10.6017,0.854771,0.933103,-1.5015,0.864199,0.841868,-1.49933,0.12281,29,31,0.0916686,0.117749,-0.0212184,1.69723,0,10.6017
10.6215,0.854724,0.93187,-1.50098,0,0,0,0,29,31,0,0,0,0,0,traj_sz=100
10.6217,0.854724,0.93187,-1.50098,0.864199,0.841868,-1.49933,0.12281,29,31,0.0904438,0.118993,-0.0192496,1.69758,0,10.6217
10.6414,0.855363,0.926873,-1.50425,0,0,0,0,29,31,0,0,0,0,0,traj_sz=100
10.6415,0.855363,0.926873,-1.50425,0.864199,0.841868,-1.49933,0.12281,29,31,0.0854041,0.116416,-0.0188244,1.6982,0,10.6415
10.6614,0.855291,0.925602,-1.50249,0,0,0,0,29,31,0,0,0,0,0,traj_sz=100
10.6615,0.855291,0.925602,-1.50249,0.864199,0.841868,-1.49933,0.12281,29,31,0.0841463,0.117656,-0.0175457,1.69858,0,10.6615
10.6815,0.855757,0.924266,-1.50495,0,0,0,0,29,31,0,0,0,0,0,traj_sz=100
10.6818,0.855757,0.924266,-1.50495,0.864199,0.841868,-1.49933,0.12281,29,31,0.0827749,0.118825,-0.0204075,1.69847,0,10.6818
10.7016,0.855771,0.921509,-1.50428,0,0,0,0,29,31,0,0,0,0,0,traj_sz=100
10.7016,0.855771,0.921509,-1.50428,0.864199,0.841868,-1.49933,0.12281,29,31,0.0800249,0.118571,-0.0173511,1.69914,0,10.7016
10.7215,0.856127,0.918988,-1.50686,0,0,0,0,29,31,0,0,0,0,0,traj_sz=100
10.7216,0.856127,0.918988,-1.50686,0.864199,0.841868,-1.49933,0.12281,29,31,0.077478,0.118529,-0.0167902,1.69944,0,10.7216
10.7415,0.856345,0.917671,-1.50743,0,0,0,0,29,31,0,0,0,0,0,traj_sz=100
10.7418,0.856345,0.917671,-1.50743,0.864199,0.841868,-1.49933,0.12281,29,31,0.076148,0.119717,-0.0176862,1.69956,0,10.7418
10.7615,0.856373,0.913778,-1.50518,0,0,0,0,29,31,0,0,0,0,0,traj_sz=100
10.7616,0.856373,0.913778,-1.50518,0.864199,0.841868,-1.49933,0.12281,29,31,0.072268,0.11833,-0.0146444,1.70053,0,10.7616
10.7816,0.856376,0.912471,-1.50522,0,0,0,0,29,31,0,0,0,0,0,traj_sz=100
10.7819,0.856376,0.912471,-1.50522,0.864199,0.841868,-1.49933,0.12281,29,31,0.0709639,0.119548,-0.0128193,1.70086,0,10.7819
10.8015,0.856822,0.909949,-1.5074,0,0,0,0,29,31,0,0,0,0,0,traj_sz=100
10.8016,0.856822,0.909949,-1.5074,0.864199,0.841868,-1.49933,0.12281,29,31,0.068412,0.119485,-0.0139609,1.70108,0,10.8016
10.8217,0.857049,0.908693,-1.50841,0,0,0,0,29,31,0,0,0,0,0,traj_sz=100
10.8218,0.857049,0.908693,-1.50841,0.864199,0.841868,-1.49933,0.12281,29,31,0.067141,0.120743,-0.014689,1.70119,0,10.8218
10.8416,0.857056,0.906139,-1.50782,0,0,0,0,29,31,0,0,0,0,0,traj_sz=100
10.8418,0.857056,0.906139,-1.50782,0.864199,0.841868,-1.49933,0.12281,30,31,0.0645933,0.1207,0.00831754,1.70185,0,10.8418
10.8615,0.857523,0.902181,-1.51149,0,0,0,0,30,31,0,0,0,0,0,traj_sz=100
10.8616,0.857523,0.902181,-1.51149,0.864199,0.841868,-1.49933,0.12281,30,31,0.0606025,0.119206,0.00927595,1.70243,0,10.8616
10.8815,0.857444,0.900815,-1.50869,0,0,0,0,30,31,0,0,0,0,0,traj_sz=100
10.8816,0.857444,0.900815,-1.50869,0.867417,0.796928,-1.49689,0.123515,30,32,0.104306,0.120353,0.00954312,1.70287,0,10.8816
10.9015,0.858083,0.898116,-1.51293,0,0,0,0,30,32,0,0,0,0,0,traj_sz=100
10.9017,0.858083,0.898116,-1.51293,0.867417,0.796928,-1.49689,0.123515,30,32,0.101558,0.120127,0.00697611,1.70297,0,10.9017
10.9215,0.858039,0.896693,-1.51245,0,0,0,0,30,32,0,0,0,0,0,traj_sz=100
10.9217,0.858039,0.896693,-1.51245,0.867417,0.796928,-1.49689,0.123515,30,32,0.100142,0.121224,0.00886417,1.70339,0,10.9217
10.9416,0.858096,0.893867,-1.51172,0,0,0,0,30,32,0,0,0,0,0,traj_sz=100
10.9418,0.858096,0.893867,-1.51172,0.867417,0.796928,-1.49689,0.123515,30,32,0.0973199,0.120918,0.0106708,1.70408,0,10.9418
10.9615,0.858631,0.889786,-1.51299,0,0,0,0,30,32,0,0,0,0,0,traj_sz=100
10.9616,0.858631,0.889786,-1.51299,0.867417,0.796928,-1.49689,0.123515,30,32,0.09321,0.119294,0.00860975,1.70467,0,10.9616
10.9815,0.858663,0.888307,-1.51335,0,0,0,0,30,32,0,0,0,0,0,traj_sz=100
10.9816,0.858663,0.888307,-1.51335,0.867417,0.796928,-1.49689,0.123515,30,32,0.0917305,0.120319,0.0101827,1.70504,0,10.9816
11.0016,0.859144,0.885463,-1.51708,0,0,0,0,30,32,0,0,0,0,0,traj_sz=100
11.0018,0.859144,0.885463,-1.51708,0.867417,0.796928,-1.49689,0.123515,30,32,0.0888512,0.119974,0.00968293,1.70535,0,11.0018
11.0216,0.859075,0.884053,-1.51631,0,0,0,0,30,32,0,0,0,0,0,traj_sz=100
11.0218,0.859075,0.884053,-1.51631,0.867417,0.796928,-1.49689,0.123515,30,32,0.0874496,0.121084,0.0116823,1.7058,0,11.0218
11.0416,0.859899,0.878519,-1.52028,0,0,0,0,30,32,0,0,0,0,0,traj_sz=100
11.0417,0.859899,0.878519,-1.52028,0.867417,0.796928,-1.49689,0.123515,30,32,0.0818669,0.118008,0.00942538,1.70652,0,11.0417
11.0617,0.859874,0.877118,-1.51902,0,0,0,0,30,32,0,0,0,0,0,traj_sz=100
11.0618,0.859874,0.877118,-1.51902,0.867417,0.796928,-1.49689,0.123515,30,32,0.0804727,0.119149,0.010305,1.70694,0,11.0618
11.0816,0.859871,0.875706,-1.51786,0,0,0,0,30,32,0,0,0,0,0,traj_sz=100
11.0817,0.859871,0.875706,-1.51786,0.867417,0.796928,-1.49689,0.123515,30,32,0.0790666,0.12024,0.0109763,1.70733,0,11.0817
11.1016,0.859903,0.872899,-1.51821,0,0,0,0,30,32,0,0,0,0,0,traj_sz=100
11.1017,0.859903,0.872899,-1.51821,0.867417,0.796928,-1.49689,0.123515,30,32,0.076261,0.119959,0.0141049,1.70808,0,11.1017
11.1216,0.860398,0.871513,-1.5206,0,0,0,0,30,32,0,0,0,0,0,traj_sz=100
11.1217,0.860398,0.871513,-1.5206,0.867417,0.796928,-1.49689,0.123515,30,32,0.0748435,0.121051,0.0104635,1.70799,0,11.1217
11.1415,0.860496,0.866064,-1.52167,0,0,0,0,30,32,0,0,0,0,0,traj_sz=100
11.1416,0.860496,0.866064,-1.52167,0.867417,0.796928,-1.49689,0.123515,30,32,0.0693927,0.118108,0.0163684,1.70944,0,11.1416
11.1615,0.860496,0.866064,-1.52167,0,0,0,0,30,32,0,0,0,0,0,traj_sz=100
11.1617,0.860496,0.866064,-1.52167,0.867417,0.796928,-1.49689,0.123515,30,32,0.0693927,0.120641,0.0163684,1.70944,0,11.1617
11.1816,0.860866,0.863225,-1.52307,0,0,0,0,30,32,0,0,0,0,0,traj_sz=100
11.1817,0.860866,0.863225,-1.52307,0.867417,0.796928,-1.49689,0.123515,31,32,0.066534,0.120295,0.0412575,1.70989,0,11.1817
11.2016,0.860926,0.860633,-1.52232,0,0,0,0,31,32,0,0,0,0,0,traj_sz=100
11.2016,0.860926,0.860633,-1.52232,0.867417,0.796928,-1.49689,0.123515,31,32,0.0639445,0.120218,0.0424501,1.71057,0,11.2016
11.2216,0.861078,0.859214,-1.52252,0,0,0,0,31,32,0,0,0,0,0,traj_sz=100
11.2217,0.861078,0.859214,-1.52252,0.867417,0.796928,-1.49689,0.123515,31,32,0.0625192,0.121312,0.0418745,1.71083,0,11.2217
11.2415,0.861489,0.853828,-1.52454,0,0,0,0,31,32,0,0,0,0,0,traj_sz=100
11.2416,0.861489,0.853828,-1.52454,0.870763,0.751737,-1.48488,0.123038,31,33,0.102411,0.118421,0.0433277,1.71199,0,11.2416
11.2615,0.861489,0.853828,-1.52454,0,0,0,0,31,33,0,0,0,0,0,traj_sz=100
11.2616,0.861489,0.853828,-1.52454,0.870763,0.751737,-1.48488,0.123038,31,33,0.102411,0.120934,0.0433277,1.71199,0,11.2616
11.2814,0.861485,0.851097,-1.5245,0,0,0,0,31,33,0,0,0,0,0,traj_sz=100
11.2815,0.861485,0.851097,-1.5245,0.870763,0.751737,-1.48488,0.123038,31,33,0.099683,0.120717,0.0462749,1.71279,0,11.2815
11.3015,0.861992,0.848317,-1.52848,0,0,0,0,31,33,0,0,0,0,0,traj_sz=100
11.3018,0.861992,0.848317,-1.52848,0.870763,0.751737,-1.48488,0.123038,31,33,0.0968644,0.120446,0.045243,1.71311,0,11.3018
11.3215,0.862012,0.846875,-1.5287,0,0,0,0,31,33,0,0,0,0,0,traj_sz=100
11.3217,0.862012,0.846875,-1.5287,0.870763,0.751737,-1.48488,0.123038,31,33,0.0954222,0.121516,0.0466894,1.71352,0,11.3217
11.3416,0.862224,0.841396,-1.5279,0,0,0,0,31,33,0,0,0,0,0,traj_sz=100
11.3418,0.862224,0.841396,-1.5279,0.870763,0.751737,-1.48488,0.123038,31,33,0.0899431,0.118559,0.0486571,1.71493,0,11.3418
11.3616,0.862264,0.84,-1.5274,0,0,0,0,31,33,0,0,0,0,0,traj_sz=100
11.3617,0.862264,0.84,-1.5274,0.870763,0.751737,-1.48488,0.123038,31,33,0.0885481,0.119674,0.0491095,1.71531,0,11.3617
11.3816,0.862602,0.838725,-1.53039,0,0,0,0,31,33,0,0,0,0,0,traj_sz=100
11.3818,0.862602,0.838725,-1.53039,0.870763,0.751737,-1.48488,0.123038,31,33,0.0872465,0.120891,0.0481085,1.71536,0,11.3818
11.4015,0.862639,0.83586,-1.52994,0,0,0,0,31,33,0,0,0,0,0,traj_sz=100
11.4016,0.862639,0.83586,-1.52994,0.870763,0.751737,-1.48488,0.123038,31,33,0.0843851,0.120501,0.0502227,1.71619,0,11.4016
11.4215,0.86263,0.834585,-1.52984,0,0,0,0,31,33,0,0,0,0,0,traj_sz=100
11.4217,0.86263,0.834585,-1.52984,0.870763,0.751737,-1.48488,0.123038,31,33,0.0831115,0.121737,0.0516309,1.71658,0,11.4217
11.4415,0.863351,0.831791,-1.53279,0,0,0,0,31,33,0,0,0,0,0,traj_sz=100
11.4417,0.863351,0.831791,-1.53279,0.870763,0.751737,-1.48488,0.123038,31,33,0.0802782,0.121393,0.0464896,1.71673,0,11.4417
11.4614,0.863299,0.827785,-1.53018,0,0,0,0,31,33,0,0,0,0,0,traj_sz=100
11.4615,0.863299,0.827785,-1.53018,0.870763,0.751737,-1.48488,0.123038,31,33,0.076288,0.119875,0.0492104,1.71799,0,11.4615
11.4814,0.863276,0.826438,-1.52993,0,0,0,0,31,33,0,0,0,0,0,traj_sz=100
11.4816,0.863276,0.826438,-1.52993,0.870763,0.751737,-1.48488,0.123038,31,33,0.074945,0.121037,0.0507685,1.71842,0,11.4816
11.5015,0.863503,0.823805,-1.5294,0,0,0,0,31,33,0,0,0,0,0,traj_sz=100
11.5016,0.863503,0.823805,-1.5294,0.870763,0.751737,-1.48488,0.123038,31,33,0.072307,0.12089,0.0497208,1.71901,0,11.5016
11.5216,0.864009,0.822368,-1.53314,0,0,0,0,31,33,0,0,0,0,0,traj_sz=100
11.5218,0.864009,0.822368,-1.53314,0.870763,0.751737,-1.48488,0.123038,31,33,0.070835,0.121942,0.0470528,1.71897,0,11.5218
11.5415,0.863971,0.819628,-1.53272,0,0,0,0,31,33,0,0,0,0,0,traj_sz=100
11.5417,0.863971,0.819628,-1.53272,0.870763,0.751737,-1.48488,0.123038,31,33,0.0681007,0.121692,0.0501818,1.71985,0,11.5417
11.5616,0.864019,0.815433,-1.53104,0,0,0,0,31,33,0,0,0,0,0,traj_sz=100
11.5617,0.864019,0.815433,-1.53104,0.870763,0.751737,-1.48488,0.123038,32,33,0.0639139,0.120002,0.08417,1.7211,0,11.5617
11.5815,0.864519,0.81407,-1.53344,0,0,0,0,32,33,0,0,0,0,0,traj_sz=100
11.5816,0.864519,0.81407,-1.53344,0.870763,0.751737,-1.48488,0.123038,32,33,0.0625223,0.121088,0.0803629,1.72105,0,11.5816
11.6015,0.864595,0.811205,-1.53278,0,0,0,0,32,33,0,0,0,0,0,traj_sz=100
11.6016,0.864595,0.811205,-1.53278,0.874636,0.706765,-1.46326,0.121328,32,34,0.104746,0.120717,0.0818041,1.72187,0,11.6016
11.6216,0.86457,0.809824,-1.53161,0,0,0,0,32,34,0,0,0,0,0,traj_sz=100
11.6217,0.86457,0.809824,-1.53161,0.874636,0.706765,-1.46326,0.121328,32,34,0.103375,0.121855,0.082645,1.72233,0,11.6217
11.6415,0.865157,0.80698,-1.53385,0,0,0,0,32,34,0,0,0,0,0,traj_sz=100
11.6417,0.865157,0.80698,-1.53385,0.874636,0.706765,-1.46326,0.121328,32,34,0.100497,0.121469,0.0790469,1.72267,0,11.6417
11.6615,0.865157,0.802713,-1.53261,0,0,0,0,32,34,0,0,0,0,0,traj_sz=100
11.6616,0.865157,0.802713,-1.53261,0.874636,0.706765,-1.46326,0.121328,32,34,0.0962397,0.119695,0.0826528,1.72402,0,11.6616
11.6815,0.865133,0.801225,-1.5314,0,0,0,0,32,34,0,0,0,0,0,traj_sz=100
11.6816,0.865133,0.801225,-1.5314,0.874636,0.706765,-1.46326,0.121328,32,34,0.0947605,0.120707,0.0835746,1.72451,0,11.6816
11.7016,0.865737,0.798432,-1.53285,0,0,0,0,32,34,0,0,0,0,0,traj_sz=100
11.7017,0.865737,0.798432,-1.53285,0.874636,0.706765,-1.46326,0.121328,32,34,0.0919385,0.120385,0.0789353,1.72483,0,11.7017
11.7214,0.865686,0.797006,-1.5323,0,0,0,0,32,34,0,0,0,0,0,traj_sz=100
11.7215,0.865686,0.797006,-1.5323,0.874636,0.706765,-1.46326,0.121328,32,34,0.0905189,0.121441,0.0807708,1.72534,0,11.7215
11.7417,0.865816,0.794088,-1.53027,0,0,0,0,32,34,0,0,0,0,0,traj_sz=100
11.7419,0.865816,0.794088,-1.53027,0.874636,0.706765,-1.46326,0.121328,32,34,0.0876088,0.121049,0.0802439,1.72615,0,11.7419
11.7615,0.866204,0.789779,-1.53098,0,0,0,0,32,34,0,0,0,0,0,traj_sz=100
11.7616,0.866204,0.789779,-1.53098,0.874636,0.706765,-1.46326,0.121328,32,34,0.083284,0.119141,0.0798374,1.72718,0,11.7616
11.7816,0.866174,0.788384,-1.52825,0,0,0,0,32,34,0,0,0,0,0,traj_sz=100
11.7816,0.866174,0.788384,-1.52825,0.874636,0.706765,-1.46326,0.121328,32,34,0.0819047,0.1202,0.0793871,1.72766,0,11.7816
11.8014,0.86637,0.785568,-1.52873,0,0,0,0,32,34,0,0,0,0,0,traj_sz=100
11.8016,0.86637,0.785568,-1.52873,0.874636,0.706765,-1.46326,0.121328,32,34,0.0790807,0.119821,0.0799998,1.72839,0,11.8016
11.8214,0.866719,0.784165,-1.53028,0,0,0,0,32,34,0,0,0,0,0,traj_sz=100
11.8215,0.866719,0.784165,-1.53028,0.874636,0.706765,-1.46326,0.121328,32,34,0.0776574,0.120831,0.0777269,1.72852,0,11.8215
11.8415,0.866868,0.778596,-1.52679,0,0,0,0,32,34,0,0,0,0,0,traj_sz=100
11.8416,0.866868,0.778596,-1.52679,0.874636,0.706765,-1.46326,0.121328,32,34,0.0721031,0.117713,0.0785227,1.73021,0,11.8416
11.8614,0.866802,0.777189,-1.52497,0,0,0,0,32,34,0,0,0,0,0,traj_sz=100
11.8616,0.866802,0.777189,-1.52497,0.874636,0.706765,-1.46326,0.121328,32,34,0.0707091,0.11876,0.0794364,1.73074,0,11.8616
11.8814,0.867445,0.775782,-1.52642,0,0,0,0,32,34,0,0,0,0,0,traj_sz=100
11.8815,0.867445,0.775782,-1.52642,0.874636,0.706765,-1.46326,0.121328,32,34,0.0692683,0.119744,0.0726752,1.7306,0,11.8815
11.9015,0.867468,0.772905,-1.52667,0,0,0,0,32,34,0,0,0,0,0,traj_sz=100
11.9016,0.867468,0.772905,-1.52667,0.874636,0.706765,-1.46326,0.121328,33,34,0.0663914,0.11933,0.113277,1.73153,0,11.9016
11.9215,0.867439,0.77148,-1.52635,0,0,0,0,33,34,0,0,0,0,0,traj_sz=100
11.9216,0.867439,0.77148,-1.52635,0.874636,0.706765,-1.46326,0.121328,33,34,0.0649706,0.120362,0.115263,1.73203,0,11.9216
11.9416,0.86763,0.768629,-1.52475,0,0,0,0,33,34,0,0,0,0,0,traj_sz=100
11.9417,0.86763,0.768629,-1.52475,0.874636,0.706765,-1.46326,0.121328,33,34,0.0621208,0.119959,0.114643,1.73281,0,11.9417
11.9615,0.86798,0.764294,-1.52392,0,0,0,0,33,34,0,0,0,0,0,traj_sz=100
11.9617,0.86798,0.764294,-1.52392,0.879414,0.66251,-1.43236,0.118562,33,35,0.102208,0.118053,0.114236,1.73394,0,11.9617
11.9816,0.867949,0.762959,-1.52357,0,0,0,0,33,35,0,0,0,0,0,traj_sz=100
11.9817,0.867949,0.762959,-1.52357,0.879414,0.66251,-1.43236,0.118562,33,35,0.100878,0.119177,0.116109,1.73442,0,11.9817
12.0015,0.868539,0.76022,-1.5231,0,0,0,0,33,35,0,0,0,0,0,traj_sz=100
12.0016,0.868539,0.76022,-1.5231,0.879414,0.66251,-1.43236,0.118562,33,35,0.0981172,0.118827,0.110396,1.73479,0,12.0016
12.0216,0.868495,0.758922,-1.52262,0,0,0,0,33,35,0,0,0,0,0,traj_sz=100
12.0218,0.868495,0.758922,-1.52262,0.879414,0.66251,-1.43236,0.118562,33,35,0.0968256,0.120004,0.112284,1.73528,0,12.0218
12.0415,0.868491,0.75632,-1.5192,0,0,0,0,33,35,0,0,0,0,0,traj_sz=100
12.0417,0.868491,0.75632,-1.5192,0.879414,0.66251,-1.43236,0.118562,33,35,0.0942487,0.119841,0.112612,1.73617,0,12.0417
12.0616,0.869085,0.752437,-1.52125,0,0,0,0,33,35,0,0,0,0,0,traj_sz=100
12.0616,0.869085,0.752437,-1.52125,0.879414,0.66251,-1.43236,0.118562,33,35,0.0903277,0.118368,0.110588,1.73694,0,12.0616
12.0815,0.869045,0.751148,-1.51855,0,0,0,0,33,35,0,0,0,0,0,traj_sz=100
12.0816,0.869045,0.751148,-1.51855,0.879414,0.66251,-1.43236,0.118562,33,35,0.0890584,0.11953,0.110418,1.73742,0,12.0816
12.1015,0.869188,0.748541,-1.51758,0,0,0,0,33,35,0,0,0,0,0,traj_sz=100
12.1016,0.869188,0.748541,-1.51758,0.879414,0.66251,-1.43236,0.118562,33,35,0.0864534,0.119366,0.110753,1.73819,0,12.1016
12.1215,0.869208,0.747239,-1.51561,0,0,0,0,33,35,0,0,0,0,0,traj_sz=100
12.1217,0.869208,0.747239,-1.51561,0.879414,0.66251,-1.43236,0.118562,33,35,0.0851633,0.120465,0.110365,1.73862,0,12.1217
12.1415,0.869853,0.744695,-1.51924,0,0,0,0,33,35,0,0,0,0,0,traj_sz=100
12.1416,0.869853,0.744695,-1.51924,0.879414,0.66251,-1.43236,0.118562,33,35,0.0825689,0.120235,0.107257,1.7389,0,12.1416
12.1615,0.869791,0.742104,-1.51467,0,0,0,0,33,35,0,0,0,0,0,traj_sz=100
12.1616,0.869791,0.742104,-1.51467,0.879414,0.66251,-1.43236,0.118562,33,35,0.0800081,0.120023,0.107406,1.73986,0,12.1616
12.1816,0.870379,0.739488,-1.51714,0,0,0,0,33,35,0,0,0,0,0,traj_sz=100
12.1818,0.870379,0.739488,-1.51714,0.879414,0.66251,-1.43236,0.118562,33,35,0.0773516,0.119761,0.104209,1.74023,0,12.1818
12.2016,0.870336,0.736922,-1.51414,0,0,0,0,33,35,0,0,0,0,0,traj_sz=100
12.2017,0.870336,0.736922,-1.51414,0.879414,0.66251,-1.43236,0.118562,33,35,0.0748071,0.119572,0.10547,1.74117,0,12.2017
12.2214,0.870562,0.735586,-1.51159,0,0,0,0,33,35,0,0,0,0,0,traj_sz=100
12.2216,0.870562,0.735586,-1.51159,0.879414,0.66251,-1.43236,0.118562,33,35,0.0734719,0.120577,0.101498,1.74143,0,12.2216
12.2414,0.871045,0.730076,-1.51005,0,0,0,0,33,35,0,0,0,0,0,traj_sz=100
12.2415,0.871045,0.730076,-1.51005,0.879414,0.66251,-1.43236,0.118562,33,35,0.0679499,0.117402,0.0999966,1.74293,0,12.2415
12.2615,0.871081,0.728672,-1.51045,0,0,0,0,33,35,0,0,0,0,0,traj_sz=100
12.2616,0.871081,0.728672,-1.51045,0.879414,0.66251,-1.43236,0.118562,34,35,0.0665442,0.118389,0.144677,1.74339,0,12.2616
12.2814,0.87106,0.727312,-1.50644,0,0,0,0,34,35,0,0,0,0,0,traj_sz=100
12.2816,0.87106,0.727312,-1.50644,0.879414,0.66251,-1.43236,0.118562,34,35,0.065205,0.119402,0.143571,1.7439,0,12.2816
12.3014,0.871676,0.724557,-1.50971,0,0,0,0,34,35,0,0,0,0,0,traj_sz=100
12.3015,0.871676,0.724557,-1.50971,0.879414,0.66251,-1.43236,0.118562,34,35,0.062404,0.118955,0.141755,1.74431,0,12.3015
12.3215,0.871616,0.723214,-1.50526,0,0,0,0,34,35,0,0,0,0,0,traj_sz=100
12.3216,0.871616,0.723214,-1.50526,0.879414,0.66251,-1.43236,0.118562,34,35,0.0610841,0.120008,0.140808,1.74485,0,12.3216
12.3417,0.871963,0.720582,-1.50686,0,0,0,0,34,35,0,0,0,0,0,traj_sz=100
12.3418,0.871963,0.720582,-1.50686,0.885416,0.61943,-1.39284,0.115142,34,36,0.101805,0.119748,0.141322,1.74547,0,12.3418
12.3616,0.872116,0.716692,-1.50302,0,0,0,0,34,36,0,0,0,0,0,traj_sz=100
12.3617,0.872116,0.716692,-1.50302,0.885416,0.61943,-1.39284,0.115142,34,36,0.0979391,0.118224,0.141842,1.74674,0,12.3617
12.3815,0.872641,0.715429,-1.50448,0,0,0,0,34,36,0,0,0,0,0,traj_sz=100
12.3816,0.872641,0.715429,-1.50448,0.885416,0.61943,-1.39284,0.115142,34,36,0.0966345,0.119265,0.137358,1.74671,0,12.3816
12.4015,0.872603,0.71274,-1.50184,0,0,0,0,34,36,0,0,0,0,0,traj_sz=100
12.4015,0.872603,0.71274,-1.50184,0.885416,0.61943,-1.39284,0.115142,34,36,0.093971,0.118959,0.139884,1.74772,0,12.4015
12.4215,0.872796,0.711462,-1.50079,0,0,0,0,34,36,0,0,0,0,0,traj_sz=100
12.4216,0.872796,0.711462,-1.50079,0.885416,0.61943,-1.39284,0.115142,34,36,0.0926889,0.120047,0.138111,1.74801,0,12.4216
12.4415,0.873153,0.708836,-1.50082,0,0,0,0,34,36,0,0,0,0,0,traj_sz=100
12.4417,0.873153,0.708836,-1.50082,0.885416,0.61943,-1.39284,0.115142,34,36,0.0900445,0.119774,0.137052,1.74863,0,12.4417
12.4615,0.87325,0.706253,-1.49571,0,0,0,0,34,36,0,0,0,0,0,traj_sz=100
12.4617,0.87325,0.706253,-1.49571,0.885416,0.61943,-1.39284,0.115142,34,36,0.0874915,0.119567,0.135152,1.74949,0,12.4617
12.4816,0.873447,0.703717,-1.49484,0,0,0,0,34,36,0,0,0,0,0,traj_sz=100
12.4817,0.873447,0.703717,-1.49484,0.885416,0.61943,-1.39284,0.115142,34,36,0.0849524,0.119352,0.135514,1.75024,0,12.4817
12.5015,0.873777,0.701051,-1.4933,0,0,0,0,34,36,0,0,0,0,0,traj_sz=100
12.5016,0.873777,0.701051,-1.4933,0.885416,0.61943,-1.39284,0.115142,34,36,0.0822766,0.11894,0.133508,1.75092,0,12.5016
12.5215,0.873898,0.699656,-1.493,0,0,0,0,34,36,0,0,0,0,0,traj_sz=100
12.5216,0.873898,0.699656,-1.493,0.885416,0.61943,-1.39284,0.115142,34,36,0.0808785,0.119821,0.133668,1.75133,0,12.5216
12.5415,0.874251,0.697105,-1.49099,0,0,0,0,34,36,0,0,0,0,0,traj_sz=100
12.5418,0.874251,0.697105,-1.49099,0.885416,0.61943,-1.39284,0.115142,34,36,0.0783174,0.119535,0.1307,1.75195,0,12.5418
12.5616,0.874738,0.693068,-1.48915,0,0,0,0,34,36,0,0,0,0,0,traj_sz=100
12.5617,0.874738,0.693068,-1.48915,0.885416,0.61943,-1.39284,0.115142,34,36,0.0742633,0.117739,0.128294,1.75301,0,12.5617
12.5816,0.874935,0.691733,-1.48688,0,0,0,0,34,36,0,0,0,0,0,traj_sz=100
12.5817,0.874935,0.691733,-1.48688,0.885416,0.61943,-1.39284,0.115142,34,36,0.0729272,0.118672,0.125462,1.75333,0,12.5817
12.6016,0.875034,0.689145,-1.4836,0,0,0,0,34,36,0,0,0,0,0,traj_sz=100
12.6019,0.875034,0.689145,-1.4836,0.885416,0.61943,-1.39284,0.115142,34,36,0.0703543,0.118378,0.125192,1.75421,0,12.6019
12.6215,0.875382,0.686644,-1.48278,0,0,0,0,34,36,0,0,0,0,0,traj_sz=100
12.6217,0.875382,0.686644,-1.48278,0.885416,0.61943,-1.39284,0.115142,34,36,0.0678356,0.118122,0.123285,1.75483,0,12.6217
12.6414,0.875869,0.682857,-1.48118,0,0,0,0,34,36,0,0,0,0,0,traj_sz=100
12.6415,0.875869,0.682857,-1.48118,0.885416,0.61943,-1.39284,0.115142,35,36,0.0640271,0.116563,0.16961,1.75581,0,12.6415
12.6616,0.875869,0.682857,-1.48118,0,0,0,0,35,36,0,0,0,0,0,traj_sz=100
12.6618,0.875869,0.682857,-1.48118,0.885416,0.61943,-1.39284,0.115142,35,36,0.0640271,0.118868,0.16961,1.75581,0,12.6618
12.6815,0.876008,0.680236,-1.47641,0,0,0,0,35,36,0,0,0,0,0,traj_sz=100
12.6816,0.876008,0.680236,-1.47641,0.885416,0.61943,-1.39284,0.115142,35,36,0.061422,0.118509,0.168683,1.75668,0,12.6816
12.7014,0.876198,0.67777,-1.47548,0,0,0,0,35,36,0,0,0,0,0,traj_sz=100
12.7015,0.876198,0.67777,-1.47548,0.892893,0.577855,-1.34577,0.111627,35,37,0.10105,0.118307,0.170126,1.75745,0,12.7015
12.7215,0.876622,0.676491,-1.47451,0,0,0,0,35,37,0,0,0,0,0,traj_sz=100
12.7216,0.876622,0.676491,-1.47451,0.892893,0.577855,-1.34577,0.111627,35,37,0.0997433,0.119268,0.1656,1.75755,0,12.7216
12.7415,0.876773,0.673946,-1.47346,0,0,0,0,35,37,0,0,0,0,0,traj_sz=100
12.7417,0.876773,0.673946,-1.47346,0.892893,0.577855,-1.34577,0.111627,35,37,0.0972029,0.119015,0.167677,1.75838,0,12.7417
12.7615,0.877308,0.670126,-1.46928,0,0,0,0,35,37,0,0,0,0,0,traj_sz=100
12.7617,0.877308,0.670126,-1.46928,0.892893,0.577855,-1.34577,0.111627,35,37,0.0933753,0.117433,0.163884,1.75936,0,12.7617
12.7815,0.877298,0.668922,-1.46826,0,0,0,0,35,37,0,0,0,0,0,traj_sz=100
12.7817,0.877298,0.668922,-1.46826,0.892893,0.577855,-1.34577,0.111627,35,37,0.0921845,0.118513,0.165596,1.75984,0,12.7817
12.8014,0.877948,0.666496,-1.46804,0,0,0,0,35,37,0,0,0,0,0,traj_sz=100
12.8016,0.877948,0.666496,-1.46804,0.892893,0.577855,-1.34577,0.111627,35,37,0.0897061,0.118288,0.160759,1.76018,0,12.8016
12.8214,0.878053,0.664018,-1.46453,0,0,0,0,35,37,0,0,0,0,0,traj_sz=100
12.8216,0.878053,0.664018,-1.46453,0.892893,0.577855,-1.34577,0.111627,35,37,0.0872515,0.118099,0.16118,1.76105,0,12.8216
12.8415,0.878497,0.662817,-1.46626,0,0,0,0,35,37,0,0,0,0,0,traj_sz=100
12.8417,0.878497,0.662817,-1.46626,0.892893,0.577855,-1.34577,0.111627,35,37,0.0860001,0.119127,0.158613,1.76111,0,12.8417
12.8615,0.87872,0.659062,-1.46093,0,0,0,0,35,37,0,0,0,0,0,traj_sz=100
12.8616,0.87872,0.659062,-1.46093,0.892893,0.577855,-1.34577,0.111627,35,37,0.0822711,0.117558,0.158289,1.76237,0,12.8616
12.8815,0.879027,0.657853,-1.46157,0,0,0,0,35,37,0,0,0,0,0,traj_sz=100
12.8816,0.879027,0.657853,-1.46157,0.892893,0.577855,-1.34577,0.111627,35,37,0.0810329,0.118508,0.156805,1.76256,0,12.8816
12.9016,0.879292,0.655308,-1.45883,0,0,0,0,35,37,0,0,0,0,0,traj_sz=100
12.9017,0.879292,0.655308,-1.45883,0.892893,0.577855,-1.34577,0.111627,35,37,0.0784873,0.118148,0.155667,1.76332,0,12.9017
12.9215,0.87928,0.654025,-1.45661,0,0,0,0,35,37,0,0,0,0,0,traj_sz=100
12.9217,0.87928,0.654025,-1.45661,0.892893,0.577855,-1.34577,0.111627,35,37,0.0772253,0.119061,0.156498,1.76383,0,12.9217
12.9415,0.880388,0.648891,-1.45543,0,0,0,0,35,37,0,0,0,0,0,traj_sz=100
12.9416,0.880388,0.648891,-1.45543,0.892893,0.577855,-1.34577,0.111627,35,37,0.0720038,0.116006,0.149612,1.76485,0,12.9416
12.9614,0.880416,0.647611,-1.45312,0,0,0,0,35,37,0,0,0,0,0,traj_sz=100
12.9615,0.880416,0.647611,-1.45312,0.892893,0.577855,-1.34577,0.111627,35,37,0.0707389,0.11691,0.149755,1.76533,0,12.9615
12.9814,0.880453,0.646298,-1.45038,0,0,0,0,35,37,0,0,0,0,0,traj_sz=100
12.9816,0.880453,0.646298,-1.45038,0.892893,0.577855,-1.34577,0.111627,35,37,0.0694413,0.117795,0.14946,1.76582,0,12.9816
13.0016,0.881023,0.643778,-1.45001,0,0,0,0,35,37,0,0,0,0,0,traj_sz=100
13.0017,0.881023,0.643778,-1.45001,0.892893,0.577855,-1.34577,0.111627,35,37,0.0668728,0.117418,0.145874,1.76631,0,13.0017
13.0216,0.881158,0.641275,-1.44585,0,0,0,0,35,37,0,0,0,0,0,traj_sz=100
13.0217,0.881158,0.641275,-1.44585,0.892893,0.577855,-1.34577,0.111627,35,37,0.0643882,0.117118,0.145303,1.76718,0,13.0217
13.0414,0.881882,0.637645,-1.44522,0,0,0,0,35,37,0,0,0,0,0,traj_sz=100
13.0415,0.881882,0.637645,-1.44522,0.892893,0.577855,-1.34577,0.111627,36,37,0.0606978,0.115579,0.195885,1.76798,0,13.0415
13.0614,0.881903,0.636369,-1.44269,0,0,0,0,36,37,0,0,0,0,0,traj_sz=100
13.0616,0.881903,0.636369,-1.44269,0.892893,0.577855,-1.34577,0.111627,36,37,0.0594389,0.116513,0.196697,1.76848,0,13.0616
13.0815,0.882368,0.635151,-1.44481,0,0,0,0,36,37,0,0,0,0,0,traj_sz=100
13.0816,0.882368,0.635151,-1.44481,0.892893,0.577855,-1.34577,0.111627,36,37,0.0581643,0.117426,0.194969,1.76854,0,13.0816
13.1014,0.882498,0.632829,-1.44084,0,0,0,0,36,37,0,0,0,0,0,traj_sz=100
13.1015,0.882498,0.632829,-1.44084,0.902031,0.537935,-1.29264,0.108629,36,38,0.0966246,0.117285,0.19564,1.76936,0,13.1015
13.1215,0.883109,0.630399,-1.44041,0,0,0,0,36,38,0,0,0,0,0,traj_sz=100
13.1216,0.883109,0.630399,-1.44041,0.902031,0.537935,-1.29264,0.108629,36,38,0.0941396,0.116982,0.192685,1.76979,0,13.1216
13.1415,0.883266,0.629147,-1.43807,0,0,0,0,36,38,0,0,0,0,0,traj_sz=100
13.1417,0.883266,0.629147,-1.43807,0.902031,0.537935,-1.29264,0.108629,36,38,0.0928933,0.117915,0.191588,1.77016,0,13.1417
13.1614,0.883806,0.6266,-1.43642,0,0,0,0,36,38,0,0,0,0,0,traj_sz=100
13.1615,0.883806,0.6266,-1.43642,0.902031,0.537935,-1.29264,0.108629,36,38,0.0903072,0.117477,0.188887,1.7707,0,13.1615
13.1815,0.883902,0.62405,-1.43137,0,0,0,0,36,38,0,0,0,0,0,traj_sz=100
13.1816,0.883902,0.62405,-1.43137,0.902031,0.537935,-1.29264,0.108629,36,38,0.0877986,0.117144,0.189711,1.77166,0,13.1816
13.2014,0.884517,0.621393,-1.4308,0,0,0,0,36,38,0,0,0,0,0,traj_sz=100
13.2015,0.884517,0.621393,-1.4308,0.902031,0.537935,-1.29264,0.108629,36,38,0.0850857,0.1166,0.187165,1.77219,0,13.2015
13.2215,0.884433,0.620179,-1.42985,0,0,0,0,36,38,0,0,0,0,0,traj_sz=100
13.2217,0.884433,0.620179,-1.42985,0.902031,0.537935,-1.29264,0.108629,36,38,0.0839003,0.117573,0.19078,1.77277,0,13.2217
13.2415,0.884973,0.617637,-1.42749,0,0,0,0,36,38,0,0,0,0,0,traj_sz=100
13.2418,0.884973,0.617637,-1.42749,0.902031,0.537935,-1.29264,0.108629,36,38,0.0813209,0.117091,0.187439,1.77332,0,13.2418
13.2614,0.885629,0.613829,-1.42212,0,0,0,0,36,38,0,0,0,0,0,traj_sz=100
13.2614,0.885629,0.613829,-1.42212,0.902031,0.537935,-1.29264,0.108629,36,38,0.0774864,0.115312,0.183028,1.7743,0,13.2614
13.2815,0.886016,0.612491,-1.42339,0,0,0,0,36,38,0,0,0,0,0,traj_sz=100
13.2817,0.886016,0.612491,-1.42339,0.902031,0.537935,-1.29264,0.108629,36,38,0.0760998,0.116061,0.181996,1.7745,0,13.2817
13.3015,0.886147,0.610036,-1.41739,0,0,0,0,36,38,0,0,0,0,0,traj_sz=100
13.3017,0.886147,0.610036,-1.41739,0.902031,0.537935,-1.29264,0.108629,36,38,0.0736812,0.115741,0.181188,1.77541,0,13.3017
13.3215,0.886852,0.608717,-1.41954,0,0,0,0,36,38,0,0,0,0,0,traj_sz=100
13.3217,0.886852,0.608717,-1.41954,0.902031,0.537935,-1.29264,0.108629,36,38,0.0722608,0.116424,0.176213,1.77532,0,13.3217
13.3414,0.88764,0.603479,-1.41305,0,0,0,0,36,38,0,0,0,0,0,traj_sz=100
13.3415,0.88764,0.603479,-1.41305,0.902031,0.537935,-1.29264,0.108629,36,38,0.0669905,0.113226,0.172651,1.77679,0,13.3415
13.3615,0.88764,0.603479,-1.41305,0,0,0,0,36,38,0,0,0,0,0,traj_sz=100
13.3616,0.88764,0.603479,-1.41305,0.902031,0.537935,-1.29264,0.108629,36,38,0.0669905,0.115347,0.172651,1.77679,0,13.3616
13.3816,0.888245,0.601018,-1.4109,0,0,0,0,36,38,0,0,0,0,0,traj_sz=100
13.3817,0.888245,0.601018,-1.4109,0.902031,0.537935,-1.29264,0.108629,36,38,0.0644729,0.114947,0.168322,1.77728,0,13.3817
13.4016,0.888812,0.598784,-1.40709,0,0,0,0,36,38,0,0,0,0,0,traj_sz=100
13.4018,0.888812,0.598784,-1.40709,0.902031,0.537935,-1.29264,0.108629,36,38,0.0621895,0.114761,0.162453,1.77771,0,13.4018
13.4215,0.888876,0.597625,-1.40589,0,0,0,0,36,38,0,0,0,0,0,traj_sz=100
13.4216,0.888876,0.597625,-1.40589,0.902031,0.537935,-1.29264,0.108629,37,38,0.0610397,0.115701,0.219022,1.77814,0,13.4216
13.4415,0.889475,0.595348,-1.40471,0,0,0,0,37,38,0,0,0,0,0,traj_sz=100
13.4416,0.889475,0.595348,-1.40471,0.902031,0.537935,-1.29264,0.108629,37,38,0.0586985,0.115462,0.216831,1.77856,0,13.4416
13.4616,0.890082,0.591702,-1.40021,0,0,0,0,37,38,0,0,0,0,0,traj_sz=100
13.4617,0.890082,0.591702,-1.40021,0.912974,0.499614,-1.2357,0.106604,37,39,0.0946372,0.113892,0.216108,1.77957,0,13.4617
13.4816,0.890286,0.590442,-1.39725,0,0,0,0,37,39,0,0,0,0,0,traj_sz=100
13.4817,0.890286,0.590442,-1.39725,0.912974,0.499614,-1.2357,0.106604,37,39,0.0933812,0.114728,0.21468,1.77992,0,13.4817
13.5016,0.891016,0.587886,-1.39595,0,0,0,0,37,39,0,0,0,0,0,traj_sz=100
13.5017,0.891016,0.587886,-1.39595,0.912974,0.499614,-1.2357,0.106604,37,39,0.0907459,0.114191,0.211394,1.78035,0,13.5017
13.5216,0.890978,0.586571,-1.39363,0,0,0,0,37,39,0,0,0,0,0,traj_sz=100
13.5217,0.890978,0.586571,-1.39363,0.912974,0.499614,-1.2357,0.106604,37,39,0.0894726,0.115018,0.21426,1.78095,0,13.5217
13.5415,0.892256,0.581411,-1.38667,0,0,0,0,37,39,0,0,0,0,0,traj_sz=100
13.5416,0.892256,0.581411,-1.38667,0.912974,0.499614,-1.2357,0.106604,37,39,0.0842077,0.111803,0.206581,1.78201,0,13.5416
13.5615,0.892256,0.581411,-1.38667,0,0,0,0,37,39,0,0,0,0,0,traj_sz=100
13.5618,0.892256,0.581411,-1.38667,0.912974,0.499614,-1.2357,0.106604,37,39,0.0842077,0.113933,0.206581,1.78201,0,13.5618
13.5815,0.892912,0.578776,-1.38407,0,0,0,0,37,39,0,0,0,0,0,traj_sz=100
13.5817,0.892912,0.578776,-1.38407,0.912974,0.499614,-1.2357,0.106604,37,39,0.08151,0.113299,0.203475,1.78256,0,13.5817
13.6016,0.893417,0.576383,-1.37998,0,0,0,0,37,39,0,0,0,0,0,traj_sz=100
13.6017,0.893417,0.576383,-1.37998,0.912974,0.499614,-1.2357,0.106604,37,39,0.0790851,0.112924,0.200406,1.78314,0,13.6017
13.6216,0.893623,0.57525,-1.38029,0,0,0,0,37,39,0,0,0,0,0,traj_sz=100
13.6218,0.893623,0.57525,-1.38029,0.912974,0.499614,-1.2357,0.106604,37,39,0.0779314,0.11385,0.20148,1.78345,0,13.6218
13.6415,0.89405,0.572698,-1.37516,0,0,0,0,37,39,0,0,0,0,0,traj_sz=100
13.6417,0.89405,0.572698,-1.37516,0.912974,0.499614,-1.2357,0.106604,37,39,0.0753685,0.11333,0.199157,1.78417,0,13.6417
13.6615,0.894617,0.570019,-1.37159,0,0,0,0,37,39,0,0,0,0,0,traj_sz=100
13.6617,0.894617,0.570019,-1.37159,0.912974,0.499614,-1.2357,0.106604,37,39,0.0726456,0.112668,0.196616,1.78483,0,13.6617
13.6815,0.895081,0.567588,-1.36731,0,0,0,0,37,39,0,0,0,0,0,traj_sz=100
13.6816,0.895081,0.567588,-1.36731,0.912974,0.499614,-1.2357,0.106604,37,39,0.070187,0.112249,0.19411,1.78548,0,13.6816
13.7015,0.895632,0.565126,-1.36419,0,0,0,0,37,39,0,0,0,0,0,traj_sz=100
13.7016,0.895632,0.565126,-1.36419,0.912974,0.499614,-1.2357,0.106604,37,39,0.067676,0.111797,0.191492,1.78606,0,13.7016
13.7216,0.896233,0.563967,-1.36557,0,0,0,0,37,39,0,0,0,0,0,traj_sz=100
13.7218,0.896233,0.563967,-1.36557,0.912974,0.499614,-1.2357,0.106604,37,39,0.0664144,0.112619,0.187816,1.78603,0,13.7218
13.7417,0.897241,0.558811,-1.35605,0,0,0,0,37,39,0,0,0,0,0,traj_sz=100
13.7418,0.897241,0.558811,-1.35605,0.912974,0.499614,-1.2357,0.106604,37,39,0.0611896,0.109442,0.18177,1.7874,0,13.7418
13.7616,0.89747,0.557546,-1.35641,0,0,0,0,37,39,0,0,0,0,0,traj_sz=100
13.7616,0.89747,0.557546,-1.35641,0.912974,0.499614,-1.2357,0.106604,38,39,0.0599042,0.110209,0.236823,1.78776,0,13.7616
13.7816,0.898114,0.556248,-1.35496,0,0,0,0,38,39,0,0,0,0,0,traj_sz=100
13.7817,0.898114,0.556248,-1.35496,0.912974,0.499614,-1.2357,0.106604,38,39,0.0585022,0.110866,0.231573,1.78776,0,13.7817
13.8014,0.89822,0.553787,-1.34695,0,0,0,0,38,39,0,0,0,0,0,traj_sz=100
13.8015,0.89822,0.553787,-1.34695,0.912974,0.499614,-1.2357,0.106604,38,39,0.0560961,0.110505,0.232972,1.78876,0,13.8015
13.8214,0.898754,0.55263,-1.34869,0,0,0,0,38,39,0,0,0,0,0,traj_sz=100
13.8215,0.898754,0.55263,-1.34869,0.912974,0.499614,-1.2357,0.106604,38,39,0.0548464,0.111319,0.231594,1.78879,0,13.8215
13.8415,0.90009,0.54761,-1.34215,0,0,0,0,38,39,0,0,0,0,0,traj_sz=100
13.8416,0.90009,0.54761,-1.34215,0.925836,0.46268,-1.17559,0.105878,38,40,0.088555,0.108194,0.227125,1.78984,0,13.8416
13.8614,0.90009,0.54761,-1.34215,0,0,0,0,38,40,0,0,0,0,0,traj_sz=100
13.8615,0.90009,0.54761,-1.34215,0.925836,0.46268,-1.17559,0.105878,38,40,0.088555,0.110254,0.227125,1.78984,0,13.8615
13.8817,0.900669,0.54526,-1.33837,0,0,0,0,38,40,0,0,0,0,0,traj_sz=100
13.8818,0.900669,0.54526,-1.33837,0.925836,0.46268,-1.17559,0.105878,38,40,0.0861566,0.109935,0.22504,1.79038,0,13.8818
13.9015,0.90125,0.542898,-1.33604,0,0,0,0,38,40,0,0,0,0,0,traj_sz=100
13.9016,0.90125,0.542898,-1.33604,0.925836,0.46268,-1.17559,0.105878,38,40,0.0837363,0.109545,0.224304,1.79093,0,13.9016
13.9215,0.901535,0.541592,-1.33386,0,0,0,0,38,40,0,0,0,0,0,traj_sz=100
13.9216,0.901535,0.541592,-1.33386,0.925836,0.46268,-1.17559,0.105878,38,40,0.0824117,0.110277,0.223597,1.79126,0,13.9216
13.9415,0.90273,0.536983,-1.32608,0,0,0,0,38,40,0,0,0,0,0,traj_sz=100
13.9416,0.90273,0.536983,-1.32608,0.925836,0.46268,-1.17559,0.105878,38,40,0.0776874,0.107585,0.21835,1.79228,0,13.9416
13.9615,0.90273,0.536983,-1.32608,0,0,0,0,38,40,0,0,0,0,0,traj_sz=100
13.9616,0.90273,0.536983,-1.32608,0.925836,0.46268,-1.17559,0.105878,38,40,0.0776874,0.10964,0.21835,1.79228,0,13.9616
13.9816,0.903213,0.534731,-1.32293,0,0,0,0,38,40,0,0,0,0,0,traj_sz=100
13.9817,0.903213,0.534731,-1.32293,0.925836,0.46268,-1.17559,0.105878,38,40,0.0753992,0.109412,0.217826,1.79287,0,13.9817
14.0015,0.903993,0.532358,-1.32038,0,0,0,0,38,40,0,0,0,0,0,traj_sz=100
14.0016,0.903993,0.532358,-1.32038,0.925836,0.46268,-1.17559,0.105878,38,40,0.0729175,0.108969,0.214046,1.79326,0,14.0016
14.0216,0.904704,0.53105,-1.32028,0,0,0,0,38,40,0,0,0,0,0,traj_sz=100
14.0217,0.904704,0.53105,-1.32028,0.925836,0.46268,-1.17559,0.105878,38,40,0.0714743,0.10958,0.209098,1.79322,0,14.0217
14.0415,0.905977,0.526234,-1.31168,0,0,0,0,38,40,0,0,0,0,0,traj_sz=100
14.0416,0.905977,0.526234,-1.31168,0.925836,0.46268,-1.17559,0.105878,38,40,0.0665211,0.106657,0.202824,1.7943,0,14.0416
14.0615,0.905977,0.526234,-1.31168,0,0,0,0,38,40,0,0,0,0,0,traj_sz=100
14.0616,0.905977,0.526234,-1.31168,0.925836,0.46268,-1.17559,0.105878,38,40,0.0665211,0.108717,0.202824,1.7943,0,14.0616
14.0816,0.906544,0.523976,-1.30826,0,0,0,0,38,40,0,0,0,0,0,traj_sz=100
14.0818,0.906544,0.523976,-1.30826,0.925836,0.46268,-1.17559,0.105878,38,40,0.0642021,0.108466,0.200867,1.79483,0,14.0818
14.1016,0.907128,0.521755,-1.30647,0,0,0,0,38,40,0,0,0,0,0,traj_sz=100
14.1017,0.907128,0.521755,-1.30647,0.925836,0.46268,-1.17559,0.105878,38,40,0.0619103,0.108228,0.199982,1.79534,0,14.1017
14.1215,0.907378,0.520568,-1.30336,0,0,0,0,38,40,0,0,0,0,0,traj_sz=100
14.1215,0.907378,0.520568,-1.30336,0.925836,0.46268,-1.17559,0.105878,38,40,0.0607079,0.109064,0.198473,1.79566,0,14.1215
14.1414,0.90866,0.516009,-1.29599,0,0,0,0,38,40,0,0,0,0,0,traj_sz=100
14.1415,0.90866,0.516009,-1.29599,0.925836,0.46268,-1.17559,0.105878,39,40,0.0559892,0.106388,0.245585,1.79664,0,14.1415
14.1614,0.909256,0.515085,-1.29904,0,0,0,0,39,40,0,0,0,0,0,traj_sz=100
14.1615,0.909256,0.515085,-1.29904,0.925836,0.46268,-1.17559,0.105878,39,40,0.0549324,0.107379,0.244454,1.79654,0,14.1615
14.1815,0.909285,0.51383,-1.29394,0,0,0,0,39,40,0,0,0,0,0,traj_sz=100
14.1816,0.909285,0.51383,-1.29394,0.925836,0.46268,-1.17559,0.105878,39,40,0.0537259,0.108249,0.245637,1.7971,0,14.1816
14.2015,0.910035,0.511606,-1.29002,0,0,0,0,39,40,0,0,0,0,0,traj_sz=100
14.2018,0.910035,0.511606,-1.29002,0.94079,0.426831,-1.11196,0.106611,39,41,0.0899771,0.107971,0.242459,1.79747,0,14.2018
14.2216,0.910491,0.51059,-1.2909,0,0,0,0,39,41,0,0,0,0,0,traj_sz=100
14.2216,0.910491,0.51059,-1.2909,0.94079,0.426831,-1.11196,0.106611,39,41,0.0888696,0.108916,0.241802,1.79754,0,14.2216
14.2415,0.91204,0.506015,-1.28489,0,0,0,0,39,41,0,0,0,0,0,traj_sz=100
14.2416,0.91204,0.506015,-1.28489,0.94079,0.426831,-1.11196,0.106611,39,41,0.0840783,0.106138,0.23702,1.79831,0,14.2416
14.2616,0.91204,0.506015,-1.28489,0,0,0,0,39,41,0,0,0,0,0,traj_sz=100
14.2618,0.91204,0.506015,-1.28489,0.94079,0.426831,-1.11196,0.106611,39,41,0.0840783,0.108212,0.23702,1.79831,0,14.2618
14.2816,0.912748,0.503762,-1.28054,0,0,0,0,39,41,0,0,0,0,0,traj_sz=100
14.2817,0.912748,0.503762,-1.28054,0.94079,0.426831,-1.11196,0.106611,39,41,0.081739,0.107902,0.234194,1.79875,0,14.2817
14.3015,0.913181,0.501259,-1.275,0,0,0,0,39,41,0,0,0,0,0,traj_sz=100
14.3017,0.913181,0.501259,-1.275,0.94079,0.426831,-1.11196,0.106611,39,41,0.0792433,0.10745,0.235414,1.79954,0,14.3017
14.3216,0.913936,0.500129,-1.27552,0,0,0,0,39,41,0,0,0,0,0,traj_sz=100
14.3217,0.913936,0.500129,-1.27552,0.94079,0.426831,-1.11196,0.106611,39,41,0.0779404,0.108209,0.230768,1.79941,0,14.3217
14.3415,0.915318,0.495586,-1.26744,0,0,0,0,39,41,0,0,0,0,0,traj_sz=100
14.3416,0.915318,0.495586,-1.26744,0.94079,0.426831,-1.11196,0.106611,39,41,0.0732252,0.105552,0.226331,1.80034,0,14.3416
14.3615,0.915318,0.495586,-1.26744,0,0,0,0,39,41,0,0,0,0,0,traj_sz=100
14.3617,0.915318,0.495586,-1.26744,0.94079,0.426831,-1.11196,0.106611,39,41,0.0732252,0.107645,0.226331,1.80034,0,14.3617
14.3816,0.915994,0.493462,-1.26622,0,0,0,0,39,41,0,0,0,0,0,traj_sz=100
14.3816,0.915994,0.493462,-1.26622,0.94079,0.426831,-1.11196,0.106611,39,41,0.0710004,0.107504,0.226123,1.80076,0,14.3816
14.4016,0.916675,0.491287,-1.26175,0,0,0,0,39,41,0,0,0,0,0,traj_sz=100
14.4017,0.916675,0.491287,-1.26175,0.94079,0.426831,-1.11196,0.106611,39,41,0.068737,0.107319,0.223191,1.8012,0,14.4017
14.4215,0.91735,0.490155,-1.26099,0,0,0,0,39,41,0,0,0,0,0,traj_sz=100
14.4216,0.91735,0.490155,-1.26099,0.94079,0.426831,-1.11196,0.106611,39,41,0.0674559,0.108104,0.218532,1.80114,0,14.4216
14.4414,0.917922,0.487988,-1.25556,0,0,0,0,39,41,0,0,0,0,0,traj_sz=100
14.4415,0.917922,0.487988,-1.25556,0.94079,0.426831,-1.11196,0.106611,39,41,0.0652332,0.107953,0.216223,1.80168,0,14.4415
14.4616,0.918845,0.484552,-1.24896,0,0,0,0,39,41,0,0,0,0,0,traj_sz=100
14.4617,0.918845,0.484552,-1.24896,0.94079,0.426831,-1.11196,0.106611,39,41,0.0616989,0.106526,0.214158,1.80251,0,14.4617
14.4816,0.919387,0.483483,-1.24933,0,0,0,0,39,41,0,0,0,0,0,traj_sz=100
14.4818,0.919387,0.483483,-1.24933,0.94079,0.426831,-1.11196,0.106611,39,41,0.0605127,0.107416,0.212094,1.80255,0,14.4818
14.5016,0.92018,0.481448,-1.24421,0,0,0,0,39,41,0,0,0,0,0,traj_sz=100
14.5017,0.92018,0.481448,-1.24421,0.94079,0.426831,-1.11196,0.106611,39,41,0.0583423,0.107324,0.206284,1.80283,0,14.5017
14.5215,0.920366,0.480358,-1.24221,0,0,0,0,39,41,0,0,0,0,0,traj_sz=100
14.5218,0.920366,0.480358,-1.24221,0.94079,0.426831,-1.11196,0.106611,40,41,0.0572539,0.108333,0.259167,1.8032,0,14.5218
14.5414,0.92189,0.475971,-1.23568,0,0,0,0,40,41,0,0,0,0,0,traj_sz=100
14.5415,0.92189,0.475971,-1.23568,0.958113,0.391764,-1.04394,0.108666,40,42,0.0914356,0.105757,0.257532,1.80398,0,14.5415
14.5615,0.922359,0.474998,-1.2353,0,0,0,0,40,42,0,0,0,0,0,traj_sz=100
14.5616,0.922359,0.474998,-1.2353,0.958113,0.391764,-1.04394,0.108666,40,42,0.0903649,0.106776,0.256305,1.80404,0,14.5616
14.5816,0.922618,0.473911,-1.23187,0,0,0,0,40,42,0,0,0,0,0,traj_sz=100
14.5817,0.922618,0.473911,-1.23187,0.958113,0.391764,-1.04394,0.108666,40,42,0.0892754,0.107769,0.255907,1.80435,0,14.5817
14.6014,0.92383,0.471742,-1.23238,0,0,0,0,40,42,0,0,0,0,0,traj_sz=100
14.6015,0.92383,0.471742,-1.23238,0.958113,0.391764,-1.04394,0.108666,40,42,0.0868232,0.107369,0.252123,1.80434,0,14.6015
14.6216,0.923836,0.470514,-1.2284,0,0,0,0,40,42,0,0,0,0,0,traj_sz=100
14.6218,0.923836,0.470514,-1.2284,0.958113,0.391764,-1.04394,0.108666,40,42,0.0856874,0.108345,0.255552,1.80493,0,14.6218
14.6415,0.925712,0.466268,-1.22365,0,0,0,0,40,42,0,0,0,0,0,traj_sz=100
14.6416,0.925712,0.466268,-1.22365,0.958113,0.391764,-1.04394,0.108666,40,42,0.0810832,0.105775,0.249824,1.80537,0,14.6416
14.6615,0.926391,0.465245,-1.22184,0,0,0,0,40,42,0,0,0,0,0,traj_sz=100
14.6616,0.926391,0.465245,-1.22184,0.958113,0.391764,-1.04394,0.108666,40,42,0.0798989,0.106652,0.244696,1.80528,0,14.6616
14.6815,0.926574,0.463968,-1.21882,0,0,0,0,40,42,0,0,0,0,0,traj_sz=100
14.6819,0.926574,0.463968,-1.21882,0.958113,0.391764,-1.04394,0.108666,40,42,0.0786505,0.107545,0.24682,1.80575,0,14.6819
14.7015,0.927616,0.461961,-1.2169,0,0,0,0,40,42,0,0,0,0,0,traj_sz=100
14.7016,0.927616,0.461961,-1.2169,0.958113,0.391764,-1.04394,0.108666,40,42,0.0764162,0.107414,0.242264,1.80583,0,14.7016
14.7215,0.928142,0.460933,-1.21622,0,0,0,0,40,42,0,0,0,0,0,traj_sz=100
14.7216,0.928142,0.460933,-1.21622,0.958113,0.391764,-1.04394,0.108666,40,42,0.0752721,0.108411,0.240304,1.80587,0,14.7216
14.7416,0.92898,0.458575,-1.21225,0,0,0,0,40,42,0,0,0,0,0,traj_sz=100
14.7418,0.92898,0.458575,-1.21225,0.958113,0.391764,-1.04394,0.108666,40,42,0.0727854,0.108088,0.238744,1.80631,0,14.7418
14.7616,0.929691,0.456495,-1.20738,0,0,0,0,40,42,0,0,0,0,0,traj_sz=100
14.7618,0.929691,0.456495,-1.20738,0.958113,0.391764,-1.04394,0.108666,40,42,0.0706062,0.108047,0.23654,1.80672,0,14.7618
14.7814,0.930445,0.454229,-1.20278,0,0,0,0,40,42,0,0,0,0,0,traj_sz=100
14.7816,0.930445,0.454229,-1.20278,0.958113,0.391764,-1.04394,0.108666,40,42,0.0682367,0.107806,0.235039,1.80718,0,14.7816
14.8015,0.931158,0.452093,-1.19882,0,0,0,0,40,42,0,0,0,0,0,traj_sz=100
14.8016,0.931158,0.452093,-1.19882,0.958113,0.391764,-1.04394,0.108666,40,42,0.0660004,0.107716,0.233936,1.80762,0,14.8016
14.8215,0.932023,0.451095,-1.19891,0,0,0,0,40,42,0,0,0,0,0,traj_sz=100
14.8216,0.932023,0.451095,-1.19891,0.958113,0.391764,-1.04394,0.108666,40,42,0.0647558,0.108613,0.227819,1.80737,0,14.8216
14.8415,0.932663,0.44889,-1.19399,0,0,0,0,40,42,0,0,0,0,0,traj_sz=100
14.8417,0.932663,0.44889,-1.19399,0.958113,0.391764,-1.04394,0.108666,40,42,0.0624827,0.108496,0.227255,1.80791,0,14.8417
14.8616,0.934269,0.445638,-1.19108,0,0,0,0,40,42,0,0,0,0,0,traj_sz=100
14.8617,0.934269,0.445638,-1.19108,0.958113,0.391764,-1.04394,0.108666,40,42,0.0588746,0.107025,0.221178,1.80814,0,14.8617
14.8815,0.934563,0.444514,-1.18647,0,0,0,0,40,42,0,0,0,0,0,traj_sz=100
14.8816,0.934563,0.444514,-1.18647,0.958113,0.391764,-1.04394,0.108666,41,42,0.0577315,0.10802,0.27279,1.80845,0,14.8816
14.9016,0.935729,0.442159,-1.18359,0,0,0,0,41,42,0,0,0,0,0,traj_sz=100
14.9018,0.935729,0.442159,-1.18359,0.958113,0.391764,-1.04394,0.108666,41,42,0.0551161,0.107565,0.270159,1.80862,0,14.9018
14.9216,0.936354,0.441084,-1.18327,0,0,0,0,41,42,0,0,0,0,0,traj_sz=100
14.9218,0.936354,0.441084,-1.18327,0.958113,0.391764,-1.04394,0.108666,41,42,0.0538858,0.108479,0.268616,1.80862,0,14.9218
14.9416,0.93749,0.43893,-1.17977,0,0,0,0,41,42,0,0,0,0,0,traj_sz=100
14.9418,0.93749,0.43893,-1.17977,0.978159,0.357304,-0.970446,0.111763,41,43,0.0909656,0.108204,0.264498,1.80872,0,14.9418
14.9614,0.938801,0.43554,-1.17358,0,0,0,0,41,43,0,0,0,0,0,traj_sz=100
14.9615,0.938801,0.43554,-1.17358,0.978159,0.357304,-0.970446,0.111763,41,43,0.0873704,0.106697,0.263812,1.8093,0,14.9615
14.9816,0.939502,0.434456,-1.17299,0,0,0,0,41,43,0,0,0,0,0,traj_sz=100
14.9817,0.939502,0.434456,-1.17299,0.978159,0.357304,-0.970446,0.111763,41,43,0.0861026,0.107587,0.261056,1.80925,0,14.9817
15.0016,0.940415,0.432216,-1.16849,0,0,0,0,41,43,0,0,0,0,0,traj_sz=100
15.0018,0.940415,0.432216,-1.16849,0.978159,0.357304,-0.970446,0.111763,41,43,0.0837096,0.107331,0.259617,1.80959,0,15.0018
15.0215,0.941367,0.430164,-1.16492,0,0,0,0,41,43,0,0,0,0,0,traj_sz=100
15.0218,0.941367,0.430164,-1.16492,0.978159,0.357304,-0.970446,0.111763,41,43,0.0814668,0.10721,0.257238,1.80982,0,15.0218
15.0414,0.942768,0.426902,-1.15846,0,0,0,0,41,43,0,0,0,0,0,traj_sz=100
15.0415,0.942768,0.426902,-1.15846,0.978159,0.357304,-0.970446,0.111763,41,43,0.0779479,0.105786,0.254235,1.81027,0,15.0415
15.0616,0.943385,0.42588,-1.15758,0,0,0,0,41,43,0,0,0,0,0,traj_sz=100
15.0617,0.943385,0.42588,-1.15758,0.978159,0.357304,-0.970446,0.111763,41,43,0.0767681,0.106857,0.251947,1.81026,0,15.0617
15.0815,0.943616,0.424712,-1.15355,0,0,0,0,41,43,0,0,0,0,0,traj_sz=100
15.0816,0.943616,0.424712,-1.15355,0.978159,0.357304,-0.970446,0.111763,41,43,0.0756232,0.107935,0.252962,1.81066,0,15.0816
15.1016,0.944802,0.42268,-1.15095,0,0,0,0,41,43,0,0,0,0,0,traj_sz=100
15.1018,0.944802,0.42268,-1.15095,0.978159,0.357304,-0.970446,0.111763,41,43,0.0732949,0.107848,0.248192,1.81068,0,15.1018
15.1216,0.945413,0.42161,-1.14985,0,0,0,0,41,43,0,0,0,0,0,traj_sz=100
15.1217,0.945413,0.42161,-1.14985,0.978159,0.357304,-0.970446,0.111763,41,43,0.0720728,0.108835,0.246084,1.8107,0,15.1217
15.1417,0.94727,0.417196,-1.14213,0,0,0,0,41,43,0,0,0,0,0,traj_sz=100
15.1419,0.94727,0.417196,-1.14213,0.978159,0.357304,-0.970446,0.111763,41,43,0.0673127,0.106321,0.243484,1.81138,0,15.1419
15.1616,0.94727,0.417196,-1.14213,0,0,0,0,41,43,0,0,0,0,0,traj_sz=100
15.1618,0.94727,0.417196,-1.14213,0.978159,0.357304,-0.970446,0.111763,41,43,0.0673127,0.108546,0.243484,1.81138,0,15.1618
15.1815,0.948266,0.414941,-1.13628,0,0,0,0,41,43,0,0,0,0,0,traj_sz=100
15.1816,0.948266,0.414941,-1.13628,0.978159,0.357304,-0.970446,0.111763,41,43,0.0648653,0.108307,0.239805,1.81169,0,15.1816
15.2015,0.94923,0.412836,-1.13224,0,0,0,0,41,43,0,0,0,0,0,traj_sz=100
15.2016,0.94923,0.412836,-1.13224,0.978159,0.357304,-0.970446,0.111763,41,43,0.062561,0.108239,0.237195,1.81195,0,15.2016
15.2215,0.950453,0.410831,-1.12971,0,0,0,0,41,43,0,0,0,0,0,traj_sz=100
15.2217,0.950453,0.410831,-1.12971,0.978159,0.357304,-0.970446,0.111763,41,43,0.0602324,0.108133,0.231785,1.81194,0,15.2217
15.2416,0.951104,0.409745,-1.12788,0,0,0,0,41,43,0,0,0,0,0,traj_sz=100
15.2417,0.951104,0.409745,-1.12788,0.978159,0.357304,-0.970446,0.111763,42,43,0.0589759,0.109107,0.284297,1.81195,0,15.2417
15.2616,0.952669,0.406483,-1.12244,0,0,0,0,42,43,0,0,0,0,0,traj_sz=100
15.2618,0.952669,0.406483,-1.12244,0.978159,0.357304,-0.970446,0.111763,42,43,0.0553678,0.107733,0.283724,1.81231,0,15.2618
15.2815,0.952843,0.40533,-1.11723,0,0,0,0,42,43,0,0,0,0,0,traj_sz=100
15.2816,0.952843,0.40533,-1.11723,1.00132,0.323471,-0.890435,0.115506,42,44,0.0948235,0.108861,0.28547,1.81276,0,15.2816
15.3017,0.954107,0.403202,-1.11625,0,0,0,0,42,44,0,0,0,0,0,traj_sz=100
15.3018,0.954107,0.403202,-1.11625,1.00132,0.323471,-0.890435,0.115506,42,44,0.0923642,0.10865,0.284248,1.81279,0,15.3018
15.3216,0.954845,0.402056,-1.11483,0,0,0,0,42,44,0,0,0,0,0,traj_sz=100
15.3217,0.954845,0.402056,-1.11483,1.00132,0.323471,-0.890435,0.115506,42,44,0.0910212,0.109516,0.282034,1.81276,0,15.3217
15.3415,0.956714,0.397869,-1.10488,0,0,0,0,42,44,0,0,0,0,0,traj_sz=100
15.3416,0.956714,0.397869,-1.10488,1.00132,0.323471,-0.890435,0.115506,42,44,0.0865073,0.107172,0.280435,1.81336,0,15.3416
15.3616,0.957545,0.396943,-1.10557,0,0,0,0,42,44,0,0,0,0,0,traj_sz=100
15.3617,0.957545,0.396943,-1.10557,1.00132,0.323471,-0.890435,0.115506,42,44,0.0853017,0.108198,0.277258,1.81314,0,15.3617
15.3815,0.958099,0.395892,-1.10387,0,0,0,0,42,44,0,0,0,0,0,traj_sz=100
15.3816,0.958099,0.395892,-1.10387,1.00132,0.323471,-0.890435,0.115506,42,44,0.0841239,0.109233,0.27647,1.81322,0,15.3816
15.4014,0.959263,0.393826,-1.09944,0,0,0,0,42,44,0,0,0,0,0,traj_sz=100
15.4015,0.959263,0.393826,-1.09944,1.00132,0.323471,-0.890435,0.115506,42,44,0.0817806,0.109084,0.272975,1.81332,0,15.4015
15.4215,0.960348,0.3916,-1.09534,0,0,0,0,42,44,0,0,0,0,0,traj_sz=100
15.4215,0.960348,0.3916,-1.09534,1.00132,0.323471,-0.890435,0.115506,42,44,0.0793275,0.108922,0.272012,1.81358,0,15.4215
15.4415,0.96084,0.390635,-1.09325,0,0,0,0,42,44,0,0,0,0,0,traj_sz=100
15.4416,0.96084,0.390635,-1.09325,1.00132,0.323471,-0.890435,0.115506,42,44,0.0782552,0.110177,0.271034,1.81367,0,15.4416
15.4614,0.962618,0.387503,-1.08766,0,0,0,0,42,44,0,0,0,0,0,traj_sz=100
15.4615,0.962618,0.387503,-1.08766,1.00132,0.323471,-0.890435,0.115506,42,44,0.0746821,0.108903,0.266571,1.81382,0,15.4615
15.4815,0.963361,0.386369,-1.0878,0,0,0,0,42,44,0,0,0,0,0,traj_sz=100
15.4816,0.963361,0.386369,-1.0878,1.00132,0.323471,-0.890435,0.115506,42,44,0.0733324,0.109894,0.265614,1.81379,0,15.4816
15.5015,0.964425,0.384167,-1.08182,0,0,0,0,42,44,0,0,0,0,0,traj_sz=100
15.5016,0.964425,0.384167,-1.08182,1.00132,0.323471,-0.890435,0.115506,42,44,0.0709141,0.109792,0.263044,1.81406,0,15.5016
15.5215,0.965089,0.38323,-1.08016,0,0,0,0,42,44,0,0,0,0,0,traj_sz=100
15.5216,0.965089,0.38323,-1.08016,1.00132,0.323471,-0.890435,0.115506,42,44,0.0697809,0.110981,0.259994,1.814,0,15.5216
15.5416,0.967556,0.378826,-1.07081,0,0,0,0,42,44,0,0,0,0,0,traj_sz=100
15.5417,0.967556,0.378826,-1.07081,1.00132,0.323471,-0.890435,0.115506,42,44,0.0647664,0.108285,0.252826,1.81427,0,15.5417
15.5615,0.967799,0.37778,-1.06649,0,0,0,0,42,44,0,0,0,0,0,traj_sz=100
15.5616,0.967799,0.37778,-1.06649,1.00132,0.323471,-0.890435,0.115506,42,44,0.0637454,0.109593,0.253665,1.81462,0,15.5616
15.5815,0.968794,0.376897,-1.06827,0,0,0,0,42,44,0,0,0,0,0,traj_sz=100
15.5816,0.968794,0.376897,-1.06827,1.00132,0.323471,-0.890435,0.115506,42,44,0.0624869,0.110649,0.249023,1.81425,0,15.5816
15.6015,0.970143,0.374615,-1.0658,0,0,0,0,42,44,0,0,0,0,0,traj_sz=100
15.6016,0.970143,0.374615,-1.0658,1.00132,0.323471,-0.890435,0.115506,43,44,0.0598436,0.110333,0.306209,1.81434,0,15.6016
15.6218,0.970751,0.373502,-1.06314,0,0,0,0,43,44,0,0,0,0,0,traj_sz=100
15.6219,0.970751,0.373502,-1.06314,1.00132,0.323471,-0.890435,0.115506,43,44,0.0585818,0.11144,0.305741,1.81443,0,15.6219
15.6415,0.971994,0.371584,-1.05725,0,0,0,0,43,44,0,0,0,0,0,traj_sz=100
15.6417,0.971994,0.371584,-1.05725,1.00132,0.323471,-0.890435,0.115506,43,44,0.0563137,0.111453,0.301294,1.81441,0,15.6417
15.6615,0.974056,0.368246,-1.05226,0,0,0,0,43,44,0,0,0,0,0,traj_sz=100
15.6617,0.974056,0.368246,-1.05226,1.02798,0.290531,-0.803099,0.119279,43,45,0.0942247,0.109864,0.299578,1.81448,0,15.6617
15.6816,0.974692,0.366859,-1.04985,0,0,0,0,43,45,0,0,0,0,0,traj_sz=100
15.6818,0.974692,0.366859,-1.04985,1.02798,0.290531,-0.803099,0.119279,43,45,0.0927244,0.110703,0.301286,1.8147,0,15.6818
15.7015,0.97616,0.364479,-1.04515,0,0,0,0,43,45,0,0,0,0,0,traj_sz=100
15.7016,0.97616,0.364479,-1.04515,1.02798,0.290531,-0.803099,0.119279,43,45,0.0899669,0.110221,0.299062,1.81476,0,15.7016
15.7215,0.976749,0.363534,-1.04258,0,0,0,0,43,45,0,0,0,0,0,traj_sz=100
15.7217,0.976749,0.363534,-1.04258,1.02798,0.290531,-0.803099,0.119279,43,45,0.0888733,0.111445,0.297454,1.81477,0,15.7217
15.7415,0.978151,0.361393,-1.03794,0,0,0,0,43,45,0,0,0,0,0,traj_sz=100
15.7417,0.978151,0.361393,-1.03794,1.02798,0.290531,-0.803099,0.119279,43,45,0.0863505,0.111215,0.294069,1.81476,0,15.7417
15.7615,0.980005,0.358365,-1.03152,0,0,0,0,43,45,0,0,0,0,0,traj_sz=100
15.7616,0.980005,0.358365,-1.03152,1.02798,0.290531,-0.803099,0.119279,43,45,0.0828431,0.109985,0.291014,1.81486,0,15.7616
15.7815,0.980731,0.357322,-1.0304,0,0,0,0,43,45,0,0,0,0,0,traj_sz=100
15.7817,0.980731,0.357322,-1.0304,1.02798,0.290531,-0.803099,0.119279,43,45,0.0815817,0.111084,0.289857,1.81482,0,15.7817
15.8015,0.982223,0.355078,-1.02676,0,0,0,0,43,45,0,0,0,0,0,traj_sz=100
15.8017,0.982223,0.355078,-1.02676,1.02798,0.290531,-0.803099,0.119279,43,45,0.0789118,0.110821,0.287128,1.8148,0,15.8017
15.8216,0.982979,0.35394,-1.02384,0,0,0,0,43,45,0,0,0,0,0,traj_sz=100
15.8217,0.982979,0.35394,-1.02384,1.02798,0.290531,-0.803099,0.119279,43,45,0.0775625,0.111887,0.284782,1.8148,0,15.8217
15.8415,0.984301,0.35176,-1.01891,0,0,0,0,43,45,0,0,0,0,0,traj_sz=100
15.8416,0.984301,0.35176,-1.01891,1.02798,0.290531,-0.803099,0.119279,43,45,0.0750393,0.111768,0.282467,1.81489,0,15.8416
15.8614,0.986533,0.348382,-1.01081,0,0,0,0,43,45,0,0,0,0,0,traj_sz=100
15.8615,0.986533,0.348382,-1.01081,1.02798,0.290531,-0.803099,0.119279,43,45,0.0710302,0.110136,0.276164,1.81489,0,15.8615
15.8815,0.987291,0.34721,-1.00889,0,0,0,0,43,45,0,0,0,0,0,traj_sz=100
15.8816,0.987291,0.34721,-1.00889,1.02798,0.290531,-0.803099,0.119279,43,45,0.069643,0.111191,0.274995,1.8149,0,15.8816
15.9014,0.988962,0.344902,-1.00463,0,0,0,0,43,45,0,0,0,0,0,traj_sz=100
15.9015,0.988962,0.344902,-1.00463,1.02798,0.290531,-0.803099,0.119279,43,45,0.0668167,0.110755,0.270028,1.81479,0,15.9015
15.9215,0.990435,0.34247,-0.999017,0,0,0,0,43,45,0,0,0,0,0,traj_sz=100
15.9216,0.990435,0.34247,-0.999017,1.02798,0.290531,-0.803099,0.119279,43,45,0.0639943,0.110363,0.267359,1.81491,0,15.9216
15.9416,0.99123,0.341311,-0.996234,0,0,0,0,43,45,0,0,0,0,0,traj_sz=100
15.9417,0.99123,0.341311,-0.996234,1.02798,0.290531,-0.803099,0.119279,44,45,0.0625989,0.111406,0.327024,1.81489,0,15.9417
15.9616,0.992727,0.339105,-0.991268,0,0,0,0,44,45,0,0,0,0,0,traj_sz=100
15.9618,0.992727,0.339105,-0.991268,1.02798,0.290531,-0.803099,0.119279,44,45,0.0599484,0.111184,0.325917,1.81488,0,15.9618
15.9815,0.994342,0.336946,-0.988526,0,0,0,0,44,45,0,0,0,0,0,traj_sz=100
15.9816,0.994342,0.336946,-0.988526,1.05837,0.259045,-0.708179,0.122489,44,46,0.100275,0.110894,0.324985,1.81474,0,15.9816
16.0015,0.995737,0.334648,-0.982285,0,0,0,0,44,46,0,0,0,0,0,traj_sz=100
16.0016,0.995737,0.334648,-0.982285,1.05837,0.259045,-0.708179,0.122489,44,46,0.0976535,0.110651,0.324791,1.81487,0,16.0016
16.0214,0.996664,0.333515,-0.980734,0,0,0,0,44,46,0,0,0,0,0,traj_sz=100
16.0215,0.996664,0.333515,-0.980734,1.05837,0.259045,-0.708179,0.122489,44,46,0.0962113,0.111607,0.323276,1.81473,0,16.0215
16.0414,0.998037,0.331374,-0.973372,0,0,0,0,44,46,0,0,0,0,0,traj_sz=100
16.0415,0.998037,0.331374,-0.973372,1.05837,0.259045,-0.708179,0.122489,44,46,0.0937392,0.1115,0.320842,1.8148,0,16.0415
16.0615,1.00029,0.328331,-0.969393,0,0,0,0,44,46,0,0,0,0,0,traj_sz=100
16.0616,1.00029,0.328331,-0.969393,1.05837,0.259045,-0.708179,0.122489,44,46,0.0899887,0.11015,0.319657,1.81464,0,16.0616
16.0816,1.0011,0.327359,-0.967371,0,0,0,0,44,46,0,0,0,0,0,traj_sz=100
16.0817,1.0011,0.327359,-0.967371,1.05837,0.259045,-0.708179,0.122489,44,46,0.0887499,0.111326,0.317658,1.81453,0,16.0817
16.1015,1.00255,0.325305,-0.962407,0,0,0,0,44,46,0,0,0,0,0,traj_sz=100
16.1016,1.00255,0.325305,-0.962407,1.05837,0.259045,-0.708179,0.122489,44,46,0.0862764,0.111232,0.315661,1.81449,0,16.1016
16.1216,1.00336,0.324368,-0.960173,0,0,0,0,44,46,0,0,0,0,0,traj_sz=100
16.1218,1.00336,0.324368,-0.960173,1.05837,0.259045,-0.708179,0.122489,44,46,0.085062,0.11244,0.313056,1.81435,0,16.1218
16.1414,1.0064,0.320229,-0.951008,0,0,0,0,44,46,0,0,0,0,0,traj_sz=100
16.1415,1.0064,0.320229,-0.951008,1.05837,0.259045,-0.708179,0.122489,44,46,0.0799898,0.109701,0.308345,1.81418,0,16.1415
16.1614,1.00726,0.319278,-0.948653,0,0,0,0,44,46,0,0,0,0,0,traj_sz=100
16.1615,1.00726,0.319278,-0.948653,1.05837,0.259045,-0.708179,0.122489,44,46,0.0787305,0.110928,0.305142,1.81401,0,16.1615
16.1817,1.00803,0.318149,-0.946256,0,0,0,0,44,46,0,0,0,0,0,traj_sz=100
16.1818,1.00803,0.318149,-0.946256,1.05837,0.259045,-0.708179,0.122489,44,46,0.0773835,0.11211,0.304735,1.81403,0,16.1818
16.2017,1.00969,0.315874,-0.939824,0,0,0,0,44,46,0,0,0,0,0,traj_sz=100
16.2018,1.00969,0.315874,-0.939824,1.05837,0.259045,-0.708179,0.122489,44,46,0.0746043,0.111809,0.301016,1.81396,0,16.2018
16.2215,1.01135,0.31395,-0.935128,0,0,0,0,44,46,0,0,0,0,0,traj_sz=100
16.2216,1.01135,0.31395,-0.935128,1.05837,0.259045,-0.708179,0.122489,44,46,0.0720992,0.111744,0.295655,1.8137,0,16.2216
16.2414,1.01375,0.310671,-0.927761,0,0,0,0,44,46,0,0,0,0,0,traj_sz=100
16.2415,1.01375,0.310671,-0.927761,1.05837,0.259045,-0.708179,0.122489,44,46,0.0680686,0.110186,0.291906,1.8136,0,16.2415
16.2615,1.01447,0.309775,-0.925085,0,0,0,0,44,46,0,0,0,0,0,traj_sz=100
16.2617,1.01447,0.309775,-0.925085,1.05837,0.259045,-0.708179,0.122489,44,46,0.0669319,0.111554,0.289534,1.81352,0,16.2617
16.2815,1.01541,0.308946,-0.923534,0,0,0,0,44,46,0,0,0,0,0,traj_sz=100
16.2817,1.01541,0.308946,-0.923534,1.05837,0.259045,-0.708179,0.122489,44,46,0.0657106,0.112833,0.285,1.81323,0,16.2817
16.3014,1.01694,0.306866,-0.918427,0,0,0,0,44,46,0,0,0,0,0,traj_sz=100
16.3015,1.01694,0.306866,-0.918427,1.05837,0.259045,-0.708179,0.122489,45,46,0.0631544,0.112744,0.3491,1.81318,0,16.3015
16.3216,1.01779,0.305869,-0.916424,0,0,0,0,45,46,0,0,0,0,0,traj_sz=100
16.3217,1.01779,0.305869,-0.916424,1.05837,0.259045,-0.708179,0.122489,45,46,0.0618513,0.113963,0.3491,1.81305,0,16.3217
16.3415,1.01945,0.30384,-0.911803,0,0,0,0,45,46,0,0,0,0,0,traj_sz=100
16.3417,1.01945,0.30384,-0.911803,1.0925,0.229816,-0.606101,0.124696,45,47,0.103254,0.113847,0.348234,1.81286,0,16.3417
16.3617,1.02114,0.301778,-0.906794,0,0,0,0,45,47,0,0,0,0,0,traj_sz=100
16.3619,1.02114,0.301778,-0.906794,1.0925,0.229816,-0.606101,0.124696,45,47,0.100652,0.113719,0.347028,1.81268,0,16.3619
16.3815,1.02262,0.299837,-0.899548,0,0,0,0,45,47,0,0,0,0,0,traj_sz=100
16.3816,1.02262,0.299837,-0.899548,1.0925,0.229816,-0.606101,0.124696,45,47,0.0982942,0.113761,0.344736,1.8126,0,16.3816
16.4014,1.02425,0.298041,-0.895334,0,0,0,0,45,47,0,0,0,0,0,traj_sz=100
16.4016,1.02425,0.298041,-0.895334,1.0925,0.229816,-0.606101,0.124696,45,47,0.0959175,0.113828,0.342009,1.81231,0,16.4016
16.4215,1.02496,0.296998,-0.891804,0,0,0,0,45,47,0,0,0,0,0,traj_sz=100
16.4216,1.02496,0.296998,-0.891804,1.0925,0.229816,-0.606101,0.124696,45,47,0.0946961,0.115091,0.34203,1.81233,0,16.4216
16.4415,1.02658,0.295288,-0.886494,0,0,0,0,45,47,0,0,0,0,0,traj_sz=100
16.4417,1.02658,0.295288,-0.886494,1.0925,0.229816,-0.606101,0.124696,45,47,0.0923996,0.115246,0.337558,1.81201,0,16.4417
16.4615,1.02887,0.292741,-0.878988,0,0,0,0,45,47,0,0,0,0,0,traj_sz=100
16.4616,1.02887,0.292741,-0.878988,1.0925,0.229816,-0.606101,0.124696,45,47,0.0890522,0.114317,0.332701,1.81164,0,16.4616
16.4816,1.0296,0.291869,-0.876323,0,0,0,0,45,47,0,0,0,0,0,traj_sz=100
16.4817,1.0296,0.291869,-0.876323,1.0925,0.229816,-0.606101,0.124696,45,47,0.0879369,0.115692,0.331489,1.81155,0,16.4817
16.5015,1.0311,0.290069,-0.869988,0,0,0,0,45,47,0,0,0,0,0,traj_sz=100
16.5017,1.0311,0.290069,-0.869988,1.0925,0.229816,-0.606101,0.124696,45,47,0.0856465,0.11585,0.328348,1.81139,0,16.5017
16.5215,1.03216,0.289268,-0.869842,0,0,0,0,45,47,0,0,0,0,0,traj_sz=100
16.5216,1.03216,0.289268,-0.869842,1.0925,0.229816,-0.606101,0.124696,45,47,0.0843515,0.117063,0.325114,1.811,0,16.5216
16.5414,1.03541,0.28543,-0.857365,0,0,0,0,45,47,0,0,0,0,0,traj_sz=100
16.5415,1.03541,0.28543,-0.857365,1.0925,0.229816,-0.606101,0.124696,45,47,0.0794136,0.114579,0.318803,1.81062,0,16.5415
16.5616,1.03642,0.284583,-0.85676,0,0,0,0,45,47,0,0,0,0,0,traj_sz=100
16.5617,1.03642,0.284583,-0.85676,1.0925,0.229816,-0.606101,0.124696,45,47,0.0781173,0.115844,0.316185,1.8103,0,16.5617
16.5815,1.03721,0.283397,-0.852833,0,0,0,0,45,47,0,0,0,0,0,traj_sz=100
16.5816,1.03721,0.283397,-0.852833,1.0925,0.229816,-0.606101,0.124696,45,47,0.0767271,0.116984,0.316451,1.81036,0,16.5816
16.6016,1.0392,0.281621,-0.85043,0,0,0,0,45,47,0,0,0,0,0,traj_sz=100
16.6021,1.0392,0.281621,-0.85043,1.0925,0.229816,-0.606101,0.124696,45,47,0.0740958,0.116908,0.31132,1.8098,0,16.6021
16.6215,1.04002,0.280574,-0.846288,0,0,0,0,45,47,0,0,0,0,0,traj_sz=100
16.6217,1.04002,0.280574,-0.846288,1.0925,0.229816,-0.606101,0.124696,45,47,0.0727925,0.118112,0.309654,1.80976,0,16.6217
16.6416,1.04363,0.276679,-0.835487,0,0,0,0,45,47,0,0,0,0,0,traj_sz=100
16.6417,1.04363,0.276679,-0.835487,1.0925,0.229816,-0.606101,0.124696,45,47,0.0675365,0.115362,0.301508,1.80915,0,16.6417
16.6614,1.04467,0.275586,-0.833186,0,0,0,0,45,47,0,0,0,0,0,traj_sz=100
16.6616,1.04467,0.275586,-0.833186,1.0925,0.229816,-0.606101,0.124696,46,47,0.06604,0.116393,0.3491,1.80896,0,16.6616
16.6815,1.04564,0.27466,-0.831808,0,0,0,0,46,47,0,0,0,0,0,traj_sz=100
16.6816,1.04564,0.27466,-0.831808,1.0925,0.229816,-0.606101,0.124696,46,47,0.0647115,0.117605,0.3491,1.80874,0,16.6816
16.7015,1.04754,0.27272,-0.825941,0,0,0,0,46,47,0,0,0,0,0,traj_sz=100
16.7016,1.04754,0.27272,-0.825941,1.0925,0.229816,-0.606101,0.124696,46,47,0.0620219,0.117444,0.3491,1.80837,0,16.7016
16.7214,1.04857,0.271788,-0.823849,0,0,0,0,46,47,0,0,0,0,0,traj_sz=100
16.7215,1.04857,0.271788,-0.823849,1.1301,0.203755,-0.497972,0.12563,46,48,0.105313,0.118587,0.3491,1.80809,0,16.7215
16.7414,1.05025,0.269841,-0.814874,0,0,0,0,46,48,0,0,0,0,0,traj_sz=100
16.7415,1.05025,0.269841,-0.814874,1.1301,0.203755,-0.497972,0.12563,46,48,0.102859,0.118583,0.3491,1.8079,0,16.7415
16.7614,1.052,0.268264,-0.80986,0,0,0,0,46,48,0,0,0,0,0,traj_sz=100
16.7616,1.052,0.268264,-0.80986,1.1301,0.203755,-0.497972,0.12563,46,48,0.100575,0.118779,0.3491,1.80744,0,16.7616
16.7816,1.05394,0.266296,-0.806033,0,0,0,0,46,48,0,0,0,0,0,traj_sz=100
16.7817,1.05394,0.266296,-0.806033,1.1301,0.203755,-0.497972,0.12563,46,48,0.0978555,0.118585,0.3491,1.80707,0,16.7817
16.8016,1.05547,0.264579,-0.79747,0,0,0,0,46,48,0,0,0,0,0,traj_sz=100
16.8017,1.05547,0.264579,-0.79747,1.1301,0.203755,-0.497972,0.12563,46,48,0.0956588,0.118845,0.3491,1.80688,0,16.8017
16.8216,1.0574,0.262998,-0.794151,0,0,0,0,46,48,0,0,0,0,0,traj_sz=100
16.8218,1.0574,0.262998,-0.794151,1.1301,0.203755,-0.497972,0.12563,46,48,0.0932075,0.118899,0.3491,1.80628,0,16.8218
16.8414,1.06004,0.260082,-0.783603,0,0,0,0,46,48,0,0,0,0,0,traj_sz=100
16.8415,1.06004,0.260082,-0.783603,1.1301,0.203755,-0.497972,0.12563,46,48,0.0893859,0.117502,0.3491,1.80594,0,16.8415
16.8616,1.06004,0.260082,-0.783603,0,0,0,0,46,48,0,0,0,0,0,traj_sz=100
16.8617,1.06004,0.260082,-0.783603,1.1301,0.203755,-0.497972,0.12563,46,48,0.0893859,0.120078,0.3491,1.80594,0,16.8617
16.8816,1.06187,0.258331,-0.777703,0,0,0,0,46,48,0,0,0,0,0,traj_sz=100
16.8816,1.06187,0.258331,-0.777703,1.1301,0.203755,-0.497972,0.12563,46,48,0.0869102,0.120088,0.347467,1.80554,0,16.8816
16.9015,1.06378,0.256726,-0.773045,0,0,0,0,46,48,0,0,0,0,0,traj_sz=100
16.9017,1.06378,0.256726,-0.773045,1.1301,0.203755,-0.497972,0.12563,46,48,0.0844593,0.120152,0.342873,1.80498,0,16.9017
16.9216,1.06459,0.255828,-0.769477,0,0,0,0,46,48,0,0,0,0,0,traj_sz=100
16.9217,1.06459,0.255828,-0.769477,1.1301,0.203755,-0.497972,0.12563,46,48,0.0832866,0.121528,0.342047,1.80489,0,16.9217
16.9416,1.06871,0.252109,-0.759841,0,0,0,0,46,48,0,0,0,0,0,traj_sz=100
16.9417,1.06871,0.252109,-0.759841,1.1301,0.203755,-0.497972,0.12563,46,48,0.0778092,0.118537,0.335493,1.80387,0,16.9417
16.9617,1.06871,0.252109,-0.759841,0,0,0,0,46,48,0,0,0,0,0,traj_sz=100
16.9618,1.06871,0.252109,-0.759841,1.1301,0.203755,-0.497972,0.12563,46,48,0.0778092,0.121116,0.335493,1.80387,0,16.9618
16.9816,1.07098,0.25016,-0.752976,0,0,0,0,46,48,0,0,0,0,0,traj_sz=100
16.9818,1.07098,0.25016,-0.752976,1.1301,0.203755,-0.497972,0.12563,46,48,0.0748705,0.120685,0.329413,1.80326,0,16.9818
17.0016,1.07328,0.248095,-0.746182,0,0,0,0,46,48,0,0,0,0,0,traj_sz=100
17.0017,1.07328,0.248095,-0.746182,1.1301,0.203755,-0.497972,0.12563,46,48,0.0718245,0.120149,0.324408,1.8027,0,17.0017
17.0215,1.07438,0.247073,-0.742628,0,0,0,0,46,48,0,0,0,0,0,traj_sz=100
17.0217,1.07438,0.247073,-0.742628,1.1301,0.203755,-0.497972,0.12563,46,48,0.0703386,0.121204,0.322045,1.80245,0,17.0217
17.0415,1.07852,0.243348,-0.728045,0,0,0,0,46,48,0,0,0,0,0,traj_sz=100
17.0416,1.07852,0.243348,-0.728045,1.1301,0.203755,-0.497972,0.12563,47,48,0.0648457,0.1182,0.3491,1.80146,0,17.0416
17.0616,1.07988,0.242517,-0.728092,0,0,0,0,47,48,0,0,0,0,0,traj_sz=100
17.0618,1.07988,0.242517,-0.728092,1.1301,0.203755,-0.497972,0.12563,47,48,0.0632786,0.119201,0.3491,1.8009,0,17.0618
17.0815,1.08095,0.241487,-0.723889,0,0,0,0,47,48,0,0,0,0,0,traj_sz=100
17.0817,1.08095,0.241487,-0.723889,1.17059,0.181741,-0.385489,0.12563,47,49,0.106732,0.120285,0.3491,1.8007,0,17.0817
17.1016,1.08305,0.239645,-0.715965,0,0,0,0,47,49,0,0,0,0,0,traj_sz=100
17.1017,1.08305,0.239645,-0.715965,1.17059,0.181741,-0.385489,0.12563,47,49,0.104053,0.120058,0.3491,1.80018,0,17.1017
17.1215,1.08504,0.238074,-0.709463,0,0,0,0,47,49,0,0,0,0,0,traj_sz=100
17.1216,1.08504,0.238074,-0.709463,1.17059,0.181741,-0.385489,0.12563,47,49,0.101603,0.120067,0.3491,1.79958,0,17.1216
17.1414,1.0861,0.237228,-0.707627,0,0,0,0,47,49,0,0,0,0,0,traj_sz=100
17.1416,1.0861,0.237228,-0.707627,1.17059,0.181741,-0.385489,0.12563,47,49,0.100276,0.121266,0.3491,1.79927,0,17.1416
17.1614,1.08797,0.235778,-0.70215,0,0,0,0,47,49,0,0,0,0,0,traj_sz=100
17.1617,1.08797,0.235778,-0.70215,1.17059,0.181741,-0.385489,0.12563,47,49,0.0979793,0.121452,0.3491,1.7987,0,17.1617
17.1816,1.09003,0.234161,-0.695755,0,0,0,0,47,49,0,0,0,0,0,traj_sz=100
17.1818,1.09003,0.234161,-0.695755,1.17059,0.181741,-0.385489,0.12563,47,49,0.0954339,0.121419,0.3491,1.79809,0,17.1818
17.2015,1.09217,0.232228,-0.688887,0,0,0,0,47,49,0,0,0,0,0,traj_sz=100
17.2017,1.09217,0.232228,-0.688887,1.17059,0.181741,-0.385489,0.12563,47,49,0.092632,0.121093,0.3491,1.79761,0,17.2017
17.2217,1.09331,0.231578,-0.686383,0,0,0,0,47,49,0,0,0,0,0,traj_sz=100
17.2218,1.09331,0.231578,-0.686383,1.17059,0.181741,-0.385489,0.12563,47,49,0.0913634,0.122353,0.3491,1.79712,0,17.2218
17.2418,1.09535,0.229946,-0.679543,0,0,0,0,47,49,0,0,0,0,0,traj_sz=100
17.2421,1.09535,0.229946,-0.679543,1.17059,0.181741,-0.385489,0.12563,47,49,0.0888167,0.122329,0.3491,1.79654,0,17.2421
17.2615,1.09767,0.228067,-0.673807,0,0,0,0,47,49,0,0,0,0,0,traj_sz=100
17.2616,1.09767,0.228067,-0.673807,1.17059,0.181741,-0.385489,0.12563,47,49,0.0858927,0.121836,0.3491,1.7959,0,17.2616
17.2815,1.10003,0.226187,-0.666786,0,0,0,0,47,49,0,0,0,0,0,traj_sz=100
17.2815,1.10003,0.226187,-0.666786,1.17059,0.181741,-0.385489,0.12563,47,49,0.0829324,0.121349,0.3491,1.79523,0,17.2815
17.3015,1.10218,0.22463,-0.657511,0,0,0,0,47,49,0,0,0,0,0,traj_sz=100
17.3017,1.10218,0.22463,-0.657511,1.17059,0.181741,-0.385489,0.12563,47,49,0.0803567,0.121248,0.3491,1.79453,0,17.3017
17.3215,1.10341,0.223714,-0.656064,0,0,0,0,47,49,0,0,0,0,0,traj_sz=100
17.3216,1.10341,0.223714,-0.656064,1.17059,0.181741,-0.385489,0.12563,47,49,0.0788398,0.122248,0.3491,1.79416,0,17.3216
17.3419,1.10583,0.221894,-0.650585,0,0,0,0,47,49,0,0,0,0,0,traj_sz=100
17.3422,1.10583,0.221894,-0.650585,1.17059,0.181741,-0.385489,0.12563,47,49,0.075851,0.121843,0.347396,1.79341,0,17.3422
17.3615,1.10795,0.220255,-0.641524,0,0,0,0,47,49,0,0,0,0,0,traj_sz=100
17.3617,1.10795,0.220255,-0.641524,1.17059,0.181741,-0.385489,0.12563,47,49,0.0732302,0.121636,0.341299,1.7928,0,17.3617
17.3816,1.11054,0.218434,-0.637218,0,0,0,0,47,49,0,0,0,0,0,traj_sz=100
17.3817,1.11054,0.218434,-0.637218,1.17059,0.181741,-0.385489,0.12563,47,49,0.0700952,0.121017,0.337765,1.79194,0,17.3817
17.4015,1.11289,0.216999,-0.631178,0,0,0,0,47,49,0,0,0,0,0,traj_sz=100
17.4018,1.11289,0.216999,-0.631178,1.17059,0.181741,-0.385489,0.12563,48,49,0.0673873,0.120812,0.3491,1.79102,0,17.4018
17.4215,1.1139,0.216117,-0.626267,0,0,0,0,48,49,0,0,0,0,0,traj_sz=100
17.4217,1.1139,0.216117,-0.626267,1.17059,0.181741,-0.385489,0.12563,48,49,0.0660788,0.122013,0.3491,1.7908,0,17.4217
17.4414,1.11875,0.212804,-0.616387,0,0,0,0,48,49,0,0,0,0,0,traj_sz=100
17.4415,1.11875,0.212804,-0.616387,1.2133,0.16441,-0.270356,0.12563,48,50,0.105128,0.118669,0.3491,1.78915,0,17.4415
17.4614,1.11983,0.211905,-0.611806,0,0,0,0,48,50,0,0,0,0,0,traj_sz=100
17.4617,1.11983,0.211905,-0.611806,1.2133,0.16441,-0.270356,0.12563,48,50,0.103796,0.119832,0.3491,1.78889,0,17.4617
17.4814,1.1209,0.211178,-0.606364,0,0,0,0,48,50,0,0,0,0,0,traj_sz=100
17.4816,1.1209,0.211178,-0.606364,1.2133,0.16441,-0.270356,0.12563,48,50,0.102579,0.121069,0.3491,1.78853,0,17.4816
17.5016,1.12317,0.209928,-0.601413,0,0,0,0,48,50,0,0,0,0,0,traj_sz=100
17.5017,1.12317,0.209928,-0.601413,1.2133,0.16441,-0.270356,0.12563,48,50,0.100073,0.121024,0.3491,1.78758,0,17.5017
17.5216,1.1241,0.209008,-0.596216,0,0,0,0,48,50,0,0,0,0,0,traj_sz=100
17.5217,1.1241,0.209008,-0.596216,1.2133,0.16441,-0.270356,0.12563,48,50,0.0988563,0.122292,0.3491,1.78745,0,17.5217
17.5414,1.12861,0.206353,-0.588881,0,0,0,0,48,50,0,0,0,0,0,traj_sz=100
17.5415,1.12861,0.206353,-0.588881,1.2133,0.16441,-0.270356,0.12563,48,50,0.0937207,0.119565,0.3491,1.78567,0,17.5415
17.5615,1.12861,0.206353,-0.588881,0,0,0,0,48,50,0,0,0,0,0,traj_sz=100
17.5617,1.12861,0.206353,-0.588881,1.2133,0.16441,-0.270356,0.12563,48,50,0.0937207,0.122116,0.3491,1.78567,0,17.5617
17.5815,1.13091,0.204938,-0.580598,0,0,0,0,48,50,0,0,0,0,0,traj_sz=100
17.5817,1.13091,0.204938,-0.580598,1.2133,0.16441,-0.270356,0.12563,48,50,0.0911203,0.12195,0.3491,1.78482,0,17.5817
17.6015,1.13336,0.203436,-0.573294,0,0,0,0,48,50,0,0,0,0,0,traj_sz=100
17.6017,1.13336,0.203436,-0.573294,1.2133,0.16441,-0.270356,0.12563,48,50,0.0883278,0.121596,0.3491,1.7839,0,17.6017
17.6215,1.13432,0.202467,-0.569441,0,0,0,0,48,50,0,0,0,0,0,traj_sz=100
17.6217,1.13432,0.202467,-0.569441,1.2133,0.16441,-0.270356,0.12563,48,50,0.0870361,0.122804,0.3491,1.78379,0,17.6217
17.6415,1.13664,0.201207,-0.56471,0,0,0,0,48,50,0,0,0,0,0,traj_sz=100
17.6417,1.13664,0.201207,-0.56471,1.2133,0.16441,-0.270356,0.12563,48,50,0.0844517,0.12267,0.3491,1.78283,0,17.6417
17.6615,1.1391,0.199697,-0.559067,0,0,0,0,48,50,0,0,0,0,0,traj_sz=100
17.6617,1.1391,0.199697,-0.559067,1.2133,0.16441,-0.270356,0.12563,48,50,0.0816206,0.122306,0.3491,1.78192,0,17.6617
17.6816,1.14137,0.198359,-0.551387,0,0,0,0,48,50,0,0,0,0,0,traj_sz=100
17.6817,1.14137,0.198359,-0.551387,1.2133,0.16441,-0.270356,0.12563,48,50,0.0790591,0.122179,0.3491,1.78106,0,17.6817
17.7014,1.14381,0.196977,-0.546155,0,0,0,0,48,50,0,0,0,0,0,traj_sz=100
17.7015,1.14381,0.196977,-0.546155,1.2133,0.16441,-0.270356,0.12563,48,50,0.0762981,0.121865,0.3491,1.78009,0,17.7015
17.7215,1.14633,0.195449,-0.537352,0,0,0,0,48,50,0,0,0,0,0,traj_sz=100
17.7217,1.14633,0.195449,-0.537352,1.2133,0.16441,-0.270356,0.12563,48,50,0.0734169,0.12145,0.3491,1.77916,0,17.7217
17.7415,1.14732,0.194964,-0.533004,0,0,0,0,48,50,0,0,0,0,0,traj_sz=100
17.7416,1.14732,0.194964,-0.533004,1.2133,0.16441,-0.270356,0.12563,48,50,0.0723528,0.122853,0.3491,1.77872,0,17.7416
17.7614,1.15107,0.192752,-0.52448,0,0,0,0,48,50,0,0,0,0,0,traj_sz=100
17.7615,1.15107,0.192752,-0.52448,1.2133,0.16441,-0.270356,0.12563,49,50,0.0680578,0.121006,0.3491,1.77731,0,17.7615
17.7816,1.15232,0.192306,-0.522389,0,0,0,0,49,50,0,0,0,0,0,traj_sz=100
17.7818,1.15232,0.192306,-0.522389,1.2133,0.16441,-0.270356,0.12563,49,50,0.0667674,0.122227,0.3491,1.77665,0,17.7818
17.8015,1.15475,0.190781,-0.515139,0,0,0,0,49,50,0,0,0,0,0,traj_sz=100
17.8016,1.15475,0.190781,-0.515139,1.2133,0.16441,-0.270356,0.12563,49,50,0.0639433,0.121866,0.3491,1.77581,0,17.8016
17.8214,1.15592,0.190194,-0.511164,0,0,0,0,49,50,0,0,0,0,0,traj_sz=100
17.8216,1.15592,0.190194,-0.511164,1.2133,0.16441,-0.270356,0.12563,49,50,0.0626592,0.123056,0.3491,1.7753,0,17.8216
17.8414,1.15822,0.188883,-0.502981,0,0,0,0,49,50,0,0,0,0,0,traj_sz=100
17.8416,1.15822,0.188883,-0.502981,1.25772,0.152101,-0.153599,0.12563,49,51,0.104906,0.122923,0.3491,1.77442,0,17.8416
17.8614,1.16075,0.187825,-0.500869,0,0,0,0,49,51,0,0,0,0,0,traj_sz=100
17.8615,1.16075,0.187825,-0.500869,1.25772,0.152101,-0.153599,0.12563,49,51,0.102213,0.122682,0.3491,1.7732,0,17.8615
17.8814,1.16312,0.186572,-0.493047,0,0,0,0,49,51,0,0,0,0,0,traj_sz=100
17.8816,1.16312,0.186572,-0.493047,1.25772,0.152101,-0.153599,0.12563,49,51,0.0996511,0.122518,0.3491,1.77224,0,17.8816
17.9015,1.16549,0.185325,-0.485716,0,0,0,0,49,51,0,0,0,0,0,traj_sz=100
17.9016,1.16549,0.185325,-0.485716,1.25772,0.152101,-0.153599,0.12563,49,51,0.0970691,0.122344,0.3491,1.77126,0,17.9016
17.9215,1.1679,0.184103,-0.480622,0,0,0,0,49,51,0,0,0,0,0,traj_sz=100
17.9216,1.1679,0.184103,-0.480622,1.25772,0.152101,-0.153599,0.12563,49,51,0.0944426,0.122154,0.3491,1.77026,0,17.9216
17.9418,1.16907,0.183511,-0.477258,0,0,0,0,49,51,0,0,0,0,0,traj_sz=100
17.9419,1.16907,0.183511,-0.477258,1.25772,0.152101,-0.153599,0.12563,49,51,0.0931749,0.123381,0.3491,1.76977,0,17.9419
17.9615,1.17311,0.18148,-0.469568,0,0,0,0,49,51,0,0,0,0,0,traj_sz=100
17.9616,1.17311,0.18148,-0.469568,1.25772,0.152101,-0.153599,0.12563,49,51,0.0887502,0.121333,0.3491,1.76807,0,17.9616
17.9816,1.1745,0.181356,-0.468092,0,0,0,0,49,51,0,0,0,0,0,traj_sz=100
17.9818,1.1745,0.181356,-0.468092,1.25772,0.152101,-0.153599,0.12563,49,51,0.0874653,0.122504,0.3491,1.76711,0,17.9818
18.0015,1.17697,0.179935,-0.459928,0,0,0,0,49,51,0,0,0,0,0,traj_sz=100
18.0015,1.17697,0.179935,-0.459928,1.25772,0.152101,-0.153599,0.12563,49,51,0.084714,0.122165,0.3491,1.7662,0,18.0015
18.0214,1.17827,0.179209,-0.456364,0,0,0,0,49,51,0,0,0,0,0,traj_sz=100
18.0215,1.17827,0.179209,-0.456364,1.25772,0.152101,-0.153599,0.12563,49,51,0.0832696,0.123199,0.3491,1.76571,0,18.0215
18.0416,1.1811,0.177856,-0.451871,0,0,0,0,49,51,0,0,0,0,0,traj_sz=100
18.0417,1.1811,0.177856,-0.451871,1.25772,0.152101,-0.153599,0.12563,49,51,0.0801744,0.122606,0.3491,1.76449,0,18.0417
18.0615,1.18486,0.176227,-0.440673,0,0,0,0,49,51,0,0,0,0,0,traj_sz=100
18.0616,1.18486,0.176227,-0.440673,1.25772,0.152101,-0.153599,0.12563,49,51,0.0761879,0.121004,0.3491,1.76276,0,18.0616
18.0815,1.18637,0.175866,-0.440152,0,0,0,0,49,51,0,0,0,0,0,traj_sz=100
18.0817,1.18637,0.175866,-0.440152,1.25772,0.152101,-0.153599,0.12563,49,51,0.0746717,0.12198,0.3491,1.76187,0,18.0817
18.1015,1.18891,0.174446,-0.432785,0,0,0,0,49,51,0,0,0,0,0,traj_sz=100
18.1016,1.18891,0.174446,-0.432785,1.25772,0.152101,-0.153599,0.12563,49,51,0.071839,0.121618,0.3491,1.76093,0,18.1016
18.1215,1.19024,0.173921,-0.429173,0,0,0,0,49,51,0,0,0,0,0,traj_sz=100
18.1216,1.19024,0.173921,-0.429173,1.25772,0.152101,-0.153599,0.12563,49,51,0.0704427,0.122698,0.3491,1.7603,0,18.1216
18.1415,1.19548,0.172087,-0.417602,0,0,0,0,49,51,0,0,0,0,0,traj_sz=100
18.1416,1.19548,0.172087,-0.417602,1.25772,0.152101,-0.153599,0.12563,50,51,0.0649994,0.119656,0.3491,1.75763,0,18.1416
18.1615,1.19548,0.172087,-0.417602,0,0,0,0,50,51,0,0,0,0,0,traj_sz=100
18.1616,1.19548,0.172087,-0.417602,1.25772,0.152101,-0.153599,0.12563,50,51,0.0649994,0.122169,0.3491,1.75763,0,18.1616
18.1815,1.198,0.171082,-0.412346,0,0,0,0,50,51,0,0,0,0,0,traj_sz=100
18.1817,1.198,0.171082,-0.412346,1.30326,0.145049,-0.0362771,0.12563,50,52,0.106874,0.121972,0.3491,1.75643,0,18.1817
18.2015,1.20058,0.169815,-0.403332,0,0,0,0,50,52,0,0,0,0,0,traj_sz=100
18.2017,1.20058,0.169815,-0.403332,1.30326,0.145049,-0.0362771,0.12563,50,52,0.104162,0.121631,0.3491,1.75537,0,18.2017
18.2215,1.20181,0.169301,-0.399648,0,0,0,0,50,52,0,0,0,0,0,traj_sz=100
18.2216,1.20181,0.169301,-0.399648,1.30326,0.145049,-0.0362771,0.12563,50,52,0.102889,0.122798,0.3491,1.7548,0,18.2216
18.2414,1.20673,0.167703,-0.389309,0,0,0,0,50,52,0,0,0,0,0,traj_sz=100
18.2415,1.20673,0.167703,-0.389309,1.30326,0.145049,-0.0362771,0.12563,50,52,0.0979029,0.120117,0.3491,1.75225,0,18.2415
18.2615,1.20802,0.166778,-0.385584,0,0,0,0,50,52,0,0,0,0,0,traj_sz=100
18.2617,1.20802,0.166778,-0.385584,1.30326,0.145049,-0.0362771,0.12563,50,52,0.0964179,0.121141,0.3491,1.75192,0,18.2617
18.2815,1.20939,0.166267,-0.381271,0,0,0,0,50,52,0,0,0,0,0,traj_sz=100
18.2816,1.20939,0.166267,-0.381271,1.30326,0.145049,-0.0362771,0.12563,50,52,0.0950256,0.122176,0.3491,1.75126,0,18.2816
18.3014,1.21222,0.165304,-0.374311,0,0,0,0,50,52,0,0,0,0,0,traj_sz=100
18.3015,1.21222,0.165304,-0.374311,1.30326,0.145049,-0.0362771,0.12563,50,52,0.0921383,0.121674,0.3491,1.74982,0,18.3015
18.3216,1.21367,0.164652,-0.371109,0,0,0,0,50,52,0,0,0,0,0,traj_sz=100
18.3217,1.21367,0.164652,-0.371109,1.30326,0.145049,-0.0362771,0.12563,50,52,0.0906046,0.122628,0.3491,1.7492,0,18.3217
18.3414,1.21636,0.16392,-0.365984,0,0,0,0,50,52,0,0,0,0,0,traj_sz=100
18.3416,1.21636,0.16392,-0.365984,1.30326,0.145049,-0.0362771,0.12563,50,52,0.0879008,0.122329,0.3491,1.74772,0,18.3416
18.3614,1.21892,0.163121,-0.358063,0,0,0,0,50,52,0,0,0,0,0,traj_sz=100
18.3617,1.21892,0.163121,-0.358063,1.30326,0.145049,-0.0362771,0.12563,50,52,0.0853283,0.122163,0.3491,1.74638,0,18.3617
18.3816,1.22152,0.161788,-0.350862,0,0,0,0,50,52,0,0,0,0,0,traj_sz=100
18.3817,1.22152,0.161788,-0.350862,1.30326,0.145049,-0.0362771,0.12563,50,52,0.0825123,0.121821,0.3491,1.74538,0,18.3817
18.4016,1.22438,0.160801,-0.344405,0,0,0,0,50,52,0,0,0,0,0,traj_sz=100
18.4017,1.22438,0.160801,-0.344405,1.30326,0.145049,-0.0362771,0.12563,50,52,0.0795692,0.121325,0.3491,1.74396,0,18.4017
18.4214,1.22572,0.16076,-0.343938,0,0,0,0,50,52,0,0,0,0,0,traj_sz=100
18.4215,1.22572,0.16076,-0.343938,1.30326,0.145049,-0.0362771,0.12563,50,52,0.0782954,0.122502,0.3491,1.74301,0,18.4215
18.4415,1.2314,0.159157,-0.333052,0,0,0,0,50,52,0,0,0,0,0,traj_sz=100
18.4415,1.2314,0.159157,-0.333052,1.30326,0.145049,-0.0362771,0.12563,50,52,0.072524,0.119124,0.3491,1.73996,0,18.4415
18.4615,1.2314,0.159157,-0.333052,0,0,0,0,50,52,0,0,0,0,0,traj_sz=100
18.4616,1.2314,0.159157,-0.333052,1.30326,0.145049,-0.0362771,0.12563,50,52,0.072524,0.121643,0.3491,1.73996,0,18.4616
18.4814,1.23395,0.157783,-0.322016,0,0,0,0,50,52,0,0,0,0,0,traj_sz=100
18.4815,1.23395,0.157783,-0.322016,1.30326,0.145049,-0.0362771,0.12563,50,52,0.0697812,0.121354,0.3491,1.73904,0,18.4815
18.5014,1.23665,0.157203,-0.317147,0,0,0,0,50,52,0,0,0,0,0,traj_sz=100
18.5016,1.23665,0.157203,-0.317147,1.30326,0.145049,-0.0362771,0.12563,51,52,0.0670736,0.121113,0.3491,1.73747,0,18.5016
18.5214,1.23797,0.15676,-0.313496,0,0,0,0,51,52,0,0,0,0,0,traj_sz=100
18.5217,1.23797,0.15676,-0.313496,1.30326,0.145049,-0.0362771,0.12563,51,52,0.0657191,0.122249,0.3491,1.73682,0,18.5217
18.5414,1.24326,0.155333,-0.303886,0,0,0,0,51,52,0,0,0,0,0,traj_sz=100
18.5414,1.24326,0.155333,-0.303886,1.34932,0.143378,0.0807032,0.12563,51,53,0.104782,0.119274,0.3491,1.73397,0,18.5414
18.5614,1.24472,0.155107,-0.303124,0,0,0,0,51,53,0,0,0,0,0,traj_sz=100
18.5616,1.24472,0.155107,-0.303124,1.34932,0.143378,0.0807032,0.12563,51,53,0.103332,0.120318,0.3491,1.73306,0,18.5616
18.5815,1.2459,0.154285,-0.295571,0,0,0,0,51,53,0,0,0,0,0,traj_sz=100
18.5816,1.2459,0.154285,-0.295571,1.34932,0.143378,0.0807032,0.12563,51,53,0.102114,0.121528,0.3491,1.73277,0,18.5816
18.6016,1.24855,0.154121,-0.293698,0,0,0,0,51,53,0,0,0,0,0,traj_sz=100
18.6017,1.24855,0.154121,-0.293698,1.34932,0.143378,0.0807032,0.12563,51,53,0.0995697,0.12142,0.3491,1.73097,0,18.6017
18.6215,1.2512,0.153119,-0.285774,0,0,0,0,51,53,0,0,0,0,0,traj_sz=100
18.6216,1.2512,0.153119,-0.285774,1.34932,0.143378,0.0807032,0.12563,51,53,0.0968907,0.121128,0.3491,1.72975,0,18.6216
18.6415,1.2551,0.151998,-0.276682,0,0,0,0,51,53,0,0,0,0,0,traj_sz=100
18.6416,1.2551,0.151998,-0.276682,1.34932,0.143378,0.0807032,0.12563,51,53,0.0929878,0.119598,0.3491,1.72771,0,18.6416
18.6615,1.25664,0.151921,-0.275807,0,0,0,0,51,53,0,0,0,0,0,traj_sz=100
18.6616,1.25664,0.151921,-0.275807,1.34932,0.143378,0.0807032,0.12563,51,53,0.0915058,0.120579,0.3491,1.72666,0,18.6616
18.6815,1.25799,0.15117,-0.270758,0,0,0,0,51,53,0,0,0,0,0,traj_sz=100
18.6817,1.25799,0.15117,-0.270758,1.34932,0.143378,0.0807032,0.12563,51,53,0.090088,0.121641,0.3491,1.72621,0,18.6817
18.7014,1.26104,0.150513,-0.264002,0,0,0,0,51,53,0,0,0,0,0,traj_sz=100
18.7015,1.26104,0.150513,-0.264002,1.34932,0.143378,0.0807032,0.12563,51,53,0.0870865,0.121011,0.3491,1.72447,0,18.7015
18.7214,1.26381,0.149793,-0.25675,0,0,0,0,51,53,0,0,0,0,0,traj_sz=100
18.7215,1.26381,0.149793,-0.25675,1.34932,0.143378,0.0807032,0.12563,51,53,0.0843407,0.120678,0.3491,1.72298,0,18.7215
18.7416,1.26522,0.149688,-0.255556,0,0,0,0,51,53,0,0,0,0,0,traj_sz=100
18.7418,1.26522,0.149688,-0.255556,1.34932,0.143378,0.0807032,0.12563,51,53,0.0829671,0.121813,0.3491,1.72204,0,18.7418
18.7615,1.2679,0.149219,-0.251579,0,0,0,0,51,53,0,0,0,0,0,traj_sz=100
18.7617,1.2679,0.149219,-0.251579,1.34932,0.143378,0.0807032,0.12563,51,53,0.0803152,0.121604,0.3491,1.72045,0,18.7617
18.7815,1.27076,0.148466,-0.24579,0,0,0,0,51,53,0,0,0,0,0,traj_sz=100
18.7817,1.27076,0.148466,-0.24579,1.34932,0.143378,0.0807032,0.12563,51,53,0.0774379,0.121183,0.3491,1.71893,0,18.7817
18.8014,1.27365,0.147815,-0.239339,0,0,0,0,51,53,0,0,0,0,0,traj_sz=100
18.8015,1.27365,0.147815,-0.239339,1.34932,0.143378,0.0807032,0.12563,51,53,0.074565,0.12074,0.3491,1.71732,0,18.8015
18.8214,1.27498,0.147223,-0.23301,0,0,0,0,51,53,0,0,0,0,0,traj_sz=100
18.8216,1.27498,0.147223,-0.23301,1.34932,0.143378,0.0807032,0.12563,51,53,0.0732166,0.121876,0.3491,1.71678,0,18.8216
18.8415,1.27743,0.146648,-0.224,0,0,0,0,51,53,0,0,0,0,0,traj_sz=100
18.8417,1.27743,0.146648,-0.224,1.34932,0.143378,0.0807032,0.12563,51,53,0.0708248,0.121929,0.3491,1.71544,0,18.8417
18.8615,1.28014,0.146097,-0.219377,0,0,0,0,51,53,0,0,0,0,0,traj_sz=100
18.8616,1.28014,0.146097,-0.219377,1.34932,0.143378,0.0807032,0.12563,52,53,0.0681127,0.121686,0.3491,1.7139,0,18.8616
18.8814,1.28306,0.145666,-0.215884,0,0,0,0,52,53,0,0,0,0,0,traj_sz=100
18.8815,1.28306,0.145666,-0.215884,1.34932,0.143378,0.0807032,0.12563,52,53,0.0652142,0.121249,0.3491,1.71212,0,18.8815
18.9015,1.28554,0.14505,-0.206772,0,0,0,0,52,53,0,0,0,0,0,traj_sz=100
18.9017,1.28554,0.14505,-0.206772,1.34932,0.143378,0.0807032,0.12563,52,53,0.0627648,0.121263,0.3491,1.71079,0,18.9017
18.9215,1.28687,0.144953,-0.203275,0,0,0,0,52,53,0,0,0,0,0,traj_sz=100
18.9217,1.28687,0.144953,-0.203275,1.39526,0.147093,0.195903,0.12563,52,54,0.105729,0.122458,0.3491,1.70992,0,18.9217
18.9415,1.29247,0.144113,-0.19356,0,0,0,0,52,54,0,0,0,0,0,traj_sz=100
18.9415,1.29247,0.144113,-0.19356,1.39526,0.147093,0.195903,0.12563,52,54,0.100297,0.119316,0.3491,1.70654,0,18.9415
18.9614,1.29247,0.144113,-0.19356,0,0,0,0,52,54,0,0,0,0,0,traj_sz=100
18.9615,1.29247,0.144113,-0.19356,1.39526,0.147093,0.195903,0.12563,52,54,0.100297,0.121837,0.3491,1.70654,0,18.9615
18.9816,1.29509,0.143464,-0.184947,0,0,0,0,52,54,0,0,0,0,0,traj_sz=100
18.9818,1.29509,0.143464,-0.184947,1.39526,0.147093,0.195903,0.12563,52,54,0.0977911,0.121727,0.3491,1.70515,0,18.9818
19.0015,1.29809,0.142928,-0.178201,0,0,0,0,52,54,0,0,0,0,0,traj_sz=100
19.0018,1.29809,0.142928,-0.178201,1.39526,0.147093,0.195903,0.12563,52,54,0.0948934,0.121223,0.3491,1.70341,0,19.0018
19.0216,1.29941,0.14271,-0.171122,0,0,0,0,52,54,0,0,0,0,0,traj_sz=100
19.0217,1.29941,0.14271,-0.171122,1.39526,0.147093,0.195903,0.12563,52,54,0.0937081,0.122413,0.3491,1.70264,0,19.0217
19.0415,1.30462,0.142025,-0.160271,0,0,0,0,52,54,0,0,0,0,0,traj_sz=100
19.0416,1.30462,0.142025,-0.160271,1.39526,0.147093,0.195903,0.12563,52,54,0.0886741,0.119681,0.3491,1.69946,0,19.0416
19.0616,1.30597,0.141459,-0.154815,0,0,0,0,52,54,0,0,0,0,0,traj_sz=100
19.0618,1.30597,0.141459,-0.154815,1.39526,0.147093,0.195903,0.12563,52,54,0.087357,0.12085,0.3491,1.69891,0,19.0618
19.0815,1.30761,0.141378,-0.154528,0,0,0,0,52,54,0,0,0,0,0,traj_sz=100
19.0816,1.30761,0.141378,-0.154528,1.39526,0.147093,0.195903,0.12563,52,54,0.0857273,0.121706,0.3491,1.69781,0,19.0816
19.1015,1.31052,0.141212,-0.147711,0,0,0,0,52,54,0,0,0,0,0,traj_sz=100
19.1017,1.31052,0.141212,-0.147711,1.39526,0.147093,0.195903,0.12563,52,54,0.0829548,0.121343,0.3491,1.69589,0,19.1017
19.1215,1.31173,0.140759,-0.14146,0,0,0,0,52,54,0,0,0,0,0,traj_sz=100
19.1216,1.31173,0.140759,-0.14146,1.39526,0.147093,0.195903,0.12563,52,54,0.0818019,0.122637,0.3491,1.69536,0,19.1216
19.1415,1.31428,0.140582,-0.137516,0,0,0,0,52,54,0,0,0,0,0,traj_sz=100
19.1416,1.31428,0.140582,-0.137516,1.39526,0.147093,0.195903,0.12563,52,54,0.0793255,0.122637,0.3491,1.6937,0,19.1416
19.1615,1.31708,0.140042,-0.130565,0,0,0,0,52,54,0,0,0,0,0,traj_sz=100
19.1617,1.31708,0.140042,-0.130565,1.39526,0.147093,0.195903,0.12563,52,54,0.0765996,0.122378,0.3491,1.69213,0,19.1617
19.1815,1.31993,0.140092,-0.126026,0,0,0,0,52,54,0,0,0,0,0,traj_sz=100
19.1817,1.31993,0.140092,-0.126026,1.39526,0.147093,0.195903,0.12563,52,54,0.073856,0.122068,0.3491,1.6901,0,19.1817
19.2015,1.32266,0.139534,-0.117883,0,0,0,0,52,54,0,0,0,0,0,traj_sz=100
19.2016,1.32266,0.139534,-0.117883,1.39526,0.147093,0.195903,0.12563,52,54,0.0712107,0.121871,0.3491,1.6886,0,19.2016
19.2215,1.32527,0.139613,-0.113382,0,0,0,0,52,54,0,0,0,0,0,traj_sz=100
19.2217,1.32527,0.139613,-0.113382,1.39526,0.147093,0.195903,0.12563,52,54,0.0686972,0.121813,0.3491,1.68672,0,19.2217
19.2414,1.32959,0.139406,-0.108844,0,0,0,0,52,54,0,0,0,0,0,traj_sz=100
19.2415,1.32959,0.139406,-0.108844,1.39526,0.147093,0.195903,0.12563,53,54,0.0644436,0.120011,0.3491,1.68386,0,19.2415
19.2615,1.32959,0.139406,-0.108844,0,0,0,0,53,54,0,0,0,0,0,traj_sz=100
19.2616,1.32959,0.139406,-0.108844,1.39526,0.147093,0.195903,0.12563,53,54,0.0644436,0.122559,0.3491,1.68386,0,19.2616
19.2816,1.33238,0.138924,-0.0988444,0,0,0,0,53,54,0,0,0,0,0,traj_sz=100
19.2817,1.33238,0.138924,-0.0988444,1.39526,0.147093,0.195903,0.12563,53,54,0.0617683,0.12234,0.3491,1.68227,0,19.2817
19.3016,1.33498,0.138679,-0.09033,0,0,0,0,53,54,0,0,0,0,0,traj_sz=100
19.3017,1.33498,0.138679,-0.09033,1.44047,0.156065,0.307557,0.12469,53,55,0.103491,0.122285,0.3491,1.68065,0,19.3017
19.3215,1.33641,0.138644,-0.0880559,0,0,0,0,53,55,0,0,0,0,0,traj_sz=100
19.3218,1.33641,0.138644,-0.0880559,1.44047,0.156065,0.307557,0.12469,53,55,0.102129,0.123411,0.3491,1.67968,0,19.3218
19.3415,1.33927,0.138705,-0.0855054,0,0,0,0,53,55,0,0,0,0,0,traj_sz=100
19.3416,1.33927,0.138705,-0.0855054,1.44047,0.156065,0.307557,0.12469,53,55,0.0993488,0.123068,0.3491,1.67766,0,19.3416
19.3617,1.34227,0.138568,-0.0802516,0,0,0,0,53,55,0,0,0,0,0,traj_sz=100
19.3618,1.34227,0.138568,-0.0802516,1.44047,0.156065,0.307557,0.12469,53,55,0.0964835,0.122642,0.3491,1.67568,0,19.3618
19.3814,1.34503,0.138074,-0.0711051,0,0,0,0,53,55,0,0,0,0,0,traj_sz=100
19.3816,1.34503,0.138074,-0.0711051,1.44047,0.156065,0.307557,0.12469,53,55,0.0939228,0.122427,0.3491,1.67413,0,19.3816
19.4015,1.34769,0.138126,-0.0643714,0,0,0,0,53,55,0,0,0,0,0,traj_sz=100
19.4016,1.34769,0.138126,-0.0643714,1.44047,0.156065,0.307557,0.12469,53,55,0.091436,0.122312,0.3491,1.67226,0,19.4016
19.4215,1.3491,0.138121,-0.0616775,0,0,0,0,53,55,0,0,0,0,0,traj_sz=100
19.4216,1.3491,0.138121,-0.0616775,1.44047,0.156065,0.307557,0.12469,53,55,0.0900895,0.12343,0.3491,1.67129,0,19.4216
19.4415,1.35191,0.138087,-0.0576521,0,0,0,0,53,55,0,0,0,0,0,traj_sz=100
19.4416,1.35191,0.138087,-0.0576521,1.44047,0.156065,0.307557,0.12469,53,55,0.0873743,0.123168,0.3491,1.66938,0,19.4416
19.4615,1.35603,0.138058,-0.047132,0,0,0,0,53,55,0,0,0,0,0,traj_sz=100
19.4617,1.35603,0.138058,-0.047132,1.44047,0.156065,0.307557,0.12469,53,55,0.0834952,0.121619,0.3491,1.66657,0,19.4617
19.4815,1.35744,0.137979,-0.0451316,0,0,0,0,53,55,0,0,0,0,0,traj_sz=100
19.4817,1.35744,0.137979,-0.0451316,1.44047,0.156065,0.307557,0.12469,53,55,0.0821286,0.122771,0.3491,1.66566,0,19.4817
19.5014,1.36038,0.138005,-0.0403218,0,0,0,0,53,55,0,0,0,0,0,traj_sz=100
19.5015,1.36038,0.138005,-0.0403218,1.44047,0.156065,0.307557,0.12469,53,55,0.0792958,0.122376,0.3491,1.66363,0,19.5015
19.5215,1.36174,0.137528,-0.0316647,0,0,0,0,53,55,0,0,0,0,0,traj_sz=100
19.5216,1.36174,0.137528,-0.0316647,1.44047,0.156065,0.307557,0.12469,53,55,0.0780998,0.123637,0.3491,1.66304,0,19.5216
19.5414,1.36439,0.137588,-0.0265147,0,0,0,0,53,55,0,0,0,0,0,traj_sz=100
19.5415,1.36439,0.137588,-0.0265147,1.44047,0.156065,0.307557,0.12469,53,55,0.0755603,0.123535,0.3491,1.66119,0,19.5415
19.5616,1.36717,0.137697,-0.0208084,0,0,0,0,53,55,0,0,0,0,0,traj_sz=100
19.5617,1.36717,0.137697,-0.0208084,1.44047,0.156065,0.307557,0.12469,53,55,0.0729048,0.123342,0.3491,1.65921,0,19.5617
19.5815,1.36988,0.137535,-0.0131071,0,0,0,0,53,55,0,0,0,0,0,traj_sz=100
19.5817,1.36988,0.137535,-0.0131071,1.44047,0.156065,0.307557,0.12469,53,55,0.0703437,0.123228,0.3491,1.65748,0,19.5817
19.6017,1.37243,0.137611,-0.00589093,0,0,0,0,53,55,0,0,0,0,0,traj_sz=100
19.6018,1.37243,0.137611,-0.00589093,1.44047,0.156065,0.307557,0.12469,53,55,0.0679261,0.123257,0.3491,1.65568,0,19.6018
19.6215,1.37377,0.137693,-0.00283695,0,0,0,0,53,55,0,0,0,0,0,traj_sz=100
19.6216,1.37377,0.137693,-0.00283695,1.44047,0.156065,0.307557,0.12469,54,55,0.0666445,0.124454,0.3491,1.65471,0,19.6216
19.6415,1.37677,0.137808,0.0017727,0,0,0,0,54,55,0,0,0,0,0,traj_sz=100
19.6416,1.37677,0.137808,0.0017727,1.44047,0.156065,0.307557,0.12469,54,55,0.063737,0.124033,0.3491,1.65259,0,19.6416
19.6615,1.37953,0.137752,0.0115822,0,0,0,0,54,55,0,0,0,0,0,traj_sz=100
19.6616,1.37953,0.137752,0.0115822,1.44047,0.156065,0.307557,0.12469,54,55,0.061152,0.123864,0.3491,1.65076,0,19.6616
19.6816,1.3823,0.137832,0.0189622,0,0,0,0,54,55,0,0,0,0,0,traj_sz=100
19.6817,1.3823,0.137832,0.0189622,1.48407,0.169913,0.412957,0.120722,54,56,0.102363,0.123686,0.3491,1.64882,0,19.6817
19.7016,1.38497,0.137827,0.0244043,0,0,0,0,54,56,0,0,0,0,0,traj_sz=100
19.7017,1.38497,0.137827,0.0244043,1.48407,0.169913,0.412957,0.120722,54,56,0.0998492,0.123597,0.3491,1.64701,0,19.7017
19.7215,1.38641,0.138182,0.0262066,0,0,0,0,54,56,0,0,0,0,0,traj_sz=100
19.7216,1.38641,0.138182,0.0262066,1.48407,0.169913,0.412957,0.120722,54,56,0.0984536,0.124667,0.3491,1.64577,0,19.7216
19.7416,1.39209,0.138375,0.0400092,0,0,0,0,54,56,0,0,0,0,0,traj_sz=100
19.7417,1.39209,0.138375,0.0400092,1.48407,0.169913,0.412957,0.120722,54,56,0.0931698,0.121605,0.3491,1.6418,0,19.7417
19.7615,1.39361,0.138401,0.0419001,0,0,0,0,54,56,0,0,0,0,0,traj_sz=100
19.7615,1.39361,0.138401,0.0419001,1.48407,0.169913,0.412957,0.120722,54,56,0.0916962,0.122638,0.3491,1.64075,0,19.7615
19.7815,1.39526,0.138329,0.0460584,0,0,0,0,54,56,0,0,0,0,0,traj_sz=100
19.7816,1.39526,0.138329,0.0460584,1.48407,0.169913,0.412957,0.120722,54,56,0.0901706,0.123598,0.3491,1.63969,0,19.7816
19.8014,1.3979,0.138626,0.0493607,0,0,0,0,54,56,0,0,0,0,0,traj_sz=100
19.8015,1.3979,0.138626,0.0493607,1.48407,0.169913,0.412957,0.120722,54,56,0.0876114,0.123493,0.3491,1.6377,0,19.8015
19.8214,1.40034,0.139095,0.0553691,0,0,0,0,54,56,0,0,0,0,0,traj_sz=100
19.8215,1.40034,0.139095,0.0553691,1.48407,0.169913,0.412957,0.120722,54,56,0.085309,0.123536,0.3491,1.63571,0,19.8215
19.8414,1.40482,0.139353,0.0674831,0,0,0,0,54,56,0,0,0,0,0,traj_sz=100
19.8415,1.40482,0.139353,0.0674831,1.48407,0.169913,0.412957,0.120722,54,56,0.0811345,0.121613,0.3491,1.63251,0,19.8415
19.8614,1.40592,0.139642,0.066299,0,0,0,0,54,56,0,0,0,0,0,traj_sz=100
19.8616,1.40592,0.139642,0.066299,1.48407,0.169913,0.412957,0.120722,54,56,0.0799816,0.122995,0.3491,1.63156,0,19.8616
19.8816,1.40723,0.139836,0.0698406,0,0,0,0,54,56,0,0,0,0,0,traj_sz=100
19.8818,1.40723,0.139836,0.0698406,1.48407,0.169913,0.412957,0.120722,54,56,0.0787506,0.12422,0.3491,1.63053,0,19.8818
19.9015,1.41001,0.139865,0.0773315,0,0,0,0,54,56,0,0,0,0,0,traj_sz=100
19.9016,1.41001,0.139865,0.0773315,1.48407,0.169913,0.412957,0.120722,54,56,0.0761612,0.124006,0.3491,1.62865,0,19.9016
19.9215,1.41274,0.140391,0.0811385,0,0,0,0,54,56,0,0,0,0,0,traj_sz=100
19.9216,1.41274,0.140391,0.0811385,1.48407,0.169913,0.412957,0.120722,54,56,0.0734885,0.123742,0.3491,1.62643,0,19.9216
19.9415,1.41667,0.140951,0.0868547,0,0,0,0,54,56,0,0,0,0,0,traj_sz=100
19.9416,1.41667,0.140951,0.0868547,1.48407,0.169913,0.412957,0.120722,54,56,0.069658,0.122311,0.3491,1.62339,0,19.9416
19.9615,1.41667,0.140951,0.0868547,0,0,0,0,54,56,0,0,0,0,0,traj_sz=100
19.9617,1.41667,0.140951,0.0868547,1.48407,0.169913,0.412957,0.120722,54,56,0.069658,0.124841,0.3491,1.62339,0,19.9617
19.9816,1.41979,0.141107,0.0933488,0,0,0,0,54,56,0,0,0,0,0,traj_sz=100
19.9817,1.41979,0.141107,0.0933488,1.48407,0.169913,0.412957,0.120722,54,56,0.0666836,0.124302,0.3491,1.62119,0,19.9817
20.0015,1.42253,0.141575,0.10389,0,0,0,0,54,56,0,0,0,0,0,traj_sz=100
20.0018,1.42253,0.141575,0.10389,1.48407,0.169913,0.412957,0.120722,55,56,0.0641461,0.124062,0.3491,1.61902,0,20.0018
20.0216,1.424,0.141682,0.108943,0,0,0,0,55,56,0,0,0,0,0,traj_sz=100
20.0218,1.424,0.141682,0.108943,1.48407,0.169913,0.412957,0.120722,55,56,0.0627813,0.125137,0.3491,1.61796,0,20.0218
20.0415,1.42689,0.142202,0.114378,0,0,0,0,55,56,0,0,0,0,0,traj_sz=100
20.0417,1.42689,0.142202,0.114378,1.48407,0.169913,0.412957,0.120722,55,56,0.0599729,0.124729,0.3491,1.61566,0,20.0417
20.0615,1.42983,0.142396,0.121109,0,0,0,0,55,56,0,0,0,0,0,traj_sz=100
20.0617,1.42983,0.142396,0.121109,1.52463,0.187687,0.507946,0.113196,55,57,0.0995785,0.124366,0.3491,1.61356,0,20.0617
20.0815,1.43274,0.142896,0.127992,0,0,0,0,55,57,0,0,0,0,0,traj_sz=100
20.0816,1.43274,0.142896,0.127992,1.52463,0.187687,0.507946,0.113196,55,57,0.0968558,0.123939,0.3491,1.61126,0,20.0816
20.1015,1.43545,0.14343,0.134479,0,0,0,0,55,57,0,0,0,0,0,traj_sz=100
20.1016,1.43545,0.14343,0.134479,1.52463,0.187687,0.507946,0.113196,55,57,0.0943119,0.123708,0.3491,1.60906,0,20.1016
20.1215,1.43697,0.143331,0.13949,0,0,0,0,55,57,0,0,0,0,0,traj_sz=100
20.1217,1.43697,0.143331,0.13949,1.52463,0.187687,0.507946,0.113196,55,57,0.0929801,0.124819,0.3491,1.60813,0,20.1217
20.1414,1.43977,0.144054,0.141425,0,0,0,0,55,57,0,0,0,0,0,traj_sz=100
20.1416,1.43977,0.144054,0.141425,1.52463,0.187687,0.507946,0.113196,55,57,0.090162,0.124436,0.3491,1.60574,0,20.1416
20.1615,1.44256,0.144341,0.151086,0,0,0,0,55,57,0,0,0,0,0,traj_sz=100
20.1616,1.44256,0.144341,0.151086,1.52463,0.187687,0.507946,0.113196,55,57,0.087664,0.12421,0.3491,1.60368,0,20.1616
20.1815,1.44532,0.144842,0.158586,0,0,0,0,55,57,0,0,0,0,0,traj_sz=100
20.1817,1.44532,0.144842,0.158586,1.52463,0.187687,0.507946,0.113196,55,57,0.0850771,0.123912,0.3491,1.60148,0,20.1817
20.2017,1.44812,0.145336,0.163958,0,0,0,0,55,57,0,0,0,0,0,traj_sz=100
20.2019,1.44812,0.145336,0.163958,1.52463,0.187687,0.507946,0.113196,55,57,0.0823983,0.123472,0.3491,1.59927,0,20.2019
20.2216,1.44951,0.1455,0.168591,0,0,0,0,55,57,0,0,0,0,0,traj_sz=100
20.2218,1.44951,0.1455,0.168591,1.52463,0.187687,0.507946,0.113196,55,57,0.0811352,0.124444,0.3491,1.59823,0,20.2218
20.2414,1.45479,0.146898,0.17846,0,0,0,0,55,57,0,0,0,0,0,traj_sz=100
20.2415,1.45479,0.146898,0.17846,1.52463,0.187687,0.507946,0.113196,55,57,0.0759736,0.121304,0.3491,1.59371,0,20.2415
20.2616,1.45623,0.146833,0.184541,0,0,0,0,55,57,0,0,0,0,0,traj_sz=100
20.2616,1.45623,0.146833,0.184541,1.52463,0.187687,0.507946,0.113196,55,57,0.074737,0.122338,0.3491,1.59282,0,20.2616
20.2816,1.45761,0.147091,0.189834,0,0,0,0,55,57,0,0,0,0,0,traj_sz=100
20.2818,1.45761,0.147091,0.189834,1.52463,0.187687,0.507946,0.113196,55,57,0.0734779,0.123323,0.3491,1.59172,0,20.2818
20.3015,1.46033,0.147786,0.195661,0,0,0,0,55,57,0,0,0,0,0,traj_sz=100
20.3016,1.46033,0.147786,0.195661,1.52463,0.187687,0.507946,0.113196,55,57,0.0708349,0.122861,0.3491,1.58942,0,20.3016
20.3216,1.46159,0.148041,0.198722,0,0,0,0,55,57,0,0,0,0,0,traj_sz=100
20.3218,1.46159,0.148041,0.198722,1.52463,0.187687,0.507946,0.113196,55,57,0.0696285,0.123968,0.3491,1.5884,0,20.3218
20.3416,1.46718,0.149497,0.211341,0,0,0,0,55,57,0,0,0,0,0,traj_sz=100
20.3417,1.46718,0.149497,0.211341,1.52463,0.187687,0.507946,0.113196,56,57,0.0641873,0.120561,0.3491,1.58365,0,20.3417
20.3614,1.46857,0.149379,0.217811,0,0,0,0,56,57,0,0,0,0,0,traj_sz=100
20.3616,1.46857,0.149379,0.217811,1.52463,0.187687,0.507946,0.113196,56,57,0.0630183,0.121647,0.3491,1.58283,0,20.3616
20.3816,1.46973,0.150057,0.219473,0,0,0,0,56,57,0,0,0,0,0,traj_sz=100
20.3818,1.46973,0.150057,0.219473,1.52463,0.187687,0.507946,0.113196,56,57,0.061771,0.122696,0.3491,1.58155,0,20.3818
20.4017,1.4724,0.150186,0.230253,0,0,0,0,56,57,0,0,0,0,0,traj_sz=100
20.4018,1.4724,0.150186,0.230253,1.52463,0.187687,0.507946,0.113196,56,57,0.0594084,0.122522,0.3491,1.57972,0,20.4018
20.4216,1.47368,0.150907,0.230814,0,0,0,0,56,57,0,0,0,0,0,traj_sz=100
20.4217,1.47368,0.150907,0.230814,1.52463,0.187687,0.507946,0.113196,56,57,0.0580176,0.123422,0.3491,1.57834,0,20.4217
20.4416,1.4762,0.151732,0.233906,0,0,0,0,56,57,0,0,0,0,0,traj_sz=100
20.4418,1.4762,0.151732,0.233906,1.56092,0.207886,0.588907,0.102933,56,58,0.0954304,0.123138,0.3491,1.57608,0,20.4418
20.4615,1.4802,0.152436,0.246548,0,0,0,0,56,58,0,0,0,0,0,traj_sz=100
20.4617,1.4802,0.152436,0.246548,1.56092,0.207886,0.588907,0.102933,56,58,0.0918093,0.121505,0.3491,1.57294,0,20.4617
20.4814,1.48156,0.153048,0.247556,0,0,0,0,56,58,0,0,0,0,0,traj_sz=100
20.4815,1.48156,0.153048,0.247556,1.56092,0.207886,0.588907,0.102933,56,58,0.0903824,0.122365,0.3491,1.5716,0,20.4815
20.5016,1.48427,0.153953,0.252682,0,0,0,0,56,58,0,0,0,0,0,traj_sz=100
20.5018,1.48427,0.153953,0.252682,1.56092,0.207886,0.588907,0.102933,56,58,0.087699,0.121894,0.3491,1.56915,0,20.5018
20.5215,1.48566,0.154024,0.258872,0,0,0,0,56,58,0,0,0,0,0,traj_sz=100
20.5216,1.48566,0.154024,0.258872,1.56092,0.207886,0.588907,0.102933,56,58,0.0865439,0.122931,0.3491,1.5682,0,20.5216
20.5415,1.48836,0.154739,0.26616,0,0,0,0,56,58,0,0,0,0,0,traj_sz=100
20.5417,1.48836,0.154739,0.26616,1.56092,0.207886,0.588907,0.102933,56,58,0.0839851,0.122522,0.3491,1.56591,0,20.5417
20.5615,1.49095,0.155361,0.273074,0,0,0,0,56,58,0,0,0,0,0,traj_sz=100
20.5616,1.49095,0.155361,0.273074,1.56092,0.207886,0.588907,0.102933,56,58,0.0815403,0.122023,0.3491,1.56376,0,20.5616
20.5814,1.4935,0.156774,0.27483,0,0,0,0,56,58,0,0,0,0,0,traj_sz=100
20.5815,1.4935,0.156774,0.27483,1.56092,0.207886,0.588907,0.102933,56,58,0.078759,0.121196,0.3491,1.56103,0,20.5815
20.6016,1.49629,0.157657,0.280328,0,0,0,0,56,58,0,0,0,0,0,traj_sz=100
20.6017,1.49629,0.157657,0.280328,1.56092,0.207886,0.588907,0.102933,56,58,0.0760051,0.1204,0.3491,1.55856,0,20.6017
20.6215,1.49757,0.157801,0.286065,0,0,0,0,56,58,0,0,0,0,0,traj_sz=100
20.6216,1.49757,0.157801,0.286065,1.56092,0.207886,0.588907,0.102933,56,58,0.0749082,0.121253,0.3491,1.55763,0,20.6216
20.6415,1.50292,0.159895,0.295258,0,0,0,0,56,58,0,0,0,0,0,traj_sz=100
20.6416,1.50292,0.159895,0.295258,1.56092,0.207886,0.588907,0.102933,56,58,0.0694519,0.1176,0.3491,1.55258,0,20.6416
20.6615,1.50433,0.160436,0.297081,0,0,0,0,56,58,0,0,0,0,0,traj_sz=100
20.6616,1.50433,0.160436,0.297081,1.56092,0.207886,0.588907,0.102933,56,58,0.0679978,0.118185,0.3491,1.55126,0,20.6616
20.6816,1.50569,0.160592,0.303445,0,0,0,0,56,58,0,0,0,0,0,traj_sz=100
20.6816,1.50569,0.160592,0.303445,1.56092,0.207886,0.588907,0.102933,56,58,0.0668423,0.118996,0.3491,1.55027,0,20.6816
20.7016,1.50829,0.161496,0.310382,0,0,0,0,56,58,0,0,0,0,0,traj_sz=100
20.7018,1.50829,0.161496,0.310382,1.56092,0.207886,0.588907,0.102933,56,58,0.0642873,0.118365,0.3491,1.54791,0,20.7018
20.7215,1.50952,0.162203,0.311148,0,0,0,0,56,58,0,0,0,0,0,traj_sz=100
20.7217,1.50952,0.162203,0.311148,1.56092,0.207886,0.588907,0.102933,56,58,0.0629156,0.119024,0.3491,1.54658,0,20.7217
20.7414,1.51457,0.164043,0.32276,0,0,0,0,56,58,0,0,0,0,0,traj_sz=100
20.7415,1.51457,0.164043,0.32276,1.56092,0.207886,0.588907,0.102933,57,58,0.0578663,0.115766,0.3491,1.54194,0,20.7415
20.7617,1.51457,0.164043,0.32276,0,0,0,0,57,58,0,0,0,0,0,traj_sz=100
20.7619,1.51457,0.164043,0.32276,1.56092,0.207886,0.588907,0.102933,57,58,0.0578663,0.117897,0.3491,1.54194,0,20.7619
20.7816,1.51717,0.164771,0.32978,0,0,0,0,57,58,0,0,0,0,0,traj_sz=100
20.7817,1.51717,0.164771,0.32978,1.56092,0.207886,0.588907,0.102933,57,58,0.0553505,0.117315,0.3491,1.53971,0,20.7817
20.8016,1.51963,0.165549,0.337661,0,0,0,0,57,58,0,0,0,0,0,traj_sz=100
20.8018,1.51963,0.165549,0.337661,1.56092,0.207886,0.588907,0.102933,57,58,0.0529873,0.116877,0.3491,1.53755,0,20.8018
20.8217,1.52072,0.166326,0.337838,0,0,0,0,57,58,0,0,0,0,0,traj_sz=100
20.8219,1.52072,0.166326,0.337838,1.56092,0.207886,0.588907,0.102933,57,58,0.0517013,0.117646,0.3491,1.53625,0,20.8219
20.8415,1.52546,0.168119,0.349585,0,0,0,0,57,58,0,0,0,0,0,traj_sz=100
20.8415,1.52546,0.168119,0.349585,1.59232,0.228861,0.654207,0.091664,57,59,0.0836203,0.114683,0.3491,1.53185,0,20.8415
20.8615,1.52546,0.168119,0.349585,0,0,0,0,57,59,0,0,0,0,0,traj_sz=100
20.8617,1.52546,0.168119,0.349585,1.59232,0.228861,0.654207,0.091664,57,59,0.0836203,0.11679,0.3491,1.53185,0,20.8617
20.8815,1.52808,0.168879,0.357665,0,0,0,0,57,59,0,0,0,0,0,traj_sz=100
20.8816,1.52808,0.168879,0.357665,1.59232,0.228861,0.654207,0.091664,57,59,0.0811756,0.116203,0.3491,1.5296,0,20.8816
20.9015,1.53033,0.170174,0.362004,0,0,0,0,57,59,0,0,0,0,0,traj_sz=100
20.9017,1.53033,0.170174,0.362004,1.59232,0.228861,0.654207,0.091664,57,59,0.0787546,0.115702,0.3491,1.52717,0,20.9017
20.9215,1.53159,0.170314,0.368005,0,0,0,0,57,59,0,0,0,0,0,traj_sz=100
20.9218,1.53159,0.170314,0.368005,1.59232,0.228861,0.654207,0.091664,57,59,0.0777265,0.116478,0.3491,1.52626,0,20.9218
20.9414,1.53407,0.17118,0.375034,0,0,0,0,57,59,0,0,0,0,0,traj_sz=100
20.9415,1.53407,0.17118,0.375034,1.59232,0.228861,0.654207,0.091664,57,59,0.0753261,0.115654,0.3491,1.52402,0,20.9415
20.9615,1.53644,0.172283,0.380383,0,0,0,0,57,59,0,0,0,0,0,traj_sz=100
20.9616,1.53644,0.172283,0.380383,1.59232,0.228861,0.654207,0.091664,57,59,0.0728903,0.114845,0.3491,1.52166,0,20.9616
20.9816,1.53875,0.173238,0.386782,0,0,0,0,57,59,0,0,0,0,0,traj_sz=100
20.9818,1.53875,0.173238,0.386782,1.59232,0.228861,0.654207,0.091664,57,59,0.070598,0.114181,0.3491,1.51947,0,20.9818
21.0015,1.54103,0.174194,0.393273,0,0,0,0,57,59,0,0,0,0,0,traj_sz=100
21.0016,1.54103,0.174194,0.393273,1.59232,0.228861,0.654207,0.091664,57,59,0.0683201,0.113495,0.3491,1.51728,0,21.0016
21.0215,1.54216,0.175071,0.393413,0,0,0,0,57,59,0,0,0,0,0,traj_sz=100
21.0216,1.54216,0.175071,0.393413,1.59232,0.228861,0.654207,0.091664,57,59,0.0669452,0.113868,0.3491,1.51589,0,21.0216
21.0415,1.54701,0.177226,0.406656,0,0,0,0,57,59,0,0,0,0,0,traj_sz=100
21.0417,1.54701,0.177226,0.406656,1.59232,0.228861,0.654207,0.091664,57,59,0.0620404,0.110397,0.3491,1.51116,0,21.0417
21.0615,1.54701,0.177226,0.406656,0,0,0,0,57,59,0,0,0,0,0,traj_sz=100
21.0617,1.54701,0.177226,0.406656,1.59232,0.228861,0.654207,0.091664,57,59,0.0620404,0.112189,0.3491,1.51116,0,21.0617
21.0816,1.54928,0.178202,0.413445,0,0,0,0,57,59,0,0,0,0,0,traj_sz=100
21.0818,1.54928,0.178202,0.413445,1.59232,0.228861,0.654207,0.091664,57,59,0.0597676,0.111541,0.3491,1.50897,0,21.0818
21.1015,1.55163,0.179341,0.420551,0,0,0,0,57,59,0,0,0,0,0,traj_sz=100
21.1015,1.55163,0.179341,0.420551,1.59232,0.228861,0.654207,0.091664,57,59,0.0573636,0.110715,0.3491,1.5066,0,21.1015
21.1216,1.55279,0.17994,0.423093,0,0,0,0,57,59,0,0,0,0,0,traj_sz=100
21.1217,1.55279,0.17994,0.423093,1.59232,0.228861,0.654207,0.091664,58,59,0.0561294,0.111215,0.3491,1.50541,0,21.1217
21.1416,1.55522,0.181051,0.429741,0,0,0,0,58,59,0,0,0,0,0,traj_sz=100
21.1417,1.55522,0.181051,0.429741,1.59232,0.228861,0.654207,0.091664,58,59,0.0536458,0.110358,0.3491,1.50301,0,21.1417
21.1617,1.55764,0.182025,0.436475,0,0,0,0,58,59,0,0,0,0,0,traj_sz=100
21.1619,1.55764,0.182025,0.436475,1.59232,0.228861,0.654207,0.091664,58,59,0.0512316,0.1096,0.3491,1.50074,0,21.1619
21.1816,1.56001,0.183264,0.443335,0,0,0,0,58,59,0,0,0,0,0,traj_sz=100
21.1817,1.56001,0.183264,0.443335,1.59232,0.228861,0.654207,0.091664,58,59,0.0487424,0.108711,0.3491,1.49828,0,21.1817
21.2015,1.56245,0.184343,0.449363,0,0,0,0,58,59,0,0,0,0,0,traj_sz=100
21.2015,1.56245,0.184343,0.449363,1.59232,0.228861,0.654207,0.091664,58,59,0.0462463,0.107859,0.3491,1.49592,0,21.2015
21.2215,1.56359,0.184879,0.45266,0,0,0,0,58,59,0,0,0,0,0,traj_sz=100
21.2217,1.56359,0.184879,0.45266,1.59232,0.228861,0.654207,0.091664,58,59,0.0450688,0.108408,0.3491,1.49478,0,21.2217
21.2415,1.56588,0.186063,0.458692,0,0,0,0,58,59,0,0,0,0,0,traj_sz=100
21.2417,1.56588,0.186063,0.458692,1.61901,0.249325,0.704714,0.0813587,58,60,0.0756512,0.107643,0.3491,1.49243,0,21.2417
21.2615,1.56803,0.187347,0.462228,0,0,0,0,58,60,0,0,0,0,0,traj_sz=100
21.2616,1.56803,0.187347,0.462228,1.61901,0.249325,0.704714,0.0813587,58,60,0.07327,0.106926,0.3491,1.49008,0,21.2616
21.2816,1.57013,0.188389,0.468791,0,0,0,0,58,60,0,0,0,0,0,traj_sz=100
21.2817,1.57013,0.188389,0.468791,1.61901,0.249325,0.704714,0.0813587,58,60,0.0711365,0.10635,0.3491,1.48795,0,21.2817
21.3015,1.57214,0.189585,0.472533,0,0,0,0,58,60,0,0,0,0,0,traj_sz=100
21.3017,1.57214,0.189585,0.472533,1.61901,0.249325,0.704714,0.0813587,58,60,0.0689218,0.105532,0.3491,1.48576,0,21.3017
21.3216,1.57327,0.189781,0.478983,0,0,0,0,58,60,0,0,0,0,0,traj_sz=100
21.3218,1.57327,0.189781,0.478983,1.61901,0.249325,0.704714,0.0813587,58,60,0.0680342,0.106019,0.3491,1.4849,0,21.3218
21.3415,1.57723,0.192355,0.485126,0,0,0,0,58,60,0,0,0,0,0,traj_sz=100
21.3416,1.57723,0.192355,0.485126,1.61901,0.249325,0.704714,0.0813587,58,60,0.0635292,0.102807,0.3491,1.48042,0,21.3416
21.3614,1.57826,0.192972,0.487531,0,0,0,0,58,60,0,0,0,0,0,traj_sz=100
21.3616,1.57826,0.192972,0.487531,1.61901,0.249325,0.704714,0.0813587,58,60,0.0624029,0.103128,0.3491,1.4793,0,21.3616
21.3815,1.5793,0.193771,0.487763,0,0,0,0,58,60,0,0,0,0,0,traj_sz=100
21.3816,1.5793,0.193771,0.487763,1.61901,0.249325,0.704714,0.0813587,58,60,0.0611105,0.103336,0.3491,1.47802,0,21.3816
21.4015,1.58149,0.194596,0.495134,0,0,0,0,58,60,0,0,0,0,0,traj_sz=100
21.4017,1.58149,0.194596,0.495134,1.61901,0.249325,0.704714,0.0813587,58,60,0.0590157,0.102599,0.3491,1.47601,0,21.4017
21.4216,1.58246,0.195495,0.496356,0,0,0,0,58,60,0,0,0,0,0,traj_sz=100
21.4217,1.58246,0.195495,0.496356,1.61901,0.249325,0.704714,0.0813587,58,60,0.0577719,0.102815,0.3491,1.47471,0,21.4217
21.4415,1.58463,0.196364,0.503456,0,0,0,0,58,60,0,0,0,0,0,traj_sz=100
21.4417,1.58463,0.196364,0.503456,1.61901,0.249325,0.704714,0.0813587,58,60,0.0556668,0.102064,0.3491,1.47268,0,21.4417
21.4616,1.58664,0.198017,0.505319,0,0,0,0,58,60,0,0,0,0,0,traj_sz=100
21.4618,1.58664,0.198017,0.505319,1.61901,0.249325,0.704714,0.0813587,58,60,0.0531596,0.100998,0.3491,1.47013,0,21.4618
21.4818,1.5888,0.198728,0.514446,0,0,0,0,58,60,0,0,0,0,0,traj_sz=100
21.482,1.5888,0.198728,0.514446,1.61901,0.249325,0.704714,0.0813587,58,60,0.051198,0.100371,0.3491,1.46824,0,21.482
21.5016,1.59073,0.200417,0.517143,0,0,0,0,58,60,0,0,0,0,0,traj_sz=100
21.5017,1.59073,0.200417,0.517143,1.64174,0.268661,0.743437,0.0738064,59,61,0.0780788,0.0993192,0.3491,1.46571,0,21.5017
21.5214,1.59181,0.201097,0.519414,0,0,0,0,59,61,0,0,0,0,0,traj_sz=100
21.5214,1.59181,0.201097,0.519414,1.64174,0.268661,0.743437,0.0738064,59,61,0.0768783,0.0995444,0.3491,1.46451,0,21.5214
21.5415,1.59587,0.203617,0.52958,0,0,0,0,59,61,0,0,0,0,0,traj_sz=100
21.5416,1.59587,0.203617,0.52958,1.66168,0.286988,0.775003,0.0700587,59,62,0.0989103,0.0963188,0.3491,1.46001,0,21.5416
21.5615,1.59693,0.204161,0.532909,0,0,0,0,59,62,0,0,0,0,0,traj_sz=100
21.5617,1.59693,0.204161,0.532909,1.66168,0.286988,0.775003,0.0700587,59,62,0.0978479,0.096673,0.3491,1.45893,0,21.5617
21.5814,1.59799,0.204907,0.535048,0,0,0,0,59,62,0,0,0,0,0,traj_sz=100
21.5816,1.59799,0.204907,0.535048,1.66168,0.286988,0.775003,0.0700587,59,62,0.0966369,0.0968905,0.3491,1.45769,0,21.5816
21.6014,1.59985,0.206005,0.540458,0,0,0,0,59,62,0,0,0,0,0,traj_sz=100
21.6015,1.59985,0.206005,0.540458,1.66168,0.286988,0.775003,0.0700587,59,62,0.0946846,0.0962663,0.3491,1.45568,0,21.6015
21.6217,1.60086,0.206529,0.543603,0,0,0,0,59,62,0,0,0,0,0,traj_sz=100
21.6218,1.60086,0.206529,0.543603,1.66168,0.286988,0.775003,0.0700587,59,62,0.0936652,0.0966862,0.3491,1.45464,0,21.6218
21.6415,1.60446,0.208771,0.554437,0,0,0,0,59,62,0,0,0,0,0,traj_sz=100
21.6415,1.60446,0.208771,0.554437,1.66168,0.286988,0.775003,0.0700587,59,62,0.0898272,0.0939693,0.3491,1.45065,0,21.6415
21.6615,1.60446,0.208771,0.554437,0,0,0,0,59,62,0,0,0,0,0,traj_sz=100
21.6616,1.60446,0.208771,0.554437,1.66168,0.286988,0.775003,0.0700587,59,62,0.0898272,0.0953423,0.3491,1.45065,0,21.6616
21.6815,1.60624,0.21019,0.556521,0,0,0,0,59,62,0,0,0,0,0,traj_sz=100
21.6816,1.60624,0.21019,0.556521,1.66168,0.286988,0.775003,0.0700587,59,62,0.0876423,0.0944052,0.3491,1.44844,0,21.6816
21.7015,1.60798,0.211062,0.56365,0,0,0,0,59,62,0,0,0,0,0,traj_sz=100
21.7016,1.60798,0.211062,0.56365,1.66168,0.286988,0.775003,0.0700587,59,62,0.0859566,0.0938304,0.3491,1.44668,0,21.7016
21.7215,1.60868,0.211703,0.56502,0,0,0,0,59,62,0,0,0,0,0,traj_sz=100
21.7217,1.60868,0.211703,0.56502,1.66168,0.286988,0.775003,0.0700587,59,62,0.0850764,0.0942302,0.3491,1.44575,0,21.7217
21.7415,1.6104,0.212727,0.569258,0,0,0,0,59,62,0,0,0,0,0,traj_sz=100
21.7416,1.6104,0.212727,0.569258,1.66168,0.286988,0.775003,0.0700587,59,62,0.0832178,0.0935733,0.3491,1.44387,0,21.7416
21.7617,1.61305,0.214719,0.573586,0,0,0,0,59,62,0,0,0,0,0,traj_sz=100
21.7618,1.61305,0.214719,0.573586,1.66168,0.286988,0.775003,0.0700587,59,62,0.0800644,0.091608,0.3491,1.44067,0,21.7618
21.7816,1.61412,0.214959,0.579058,0,0,0,0,59,62,0,0,0,0,0,traj_sz=100
21.7817,1.61412,0.214959,0.579058,1.66168,0.286988,0.775003,0.0700587,59,62,0.0792248,0.0919569,0.3491,1.43983,0,21.7817
21.8015,1.61566,0.216282,0.583868,0,0,0,0,59,62,0,0,0,0,0,traj_sz=100
21.8016,1.61566,0.216282,0.583868,1.66168,0.286988,0.775003,0.0700587,59,62,0.0773746,0.0912583,0.3491,1.43784,0,21.8016
21.8215,1.61666,0.216573,0.588887,0,0,0,0,59,62,0,0,0,0,0,traj_sz=100
21.8218,1.61666,0.216573,0.588887,1.66168,0.286988,0.775003,0.0700587,59,62,0.0765477,0.0916403,0.3491,1.43699,0,21.8218
21.8416,1.61829,0.218159,0.58932,0,0,0,0,59,62,0,0,0,0,0,traj_sz=100
21.8417,1.61829,0.218159,0.58932,1.66168,0.286988,0.775003,0.0700587,59,62,0.0743277,0.0907167,0.3491,1.43474,0,21.8417
21.8615,1.61984,0.219092,0.596711,0,0,0,0,59,62,0,0,0,0,0,traj_sz=100
21.8616,1.61984,0.219092,0.596711,1.68004,0.304972,0.808348,0.069991,59,63,0.0980547,0.0902533,0.3491,1.43305,0,21.8616
21.8814,1.6217,0.220499,0.600276,0,0,0,0,59,63,0,0,0,0,0,traj_sz=100
21.8818,1.6217,0.220499,0.600276,1.68004,0.304972,0.808348,0.069991,60,63,0.0958598,0.0892674,0.3491,1.4308,0,21.8818
21.9015,1.62347,0.221806,0.603538,0,0,0,0,60,63,0,0,0,0,0,traj_sz=100
21.9017,1.62347,0.221806,0.603538,1.68004,0.304972,0.808348,0.069991,60,63,0.093781,0.0884128,0.3491,1.42868,0,21.9017
21.9216,1.62512,0.222627,0.610942,0,0,0,0,60,63,0,0,0,0,0,traj_sz=100
21.9217,1.62512,0.222627,0.610942,1.68004,0.304972,0.808348,0.069991,60,63,0.0922181,0.0879455,0.3491,1.42702,0,21.9217
21.9415,1.62585,0.223489,0.612231,0,0,0,0,60,63,0,0,0,0,0,traj_sz=100
21.9417,1.62585,0.223489,0.612231,1.68004,0.304972,0.808348,0.069991,60,63,0.0911778,0.0881808,0.3491,1.42589,0,21.9417
21.9614,1.62809,0.225078,0.62055,0,0,0,0,60,63,0,0,0,0,0,traj_sz=100
21.9615,1.62809,0.225078,0.62055,1.68004,0.304972,0.808348,0.069991,60,63,0.0887221,0.0867628,0.3491,1.42326,0,21.9615
21.9815,1.62885,0.225597,0.6243,0,0,0,0,60,63,0,0,0,0,0,traj_sz=100
21.9816,1.62885,0.225597,0.6243,1.68004,0.304972,0.808348,0.069991,60,63,0.0879277,0.0871892,0.3491,1.42238,0,21.9816
22.0015,1.63045,0.226965,0.625827,0,0,0,0,60,63,0,0,0,0,0,traj_sz=100
22.0016,1.63045,0.226965,0.625827,1.68004,0.304972,0.808348,0.069991,60,63,0.0858868,0.0864263,0.3491,1.42033,0,22.0016
22.0216,1.63119,0.227556,0.626644,0,0,0,0,60,63,0,0,0,0,0,traj_sz=100
22.0217,1.63119,0.227556,0.626644,1.68004,0.304972,0.808348,0.069991,60,63,0.0849698,0.0867915,0.3491,1.41941,0,22.0217
22.0414,1.63433,0.229933,0.635559,0,0,0,0,60,63,0,0,0,0,0,traj_sz=100
22.0416,1.63433,0.229933,0.635559,1.68004,0.304972,0.808348,0.069991,60,63,0.0813284,0.0841146,0.3491,1.4156,0,22.0416
22.0615,1.63433,0.229933,0.635559,0,0,0,0,60,63,0,0,0,0,0,traj_sz=100
22.0615,1.63433,0.229933,0.635559,1.68004,0.304972,0.808348,0.069991,60,63,0.0813284,0.0853799,0.3491,1.4156,0,22.0615
22.0816,1.63592,0.230763,0.642951,0,0,0,0,60,63,0,0,0,0,0,traj_sz=100
22.0817,1.63592,0.230763,0.642951,1.68004,0.304972,0.808348,0.069991,60,63,0.0798022,0.0849113,0.3491,1.41397,0,22.0817
22.1014,1.6371,0.232102,0.647106,0,0,0,0,60,63,0,0,0,0,0,traj_sz=100
22.1015,1.6371,0.232102,0.647106,1.68004,0.304972,0.808348,0.069991,60,63,0.0781894,0.084398,0.3491,1.41219,0,22.1015
22.1215,1.63794,0.232696,0.647426,0,0,0,0,60,63,0,0,0,0,0,traj_sz=100
22.1216,1.63794,0.232696,0.647426,1.68004,0.304972,0.808348,0.069991,60,63,0.0771732,0.0846481,0.3491,1.41121,0,22.1216
22.1415,1.63926,0.233801,0.651506,0,0,0,0,60,63,0,0,0,0,0,traj_sz=100
22.1416,1.63926,0.233801,0.651506,1.68004,0.304972,0.808348,0.069991,60,63,0.0755879,0.0842001,0.3491,1.40953,0,22.1416
22.1614,1.64069,0.234922,0.655474,0,0,0,0,60,63,0,0,0,0,0,traj_sz=100
22.1615,1.64069,0.234922,0.655474,1.68004,0.304972,0.808348,0.069991,60,63,0.0738904,0.08364,0.3491,1.40777,0,22.1615
22.1815,1.64216,0.236014,0.659312,0,0,0,0,60,63,0,0,0,0,0,traj_sz=100
22.1816,1.64216,0.236014,0.659312,1.69777,0.323541,0.84166,0.0734641,60,64,0.0975712,0.0830937,0.3491,1.40601,0,22.1816
22.2015,1.64355,0.236963,0.666141,0,0,0,0,60,64,0,0,0,0,0,traj_sz=100
22.2017,1.64355,0.236963,0.666141,1.69777,0.323541,0.84166,0.0734641,60,64,0.0961338,0.0827006,0.3491,1.40441,0,22.2017
22.2217,1.64428,0.237777,0.665832,0,0,0,0,60,64,0,0,0,0,0,traj_sz=100
22.2218,1.64428,0.237777,0.665832,1.69777,0.323541,0.84166,0.0734641,60,64,0.0950387,0.0828792,0.3491,1.40331,0,22.2218
22.2414,1.647,0.240195,0.67259,0,0,0,0,60,64,0,0,0,0,0,traj_sz=100
22.2415,1.647,0.240195,0.67259,1.69777,0.323541,0.84166,0.0734641,61,64,0.0916375,0.0804925,0.3491,1.39974,0,22.2415
22.2616,1.647,0.240195,0.67259,0,0,0,0,61,64,0,0,0,0,0,traj_sz=100
22.2617,1.647,0.240195,0.67259,1.69777,0.323541,0.84166,0.0734641,61,64,0.0916375,0.0817734,0.3491,1.39974,0,22.2617
22.2815,1.64845,0.2412,0.677878,0,0,0,0,61,64,0,0,0,0,0,traj_sz=100
22.2816,1.64845,0.2412,0.677878,1.69777,0.323541,0.84166,0.0734641,61,64,0.0900549,0.0812817,0.3491,1.39806,0,22.2816
22.3015,1.64981,0.242024,0.684161,0,0,0,0,61,64,0,0,0,0,0,traj_sz=100
22.3017,1.64981,0.242024,0.684161,1.69777,0.323541,0.84166,0.0734641,61,64,0.0886897,0.0809973,0.3491,1.39658,0,22.3017
22.3215,1.65022,0.242885,0.683272,0,0,0,0,61,64,0,0,0,0,0,traj_sz=100
22.3216,1.65022,0.242885,0.683272,1.69777,0.323541,0.84166,0.0734641,61,64,0.0877984,0.0813764,0.3491,1.39565,0,22.3216
22.3415,1.65304,0.245376,0.689936,0,0,0,0,61,64,0,0,0,0,0,traj_sz=100
22.3416,1.65304,0.245376,0.689936,1.69777,0.323541,0.84166,0.0734641,61,64,0.0842498,0.0788762,0.3491,1.39195,0,22.3416
22.3615,1.65304,0.245376,0.689936,0,0,0,0,61,64,0,0,0,0,0,traj_sz=100
22.3617,1.65304,0.245376,0.689936,1.69777,0.323541,0.84166,0.0734641,61,64,0.0842498,0.0801506,0.3491,1.39195,0,22.3617
22.3816,1.65434,0.246584,0.693776,0,0,0,0,61,64,0,0,0,0,0,traj_sz=100
22.3816,1.65434,0.246584,0.693776,1.69777,0.323541,0.84166,0.0734641,61,64,0.082598,0.0796428,0.3491,1.3902,0,22.3816
22.4014,1.65592,0.247848,0.69935,0,0,0,0,61,64,0,0,0,0,0,traj_sz=100
22.4015,1.65592,0.247848,0.69935,1.69777,0.323541,0.84166,0.0734641,61,64,0.0807543,0.0789336,0.3491,1.38824,0,22.4015
22.4216,1.65677,0.24846,0.7018,0,0,0,0,61,64,0,0,0,0,0,traj_sz=100
22.4219,1.65677,0.24846,0.7018,1.69777,0.323541,0.84166,0.0734641,61,64,0.0797829,0.0792196,0.3491,1.38724,0,22.4219
22.4416,1.65924,0.250595,0.710303,0,0,0,0,61,64,0,0,0,0,0,traj_sz=100
22.4416,1.65924,0.250595,0.710303,1.69777,0.323541,0.84166,0.0734641,61,64,0.0767767,0.0772683,0.3491,1.38404,0,22.4416
22.4615,1.65924,0.250595,0.710303,0,0,0,0,61,64,0,0,0,0,0,traj_sz=100
22.4616,1.65924,0.250595,0.710303,1.69777,0.323541,0.84166,0.0734641,61,64,0.0767767,0.0785823,0.3491,1.38404,0,22.4616
22.4814,1.66049,0.251718,0.712622,0,0,0,0,61,64,0,0,0,0,0,traj_sz=100
22.4815,1.66049,0.251718,0.712622,1.69777,0.323541,0.84166,0.0734641,61,64,0.0751688,0.0782116,0.3491,1.38239,0,22.4815
22.5014,1.66171,0.252371,0.718147,0,0,0,0,61,64,0,0,0,0,0,traj_sz=100
22.5015,1.66171,0.252371,0.718147,1.71573,0.34364,0.87308,0.0804185,61,65,0.10073,0.0781863,0.3491,1.38113,0,22.5015
22.5215,1.66188,0.253544,0.714476,0,0,0,0,61,65,0,0,0,0,0,traj_sz=100
22.5216,1.66188,0.253544,0.714476,1.71573,0.34364,0.87308,0.0804185,61,65,0.0997127,0.0785848,0.3491,1.38009,0,22.5216
22.5414,1.66414,0.255219,0.723823,0,0,0,0,61,65,0,0,0,0,0,traj_sz=100
22.5415,1.66414,0.255219,0.723823,1.71573,0.34364,0.87308,0.0804185,61,65,0.0972104,0.077094,0.3491,1.37739,0,22.5415
22.5614,1.66414,0.255219,0.723823,0,0,0,0,61,65,0,0,0,0,0,traj_sz=100
22.5615,1.66414,0.255219,0.723823,1.71573,0.34364,0.87308,0.0804185,61,65,0.0972104,0.0784112,0.3491,1.37739,0,22.5615
22.5816,1.66506,0.256441,0.726042,0,0,0,0,61,65,0,0,0,0,0,traj_sz=100
22.5817,1.66506,0.256441,0.726042,1.71573,0.34364,0.87308,0.0804185,61,65,0.0957854,0.078233,0.3491,1.37586,0,22.5817
22.6016,1.66665,0.257438,0.730715,0,0,0,0,61,65,0,0,0,0,0,traj_sz=100
22.6017,1.66665,0.257438,0.730715,1.71573,0.34364,0.87308,0.0804185,61,65,0.0940812,0.077706,0.3491,1.3741,0,22.6017
22.6215,1.66773,0.258409,0.734352,0,0,0,0,61,65,0,0,0,0,0,traj_sz=100
22.6215,1.66773,0.258409,0.734352,1.71573,0.34364,0.87308,0.0804185,61,65,0.092742,0.07756,0.3491,1.37268,0,22.6215
22.6415,1.66915,0.259945,0.741299,0,0,0,0,61,65,0,0,0,0,0,traj_sz=100
22.6416,1.66915,0.259945,0.741299,1.71573,0.34364,0.87308,0.0804185,62,65,0.0908751,0.0767934,0.3491,1.3706,0,22.6416
22.6615,1.66999,0.260672,0.741391,0,0,0,0,62,65,0,0,0,0,0,traj_sz=100
22.6616,1.66999,0.260672,0.741391,1.71573,0.34364,0.87308,0.0804185,62,65,0.0897622,0.076996,0.3491,1.36951,0,22.6616
22.6816,1.6705,0.260866,0.745604,0,0,0,0,62,65,0,0,0,0,0,traj_sz=100
22.6818,1.6705,0.260866,0.745604,1.71573,0.34364,0.87308,0.0804185,62,65,0.0893852,0.0778231,0.3491,1.36904,0,22.6818
22.7015,1.67153,0.262114,0.746399,0,0,0,0,62,65,0,0,0,0,0,traj_sz=100
22.7017,1.67153,0.262114,0.746399,1.71573,0.34364,0.87308,0.0804185,62,65,0.0878064,0.0775196,0.3491,1.36743,0,22.7017
22.7216,1.67219,0.26269,0.748894,0,0,0,0,62,65,0,0,0,0,0,traj_sz=100
22.7217,1.67219,0.26269,0.748894,1.71573,0.34364,0.87308,0.0804185,62,65,0.0870059,0.0779627,0.3491,1.36657,0,22.7217
22.7416,1.67328,0.263925,0.752404,0,0,0,0,62,65,0,0,0,0,0,traj_sz=100
22.7418,1.67328,0.263925,0.752404,1.71573,0.34364,0.87308,0.0804185,62,65,0.0854693,0.0776358,0.3491,1.36493,0,22.7418
22.7615,1.67484,0.264839,0.757836,0,0,0,0,62,65,0,0,0,0,0,traj_sz=100
22.7616,1.67484,0.264839,0.757836,1.71573,0.34364,0.87308,0.0804185,62,65,0.0838644,0.0772889,0.3491,1.36326,0,22.7616
22.7815,1.67565,0.266377,0.758259,0,0,0,0,62,65,0,0,0,0,0,traj_sz=100
22.7816,1.67565,0.266377,0.758259,1.71573,0.34364,0.87308,0.0804185,62,65,0.0822311,0.0770758,0.3491,1.36154,0,22.7816
22.8016,1.67694,0.267181,0.763603,0,0,0,0,62,65,0,0,0,0,0,traj_sz=100
22.8017,1.67694,0.267181,0.763603,1.71573,0.34364,0.87308,0.0804185,62,65,0.08089,0.0770369,0.3491,1.36012,0,22.8017
22.8216,1.67748,0.268088,0.764357,0,0,0,0,62,65,0,0,0,0,0,traj_sz=100
22.8216,1.67748,0.268088,0.764357,1.71573,0.34364,0.87308,0.0804185,62,65,0.0798995,0.077459,0.3491,1.35907,0,22.8216
22.8416,1.67866,0.269297,0.767896,0,0,0,0,62,65,0,0,0,0,0,traj_sz=100
22.8419,1.67866,0.269297,0.767896,1.71573,0.34364,0.87308,0.0804185,62,65,0.0783058,0.0772208,0.3491,1.35739,0,22.8419
22.8615,1.68073,0.27075,0.776236,0,0,0,0,62,65,0,0,0,0,0,traj_sz=100
22.8616,1.68073,0.27075,0.776236,1.71573,0.34364,0.87308,0.0804185,62,65,0.0760421,0.0761549,0.3491,1.35499,0,22.8616
22.8815,1.6807,0.271849,0.772057,0,0,0,0,62,65,0,0,0,0,0,traj_sz=100
22.8815,1.6807,0.271849,0.772057,1.73469,0.366249,0.911356,0.0899453,62,66,0.10454,0.0768404,0.3491,1.35413,0,22.8815
22.9015,1.68219,0.272946,0.778277,0,0,0,0,62,66,0,0,0,0,0,traj_sz=100
22.9016,1.68219,0.272946,0.778277,1.73469,0.366249,0.911356,0.0899453,62,66,0.10289,0.0764549,0.3491,1.35235,0,22.9016
22.9216,1.68297,0.273163,0.783212,0,0,0,0,62,66,0,0,0,0,0,traj_sz=100
22.9218,1.68297,0.273163,0.783212,1.73469,0.366249,0.911356,0.0899453,62,66,0.102329,0.077208,0.3491,1.35171,0,22.9218
22.9415,1.6838,0.274538,0.783524,0,0,0,0,62,66,0,0,0,0,0,traj_sz=100
22.9416,1.6838,0.274538,0.783524,1.73469,0.366249,0.911356,0.0899453,62,66,0.100777,0.07707,0.3491,1.35011,0,22.9416
22.9615,1.68518,0.275709,0.788911,0,0,0,0,62,66,0,0,0,0,0,traj_sz=100
22.9616,1.68518,0.275709,0.788911,1.73469,0.366249,0.911356,0.0899453,62,66,0.0991314,0.0767148,0.3491,1.34834,0,22.9616
22.9815,1.68633,0.277045,0.789298,0,0,0,0,62,66,0,0,0,0,0,traj_sz=100
22.9817,1.68633,0.277045,0.789298,1.73469,0.366249,0.911356,0.0899453,62,66,0.0973808,0.076397,0.3491,1.34658,0,22.9817
23.0015,1.68751,0.278366,0.792465,0,0,0,0,62,66,0,0,0,0,0,traj_sz=100
23.0017,1.68751,0.278366,0.792465,1.73469,0.366249,0.911356,0.0899453,62,66,0.0957064,0.0760769,0.3491,1.34482,0,23.0017
23.0214,1.68761,0.279052,0.793851,0,0,0,0,62,66,0,0,0,0,0,traj_sz=100
23.0215,1.68761,0.279052,0.793851,1.73469,0.366249,0.911356,0.0899453,63,66,0.0951877,0.0769437,0.3491,1.34422,0,23.0215
23.0414,1.69021,0.281374,0.803416,0,0,0,0,63,66,0,0,0,0,0,traj_sz=100
23.0415,1.69021,0.281374,0.803416,1.73469,0.366249,0.911356,0.0899453,63,66,0.0919668,0.0749018,0.3491,1.34079,0,23.0415
23.0615,1.69105,0.281653,0.807803,0,0,0,0,63,66,0,0,0,0,0,traj_sz=100
23.0616,1.69105,0.281653,0.807803,1.73469,0.366249,0.911356,0.0899453,63,66,0.0913047,0.0755707,0.3491,1.34006,0,23.0616
23.0816,1.69132,0.282439,0.808239,0,0,0,0,63,66,0,0,0,0,0,traj_sz=100
23.0817,1.69132,0.282439,0.808239,1.73469,0.366249,0.911356,0.0899453,63,66,0.0905578,0.0762593,0.3491,1.33927,0,23.0817
23.1016,1.69231,0.283636,0.810846,0,0,0,0,63,66,0,0,0,0,0,traj_sz=100
23.1017,1.69231,0.283636,0.810846,1.73469,0.366249,0.911356,0.0899453,63,66,0.0890795,0.0761502,0.3491,1.33772,0,23.1017
23.1215,1.69305,0.284384,0.810519,0,0,0,0,63,66,0,0,0,0,0,traj_sz=100
23.1216,1.69305,0.284384,0.810519,1.73469,0.366249,0.911356,0.0899453,63,66,0.0880168,0.076619,0.3491,1.33668,0,23.1216
23.1416,1.69527,0.286927,0.818558,0,0,0,0,63,66,0,0,0,0,0,traj_sz=100
23.1416,1.69527,0.286927,0.818558,1.73469,0.366249,0.911356,0.0899453,63,66,0.0848511,0.0748774,0.3491,1.33331,0,23.1416
23.1614,1.69527,0.286927,0.818558,0,0,0,0,63,66,0,0,0,0,0,traj_sz=100
23.1616,1.69527,0.286927,0.818558,1.73469,0.366249,0.911356,0.0899453,63,66,0.0848511,0.0765067,0.3491,1.33331,0,23.1616
23.1815,1.69625,0.28816,0.823077,0,0,0,0,63,66,0,0,0,0,0,traj_sz=100
23.1816,1.69625,0.28816,0.823077,1.73469,0.366249,0.911356,0.0899453,63,66,0.0833988,0.0765747,0.3491,1.33174,0,23.1816
23.2016,1.69745,0.289409,0.82729,0,0,0,0,63,66,0,0,0,0,0,traj_sz=100
23.2017,1.69745,0.289409,0.82729,1.73469,0.366249,0.911356,0.0899453,63,66,0.0817717,0.0764786,0.3491,1.33002,0,23.2017
23.2216,1.69841,0.289609,0.83121,0,0,0,0,63,66,0,0,0,0,0,traj_sz=100
23.2218,1.69841,0.289609,0.83121,1.73469,0.366249,0.911356,0.0899453,63,66,0.0810724,0.0773142,0.3491,1.32928,0,23.2218
23.2414,1.70057,0.29245,0.838199,0,0,0,0,63,66,0,0,0,0,0,traj_sz=100
23.2415,1.70057,0.29245,0.838199,1.73469,0.366249,0.911356,0.0899453,63,66,0.0776841,0.0753705,0.3491,1.32571,0,23.2415
23.2616,1.70056,0.293246,0.83647,0,0,0,0,63,66,0,0,0,0,0,traj_sz=100
23.2617,1.70056,0.293246,0.83647,1.73469,0.366249,0.911356,0.0899453,63,66,0.0770576,0.0764441,0.3491,1.32508,0,23.2617
23.2814,1.70156,0.293678,0.840979,0,0,0,0,63,66,0,0,0,0,0,traj_sz=100
23.2815,1.70156,0.293678,0.840979,1.7549,0.392328,0.954166,0.10115,63,67,0.10909,0.0770626,0.3491,1.32413,0,23.2815
23.3014,1.70249,0.294891,0.843228,0,0,0,0,63,67,0,0,0,0,0,traj_sz=100
23.3015,1.70249,0.294891,0.843228,1.7549,0.392328,0.954166,0.10115,63,67,0.107622,0.07717,0.3491,1.3226,0,23.3015
23.3216,1.70284,0.295397,0.846436,0,0,0,0,63,67,0,0,0,0,0,traj_sz=100
23.3218,1.70284,0.295397,0.846436,1.7549,0.392328,0.954166,0.10115,63,67,0.107095,0.0782161,0.3491,1.32199,0,23.3218
23.3415,1.70498,0.298144,0.851543,0,0,0,0,63,67,0,0,0,0,0,traj_sz=100
23.3416,1.70498,0.298144,0.851543,1.7549,0.392328,0.954166,0.10115,63,67,0.103744,0.076357,0.3491,1.31851,0,23.3416
23.3614,1.70546,0.298615,0.854305,0,0,0,0,63,67,0,0,0,0,0,traj_sz=100
23.3616,1.70546,0.298615,0.854305,1.7549,0.392328,0.954166,0.10115,64,67,0.103138,0.0773089,0.3491,1.31784,0,23.3616
23.3817,1.70612,0.2993,0.857629,0,0,0,0,64,67,0,0,0,0,0,traj_sz=100
23.3819,1.70612,0.2993,0.857629,1.7549,0.392328,0.954166,0.10115,64,67,0.102272,0.0780181,0.3491,1.3169,0,23.3819
23.4016,1.70708,0.300636,0.859236,0,0,0,0,64,67,0,0,0,0,0,traj_sz=100
23.4017,1.70708,0.300636,0.859236,1.7549,0.392328,0.954166,0.10115,64,67,0.100668,0.0779942,0.3491,1.31525,0,23.4017
23.4215,1.70758,0.301564,0.857755,0,0,0,0,64,67,0,0,0,0,0,traj_sz=100
23.4217,1.70758,0.301564,0.857755,1.7549,0.392328,0.954166,0.10115,64,67,0.0996079,0.0786016,0.3491,1.31421,0,23.4217
23.4415,1.70972,0.304047,0.867084,0,0,0,0,64,67,0,0,0,0,0,traj_sz=100
23.4415,1.70972,0.304047,0.867084,1.7549,0.392328,0.954166,0.10115,64,67,0.0965451,0.0769419,0.3491,1.31094,0,23.4415
23.4616,1.71013,0.304737,0.869171,0,0,0,0,64,67,0,0,0,0,0,traj_sz=100
23.4617,1.71013,0.304737,0.869171,1.7549,0.392328,0.954166,0.10115,64,67,0.0958014,0.0777949,0.3491,1.31014,0,23.4617
23.4815,1.71099,0.305346,0.871614,0,0,0,0,64,67,0,0,0,0,0,traj_sz=100
23.4817,1.71099,0.305346,0.871614,1.7549,0.392328,0.954166,0.10115,64,67,0.0948332,0.0784213,0.3491,1.30914,0,23.4817
23.5015,1.71202,0.306594,0.87539,0,0,0,0,64,67,0,0,0,0,0,traj_sz=100
23.5016,1.71202,0.306594,0.87539,1.7549,0.392328,0.954166,0.10115,64,67,0.093302,0.0786848,0.3491,1.30752,0,23.5016
23.5215,1.71295,0.307968,0.877926,0,0,0,0,64,67,0,0,0,0,0,traj_sz=100
23.5216,1.71295,0.307968,0.877926,1.7549,0.392328,0.954166,0.10115,64,67,0.0917021,0.078918,0.3491,1.30586,0,23.5216
23.5414,1.71448,0.309927,0.884166,0,0,0,0,64,67,0,0,0,0,0,traj_sz=100
23.5415,1.71448,0.309927,0.884166,1.7549,0.392328,0.954166,0.10115,64,67,0.0893535,0.0783219,0.3491,1.30338,0,23.5415
23.5615,1.71496,0.310445,0.8868,0,0,0,0,64,67,0,0,0,0,0,traj_sz=100
23.5617,1.71496,0.310445,0.8868,1.7549,0.392328,0.954166,0.10115,64,67,0.0887033,0.0795122,0.3491,1.30268,0,23.5617
23.5815,1.71547,0.311231,0.889265,0,0,0,0,64,67,0,0,0,0,0,traj_sz=100
23.5816,1.71547,0.311231,0.889265,1.7549,0.392328,0.954166,0.10115,64,67,0.0878224,0.0804674,0.3491,1.30174,0,23.5816
23.6014,1.71625,0.312672,0.890611,0,0,0,0,64,67,0,0,0,0,0,traj_sz=100
23.6015,1.71625,0.312672,0.890611,1.7549,0.392328,0.954166,0.10115,64,67,0.0862404,0.0807473,0.3491,1.30012,0,23.6015
23.6215,1.71701,0.31325,0.893457,0,0,0,0,64,67,0,0,0,0,0,traj_sz=100
23.6216,1.71701,0.31325,0.893457,1.7549,0.392328,0.954166,0.10115,64,67,0.0853701,0.0817045,0.3491,1.2992,0,23.6216
23.6415,1.71794,0.314669,0.896492,0,0,0,0,64,67,0,0,0,0,0,traj_sz=100
23.6416,1.71794,0.314669,0.896492,1.7549,0.392328,0.954166,0.10115,64,67,0.0837375,0.0819029,0.3491,1.29751,0,23.6416
23.6615,1.71906,0.315955,0.902664,0,0,0,0,64,67,0,0,0,0,0,traj_sz=100
23.6616,1.71906,0.315955,0.902664,1.7549,0.392328,0.954166,0.10115,64,67,0.0821566,0.0820801,0.3491,1.29581,0,23.6616
23.6815,1.7202,0.31755,0.906035,0,0,0,0,64,67,0,0,0,0,0,traj_sz=100
23.6816,1.7202,0.31755,0.906035,1.7549,0.392328,0.954166,0.10115,64,67,0.0802614,0.082014,0.3491,1.29385,0,23.6816
23.7016,1.7211,0.319182,0.908319,0,0,0,0,64,67,0,0,0,0,0,traj_sz=100
23.7017,1.7211,0.319182,0.908319,1.7549,0.392328,0.954166,0.10115,64,67,0.0784645,0.0820875,0.3491,1.292,0,23.7017
23.7215,1.72198,0.319937,0.910824,0,0,0,0,64,67,0,0,0,0,0,traj_sz=100
23.7216,1.72198,0.319937,0.910824,1.77636,0.422603,0.997427,0.1128,64,68,0.114448,0.0828084,0.3491,1.29087,0,23.7216
23.7415,1.72321,0.321399,0.917603,0,0,0,0,64,68,0,0,0,0,0,traj_sz=100
23.7419,1.72321,0.321399,0.917603,1.77636,0.422603,0.997427,0.1128,65,68,0.112671,0.0827874,0.3491,1.28896,0,23.7419
23.7615,1.725,0.323726,0.925281,0,0,0,0,65,68,0,0,0,0,0,traj_sz=100
23.7615,1.725,0.323726,0.925281,1.77636,0.422603,0.997427,0.1128,65,68,0.109879,0.0817244,0.3491,1.28602,0,23.7615
23.7815,1.72519,0.324846,0.921891,0,0,0,0,65,68,0,0,0,0,0,traj_sz=100
23.7816,1.72519,0.324846,0.921891,1.77636,0.422603,0.997427,0.1128,65,68,0.108812,0.0826353,0.3491,1.28502,0,23.7816
23.8017,1.72629,0.326233,0.927923,0,0,0,0,65,68,0,0,0,0,0,traj_sz=100
23.802,1.72629,0.326233,0.927923,1.77636,0.422603,0.997427,0.1128,65,68,0.107151,0.0827695,0.3491,1.28325,0,23.802
23.8215,1.72766,0.32782,0.934622,0,0,0,0,65,68,0,0,0,0,0,traj_sz=100
23.8216,1.72766,0.32782,0.934622,1.77636,0.422603,0.997427,0.1128,65,68,0.105177,0.0825377,0.3491,1.28116,0,23.8216
23.8415,1.72937,0.33005,0.941038,0,0,0,0,65,68,0,0,0,0,0,traj_sz=100
23.8415,1.72937,0.33005,0.941038,1.77636,0.422603,0.997427,0.1128,65,68,0.102472,0.0816002,0.3491,1.27835,0,23.8415
23.8616,1.72959,0.330894,0.942129,0,0,0,0,65,68,0,0,0,0,0,traj_sz=100
23.8617,1.72959,0.330894,0.942129,1.77636,0.422603,0.997427,0.1128,65,68,0.101678,0.0829264,0.3491,1.27754,0,23.8617
23.8814,1.73045,0.331615,0.944833,0,0,0,0,65,68,0,0,0,0,0,traj_sz=100
23.8818,1.73045,0.331615,0.944833,1.77636,0.422603,0.997427,0.1128,65,68,0.100635,0.0839822,0.3491,1.27645,0,23.8818
23.9015,1.7314,0.33317,0.948447,0,0,0,0,65,68,0,0,0,0,0,traj_sz=100
23.9017,1.7314,0.33317,0.948447,1.77636,0.422603,0.997427,0.1128,65,68,0.0988733,0.0843492,0.3491,1.27463,0,23.9017
23.9215,1.73188,0.333938,0.951374,0,0,0,0,65,68,0,0,0,0,0,traj_sz=100
23.9216,1.73188,0.333938,0.951374,1.77636,0.422603,0.997427,0.1128,65,68,0.098017,0.0856145,0.3491,1.27373,0,23.9216
23.9415,1.73404,0.336903,0.959894,0,0,0,0,65,68,0,0,0,0,0,traj_sz=100
23.9415,1.73404,0.336903,0.959894,1.77636,0.422603,0.997427,0.1128,65,68,0.094472,0.0841085,0.3491,1.27006,0,23.9415
23.9616,1.73404,0.336903,0.959894,0,0,0,0,65,68,0,0,0,0,0,traj_sz=100
23.9619,1.73404,0.336903,0.959894,1.77636,0.422603,0.997427,0.1128,65,68,0.094472,0.0863033,0.3491,1.27006,0,23.9619
23.9814,1.73482,0.338645,0.960909,0,0,0,0,65,68,0,0,0,0,0,traj_sz=100
23.9815,1.73482,0.338645,0.960909,1.77636,0.422603,0.997427,0.1128,65,68,0.0926153,0.0866027,0.3491,1.2682,0,23.9815
24.0015,1.7358,0.339972,0.967583,0,0,0,0,65,68,0,0,0,0,0,traj_sz=100
24.0016,1.7358,0.339972,0.967583,1.77636,0.422603,0.997427,0.1128,65,68,0.091059,0.087127,0.3491,1.26656,0,24.0016
24.0216,1.7365,0.340618,0.971079,0,0,0,0,65,68,0,0,0,0,0,traj_sz=100
24.0217,1.7365,0.340618,0.971079,1.77636,0.422603,0.997427,0.1128,65,68,0.090176,0.0883624,0.3491,1.26562,0,24.0217
24.0415,1.73761,0.342347,0.974708,0,0,0,0,65,68,0,0,0,0,0,traj_sz=100
24.0418,1.73761,0.342347,0.974708,1.77636,0.422603,0.997427,0.1128,65,68,0.0881715,0.0884846,0.348985,1.26357,0,24.0418
24.0614,1.73911,0.344537,0.981843,0,0,0,0,65,68,0,0,0,0,0,traj_sz=100
24.0616,1.73911,0.344537,0.981843,1.77636,0.422603,0.997427,0.1128,66,68,0.085607,0.0879854,0.3491,1.26092,0,24.0616
24.0816,1.73921,0.345401,0.983047,0,0,0,0,66,68,0,0,0,0,0,traj_sz=100
24.0817,1.73921,0.345401,0.983047,1.77636,0.422603,0.997427,0.1128,66,68,0.0848484,0.0894289,0.3491,1.26017,0,24.0817
24.1014,1.74031,0.347022,0.986413,0,0,0,0,66,68,0,0,0,0,0,traj_sz=100
24.1015,1.74031,0.347022,0.986413,1.77636,0.422603,0.997427,0.1128,66,68,0.0829283,0.0896161,0.3491,1.25821,0,24.1015
24.1215,1.74114,0.347684,0.990831,0,0,0,0,66,68,0,0,0,0,0,traj_sz=100
24.1217,1.74114,0.347684,0.990831,1.77636,0.422603,0.997427,0.1128,66,68,0.0819685,0.0907577,0.3491,1.25718,0,24.1217
24.1415,1.74215,0.34942,0.99381,0,0,0,0,66,68,0,0,0,0,0,traj_sz=100
24.1417,1.74215,0.34942,0.99381,1.77636,0.422603,0.997427,0.1128,66,68,0.0799964,0.0909315,0.3491,1.25519,0,24.1417
24.1615,1.74342,0.351393,1.00171,0,0,0,0,66,68,0,0,0,0,0,traj_sz=100
24.1616,1.74342,0.351393,1.00171,1.79881,0.457368,1.05111,0.122114,66,69,0.119118,0.0907424,0.3441,1.25285,0,24.1616
24.1815,1.74398,0.352421,1.00063,0,0,0,0,66,69,0,0,0,0,0,traj_sz=100
24.1816,1.74398,0.352421,1.00063,1.79881,0.457368,1.05111,0.122114,66,69,0.117943,0.0917601,0.342209,1.25169,0,24.1816
24.2014,1.74501,0.354093,1.00586,0,0,0,0,66,69,0,0,0,0,0,traj_sz=100
24.2015,1.74501,0.354093,1.00586,1.79881,0.457368,1.05111,0.122114,66,69,0.116032,0.0919585,0.334333,1.24974,0,24.2015
24.2215,1.74559,0.354902,1.0099,0,0,0,0,66,69,0,0,0,0,0,traj_sz=100
24.2216,1.74559,0.354902,1.0099,1.79881,0.457368,1.05111,0.122114,66,69,0.115076,0.0932483,0.330152,1.24874,0,24.2216
24.2415,1.74789,0.358976,1.01817,0,0,0,0,66,69,0,0,0,0,0,traj_sz=100
24.2416,1.74789,0.358976,1.01817,1.79881,0.457368,1.05111,0.122114,66,69,0.110476,0.0910596,0.312542,1.24411,0,24.2416
24.2616,1.74834,0.359658,1.02166,0,0,0,0,66,69,0,0,0,0,0,traj_sz=100
24.2617,1.74834,0.359658,1.02166,1.79881,0.457368,1.05111,0.122114,66,69,0.109688,0.0927034,0.30846,1.24329,0,24.2617
24.2815,1.74887,0.360488,1.02576,0,0,0,0,66,69,0,0,0,0,0,traj_sz=100
24.2819,1.74887,0.360488,1.02576,1.79881,0.457368,1.05111,0.122114,66,69,0.108736,0.0941724,0.303412,1.24231,0,24.2819
24.3015,1.74999,0.362451,1.0303,0,0,0,0,66,69,0,0,0,0,0,traj_sz=100
24.3016,1.74999,0.362451,1.0303,1.79881,0.457368,1.05111,0.122114,66,69,0.106505,0.0943545,0.29465,1.24006,0,24.3016
24.3214,1.7502,0.363568,1.0275,0,0,0,0,66,69,0,0,0,0,0,traj_sz=100
24.3215,1.7502,0.363568,1.0275,1.79881,0.457368,1.05111,0.122114,66,69,0.105426,0.0957728,0.289276,1.23905,0,24.3215
24.3416,1.75125,0.365222,1.03503,0,0,0,0,66,69,0,0,0,0,0,traj_sz=100
24.3417,1.75125,0.365222,1.03503,1.79881,0.457368,1.05111,0.122114,66,69,0.103516,0.0962884,0.279769,1.2371,0,24.3417
24.3616,1.75247,0.367041,1.0391,0,0,0,0,66,69,0,0,0,0,0,traj_sz=100
24.3617,1.75247,0.367041,1.0391,1.79881,0.457368,1.05111,0.122114,66,69,0.101354,0.0965387,0.273825,1.23492,0,24.3617
24.3815,1.7536,0.368991,1.04372,0,0,0,0,66,69,0,0,0,0,0,traj_sz=100
24.3816,1.7536,0.368991,1.04372,1.79881,0.457368,1.05111,0.122114,66,69,0.0991258,0.0967279,0.265159,1.23268,0,24.3816
24.4015,1.75462,0.370664,1.05081,0,0,0,0,66,69,0,0,0,0,0,traj_sz=100
24.4016,1.75462,0.370664,1.05081,1.79881,0.457368,1.05111,0.122114,66,69,0.0972019,0.0972093,0.255519,1.23073,0,24.4016
24.4215,1.75519,0.371482,1.05435,0,0,0,0,66,69,0,0,0,0,0,traj_sz=100
24.4216,1.75519,0.371482,1.05435,1.79881,0.457368,1.05111,0.122114,67,69,0.0962251,0.0986546,0.269819,1.22973,0,24.4216
24.4415,1.75612,0.373372,1.05639,0,0,0,0,67,69,0,0,0,0,0,traj_sz=100
24.4416,1.75612,0.373372,1.05639,1.79881,0.457368,1.05111,0.122114,67,69,0.0941298,0.0990185,0.262995,1.22766,0,24.4416
24.4614,1.75681,0.375378,1.05664,0,0,0,0,67,69,0,0,0,0,0,traj_sz=100
24.4616,1.75681,0.375378,1.05664,1.79881,0.457368,1.05111,0.122114,67,69,0.0920457,0.0994265,0.253798,1.22565,0,24.4616
24.4816,1.75752,0.377007,1.06272,0,0,0,0,67,69,0,0,0,0,0,traj_sz=100
24.4818,1.75752,0.377007,1.06272,1.79881,0.457368,1.05111,0.122114,67,69,0.0902979,0.100149,0.242867,1.22393,0,24.4818
24.5015,1.75871,0.378851,1.06735,0,0,0,0,67,69,0,0,0,0,0,traj_sz=100
24.5017,1.75871,0.378851,1.06735,1.79881,0.457368,1.05111,0.122114,67,69,0.088121,0.100379,0.237303,1.22174,0,24.5017
24.5214,1.75916,0.379943,1.06653,0,0,0,0,67,69,0,0,0,0,0,traj_sz=100
24.5215,1.75916,0.379943,1.06653,1.79881,0.457368,1.05111,0.122114,67,69,0.086945,0.101649,0.234063,1.2206,0,24.5215
24.5414,1.7614,0.383917,1.07867,0,0,0,0,67,69,0,0,0,0,0,traj_sz=100
24.5414,1.7614,0.383917,1.07867,1.79881,0.457368,1.05111,0.122114,67,69,0.0824086,0.0995338,0.216125,1.21608,0,24.5414
24.5616,1.7614,0.383917,1.07867,0,0,0,0,67,69,0,0,0,0,0,traj_sz=100
24.5617,1.7614,0.383917,1.07867,1.79881,0.457368,1.05111,0.122114,67,69,0.0824086,0.101997,0.216125,1.21608,0,24.5617
24.5814,1.76233,0.386147,1.08135,0,0,0,0,67,69,0,0,0,0,0,traj_sz=100
24.5815,1.76233,0.386147,1.08135,1.79881,0.457368,1.05111,0.122114,67,69,0.0800114,0.102071,0.205651,1.21374,0,24.5815
24.6015,1.76348,0.388532,1.08525,0,0,0,0,67,69,0,0,0,0,0,traj_sz=100
24.6017,1.76348,0.388532,1.08525,1.79881,0.457368,1.05111,0.122114,67,69,0.0773667,0.102162,0.195605,1.21115,0,24.6017
24.6215,1.76448,0.39042,1.09154,0,0,0,0,67,69,0,0,0,0,0,traj_sz=100
24.6216,1.76448,0.39042,1.09154,1.79881,0.457368,1.05111,0.122114,67,69,0.075236,0.102704,0.185782,1.20904,0,24.6216
24.6414,1.76588,0.393641,1.0956,0,0,0,0,67,69,0,0,0,0,0,traj_sz=100
24.6414,1.76588,0.393641,1.0956,1.79881,0.457368,1.05111,0.122114,67,69,0.0717308,0.101924,0.17134,1.20563,0,24.6414
24.6615,1.76653,0.394379,1.0999,0,0,0,0,67,69,0,0,0,0,0,traj_sz=100
24.6616,1.76653,0.394379,1.0999,1.79881,0.457368,1.05111,0.122114,67,69,0.070776,0.103646,0.169048,1.20465,0,24.6616
24.6814,1.76696,0.395595,1.1001,0,0,0,0,67,69,0,0,0,0,0,traj_sz=100
24.6815,1.76696,0.395595,1.1001,1.79881,0.457368,1.05111,0.122114,67,69,0.0694976,0.105068,0.163589,1.20342,0,24.6815
24.7015,1.76788,0.397729,1.1017,0,0,0,0,67,69,0,0,0,0,0,traj_sz=100
24.7017,1.76788,0.397729,1.1017,1.79881,0.457368,1.05111,0.122114,67,69,0.0671814,0.105492,0.154778,1.20118,0,24.7017
24.7215,1.76845,0.398776,1.1036,0,0,0,0,67,69,0,0,0,0,0,traj_sz=100
24.7217,1.76845,0.398776,1.1036,1.79881,0.457368,1.05111,0.122114,67,69,0.065989,0.106974,0.150974,1.2,0,24.7217
24.7415,1.76946,0.401136,1.1106,0,0,0,0,67,69,0,0,0,0,0,traj_sz=100
24.7417,1.76946,0.401136,1.1106,1.79881,0.457368,1.05111,0.122114,67,69,0.0634163,0.107131,0.136639,1.19751,0,24.7417
24.7616,1.77135,0.404398,1.11821,0,0,0,0,67,69,0,0,0,0,0,traj_sz=100
24.7618,1.77135,0.404398,1.11821,1.79881,0.457368,1.05111,0.122114,68,69,0.0596431,0.10605,0.152996,1.19377,0,24.7618
24.7815,1.77152,0.405606,1.11874,0,0,0,0,68,69,0,0,0,0,0,traj_sz=100
24.7816,1.77152,0.405606,1.11874,1.79881,0.457368,1.05111,0.122114,68,69,0.0584812,0.10761,0.144834,1.19271,0,24.7816
24.8015,1.77249,0.40777,1.12078,0,0,0,0,68,69,0,0,0,0,0,traj_sz=100
24.8017,1.77249,0.40777,1.12078,1.82106,0.496253,1.10923,0.128346,68,70,0.1008,0.107947,0.137605,1.19041,0,24.8017
24.8216,1.77337,0.410143,1.12274,0,0,0,0,68,70,0,0,0,0,0,traj_sz=100
24.8218,1.77337,0.410143,1.12274,1.82106,0.496253,1.10923,0.128346,68,70,0.0982709,0.108171,0.127564,1.18799,0,24.8218
24.8414,1.77531,0.413101,1.12993,0,0,0,0,68,70,0,0,0,0,0,traj_sz=100
24.8415,1.77531,0.413101,1.12993,1.82106,0.496253,1.10923,0.128346,68,70,0.0947233,0.107265,0.121482,1.18446,0,24.8415
24.8614,1.77531,0.413101,1.12993,0,0,0,0,68,70,0,0,0,0,0,traj_sz=100
24.8616,1.77531,0.413101,1.12993,1.82106,0.496253,1.10923,0.128346,68,70,0.0947233,0.109942,0.121482,1.18446,0,24.8616
24.8816,1.77626,0.41539,1.13245,0,0,0,0,68,70,0,0,0,0,0,traj_sz=100
24.8817,1.77626,0.41539,1.13245,1.82106,0.496253,1.10923,0.128346,68,70,0.0922321,0.110193,0.112597,1.18207,0,24.8817
24.9016,1.77717,0.417517,1.13494,0,0,0,0,68,70,0,0,0,0,0,traj_sz=100
24.9017,1.77717,0.417517,1.13494,1.82106,0.496253,1.10923,0.128346,68,70,0.0899043,0.110581,0.104496,1.17983,0,24.9017
24.9215,1.77727,0.418717,1.13317,0,0,0,0,68,70,0,0,0,0,0,traj_sz=100
24.9217,1.77727,0.418717,1.13317,1.82106,0.496253,1.10923,0.128346,68,70,0.0887871,0.11218,0.0975557,1.17882,0,24.9217
24.9414,1.7791,0.422932,1.14027,0,0,0,0,68,70,0,0,0,0,0,traj_sz=100
24.9415,1.7791,0.422932,1.14027,1.82106,0.496253,1.10923,0.128346,68,70,0.084142,0.110291,0.0799542,1.17437,0,24.9415
24.9615,1.78002,0.424063,1.14137,0,0,0,0,68,70,0,0,0,0,0,traj_sz=100
24.9615,1.78002,0.424063,1.14137,1.82106,0.496253,1.10923,0.128346,68,70,0.0827225,0.111583,0.0813179,1.17292,0,24.9615
24.9815,1.78017,0.425128,1.14147,0,0,0,0,68,70,0,0,0,0,0,traj_sz=100
24.9816,1.78017,0.425128,1.14147,1.82106,0.496253,1.10923,0.128346,68,70,0.081692,0.113395,0.0744358,1.17198,0,24.9816
25.0015,1.78116,0.42742,1.14464,0,0,0,0,68,70,0,0,0,0,0,traj_sz=100
25.0017,1.78116,0.42742,1.14464,1.82106,0.496253,1.10923,0.128346,68,70,0.079172,0.113707,0.0653927,1.16957,0,25.0017
25.0214,1.78208,0.428569,1.14631,0,0,0,0,68,70,0,0,0,0,0,traj_sz=100
25.0215,1.78208,0.428569,1.14631,1.82106,0.496253,1.10923,0.128346,68,70,0.0777318,0.114988,0.0661694,1.1681,0,25.0215
25.0415,1.7836,0.433403,1.1463,0,0,0,0,68,70,0,0,0,0,0,traj_sz=100
25.0416,1.7836,0.433403,1.1463,1.82106,0.496253,1.10923,0.128346,68,70,0.0726987,0.112856,0.0460675,1.16335,0,25.0416
25.0615,1.7836,0.433403,1.1463,0,0,0,0,68,70,0,0,0,0,0,traj_sz=100
25.0616,1.7836,0.433403,1.1463,1.82106,0.496253,1.10923,0.128346,68,70,0.0726987,0.115621,0.0460675,1.16335,0,25.0616
25.0814,1.78498,0.435731,1.15149,0,0,0,0,68,70,0,0,0,0,0,traj_sz=100
25.0815,1.78498,0.435731,1.15149,1.82106,0.496253,1.10923,0.128346,68,70,0.0699664,0.115671,0.0398446,1.16066,0,25.0815
25.1014,1.78599,0.438137,1.15395,0,0,0,0,68,70,0,0,0,0,0,traj_sz=100
25.1015,1.78599,0.438137,1.15395,1.82106,0.496253,1.10923,0.128346,68,70,0.0673386,0.11585,0.030706,1.15815,0,25.1015
25.1215,1.78636,0.439276,1.15595,0,0,0,0,68,70,0,0,0,0,0,traj_sz=100
25.1216,1.78636,0.439276,1.15595,1.82106,0.496253,1.10923,0.128346,68,70,0.0661305,0.117466,0.0242925,1.15702,0,25.1216
25.1415,1.7871,0.441922,1.15472,0,0,0,0,68,70,0,0,0,0,0,traj_sz=100
25.1416,1.7871,0.441922,1.15472,1.82106,0.496253,1.10923,0.128346,69,70,0.0634218,0.117582,0.0547169,1.15448,0,25.1416
25.1614,1.78887,0.4455,1.15842,0,0,0,0,69,70,0,0,0,0,0,traj_sz=100
25.1615,1.78887,0.4455,1.15842,1.84203,0.538412,1.16413,0.131707,69,71,0.106429,0.116349,0.0478128,1.15058,0,25.1615
25.1814,1.78942,0.446697,1.15809,0,0,0,0,69,71,0,0,0,0,0,traj_sz=100
25.1815,1.78942,0.446697,1.15809,1.84203,0.538412,1.16413,0.131707,69,71,0.105115,0.117793,0.0463485,1.14929,0,25.1815
25.2015,1.7901,0.44924,1.15748,0,0,0,0,69,71,0,0,0,0,0,traj_sz=100
25.2016,1.7901,0.44924,1.15748,1.84203,0.538412,1.16413,0.131707,69,71,0.10252,0.118034,0.0367819,1.14688,0,25.2016
25.2215,1.791,0.450304,1.16166,0,0,0,0,69,71,0,0,0,0,0,traj_sz=100
25.2217,1.791,0.450304,1.16166,1.84203,0.538412,1.16413,0.131707,69,71,0.101136,0.119422,0.0368532,1.14548,0,25.2217
25.2415,1.792,0.452727,1.16347,0,0,0,0,69,71,0,0,0,0,0,traj_sz=100
25.2419,1.792,0.452727,1.16347,1.84203,0.538412,1.16413,0.131707,69,71,0.0984926,0.119591,0.0302149,1.14296,0,25.2419
25.2614,1.79344,0.456547,1.1618,0,0,0,0,69,71,0,0,0,0,0,traj_sz=100
25.2615,1.79344,0.456547,1.1618,1.84203,0.538412,1.16413,0.131707,69,71,0.0944356,0.118282,0.0219898,1.13907,0,25.2615
25.2814,1.79372,0.457701,1.16168,0,0,0,0,69,71,0,0,0,0,0,traj_sz=100
25.2815,1.79372,0.457701,1.16168,1.84203,0.538412,1.16413,0.131707,69,71,0.0932663,0.119894,0.0171518,1.13799,0,25.2815
25.3016,1.79475,0.460225,1.16143,0,0,0,0,69,71,0,0,0,0,0,traj_sz=100
25.3017,1.79475,0.460225,1.16143,1.84203,0.538412,1.16413,0.131707,69,71,0.090545,0.119973,0.0119645,1.13537,0,25.3017
25.3217,1.79588,0.462452,1.16395,0,0,0,0,69,71,0,0,0,0,0,traj_sz=100
25.3219,1.79588,0.462452,1.16395,1.84203,0.538412,1.16413,0.131707,69,71,0.0880203,0.120248,0.0078301,1.13293,0,25.3219
25.3415,1.79622,0.463519,1.16388,0,0,0,0,69,71,0,0,0,0,0,traj_sz=100
25.3416,1.79622,0.463519,1.16388,1.84203,0.538412,1.16413,0.131707,69,71,0.0869097,0.121891,0.00430309,1.13188,0,25.3416
25.3614,1.79704,0.466006,1.16273,0,0,0,0,69,71,0,0,0,0,0,traj_sz=100
25.3615,1.79704,0.466006,1.16273,1.84203,0.538412,1.16413,0.131707,69,71,0.0843157,0.122074,-0.00251212,1.12943,0,25.3615
25.3815,1.79802,0.468248,1.1639,0,0,0,0,69,71,0,0,0,0,0,traj_sz=100
25.3816,1.79802,0.468248,1.1639,1.84203,0.538412,1.16413,0.131707,69,71,0.0818541,0.122408,-0.00749912,1.12706,0,25.3816
25.4016,1.79899,0.470765,1.16327,0,0,0,0,69,71,0,0,0,0,0,traj_sz=100
25.4017,1.79899,0.470765,1.16327,1.84203,0.538412,1.16413,0.131707,69,71,0.0791654,0.12252,-0.0130373,1.12449,0,25.4017
25.4215,1.7998,0.471784,1.16692,0,0,0,0,69,71,0,0,0,0,0,traj_sz=100
25.4216,1.7998,0.471784,1.16692,1.84203,0.538412,1.16413,0.131707,69,71,0.077862,0.123982,-0.0133268,1.12318,0,25.4216
25.4414,1.80053,0.474439,1.16615,0,0,0,0,69,71,0,0,0,0,0,traj_sz=100
25.4415,1.80053,0.474439,1.16615,1.84203,0.538412,1.16413,0.131707,69,71,0.0751448,0.124051,-0.0229139,1.12065,0,25.4415
25.4615,1.80185,0.476912,1.16761,0,0,0,0,69,71,0,0,0,0,0,traj_sz=100
25.4617,1.80185,0.476912,1.16761,1.84203,0.538412,1.16413,0.131707,69,71,0.072334,0.124025,-0.0254976,1.1179,0,25.4617
25.4815,1.80287,0.479658,1.16809,0,0,0,0,69,71,0,0,0,0,0,traj_sz=100
25.4816,1.80287,0.479658,1.16809,1.84203,0.538412,1.16413,0.131707,69,71,0.0694,0.123873,-0.0330402,1.11511,0,25.4816
25.5014,1.80356,0.482402,1.16579,0,0,0,0,69,71,0,0,0,0,0,traj_sz=100
25.5015,1.80356,0.482402,1.16579,1.84203,0.538412,1.16413,0.131707,70,71,0.0666364,0.123871,-0.0174149,1.11254,0,25.5015
25.5215,1.80441,0.483755,1.16836,0,0,0,0,70,71,0,0,0,0,0,traj_sz=100
25.5216,1.80441,0.483755,1.16836,1.84203,0.538412,1.16413,0.131707,70,71,0.0650241,0.125048,-0.0173394,1.11096,0,25.5216
25.5416,1.80666,0.489249,1.16845,0,0,0,0,70,71,0,0,0,0,0,traj_sz=100
25.5417,1.80666,0.489249,1.16845,1.86114,0.58279,1.21269,0.132753,70,72,0.107406,0.121904,-0.0239777,1.10527,0,25.5417
25.5616,1.80688,0.490764,1.16476,0,0,0,0,70,72,0,0,0,0,0,traj_sz=100
25.5618,1.80688,0.490764,1.16476,1.86114,0.58279,1.21269,0.132753,70,72,0.105973,0.123213,-0.0277174,1.10395,0,25.5618
25.5815,1.80764,0.492066,1.16732,0,0,0,0,70,72,0,0,0,0,0,traj_sz=100
25.5816,1.80764,0.492066,1.16732,1.86114,0.58279,1.21269,0.132753,70,72,0.104445,0.124439,-0.0286254,1.10246,0,25.5816
25.6014,1.80863,0.495084,1.16522,0,0,0,0,70,72,0,0,0,0,0,traj_sz=100
25.6015,1.80863,0.495084,1.16522,1.86114,0.58279,1.21269,0.132753,70,72,0.101307,0.124032,-0.0335157,1.09949,0,25.6015
25.6215,1.81011,0.49762,1.17099,0,0,0,0,70,72,0,0,0,0,0,traj_sz=100
25.6216,1.81011,0.49762,1.17099,1.86114,0.58279,1.21269,0.132753,70,72,0.0983144,0.123864,-0.035758,1.09658,0,25.6216
25.6415,1.81165,0.501865,1.16856,0,0,0,0,70,72,0,0,0,0,0,traj_sz=100
25.6416,1.81165,0.501865,1.16856,1.86114,0.58279,1.21269,0.132753,70,72,0.0938415,0.122133,-0.041335,1.09232,0,25.6416
25.6615,1.81195,0.503279,1.16667,0,0,0,0,70,72,0,0,0,0,0,traj_sz=100
25.6616,1.81195,0.503279,1.16667,1.86114,0.58279,1.21269,0.132753,70,72,0.092448,0.123478,-0.0449808,1.09103,0,25.6616
25.6816,1.81265,0.504592,1.16907,0,0,0,0,70,72,0,0,0,0,0,traj_sz=100
25.6817,1.81265,0.504592,1.16907,1.86114,0.58279,1.21269,0.132753,70,72,0.0909317,0.124738,-0.0465133,1.08957,0,25.6817
25.7016,1.81402,0.50728,1.16991,0,0,0,0,70,72,0,0,0,0,0,traj_sz=100
25.7017,1.81402,0.50728,1.16991,1.86114,0.58279,1.21269,0.132753,70,72,0.0879124,0.124443,-0.0468947,1.08662,0,25.7017
25.7215,1.81396,0.50868,1.1662,0,0,0,0,70,72,0,0,0,0,0,traj_sz=100
25.7218,1.81396,0.50868,1.1662,1.86114,0.58279,1.21269,0.132753,70,72,0.0866999,0.125932,-0.0537272,1.08558,0,25.7218
25.7414,1.81657,0.513855,1.16935,0,0,0,0,70,72,0,0,0,0,0,traj_sz=100
25.7414,1.81657,0.513855,1.16935,1.86114,0.58279,1.21269,0.132753,70,72,0.080871,0.122814,-0.056046,1.07992,0,25.7414
25.7616,1.81652,0.515355,1.16573,0,0,0,0,70,72,0,0,0,0,0,traj_sz=100
25.7617,1.81652,0.515355,1.16573,1.86114,0.58279,1.21269,0.132753,70,72,0.0795611,0.12423,-0.0634365,1.07878,0,25.7617
25.7815,1.81751,0.516519,1.16867,0,0,0,0,70,72,0,0,0,0,0,traj_sz=100
25.7818,1.81751,0.516519,1.16867,1.86114,0.58279,1.21269,0.132753,70,72,0.0780584,0.125456,-0.0605301,1.07725,0,25.7818
25.8015,1.81844,0.519119,1.16743,0,0,0,0,70,72,0,0,0,0,0,traj_sz=100
25.8016,1.81844,0.519119,1.16743,1.86114,0.58279,1.21269,0.132753,70,72,0.0753197,0.125419,-0.0642931,1.07465,0,25.8016
25.8215,1.81882,0.520513,1.16505,0,0,0,0,70,72,0,0,0,0,0,traj_sz=100
25.8216,1.81882,0.520513,1.16505,1.86114,0.58279,1.21269,0.132753,70,72,0.0739224,0.126703,-0.0663563,1.07334,0,25.8216
25.8414,1.82095,0.525521,1.16529,0,0,0,0,70,72,0,0,0,0,0,traj_sz=100
25.8415,1.82095,0.525521,1.16529,1.86114,0.58279,1.21269,0.132753,71,72,0.0684798,0.123972,-0.0594872,1.06812,0,25.8415
25.8614,1.82095,0.525521,1.16529,0,0,0,0,71,72,0,0,0,0,0,traj_sz=100
25.8615,1.82095,0.525521,1.16529,1.86114,0.58279,1.21269,0.132753,71,72,0.0684798,0.126681,-0.0594872,1.06812,0,25.8615
25.8815,1.82197,0.528026,1.16525,0,0,0,0,71,72,0,0,0,0,0,traj_sz=100
25.8817,1.82197,0.528026,1.16525,1.86114,0.58279,1.21269,0.132753,71,72,0.0657737,0.126711,-0.0601856,1.06553,0,25.8817
25.9015,1.8232,0.530542,1.1647,0,0,0,0,71,72,0,0,0,0,0,traj_sz=100
25.9016,1.8232,0.530542,1.1647,1.87821,0.628403,1.25261,0.132183,71,73,0.111631,0.126614,-0.0577147,1.06281,0,25.9016
25.9215,1.82368,0.531744,1.16608,0,0,0,0,71,73,0,0,0,0,0,traj_sz=100
25.9217,1.82368,0.531744,1.16608,1.87821,0.628403,1.25261,0.132183,71,73,0.110323,0.128029,-0.0595295,1.06158,0,25.9217
25.9415,1.82554,0.536857,1.16161,0,0,0,0,71,73,0,0,0,0,0,traj_sz=100
25.9417,1.82554,0.536857,1.16161,1.87821,0.628403,1.25261,0.132183,71,73,0.104944,0.125318,-0.060176,1.05646,0,25.9417
25.9616,1.82554,0.536857,1.16161,0,0,0,0,71,73,0,0,0,0,0,traj_sz=100
25.9617,1.82554,0.536857,1.16161,1.87821,0.628403,1.25261,0.132183,71,73,0.104944,0.128028,-0.060176,1.05646,0,25.9617
25.9815,1.82638,0.539521,1.15926,0,0,0,0,71,73,0,0,0,0,0,traj_sz=100
25.9816,1.82638,0.539521,1.15926,1.87821,0.628403,1.25261,0.132183,71,73,0.102195,0.127947,-0.0623568,1.05387,0,25.9816
26.0015,1.82755,0.541952,1.1585,0,0,0,0,71,73,0,0,0,0,0,traj_sz=100
26.0016,1.82755,0.541952,1.1585,1.87821,0.628403,1.25261,0.132183,71,73,0.0995091,0.127956,-0.0599891,1.05126,0,26.0016
26.0216,1.82823,0.543102,1.16136,0,0,0,0,71,73,0,0,0,0,0,traj_sz=100
26.0218,1.82823,0.543102,1.16136,1.87821,0.628403,1.25261,0.132183,71,73,0.0981474,0.129349,-0.0599629,1.04993,0,26.0218
26.0415,1.82931,0.54572,1.15962,0,0,0,0,71,73,0,0,0,0,0,traj_sz=100
26.0417,1.82931,0.54572,1.15962,1.87821,0.628403,1.25261,0.132183,71,73,0.0953361,0.129208,-0.0590461,1.04723,0,26.0417
26.0616,1.83041,0.548449,1.15872,0,0,0,0,71,73,0,0,0,0,0,traj_sz=100
26.0617,1.83041,0.548449,1.15872,1.87821,0.628403,1.25261,0.132183,71,73,0.092408,0.128942,-0.0593404,1.04443,0,26.0617
26.0815,1.83157,0.550924,1.15756,0,0,0,0,71,73,0,0,0,0,0,traj_sz=100
26.0816,1.83157,0.550924,1.15756,1.87821,0.628403,1.25261,0.132183,71,73,0.0896874,0.128844,-0.0569533,1.04179,0,26.0816
26.1015,1.83268,0.553573,1.15673,0,0,0,0,71,73,0,0,0,0,0,traj_sz=100
26.1016,1.83268,0.553573,1.15673,1.87821,0.628403,1.25261,0.132183,71,73,0.0868255,0.128629,-0.0566198,1.03904,0,26.1016
26.1216,1.83285,0.554935,1.15346,0,0,0,0,71,73,0,0,0,0,0,traj_sz=100
26.1217,1.83285,0.554935,1.15346,1.87821,0.628403,1.25261,0.132183,71,73,0.0855495,0.129971,-0.0594608,1.03789,0,26.1217
26.1415,1.83499,0.560232,1.15098,0,0,0,0,71,73,0,0,0,0,0,traj_sz=100
26.1415,1.83499,0.560232,1.15098,1.87821,0.628403,1.25261,0.132183,71,73,0.0798662,0.126886,-0.0590664,1.03246,0,26.1415
26.1614,1.83589,0.561396,1.15392,0,0,0,0,71,73,0,0,0,0,0,traj_sz=100
26.1615,1.83589,0.561396,1.15392,1.87821,0.628403,1.25261,0.132183,71,73,0.0784045,0.128116,-0.0563017,1.03099,0,26.1615
26.1815,1.83626,0.562725,1.15198,0,0,0,0,71,73,0,0,0,0,0,traj_sz=100
26.1817,1.83626,0.562725,1.15198,1.87821,0.628403,1.25261,0.132183,71,73,0.0770595,0.129422,-0.0572484,1.02973,0,26.1817
26.2015,1.83745,0.565458,1.15089,0,0,0,0,71,73,0,0,0,0,0,traj_sz=100
26.2017,1.83745,0.565458,1.15089,1.87821,0.628403,1.25261,0.132183,71,73,0.0740927,0.129091,-0.0561331,1.02688,0,26.2017
26.2215,1.83799,0.566669,1.15139,0,0,0,0,71,73,0,0,0,0,0,traj_sz=100
26.2216,1.83799,0.566669,1.15139,1.87821,0.628403,1.25261,0.132183,72,73,0.0727608,0.130406,-0.0541826,1.0256,0,26.2216
26.2414,1.83982,0.572045,1.14708,0,0,0,0,72,73,0,0,0,0,0,traj_sz=100
26.2414,1.83982,0.572045,1.14708,1.87821,0.628403,1.25261,0.132183,72,73,0.0671601,0.127364,-0.0529618,1.02032,0,26.2414
26.2616,1.83982,0.572045,1.14708,0,0,0,0,72,73,0,0,0,0,0,traj_sz=100
26.2617,1.83982,0.572045,1.14708,1.87821,0.628403,1.25261,0.132183,72,73,0.0671601,0.130053,-0.0529618,1.02032,0,26.2617
26.2816,1.84125,0.574676,1.14748,0,0,0,0,72,73,0,0,0,0,0,traj_sz=100
26.2817,1.84125,0.574676,1.14748,1.89338,0.674463,1.28241,0.130748,72,74,0.112392,0.129717,-0.0469545,1.01739,0,26.2817
26.3014,1.84242,0.57736,1.14627,0,0,0,0,72,74,0,0,0,0,0,traj_sz=100
26.3015,1.84242,0.57736,1.14627,1.89338,0.674463,1.28241,0.130748,72,74,0.109472,0.129418,-0.0435546,1.01458,0,26.3015
26.3215,1.84295,0.578727,1.14508,0,0,0,0,72,74,0,0,0,0,0,traj_sz=100
26.3216,1.84295,0.578727,1.14508,1.89338,0.674463,1.28241,0.130748,72,74,0.108016,0.130622,-0.0422434,1.0132,0,26.3216
26.3415,1.84381,0.581449,1.14256,0,0,0,0,72,74,0,0,0,0,0,traj_sz=100
26.3417,1.84381,0.581449,1.14256,1.89338,0.674463,1.28241,0.130748,72,74,0.105201,0.130428,-0.0422631,1.01057,0,26.3417
26.3615,1.84488,0.583677,1.13542,0,0,0,0,72,74,0,0,0,0,0,traj_sz=100
26.3617,1.84488,0.583677,1.13542,1.89338,0.674463,1.28241,0.130748,72,74,0.102772,0.130618,-0.0325069,1.00818,0,26.3617
26.3816,1.8457,0.586466,1.13787,0,0,0,0,72,74,0,0,0,0,0,traj_sz=100
26.3817,1.8457,0.586466,1.13787,1.89338,0.674463,1.28241,0.130748,72,74,0.0998804,0.13036,-0.0377899,1.00553,0,26.3817
26.4015,1.84705,0.58897,1.13273,0,0,0,0,72,74,0,0,0,0,0,traj_sz=100
26.4016,1.84705,0.58897,1.13273,1.89338,0.674463,1.28241,0.130748,72,74,0.0970726,0.13018,-0.0273884,1.00275,0,26.4016
26.4215,1.84784,0.590406,1.13846,0,0,0,0,72,74,0,0,0,0,0,traj_sz=100
26.4216,1.84784,0.590406,1.13846,1.89338,0.674463,1.28241,0.130748,72,74,0.0954033,0.131187,-0.0289815,1.00115,0,26.4216
26.4415,1.84891,0.593233,1.13598,0,0,0,0,72,74,0,0,0,0,0,traj_sz=100
26.4416,1.84891,0.593233,1.13598,1.89338,0.674463,1.28241,0.130748,72,74,0.0924058,0.130753,-0.0266736,0.998309,0,26.4416
26.4615,1.85004,0.595736,1.13208,0,0,0,0,72,74,0,0,0,0,0,traj_sz=100
26.4617,1.85004,0.595736,1.13208,1.89338,0.674463,1.28241,0.130748,72,74,0.0896832,0.130622,-0.0204471,0.995675,0,26.4617
26.4816,1.85131,0.598742,1.13481,0,0,0,0,72,74,0,0,0,0,0,traj_sz=100
26.4817,1.85131,0.598742,1.13481,1.89338,0.674463,1.28241,0.130748,72,74,0.0864027,0.129958,-0.0207668,0.992564,0,26.4817
26.5015,1.85212,0.60152,1.13218,0,0,0,0,72,74,0,0,0,0,0,traj_sz=100
26.5017,1.85212,0.60152,1.13218,1.89338,0.674463,1.28241,0.130748,72,74,0.0835592,0.129648,-0.0216272,0.989932,0,26.5017
26.5215,1.85288,0.602888,1.13309,0,0,0,0,72,74,0,0,0,0,0,traj_sz=100
26.5218,1.85288,0.602888,1.13309,1.89338,0.674463,1.28241,0.130748,72,74,0.0819963,0.130715,-0.0190701,0.988407,0,26.5218
26.5414,1.85555,0.608571,1.13309,0,0,0,0,72,74,0,0,0,0,0,traj_sz=100
26.5415,1.85555,0.608571,1.13309,1.89338,0.674463,1.28241,0.130748,72,74,0.0757129,0.127019,-0.0113139,0.982358,0,26.5415
26.5615,1.85555,0.608571,1.13309,0,0,0,0,72,74,0,0,0,0,0,traj_sz=100
26.5617,1.85555,0.608571,1.13309,1.89338,0.674463,1.28241,0.130748,72,74,0.0757129,0.129636,-0.0113139,0.982358,0,26.5617
26.5814,1.85661,0.61128,1.1312,0,0,0,0,72,74,0,0,0,0,0,traj_sz=100
26.5815,1.85661,0.61128,1.1312,1.89338,0.674463,1.28241,0.130748,73,74,0.0728228,0.129299,-0.0147587,0.979619,0,26.5815
26.6015,1.85775,0.613999,1.1307,0,0,0,0,73,74,0,0,0,0,0,traj_sz=100
26.6017,1.85775,0.613999,1.1307,1.89338,0.674463,1.28241,0.130748,73,74,0.0698802,0.128963,-0.0108173,0.97682,0,26.6017
26.6216,1.85851,0.615395,1.13099,0,0,0,0,73,74,0,0,0,0,0,traj_sz=100
26.6217,1.85851,0.615395,1.13099,1.89338,0.674463,1.28241,0.130748,73,74,0.0682923,0.130001,-0.00684011,0.97527,0,26.6217
26.6415,1.86086,0.620849,1.12981,0,0,0,0,73,74,0,0,0,0,0,traj_sz=100
26.6415,1.86086,0.620849,1.12981,1.90702,0.72045,1.30131,0.129076,73,75,0.109775,0.126648,0.00206297,0.96962,0,26.6415
26.6614,1.8613,0.62232,1.12904,0,0,0,0,73,75,0,0,0,0,0,traj_sz=100
26.6615,1.8613,0.62232,1.12904,1.90702,0.72045,1.30131,0.129076,73,75,0.108256,0.127709,0.00213378,0.968223,0,26.6615
26.6815,1.86204,0.623696,1.12845,0,0,0,0,73,75,0,0,0,0,0,traj_sz=100
26.6817,1.86204,0.623696,1.12845,1.90702,0.72045,1.30131,0.129076,73,75,0.106694,0.128773,0.00682955,0.966698,0,26.6817
26.7015,1.86333,0.626366,1.12895,0,0,0,0,73,75,0,0,0,0,0,traj_sz=100
26.7016,1.86333,0.626366,1.12895,1.90702,0.72045,1.30131,0.129076,73,75,0.103731,0.12842,0.0121352,0.963844,0,26.7016
26.7214,1.86381,0.62773,1.12733,0,0,0,0,73,75,0,0,0,0,0,traj_sz=100
26.7215,1.86381,0.62773,1.12733,1.90702,0.72045,1.30131,0.129076,73,75,0.10229,0.129557,0.0141074,0.962501,0,26.7215
26.7415,1.865,0.630631,1.12706,0,0,0,0,73,75,0,0,0,0,0,traj_sz=100
26.7417,1.865,0.630631,1.12706,1.90702,0.72045,1.30131,0.129076,73,75,0.0991595,0.129041,0.017663,0.959539,0,26.7417
26.7616,1.86642,0.633387,1.1262,0,0,0,0,73,75,0,0,0,0,0,traj_sz=100
26.7617,1.86642,0.633387,1.1262,1.90702,0.72045,1.30131,0.129076,73,75,0.0960629,0.128582,0.0256464,0.956537,0,26.7617
26.7815,1.86752,0.636064,1.12515,0,0,0,0,73,75,0,0,0,0,0,traj_sz=100
26.7816,1.86752,0.636064,1.12515,1.90702,0.72045,1.30131,0.129076,73,75,0.0931713,0.128279,0.0297437,0.953802,0,26.7816
26.8015,1.86876,0.638925,1.12381,0,0,0,0,73,75,0,0,0,0,0,traj_sz=100
26.8016,1.86876,0.638925,1.12381,1.90702,0.72045,1.30131,0.129076,73,75,0.0900529,0.127711,0.0352383,0.950836,0,26.8016
26.8214,1.86945,0.640243,1.12421,0,0,0,0,73,75,0,0,0,0,0,traj_sz=100
26.8215,1.86945,0.640243,1.12421,1.90702,0.72045,1.30131,0.129076,73,75,0.0885671,0.128784,0.0384843,0.949394,0,26.8215
26.8415,1.87066,0.642958,1.12505,0,0,0,0,73,75,0,0,0,0,0,traj_sz=100
26.8417,1.87066,0.642958,1.12505,1.90702,0.72045,1.30131,0.129076,73,75,0.0855948,0.128385,0.0422904,0.946559,0,26.8417
26.8615,1.87254,0.647009,1.12322,0,0,0,0,73,75,0,0,0,0,0,traj_sz=100
26.8616,1.87254,0.647009,1.12322,1.90702,0.72045,1.30131,0.129076,73,75,0.0811307,0.126492,0.0516013,0.942288,0,26.8616
26.8815,1.87276,0.648548,1.11966,0,0,0,0,73,75,0,0,0,0,0,traj_sz=100
26.8816,1.87276,0.648548,1.11966,1.90702,0.72045,1.30131,0.129076,73,75,0.0796446,0.127505,0.0508176,0.94099,0,26.8816
26.9015,1.87418,0.65103,1.12276,0,0,0,0,73,75,0,0,0,0,0,traj_sz=100
26.9017,1.87418,0.65103,1.12276,1.90702,0.72045,1.30131,0.129076,73,75,0.0767931,0.127268,0.0566319,0.938193,0,26.9017
26.9215,1.87451,0.652477,1.11905,0,0,0,0,73,75,0,0,0,0,0,traj_sz=100
26.9217,1.87451,0.652477,1.11905,1.90702,0.72045,1.30131,0.129076,73,75,0.075347,0.128333,0.0577941,0.936898,0,26.9217
26.9415,1.87594,0.654886,1.12248,0,0,0,0,73,75,0,0,0,0,0,traj_sz=100
26.9417,1.87594,0.654886,1.12248,1.90702,0.72045,1.30131,0.129076,74,75,0.0725556,0.128158,0.0495227,0.934148,0,26.9417
26.9615,1.87693,0.65768,1.1201,0,0,0,0,74,75,0,0,0,0,0,traj_sz=100
26.9616,1.87693,0.65768,1.1201,1.90702,0.72045,1.30131,0.129076,74,75,0.06961,0.127737,0.0539215,0.931411,0,26.9616
26.9814,1.87828,0.660183,1.12126,0,0,0,0,74,75,0,0,0,0,0,traj_sz=100
26.9816,1.87828,0.660183,1.12126,1.90702,0.72045,1.30131,0.129076,74,75,0.066767,0.127492,0.0616883,0.928644,0,26.9816
27.0015,1.87927,0.662768,1.12085,0,0,0,0,74,75,0,0,0,0,0,traj_sz=100
27.0016,1.87927,0.662768,1.12085,1.91963,0.766095,1.30894,0.127646,74,76,0.110595,0.127279,0.065263,0.926061,0,27.0016
27.0214,1.8801,0.663986,1.12209,0,0,0,0,74,76,0,0,0,0,0,traj_sz=100
27.0215,1.8801,0.663986,1.12209,1.91963,0.766095,1.30894,0.127646,74,76,0.109148,0.128409,0.0708662,0.924602,0,27.0215
27.0417,1.88198,0.669195,1.12093,0,0,0,0,74,76,0,0,0,0,0,traj_sz=100
27.0417,1.88198,0.669195,1.12093,1.91963,0.766095,1.30894,0.127646,74,76,0.103629,0.125455,0.0767669,0.919478,0,27.0417
27.0616,1.88198,0.669195,1.12093,0,0,0,0,74,76,0,0,0,0,0,traj_sz=100
27.0618,1.88198,0.669195,1.12093,1.91963,0.766095,1.30894,0.127646,74,76,0.103629,0.128006,0.0767669,0.919478,0,27.0618
27.0815,1.88327,0.671715,1.12181,0,0,0,0,74,76,0,0,0,0,0,traj_sz=100
27.0816,1.88327,0.671715,1.12181,1.91963,0.766095,1.30894,0.127646,74,76,0.100806,0.127746,0.0837778,0.916744,0,27.0816
27.1015,1.88443,0.674208,1.12264,0,0,0,0,74,76,0,0,0,0,0,traj_sz=100
27.1016,1.88443,0.674208,1.12264,1.91963,0.766095,1.30894,0.127646,74,76,0.0980671,0.12758,0.0889584,0.914126,0,27.1016
27.1214,1.88508,0.67547,1.12406,0,0,0,0,74,76,0,0,0,0,0,traj_sz=100
27.1215,1.88508,0.67547,1.12406,1.91963,0.766095,1.30894,0.127646,74,76,0.09666,0.128725,0.0916295,0.912756,0,27.1215
27.1415,1.88709,0.680562,1.12585,0,0,0,0,74,76,0,0,0,0,0,traj_sz=100
27.1416,1.88709,0.680562,1.12585,1.91963,0.766095,1.30894,0.127646,74,76,0.0912106,0.125828,0.097258,0.907638,0,27.1416
27.1615,1.88798,0.681864,1.12503,0,0,0,0,74,76,0,0,0,0,0,traj_sz=100
27.1616,1.88798,0.681864,1.12503,1.91963,0.766095,1.30894,0.127646,74,76,0.0896481,0.12686,0.105188,0.90608,0,27.1616
27.1815,1.88817,0.683193,1.12252,0,0,0,0,74,76,0,0,0,0,0,traj_sz=100
27.1816,1.88817,0.683193,1.12252,1.91963,0.766095,1.30894,0.127646,74,76,0.088347,0.128041,0.104523,0.90497,0,27.1816
27.2016,1.8894,0.685846,1.12361,0,0,0,0,74,76,0,0,0,0,0,traj_sz=100
27.2017,1.8894,0.685846,1.12361,1.91963,0.766095,1.30894,0.127646,74,76,0.0854295,0.127679,0.109978,0.902181,0,27.2017
27.2215,1.89021,0.687063,1.12627,0,0,0,0,74,76,0,0,0,0,0,traj_sz=100
27.2216,1.89021,0.687063,1.12627,1.91963,0.766095,1.30894,0.127646,74,76,0.0840009,0.128794,0.114069,0.900736,0,27.2216
27.2415,1.89126,0.68974,1.12752,0,0,0,0,74,76,0,0,0,0,0,traj_sz=100
27.2416,1.89126,0.68974,1.12752,1.91963,0.766095,1.30894,0.127646,74,76,0.0811411,0.128444,0.116635,0.898055,0,27.2416
27.2614,1.89274,0.692291,1.12927,0,0,0,0,74,76,0,0,0,0,0,traj_sz=100
27.2617,1.89274,0.692291,1.12927,1.91963,0.766095,1.30894,0.127646,74,76,0.0782174,0.128109,0.125387,0.89518,0,27.2617
27.2814,1.89377,0.695031,1.12897,0,0,0,0,74,76,0,0,0,0,0,traj_sz=100
27.2815,1.89377,0.695031,1.12897,1.91963,0.766095,1.30894,0.127646,74,76,0.0752965,0.12769,0.128828,0.892466,0,27.2815
27.3014,1.89484,0.69746,1.13077,0,0,0,0,74,76,0,0,0,0,0,traj_sz=100
27.3015,1.89484,0.69746,1.13077,1.91963,0.766095,1.30894,0.127646,74,76,0.0726542,0.127575,0.132259,0.889956,0,27.3015
27.3215,1.89544,0.698861,1.13159,0,0,0,0,74,76,0,0,0,0,0,traj_sz=100
27.3217,1.89544,0.698861,1.13159,1.91963,0.766095,1.30894,0.127646,74,76,0.07114,0.128598,0.134082,0.888525,0,27.3217
27.3415,1.8964,0.701627,1.13032,0,0,0,0,74,76,0,0,0,0,0,traj_sz=100
27.3416,1.8964,0.701627,1.13032,1.91963,0.766095,1.30894,0.127646,75,76,0.0682176,0.12819,0.115766,0.885842,0,27.3416
27.3614,1.89843,0.705242,1.13727,0,0,0,0,75,76,0,0,0,0,0,traj_sz=100
27.3615,1.89843,0.705242,1.13727,1.93176,0.811328,1.30519,0.126669,75,77,0.110271,0.126658,0.124433,0.881813,0,27.3615
27.3814,1.89853,0.706833,1.13231,0,0,0,0,75,77,0,0,0,0,0,traj_sz=100
27.3816,1.89853,0.706833,1.13231,1.93176,0.811328,1.30519,0.126669,75,77,0.108716,0.127627,0.123979,0.880583,0,27.3816
27.4015,1.90008,0.709302,1.1369,0,0,0,0,75,77,0,0,0,0,0,traj_sz=100
27.4016,1.90008,0.709302,1.1369,1.93176,0.811328,1.30519,0.126669,75,77,0.10589,0.127358,0.132339,0.877723,0,27.4016
27.4214,1.90058,0.710532,1.13803,0,0,0,0,75,77,0,0,0,0,0,traj_sz=100
27.4215,1.90058,0.710532,1.13803,1.93176,0.811328,1.30519,0.126669,75,77,0.104579,0.128547,0.133674,0.876483,0,27.4215
27.4414,1.90296,0.715722,1.14117,0,0,0,0,75,77,0,0,0,0,0,traj_sz=100
27.4414,1.90296,0.715722,1.14117,1.93176,0.811328,1.30519,0.126669,75,77,0.0989151,0.125417,0.144467,0.871073,0,27.4414
27.4615,1.90296,0.715722,1.14117,0,0,0,0,75,77,0,0,0,0,0,traj_sz=100
27.4616,1.90296,0.715722,1.14117,1.93176,0.811328,1.30519,0.126669,75,77,0.0989151,0.127958,0.144467,0.871073,0,27.4616
27.4815,1.90366,0.718578,1.13858,0,0,0,0,75,77,0,0,0,0,0,traj_sz=100
27.4817,1.90366,0.718578,1.13858,1.93176,0.811328,1.30519,0.126669,75,77,0.0959899,0.127548,0.145582,0.868511,0,27.4817
27.5014,1.90523,0.72095,1.14467,0,0,0,0,75,77,0,0,0,0,0,traj_sz=100
27.5015,1.90523,0.72095,1.14467,1.93176,0.811328,1.30519,0.126669,75,77,0.0932613,0.127337,0.153331,0.86571,0,27.5015
27.5214,1.90622,0.723676,1.14408,0,0,0,0,75,77,0,0,0,0,0,traj_sz=100
27.5215,1.90622,0.723676,1.14408,1.93176,0.811328,1.30519,0.126669,75,77,0.090362,0.126964,0.157273,0.86305,0,27.5215
27.5415,1.90655,0.724976,1.14468,0,0,0,0,75,77,0,0,0,0,0,traj_sz=100
27.5416,1.90655,0.724976,1.14468,1.93176,0.811328,1.30519,0.126669,75,77,0.0890498,0.128141,0.156309,0.861879,0,27.5416
27.5614,1.90813,0.728912,1.14483,0,0,0,0,75,77,0,0,0,0,0,traj_sz=100
27.5616,1.90813,0.728912,1.14483,1.93176,0.811328,1.30519,0.126669,75,77,0.0848167,0.126431,0.163224,0.857942,0,27.5616
27.5816,1.90906,0.730171,1.14712,0,0,0,0,75,77,0,0,0,0,0,traj_sz=100
27.5817,1.90906,0.730171,1.14712,1.93176,0.811328,1.30519,0.126669,75,77,0.0833142,0.127487,0.169618,0.856388,0,27.5817
27.6015,1.90973,0.732851,1.14717,0,0,0,0,75,77,0,0,0,0,0,traj_sz=100
27.6016,1.90973,0.732851,1.14717,1.93176,0.811328,1.30519,0.126669,75,77,0.0805942,0.127216,0.168647,0.853983,0,27.6016
27.6215,1.91073,0.73413,1.14986,0,0,0,0,75,77,0,0,0,0,0,traj_sz=100
27.6217,1.91073,0.73413,1.14986,1.93176,0.811328,1.30519,0.126669,75,77,0.0790535,0.128227,0.175454,0.852372,0,27.6217
27.6414,1.91288,0.739513,1.15354,0,0,0,0,75,77,0,0,0,0,0,traj_sz=100
27.6415,1.91288,0.739513,1.15354,1.93176,0.811328,1.30519,0.126669,75,77,0.0733051,0.124947,0.181779,0.846998,0,27.6415
27.6614,1.91288,0.739513,1.15354,0,0,0,0,75,77,0,0,0,0,0,traj_sz=100
27.6615,1.91288,0.739513,1.15354,1.93176,0.811328,1.30519,0.126669,75,77,0.0733051,0.127459,0.181779,0.846998,0,27.6615
27.6814,1.91408,0.742279,1.15469,0,0,0,0,75,77,0,0,0,0,0,traj_sz=100
27.6815,1.91408,0.742279,1.15469,1.93176,0.811328,1.30519,0.126669,75,77,0.0703025,0.126974,0.187088,0.844171,0,27.6815
27.7014,1.91531,0.744959,1.15677,0,0,0,0,75,77,0,0,0,0,0,traj_sz=100
27.7016,1.91531,0.744959,1.15677,1.93176,0.811328,1.30519,0.126669,76,77,0.0673788,0.126586,0.162409,0.841389,0,27.7016
27.7215,1.91587,0.746274,1.1599,0,0,0,0,76,77,0,0,0,0,0,traj_sz=100
27.7217,1.91587,0.746274,1.1599,1.93176,0.811328,1.30519,0.126669,76,77,0.0659865,0.127681,0.162578,0.840056,0,27.7217
27.7415,1.91655,0.748969,1.15932,0,0,0,0,76,77,0,0,0,0,0,traj_sz=100
27.7417,1.91655,0.748969,1.15932,1.93176,0.811328,1.30519,0.126669,76,77,0.0632379,0.127408,0.162452,0.837648,0,27.7417
27.7614,1.91815,0.752871,1.16269,0,0,0,0,76,77,0,0,0,0,0,traj_sz=100
27.7616,1.91815,0.752871,1.16269,1.94395,0.856169,1.28997,0.126136,76,78,0.105055,0.125715,0.16745,0.833736,0,27.7616
27.7815,1.91884,0.75412,1.16585,0,0,0,0,76,78,0,0,0,0,0,traj_sz=100
27.7817,1.91884,0.75412,1.16585,1.94395,0.856169,1.28997,0.126136,76,78,0.103688,0.126846,0.169793,0.832358,0,27.7817
27.8015,1.9195,0.756898,1.1656,0,0,0,0,76,78,0,0,0,0,0,traj_sz=100
27.8017,1.9195,0.756898,1.1656,1.94395,0.856169,1.28997,0.126136,76,78,0.10087,0.126497,0.168797,0.829909,0,27.8017
27.8215,1.9205,0.758132,1.17065,0,0,0,0,76,78,0,0,0,0,0,traj_sz=100
27.8216,1.9205,0.758132,1.17065,1.94395,0.856169,1.28997,0.126136,76,78,0.0994286,0.12754,0.173904,0.82833,0,27.8216
27.8414,1.92215,0.763498,1.17295,0,0,0,0,76,78,0,0,0,0,0,traj_sz=100
27.8414,1.92215,0.763498,1.17295,1.94395,0.856169,1.28997,0.126136,76,78,0.0938798,0.124418,0.174907,0.823345,0,27.8414
27.8615,1.92275,0.764778,1.17545,0,0,0,0,76,78,0,0,0,0,0,traj_sz=100
27.8616,1.92275,0.764778,1.17545,1.94395,0.856169,1.28997,0.126136,76,78,0.0925054,0.125554,0.176436,0.82201,0,27.8616
27.8815,1.92354,0.765895,1.17887,0,0,0,0,76,78,0,0,0,0,0,traj_sz=100
27.8816,1.92354,0.765895,1.17887,1.94395,0.856169,1.28997,0.126136,76,78,0.0912245,0.126773,0.180467,0.82066,0,27.8816
27.9015,1.9242,0.768405,1.17962,0,0,0,0,76,78,0,0,0,0,0,traj_sz=100
27.9017,1.9242,0.768405,1.17962,1.94395,0.856169,1.28997,0.126136,76,78,0.0886641,0.126684,0.179611,0.818411,0,27.9017
27.9215,1.92501,0.770827,1.18068,0,0,0,0,76,78,0,0,0,0,0,traj_sz=100
27.9216,1.92501,0.770827,1.18068,1.94395,0.856169,1.28997,0.126136,76,78,0.0861329,0.126631,0.180953,0.816122,0,27.9216
27.9415,1.92572,0.772045,1.18488,0,0,0,0,76,78,0,0,0,0,0,traj_sz=100
27.9417,1.92572,0.772045,1.18488,1.94395,0.856169,1.28997,0.126136,76,78,0.0848001,0.127774,0.18269,0.81476,0,27.9417
27.9614,1.92699,0.775692,1.18482,0,0,0,0,76,78,0,0,0,0,0,traj_sz=100
27.9616,1.92699,0.775692,1.18482,1.94395,0.856169,1.28997,0.126136,76,78,0.0809412,0.126414,0.187025,0.811277,0,27.9616
27.9815,1.9276,0.777085,1.1898,0,0,0,0,76,78,0,0,0,0,0,traj_sz=100
27.9816,1.9276,0.777085,1.1898,1.94395,0.856169,1.28997,0.126136,76,78,0.0794949,0.127409,0.185912,0.809864,0,27.9816
28.0015,1.9285,0.779776,1.19224,0,0,0,0,76,78,0,0,0,0,0,traj_sz=100
28.0016,1.9285,0.779776,1.19224,1.94395,0.856169,1.28997,0.126136,76,78,0.076695,0.127074,0.18636,0.807322,0,28.0016
28.0214,1.92932,0.782277,1.19312,0,0,0,0,76,78,0,0,0,0,0,traj_sz=100
28.0216,1.92932,0.782277,1.19312,1.94395,0.856169,1.28997,0.126136,76,78,0.0740807,0.126937,0.187683,0.804978,0,28.0216
28.0414,1.93077,0.785882,1.19573,0,0,0,0,76,78,0,0,0,0,0,traj_sz=100
28.0415,1.93077,0.785882,1.19573,1.94395,0.856169,1.28997,0.126136,76,78,0.0702286,0.125569,0.192444,0.801405,0,28.0415
28.0615,1.93107,0.787139,1.19597,0,0,0,0,76,78,0,0,0,0,0,traj_sz=100
28.0617,1.93107,0.787139,1.19597,1.94395,0.856169,1.28997,0.126136,76,78,0.0689539,0.126799,0.191623,0.800311,0,28.0617
28.0815,1.93166,0.788349,1.2007,0,0,0,0,76,78,0,0,0,0,0,traj_sz=100
28.0816,1.93166,0.788349,1.2007,1.94395,0.856169,1.28997,0.126136,77,78,0.0676733,0.12797,0.153683,0.799039,0,28.0816
28.1015,1.93228,0.790977,1.20071,0,0,0,0,77,78,0,0,0,0,0,traj_sz=100
28.1016,1.93228,0.790977,1.20071,1.94395,0.856169,1.28997,0.126136,77,78,0.0649983,0.127761,0.152359,0.79675,0,28.1016
28.1216,1.9329,0.792157,1.20443,0,0,0,0,77,78,0,0,0,0,0,traj_sz=100
28.1217,1.9329,0.792157,1.20443,1.94395,0.856169,1.28997,0.126136,77,78,0.0637212,0.128979,0.15335,0.795479,0,28.1217
28.1416,1.934,0.794739,1.20671,0,0,0,0,77,78,0,0,0,0,0,traj_sz=100
28.1417,1.934,0.794739,1.20671,1.95678,0.900632,1.26323,0.12591,77,79,0.107064,0.128698,0.156983,0.792889,0,28.1417
28.1614,1.93533,0.798976,1.21011,0,0,0,0,77,79,0,0,0,0,0,traj_sz=100
28.1615,1.93533,0.798976,1.21011,1.95678,0.900632,1.26323,0.12591,77,79,0.102684,0.12673,0.156537,0.788972,0,28.1615
28.1816,1.9355,0.800515,1.20852,0,0,0,0,77,79,0,0,0,0,0,traj_sz=100
28.1818,1.9355,0.800515,1.20852,1.95678,0.900632,1.26323,0.12591,77,79,0.101161,0.127731,0.154336,0.787778,0,28.1818
28.2015,1.93655,0.803357,1.21338,0,0,0,0,77,79,0,0,0,0,0,traj_sz=100
28.2016,1.93655,0.803357,1.21338,1.95678,0.900632,1.26323,0.12591,77,79,0.0982049,0.127198,0.15398,0.785044,0,28.2016
28.2215,1.93728,0.804826,1.21514,0,0,0,0,77,79,0,0,0,0,0,traj_sz=100
28.2217,1.93728,0.804826,1.21514,1.95678,0.900632,1.26323,0.12591,77,79,0.0966014,0.12809,0.15714,0.7835,0,28.2217
28.2414,1.93899,0.8106,1.21989,0,0,0,0,77,79,0,0,0,0,0,traj_sz=100
28.2415,1.93899,0.8106,1.21989,1.95678,0.900632,1.26323,0.12591,77,79,0.0906621,0.124552,0.154862,0.77826,0,28.2415
28.2615,1.93977,0.811966,1.2236,0,0,0,0,77,79,0,0,0,0,0,traj_sz=100
28.2616,1.93977,0.811966,1.2236,1.95678,0.900632,1.26323,0.12591,77,79,0.0891651,0.125533,0.157417,0.776752,0,28.2616
28.2814,1.93977,0.81357,1.22074,0,0,0,0,77,79,0,0,0,0,0,traj_sz=100
28.2817,1.93977,0.81357,1.22074,1.95678,0.900632,1.26323,0.12591,77,79,0.0876156,0.12649,0.153735,0.775638,0,28.2817
28.3014,1.94132,0.816184,1.22986,0,0,0,0,77,79,0,0,0,0,0,traj_sz=100
28.3015,1.94132,0.816184,1.22986,1.95678,0.900632,1.26323,0.12591,77,79,0.0847574,0.126039,0.157653,0.772713,0,28.3015
28.3215,1.9414,0.81752,1.22793,0,0,0,0,77,79,0,0,0,0,0,traj_sz=100
28.3216,1.9414,0.81752,1.22793,1.95678,0.900632,1.26323,0.12591,77,79,0.0834459,0.127236,0.155278,0.771733,0,28.3216
28.3414,1.94218,0.820179,1.22955,0,0,0,0,77,79,0,0,0,0,0,traj_sz=100
28.3416,1.94218,0.820179,1.22955,1.95678,0.900632,1.26323,0.12591,77,79,0.0806992,0.126962,0.154718,0.769331,0,28.3416
28.3615,1.94311,0.822821,1.23297,0,0,0,0,77,79,0,0,0,0,0,traj_sz=100
28.3616,1.94311,0.822821,1.23297,1.95678,0.900632,1.26323,0.12591,77,79,0.0779442,0.126668,0.154641,0.766841,0,28.3616
28.3815,1.94439,0.825365,1.23803,0,0,0,0,77,79,0,0,0,0,0,traj_sz=100
28.3818,1.94439,0.825365,1.23803,1.95678,0.900632,1.26323,0.12591,77,79,0.0751854,0.126391,0.158621,0.764162,0,28.3818
28.4014,1.94509,0.828044,1.23828,0,0,0,0,77,79,0,0,0,0,0,traj_sz=100
28.4015,1.94509,0.828044,1.23828,1.95678,0.900632,1.26323,0.12591,77,79,0.0724265,0.126088,0.158024,0.761813,0,28.4015
28.4214,1.94553,0.82925,1.24185,0,0,0,0,77,79,0,0,0,0,0,traj_sz=100
28.4215,1.94553,0.82925,1.24185,1.95678,0.900632,1.26323,0.12591,77,79,0.0711898,0.127312,0.156349,0.760671,0,28.4215
28.4415,1.94628,0.832001,1.24251,0,0,0,0,77,79,0,0,0,0,0,traj_sz=100
28.4418,1.94628,0.832001,1.24251,1.95678,0.900632,1.26323,0.12591,78,79,0.0683529,0.126974,0.111414,0.758244,0,28.4418
28.4615,1.94711,0.834494,1.24754,0,0,0,0,78,79,0,0,0,0,0,traj_sz=100
28.4617,1.94711,0.834494,1.24754,1.95678,0.900632,1.26323,0.12591,78,79,0.0657828,0.126839,0.108619,0.755929,0,28.4617
28.4815,1.94765,0.837179,1.24771,0,0,0,0,78,79,0,0,0,0,0,traj_sz=100
28.4816,1.94765,0.837179,1.24771,1.95678,0.900632,1.26323,0.12591,78,79,0.0630704,0.126606,0.104965,0.753712,0,28.4816
28.5015,1.94839,0.839852,1.24853,0,0,0,0,78,79,0,0,0,0,0,traj_sz=100
28.5017,1.94839,0.839852,1.24853,1.97076,0.944656,1.225,0.125779,78,80,0.106493,0.126333,0.103876,0.751347,0,28.5017
28.5215,1.94928,0.841109,1.25455,0,0,0,0,78,80,0,0,0,0,0,traj_sz=100
28.5217,1.94928,0.841109,1.25455,1.97076,0.944656,1.225,0.125779,78,80,0.105093,0.127378,0.105998,0.749843,0,28.5217
28.5415,1.94984,0.844063,1.25478,0,0,0,0,78,80,0,0,0,0,0,traj_sz=100
28.5416,1.94984,0.844063,1.25478,1.97076,0.944656,1.225,0.125779,78,80,0.102114,0.126875,0.101538,0.747431,0,28.5416
28.5615,1.95067,0.847217,1.25633,0,0,0,0,78,80,0,0,0,0,0,traj_sz=100
28.5616,1.95067,0.847217,1.25633,1.97076,0.944656,1.225,0.125779,78,80,0.0988747,0.126112,0.0990465,0.744684,0,28.5616
28.5816,1.95156,0.850054,1.26006,0,0,0,0,78,80,0,0,0,0,0,traj_sz=100
28.5818,1.95156,0.850054,1.26006,1.97076,0.944656,1.225,0.125779,78,80,0.0959412,0.125653,0.0967732,0.742112,0,28.5818
28.6014,1.95238,0.852865,1.26348,0,0,0,0,78,80,0,0,0,0,0,traj_sz=100
28.6019,1.95238,0.852865,1.26348,1.97076,0.944656,1.225,0.125779,78,80,0.0930517,0.125209,0.093743,0.739618,0,28.6019
28.6214,1.95295,0.854369,1.2651,0,0,0,0,78,80,0,0,0,0,0,traj_sz=100
28.6215,1.95295,0.854369,1.2651,1.97076,0.944656,1.225,0.125779,78,80,0.0914603,0.126083,0.0943096,0.738181,0,28.6215
28.6414,1.95424,0.860245,1.26899,0,0,0,0,78,80,0,0,0,0,0,traj_sz=100
28.6415,1.95424,0.860245,1.26899,1.97076,0.944656,1.225,0.125779,78,80,0.0855071,0.12258,0.084912,0.733292,0,28.6415
28.6617,1.95496,0.861641,1.27113,0,0,0,0,78,80,0,0,0,0,0,traj_sz=100
28.662,1.95496,0.861641,1.27113,1.97076,0.944656,1.225,0.125779,78,80,0.0839788,0.12358,0.087656,0.731819,0,28.662
28.6815,1.95523,0.863045,1.27128,0,0,0,0,78,80,0,0,0,0,0,traj_sz=100
28.6816,1.95523,0.863045,1.27128,1.97076,0.944656,1.225,0.125779,78,80,0.0825596,0.12462,0.0855232,0.730684,0,28.6816
28.7015,1.95598,0.865912,1.27193,0,0,0,0,78,80,0,0,0,0,0,traj_sz=100
28.7016,1.95598,0.865912,1.27193,1.97076,0.944656,1.225,0.125779,78,80,0.0796042,0.124155,0.0838877,0.728214,0,28.7016
28.7215,1.95685,0.868777,1.27538,0,0,0,0,78,80,0,0,0,0,0,traj_sz=100
28.7216,1.95685,0.868777,1.27538,1.97076,0.944656,1.225,0.125779,78,80,0.0766409,0.123661,0.0813798,0.725662,0,28.7216
28.7414,1.95816,0.872808,1.28047,0,0,0,0,78,80,0,0,0,0,0,traj_sz=100
28.7415,1.95816,0.872808,1.28047,1.97076,0.944656,1.225,0.125779,78,80,0.0724478,0.121905,0.0789076,0.722012,0,28.7415
28.7615,1.95816,0.872808,1.28047,0,0,0,0,78,80,0,0,0,0,0,traj_sz=100
28.7617,1.95816,0.872808,1.28047,1.97076,0.944656,1.225,0.125779,78,80,0.0724478,0.124426,0.0789076,0.722012,0,28.7617
28.7815,1.95874,0.875586,1.27989,0,0,0,0,78,80,0,0,0,0,0,traj_sz=100
28.7816,1.95874,0.875586,1.27989,1.97076,0.944656,1.225,0.125779,78,80,0.0696151,0.124092,0.076249,0.719743,0,28.7816
28.8015,1.95964,0.878053,1.28458,0,0,0,0,78,80,0,0,0,0,0,traj_sz=100
28.8016,1.95964,0.878053,1.28458,1.97076,0.944656,1.225,0.125779,79,80,0.0670333,0.123962,0.0230082,0.717442,0,28.8016
28.8214,1.96032,0.880791,1.28506,0,0,0,0,79,80,0,0,0,0,0,traj_sz=100
28.8216,1.96032,0.880791,1.28506,1.97076,0.944656,1.225,0.125779,79,80,0.0642175,0.123636,0.0198859,0.715129,0,28.8216
28.8415,1.96129,0.885092,1.28634,0,0,0,0,79,80,0,0,0,0,0,traj_sz=100
28.8416,1.96129,0.885092,1.28634,1.9864,0.988069,1.17559,0.125636,79,81,0.105886,0.121741,0.0130285,0.711582,0,28.8416
28.8616,1.96129,0.885092,1.28634,0,0,0,0,79,81,0,0,0,0,0,traj_sz=100
28.8617,1.96129,0.885092,1.28634,1.9864,0.988069,1.17559,0.125636,79,81,0.105886,0.124257,0.0130285,0.711582,0,28.8617
28.8815,1.96194,0.887772,1.28849,0,0,0,0,79,81,0,0,0,0,0,traj_sz=100
28.8816,1.96194,0.887772,1.28849,1.9864,0.988069,1.17559,0.125636,79,81,0.10314,0.123993,0.00826559,0.709338,0,28.8816
28.9015,1.96273,0.890565,1.28923,0,0,0,0,79,81,0,0,0,0,0,traj_sz=100
28.9016,1.96273,0.890565,1.28923,1.9864,0.988069,1.17559,0.125636,79,81,0.10024,0.12358,0.00621541,0.706921,0,28.9016
28.9214,1.9632,0.891947,1.29034,0,0,0,0,79,81,0,0,0,0,0,traj_sz=100
28.9216,1.9632,0.891947,1.29034,1.9864,0.988069,1.17559,0.125636,79,81,0.0987897,0.124626,0.00556212,0.705672,0,28.9216
28.9415,1.96381,0.894712,1.29209,0,0,0,0,79,81,0,0,0,0,0,traj_sz=100
28.9416,1.96381,0.894712,1.29209,1.9864,0.988069,1.17559,0.125636,79,81,0.0959684,0.124303,0.000250495,0.703409,0,28.9416
28.9616,1.96506,0.898867,1.294,0,0,0,0,79,81,0,0,0,0,0,traj_sz=100
28.9617,1.96506,0.898867,1.294,1.9864,0.988069,1.17559,0.125636,79,81,0.0916373,0.122468,-0.00246563,0.699771,0,28.9617
28.9815,1.96511,0.900353,1.29073,0,0,0,0,79,81,0,0,0,0,0,traj_sz=100
28.9816,1.96511,0.900353,1.29073,1.9864,0.988069,1.17559,0.125636,79,81,0.0901839,0.123531,-0.00560885,0.698778,0,28.9816
29.0016,1.9658,0.903087,1.29395,0,0,0,0,79,81,0,0,0,0,0,traj_sz=100
29.0018,1.9658,0.903087,1.29395,1.9864,0.988069,1.17559,0.125636,79,81,0.0873761,0.123217,-0.0110299,0.696491,0,29.0018
29.0215,1.96642,0.90457,1.29405,0,0,0,0,79,81,0,0,0,0,0,traj_sz=100
29.0216,1.96642,0.90457,1.29405,1.9864,0.988069,1.17559,0.125636,79,81,0.0857815,0.124099,-0.00902188,0.695066,0,29.0216
29.0414,1.96784,0.910169,1.29475,0,0,0,0,79,81,0,0,0,0,0,traj_sz=100
29.0415,1.96784,0.910169,1.29475,1.9864,0.988069,1.17559,0.125636,79,81,0.0800086,0.120821,-0.0147428,0.690394,0,29.0415
29.0616,1.96789,0.911666,1.29243,0,0,0,0,79,81,0,0,0,0,0,traj_sz=100
29.0617,1.96789,0.911666,1.29243,1.9864,0.988069,1.17559,0.125636,79,81,0.0785487,0.121902,-0.0187943,0.689406,0,29.0617
29.0814,1.96863,0.91287,1.2971,0,0,0,0,79,81,0,0,0,0,0,traj_sz=100
29.0816,1.96863,0.91287,1.2971,1.9864,0.988069,1.17559,0.125636,79,81,0.0772041,0.12301,-0.0178781,0.68807,0,29.0816
29.1014,1.96924,0.915285,1.29713,0,0,0,0,79,81,0,0,0,0,0,traj_sz=100
29.1016,1.96924,0.915285,1.29713,1.9864,0.988069,1.17559,0.125636,79,81,0.0747119,0.123008,-0.0200451,0.68606,0,29.1016
29.1215,1.96923,0.916751,1.2944,0,0,0,0,79,81,0,0,0,0,0,traj_sz=100
29.1216,1.96923,0.916751,1.2944,1.9864,0.988069,1.17559,0.125636,79,81,0.0732962,0.124125,-0.0244053,0.685141,0,29.1216
29.1416,1.96985,0.919342,1.29363,0,0,0,0,79,81,0,0,0,0,0,traj_sz=100
29.1418,1.96985,0.919342,1.29363,1.9864,0.988069,1.17559,0.125636,79,81,0.0706322,0.123988,-0.0266704,0.683026,0,29.1418
29.1617,1.97048,0.921865,1.2954,0,0,0,0,79,81,0,0,0,0,0,traj_sz=100
29.1618,1.97048,0.921865,1.2954,1.9864,0.988069,1.17559,0.125636,80,81,0.0680383,0.123893,-0.0877486,0.680948,0,29.1618
29.1816,1.97113,0.924612,1.29519,0,0,0,0,80,81,0,0,0,0,0,traj_sz=100
29.1818,1.97113,0.924612,1.29519,1.9864,0.988069,1.17559,0.125636,80,81,0.0652176,0.123579,-0.0923624,0.678718,0,29.1818
29.2015,1.97188,0.927184,1.29606,0,0,0,0,80,81,0,0,0,0,0,traj_sz=100
29.2017,1.97188,0.927184,1.29606,2.00415,1.03061,1.1158,0.125631,80,82,0.108301,0.123385,-0.0955967,0.676521,0,29.2017
29.2216,1.97238,0.928482,1.29561,0,0,0,0,80,82,0,0,0,0,0,traj_sz=100
29.2217,1.97238,0.928482,1.29561,2.00415,1.03061,1.1158,0.125631,80,82,0.106919,0.124498,-0.0948313,0.675325,0,29.2217
29.2415,1.97377,0.933863,1.29708,0,0,0,0,80,82,0,0,0,0,0,traj_sz=100
29.2417,1.97377,0.933863,1.29708,2.00415,1.03061,1.1158,0.125631,80,82,0.101357,0.121446,-0.103842,0.670885,0,29.2417
29.2616,1.97377,0.933863,1.29708,0,0,0,0,80,82,0,0,0,0,0,traj_sz=100
29.2617,1.97377,0.933863,1.29708,2.00415,1.03061,1.1158,0.125631,80,82,0.101357,0.123948,-0.103842,0.670885,0,29.2617
29.2816,1.97465,0.936432,1.29742,0,0,0,0,80,82,0,0,0,0,0,traj_sz=100
29.2817,1.97465,0.936432,1.29742,2.00415,1.03061,1.1158,0.125631,80,82,0.0986453,0.123731,-0.104809,0.668605,0,29.2817
29.3015,1.97487,0.939369,1.29355,0,0,0,0,80,82,0,0,0,0,0,traj_sz=100
29.3017,1.97487,0.939369,1.29355,2.00415,1.03061,1.1158,0.125631,80,82,0.0957717,0.123384,-0.113158,0.666619,0,29.3017
29.3216,1.97542,0.940594,1.2951,0,0,0,0,80,82,0,0,0,0,0,traj_sz=100
29.3217,1.97542,0.940594,1.2951,2.00415,1.03061,1.1158,0.125631,80,82,0.0944386,0.124548,-0.113047,0.665433,0,29.3217
29.3414,1.97683,0.946007,1.29338,0,0,0,0,80,82,0,0,0,0,0,traj_sz=100
29.3416,1.97683,0.946007,1.29338,2.00415,1.03061,1.1158,0.125631,80,82,0.0888518,0.121457,-0.119133,0.661,0,29.3416
29.3616,1.97683,0.946007,1.29338,0,0,0,0,80,82,0,0,0,0,0,traj_sz=100
29.3617,1.97683,0.946007,1.29338,2.00415,1.03061,1.1158,0.125631,80,82,0.0888518,0.123968,-0.119133,0.661,0,29.3617
29.3815,1.9775,0.948563,1.29156,0,0,0,0,80,82,0,0,0,0,0,traj_sz=100
29.3816,1.9775,0.948563,1.29156,2.00415,1.03061,1.1158,0.125631,80,82,0.0862145,0.123822,-0.120971,0.658906,0,29.3816
29.4016,1.97824,0.951334,1.28968,0,0,0,0,80,82,0,0,0,0,0,traj_sz=100
29.4018,1.97824,0.951334,1.28968,2.00415,1.03061,1.1158,0.125631,80,82,0.083352,0.123476,-0.122943,0.656634,0,29.4018
29.4215,1.97821,0.952892,1.28625,0,0,0,0,80,82,0,0,0,0,0,traj_sz=100
29.4216,1.97821,0.952892,1.28625,2.00415,1.03061,1.1158,0.125631,80,82,0.0818754,0.1245,-0.12823,0.655715,0,29.4216
29.4415,1.97966,0.958393,1.28378,0,0,0,0,80,82,0,0,0,0,0,traj_sz=100
29.4415,1.97966,0.958393,1.28378,2.00415,1.03061,1.1158,0.125631,80,82,0.0761962,0.121331,-0.13348,0.651238,0,29.4415
29.4617,1.97966,0.958393,1.28378,0,0,0,0,80,82,0,0,0,0,0,traj_sz=100
29.4618,1.97966,0.958393,1.28378,2.00415,1.03061,1.1158,0.125631,80,82,0.0761962,0.12386,-0.13348,0.651238,0,29.4618
29.4816,1.98042,0.961109,1.28128,0,0,0,0,80,82,0,0,0,0,0,traj_sz=100
29.4817,1.98042,0.961109,1.28128,2.00415,1.03061,1.1158,0.125631,80,82,0.0733818,0.123536,-0.134262,0.648996,0,29.4817
29.5016,1.98135,0.963904,1.27995,0,0,0,0,80,82,0,0,0,0,0,traj_sz=100
29.5018,1.98135,0.963904,1.27995,2.00415,1.03061,1.1158,0.125631,80,82,0.0704409,0.123098,-0.134136,0.646578,0,29.5018
29.5216,1.98192,0.965299,1.28183,0,0,0,0,80,82,0,0,0,0,0,traj_sz=100
29.5217,1.98192,0.965299,1.28183,2.00415,1.03061,1.1158,0.125631,81,82,0.0689383,0.12408,-0.195632,0.645293,0,29.5217
29.5414,1.98317,0.971042,1.27435,0,0,0,0,81,82,0,0,0,0,0,traj_sz=100
29.5415,1.98317,0.971042,1.27435,2.00415,1.03061,1.1158,0.125631,81,82,0.0630975,0.120754,-0.204683,0.640873,0,29.5415
29.5614,1.98317,0.971042,1.27435,0,0,0,0,81,82,0,0,0,0,0,traj_sz=100
29.5616,1.98317,0.971042,1.27435,2.00415,1.03061,1.1158,0.125631,81,82,0.0630975,0.123256,-0.204683,0.640873,0,29.5616
29.5816,1.98368,0.973967,1.27088,0,0,0,0,81,82,0,0,0,0,0,traj_sz=100
29.5817,1.98368,0.973967,1.27088,2.0244,1.07201,1.04715,0.125631,81,83,0.105698,0.122871,-0.211487,0.638741,0,29.5817
29.6014,1.9845,0.976797,1.26745,0,0,0,0,81,83,0,0,0,0,0,traj_sz=100
29.6017,1.9845,0.976797,1.26745,2.0244,1.07201,1.04715,0.125631,81,83,0.102784,0.122435,-0.21333,0.636411,0,29.6017
29.6217,1.98515,0.977958,1.27084,0,0,0,0,81,83,0,0,0,0,0,traj_sz=100
29.6219,1.98515,0.977958,1.27084,2.0244,1.07201,1.04715,0.125631,81,83,0.101449,0.123632,-0.214051,0.635201,0,29.6219
29.6415,1.98649,0.983389,1.26416,0,0,0,0,81,83,0,0,0,0,0,traj_sz=100
29.6417,1.98649,0.983389,1.26416,2.0244,1.07201,1.04715,0.125631,81,83,0.0959308,0.120575,-0.220927,0.630949,0,29.6417
29.6616,1.98709,0.984875,1.26297,0,0,0,0,81,83,0,0,0,0,0,traj_sz=100
29.6618,1.98709,0.984875,1.26297,2.0244,1.07201,1.04715,0.125631,81,83,0.0943445,0.121489,-0.22018,0.6296,0,29.6618
29.6816,1.98732,0.986346,1.25945,0,0,0,0,81,83,0,0,0,0,0,traj_sz=100
29.6817,1.98732,0.986346,1.25945,2.0244,1.07201,1.04715,0.125631,81,83,0.0929037,0.122535,-0.222227,0.628555,0,29.6817
29.7015,1.98802,0.989069,1.25604,0,0,0,0,81,83,0,0,0,0,0,traj_sz=100
29.7017,1.98802,0.989069,1.25604,2.0244,1.07201,1.04715,0.125631,81,83,0.0901295,0.122245,-0.225273,0.626416,0,29.7017
29.7215,1.98886,0.991846,1.25479,0,0,0,0,81,83,0,0,0,0,0,traj_sz=100
29.7217,1.98886,0.991846,1.25479,2.0244,1.07201,1.04715,0.125631,81,83,0.0872393,0.121863,-0.228507,0.624129,0,29.7217
29.7415,1.98948,0.99309,1.25594,0,0,0,0,81,83,0,0,0,0,0,traj_sz=100
29.7416,1.98948,0.99309,1.25594,2.0244,1.07201,1.04715,0.125631,81,83,0.0858537,0.122972,-0.228106,0.622906,0,29.7416
29.7615,1.99055,0.997039,1.24645,0,0,0,0,81,83,0,0,0,0,0,traj_sz=100
29.7617,1.99055,0.997039,1.24645,2.0244,1.07201,1.04715,0.125631,81,83,0.0818495,0.121432,-0.227608,0.619775,0,29.7617
29.7817,1.99063,0.998519,1.24653,0,0,0,0,81,83,0,0,0,0,0,traj_sz=100
29.7818,1.99063,0.998519,1.24653,2.0244,1.07201,1.04715,0.125631,81,83,0.0804194,0.122579,-0.235058,0.618864,0,29.7818
29.8014,1.99159,1.00113,1.24437,0,0,0,0,81,83,0,0,0,0,0,traj_sz=100
29.8015,1.99159,1.00113,1.24437,2.0244,1.07201,1.04715,0.125631,81,83,0.077661,0.122284,-0.2349,0.616596,0,29.8015
29.8215,1.99182,1.00251,1.24039,0,0,0,0,81,83,0,0,0,0,0,traj_sz=100
29.8217,1.99182,1.00251,1.24039,2.0244,1.07201,1.04715,0.125631,81,83,0.0763106,0.123458,-0.236182,0.615627,0,29.8217
29.8415,1.99343,1.00776,1.23385,0,0,0,0,81,83,0,0,0,0,0,traj_sz=100
29.8416,1.99343,1.00776,1.23385,2.0244,1.07201,1.04715,0.125631,81,83,0.0708712,0.120504,-0.23833,0.611341,0,29.8416
29.8614,1.99416,1.00916,1.23303,0,0,0,0,81,83,0,0,0,0,0,traj_sz=100
29.8615,1.99416,1.00916,1.23303,2.0244,1.07201,1.04715,0.125631,81,83,0.0693249,0.121445,-0.235555,0.60996,0,29.8615
29.8815,1.99431,1.01044,1.23,0,0,0,0,81,83,0,0,0,0,0,traj_sz=100
29.8817,1.99431,1.01044,1.23,2.0244,1.07201,1.04715,0.125631,82,83,0.0680844,0.122743,-0.301123,0.609113,0,29.8817
29.9015,1.99518,1.01313,1.2263,0,0,0,0,82,83,0,0,0,0,0,traj_sz=100
29.9016,1.99518,1.01313,1.2263,2.0244,1.07201,1.04715,0.125631,82,83,0.0652895,0.122448,-0.303864,0.606899,0,29.9016
29.9214,1.99575,1.01448,1.22633,0,0,0,0,82,83,0,0,0,0,0,traj_sz=100
29.9215,1.99575,1.01448,1.22633,2.0244,1.07201,1.04715,0.125631,82,83,0.0638306,0.123489,-0.305099,0.605679,0,29.9215
29.9414,1.9976,1.01975,1.21809,0,0,0,0,82,83,0,0,0,0,0,traj_sz=100
29.9415,1.9976,1.01975,1.21809,2.04745,1.11192,0.970749,0.12563,82,84,0.103719,0.120437,-0.307475,0.601226,0,29.9415
29.9614,1.99811,1.02094,1.21719,0,0,0,0,82,84,0,0,0,0,0,traj_sz=100
29.9615,1.99811,1.02094,1.21719,2.04745,1.11192,0.970749,0.12563,82,84,0.102432,0.121662,-0.307684,0.600142,0,29.9615
29.9815,1.99831,1.02231,1.21344,0,0,0,0,82,84,0,0,0,0,0,traj_sz=100
29.9816,1.99831,1.02231,1.21344,2.04745,1.11192,0.970749,0.12563,82,84,0.101137,0.122865,-0.310675,0.599229,0,29.9816
30.0015,1.99956,1.02495,1.2119,0,0,0,0,82,84,0,0,0,0,0,traj_sz=100
30.0016,1.99956,1.02495,1.2119,2.04745,1.11192,0.970749,0.12563,82,84,0.0982503,0.122467,-0.309852,0.596742,0,30.0016
30.0214,1.9995,1.02634,1.20617,0,0,0,0,82,84,0,0,0,0,0,traj_sz=100
30.0217,1.9995,1.02634,1.20617,2.04745,1.11192,0.970749,0.12563,82,84,0.0970522,0.123755,-0.314588,0.596032,0,30.0217
30.0415,2.00085,1.02884,1.20475,0,0,0,0,82,84,0,0,0,0,0,traj_sz=100
30.0417,2.00085,1.02884,1.20475,2.04745,1.11192,0.970749,0.12563,82,84,0.0942551,0.123441,-0.311647,0.593545,0,30.0417
30.0615,2.00222,1.03285,1.19701,0,0,0,0,82,84,0,0,0,0,0,traj_sz=100
30.0617,2.00222,1.03285,1.19701,2.04745,1.11192,0.970749,0.12563,82,84,0.0901202,0.121753,-0.312604,0.590222,0,30.0617
30.0816,2.00242,1.03432,1.19255,0,0,0,0,82,84,0,0,0,0,0,traj_sz=100
30.0817,2.00242,1.03432,1.19255,2.04745,1.11192,0.970749,0.12563,82,84,0.0887478,0.122866,-0.315597,0.589274,0,30.0817
30.1014,2.0034,1.03702,1.1866,0,0,0,0,82,84,0,0,0,0,0,traj_sz=100
30.1016,2.0034,1.03702,1.1866,2.04745,1.11192,0.970749,0.12563,82,84,0.0859481,0.122518,-0.314875,0.586998,0,30.1016
30.1215,2.00419,1.03835,1.18622,0,0,0,0,82,84,0,0,0,0,0,traj_sz=100
30.1216,2.00419,1.03835,1.18622,2.04745,1.11192,0.970749,0.12563,82,84,0.0844254,0.123503,-0.312638,0.585622,0,30.1216
30.1415,2.00522,1.04094,1.18221,0,0,0,0,82,84,0,0,0,0,0,traj_sz=100
30.1416,2.00522,1.04094,1.18221,2.04745,1.11192,0.970749,0.12563,82,84,0.0816889,0.123255,-0.312205,0.583374,0,30.1416
30.1615,2.00633,1.04364,1.1777,0,0,0,0,82,84,0,0,0,0,0,traj_sz=100
30.1618,2.00633,1.04364,1.1777,2.04745,1.11192,0.970749,0.12563,82,84,0.0788241,0.122877,-0.310919,0.581003,0,30.1618
30.1815,2.0073,1.04619,1.17242,0,0,0,0,82,84,0,0,0,0,0,traj_sz=100
30.1816,2.0073,1.04619,1.17242,2.04745,1.11192,0.970749,0.12563,82,84,0.0761553,0.122685,-0.309946,0.578835,0,30.1816
30.2015,2.00811,1.04915,1.16419,0,0,0,0,82,84,0,0,0,0,0,traj_sz=100
30.2019,2.00811,1.04915,1.16419,2.04745,1.11192,0.970749,0.12563,82,84,0.0732092,0.122225,-0.311179,0.576598,0,30.2019
30.2215,2.00901,1.05029,1.16476,0,0,0,0,82,84,0,0,0,0,0,traj_sz=100
30.2217,2.00901,1.05029,1.16476,2.04745,1.11192,0.970749,0.12563,82,84,0.0718011,0.123307,-0.307052,0.575235,0,30.2217
30.2416,2.01097,1.05565,1.1537,0,0,0,0,82,84,0,0,0,0,0,traj_sz=100
30.2417,2.01097,1.05565,1.1537,2.04745,1.11192,0.970749,0.12563,83,84,0.0662256,0.120191,-0.3491,0.570781,0,30.2417
30.2615,2.01097,1.05565,1.1537,0,0,0,0,83,84,0,0,0,0,0,traj_sz=100
30.2617,2.01097,1.05565,1.1537,2.04745,1.11192,0.970749,0.12563,83,84,0.0662256,0.122719,-0.3491,0.570781,0,30.2617
30.2815,2.0121,1.05811,1.14942,0,0,0,0,83,84,0,0,0,0,0,traj_sz=100
30.2816,2.0121,1.05811,1.14942,2.04745,1.11192,0.970749,0.12563,83,84,0.0635654,0.122542,-0.3491,0.56855,0,30.2816
30.3015,2.01324,1.06083,1.14423,0,0,0,0,83,84,0,0,0,0,0,traj_sz=100
30.3016,2.01324,1.06083,1.14423,2.07348,1.14996,0.88752,0.12563,83,85,0.106068,0.122128,-0.3491,0.566174,0,30.3016
30.3216,2.01345,1.0621,1.13969,0,0,0,0,83,85,0,0,0,0,0,traj_sz=100
30.3217,2.01345,1.0621,1.13969,2.07348,1.14996,0.88752,0.12563,83,85,0.104904,0.12346,-0.3491,0.565346,0,30.3217
30.3415,2.01469,1.06472,1.13556,0,0,0,0,83,85,0,0,0,0,0,traj_sz=100
30.3417,2.01469,1.06472,1.13556,2.07348,1.14996,0.88752,0.12563,83,85,0.102081,0.123096,-0.3491,0.562949,0,30.3417
30.3615,2.01561,1.06742,1.12847,0,0,0,0,83,85,0,0,0,0,0,traj_sz=100
30.3617,2.01561,1.06742,1.12847,2.07348,1.14996,0.88752,0.12563,83,85,0.0993683,0.122816,-0.3491,0.560791,0,30.3617
30.3815,2.01712,1.06988,1.12558,0,0,0,0,83,85,0,0,0,0,0,traj_sz=100
30.3816,2.01712,1.06988,1.12558,2.07348,1.14996,0.88752,0.12563,83,85,0.0965435,0.122453,-0.3491,0.558248,0,30.3816
30.4015,2.01812,1.07257,1.11856,0,0,0,0,83,85,0,0,0,0,0,traj_sz=100
30.4015,2.01812,1.07257,1.11856,2.07348,1.14996,0.88752,0.12563,83,85,0.0938054,0.122147,-0.3491,0.556038,0,30.4015
30.4216,2.01873,1.0738,1.11594,0,0,0,0,83,85,0,0,0,0,0,traj_sz=100
30.4217,2.01873,1.0738,1.11594,2.07348,1.14996,0.88752,0.12563,83,85,0.09247,0.123323,-0.3491,0.554891,0,30.4217
30.4414,2.02112,1.07886,1.10564,0,0,0,0,83,85,0,0,0,0,0,traj_sz=100
30.4415,2.02112,1.07886,1.10564,2.07348,1.14996,0.88752,0.12563,83,85,0.0870321,0.120249,-0.3491,0.550312,0,30.4415
30.4615,2.02112,1.07886,1.10564,0,0,0,0,83,85,0,0,0,0,0,traj_sz=100
30.4617,2.02112,1.07886,1.10564,2.07348,1.14996,0.88752,0.12563,83,85,0.0870321,0.122804,-0.3491,0.550312,0,30.4617
30.4815,2.0223,1.08154,1.09954,0,0,0,0,83,85,0,0,0,0,0,traj_sz=100
30.4816,2.0223,1.08154,1.09954,2.07348,1.14996,0.88752,0.12563,83,85,0.0842006,0.12243,-0.3491,0.547968,0,30.4816
30.5017,2.02352,1.08415,1.0936,0,0,0,0,83,85,0,0,0,0,0,traj_sz=100
30.5018,2.02352,1.08415,1.0936,2.07348,1.14996,0.88752,0.12563,83,85,0.081403,0.122119,-0.3491,0.545626,0,30.5018
30.5215,2.02414,1.08549,1.09111,0,0,0,0,83,85,0,0,0,0,0,traj_sz=100
30.5218,2.02414,1.08549,1.09111,2.07348,1.14996,0.88752,0.12563,83,85,0.0799614,0.123165,-0.3491,0.544434,0,30.5218
30.5415,2.02664,1.09076,1.07934,0,0,0,0,83,85,0,0,0,0,0,traj_sz=100
30.5416,2.02664,1.09076,1.07934,2.07348,1.14996,0.88752,0.12563,83,85,0.0742951,0.119903,-0.3491,0.539696,0,30.5416
30.5614,2.02729,1.09202,1.07671,0,0,0,0,83,85,0,0,0,0,0,traj_sz=100
30.5615,2.02729,1.09202,1.07671,2.07348,1.14996,0.88752,0.12563,83,85,0.0729139,0.121025,-0.3491,0.538521,0,30.5615
30.5817,2.02795,1.09337,1.07294,0,0,0,0,83,85,0,0,0,0,0,traj_sz=100
30.5818,2.02795,1.09337,1.07294,2.07348,1.14996,0.88752,0.12563,83,85,0.0714638,0.122107,-0.3491,0.5373,0,30.5818
30.6014,2.02913,1.09586,1.06607,0,0,0,0,83,85,0,0,0,0,0,traj_sz=100
30.6016,2.02913,1.09586,1.06607,2.07348,1.14996,0.88752,0.12563,83,85,0.0687947,0.121884,-0.3491,0.53507,0,30.6016
30.6215,2.0305,1.09847,1.06048,0,0,0,0,83,85,0,0,0,0,0,traj_sz=100
30.6216,2.0305,1.09847,1.06048,2.07348,1.14996,0.88752,0.12563,84,85,0.0659198,0.121489,-0.3491,0.53263,0,30.6216
30.6416,2.03252,1.10217,1.05192,0,0,0,0,84,85,0,0,0,0,0,traj_sz=100
30.6417,2.03252,1.10217,1.05192,2.07348,1.14996,0.88752,0.12563,84,85,0.0618094,0.119834,-0.3491,0.529106,0,30.6417
30.6615,2.03321,1.10342,1.04904,0,0,0,0,84,85,0,0,0,0,0,traj_sz=100
30.6616,2.03321,1.10342,1.04904,2.10257,1.1857,0.798442,0.12563,84,86,0.105903,0.120951,-0.3491,0.527917,0,30.6616
30.6814,2.03375,1.10477,1.04479,0,0,0,0,84,86,0,0,0,0,0,traj_sz=100
30.6816,2.03375,1.10477,1.04479,2.10257,1.1857,0.798442,0.12563,84,86,0.104544,0.122058,-0.3491,0.526811,0,30.6816
30.7015,2.03525,1.10716,1.04126,0,0,0,0,84,86,0,0,0,0,0,traj_sz=100
30.7016,2.03525,1.10716,1.04126,2.10257,1.1857,0.798442,0.12563,84,86,0.101789,0.121785,-0.3491,0.524371,0,30.7016
30.7215,2.03591,1.10834,1.03762,0,0,0,0,84,86,0,0,0,0,0,traj_sz=100
30.7216,2.03591,1.10834,1.03762,2.10257,1.1857,0.798442,0.12563,84,86,0.100502,0.122985,-0.3491,0.523238,0,30.7216
30.7414,2.03829,1.11316,1.02463,0,0,0,0,84,86,0,0,0,0,0,traj_sz=100
30.7416,2.03829,1.11316,1.02463,2.10257,1.1857,0.798442,0.12563,84,86,0.0953716,0.12018,-0.3491,0.518911,0,30.7416
30.7615,2.03829,1.11316,1.02463,0,0,0,0,84,86,0,0,0,0,0,traj_sz=100
30.7616,2.03829,1.11316,1.02463,2.10257,1.1857,0.798442,0.12563,84,86,0.0953716,0.122737,-0.3491,0.518911,0,30.7616
30.7815,2.03966,1.11551,1.02055,0,0,0,0,84,86,0,0,0,0,0,traj_sz=100
30.7816,2.03966,1.11551,1.02055,2.10257,1.1857,0.798442,0.12563,84,86,0.0927265,0.12257,-0.3491,0.516622,0,30.7816
30.8015,2.04117,1.1178,1.01723,0,0,0,0,84,86,0,0,0,0,0,traj_sz=100
30.8016,2.04117,1.1178,1.01723,2.10257,1.1857,0.798442,0.12563,84,86,0.0900349,0.122364,-0.3491,0.514237,0,30.8016
30.8215,2.04181,1.11892,1.01434,0,0,0,0,84,86,0,0,0,0,0,traj_sz=100
30.8216,2.04181,1.11892,1.01434,2.10257,1.1857,0.798442,0.12563,84,86,0.0887936,0.123622,-0.3491,0.513158,0,30.8216
30.8415,2.04328,1.12142,1.00895,0,0,0,0,84,86,0,0,0,0,0,traj_sz=100
30.8417,2.04328,1.12142,1.00895,2.10257,1.1857,0.798442,0.12563,84,86,0.0859856,0.123294,-0.3491,0.51073,0,30.8417
30.8615,2.04465,1.12387,1.00303,0,0,0,0,84,86,0,0,0,0,0,traj_sz=100
30.8617,2.04465,1.12387,1.00303,2.10257,1.1857,0.798442,0.12563,84,86,0.0832738,0.123055,-0.3491,0.508406,0,30.8617
30.8815,2.04603,1.12599,0.99862,0,0,0,0,84,86,0,0,0,0,0,traj_sz=100
30.8816,2.04603,1.12599,0.99862,2.10257,1.1857,0.798442,0.12563,84,86,0.0808087,0.123065,-0.3491,0.506226,0,30.8816
30.9015,2.04737,1.12834,0.993304,0,0,0,0,84,86,0,0,0,0,0,traj_sz=100
30.9018,2.04737,1.12834,0.993304,2.10257,1.1857,0.798442,0.12563,84,86,0.0781923,0.122941,-0.3491,0.503991,0,30.9018
30.9215,2.04803,1.12951,0.99006,0,0,0,0,84,86,0,0,0,0,0,traj_sz=100
30.9216,2.04803,1.12951,0.99006,2.10257,1.1857,0.798442,0.12563,84,86,0.0768965,0.124144,-0.3491,0.50288,0,30.9216
30.9414,2.0509,1.13386,0.981633,0,0,0,0,84,86,0,0,0,0,0,traj_sz=100
30.9415,2.0509,1.13386,0.981633,2.10257,1.1857,0.798442,0.12563,84,86,0.0718171,0.12149,-0.3491,0.49841,0,30.9415
30.9615,2.0509,1.13386,0.981633,0,0,0,0,84,86,0,0,0,0,0,traj_sz=100
30.9616,2.0509,1.13386,0.981633,2.10257,1.1857,0.798442,0.12563,84,86,0.0718171,0.124066,-0.3491,0.49841,0,30.9616
30.9814,2.05228,1.13625,0.974903,0,0,0,0,84,86,0,0,0,0,0,traj_sz=100
30.9814,2.05228,1.13625,0.974903,2.10257,1.1857,0.798442,0.12563,84,86,0.0691513,0.12385,-0.3491,0.496126,0,30.9814
31.0015,2.0537,1.13867,0.968544,0,0,0,0,84,86,0,0,0,0,0,traj_sz=100
31.0017,2.0537,1.13867,0.968544,2.10257,1.1857,0.798442,0.12563,85,86,0.0664443,0.123657,-0.3491,0.493809,0,31.0017
31.0215,2.05438,1.13977,0.968287,0,0,0,0,85,86,0,0,0,0,0,traj_sz=100
31.0217,2.05438,1.13977,0.968287,2.10257,1.1857,0.798442,0.12563,85,86,0.0651558,0.124921,-0.3491,0.492724,0,31.0217
31.0415,2.05724,1.14415,0.952306,0,0,0,0,85,86,0,0,0,0,0,traj_sz=100
31.0416,2.05724,1.14415,0.952306,2.13474,1.21872,0.70467,0.12563,85,87,0.10569,0.122242,-0.3491,0.488271,0,31.0416
31.0615,2.05724,1.14415,0.952306,0,0,0,0,85,87,0,0,0,0,0,traj_sz=100
31.0616,2.05724,1.14415,0.952306,2.13474,1.21872,0.70467,0.12563,85,87,0.10569,0.124803,-0.3491,0.488271,0,31.0616
31.0816,2.05888,1.14656,0.950155,0,0,0,0,85,87,0,0,0,0,0,traj_sz=100
31.0817,2.05888,1.14656,0.950155,2.13474,1.21872,0.70467,0.12563,85,87,0.102818,0.124456,-0.3491,0.485774,0,31.0817
31.1015,2.06043,1.149,0.942031,0,0,0,0,85,87,0,0,0,0,0,traj_sz=100
31.1016,2.06043,1.149,0.942031,2.13474,1.21872,0.70467,0.12563,85,87,0.100094,0.124124,-0.3491,0.483346,0,31.1016
31.1216,2.06197,1.15119,0.936468,0,0,0,0,85,87,0,0,0,0,0,traj_sz=100
31.1217,2.06197,1.15119,0.936468,2.13474,1.21872,0.70467,0.12563,85,87,0.0975183,0.124016,-0.3491,0.481035,0,31.1217
31.1415,2.06467,1.15478,0.930959,0,0,0,0,85,87,0,0,0,0,0,traj_sz=100
31.1415,2.06467,1.15478,0.930959,2.13474,1.21872,0.70467,0.12563,85,87,0.0931336,0.122067,-0.3491,0.477104,0,31.1415
31.1615,2.06467,1.15478,0.930959,0,0,0,0,85,87,0,0,0,0,0,traj_sz=100
31.1617,2.06467,1.15478,0.930959,2.13474,1.21872,0.70467,0.12563,85,87,0.0931336,0.124641,-0.3491,0.477104,0,31.1617
31.1815,2.06593,1.15701,0.923054,0,0,0,0,85,87,0,0,0,0,0,traj_sz=100
31.1816,2.06593,1.15701,0.923054,2.13474,1.21872,0.70467,0.12563,85,87,0.0907273,0.124643,-0.3491,0.475039,0,31.1816
31.2017,2.06756,1.15936,0.917073,0,0,0,0,85,87,0,0,0,0,0,traj_sz=100
31.2018,2.06756,1.15936,0.917073,2.13474,1.21872,0.70467,0.12563,85,87,0.0879812,0.124388,-0.3491,0.472602,0,31.2018
31.2216,2.06856,1.16055,0.91688,0,0,0,0,85,87,0,0,0,0,0,traj_sz=100
31.2218,2.06856,1.16055,0.91688,2.13474,1.21872,0.70467,0.12563,85,87,0.0864269,0.125385,-0.3491,0.471202,0,31.2218
31.2416,2.07162,1.16518,0.903894,0,0,0,0,85,87,0,0,0,0,0,traj_sz=100
31.2417,2.07162,1.16518,0.903894,2.13474,1.21872,0.70467,0.12563,85,87,0.0811128,0.122429,-0.3491,0.466551,0,31.2417
31.2615,2.07162,1.16518,0.903894,0,0,0,0,85,87,0,0,0,0,0,traj_sz=100
31.2617,2.07162,1.16518,0.903894,2.13474,1.21872,0.70467,0.12563,85,87,0.0811128,0.124993,-0.3491,0.466551,0,31.2617
31.2816,2.0732,1.16759,0.898695,0,0,0,0,85,87,0,0,0,0,0,traj_sz=100
31.2816,2.0732,1.16759,0.898695,2.13474,1.21872,0.70467,0.12563,85,87,0.0783207,0.124686,-0.3491,0.46414,0,31.2816
31.3015,2.07497,1.1696,0.891765,0,0,0,0,85,87,0,0,0,0,0,traj_sz=100
31.3017,2.07497,1.1696,0.891765,2.13474,1.21872,0.70467,0.12563,85,87,0.0757676,0.124584,-0.3491,0.461735,0,31.3017
31.3217,2.07572,1.1707,0.88869,0,0,0,0,85,87,0,0,0,0,0,traj_sz=100
31.3219,2.07572,1.1707,0.88869,2.13474,1.21872,0.70467,0.12563,85,87,0.0744832,0.125851,-0.3491,0.460612,0,31.3219
31.3415,2.07751,1.17316,0.884467,0,0,0,0,85,87,0,0,0,0,0,traj_sz=100
31.3417,2.07751,1.17316,0.884467,2.13474,1.21872,0.70467,0.12563,85,87,0.0715096,0.125359,-0.3491,0.458005,0,31.3417
31.3615,2.07923,1.17542,0.87852,0,0,0,0,85,87,0,0,0,0,0,traj_sz=100
31.3616,2.07923,1.17542,0.87852,2.13474,1.21872,0.70467,0.12563,86,87,0.0687646,0.125094,-0.3491,0.455549,0,31.3616
31.3817,2.08088,1.17764,0.870591,0,0,0,0,86,87,0,0,0,0,0,traj_sz=100
31.3819,2.08088,1.17764,0.870591,2.13474,1.21872,0.70467,0.12563,86,87,0.0661206,0.124931,-0.3491,0.453177,0,31.3819
31.4015,2.08273,1.1798,0.865904,0,0,0,0,86,87,0,0,0,0,0,traj_sz=100
31.4016,2.08273,1.1798,0.865904,2.13474,1.21872,0.70467,0.12563,86,87,0.0633448,0.124622,-0.3491,0.450649,0,31.4016
31.4215,2.08357,1.18083,0.864109,0,0,0,0,86,87,0,0,0,0,0,traj_sz=100
31.4217,2.08357,1.18083,0.864109,2.13474,1.21872,0.70467,0.12563,86,87,0.0620471,0.125875,-0.3491,0.449486,0,31.4217
31.4414,2.0871,1.18549,0.850009,0,0,0,0,86,87,0,0,0,0,0,traj_sz=100
31.4415,2.0871,1.18549,0.850009,2.16985,1.24857,0.607622,0.12563,86,88,0.102007,0.122592,-0.3491,0.44447,0,31.4415
31.4614,2.0871,1.18549,0.850009,0,0,0,0,86,88,0,0,0,0,0,traj_sz=100
31.4615,2.0871,1.18549,0.850009,2.16985,1.24857,0.607622,0.12563,86,88,0.102007,0.125161,-0.3491,0.44447,0,31.4615
31.4815,2.08921,1.18768,0.848054,0,0,0,0,86,88,0,0,0,0,0,traj_sz=100
31.4818,2.08921,1.18768,0.848054,2.16985,1.24857,0.607622,0.12563,86,88,0.0990034,0.124704,-0.3491,0.441696,0,31.4818
31.5015,2.09098,1.19024,0.839891,0,0,0,0,86,88,0,0,0,0,0,traj_sz=100
31.5016,2.09098,1.19024,0.839891,2.16985,1.24857,0.607622,0.12563,86,88,0.0960788,0.124173,-0.3491,0.439111,0,31.5016
31.5214,2.09294,1.19239,0.83429,0,0,0,0,86,88,0,0,0,0,0,traj_sz=100
31.5215,2.09294,1.19239,0.83429,2.16985,1.24857,0.607622,0.12563,86,88,0.0932812,0.123815,-0.3491,0.43651,0,31.5215
31.5415,2.09393,1.19356,0.829392,0,0,0,0,86,88,0,0,0,0,0,traj_sz=100
31.5416,2.09393,1.19356,0.829392,2.16985,1.24857,0.607622,0.12563,86,88,0.0918393,0.124859,-0.3491,0.43516,0,31.5416
31.5615,2.09599,1.19585,0.82442,0,0,0,0,86,88,0,0,0,0,0,traj_sz=100
31.5617,2.09599,1.19585,0.82442,2.16985,1.24857,0.607622,0.12563,86,88,0.0888542,0.124359,-0.3491,0.432417,0,31.5617
31.5815,2.09791,1.19804,0.817211,0,0,0,0,86,88,0,0,0,0,0,traj_sz=100
31.5816,2.09791,1.19804,0.817211,2.16985,1.24857,0.607622,0.12563,86,88,0.0860698,0.124011,-0.3491,0.429844,0,31.5816
31.6014,2.09951,1.20012,0.809406,0,0,0,0,86,88,0,0,0,0,0,traj_sz=100
31.6014,2.09951,1.20012,0.809406,2.16985,1.24857,0.607622,0.12563,86,88,0.0836003,0.123969,-0.3491,0.427615,0,31.6014
31.6216,2.10061,1.20107,0.809052,0,0,0,0,86,88,0,0,0,0,0,traj_sz=100
31.6217,2.10061,1.20107,0.809052,2.16985,1.24857,0.607622,0.12563,86,88,0.0821605,0.125124,-0.3491,0.426254,0,31.6217
31.6415,2.10255,1.20323,0.804394,0,0,0,0,86,88,0,0,0,0,0,traj_sz=100
31.6417,2.10255,1.20323,0.804394,2.16985,1.24857,0.607622,0.12563,86,88,0.0793364,0.124805,-0.3491,0.42368,0,31.6417
31.6615,2.10436,1.20531,0.797191,0,0,0,0,86,88,0,0,0,0,0,traj_sz=100
31.6615,2.10436,1.20531,0.797191,2.16985,1.24857,0.607622,0.12563,86,88,0.0767042,0.124609,-0.3491,0.421264,0,31.6615
31.6814,2.10629,1.2074,0.791252,0,0,0,0,86,88,0,0,0,0,0,traj_sz=100
31.6815,2.10629,1.2074,0.791252,2.16985,1.24857,0.607622,0.12563,86,88,0.0739608,0.124342,-0.3491,0.41874,0,31.6815
31.7016,2.10834,1.20976,0.785016,0,0,0,0,86,88,0,0,0,0,0,traj_sz=100
31.7018,2.10834,1.20976,0.785016,2.16985,1.24857,0.607622,0.12563,86,88,0.0709432,0.123838,-0.3491,0.416011,0,31.7018
31.7215,2.10917,1.21076,0.780242,0,0,0,0,86,88,0,0,0,0,0,traj_sz=100
31.7217,2.10917,1.21076,0.780242,2.16985,1.24857,0.607622,0.12563,86,88,0.0697229,0.125111,-0.3491,0.414892,0,31.7217
31.7416,2.11087,1.21275,0.772291,0,0,0,0,86,88,0,0,0,0,0,traj_sz=100
31.7418,2.11087,1.21275,0.772291,2.16985,1.24857,0.607622,0.12563,87,88,0.0672421,0.125103,-0.3491,0.412624,0,31.7418
31.7616,2.11314,1.21484,0.769829,0,0,0,0,87,88,0,0,0,0,0,traj_sz=100
31.7616,2.11314,1.21484,0.769829,2.16985,1.24857,0.607622,0.12563,87,88,0.0641978,0.124577,-0.3491,0.409794,0,31.7616
31.7815,2.11504,1.217,0.762061,0,0,0,0,87,88,0,0,0,0,0,traj_sz=100
31.7817,2.11504,1.217,0.762061,2.16985,1.24857,0.607622,0.12563,87,88,0.0614478,0.124292,-0.3491,0.407287,0,31.7817
31.8015,2.11703,1.21899,0.756475,0,0,0,0,87,88,0,0,0,0,0,traj_sz=100
31.8017,2.11703,1.21899,0.756475,2.20769,1.27489,0.50903,0.12563,87,89,0.104306,0.124068,-0.3491,0.404763,0,31.8017
31.8215,2.11806,1.21995,0.75415,0,0,0,0,87,89,0,0,0,0,0,traj_sz=100
31.8216,2.11806,1.21995,0.75415,2.20769,1.27489,0.50903,0.12563,87,89,0.102938,0.125212,-0.3491,0.40347,0,31.8216
31.8415,2.12222,1.22401,0.742904,0,0,0,0,87,89,0,0,0,0,0,traj_sz=100
31.8416,2.12222,1.22401,0.742904,2.20769,1.27489,0.50903,0.12563,87,89,0.0973604,0.121973,-0.3491,0.39823,0,31.8416
31.8615,2.12222,1.22401,0.742904,0,0,0,0,87,89,0,0,0,0,0,traj_sz=100
31.8617,2.12222,1.22401,0.742904,2.20769,1.27489,0.50903,0.12563,87,89,0.0973604,0.124556,-0.3491,0.39823,0,31.8617
31.8814,2.12411,1.22629,0.734622,0,0,0,0,87,89,0,0,0,0,0,traj_sz=100
31.8816,2.12411,1.22629,0.734622,2.20769,1.27489,0.50903,0.12563,87,89,0.0945969,0.12419,-0.3491,0.395722,0,31.8816
31.9015,2.12627,1.22834,0.730258,0,0,0,0,87,89,0,0,0,0,0,traj_sz=100
31.9016,2.12627,1.22834,0.730258,2.20769,1.27489,0.50903,0.12563,87,89,0.0917114,0.123791,-0.3491,0.393035,0,31.9016
31.9214,2.12739,1.22937,0.725333,0,0,0,0,87,89,0,0,0,0,0,traj_sz=100
31.9214,2.12739,1.22937,0.725333,2.20769,1.27489,0.50903,0.12563,87,89,0.09028,0.124818,-0.3491,0.391647,0,31.9214
31.9415,2.12938,1.23126,0.71953,0,0,0,0,87,89,0,0,0,0,0,traj_sz=100
31.9416,2.12938,1.23126,0.71953,2.20769,1.27489,0.50903,0.12563,87,89,0.0876522,0.124687,-0.3491,0.389178,0,31.9416
31.9616,2.13266,1.23416,0.71285,0,0,0,0,87,89,0,0,0,0,0,traj_sz=100
31.9618,2.13266,1.23416,0.71285,2.20769,1.27489,0.50903,0.12563,87,89,0.0833918,0.122908,-0.3491,0.385167,0,31.9618
31.9816,2.1337,1.23531,0.709779,0,0,0,0,87,89,0,0,0,0,0,traj_sz=100
31.9817,2.1337,1.23531,0.709779,2.20769,1.27489,0.50903,0.12563,87,89,0.0819136,0.123944,-0.3491,0.383833,0,31.9817
32.0014,2.1357,1.23729,0.701445,0,0,0,0,87,89,0,0,0,0,0,traj_sz=100
32.0015,2.1357,1.23729,0.701445,2.20769,1.27489,0.50903,0.12563,87,89,0.0792561,0.123701,-0.3491,0.381334,0,32.0015
32.0216,2.13785,1.23914,0.694169,0,0,0,0,87,89,0,0,0,0,0,traj_sz=100
32.0217,2.13785,1.23914,0.694169,2.20769,1.27489,0.50903,0.12563,87,89,0.0765535,0.123485,-0.3491,0.378741,0,32.0217
32.0416,2.1389,1.24013,0.691746,0,0,0,0,87,89,0,0,0,0,0,traj_sz=100
32.0417,2.1389,1.24013,0.691746,2.20769,1.27489,0.50903,0.12563,87,89,0.075152,0.124626,-0.3491,0.377447,0,32.0417
32.0615,2.14116,1.24194,0.687386,0,0,0,0,87,89,0,0,0,0,0,traj_sz=100
32.0618,2.14116,1.24194,0.687386,2.20769,1.27489,0.50903,0.12563,87,89,0.0723296,0.124316,-0.3491,0.374759,0,32.0618
32.0816,2.143,1.244,0.676908,0,0,0,0,87,89,0,0,0,0,0,traj_sz=100
32.0817,2.143,1.244,0.676908,2.20769,1.27489,0.50903,0.12563,87,89,0.0697728,0.124174,-0.3491,0.372402,0,32.0817
32.1016,2.14517,1.24568,0.671959,0,0,0,0,87,89,0,0,0,0,0,traj_sz=100
32.1016,2.14517,1.24568,0.671959,2.20769,1.27489,0.50903,0.12563,88,89,0.0671127,0.124009,-0.3491,0.36985,0,32.1016
32.1215,2.14643,1.24668,0.669662,0,0,0,0,88,89,0,0,0,0,0,traj_sz=100
32.1217,2.14643,1.24668,0.669662,2.20769,1.27489,0.50903,0.12563,88,89,0.0655384,0.124989,-0.3491,0.368356,0,32.1217
32.1415,2.14867,1.24858,0.663651,0,0,0,0,88,89,0,0,0,0,0,traj_sz=100
32.1417,2.14867,1.24858,0.663651,2.20769,1.27489,0.50903,0.12563,88,89,0.0626945,0.124624,-0.3491,0.365671,0,32.1417
32.1614,2.15083,1.25048,0.654756,0,0,0,0,88,89,0,0,0,0,0,traj_sz=100
32.1615,2.15083,1.25048,0.654756,2.24794,1.29735,0.410949,0.12563,88,90,0.105574,0.124328,-0.3491,0.36308,0,32.1615
32.1816,2.15293,1.25233,0.648918,0,0,0,0,88,90,0,0,0,0,0,traj_sz=100
32.1819,2.15293,1.25233,0.648918,2.24794,1.29735,0.410949,0.12563,88,90,0.102906,0.124158,-0.3491,0.360551,0,32.1819
32.2015,2.15498,1.25404,0.640911,0,0,0,0,88,90,0,0,0,0,0,traj_sz=100
32.2017,2.15498,1.25404,0.640911,2.24794,1.29735,0.410949,0.12563,88,90,0.100406,0.124052,-0.3491,0.358113,0,32.2017
32.2217,2.1562,1.25491,0.640013,0,0,0,0,88,90,0,0,0,0,0,traj_sz=100
32.2219,2.1562,1.25491,0.640013,2.24794,1.29735,0.410949,0.12563,88,90,0.0989274,0.12516,-0.3491,0.356708,0,32.2219
32.2414,2.16055,1.25846,0.626494,0,0,0,0,88,90,0,0,0,0,0,traj_sz=100
32.2415,2.16055,1.25846,0.626494,2.24794,1.29735,0.410949,0.12563,88,90,0.0936004,0.122089,-0.3491,0.351581,0,32.2415
32.2615,2.16055,1.25846,0.626494,0,0,0,0,88,90,0,0,0,0,0,traj_sz=100
32.2616,2.16055,1.25846,0.626494,2.24794,1.29735,0.410949,0.12563,88,90,0.0936004,0.12468,-0.3491,0.351581,0,32.2616
32.2815,2.16268,1.26014,0.62061,0,0,0,0,88,90,0,0,0,0,0,traj_sz=100
32.2818,2.16268,1.26014,0.62061,2.24794,1.29735,0.410949,0.12563,88,90,0.0910004,0.124558,-0.3491,0.349084,0,32.2818
32.3014,2.16508,1.26195,0.61677,0,0,0,0,88,90,0,0,0,0,0,traj_sz=100
32.3015,2.16508,1.26195,0.61677,2.24794,1.29735,0.410949,0.12563,88,90,0.0880702,0.124111,-0.3491,0.346303,0,32.3015
32.3216,2.16608,1.26281,0.612992,0,0,0,0,88,90,0,0,0,0,0,traj_sz=100
32.3217,2.16608,1.26281,0.612992,2.24794,1.29735,0.410949,0.12563,88,90,0.0868288,0.125404,-0.3491,0.345117,0,32.3217
32.3415,2.16828,1.26427,0.605068,0,0,0,0,88,90,0,0,0,0,0,traj_sz=100
32.3417,2.16828,1.26427,0.605068,2.24794,1.29735,0.410949,0.12563,88,90,0.0843335,0.125344,-0.3491,0.342619,0,32.3417
32.3618,2.17167,1.2671,0.596657,0,0,0,0,88,90,0,0,0,0,0,traj_sz=100
32.3619,2.17167,1.2671,0.596657,2.24794,1.29735,0.410949,0.12563,88,90,0.0800868,0.12357,-0.3491,0.338632,0,32.3619
32.3815,2.17277,1.26799,0.592154,0,0,0,0,88,90,0,0,0,0,0,traj_sz=100
32.3816,2.17277,1.26799,0.592154,2.24794,1.29735,0.410949,0.12563,88,90,0.0787632,0.124723,-0.3491,0.337355,0,32.3816
32.4016,2.17486,1.26966,0.584475,0,0,0,0,88,90,0,0,0,0,0,traj_sz=100
32.4017,2.17486,1.26966,0.584475,2.24794,1.29735,0.410949,0.12563,88,90,0.0762287,0.124655,-0.3491,0.334922,0,32.4017
32.4215,2.1761,1.27056,0.581255,0,0,0,0,88,90,0,0,0,0,0,traj_sz=100
32.4217,2.1761,1.27056,0.581255,2.24794,1.29735,0.410949,0.12563,88,90,0.0747508,0.12571,-0.3491,0.3335,0,32.4217
32.4415,2.17872,1.27244,0.578046,0,0,0,0,88,90,0,0,0,0,0,traj_sz=100
32.4416,2.17872,1.27244,0.578046,2.24794,1.29735,0.410949,0.12563,88,90,0.071583,0.125076,-0.3491,0.33051,0,32.4416
32.4615,2.18115,1.27405,0.571322,0,0,0,0,88,90,0,0,0,0,0,traj_sz=100
32.4617,2.18115,1.27405,0.571322,2.24794,1.29735,0.410949,0.12563,89,90,0.068781,0.124758,-0.3491,0.32777,0,32.4617
32.4815,2.18351,1.27591,0.564766,0,0,0,0,89,90,0,0,0,0,0,traj_sz=100
32.4817,2.18351,1.27591,0.564766,2.24794,1.29735,0.410949,0.12563,89,90,0.0658989,0.124357,-0.3491,0.325047,0,32.4817
32.5016,2.18588,1.27751,0.558586,0,0,0,0,89,90,0,0,0,0,0,traj_sz=100
32.5017,2.18588,1.27751,0.558586,2.24794,1.29735,0.410949,0.12563,89,90,0.0631467,0.1241,-0.3491,0.322381,0,32.5017
32.5215,2.18695,1.27834,0.552332,0,0,0,0,89,90,0,0,0,0,0,traj_sz=100
32.5216,2.18695,1.27834,0.552332,2.24794,1.29735,0.410949,0.12563,89,90,0.0618983,0.125328,-0.3491,0.321149,0,32.5216
32.5415,2.18924,1.28,0.546854,0,0,0,0,89,90,0,0,0,0,0,traj_sz=100
32.5417,2.18924,1.28,0.546854,2.29019,1.31576,0.315719,0.12563,89,91,0.104828,0.125113,-0.3491,0.318551,0,32.5417
32.5616,2.1918,1.28154,0.543273,0,0,0,0,89,91,0,0,0,0,0,traj_sz=100
32.5617,2.1918,1.28154,0.543273,2.29019,1.31576,0.315719,0.12563,89,91,0.101914,0.1247,-0.3491,0.315712,0,32.5617
32.5815,2.19426,1.28323,0.535669,0,0,0,0,89,91,0,0,0,0,0,traj_sz=100
32.5816,2.19426,1.28323,0.535669,2.29019,1.31576,0.315719,0.12563,89,91,0.0990999,0.124305,-0.3491,0.312948,0,32.5816
32.6015,2.19667,1.28476,0.529084,0,0,0,0,89,91,0,0,0,0,0,traj_sz=100
32.6017,2.19667,1.28476,0.529084,2.29019,1.31576,0.315719,0.12563,89,91,0.0963786,0.124039,-0.3491,0.310263,0,32.6017
32.6216,2.19776,1.28553,0.525712,0,0,0,0,89,91,0,0,0,0,0,traj_sz=100
32.6218,2.19776,1.28553,0.525712,2.29019,1.31576,0.315719,0.12563,89,91,0.0951163,0.125301,-0.3491,0.309036,0,32.6218
32.6415,2.20284,1.28875,0.516,0,0,0,0,89,91,0,0,0,0,0,traj_sz=100
32.6415,2.20284,1.28875,0.516,2.29019,1.31576,0.315719,0.12563,89,91,0.0893013,0.121845,-0.3491,0.303403,0,32.6415
32.6615,2.20284,1.28875,0.516,0,0,0,0,89,91,0,0,0,0,0,traj_sz=100
32.6617,2.20284,1.28875,0.516,2.29019,1.31576,0.315719,0.12563,89,91,0.0893013,0.124451,-0.3491,0.303403,0,32.6617
32.6816,2.20502,1.29013,0.506818,0,0,0,0,89,91,0,0,0,0,0,traj_sz=100
32.6817,2.20502,1.29013,0.506818,2.29019,1.31576,0.315719,0.12563,89,91,0.0869058,0.124466,-0.3491,0.300997,0,32.6817
32.7015,2.20771,1.29163,0.504479,0,0,0,0,89,91,0,0,0,0,0,traj_sz=100
32.7016,2.20771,1.29163,0.504479,2.29019,1.31576,0.315719,0.12563,89,91,0.0838704,0.123974,-0.3491,0.298063,0,32.7016
32.7216,2.20891,1.29235,0.501869,0,0,0,0,89,91,0,0,0,0,0,traj_sz=100
32.7217,2.20891,1.29235,0.501869,2.29019,1.31576,0.315719,0.12563,89,91,0.082519,0.125171,-0.3491,0.296743,0,32.7217
32.7415,2.21139,1.29374,0.494903,0,0,0,0,89,91,0,0,0,0,0,traj_sz=100
32.7416,2.21139,1.29374,0.494903,2.29019,1.31576,0.315719,0.12563,89,91,0.0798025,0.124909,-0.3491,0.294042,0,32.7416
32.7614,2.21371,1.29516,0.488939,0,0,0,0,89,91,0,0,0,0,0,traj_sz=100
32.7616,2.21371,1.29516,0.488939,2.29019,1.31576,0.315719,0.12563,89,91,0.0771976,0.124785,-0.3491,0.291498,0,32.7616
32.7815,2.21615,1.29649,0.483943,0,0,0,0,89,91,0,0,0,0,0,traj_sz=100
32.7816,2.21615,1.29649,0.483943,2.29019,1.31576,0.315719,0.12563,89,91,0.0745054,0.124597,-0.3491,0.288853,0,32.7816
32.8015,2.21874,1.29791,0.478063,0,0,0,0,89,91,0,0,0,0,0,traj_sz=100
32.8016,2.21874,1.29791,0.478063,2.29019,1.31576,0.315719,0.12563,89,91,0.0716533,0.124233,-0.3491,0.286045,0,32.8016
32.8215,2.21999,1.29854,0.475944,0,0,0,0,89,91,0,0,0,0,0,traj_sz=100
32.8217,2.21999,1.29854,0.475944,2.29019,1.31576,0.315719,0.12563,89,91,0.0702911,0.125433,-0.3491,0.284703,0,32.8217
32.8415,2.22496,1.30127,0.465096,0,0,0,0,89,91,0,0,0,0,0,traj_sz=100
32.8417,2.22496,1.30127,0.465096,2.29019,1.31576,0.315719,0.12563,90,91,0.0648036,0.122345,-0.3491,0.279327,0,32.8417
32.8616,2.22611,1.30207,0.460628,0,0,0,0,90,91,0,0,0,0,0,traj_sz=100
32.8617,2.22611,1.30207,0.460628,2.29019,1.31576,0.315719,0.12563,90,91,0.063488,0.123566,-0.3491,0.278054,0,32.8617
32.8815,2.22742,1.30267,0.4564,0,0,0,0,90,91,0,0,0,0,0,traj_sz=100
32.8816,2.22742,1.30267,0.4564,2.29019,1.31576,0.315719,0.12563,90,91,0.0621184,0.124705,-0.3491,0.276663,0,32.8816
32.9015,2.23023,1.30396,0.452279,0,0,0,0,90,91,0,0,0,0,0,traj_sz=100
32.9016,2.23023,1.30396,0.452279,2.334,1.33007,0.225883,0.120914,90,92,0.104745,0.124193,-0.3491,0.27367,0,32.9016
32.9215,2.23156,1.30448,0.450674,0,0,0,0,90,92,0,0,0,0,0,traj_sz=100
32.9217,2.23156,1.30448,0.450674,2.334,1.33007,0.225883,0.120914,90,92,0.10336,0.12536,-0.3491,0.272276,0,32.9217
32.9414,2.23669,1.30719,0.439182,0,0,0,0,90,92,0,0,0,0,0,traj_sz=100
32.9415,2.23669,1.30719,0.439182,2.334,1.33007,0.225883,0.120914,90,92,0.0977992,0.122113,-0.3491,0.266763,0,32.9415
32.9615,2.23669,1.30719,0.439182,0,0,0,0,90,92,0,0,0,0,0,traj_sz=100
32.9616,2.23669,1.30719,0.439182,2.334,1.33007,0.225883,0.120914,90,92,0.0977992,0.124711,-0.3491,0.266763,0,32.9616
32.9815,2.23929,1.30855,0.432926,0,0,0,0,90,92,0,0,0,0,0,traj_sz=100
32.9817,2.23929,1.30855,0.432926,2.334,1.33007,0.225883,0.120914,90,92,0.094998,0.124376,-0.3491,0.263981,0,32.9817
33.0015,2.24181,1.30983,0.426025,0,0,0,0,90,92,0,0,0,0,0,traj_sz=100
33.0016,2.24181,1.30983,0.426025,2.334,1.33007,0.225883,0.120914,90,92,0.0923152,0.124127,-0.3491,0.261299,0,33.0016
33.0215,2.24448,1.31104,0.421626,0,0,0,0,90,92,0,0,0,0,0,traj_sz=100
33.0216,2.24448,1.31104,0.421626,2.334,1.33007,0.225883,0.120914,90,92,0.0894713,0.12377,-0.3491,0.258476,0,33.0216
33.0415,2.24846,1.31271,0.414271,0,0,0,0,90,92,0,0,0,0,0,traj_sz=100
33.0416,2.24846,1.31271,0.414271,2.334,1.33007,0.225883,0.120914,90,92,0.0852913,0.122032,-0.3491,0.254288,0,33.0416
33.0616,2.24954,1.31361,0.407068,0,0,0,0,90,92,0,0,0,0,0,traj_sz=100
33.0617,2.24954,1.31361,0.407068,2.334,1.33007,0.225883,0.120914,90,92,0.0840745,0.123289,-0.3491,0.253089,0,33.0617
33.0814,2.25074,1.31447,0.403733,0,0,0,0,90,92,0,0,0,0,0,traj_sz=100
33.0817,2.25074,1.31447,0.403733,2.334,1.33007,0.225883,0.120914,90,92,0.0826928,0.124426,-0.3491,0.251777,0,33.0817
33.1016,2.2534,1.31549,0.400838,0,0,0,0,90,92,0,0,0,0,0,traj_sz=100
33.1017,2.2534,1.31549,0.400838,2.334,1.33007,0.225883,0.120914,90,92,0.079898,0.124172,-0.3491,0.249,0,33.1017
33.1216,2.25475,1.31627,0.397173,0,0,0,0,90,92,0,0,0,0,0,traj_sz=100
33.1218,2.25475,1.31627,0.397173,2.334,1.33007,0.225883,0.120914,90,92,0.0784155,0.125224,-0.3491,0.247555,0,33.1218
33.1416,2.25735,1.3173,0.391993,0,0,0,0,90,92,0,0,0,0,0,traj_sz=100
33.1418,2.25735,1.3173,0.391993,2.334,1.33007,0.225883,0.120914,90,92,0.0757205,0.125023,-0.3491,0.244849,0,33.1418
33.1615,2.26127,1.31912,0.382824,0,0,0,0,90,92,0,0,0,0,0,traj_sz=100
33.1617,2.26127,1.31912,0.382824,2.334,1.33007,0.225883,0.120914,90,92,0.0715544,0.123275,-0.3491,0.240717,0,33.1617
33.1815,2.26282,1.3199,0.381764,0,0,0,0,90,92,0,0,0,0,0,traj_sz=100
33.1818,2.26282,1.3199,0.381764,2.334,1.33007,0.225883,0.120914,90,92,0.06985,0.124153,-0.3491,0.239087,0,33.1818
33.2015,2.26546,1.32106,0.374995,0,0,0,0,90,92,0,0,0,0,0,traj_sz=100
33.2016,2.26546,1.32106,0.374995,2.334,1.33007,0.225883,0.120914,91,92,0.0670782,0.123837,-0.3491,0.236321,0,33.2016
33.2216,2.26674,1.32146,0.371726,0,0,0,0,91,92,0,0,0,0,0,traj_sz=100
33.2217,2.26674,1.32146,0.371726,2.334,1.33007,0.225883,0.120914,91,92,0.0657944,0.125096,-0.3491,0.235002,0,33.2217
33.2414,2.26954,1.32265,0.366497,0,0,0,0,91,92,0,0,0,0,0,traj_sz=100
33.2416,2.26954,1.32265,0.366497,2.334,1.33007,0.225883,0.120914,91,92,0.0628416,0.124628,-0.3491,0.232081,0,33.2416
33.2616,2.27249,1.32354,0.362826,0,0,0,0,91,92,0,0,0,0,0,traj_sz=100
33.2617,2.27249,1.32354,0.362826,2.37723,1.34001,0.147081,0.109024,91,93,0.103766,0.124142,-0.3491,0.229044,0,33.2617
33.2815,2.27504,1.32523,0.353606,0,0,0,0,91,93,0,0,0,0,0,traj_sz=100
33.2817,2.27504,1.32523,0.353606,2.37723,1.34001,0.147081,0.109024,91,93,0.100984,0.123748,-0.3491,0.226316,0,33.2817
33.3015,2.27772,1.32627,0.347156,0,0,0,0,91,93,0,0,0,0,0,traj_sz=100
33.3016,2.27772,1.32627,0.347156,2.37723,1.34001,0.147081,0.109024,91,93,0.0982501,0.12346,-0.3491,0.223544,0,33.3016
33.3214,2.2791,1.32669,0.345833,0,0,0,0,91,93,0,0,0,0,0,traj_sz=100
33.3216,2.2791,1.32669,0.345833,2.37723,1.34001,0.147081,0.109024,91,93,0.0968367,0.124589,-0.3491,0.222127,0,33.3216
33.3414,2.28178,1.32748,0.342761,0,0,0,0,91,93,0,0,0,0,0,traj_sz=100
33.3415,2.28178,1.32748,0.342761,2.37723,1.34001,0.147081,0.109024,91,93,0.0941055,0.124364,-0.3491,0.219375,0,33.3415
33.3614,2.28587,1.32903,0.334634,0,0,0,0,91,93,0,0,0,0,0,traj_sz=100
33.3615,2.28587,1.32903,0.334634,2.37723,1.34001,0.147081,0.109024,91,93,0.0898985,0.122573,-0.3491,0.215153,0,33.3615
33.3815,2.28731,1.33001,0.328002,0,0,0,0,91,93,0,0,0,0,0,traj_sz=100
33.3816,2.28731,1.33001,0.328002,2.37723,1.34001,0.147081,0.109024,91,93,0.0883494,0.123494,-0.3491,0.213628,0,33.3816
33.4015,2.28991,1.33102,0.320536,0,0,0,0,91,93,0,0,0,0,0,traj_sz=100
33.402,2.28991,1.33102,0.320536,2.37723,1.34001,0.147081,0.109024,91,93,0.0857046,0.123086,-0.3491,0.210945,0,33.402
33.4215,2.29116,1.33143,0.317112,0,0,0,0,91,93,0,0,0,0,0,traj_sz=100
33.4216,2.29116,1.33143,0.317112,2.37723,1.34001,0.147081,0.109024,91,93,0.0844504,0.124088,-0.3491,0.20966,0,33.4216
33.4416,2.29401,1.33256,0.311534,0,0,0,0,91,93,0,0,0,0,0,traj_sz=100
33.4417,2.29401,1.33256,0.311534,2.37723,1.34001,0.147081,0.109024,91,93,0.0814947,0.123371,-0.3491,0.206725,0,33.4417
33.4615,2.29653,1.33364,0.304082,0,0,0,0,91,93,0,0,0,0,0,traj_sz=100
33.4617,2.29653,1.33364,0.304082,2.37723,1.34001,0.147081,0.109024,91,93,0.078906,0.122966,-0.3491,0.204128,0,33.4617
33.4815,2.2994,1.33427,0.300155,0,0,0,0,91,93,0,0,0,0,0,traj_sz=100
33.4816,2.2994,1.33427,0.300155,2.37723,1.34001,0.147081,0.109024,91,93,0.0760432,0.122357,-0.3491,0.201212,0,33.4816
33.5015,2.30214,1.33563,0.294924,0,0,0,0,91,93,0,0,0,0,0,traj_sz=100
33.5019,2.30214,1.33563,0.294924,2.37723,1.34001,0.147081,0.109024,91,93,0.0731235,0.121687,-0.3491,0.198383,0,33.5019
33.5215,2.30344,1.33626,0.28863,0,0,0,0,91,93,0,0,0,0,0,traj_sz=100
33.5215,2.30344,1.33626,0.28863,2.37723,1.34001,0.147081,0.109024,91,93,0.0718107,0.122577,-0.3491,0.197044,0,33.5215
33.5414,2.3088,1.33821,0.275985,0,0,0,0,91,93,0,0,0,0,0,traj_sz=100
33.5415,2.3088,1.33821,0.275985,2.37723,1.34001,0.147081,0.109024,92,93,0.0663263,0.119205,-0.3491,0.191559,0,33.5415
33.5614,2.3088,1.33821,0.275985,0,0,0,0,92,93,0,0,0,0,0,traj_sz=100
33.5615,2.3088,1.33821,0.275985,2.37723,1.34001,0.147081,0.109024,92,93,0.0663263,0.121536,-0.3491,0.191559,0,33.5615
33.5816,2.31157,1.3389,0.270289,0,0,0,0,92,93,0,0,0,0,0,traj_sz=100
33.5817,2.31157,1.3389,0.270289,2.37723,1.34001,0.147081,0.109024,92,93,0.0635735,0.121039,-0.3491,0.188757,0,33.5817
33.6016,2.31427,1.33988,0.263458,0,0,0,0,92,93,0,0,0,0,0,traj_sz=100
33.6017,2.31427,1.33988,0.263458,2.37723,1.34001,0.147081,0.109024,92,93,0.0608185,0.120497,-0.3491,0.186003,0,33.6017
33.6215,2.31566,1.34007,0.261387,0,0,0,0,92,93,0,0,0,0,0,traj_sz=100
33.6217,2.31566,1.34007,0.261387,2.37723,1.34001,0.147081,0.109024,92,93,0.0594591,0.121426,-0.3491,0.184603,0,33.6217
33.6415,2.32107,1.34197,0.250837,0,0,0,0,92,93,0,0,0,0,0,traj_sz=100
33.6416,2.32107,1.34197,0.250837,2.4168,1.34587,0.0849195,0.0902084,92,94,0.0937063,0.118045,-0.3491,0.179114,0,33.6416
33.6616,2.32107,1.34197,0.250837,0,0,0,0,92,94,0,0,0,0,0,traj_sz=100
33.6617,2.32107,1.34197,0.250837,2.4168,1.34587,0.0849195,0.0902084,92,94,0.0937063,0.12038,-0.3491,0.179114,0,33.6617
33.6815,2.32412,1.34267,0.246477,0,0,0,0,92,94,0,0,0,0,0,traj_sz=100
33.6816,2.32412,1.34267,0.246477,2.4168,1.34587,0.0849195,0.0902084,92,94,0.0906625,0.11957,-0.3491,0.176035,0,33.6816
33.7015,2.32676,1.34352,0.23905,0,0,0,0,92,94,0,0,0,0,0,traj_sz=100
33.7016,2.32676,1.34352,0.23905,2.4168,1.34587,0.0849195,0.0902084,92,94,0.0880366,0.119114,-0.3491,0.173361,0,33.7016
33.7214,2.32841,1.34363,0.238419,0,0,0,0,92,94,0,0,0,0,0,traj_sz=100
33.7216,2.32841,1.34363,0.238419,2.4168,1.34587,0.0849195,0.0902084,92,94,0.0864169,0.119811,-0.3491,0.171706,0,33.7216
33.7414,2.33107,1.34434,0.232537,0,0,0,0,92,94,0,0,0,0,0,traj_sz=100
33.7416,2.33107,1.34434,0.232537,2.4168,1.34587,0.0849195,0.0902084,92,94,0.0837717,0.119372,-0.3491,0.169021,0,33.7416
33.7615,2.33383,1.34522,0.226352,0,0,0,0,92,94,0,0,0,0,0,traj_sz=100
33.7616,2.33383,1.34522,0.226352,2.4168,1.34587,0.0849195,0.0902084,92,94,0.0810006,0.118575,-0.3491,0.166239,0,33.7616
33.7815,2.33625,1.34591,0.219635,0,0,0,0,92,94,0,0,0,0,0,traj_sz=100
33.7817,2.33625,1.34591,0.219635,2.4168,1.34587,0.0849195,0.0902084,92,94,0.0786092,0.117902,-0.3491,0.163804,0,33.7817
33.8016,2.33886,1.34647,0.215048,0,0,0,0,92,94,0,0,0,0,0,traj_sz=100
33.8017,2.33886,1.34647,0.215048,2.4168,1.34587,0.0849195,0.0902084,92,94,0.0760138,0.117064,-0.3491,0.161175,0,33.8017
33.8214,2.34025,1.34709,0.210104,0,0,0,0,92,94,0,0,0,0,0,traj_sz=100
33.8216,2.34025,1.34709,0.210104,2.4168,1.34587,0.0849195,0.0902084,92,94,0.0746153,0.117406,-0.3491,0.15978,0,33.8216
33.8414,2.34534,1.34798,0.201101,0,0,0,0,92,94,0,0,0,0,0,traj_sz=100
33.8415,2.34534,1.34798,0.201101,2.4168,1.34587,0.0849195,0.0902084,92,94,0.0695963,0.114064,-0.3491,0.154671,0,33.8415
33.8614,2.34534,1.34798,0.201101,0,0,0,0,92,94,0,0,0,0,0,traj_sz=100
33.8615,2.34534,1.34798,0.201101,2.4168,1.34587,0.0849195,0.0902084,92,94,0.0695963,0.115899,-0.3491,0.154671,0,33.8615
33.8815,2.34779,1.34869,0.194196,0,0,0,0,92,94,0,0,0,0,0,traj_sz=100
33.8817,2.34779,1.34869,0.194196,2.4168,1.34587,0.0849195,0.0902084,92,94,0.0671714,0.115213,-0.3491,0.152218,0,33.8817
33.9015,2.35021,1.34927,0.189519,0,0,0,0,92,94,0,0,0,0,0,traj_sz=100
33.9016,2.35021,1.34927,0.189519,2.4168,1.34587,0.0849195,0.0902084,92,94,0.0647538,0.114544,-0.3491,0.149788,0,33.9016
33.9215,2.35155,1.34968,0.18396,0,0,0,0,92,94,0,0,0,0,0,traj_sz=100
33.9216,2.35155,1.34968,0.18396,2.4168,1.34587,0.0849195,0.0902084,92,94,0.0634543,0.114993,-0.3491,0.148453,0,33.9216
33.9415,2.35682,1.35096,0.174364,0,0,0,0,92,94,0,0,0,0,0,traj_sz=100
33.9416,2.35682,1.35096,0.174364,2.4168,1.34587,0.0849195,0.0902084,93,94,0.0581864,0.111398,-0.3491,0.143183,0,33.9416
33.9615,2.35682,1.35096,0.174364,0,0,0,0,93,94,0,0,0,0,0,traj_sz=100
33.9616,2.35682,1.35096,0.174364,2.4168,1.34587,0.0849195,0.0902084,93,94,0.0581864,0.113234,-0.3491,0.143183,0,33.9616
33.9814,2.35944,1.35152,0.167462,0,0,0,0,93,94,0,0,0,0,0,traj_sz=100
33.9816,2.35944,1.35152,0.167462,2.4168,1.34587,0.0849195,0.0902084,93,94,0.0556161,0.11239,-0.3491,0.140569,0,33.9816
34.0015,2.36217,1.35213,0.163442,0,0,0,0,93,94,0,0,0,0,0,traj_sz=100
34.0017,2.36217,1.35213,0.163442,2.4168,1.34587,0.0849195,0.0902084,93,94,0.0528842,0.111434,-0.3491,0.137848,0,34.0017
34.0215,2.36349,1.35225,0.162191,0,0,0,0,93,94,0,0,0,0,0,traj_sz=100
34.0216,2.36349,1.35225,0.162191,2.44977,1.34867,0.0419845,0.0668114,93,95,0.0845693,0.111941,-0.3491,0.136528,0,34.0216
34.0415,2.36597,1.35269,0.155133,0,0,0,0,93,95,0,0,0,0,0,traj_sz=100
34.0417,2.36597,1.35269,0.155133,2.44977,1.34867,0.0419845,0.0668114,93,95,0.0821745,0.111262,-0.3491,0.134059,0,34.0417
34.0615,2.36864,1.35339,0.149163,0,0,0,0,93,95,0,0,0,0,0,traj_sz=100
34.0616,2.36864,1.35339,0.149163,2.44977,1.34867,0.0419845,0.0668114,93,95,0.0795324,0.110338,-0.3491,0.131408,0,34.0616
34.0815,2.37124,1.35385,0.141841,0,0,0,0,93,95,0,0,0,0,0,traj_sz=100
34.0816,2.37124,1.35385,0.141841,2.44977,1.34867,0.0419845,0.0668114,93,95,0.0770108,0.109524,-0.3491,0.12882,0,34.0816
34.1036,2.37393,1.35399,0.14037,0,0,0,0,93,95,0,0,0,0,0,traj_sz=100
34.1038,2.37393,1.35399,0.14037,2.44977,1.34867,0.0419845,0.0668114,93,95,0.0743533,0.108868,-0.3491,0.126136,0,34.1038
34.1215,2.37525,1.35449,0.133418,0,0,0,0,93,95,0,0,0,0,0,traj_sz=100
34.1216,2.37525,1.35449,0.133418,2.44977,1.34867,0.0419845,0.0668114,93,95,0.0730837,0.10903,-0.3491,0.12483,0,34.1216
34.1415,2.38044,1.35515,0.124149,0,0,0,0,93,95,0,0,0,0,0,traj_sz=100
34.1416,2.38044,1.35515,0.124149,2.44977,1.34867,0.0419845,0.0668114,93,95,0.067993,0.104999,-0.3491,0.119669,0,34.1416
34.1615,2.38044,1.35515,0.124149,0,0,0,0,93,95,0,0,0,0,0,traj_sz=100
34.1616,2.38044,1.35515,0.124149,2.44977,1.34867,0.0419845,0.0668114,93,95,0.067993,0.106206,-0.3491,0.119669,0,34.1616
34.1816,2.38298,1.35565,0.120144,0,0,0,0,93,95,0,0,0,0,0,traj_sz=100
34.1818,2.38298,1.35565,0.120144,2.44977,1.34867,0.0419845,0.0668114,93,95,0.0654723,0.104834,-0.3491,0.117156,0,34.1818
34.2015,2.38517,1.35611,0.112702,0,0,0,0,93,95,0,0,0,0,0,traj_sz=100
34.2017,2.38517,1.35611,0.112702,2.44977,1.34867,0.0419845,0.0668114,93,95,0.0633569,0.103803,-0.3491,0.114996,0,34.2017
34.2214,2.38648,1.35625,0.111202,0,0,0,0,93,95,0,0,0,0,0,traj_sz=100
34.2215,2.38648,1.35625,0.111202,2.44977,1.34867,0.0419845,0.0668114,93,95,0.0620566,0.103675,-0.3491,0.11369,0,34.2215
34.2415,2.3914,1.35674,0.103277,0,0,0,0,93,95,0,0,0,0,0,traj_sz=100
34.2416,2.3914,1.35674,0.103277,2.44977,1.34867,0.0419845,0.0668114,93,95,0.057223,0.0999406,-0.3491,0.108806,0,34.2416
34.2615,2.3914,1.35674,0.103277,0,0,0,0,93,95,0,0,0,0,0,traj_sz=100
34.2616,2.3914,1.35674,0.103277,2.44977,1.34867,0.0419845,0.0668114,93,95,0.057223,0.101145,-0.3491,0.108806,0,34.2616
34.2815,2.39372,1.35684,0.100645,0,0,0,0,93,95,0,0,0,0,0,traj_sz=100
34.2817,2.39372,1.35684,0.100645,2.44977,1.34867,0.0419845,0.0668114,93,95,0.0549504,0.10005,-0.3491,0.106505,0,34.2817
34.3015,2.39635,1.35741,0.0958254,0,0,0,0,93,95,0,0,0,0,0,traj_sz=100
34.3017,2.39635,1.35741,0.0958254,2.48984,1.34996,0.00460975,0.0212049,94,97,0.0923445,0.0985606,-0.3491,0.103911,0,34.3017
34.3215,2.39738,1.35727,0.0916666,0,0,0,0,94,97,0,0,0,0,0,traj_sz=100
34.3218,2.39738,1.35727,0.0916666,2.48984,1.34996,0.00460975,0.0212049,94,97,0.0914042,0.0987621,-0.3491,0.102879,0,34.3218
34.3414,2.40199,1.35792,0.0825866,0,0,0,0,94,97,0,0,0,0,0,traj_sz=100
34.3415,2.40199,1.35792,0.0825866,2.48984,1.34996,0.00460975,0.0212049,94,97,0.0868986,0.0953027,-0.3491,0.0983336,0,34.3415
34.3616,2.40199,1.35792,0.0825866,0,0,0,0,94,97,0,0,0,0,0,traj_sz=100
34.3618,2.40199,1.35792,0.0825866,2.48984,1.34996,0.00460975,0.0212049,94,97,0.0868986,0.096521,-0.3491,0.0983336,0,34.3618
34.3816,2.40415,1.35808,0.0770594,0,0,0,0,94,97,0,0,0,0,0,traj_sz=100
34.3817,2.40415,1.35808,0.0770594,2.48984,1.34996,0.00460975,0.0212049,94,97,0.0848155,0.0955494,-0.3491,0.0961945,0,34.3817
34.4015,2.40646,1.35853,0.0734534,0,0,0,0,94,97,0,0,0,0,0,traj_sz=100
34.4016,2.40646,1.35853,0.0734534,2.48984,1.34996,0.00460975,0.0212049,94,97,0.0825312,0.0943997,-0.3491,0.093933,0,34.4016
34.4215,2.40754,1.3585,0.0737989,0,0,0,0,94,97,0,0,0,0,0,traj_sz=100
34.4216,2.40754,1.3585,0.0737989,2.48984,1.34996,0.00460975,0.0212049,94,97,0.0814422,0.0945226,-0.3491,0.0928456,0,34.4216
34.4415,2.41151,1.359,0.0603767,0,0,0,0,94,97,0,0,0,0,0,traj_sz=100
34.4416,2.41151,1.359,0.0603767,2.49762,1.35,0.000610924,0.00648794,94,98,0.0854123,0.0917258,-0.3491,0.0889491,0,34.4416
34.4614,2.41151,1.359,0.0603767,0,0,0,0,94,98,0,0,0,0,0,traj_sz=100
34.4616,2.41151,1.359,0.0603767,2.49762,1.35,0.000610924,0.00648794,94,98,0.0854123,0.092921,-0.3491,0.0889491,0,34.4616
34.4816,2.41377,1.35903,0.0600709,0,0,0,0,94,98,0,0,0,0,0,traj_sz=100
34.4816,2.41377,1.35903,0.0600709,2.49762,1.35,0.000610924,0.00648794,94,98,0.0831615,0.0918726,-0.3491,0.0867063,0,34.4816
34.5015,2.41561,1.35898,0.0547024,0,0,0,0,94,98,0,0,0,0,0,traj_sz=100
34.5018,2.41561,1.35898,0.0547024,2.49762,1.35,0.000610924,0.00648794,94,98,0.0813965,0.0907276,-0.3491,0.0848672,0,34.5018
34.5215,2.41659,1.35949,0.0500101,0,0,0,0,94,98,0,0,0,0,0,traj_sz=100
34.5217,2.41659,1.35949,0.0500101,2.49762,1.35,0.000610924,0.00648794,94,98,0.0804524,0.0902668,-0.3491,0.0839466,0,34.5217
34.5414,2.42115,1.35963,0.044414,0,0,0,0,94,98,0,0,0,0,0,traj_sz=100
34.5415,2.42115,1.35963,0.044414,2.5,1.35,0,0,94,99,0.0783478,0.0862699,-0.3491,0.0794387,0,34.5415
34.5615,2.42115,1.35963,0.044414,0,0,0,0,94,99,0,0,0,0,0,traj_sz=100
34.5615,2.42115,1.35963,0.044414,2.5,1.35,0,0,94,99,0.0783478,0.0868317,-0.3491,0.0794387,0,34.5615
34.5814,2.42337,1.35965,0.0384992,0,0,0,0,94,99,0,0,0,0,0,traj_sz=100
34.5815,2.42337,1.35965,0.0384992,2.5,1.35,0,0,94,99,0.0761987,0.0851679,-0.3491,0.0772323,0,34.5815
34.6015,2.42546,1.35976,0.0363996,0,0,0,0,94,99,0,0,0,0,0,traj_sz=100
34.6016,2.42546,1.35976,0.0363996,2.5,1.35,0,0,94,99,0.0741373,0.083643,-0.3491,0.0751776,0,34.6016
34.6214,2.42664,1.36,0.0337368,0,0,0,0,94,99,0,0,0,0,0,traj_sz=100
34.6215,2.42664,1.36,0.0337368,2.5,1.35,0,0,94,99,0.0729842,0.0830074,-0.3491,0.0740417,0,34.6215
34.6414,2.4305,1.36017,0.0230136,0,0,0,0,94,99,0,0,0,0,0,traj_sz=100
34.6415,2.4305,1.36017,0.0230136,2.5,1.35,0,0,94,99,0.0692467,0.0796998,-0.345603,0.0702401,0,34.6415
34.6614,2.43141,1.36028,0.0218967,0,0,0,0,94,99,0,0,0,0,0,traj_sz=100
34.6615,2.43141,1.36028,0.0218967,2.5,1.35,0,0,94,99,0.0683518,0.079346,-0.344956,0.0693586,0,34.6615
34.6815,2.43239,1.36007,0.0224573,0,0,0,0,94,99,0,0,0,0,0,traj_sz=100
34.6819,2.43239,1.36007,0.0224573,2.5,1.35,0,0,95,99,0.0673621,0.0789394,-0.33381,0.0683505,0,34.6819
34.7014,2.43415,1.36057,0.0150537,0,0,0,0,95,99,0,0,0,0,0,traj_sz=100
34.7015,2.43415,1.36057,0.0150537,2.5,1.35,0,0,95,99,0.0656806,0.0777058,-0.333579,0.06669,0,34.7015
34.7215,2.43506,1.36063,0.0131731,0,0,0,0,95,99,0,0,0,0,0,traj_sz=100
34.7217,2.43506,1.36063,0.0131731,2.5,1.35,0,0,95,99,0.0647899,0.0773545,-0.332204,0.0657996,0,34.7217
34.7414,2.4364,1.36083,0.00685887,0,0,0,0,95,99,0,0,0,0,0,traj_sz=100
34.7416,2.4364,1.36083,0.00685887,2.5,1.35,0,0,95,99,0.0635214,0.0765626,-0.328702,0.0645127,0,34.7416
34.7614,2.4389,1.36081,0.00260043,0,0,0,0,95,99,0,0,0,0,0,traj_sz=100
34.7616,2.4389,1.36081,0.00260043,2.5,1.35,0,0,95,99,0.0610703,0.0746282,-0.322924,0.0620467,0,34.7616
34.7816,2.43992,1.3608,0.00242877,0,0,0,0,95,99,0,0,0,0,0,traj_sz=100
34.7818,2.43992,1.3608,0.00242877,2.5,1.35,0,0,95,99,0.0600534,0.0741739,-0.322069,0.061043,0,34.7818
34.8015,2.44144,1.36072,-0.000460805,0,0,0,0,95,99,0,0,0,0,0,traj_sz=100
34.8016,2.44144,1.36072,-0.000460805,2.5,1.35,0,0,95,99,0.0585628,0.0732096,-0.317299,0.0595311,0,34.8016
34.8215,2.44193,1.36099,-0.00350136,0,0,0,0,95,99,0,0,0,0,0,traj_sz=100
34.8216,2.44193,1.36099,-0.00350136,2.5,1.35,0,0,95,99,0.058108,0.0732666,-0.318322,0.059101,0,34.8216
34.8415,2.44348,1.36106,-0.00580208,0,0,0,0,95,99,0,0,0,0,0,traj_sz=100
34.8417,2.44348,1.36106,-0.00580208,2.5,1.35,0,0,95,99,0.0565872,0.0722792,-0.316316,0.057596,0,34.8417
34.8615,2.4452,1.36141,-0.00837147,0,0,0,0,95,99,0,0,0,0,0,traj_sz=100
34.8616,2.4452,1.36141,-0.00837147,2.5,1.35,0,0,95,99,0.0548939,0.070855,-0.318196,0.0559762,0,34.8616
34.8815,2.44682,1.36157,-0.0143641,0,0,0,0,95,99,0,0,0,0,0,traj_sz=100
34.8817,2.44682,1.36157,-0.0143641,2.5,1.35,0,0,95,99,0.0533384,0.0692544,-0.314123,0.0544217,0,34.8817
34.9015,2.44863,1.3615,-0.0163856,0,0,0,0,95,99,0,0,0,0,0,traj_sz=100
34.9017,2.44863,1.3615,-0.0163856,2.5,1.35,0,0,95,99,0.0515535,0.06748,-0.310054,0.0526425,0,34.9017
34.9215,2.44944,1.3615,-0.0193856,0,0,0,0,95,99,0,0,0,0,0,traj_sz=100
34.9216,2.44944,1.3615,-0.0193856,2.5,1.35,0,0,95,99,0.0507768,0.0666986,-0.306852,0.0518538,0,34.9216
34.9415,2.45107,1.36159,-0.0218951,0,0,0,0,95,99,0,0,0,0,0,traj_sz=100
34.9417,2.45107,1.36159,-0.0218951,2.5,1.35,0,0,95,99,0.049168,0.0650856,-0.304963,0.0502799,0,34.9417
34.9615,2.45293,1.36152,-0.0262992,0,0,0,0,95,99,0,0,0,0,0,traj_sz=100
34.9616,2.45293,1.36152,-0.0262992,2.5,1.35,0,0,95,99,0.047352,0.0632551,-0.298761,0.0484543,0,34.9616
34.9815,2.45419,1.36164,-0.0288393,0,0,0,0,95,99,0,0,0,0,0,traj_sz=100
34.9816,2.45419,1.36164,-0.0288393,2.5,1.35,0,0,95,99,0.046126,0.0620225,-0.29745,0.0472642,0,34.9816
35.0015,2.45564,1.36142,-0.029841,0,0,0,0,95,99,0,0,0,0,0,traj_sz=100
35.0018,2.45564,1.36142,-0.029841,2.5,1.35,0,0,95,99,0.0446831,0.0606092,-0.292444,0.0458091,0,35.0018
35.0214,2.45642,1.36148,-0.0304636,0,0,0,0,95,99,0,0,0,0,0,traj_sz=100
35.0216,2.45642,1.36148,-0.0304636,2.5,1.35,0,0,95,99,0.0439131,0.0598555,-0.292232,0.04507,0,35.0216
35.0414,2.45891,1.36134,-0.0347842,0,0,0,0,95,99,0,0,0,0,0,traj_sz=100
35.0415,2.45891,1.36134,-0.0347842,2.5,1.35,0,0,95,99,0.041455,0.0573882,-0.284723,0.0426222,0,35.0415
35.0616,2.45891,1.36134,-0.0347842,0,0,0,0,95,99,0,0,0,0,0,traj_sz=100
35.0618,2.45891,1.36134,-0.0347842,2.5,1.35,0,0,95,99,0.041455,0.0574144,-0.284723,0.0426222,0,35.0618
35.0816,2.46048,1.3616,-0.0398726,0,0,0,0,95,99,0,0,0,0,0,traj_sz=100
35.0817,2.46048,1.3616,-0.0398726,2.5,1.35,0,0,95,99,0.0399531,0.0558706,-0.282985,0.0411886,0,35.0817
35.1015,2.46161,1.36158,-0.0432824,0,0,0,0,95,99,0,0,0,0,0,traj_sz=100
35.1017,2.46161,1.36158,-0.0432824,2.5,1.35,0,0,96,99,0.0388503,0.0547601,-0.261368,0.040095,0,35.1017
35.1215,2.46225,1.36145,-0.044346,0,0,0,0,96,99,0,0,0,0,0,traj_sz=100
35.1216,2.46225,1.36145,-0.044346,2.5,1.35,0,0,96,99,0.0382162,0.0541496,-0.258267,0.0394447,0,35.1216
35.1416,2.46462,1.36151,-0.0480395,0,0,0,0,96,99,0,0,0,0,0,traj_sz=100
35.1417,2.46462,1.36151,-0.0480395,2.5,1.35,0,0,96,99,0.0358878,0.0518049,-0.255178,0.0372006,0,35.1417
35.1615,2.46462,1.36151,-0.0480395,0,0,0,0,96,99,0,0,0,0,0,traj_sz=100
35.1617,2.46462,1.36151,-0.0480395,2.5,1.35,0,0,96,99,0.0358878,0.0518304,-0.255178,0.0372006,0,35.1617
35.1814,2.46552,1.36161,-0.0491326,0,0,0,0,96,99,0,0,0,0,0,traj_sz=100
35.1815,2.46552,1.36161,-0.0491326,2.5,1.35,0,0,96,99,0.0350049,0.0509545,-0.255438,0.0363774,0,35.1815
35.2016,2.46645,1.36143,-0.051001,0,0,0,0,96,99,0,0,0,0,0,traj_sz=100
35.2017,2.46645,1.36143,-0.051001,2.5,1.35,0,0,96,99,0.0340888,0.0500566,-0.250887,0.0354432,0,35.2017
35.2215,2.46712,1.36159,-0.052789,0,0,0,0,96,99,0,0,0,0,0,traj_sz=100
35.2216,2.46712,1.36159,-0.052789,2.5,1.35,0,0,96,99,0.0334488,0.0493763,-0.251581,0.0348669,0,35.2216
35.2416,2.46945,1.36153,-0.0543787,0,0,0,0,96,99,0,0,0,0,0,traj_sz=100
35.2417,2.46945,1.36153,-0.0543787,2.5,1.35,0,0,96,99,0.0311345,0.0467451,-0.248609,0.0326562,0,35.2417
35.2617,2.46945,1.36153,-0.0543787,0,0,0,0,96,99,0,0,0,0,0,traj_sz=100
35.2618,2.46945,1.36153,-0.0543787,2.5,1.35,0,0,96,99,0.0311345,0.0464419,-0.248609,0.0326562,0,35.2618
35.2816,2.47048,1.36155,-0.0598785,0,0,0,0,96,99,0,0,0,0,0,traj_sz=100
35.2817,2.47048,1.36155,-0.0598785,2.5,1.35,0,0,96,99,0.0301554,0.0451056,-0.243712,0.0316967,0,35.2817
35.3016,2.47165,1.36156,-0.0610521,0,0,0,0,96,99,0,0,0,0,0,traj_sz=100
35.3017,2.47165,1.36156,-0.0610521,2.5,1.35,0,0,96,99,0.0290011,0.0436353,-0.242558,0.0306162,0,35.3017
35.3215,2.47258,1.36176,-0.0649537,0,0,0,0,96,99,0,0,0,0,0,traj_sz=100
35.3217,2.47258,1.36176,-0.0649537,2.5,1.35,0,0,96,99,0.0281271,0.0424041,-0.24181,0.0298381,0,35.3217
35.3415,2.47382,1.36139,-0.0641575,0,0,0,0,96,99,0,0,0,0,0,traj_sz=100
35.3417,2.47382,1.36139,-0.0641575,2.5,1.35,0,0,96,99,0.0268569,0.0408665,-0.236573,0.0285499,0,35.3417
35.3615,2.47382,1.36139,-0.0641575,0,0,0,0,96,99,0,0,0,0,0,traj_sz=100
35.3617,2.47382,1.36139,-0.0641575,2.5,1.35,0,0,96,99,0.0268569,0.0405642,-0.236573,0.0285499,0,35.3617
35.3816,2.4744,1.36154,-0.0680801,0,0,0,0,96,99,0,0,0,0,0,traj_sz=100
35.3818,2.4744,1.36154,-0.0680801,2.5,1.35,0,0,96,99,0.0263212,0.0396733,-0.235241,0.0280779,0,35.3818
35.4015,2.47532,1.36153,-0.0699261,0,0,0,0,96,99,0,0,0,0,0,traj_sz=100
35.4016,2.47532,1.36153,-0.0699261,2.5,1.35,0,0,96,99,0.0254243,0.0384579,-0.233212,0.0272411,0,35.4016
35.4215,2.47563,1.36145,-0.0703682,0,0,0,0,96,99,0,0,0,0,0,traj_sz=100
35.4217,2.47563,1.36145,-0.0703682,2.5,1.35,0,0,96,99,0.0251143,0.0378474,-0.23141,0.0269239,0,35.4217
35.4414,2.47656,1.36159,-0.0737412,0,0,0,0,96,99,0,0,0,0,0,traj_sz=100
35.4416,2.47656,1.36159,-0.0737412,2.5,1.35,0,0,96,99,0.0242262,0.0366119,-0.230292,0.0261449,0,35.4416
35.4615,2.47738,1.36151,-0.0728254,0,0,0,0,96,99,0,0,0,0,0,traj_sz=100
35.4616,2.47738,1.36151,-0.0728254,2.5,1.35,0,0,96,99,0.0234009,0.0354972,-0.229686,0.025382,0,35.4616
35.4815,2.47815,1.36152,-0.0752995,0,0,0,0,96,99,0,0,0,0,0,traj_sz=100
35.4817,2.47815,1.36152,-0.0752995,2.5,1.35,0,0,96,99,0.0226512,0.0344178,-0.227414,0.0246967,0,35.4817
35.5015,2.479,1.36134,-0.0761546,0,0,0,0,96,99,0,0,0,0,0,traj_sz=100
35.5017,2.479,1.36134,-0.0761546,2.5,1.35,0,0,96,99,0.0218026,0.0332722,-0.223716,0.0238652,0,35.5017
35.5216,2.47936,1.36142,-0.0771069,0,0,0,0,96,99,0,0,0,0,0,traj_sz=100
35.5217,2.47936,1.36142,-0.0771069,2.5,1.35,0,0,96,99,0.0214585,0.0326078,-0.224036,0.0235891,0,35.5217
35.5415,2.48019,1.36146,-0.0802908,0,0,0,0,96,99,0,0,0,0,0,traj_sz=100
35.5417,2.48019,1.36146,-0.0802908,2.5,1.35,0,0,96,99,0.0206685,0.0314787,-0.221588,0.0228897,0,35.5417
35.5615,2.48088,1.36153,-0.0810695,0,0,0,0,96,99,0,0,0,0,0,traj_sz=100
35.5616,2.48088,1.36153,-0.0810695,2.5,1.35,0,0,96,99,0.0199939,0.0304882,-0.221764,0.022331,0,35.5616
35.5815,2.48188,1.36113,-0.0791243,0,0,0,0,96,99,0,0,0,0,0,traj_sz=100
35.5816,2.48188,1.36113,-0.0791243,2.5,1.35,0,0,97,99,0.0189425,0.0291842,-0.191625,0.0212651,0,35.5816
35.6014,2.48251,1.36103,-0.081633,0,0,0,0,97,99,0,0,0,0,0,traj_sz=100
35.6015,2.48251,1.36103,-0.081633,2.5,1.35,0,0,97,99,0.0183291,0.0281962,-0.187784,0.0206749,0,35.6015
35.6217,2.48268,1.36095,-0.080765,0,0,0,0,97,99,0,0,0,0,0,traj_sz=100
35.6219,2.48268,1.36095,-0.080765,2.5,1.35,0,0,97,99,0.018149,0.0276488,-0.187386,0.0204929,0,35.6219
35.6414,2.48356,1.36106,-0.0838297,0,0,0,0,97,99,0,0,0,0,0,traj_sz=100
35.6416,2.48356,1.36106,-0.0838297,2.5,1.35,0,0,97,99,0.0173092,0.0263962,-0.186169,0.0198134,0,35.6416
35.6615,2.48418,1.36101,-0.0845871,0,0,0,0,97,99,0,0,0,0,0,traj_sz=100
35.6616,2.48418,1.36101,-0.0845871,2.5,1.35,0,0,97,99,0.0166976,0.0254035,-0.184785,0.019279,0,35.6616
35.6816,2.48442,1.36107,-0.0851662,0,0,0,0,97,99,0,0,0,0,0,traj_sz=100
35.6817,2.48442,1.36107,-0.0851662,2.5,1.35,0,0,97,99,0.0164685,0.0247852,-0.185075,0.0191142,0,35.6817
35.7016,2.48461,1.36092,-0.0849951,0,0,0,0,97,99,0,0,0,0,0,traj_sz=100
35.7017,2.48461,1.36092,-0.0849951,2.5,1.35,0,0,97,99,0.0162653,0.0242194,-0.183039,0.0188753,0,35.7017
35.7216,2.48461,1.36092,-0.0849951,0,0,0,0,97,99,0,0,0,0,0,traj_sz=100
35.7217,2.48461,1.36092,-0.0849951,2.5,1.35,0,0,97,99,0.0162653,0.0238446,-0.183039,0.0188753,0,35.7217
35.7415,2.48501,1.36096,-0.0861614,0,0,0,0,97,99,0,0,0,0,0,traj_sz=100
35.7416,2.48501,1.36096,-0.0861614,2.5,1.35,0,0,97,99,0.0158797,0.0230686,-0.182467,0.0185694,0,35.7416
35.7615,2.48548,1.36089,-0.0866493,0,0,0,0,97,99,0,0,0,0,0,traj_sz=100
35.7616,2.48548,1.36089,-0.0866493,2.5,1.35,0,0,97,99,0.0154079,0.0222206,-0.181057,0.0181522,0,35.7616
35.7816,2.48571,1.36103,-0.0881811,0,0,0,0,97,99,0,0,0,0,0,traj_sz=100
35.7817,2.48571,1.36103,-0.0881811,2.5,1.35,0,0,97,99,0.015208,0.0216141,-0.181732,0.0180547,0,35.7817
35.8015,2.48581,1.36089,-0.0866464,0,0,0,0,97,99,0,0,0,0,0,traj_sz=100
35.8017,2.48581,1.36089,-0.0866464,2.5,1.35,0,0,97,99,0.0150771,0.0211351,-0.181,0.0178864,0,35.8017
35.8216,2.48605,1.36085,-0.0862216,0,0,0,0,97,99,0,0,0,0,0,traj_sz=100
35.8217,2.48605,1.36085,-0.0862216,2.5,1.35,0,0,97,99,0.0148378,0.0205261,-0.180814,0.0176796,0,35.8217
35.8414,2.48694,1.36102,-0.0891877,0,0,0,0,97,99,0,0,0,0,0,traj_sz=100
35.8415,2.48694,1.36102,-0.0891877,2.5,1.35,0,0,97,99,0.0139907,0.0192606,-0.180523,0.0170876,0,35.8415
35.8616,2.48694,1.36102,-0.0891877,0,0,0,0,97,99,0,0,0,0,0,traj_sz=100
35.8618,2.48694,1.36102,-0.0891877,2.5,1.35,0,0,97,99,0.0139907,0.0188789,-0.180523,0.0170876,0,35.8618
35.8816,2.48706,1.36107,-0.0906063,0,0,0,0,97,99,0,0,0,0,0,traj_sz=100
35.8817,2.48706,1.36107,-0.0906063,2.5,1.35,0,0,97,99,0.0138907,0.0183855,-0.179982,0.0170291,0,35.8817
35.9015,2.48748,1.36089,-0.0901252,0,0,0,0,97,99,0,0,0,0,0,traj_sz=100
35.9017,2.48748,1.36089,-0.0901252,2.5,1.35,0,0,97,99,0.0134514,0.0175898,-0.177672,0.0165929,0,35.9017
35.9214,2.48748,1.36089,-0.0901252,0,0,0,0,97,99,0,0,0,0,0,traj_sz=100
35.9215,2.48748,1.36089,-0.0901252,2.5,1.35,0,0,97,99,0.0134514,0.0172179,-0.177672,0.0165929,0,35.9215
35.9415,2.48808,1.36092,-0.0913908,0,0,0,0,97,99,0,0,0,0,0,traj_sz=100
35.9416,2.48808,1.36092,-0.0913908,2.5,1.35,0,0,97,99,0.0128662,0.0162375,-0.176987,0.016165,0,35.9416
35.9615,2.48808,1.36092,-0.0913908,0,0,0,0,97,99,0,0,0,0,0,traj_sz=100
35.9616,2.48808,1.36092,-0.0913908,2.5,1.35,0,0,97,99,0.0128662,0.0159263,-0.176987,0.016165,0,35.9616
35.9814,2.48828,1.36074,-0.0894694,0,0,0,0,97,99,0,0,0,0,0,traj_sz=100
35.9815,2.48828,1.36074,-0.0894694,2.5,1.35,0,0,97,99,0.0126339,0.0155048,-0.176081,0.0159004,0,35.9815
36.0014,2.48852,1.3609,-0.0911753,0,0,0,0,97,99,0,0,0,0,0,traj_sz=100
36.0015,2.48852,1.3609,-0.0911753,2.5,1.35,0,0,97,99,0.0124272,0.0150435,-0.176831,0.015831,0,36.0015
36.0215,2.48866,1.36094,-0.0915821,0,0,0,0,97,99,0,0,0,0,0,traj_sz=100
36.0215,2.48866,1.36094,-0.0915821,2.5,1.35,0,0,97,99,0.0122913,0.0146752,-0.177037,0.0157537,0,36.0215
36.0416,2.48867,1.36097,-0.0928222,0,0,0,0,97,99,0,0,0,0,0,traj_sz=100
36.0417,2.48867,1.36097,-0.0928222,2.5,1.35,0,0,97,99,0.0122946,0.0144379,-0.176359,0.0157657,0,36.0417
36.0614,2.4891,1.36093,-0.0924224,0,0,0,0,97,99,0,0,0,0,0,traj_sz=100
36.0616,2.4891,1.36093,-0.0924224,2.5,1.35,0,0,97,99,0.0118608,0.0137874,-0.176122,0.0154341,0,36.0616
36.0814,2.48907,1.3609,-0.0932756,0,0,0,0,97,99,0,0,0,0,0,traj_sz=100
36.0815,2.48907,1.3609,-0.0932756,2.5,1.35,0,0,97,99,0.0119018,0.0136007,-0.174903,0.0154379,0,36.0815
36.1015,2.48918,1.36093,-0.0935883,0,0,0,0,97,99,0,0,0,0,0,traj_sz=100
36.1016,2.48918,1.36093,-0.0935883,2.5,1.35,0,0,97,99,0.0117979,0.0132653,-0.175064,0.0153812,0,36.1016
36.1215,2.48919,1.36093,-0.0945055,0,0,0,0,97,99,0,0,0,0,0,traj_sz=100
36.1217,2.48919,1.36093,-0.0945055,2.5,1.35,0,0,97,99,0.0117977,0.013032,-0.174207,0.0153734,0,36.1217
36.1414,2.48919,1.36093,-0.0945055,0,0,0,0,97,99,0,0,0,0,0,traj_sz=100
36.1415,2.48919,1.36093,-0.0945055,2.5,1.35,0,0,97,99,0.0117977,0.0128108,-0.174207,0.0153734,0,36.1415
36.1614,2.48919,1.36093,-0.0945055,0,0,0,0,97,99,0,0,0,0,0,traj_sz=100
36.1615,2.48919,1.36093,-0.0945055,2.5,1.35,0,0,97,99,0.0117977,0.0125872,-0.174207,0.0153734,0,36.1615
36.1814,2.48919,1.36093,-0.0945055,0,0,0,0,97,99,0,0,0,0,0,traj_sz=100
36.1816,2.48919,1.36093,-0.0945055,2.5,1.35,0,0,97,99,0.0117977,0.0123628,-0.174207,0.0153734,0,36.1816
36.2015,2.48919,1.36093,-0.0945055,0,0,0,0,97,99,0,0,0,0,0,traj_sz=100
36.2016,2.48919,1.36093,-0.0945055,2.5,1.35,0,0,97,99,0.0117977,0.0121387,-0.174207,0.0153734,0,36.2016
36.2214,2.48919,1.36093,-0.0945055,0,0,0,0,97,99,0,0,0,0,0,traj_sz=100
36.2215,2.48919,1.36093,-0.0945055,2.5,1.35,0,0,97,99,0.0117977,0.011916,-0.174207,0.0153734,0,36.2215
36.2414,2.4894,1.36106,-0.0960444,0,0,0,0,97,99,0,0,0,0,0,traj_sz=100
36.2415,2.4894,1.36106,-0.0960444,2.5,1.35,0,0,97,99,0.0116087,0.0114738,-0.174885,0.0153202,0,36.2415
36.2615,2.4894,1.36106,-0.0960444,0,0,0,0,97,99,0,0,0,0,0,traj_sz=100
36.2616,2.4894,1.36106,-0.0960444,2.5,1.35,0,0,97,99,0.0116087,0.0112494,-0.174885,0.0153202,0,36.2616
36.2815,2.4894,1.36106,-0.0960444,0,0,0,0,97,99,0,0,0,0,0,traj_sz=100
36.2818,2.4894,1.36106,-0.0960444,2.5,1.35,0,0,97,99,0.0116087,0.0110245,-0.174885,0.0153202,0,36.2818
36.3016,2.48951,1.36101,-0.0954817,0,0,0,0,97,99,0,0,0,0,0,traj_sz=100
36.3016,2.48951,1.36101,-0.0954817,2.5,1.35,0,0,97,99,0.011494,0.0106971,-0.174626,0.0152113,0,36.3016
36.3215,2.48964,1.36105,-0.0958536,0,0,0,0,97,99,0,0,0,0,0,traj_sz=100
36.3216,2.48964,1.36105,-0.0958536,2.5,1.35,0,0,97,99,0.0113703,0.0103604,-0.174819,0.0151471,0,36.3216
36.3414,2.48973,1.36093,-0.0945414,0,0,0,0,97,99,0,0,0,0,0,traj_sz=100
36.3416,2.48973,1.36093,-0.0945414,2.5,1.35,0,0,97,99,0.0112581,0.0102722,-0.174188,0.014999,0,36.3416
36.3616,2.48973,1.36093,-0.0945414,0,0,0,0,97,99,0,0,0,0,0,traj_sz=100
36.3617,2.48973,1.36093,-0.0945414,2.5,1.35,0,0,97,99,0.0112581,0.0102722,-0.174188,0.014999,0,36.3617
36.3815,2.48975,1.36091,-0.0937219,0,0,0,0,97,99,0,0,0,0,0,traj_sz=100
36.3816,2.48975,1.36091,-0.0937219,2.5,1.35,0,0,97,99,0.0112303,0.0102542,-0.174663,0.0149739,0,36.3816
36.4015,2.48975,1.36091,-0.0937219,0,0,0,0,97,99,0,0,0,0,0,traj_sz=100
36.4016,2.48975,1.36091,-0.0937219,2.5,1.35,0,0,97,99,0.0112303,0.0102542,-0.174663,0.0149739,0,36.4016
36.4215,2.48975,1.36091,-0.0937219,0,0,0,0,97,99,0,0,0,0,0,traj_sz=100
36.4216,2.48975,1.36091,-0.0937219,2.5,1.35,0,0,97,99,0.0112303,0.0102542,-0.174663,0.0149739,0,36.4216
36.4415,2.48975,1.36091,-0.0937219,0,0,0,0,97,99,0,0,0,0,0,traj_sz=100
36.4418,2.48975,1.36091,-0.0937219,2.5,1.35,0,0,97,99,0.0112303,0.0102542,-0.174663,0.0149739,0,36.4418
36.4615,2.48975,1.36091,-0.0937219,0,0,0,0,97,99,0,0,0,0,0,traj_sz=100
36.4617,2.48975,1.36091,-0.0937219,2.5,1.35,0,0,97,99,0.0112303,0.0102542,-0.174663,0.0149739,0,36.4617
36.4815,2.48996,1.36104,-0.0951938,0,0,0,0,97,99,0,0,0,0,0,traj_sz=100
36.4816,2.48996,1.36104,-0.0951938,2.5,1.35,0,0,97,99,0.0110434,0.0100391,-0.175311,0.0149253,0,36.4816
36.5015,2.49007,1.36099,-0.0945955,0,0,0,0,97,99,0,0,0,0,0,traj_sz=100
36.5016,2.49007,1.36099,-0.0945955,2.5,1.35,0,0,97,99,0.0109212,0.00992749,-0.175037,0.0148106,0,36.5016
36.5214,2.49008,1.36102,-0.0958478,0,0,0,0,97,99,0,0,0,0,0,traj_sz=100
36.5216,2.49008,1.36102,-0.0958478,2.5,1.35,0,0,97,99,0.0109242,0.00991504,-0.174357,0.0148245,0,36.5216
36.5415,2.49056,1.361,-0.0969513,0,0,0,0,97,99,0,0,0,0,0,traj_sz=100
36.5418,2.49056,1.361,-0.0969513,2.5,1.35,0,0,97,99,0.0104578,0.0094375,-0.172985,0.0144919,0,36.5418
36.5617,2.49056,1.361,-0.0969513,0,0,0,0,97,99,0,0,0,0,0,traj_sz=100
36.5619,2.49056,1.361,-0.0969513,2.5,1.35,0,0,97,99,0.0104578,0.0094375,-0.172985,0.0144919,0,36.5619
36.5814,2.49067,1.36095,-0.0963958,0,0,0,0,97,99,0,0,0,0,0,traj_sz=100
36.5815,2.49067,1.36095,-0.0963958,2.5,1.35,0,0,97,99,0.0103448,0.00933447,-0.172733,0.0143872,0,36.5815
36.6015,2.49098,1.36073,-0.0955331,0,0,0,0,97,99,0,0,0,0,0,traj_sz=100
36.6017,2.49098,1.36073,-0.0955331,2.5,1.35,0,0,97,99,0.010002,0.00901929,-0.170276,0.0140201,0,36.6017
36.6214,2.49098,1.36073,-0.0955331,0,0,0,0,97,99,0,0,0,0,0,traj_sz=100
36.6215,2.49098,1.36073,-0.0955331,2.5,1.35,0,0,97,99,0.010002,0.00901929,-0.170276,0.0140201,0,36.6215
36.6415,2.49098,1.36073,-0.0955331,0,0,0,0,97,99,0,0,0,0,0,traj_sz=100
36.6417,2.49098,1.36073,-0.0955331,2.5,1.35,0,0,97,99,0.010002,0.00901929,-0.170276,0.0140201,0,36.6417
36.6616,2.49109,1.36085,-0.0968866,0,0,0,0,97,99,0,0,0,0,0,traj_sz=100
36.6617,2.49109,1.36085,-0.0968866,2.5,1.35,0,0,97,99,0.00991373,0.00890552,-0.170853,0.01404,0,36.6617
36.6815,2.49109,1.36085,-0.0968866,0,0,0,0,97,99,0,0,0,0,0,traj_sz=100
36.6816,2.49109,1.36085,-0.0968866,2.5,1.35,0,0,97,99,0.00991373,0.00890552,-0.170853,0.01404,0,36.6816
36.7016,2.49109,1.36085,-0.0968866,0,0,0,0,97,99,0,0,0,0,0,traj_sz=100
36.7017,2.49109,1.36085,-0.0968866,2.5,1.35,0,0,97,99,0.00991373,0.00890552,-0.170853,0.01404,0,36.7017
36.7215,2.49109,1.36085,-0.0968866,0,0,0,0,97,99,0,0,0,0,0,traj_sz=100
36.7216,2.49109,1.36085,-0.0968866,2.5,1.35,0,0,97,99,0.00991373,0.00890552,-0.170853,0.01404,0,36.7216
36.7416,2.49109,1.36085,-0.0968866,0,0,0,0,97,99,0,0,0,0,0,traj_sz=100
36.7417,2.49109,1.36085,-0.0968866,2.5,1.35,0,0,97,99,0.00991373,0.00890552,-0.170853,0.01404,0,36.7417
36.7617,2.49109,1.36085,-0.0968866,0,0,0,0,97,99,0,0,0,0,0,traj_sz=100
36.7618,2.49109,1.36085,-0.0968866,2.5,1.35,0,0,97,99,0.00991373,0.00890552,-0.170853,0.01404,0,36.7618
36.7815,2.49109,1.36085,-0.0968866,0,0,0,0,97,99,0,0,0,0,0,traj_sz=100
36.7816,2.49109,1.36085,-0.0968866,2.5,1.35,0,0,97,99,0.00991373,0.00890552,-0.170853,0.01404,0,36.7816
36.8014,2.49109,1.36085,-0.0968866,0,0,0,0,97,99,0,0,0,0,0,traj_sz=100
36.8015,2.49109,1.36085,-0.0968866,2.5,1.35,0,0,97,99,0.00991373,0.00890552,-0.170853,0.01404,0,36.8015
36.8216,2.49109,1.36085,-0.0968866,0,0,0,0,97,99,0,0,0,0,0,traj_sz=100
36.8218,2.49109,1.36085,-0.0968866,2.5,1.35,0,0,97,99,0.00991373,0.00890552,-0.170853,0.01404,0,36.8218
36.8414,2.49109,1.36085,-0.0968866,0,0,0,0,97,99,0,0,0,0,0,traj_sz=100
36.8415,2.49109,1.36085,-0.0968866,2.5,1.35,0,0,97,99,0.00991373,0.00890552,-0.170853,0.01404,0,36.8415
36.8615,2.49109,1.36085,-0.0968866,0,0,0,0,97,99,0,0,0,0,0,traj_sz=100
36.8616,2.49109,1.36085,-0.0968866,2.5,1.35,0,0,97,99,0.00991373,0.00890552,-0.170853,0.01404,0,36.8616
36.8814,2.4912,1.36081,-0.0963391,0,0,0,0,97,99,0,0,0,0,0,traj_sz=100
36.8815,2.4912,1.36081,-0.0963391,2.5,1.35,0,0,97,99,0.00980248,0.00880396,-0.170605,0.0139378,0,36.8815
36.9015,2.49131,1.36084,-0.0966655,0,0,0,0,97,99,0,0,0,0,0,traj_sz=100
36.9017,2.49131,1.36084,-0.0966655,2.5,1.35,0,0,97,99,0.00969501,0.0086897,-0.170772,0.0138902,0,36.9017
36.9214,2.49131,1.36084,-0.0966655,0,0,0,0,97,99,0,0,0,0,0,traj_sz=100
36.9216,2.49131,1.36084,-0.0966655,2.5,1.35,0,0,97,99,0.00969501,0.0086897,-0.170772,0.0138902,0,36.9216
36.9414,2.49131,1.36084,-0.0966655,0,0,0,0,97,99,0,0,0,0,0,traj_sz=100
36.9415,2.49131,1.36084,-0.0966655,2.5,1.35,0,0,97,99,0.00969501,0.0086897,-0.170772,0.0138902,0,36.9415
36.9615,2.49131,1.36084,-0.0966655,0,0,0,0,97,99,0,0,0,0,0,traj_sz=100
36.9616,2.49131,1.36084,-0.0966655,2.5,1.35,0,0,97,99,0.00969501,0.0086897,-0.170772,0.0138902,0,36.9616
36.9816,2.49131,1.36084,-0.0966655,0,0,0,0,97,99,0,0,0,0,0,traj_sz=100
36.9817,2.49131,1.36084,-0.0966655,2.5,1.35,0,0,97,99,0.00969501,0.0086897,-0.170772,0.0138902,0,36.9817
37.0015,2.49131,1.36084,-0.0966655,0,0,0,0,97,99,0,0,0,0,0,traj_sz=100
37.0016,2.49131,1.36084,-0.0966655,2.5,1.35,0,0,97,99,0.00969501,0.0086897,-0.170772,0.0138902,0,37.0016
37.0215,2.49131,1.36084,-0.0966655,0,0,0,0,97,99,0,0,0,0,0,traj_sz=100
37.0217,2.49131,1.36084,-0.0966655,2.5,1.35,0,0,97,99,0.00969501,0.0086897,-0.170772,0.0138902,0,37.0217
37.0415,2.49131,1.36084,-0.0966655,0,0,0,0,97,99,0,0,0,0,0,traj_sz=100
37.0416,2.49131,1.36084,-0.0966655,2.5,1.35,0,0,97,99,0.00969501,0.0086897,-0.170772,0.0138902,0,37.0416
37.0616,2.49131,1.36084,-0.0966655,0,0,0,0,97,99,0,0,0,0,0,traj_sz=100
37.0616,2.49131,1.36084,-0.0966655,2.5,1.35,0,0,97,99,0.00969501,0.0086897,-0.170772,0.0138902,0,37.0616
37.0815,2.49131,1.36084,-0.0966655,0,0,0,0,97,99,0,0,0,0,0,traj_sz=100
37.0817,2.49131,1.36084,-0.0966655,2.5,1.35,0,0,97,99,0.00969501,0.0086897,-0.170772,0.0138902,0,37.0817
37.1014,2.49131,1.36084,-0.0966655,0,0,0,0,97,99,0,0,0,0,0,traj_sz=100
37.1015,2.49131,1.36084,-0.0966655,2.5,1.35,0,0,97,99,0.00969501,0.0086897,-0.170772,0.0138902,0,37.1015
37.1214,2.49131,1.36084,-0.0966655,0,0,0,0,97,99,0,0,0,0,0,traj_sz=100
37.1215,2.49131,1.36084,-0.0966655,2.5,1.35,0,0,97,99,0.00969501,0.0086897,-0.170772,0.0138902,0,37.1215
37.1415,2.49131,1.36084,-0.0966655,0,0,0,0,97,99,0,0,0,0,0,traj_sz=100
37.1418,2.49131,1.36084,-0.0966655,2.5,1.35,0,0,97,99,0.00969501,0.0086897,-0.170772,0.0138902,0,37.1418
37.1614,2.49131,1.36084,-0.0966655,0,0,0,0,97,99,0,0,0,0,0,traj_sz=100
37.1615,2.49131,1.36084,-0.0966655,2.5,1.35,0,0,97,99,0.00969501,0.0086897,-0.170772,0.0138902,0,37.1615
37.1816,2.49131,1.36084,-0.0966655,0,0,0,0,97,99,0,0,0,0,0,traj_sz=100
37.1819,2.49131,1.36084,-0.0966655,2.5,1.35,0,0,97,99,0.00969501,0.0086897,-0.170772,0.0138902,0,37.1819
37.2015,2.49131,1.36084,-0.0966655,0,0,0,0,97,99,0,0,0,0,0,traj_sz=100
37.2016,2.49131,1.36084,-0.0966655,2.5,1.35,0,0,97,99,0.00969501,0.0086897,-0.170772,0.0138902,0,37.2016
37.2215,2.49131,1.36084,-0.0966655,0,0,0,0,97,99,0,0,0,0,0,traj_sz=100
37.2216,2.49131,1.36084,-0.0966655,2.5,1.35,0,0,97,99,0.00969501,0.0086897,-0.170772,0.0138902,0,37.2216
37.2415,2.49131,1.36084,-0.0966655,0,0,0,0,97,99,0,0,0,0,0,traj_sz=100
37.2417,2.49131,1.36084,-0.0966655,2.5,1.35,0,0,97,99,0.00969501,0.0086897,-0.170772,0.0138902,0,37.2417
37.2615,2.49131,1.36084,-0.0966655,0,0,0,0,97,99,0,0,0,0,0,traj_sz=100
37.2616,2.49131,1.36084,-0.0966655,2.5,1.35,0,0,97,99,0.00969501,0.0086897,-0.170772,0.0138902,0,37.2616
37.2814,2.49131,1.36084,-0.0966655,0,0,0,0,97,99,0,0,0,0,0,traj_sz=100
37.2815,2.49131,1.36084,-0.0966655,2.5,1.35,0,0,97,99,0.00969501,0.0086897,-0.170772,0.0138902,0,37.2815
37.3016,2.49131,1.36084,-0.0966655,0,0,0,0,97,99,0,0,0,0,0,traj_sz=100
37.3017,2.49131,1.36084,-0.0966655,2.5,1.35,0,0,97,99,0.00969501,0.0086897,-0.170772,0.0138902,0,37.3017
37.3214,2.49131,1.36084,-0.0966655,0,0,0,0,97,99,0,0,0,0,0,traj_sz=100
37.3217,2.49131,1.36084,-0.0966655,2.5,1.35,0,0,97,99,0.00969501,0.0086897,-0.170772,0.0138902,0,37.3217
37.3414,2.49133,1.36085,-0.097424,0,0,0,0,97,99,0,0,0,0,0,traj_sz=100
37.3416,2.49133,1.36085,-0.097424,2.5,1.35,0,0,97,99,0.00968455,0.00867017,-0.170309,0.0138896,0,37.3416
37.3615,2.49133,1.36085,-0.097424,0,0,0,0,97,99,0,0,0,0,0,traj_sz=100
37.3616,2.49133,1.36085,-0.097424,2.5,1.35,0,0,97,99,0.00968455,0.00867017,-0.170309,0.0138896,0,37.3616
37.3815,2.49133,1.36085,-0.097424,0,0,0,0,97,99,0,0,0,0,0,traj_sz=100
37.3817,2.49133,1.36085,-0.097424,2.5,1.35,0,0,97,99,0.00968455,0.00867017,-0.170309,0.0138896,0,37.3817
37.4015,2.49133,1.36085,-0.097424,0,0,0,0,97,99,0,0,0,0,0,traj_sz=100
37.4017,2.49133,1.36085,-0.097424,2.5,1.35,0,0,97,99,0.00968455,0.00867017,-0.170309,0.0138896,0,37.4017
37.4215,2.49133,1.36085,-0.097424,0,0,0,0,97,99,0,0,0,0,0,traj_sz=100
37.4216,2.49133,1.36085,-0.097424,2.5,1.35,0,0,97,99,0.00968455,0.00867017,-0.170309,0.0138896,0,37.4216
37.4414,2.49133,1.36085,-0.097424,0,0,0,0,97,99,0,0,0,0,0,traj_sz=100
37.4415,2.49133,1.36085,-0.097424,2.5,1.35,0,0,97,99,0.00968455,0.00867017,-0.170309,0.0138896,0,37.4415
37.4615,2.49133,1.36085,-0.097424,0,0,0,0,97,99,0,0,0,0,0,traj_sz=100
37.4616,2.49133,1.36085,-0.097424,2.5,1.35,0,0,97,99,0.00968455,0.00867017,-0.170309,0.0138896,0,37.4616
37.4816,2.49133,1.36085,-0.097424,0,0,0,0,97,99,0,0,0,0,0,traj_sz=100
37.4817,2.49133,1.36085,-0.097424,2.5,1.35,0,0,97,99,0.00968455,0.00867017,-0.170309,0.0138896,0,37.4817
37.5015,2.49133,1.36085,-0.097424,0,0,0,0,97,99,0,0,0,0,0,traj_sz=100
37.5017,2.49133,1.36085,-0.097424,2.5,1.35,0,0,97,99,0.00968455,0.00867017,-0.170309,0.0138896,0,37.5017
37.5215,2.49133,1.36085,-0.097424,0,0,0,0,97,99,0,0,0,0,0,traj_sz=100
37.5217,2.49133,1.36085,-0.097424,2.5,1.35,0,0,97,99,0.00968455,0.00867017,-0.170309,0.0138896,0,37.5217
37.5415,2.49133,1.36085,-0.097424,0,0,0,0,97,99,0,0,0,0,0,traj_sz=100
37.5416,2.49133,1.36085,-0.097424,2.5,1.35,0,0,97,99,0.00968455,0.00867017,-0.170309,0.0138896,0,37.5416
37.5616,2.49133,1.36085,-0.097424,0,0,0,0,97,99,0,0,0,0,0,traj_sz=100
37.5617,2.49133,1.36085,-0.097424,2.5,1.35,0,0,97,99,0.00968455,0.00867017,-0.170309,0.0138896,0,37.5617
37.5814,2.49133,1.36085,-0.097424,0,0,0,0,97,99,0,0,0,0,0,traj_sz=100
37.5815,2.49133,1.36085,-0.097424,2.5,1.35,0,0,97,99,0.00968455,0.00867017,-0.170309,0.0138896,0,37.5815
37.6014,2.49133,1.36085,-0.097424,0,0,0,0,97,99,0,0,0,0,0,traj_sz=100
37.6016,2.49133,1.36085,-0.097424,2.5,1.35,0,0,97,99,0.00968455,0.00867017,-0.170309,0.0138896,0,37.6016
37.6216,2.49133,1.36085,-0.097424,0,0,0,0,97,99,0,0,0,0,0,traj_sz=100
37.6219,2.49133,1.36085,-0.097424,2.5,1.35,0,0,97,99,0.00968455,0.00867017,-0.170309,0.0138896,0,37.6219
37.6415,2.49133,1.36085,-0.097424,0,0,0,0,97,99,0,0,0,0,0,traj_sz=100
37.6416,2.49133,1.36085,-0.097424,2.5,1.35,0,0,97,99,0.00968455,0.00867017,-0.170309,0.0138896,0,37.6416
37.6615,2.49133,1.36085,-0.097424,0,0,0,0,97,99,0,0,0,0,0,traj_sz=100
37.6616,2.49133,1.36085,-0.097424,2.5,1.35,0,0,97,99,0.00968455,0.00867017,-0.170309,0.0138896,0,37.6616
37.6814,2.49133,1.36085,-0.097424,0,0,0,0,97,99,0,0,0,0,0,traj_sz=100
37.6816,2.49133,1.36085,-0.097424,2.5,1.35,0,0,97,99,0.00968455,0.00867017,-0.170309,0.0138896,0,37.6816
37.7014,2.49133,1.36085,-0.097424,0,0,0,0,97,99,0,0,0,0,0,traj_sz=100
37.7015,2.49133,1.36085,-0.097424,2.5,1.35,0,0,97,99,0.00968455,0.00867017,-0.170309,0.0138896,0,37.7015
37.7214,2.49133,1.36085,-0.097424,0,0,0,0,97,99,0,0,0,0,0,traj_sz=100
37.7216,2.49133,1.36085,-0.097424,2.5,1.35,0,0,97,99,0.00968455,0.00867017,-0.170309,0.0138896,0,37.7216
37.7414,2.49133,1.36085,-0.097424,0,0,0,0,97,99,0,0,0,0,0,traj_sz=100
37.7415,2.49133,1.36085,-0.097424,2.5,1.35,0,0,97,99,0.00968455,0.00867017,-0.170309,0.0138896,0,37.7415
37.7616,2.49133,1.36085,-0.097424,0,0,0,0,97,99,0,0,0,0,0,traj_sz=100
37.7617,2.49133,1.36085,-0.097424,2.5,1.35,0,0,97,99,0.00968455,0.00867017,-0.170309,0.0138896,0,37.7617
37.7814,2.49133,1.36085,-0.097424,0,0,0,0,97,99,0,0,0,0,0,traj_sz=100
37.7815,2.49133,1.36085,-0.097424,2.5,1.35,0,0,97,99,0.00968455,0.00867017,-0.170309,0.0138896,0,37.7815
37.8014,2.49133,1.36085,-0.097424,0,0,0,0,97,99,0,0,0,0,0,traj_sz=100
37.8015,2.49133,1.36085,-0.097424,2.5,1.35,0,0,97,99,0.00968455,0.00867017,-0.170309,0.0138896,0,37.8015
37.8214,2.49133,1.36085,-0.097424,0,0,0,0,97,99,0,0,0,0,0,traj_sz=100
37.8216,2.49133,1.36085,-0.097424,2.5,1.35,0,0,97,99,0.00968455,0.00867017,-0.170309,0.0138896,0,37.8216
37.8414,2.49133,1.36085,-0.097424,0,0,0,0,97,99,0,0,0,0,0,traj_sz=100
37.8415,2.49133,1.36085,-0.097424,2.5,1.35,0,0,97,99,0.00968455,0.00867017,-0.170309,0.0138896,0,37.8415
37.8614,2.49133,1.36085,-0.097424,0,0,0,0,97,99,0,0,0,0,0,traj_sz=100
37.8615,2.49133,1.36085,-0.097424,2.5,1.35,0,0,97,99,0.00968455,0.00867017,-0.170309,0.0138896,0,37.8615
37.8814,2.49133,1.36085,-0.097424,0,0,0,0,97,99,0,0,0,0,0,traj_sz=100
37.8816,2.49133,1.36085,-0.097424,2.5,1.35,0,0,97,99,0.00968455,0.00867017,-0.170309,0.0138896,0,37.8816
37.9017,2.49133,1.36085,-0.097424,0,0,0,0,97,99,0,0,0,0,0,traj_sz=100
37.9018,2.49133,1.36085,-0.097424,2.5,1.35,0,0,97,99,0.00968455,0.00867017,-0.170309,0.0138896,0,37.9018
37.9215,2.49133,1.36085,-0.097424,0,0,0,0,97,99,0,0,0,0,0,traj_sz=100
37.9217,2.49133,1.36085,-0.097424,2.5,1.35,0,0,97,99,0.00968455,0.00867017,-0.170309,0.0138896,0,37.9217
37.9414,2.49133,1.36085,-0.097424,0,0,0,0,97,99,0,0,0,0,0,traj_sz=100
37.9414,2.49133,1.36085,-0.097424,2.5,1.35,0,0,97,99,0.00968455,0.00867017,-0.170309,0.0138896,0,37.9414
37.9615,2.49133,1.36085,-0.097424,0,0,0,0,97,99,0,0,0,0,0,traj_sz=100
37.9616,2.49133,1.36085,-0.097424,2.5,1.35,0,0,97,99,0.00968455,0.00867017,-0.170309,0.0138896,0,37.9616
37.9816,2.49133,1.36085,-0.097424,0,0,0,0,97,99,0,0,0,0,0,traj_sz=100
37.9817,2.49133,1.36085,-0.097424,2.5,1.35,0,0,97,99,0.00968455,0.00867017,-0.170309,0.0138896,0,37.9817
38.0015,2.49133,1.36085,-0.097424,0,0,0,0,97,99,0,0,0,0,0,traj_sz=100
38.0016,2.49133,1.36085,-0.097424,2.5,1.35,0,0,97,99,0.00968455,0.00867017,-0.170309,0.0138896,0,38.0016
38.0214,2.49133,1.36085,-0.097424,0,0,0,0,97,99,0,0,0,0,0,traj_sz=100
38.0215,2.49133,1.36085,-0.097424,2.5,1.35,0,0,97,99,0.00968455,0.00867017,-0.170309,0.0138896,0,38.0215
38.0416,2.49133,1.36085,-0.097424,0,0,0,0,97,99,0,0,0,0,0,traj_sz=100
38.0417,2.49133,1.36085,-0.097424,2.5,1.35,0,0,97,99,0.00968455,0.00867017,-0.170309,0.0138896,0,38.0417
38.0614,2.49133,1.36085,-0.097424,0,0,0,0,97,99,0,0,0,0,0,traj_sz=100
38.0615,2.49133,1.36085,-0.097424,2.5,1.35,0,0,97,99,0.00968455,0.00867017,-0.170309,0.0138896,0,38.0615
38.0815,2.49133,1.36085,-0.097424,0,0,0,0,97,99,0,0,0,0,0,traj_sz=100
38.0816,2.49133,1.36085,-0.097424,2.5,1.35,0,0,97,99,0.00968455,0.00867017,-0.170309,0.0138896,0,38.0816
38.1014,2.49133,1.36085,-0.097424,0,0,0,0,97,99,0,0,0,0,0,traj_sz=100
38.1016,2.49133,1.36085,-0.097424,2.5,1.35,0,0,97,99,0.00968455,0.00867017,-0.170309,0.0138896,0,38.1016
38.1214,2.49133,1.36085,-0.097424,0,0,0,0,97,99,0,0,0,0,0,traj_sz=100
38.1215,2.49133,1.36085,-0.097424,2.5,1.35,0,0,97,99,0.00968455,0.00867017,-0.170309,0.0138896,0,38.1215
38.1415,2.49133,1.36085,-0.097424,0,0,0,0,97,99,0,0,0,0,0,traj_sz=100
38.1419,2.49133,1.36085,-0.097424,2.5,1.35,0,0,97,99,0.00968455,0.00867017,-0.170309,0.0138896,0,38.1419
38.1615,2.49133,1.36085,-0.097424,0,0,0,0,97,99,0,0,0,0,0,traj_sz=100
38.1618,2.49133,1.36085,-0.097424,2.5,1.35,0,0,97,99,0.00968455,0.00867017,-0.170309,0.0138896,0,38.1618
38.1815,2.49133,1.36085,-0.097424,0,0,0,0,97,99,0,0,0,0,0,traj_sz=100
38.1816,2.49133,1.36085,-0.097424,2.5,1.35,0,0,97,99,0.00968455,0.00867017,-0.170309,0.0138896,0,38.1816
38.2017,2.49133,1.36085,-0.097424,0,0,0,0,97,99,0,0,0,0,0,traj_sz=100
38.202,2.49133,1.36085,-0.097424,2.5,1.35,0,0,97,99,0.00968455,0.00867017,-0.170309,0.0138896,0,38.202
38.2216,2.49133,1.36085,-0.097424,0,0,0,0,97,99,0,0,0,0,0,traj_sz=100
38.2217,2.49133,1.36085,-0.097424,2.5,1.35,0,0,97,99,0.00968455,0.00867017,-0.170309,0.0138896,0,38.2217
38.2415,2.49133,1.36085,-0.097424,0,0,0,0,97,99,0,0,0,0,0,traj_sz=100
38.2417,2.49133,1.36085,-0.097424,2.5,1.35,0,0,97,99,0.00968455,0.00867017,-0.170309,0.0138896,0,38.2417
38.2616,2.49133,1.36085,-0.097424,0,0,0,0,97,99,0,0,0,0,0,traj_sz=100
38.2617,2.49133,1.36085,-0.097424,2.5,1.35,0,0,97,99,0.00968455,0.00867017,-0.170309,0.0138896,0,38.2617
38.2815,2.49133,1.36085,-0.097424,0,0,0,0,97,99,0,0,0,0,0,traj_sz=100
38.2817,2.49133,1.36085,-0.097424,2.5,1.35,0,0,97,99,0.00968455,0.00867017,-0.170309,0.0138896,0,38.2817
38.3015,2.49133,1.36085,-0.097424,0,0,0,0,97,99,0,0,0,0,0,traj_sz=100
38.3017,2.49133,1.36085,-0.097424,2.5,1.35,0,0,97,99,0.00968455,0.00867017,-0.170309,0.0138896,0,38.3017
38.3214,2.49133,1.36085,-0.097424,0,0,0,0,97,99,0,0,0,0,0,traj_sz=100
38.3215,2.49133,1.36085,-0.097424,2.5,1.35,0,0,97,99,0.00968455,0.00867017,-0.170309,0.0138896,0,38.3215
38.3415,2.49133,1.36085,-0.097424,0,0,0,0,97,99,0,0,0,0,0,traj_sz=100
38.3416,2.49133,1.36085,-0.097424,2.5,1.35,0,0,97,99,0.00968455,0.00867017,-0.170309,0.0138896,0,38.3416
38.3616,2.49133,1.36085,-0.097424,0,0,0,0,97,99,0,0,0,0,0,traj_sz=100
38.3618,2.49133,1.36085,-0.097424,2.5,1.35,0,0,97,99,0.00968455,0.00867017,-0.170309,0.0138896,0,38.3618
38.3814,2.49133,1.36085,-0.097424,0,0,0,0,97,99,0,0,0,0,0,traj_sz=100
38.3815,2.49133,1.36085,-0.097424,2.5,1.35,0,0,97,99,0.00968455,0.00867017,-0.170309,0.0138896,0,38.3815
38.4016,2.49133,1.36085,-0.097424,0,0,0,0,97,99,0,0,0,0,0,traj_sz=100
38.4017,2.49133,1.36085,-0.097424,2.5,1.35,0,0,97,99,0.00968455,0.00867017,-0.170309,0.0138896,0,38.4017
38.4215,2.49133,1.36085,-0.097424,0,0,0,0,97,99,0,0,0,0,0,traj_sz=100
38.4216,2.49133,1.36085,-0.097424,2.5,1.35,0,0,97,99,0.00968455,0.00867017,-0.170309,0.0138896,0,38.4216
38.4416,2.49133,1.36085,-0.097424,0,0,0,0,97,99,0,0,0,0,0,traj_sz=100
38.4417,2.49133,1.36085,-0.097424,2.5,1.35,0,0,97,99,0.00968455,0.00867017,-0.170309,0.0138896,0,38.4417
38.4614,2.49133,1.36085,-0.097424,0,0,0,0,97,99,0,0,0,0,0,traj_sz=100
38.4615,2.49133,1.36085,-0.097424,2.5,1.35,0,0,97,99,0.00968455,0.00867017,-0.170309,0.0138896,0,38.4615
38.4814,2.49133,1.36085,-0.097424,0,0,0,0,97,99,0,0,0,0,0,traj_sz=100
38.4815,2.49133,1.36085,-0.097424,2.5,1.35,0,0,97,99,0.00968455,0.00867017,-0.170309,0.0138896,0,38.4815
38.5015,2.49133,1.36085,-0.097424,0,0,0,0,97,99,0,0,0,0,0,traj_sz=100
38.5017,2.49133,1.36085,-0.097424,2.5,1.35,0,0,97,99,0.00968455,0.00867017,-0.170309,0.0138896,0,38.5017
38.5214,2.49133,1.36085,-0.097424,0,0,0,0,97,99,0,0,0,0,0,traj_sz=100
38.5216,2.49133,1.36085,-0.097424,2.5,1.35,0,0,97,99,0.00968455,0.00867017,-0.170309,0.0138896,0,38.5216
38.5415,2.49133,1.36085,-0.097424,0,0,0,0,97,99,0,0,0,0,0,traj_sz=100
38.5416,2.49133,1.36085,-0.097424,2.5,1.35,0,0,97,99,0.00968455,0.00867017,-0.170309,0.0138896,0,38.5416
38.5615,2.49133,1.36085,-0.097424,0,0,0,0,97,99,0,0,0,0,0,traj_sz=100
38.5617,2.49133,1.36085,-0.097424,2.5,1.35,0,0,97,99,0.00968455,0.00867017,-0.170309,0.0138896,0,38.5617
38.5817,2.49133,1.36085,-0.097424,0,0,0,0,97,99,0,0,0,0,0,traj_sz=100
38.5818,2.49133,1.36085,-0.097424,2.5,1.35,0,0,97,99,0.00968455,0.00867017,-0.170309,0.0138896,0,38.5818
38.6017,2.49133,1.36085,-0.097424,0,0,0,0,97,99,0,0,0,0,0,traj_sz=100
38.602,2.49133,1.36085,-0.097424,2.5,1.35,0,0,97,99,0.00968455,0.00867017,-0.170309,0.0138896,0,38.602
38.6214,2.49133,1.36085,-0.097424,0,0,0,0,97,99,0,0,0,0,0,traj_sz=100
38.6216,2.49133,1.36085,-0.097424,2.5,1.35,0,0,97,99,0.00968455,0.00867017,-0.170309,0.0138896,0,38.6216
38.6415,2.49133,1.36085,-0.097424,0,0,0,0,97,99,0,0,0,0,0,traj_sz=100
38.6416,2.49133,1.36085,-0.097424,2.5,1.35,0,0,97,99,0.00968455,0.00867017,-0.170309,0.0138896,0,38.6416
38.6614,2.49133,1.36085,-0.097424,0,0,0,0,97,99,0,0,0,0,0,traj_sz=100
38.6615,2.49133,1.36085,-0.097424,2.5,1.35,0,0,97,99,0.00968455,0.00867017,-0.170309,0.0138896,0,38.6615
38.6815,2.49133,1.36085,-0.097424,0,0,0,0,97,99,0,0,0,0,0,traj_sz=100
38.6817,2.49133,1.36085,-0.097424,2.5,1.35,0,0,97,99,0.00968455,0.00867017,-0.170309,0.0138896,0,38.6817
38.7015,2.49133,1.36085,-0.097424,0,0,0,0,97,99,0,0,0,0,0,traj_sz=100
38.7016,2.49133,1.36085,-0.097424,2.5,1.35,0,0,97,99,0.00968455,0.00867017,-0.170309,0.0138896,0,38.7016
38.7215,2.49133,1.36085,-0.097424,0,0,0,0,97,99,0,0,0,0,0,traj_sz=100
38.7215,2.49133,1.36085,-0.097424,2.5,1.35,0,0,97,99,0.00968455,0.00867017,-0.170309,0.0138896,0,38.7215
38.7414,2.49133,1.36085,-0.097424,0,0,0,0,97,99,0,0,0,0,0,traj_sz=100
38.7416,2.49133,1.36085,-0.097424,2.5,1.35,0,0,97,99,0.00968455,0.00867017,-0.170309,0.0138896,0,38.7416
38.7615,2.49133,1.36085,-0.097424,0,0,0,0,97,99,0,0,0,0,0,traj_sz=100
38.7615,2.49133,1.36085,-0.097424,2.5,1.35,0,0,97,99,0.00968455,0.00867017,-0.170309,0.0138896,0,38.7615
38.7814,2.49133,1.36085,-0.097424,0,0,0,0,97,99,0,0,0,0,0,traj_sz=100
38.7817,2.49133,1.36085,-0.097424,2.5,1.35,0,0,97,99,0.00968455,0.00867017,-0.170309,0.0138896,0,38.7817
38.8016,2.49133,1.36085,-0.097424,0,0,0,0,97,99,0,0,0,0,0,traj_sz=100
38.8017,2.49133,1.36085,-0.097424,2.5,1.35,0,0,97,99,0.00968455,0.00867017,-0.170309,0.0138896,0,38.8017
38.8215,2.49133,1.36085,-0.097424,0,0,0,0,97,99,0,0,0,0,0,traj_sz=100
38.8216,2.49133,1.36085,-0.097424,2.5,1.35,0,0,97,99,0.00968455,0.00867017,-0.170309,0.0138896,0,38.8216
38.8414,2.49133,1.36085,-0.097424,0,0,0,0,97,99,0,0,0,0,0,traj_sz=100
38.8416,2.49133,1.36085,-0.097424,2.5,1.35,0,0,97,99,0.00968455,0.00867017,-0.170309,0.0138896,0,38.8416
38.8614,2.49133,1.36085,-0.097424,0,0,0,0,97,99,0,0,0,0,0,traj_sz=100
38.8615,2.49133,1.36085,-0.097424,2.5,1.35,0,0,97,99,0.00968455,0.00867017,-0.170309,0.0138896,0,38.8615
38.8815,2.49133,1.36085,-0.097424,0,0,0,0,97,99,0,0,0,0,0,traj_sz=100
38.8816,2.49133,1.36085,-0.097424,2.5,1.35,0,0,97,99,0.00968455,0.00867017,-0.170309,0.0138896,0,38.8816
38.9015,2.49133,1.36085,-0.097424,0,0,0,0,97,99,0,0,0,0,0,traj_sz=100
38.9017,2.49133,1.36085,-0.097424,2.5,1.35,0,0,97,99,0.00968455,0.00867017,-0.170309,0.0138896,0,38.9017
38.9214,2.49133,1.36085,-0.097424,0,0,0,0,97,99,0,0,0,0,0,traj_sz=100
38.9216,2.49133,1.36085,-0.097424,2.5,1.35,0,0,97,99,0.00968455,0.00867017,-0.170309,0.0138896,0,38.9216
38.9415,2.49133,1.36085,-0.097424,0,0,0,0,97,99,0,0,0,0,0,traj_sz=100
38.9416,2.49133,1.36085,-0.097424,2.5,1.35,0,0,97,99,0.00968455,0.00867017,-0.170309,0.0138896,0,38.9416
38.9616,2.49133,1.36085,-0.097424,0,0,0,0,97,99,0,0,0,0,0,traj_sz=100
38.9617,2.49133,1.36085,-0.097424,2.5,1.35,0,0,97,99,0.00968455,0.00867017,-0.170309,0.0138896,0,38.9617
38.9816,2.49133,1.36085,-0.097424,0,0,0,0,97,99,0,0,0,0,0,traj_sz=100
38.9817,2.49133,1.36085,-0.097424,2.5,1.35,0,0,97,99,0.00968455,0.00867017,-0.170309,0.0138896,0,38.9817
39.0016,2.49133,1.36085,-0.097424,0,0,0,0,97,99,0,0,0,0,0,traj_sz=100
39.002,2.49133,1.36085,-0.097424,2.5,1.35,0,0,97,99,0.00968455,0.00867017,-0.170309,0.0138896,0,39.002
39.0215,2.49133,1.36085,-0.097424,0,0,0,0,97,99,0,0,0,0,0,traj_sz=100
39.0216,2.49133,1.36085,-0.097424,2.5,1.35,0,0,97,99,0.00968455,0.00867017,-0.170309,0.0138896,0,39.0216
39.0415,2.49133,1.36085,-0.097424,0,0,0,0,97,99,0,0,0,0,0,traj_sz=100
39.0416,2.49133,1.36085,-0.097424,2.5,1.35,0,0,97,99,0.00968455,0.00867017,-0.170309,0.0138896,0,39.0416
39.0616,2.49133,1.36085,-0.097424,0,0,0,0,97,99,0,0,0,0,0,traj_sz=100
39.0617,2.49133,1.36085,-0.097424,2.5,1.35,0,0,97,99,0.00968455,0.00867017,-0.170309,0.0138896,0,39.0617
39.0815,2.49133,1.36085,-0.097424,0,0,0,0,97,99,0,0,0,0,0,traj_sz=100
39.0816,2.49133,1.36085,-0.097424,2.5,1.35,0,0,97,99,0.00968455,0.00867017,-0.170309,0.0138896,0,39.0816
39.1014,2.49133,1.36085,-0.097424,0,0,0,0,97,99,0,0,0,0,0,traj_sz=100
39.1017,2.49133,1.36085,-0.097424,2.5,1.35,0,0,97,99,0.00968455,0.00867017,-0.170309,0.0138896,0,39.1017
39.1215,2.49133,1.36085,-0.097424,0,0,0,0,97,99,0,0,0,0,0,traj_sz=100
39.1216,2.49133,1.36085,-0.097424,2.5,1.35,0,0,97,99,0.00968455,0.00867017,-0.170309,0.0138896,0,39.1216
39.1414,2.49133,1.36085,-0.097424,0,0,0,0,97,99,0,0,0,0,0,traj_sz=100
39.1415,2.49133,1.36085,-0.097424,2.5,1.35,0,0,97,99,0.00968455,0.00867017,-0.170309,0.0138896,0,39.1415
39.1614,2.49133,1.36085,-0.097424,0,0,0,0,97,99,0,0,0,0,0,traj_sz=100
39.1617,2.49133,1.36085,-0.097424,2.5,1.35,0,0,97,99,0.00968455,0.00867017,-0.170309,0.0138896,0,39.1617
39.1816,2.49133,1.36085,-0.097424,0,0,0,0,97,99,0,0,0,0,0,traj_sz=100
39.1817,2.49133,1.36085,-0.097424,2.5,1.35,0,0,97,99,0.00968455,0.00867017,-0.170309,0.0138896,0,39.1817
39.2015,2.49133,1.36085,-0.097424,0,0,0,0,97,99,0,0,0,0,0,traj_sz=100
39.2017,2.49133,1.36085,-0.097424,2.5,1.35,0,0,97,99,0.00968455,0.00867017,-0.170309,0.0138896,0,39.2017
39.2215,2.49133,1.36085,-0.097424,0,0,0,0,97,99,0,0,0,0,0,traj_sz=100
39.2216,2.49133,1.36085,-0.097424,2.5,1.35,0,0,97,99,0.00968455,0.00867017,-0.170309,0.0138896,0,39.2216
39.2415,2.49133,1.36085,-0.097424,0,0,0,0,97,99,0,0,0,0,0,traj_sz=100
39.2416,2.49133,1.36085,-0.097424,2.5,1.35,0,0,97,99,0.00968455,0.00867017,-0.170309,0.0138896,0,39.2416
39.2615,2.49133,1.36085,-0.097424,0,0,0,0,97,99,0,0,0,0,0,traj_sz=100
39.2616,2.49133,1.36085,-0.097424,2.5,1.35,0,0,97,99,0.00968455,0.00867017,-0.170309,0.0138896,0,39.2616
39.2814,2.49133,1.36085,-0.097424,0,0,0,0,97,99,0,0,0,0,0,traj_sz=100
39.2815,2.49133,1.36085,-0.097424,2.5,1.35,0,0,97,99,0.00968455,0.00867017,-0.170309,0.0138896,0,39.2815
39.3015,2.49133,1.36085,-0.097424,0,0,0,0,97,99,0,0,0,0,0,traj_sz=100
39.3016,2.49133,1.36085,-0.097424,2.5,1.35,0,0,97,99,0.00968455,0.00867017,-0.170309,0.0138896,0,39.3016
39.3214,2.49133,1.36085,-0.097424,0,0,0,0,97,99,0,0,0,0,0,traj_sz=100
39.3216,2.49133,1.36085,-0.097424,2.5,1.35,0,0,97,99,0.00968455,0.00867017,-0.170309,0.0138896,0,39.3216
39.3415,2.49133,1.36085,-0.097424,0,0,0,0,97,99,0,0,0,0,0,traj_sz=100
39.3416,2.49133,1.36085,-0.097424,2.5,1.35,0,0,97,99,0.00968455,0.00867017,-0.170309,0.0138896,0,39.3416
39.3614,2.49133,1.36085,-0.097424,0,0,0,0,97,99,0,0,0,0,0,traj_sz=100
39.3615,2.49133,1.36085,-0.097424,2.5,1.35,0,0,97,99,0.00968455,0.00867017,-0.170309,0.0138896,0,39.3615
39.3814,2.49133,1.36085,-0.097424,0,0,0,0,97,99,0,0,0,0,0,traj_sz=100
39.3815,2.49133,1.36085,-0.097424,2.5,1.35,0,0,97,99,0.00968455,0.00867017,-0.170309,0.0138896,0,39.3815
39.4014,2.49133,1.36085,-0.097424,0,0,0,0,97,99,0,0,0,0,0,traj_sz=100
39.4015,2.49133,1.36085,-0.097424,2.5,1.35,0,0,97,99,0.00968455,0.00867017,-0.170309,0.0138896,0,39.4015
39.4215,2.49133,1.36085,-0.097424,0,0,0,0,97,99,0,0,0,0,0,traj_sz=100
39.4217,2.49133,1.36085,-0.097424,2.5,1.35,0,0,97,99,0.00968455,0.00867017,-0.170309,0.0138896,0,39.4217
39.4414,2.49133,1.36085,-0.097424,0,0,0,0,97,99,0,0,0,0,0,traj_sz=100
39.4416,2.49133,1.36085,-0.097424,2.5,1.35,0,0,97,99,0.00968455,0.00867017,-0.170309,0.0138896,0,39.4416
39.4614,2.49133,1.36085,-0.097424,0,0,0,0,97,99,0,0,0,0,0,traj_sz=100
39.4615,2.49133,1.36085,-0.097424,2.5,1.35,0,0,97,99,0.00968455,0.00867017,-0.170309,0.0138896,0,39.4615
39.4814,2.49133,1.36085,-0.097424,0,0,0,0,97,99,0,0,0,0,0,traj_sz=100
39.4816,2.49133,1.36085,-0.097424,2.5,1.35,0,0,97,99,0.00968455,0.00867017,-0.170309,0.0138896,0,39.4816
