time,obj_x,obj_y,obj_yaw,ref_x,ref_y,ref_yaw,ref_v,car_idx,lk_idx,relative_x,throttle,steering,approach_dist,approached,elapsed
-1,0,0,0,0,0,0,0,0,0,0,0,0,0,0,traj_sz=0
-1,0,0,0,0,0,0,0,0,0,0,0,0,0,0,traj_sz=0
-1,0,0,0,0,0,0,0,0,0,0,0,0,0,0,traj_sz=0
-1,0,0,0,0,0,0,0,0,0,0,0,0,0,0,traj_sz=0
-1,0,0,0,0,0,0,0,0,0,0,0,0,0,0,traj_sz=0
-1,0,0,0,0,0,0,0,0,0,0,0,0,0,0,traj_sz=0
-1,0,0,0,0,0,0,0,0,0,0,0,0,0,0,traj_sz=0
-1,0,0,0,0,0,0,0,0,0,0,0,0,0,0,traj_sz=0
-1,0,0,0,0,0,0,0,0,0,0,0,0,0,0,traj_sz=0
-1,0,0,0,0,0,0,0,0,0,0,0,0,0,0,traj_sz=0
-1,0,0,0,0,0,0,0,0,0,0,0,0,0,0,traj_sz=0
-1,0,0,0,0,0,0,0,0,0,0,0,0,0,0,traj_sz=0
-1,0,0,0,0,0,0,0,0,0,0,0,0,0,0,traj_sz=0
-1,0,0,0,0,0,0,0,0,0,0,0,0,0,0,traj_sz=0
-1,0.251259,1.51528,0.00675554,0,0,0,0,0,0,0,0,0,0,0,traj_sz=0
-1,0.251259,1.51528,0.00675554,0,0,0,0,0,0,0,0,0,0,0,traj_sz=0
-1,0.251259,1.51528,0.00675554,0,0,0,0,0,0,0,0,0,0,0,traj_sz=0
-1,0.251259,1.51528,0.00675554,0,0,0,0,0,0,0,0,0,0,0,traj_sz=0
-1,0.251259,1.51528,0.00675554,0,0,0,0,0,0,0,0,0,0,0,traj_sz=0
-1,0.251259,1.51528,0.00675554,0,0,0,0,0,0,0,0,0,0,0,traj_sz=0
-1,0.251259,1.51528,0.00675554,0,0,0,0,0,0,0,0,0,0,0,traj_sz=0
-1,0.251259,1.51528,0.00675554,0,0,0,0,0,0,0,0,0,0,0,traj_sz=0
-1,0.251259,1.51528,0.00675554,0,0,0,0,0,0,0,0,0,0,0,traj_sz=0
-1,0.251259,1.51528,0.00675554,0,0,0,0,0,0,0,0,0,0,0,traj_sz=0
-1,0.251259,1.51528,0.00675554,0,0,0,0,0,0,0,0,0,0,0,traj_sz=0
-1,0.251259,1.51528,0.00675554,0,0,0,0,0,0,0,0,0,0,0,traj_sz=0
-1,0.251259,1.51528,0.00675554,0,0,0,0,0,0,0,0,0,0,0,traj_sz=0
-1,0.251259,1.51528,0.00675554,0,0,0,0,0,0,0,0,0,0,0,traj_sz=0
-1,0.251259,1.51528,0.00675554,0,0,0,0,0,0,0,0,0,0,0,traj_sz=0
-1,0.251259,1.51528,0.00675554,0,0,0,0,0,0,0,0,0,0,0,traj_sz=0
-1,0.251259,1.51528,0.00675554,0,0,0,0,0,0,0,0,0,0,0,traj_sz=0
-1,0.251259,1.51528,0.00675554,0,0,0,0,0,0,0,0,0,0,0,traj_sz=0
-1,0.251259,1.51528,0.00675554,0,0,0,0,0,0,0,0,0,0,0,traj_sz=0
-1,0.251259,1.51528,0.00675554,0,0,0,0,0,0,0,0,0,0,0,traj_sz=0
-1,0.251259,1.51528,0.00675554,0,0,0,0,0,0,0,0,0,0,0,traj_sz=0
-1,0.251259,1.51528,0.00675554,0,0,0,0,0,0,0,0,0,0,0,traj_sz=0
-1,0.251259,1.51528,0.00675554,0,0,0,0,0,0,0,0,0,0,0,traj_sz=0
-1,0.251259,1.51528,0.00675554,0,0,0,0,0,0,0,0,0,0,0,traj_sz=0
-1,0.251259,1.51528,0.00675554,0,0,0,0,0,0,0,0,0,0,0,traj_sz=0
-1,0.251259,1.51528,0.00675554,0,0,0,0,0,0,0,0,0,0,0,traj_sz=0
-1,0.251259,1.51528,0.00675554,0,0,0,0,0,0,0,0,0,0,0,traj_sz=0
-1,0.251259,1.51528,0.00675554,0,0,0,0,0,0,0,0,0,0,0,traj_sz=0
-1,0.251259,1.51528,0.00675554,0,0,0,0,0,0,0,0,0,0,0,traj_sz=0
-1,0.251259,1.51528,0.00675554,0,0,0,0,0,0,0,0,0,0,0,traj_sz=0
-1,0.251259,1.51528,0.00675554,0,0,0,0,0,0,0,0,0,0,0,traj_sz=0
-1,0.251259,1.51528,0.00675554,0,0,0,0,0,0,0,0,0,0,0,traj_sz=0
-1,0.251259,1.51528,0.00675554,0,0,0,0,0,0,0,0,0,0,0,traj_sz=0
-1,0.251259,1.51528,0.00675554,0,0,0,0,0,0,0,0,0,0,0,traj_sz=0
-1,0.251259,1.51528,0.00675554,0,0,0,0,0,0,0,0,0,0,0,traj_sz=0
-1,0.251259,1.51528,0.00675554,0,0,0,0,0,0,0,0,0,0,0,traj_sz=0
-1,0.251259,1.51528,0.00675554,0,0,0,0,0,0,0,0,0,0,0,traj_sz=0
-1,0.251259,1.51528,0.00675554,0,0,0,0,0,0,0,0,0,0,0,traj_sz=0
-1,0.251259,1.51528,0.00675554,0,0,0,0,0,0,0,0,0,0,0,traj_sz=0
-1,0.251259,1.51528,0.00675554,0,0,0,0,0,0,0,0,0,0,0,traj_sz=0
-1,0.251259,1.51528,0.00675554,0,0,0,0,0,0,0,0,0,0,0,traj_sz=0
-1,0.251259,1.51528,0.00675554,0,0,0,0,0,0,0,0,0,0,0,traj_sz=0
-1,0.251259,1.51528,0.00675554,0,0,0,0,0,0,0,0,0,0,0,traj_sz=0
-1,0.251259,1.51528,0.00675554,0,0,0,0,0,0,0,0,0,0,0,traj_sz=0
-1,0.251259,1.51528,0.00675554,0,0,0,0,0,0,0,0,0,0,0,traj_sz=0
-1,0.251259,1.51528,0.00675554,0,0,0,0,0,0,0,0,0,0,0,traj_sz=0
-1,0.251259,1.51528,0.00675554,0,0,0,0,0,0,0,0,0,0,0,traj_sz=0
-1,0.251259,1.51528,0.00675554,0,0,0,0,0,0,0,0,0,0,0,traj_sz=0
-1,0.251259,1.51528,0.00675554,0,0,0,0,0,0,0,0,0,0,0,traj_sz=0
-1,0.251259,1.51528,0.00675554,0,0,0,0,0,0,0,0,0,0,0,traj_sz=0
-1,0.251259,1.51528,0.00675554,0,0,0,0,0,0,0,0,0,0,0,traj_sz=0
-1,0.251259,1.51528,0.00675554,0,0,0,0,0,0,0,0,0,0,0,traj_sz=0
-1,0.251259,1.51528,0.00675554,0,0,0,0,0,0,0,0,0,0,0,traj_sz=0
-1,0.251259,1.51528,0.00675554,0,0,0,0,0,0,0,0,0,0,0,traj_sz=0
-1,0.251259,1.51528,0.00675554,0,0,0,0,0,0,0,0,0,0,0,traj_sz=0
-1,0.251259,1.51528,0.00675554,0,0,0,0,0,0,0,0,0,0,0,traj_sz=0
-1,0.251259,1.51528,0.00675554,0,0,0,0,0,0,0,0,0,0,0,traj_sz=0
-1,0.251259,1.51528,0.00675554,0,0,0,0,0,0,0,0,0,0,0,traj_sz=0
-1,0.251259,1.51528,0.00675554,0,0,0,0,0,0,0,0,0,0,0,traj_sz=0
-1,0.251259,1.51528,0.00675554,0,0,0,0,0,0,0,0,0,0,0,traj_sz=0
-1,0.251259,1.51528,0.00675554,0,0,0,0,0,0,0,0,0,0,0,traj_sz=0
-1,0.251259,1.51528,0.00675554,0,0,0,0,0,0,0,0,0,0,0,traj_sz=0
-1,0.251259,1.51528,0.00675554,0,0,0,0,0,0,0,0,0,0,0,traj_sz=0
-1,0.251259,1.51528,0.00675554,0,0,0,0,0,0,0,0,0,0,0,traj_sz=0
-1,0.251259,1.51528,0.00675554,0,0,0,0,0,0,0,0,0,0,0,traj_sz=0
-1,0.251259,1.51528,0.00675554,0,0,0,0,0,0,0,0,0,0,0,traj_sz=0
-1,0.251259,1.51528,0.00675554,0,0,0,0,0,0,0,0,0,0,0,traj_sz=0
-1,0.251259,1.51528,0.00675554,0,0,0,0,0,0,0,0,0,0,0,traj_sz=0
-1,0.251259,1.51528,0.00675554,0,0,0,0,0,0,0,0,0,0,0,traj_sz=0
-1,0.251259,1.51528,0.00675554,0,0,0,0,0,0,0,0,0,0,0,traj_sz=0
-1,0.251259,1.51528,0.00675554,0,0,0,0,0,0,0,0,0,0,0,traj_sz=0
-1,0.251259,1.51528,0.00675554,0,0,0,0,0,0,0,0,0,0,0,traj_sz=0
-1,0.251259,1.51528,0.00675554,0,0,0,0,0,0,0,0,0,0,0,traj_sz=0
-1,0.251259,1.51528,0.00675554,0,0,0,0,0,0,0,0,0,0,0,traj_sz=0
-1,0.251259,1.51528,0.00675554,0,0,0,0,0,0,0,0,0,0,0,traj_sz=0
-1,0.251259,1.51528,0.00675554,0,0,0,0,0,0,0,0,0,0,0,traj_sz=0
-1,0.251259,1.51528,0.00675554,0,0,0,0,0,0,0,0,0,0,0,traj_sz=0
-1,0.251259,1.51528,0.00675554,0,0,0,0,0,0,0,0,0,0,0,traj_sz=0
-1,0.251259,1.51528,0.00675554,0,0,0,0,0,0,0,0,0,0,0,traj_sz=0
-1,0.251259,1.51528,0.00675554,0,0,0,0,0,0,0,0,0,0,0,traj_sz=0
-1,0.251259,1.51528,0.00675554,0,0,0,0,0,0,0,0,0,0,0,traj_sz=0
-1,0.251259,1.51528,0.00675554,0,0,0,0,0,0,0,0,0,0,0,traj_sz=0
-1,0.251259,1.51528,0.00675554,0,0,0,0,0,0,0,0,0,0,0,traj_sz=0
-1,0.251259,1.51528,0.00675554,0,0,0,0,0,0,0,0,0,0,0,traj_sz=0
-1,0.251259,1.51528,0.00675554,0,0,0,0,0,0,0,0,0,0,0,traj_sz=0
-1,0.251259,1.51528,0.00675554,0,0,0,0,0,0,0,0,0,0,0,traj_sz=0
-1,0.251259,1.51528,0.00675554,0,0,0,0,0,0,0,0,0,0,0,traj_sz=0
-1,0.251259,1.51528,0.00675554,0,0,0,0,0,0,0,0,0,0,0,traj_sz=0
-1,0.251259,1.51528,0.00675554,0,0,0,0,0,0,0,0,0,0,0,traj_sz=0
-1,0.251259,1.51528,0.00675554,0,0,0,0,0,0,0,0,0,0,0,traj_sz=0
-1,0.251259,1.51528,0.00675554,0,0,0,0,0,0,0,0,0,0,0,traj_sz=0
-1,0.251259,1.51528,0.00675554,0,0,0,0,0,0,0,0,0,0,0,traj_sz=0
-1,0.251259,1.51528,0.00675554,0,0,0,0,0,0,0,0,0,0,0,traj_sz=0
-1,0.251259,1.51528,0.00675554,0,0,0,0,0,0,0,0,0,0,0,traj_sz=0
-1,0.251259,1.51528,0.00675554,0,0,0,0,0,0,0,0,0,0,0,traj_sz=0
-1,0.251259,1.51528,0.00675554,0,0,0,0,0,0,0,0,0,0,0,traj_sz=0
-1,0.251259,1.51528,0.00675554,0,0,0,0,0,0,0,0,0,0,0,traj_sz=0
-1,0.251259,1.51528,0.00675554,0,0,0,0,0,0,0,0,0,0,0,traj_sz=0
-1,0.251259,1.51528,0.00675554,0,0,0,0,0,0,0,0,0,0,0,traj_sz=0
-1,0.251259,1.51528,0.00675554,0,0,0,0,0,0,0,0,0,0,0,traj_sz=0
-1,0.251259,1.51528,0.00675554,0,0,0,0,0,0,0,0,0,0,0,traj_sz=0
-1,0.251259,1.51528,0.00675554,0,0,0,0,0,0,0,0,0,0,0,traj_sz=0
-1,0.251259,1.51528,0.00675554,0,0,0,0,0,0,0,0,0,0,0,traj_sz=0
-1,0.251259,1.51528,0.00675554,0,0,0,0,0,0,0,0,0,0,0,traj_sz=0
-1,0.251259,1.51528,0.00675554,0,0,0,0,0,0,0,0,0,0,0,traj_sz=0
-1,0.251259,1.51528,0.00675554,0,0,0,0,0,0,0,0,0,0,0,traj_sz=0
-1,0.251259,1.51528,0.00675554,0,0,0,0,0,0,0,0,0,0,0,traj_sz=0
-1,0.251259,1.51528,0.00675554,0,0,0,0,0,0,0,0,0,0,0,traj_sz=0
-1,0.251259,1.51528,0.00675554,0,0,0,0,0,0,0,0,0,0,0,traj_sz=0
-1,0.251259,1.51528,0.00675554,0,0,0,0,0,0,0,0,0,0,0,traj_sz=0
-1,0.251259,1.51528,0.00675554,0,0,0,0,0,0,0,0,0,0,0,traj_sz=0
-1,0.251259,1.51528,0.00675554,0,0,0,0,0,0,0,0,0,0,0,traj_sz=0
-1,0.251259,1.51528,0.00675554,0,0,0,0,0,0,0,0,0,0,0,traj_sz=0
-1,0.251259,1.51528,0.00675554,0,0,0,0,0,0,0,0,0,0,0,traj_sz=0
-1,0.251259,1.51528,0.00675554,0,0,0,0,0,0,0,0,0,0,0,traj_sz=0
-1,0.251259,1.51528,0.00675554,0,0,0,0,0,0,0,0,0,0,0,traj_sz=0
-1,0.251259,1.51528,0.00675554,0,0,0,0,0,0,0,0,0,0,0,traj_sz=0
-1,0.251259,1.51528,0.00675554,0,0,0,0,0,0,0,0,0,0,0,traj_sz=0
-1,0.251259,1.51528,0.00675554,0,0,0,0,0,0,0,0,0,0,0,traj_sz=0
-1,0.251259,1.51528,0.00675554,0,0,0,0,0,0,0,0,0,0,0,traj_sz=0
-1,0.251259,1.51528,0.00675554,0,0,0,0,0,0,0,0,0,0,0,traj_sz=0
-1,0.251259,1.51528,0.00675554,0,0,0,0,0,0,0,0,0,0,0,traj_sz=0
-1,0.251259,1.51528,0.00675554,0,0,0,0,0,0,0,0,0,0,0,traj_sz=0
-1,0.251259,1.51528,0.00675554,0,0,0,0,0,0,0,0,0,0,0,traj_sz=0
-1,0.251259,1.51528,0.00675554,0,0,0,0,0,0,0,0,0,0,0,traj_sz=0
-1,0.251259,1.51528,0.00675554,0,0,0,0,0,0,0,0,0,0,0,traj_sz=0
-1,0.251259,1.51528,0.00675554,0,0,0,0,0,0,0,0,0,0,0,traj_sz=0
-1,0.251259,1.51528,0.00675554,0,0,0,0,0,0,0,0,0,0,0,traj_sz=0
-1,0.251259,1.51528,0.00675554,0,0,0,0,0,0,0,0,0,0,0,traj_sz=0
-1,0.251259,1.51528,0.00675554,0,0,0,0,0,0,0,0,0,0,0,traj_sz=0
-1,0.251259,1.51528,0.00675554,0,0,0,0,0,0,0,0,0,0,0,traj_sz=0
-1,0.251259,1.51528,0.00675554,0,0,0,0,0,0,0,0,0,0,0,traj_sz=0
-1,0.251259,1.51528,0.00675554,0,0,0,0,0,0,0,0,0,0,0,traj_sz=0
-1,0.251259,1.51528,0.00675554,0,0,0,0,0,0,0,0,0,0,0,traj_sz=0
-1,0.251259,1.51528,0.00675554,0,0,0,0,0,0,0,0,0,0,0,traj_sz=0
-1,0.251259,1.51528,0.00675554,0,0,0,0,0,0,0,0,0,0,0,traj_sz=0
-1,0.251259,1.51528,0.00675554,0,0,0,0,0,0,0,0,0,0,0,traj_sz=0
-1,0.251259,1.51528,0.00675554,0,0,0,0,0,0,0,0,0,0,0,traj_sz=0
-1,0.251259,1.51528,0.00675554,0,0,0,0,0,0,0,0,0,0,0,traj_sz=0
-1,0.251259,1.51528,0.00675554,0,0,0,0,0,0,0,0,0,0,0,traj_sz=0
-1,0.251259,1.51528,0.00675554,0,0,0,0,0,0,0,0,0,0,0,traj_sz=0
-1,0.251259,1.51528,0.00675554,0,0,0,0,0,0,0,0,0,0,0,traj_sz=0
-1,0.251259,1.51528,0.00675554,0,0,0,0,0,0,0,0,0,0,0,traj_sz=0
-1,0.251259,1.51528,0.00675554,0,0,0,0,0,0,0,0,0,0,0,traj_sz=0
-1,0.251259,1.51528,0.00675554,0,0,0,0,0,0,0,0,0,0,0,traj_sz=0
-1,0.251259,1.51528,0.00675554,0,0,0,0,0,0,0,0,0,0,0,traj_sz=0
-1,0.251259,1.51528,0.00675554,0,0,0,0,0,0,0,0,0,0,0,traj_sz=0
-1,0.251259,1.51528,0.00675554,0,0,0,0,0,0,0,0,0,0,0,traj_sz=0
-1,0.251259,1.51528,0.00675554,0,0,0,0,0,0,0,0,0,0,0,traj_sz=0
-1,0.251259,1.51528,0.00675554,0,0,0,0,0,0,0,0,0,0,0,traj_sz=0
-1,0.251259,1.51528,0.00675554,0,0,0,0,0,0,0,0,0,0,0,traj_sz=0
0.0167236,0.251259,1.51528,0.00675554,0,0,0,0,0,0,0,0,0,0,0,traj_sz=100
0.0168657,0.251259,1.51528,0.00675554,0.25,1.52,0,0,0,0,-0.00122667,0,0.0465309,0.0048882,0,0.0168657
0.0367453,0.251259,1.51528,0.00675554,0,0,0,0,0,0,0,0,0,0,0,traj_sz=100
0.0368748,0.251259,1.51528,0.00675554,0.366827,1.51413,-0.157841,0.111273,3,9,0.115558,0,-0.0214529,2.25481,0,0.0368748
0.0566597,0.251259,1.51528,0.00675554,0,0,0,0,3,9,0,0,0,0,0,traj_sz=100
0.0567923,0.251259,1.51528,0.00675554,0.366827,1.51413,-0.157841,0.111273,3,9,0.115558,0,-0.0214529,2.25481,0,0.0567923
0.0766389,0.251259,1.51528,0.00675554,0,0,0,0,3,9,0,0,0,0,0,traj_sz=100
0.0767417,0.251259,1.51528,0.00675554,0.366827,1.51413,-0.157841,0.111273,3,9,0.115558,0,-0.0214529,2.25481,0,0.0767417
0.0967021,0.251259,1.51528,0.00675554,0,0,0,0,3,9,0,0,0,0,0,traj_sz=100
0.0968637,0.251259,1.51528,0.00675554,0.366827,1.51413,-0.157841,0.111273,3,9,0.115558,0,-0.0214529,2.25481,0,0.0968637
0.116722,0.251259,1.51528,0.00675554,0,0,0,0,3,9,0,0,0,0,0,traj_sz=100
0.116816,0.251259,1.51528,0.00675554,0.366827,1.51413,-0.157841,0.111273,3,9,0.115558,0,-0.0214529,2.25481,0,0.116816
0.136802,0.251259,1.51528,0.00675554,0,0,0,0,3,9,0,0,0,0,0,traj_sz=100
0.136942,0.251259,1.51528,0.00675554,0.366827,1.51413,-0.157841,0.111273,3,9,0.115558,0,-0.0214529,2.25481,0,0.136942
0.156746,0.251259,1.51528,0.00675554,0,0,0,0,3,9,0,0,0,0,0,traj_sz=100
0.156844,0.251259,1.51528,0.00675554,0.366827,1.51413,-0.157841,0.111273,3,9,0.115558,0,-0.0214529,2.25481,0,0.156844
0.176751,0.251259,1.51528,0.00675554,0,0,0,0,3,9,0,0,0,0,0,traj_sz=100
0.176876,0.251259,1.51528,0.00675554,0.366827,1.51413,-0.157841,0.111273,3,9,0.115558,0,-0.0214529,2.25481,0,0.176876
0.1968,0.251259,1.51528,0.00675554,0,0,0,0,3,9,0,0,0,0,0,traj_sz=100
0.196898,0.251259,1.51528,0.00675554,0.366827,1.51413,-0.157841,0.111273,3,9,0.115558,0,-0.0214529,2.25481,0,0.196898
0.216633,0.251259,1.51528,0.00675554,0,0,0,0,3,9,0,0,0,0,0,traj_sz=100
0.216726,0.251259,1.51528,0.00675554,0.366827,1.51413,-0.157841,0.111273,3,9,0.115558,0,-0.0214529,2.25481,0,0.216726
0.236824,0.251259,1.51528,0.00675554,0,0,0,0,3,9,0,0,0,0,0,traj_sz=100
0.236919,0.251259,1.51528,0.00675554,0.366827,1.51413,-0.157841,0.111273,3,9,0.115558,0,-0.0214529,2.25481,0,0.236919
0.256718,0.251259,1.51528,0.00675554,0,0,0,0,3,9,0,0,0,0,0,traj_sz=100
0.256939,0.251259,1.51528,0.00675554,0.366827,1.51413,-0.157841,0.111273,3,9,0.115558,0,-0.0214529,2.25481,0,0.256939
0.276818,0.251259,1.51528,0.00675554,0,0,0,0,3,9,0,0,0,0,0,traj_sz=100
0.277026,0.251259,1.51528,0.00675554,0.366827,1.51413,-0.157841,0.111273,3,9,0.115558,0,-0.0214529,2.25481,0,0.277026
0.296813,0.251259,1.51528,0.00675554,0,0,0,0,3,9,0,0,0,0,0,traj_sz=100
0.296913,0.251259,1.51528,0.00675554,0.366827,1.51413,-0.157841,0.111273,3,9,0.115558,0,-0.0214529,2.25481,0,0.296913
0.316728,0.251259,1.51528,0.00675554,0,0,0,0,3,9,0,0,0,0,0,traj_sz=100
0.316818,0.251259,1.51528,0.00675554,0.366827,1.51413,-0.157841,0.111273,3,9,0.115558,0,-0.0214529,2.25481,0,0.316818
0.33668,0.251259,1.51528,0.00675554,0,0,0,0,3,9,0,0,0,0,0,traj_sz=100
0.336863,0.251259,1.51528,0.00675554,0.366827,1.51413,-0.157841,0.111273,3,9,0.115558,0,-0.0214529,2.25481,0,0.336863
0.356802,0.251259,1.51528,0.00675554,0,0,0,0,3,9,0,0,0,0,0,traj_sz=100
0.356999,0.251259,1.51528,0.00675554,0.366827,1.51413,-0.157841,0.111273,3,9,0.115558,0,-0.0214529,2.25481,0,0.356999
0.376824,0.251259,1.51528,0.00675554,0,0,0,0,3,9,0,0,0,0,0,traj_sz=100
0.376919,0.251259,1.51528,0.00675554,0.366827,1.51413,-0.157841,0.111273,3,9,0.115558,0,-0.0214529,2.25481,0,0.376919
0.396923,0.251259,1.51528,0.00675554,0,0,0,0,3,9,0,0,0,0,0,traj_sz=100
0.397069,0.251259,1.51528,0.00675554,0.366827,1.51413,-0.157841,0.111273,3,9,0.115558,0,-0.0214529,2.25481,0,0.397069
0.416819,0.251259,1.51528,0.00675554,0,0,0,0,3,9,0,0,0,0,0,traj_sz=100
0.416931,0.251259,1.51528,0.00675554,0.366827,1.51413,-0.157841,0.111273,3,9,0.115558,0,-0.0214529,2.25481,0,0.416931
0.436717,0.251259,1.51528,0.00675554,0,0,0,0,3,9,0,0,0,0,0,traj_sz=100
0.437005,0.251259,1.51528,0.00675554,0.366827,1.51413,-0.157841,0.111273,3,9,0.115558,0,-0.0214529,2.25481,0,0.437005
0.456814,0.251259,1.51528,0.00675554,0,0,0,0,3,9,0,0,0,0,0,traj_sz=100
0.456922,0.251259,1.51528,0.00675554,0.366827,1.51413,-0.157841,0.111273,3,9,0.115558,0,-0.0214529,2.25481,0,0.456922
0.476835,0.251259,1.51528,0.00675554,0,0,0,0,3,9,0,0,0,0,0,traj_sz=100
0.47694,0.251259,1.51528,0.00675554,0.366827,1.51413,-0.157841,0.111273,3,9,0.115558,0,-0.0214529,2.25481,0,0.47694
0.496748,0.251259,1.51528,0.00675554,0,0,0,0,3,9,0,0,0,0,0,traj_sz=100
0.497017,0.251259,1.51528,0.00675554,0.366827,1.51413,-0.157841,0.111273,3,9,0.115558,0,-0.0214529,2.25481,0,0.497017
0.516816,0.251259,1.51528,0.00675554,0,0,0,0,3,9,0,0,0,0,0,traj_sz=100
0.517005,0.251259,1.51528,0.00675554,0.366827,1.51413,-0.157841,0.111273,3,9,0.115558,0,-0.0214529,2.25481,0,0.517005
0.536805,0.251259,1.51528,0.00675554,0,0,0,0,3,9,0,0,0,0,0,traj_sz=100
0.536949,0.251259,1.51528,0.00675554,0.366827,1.51413,-0.157841,0.111273,3,9,0.115558,0,-0.0214529,2.25481,0,0.536949
0.55674,0.251259,1.51528,0.00675554,0,0,0,0,3,9,0,0,0,0,0,traj_sz=100
0.55682,0.251259,1.51528,0.00675554,0.366827,1.51413,-0.157841,0.111273,3,9,0.115558,0,-0.0214529,2.25481,0,0.55682
0.576644,0.251259,1.51528,0.00675554,0,0,0,0,3,9,0,0,0,0,0,traj_sz=100
0.576758,0.251259,1.51528,0.00675554,0.366827,1.51413,-0.157841,0.111273,3,9,0.115558,9.20031e-05,-0.0214529,2.25481,0,0.576758
0.596694,0.251259,1.51528,0.00675554,0,0,0,0,3,9,0,0,0,0,0,traj_sz=100
0.596895,0.251259,1.51528,0.00675554,0.366827,1.51413,-0.157841,0.111273,3,9,0.115558,0.000221461,-0.0214529,2.25481,0,0.596895
0.616712,0.251259,1.51528,0.00675554,0,0,0,0,3,9,0,0,0,0,0,traj_sz=100
0.616802,0.251259,1.51528,0.00675554,0.366827,1.51413,-0.157841,0.111273,3,9,0.115558,0.00034971,-0.0214529,2.25481,0,0.616802
0.636733,0.251352,1.5154,0.0053681,0,0,0,0,3,9,0,0,0,0,0,traj_sz=100
0.636838,0.251352,1.5154,0.0053681,0.366827,1.51413,-0.157841,0.111273,3,9,0.115466,0.000385069,-0.0183426,2.25472,0,0.636838
0.656655,0.251352,1.5154,0.0053681,0,0,0,0,3,9,0,0,0,0,0,traj_sz=100
0.656825,0.251352,1.5154,0.0053681,0.366827,1.51413,-0.157841,0.111273,3,9,0.115466,0.000513493,-0.0183426,2.25472,0,0.656825
0.676836,0.251352,1.5154,0.0053681,0,0,0,0,3,9,0,0,0,0,0,traj_sz=100
0.677023,0.251352,1.5154,0.0053681,0.366827,1.51413,-0.157841,0.111273,3,9,0.115466,0.000643542,-0.0183426,2.25472,0,0.677023
0.696785,0.251352,1.5154,0.0053681,0,0,0,0,3,9,0,0,0,0,0,traj_sz=100
0.69686,0.251352,1.5154,0.0053681,0.366827,1.51413,-0.157841,0.111273,3,9,0.115466,0.000771373,-0.0183426,2.25472,0,0.69686
0.716775,0.251352,1.5154,0.0053681,0,0,0,0,3,9,0,0,0,0,0,traj_sz=100
0.716876,0.251352,1.5154,0.0053681,0.366827,1.51413,-0.157841,0.111273,3,9,0.115466,0.000900152,-0.0183426,2.25472,0,0.716876
0.73675,0.251352,1.5154,0.0053681,0,0,0,0,3,9,0,0,0,0,0,traj_sz=100
0.736884,0.251352,1.5154,0.0053681,0.366827,1.51413,-0.157841,0.111273,3,9,0.115466,0.00108281,-0.0183426,2.25472,0,0.736884
0.756772,0.251352,1.5154,0.0053681,0,0,0,0,3,9,0,0,0,0,0,traj_sz=100
0.756924,0.251352,1.5154,0.0053681,0.366827,1.51413,-0.157841,0.111273,3,9,0.115466,0.0015585,-0.0183426,2.25472,0,0.756924
0.776752,0.251352,1.5154,0.0053681,0,0,0,0,3,9,0,0,0,0,0,traj_sz=100
0.776885,0.251352,1.5154,0.0053681,0.366827,1.51413,-0.157841,0.111273,3,9,0.115466,0.00203228,-0.0183426,2.25472,0,0.776885
0.796792,0.251352,1.5154,0.0053681,0,0,0,0,3,9,0,0,0,0,0,traj_sz=100
0.796917,0.251352,1.5154,0.0053681,0.366827,1.51413,-0.157841,0.111273,3,9,0.115466,0.00250794,-0.0183426,2.25472,0,0.796917
0.816727,0.251352,1.5154,0.0053681,0,0,0,0,3,9,0,0,0,0,0,traj_sz=100
0.816946,0.251352,1.5154,0.0053681,0.366827,1.51413,-0.157841,0.111273,3,9,0.115466,0.00298238,-0.0183426,2.25472,0,0.816946
0.836729,0.251352,1.5154,0.0053681,0,0,0,0,3,9,0,0,0,0,0,traj_sz=100
0.836857,0.251352,1.5154,0.0053681,0.366827,1.51413,-0.157841,0.111273,3,9,0.115466,0.00345577,-0.0183426,2.25472,0,0.836857
0.856789,0.251352,1.5154,0.0053681,0,0,0,0,3,9,0,0,0,0,0,traj_sz=100
0.856893,0.251352,1.5154,0.0053681,0.366827,1.51413,-0.157841,0.111273,3,9,0.115466,0.00393145,-0.0183426,2.25472,0,0.856893
0.876667,0.251352,1.5154,0.0053681,0,0,0,0,3,9,0,0,0,0,0,traj_sz=100
0.876751,0.251352,1.5154,0.0053681,0.366827,1.51413,-0.157841,0.111273,3,9,0.115466,0.00440285,-0.0183426,2.25472,0,0.876751
0.896738,0.251352,1.5154,0.0053681,0,0,0,0,3,9,0,0,0,0,0,traj_sz=100
0.896852,0.251352,1.5154,0.0053681,0.366827,1.51413,-0.157841,0.111273,3,9,0.115466,0.00487982,-0.0183426,2.25472,0,0.896852
0.916743,0.251352,1.5154,0.0053681,0,0,0,0,3,9,0,0,0,0,0,traj_sz=100
0.916962,0.251352,1.5154,0.0053681,0.366827,1.51413,-0.157841,0.111273,3,9,0.115466,0.00535666,-0.0183426,2.25472,0,0.916962
0.936847,0.251352,1.5154,0.0053681,0,0,0,0,3,9,0,0,0,0,0,traj_sz=100
0.93705,0.251352,1.5154,0.0053681,0.366827,1.51413,-0.157841,0.111273,3,9,0.115466,0.00583357,-0.0183426,2.25472,0,0.93705
0.956791,0.251352,1.5154,0.0053681,0,0,0,0,3,9,0,0,0,0,0,traj_sz=100
0.956912,0.251352,1.5154,0.0053681,0.366827,1.51413,-0.157841,0.111273,3,9,0.115466,0.00630535,-0.0183426,2.25472,0,0.956912
0.976653,0.251352,1.5154,0.0053681,0,0,0,0,3,9,0,0,0,0,0,traj_sz=100
0.97678,0.251352,1.5154,0.0053681,0.366827,1.51413,-0.157841,0.111273,3,9,0.115466,0.00677705,-0.0183426,2.25472,0,0.97678
0.996768,0.251352,1.5154,0.0053681,0,0,0,0,3,9,0,0,0,0,0,traj_sz=100
0.99685,0.251352,1.5154,0.0053681,0.366827,1.51413,-0.157841,0.111273,3,9,0.115466,0.00725355,-0.0183426,2.25472,0,0.99685
1.01674,0.251352,1.5154,0.0053681,0,0,0,0,3,9,0,0,0,0,0,traj_sz=100
1.01684,0.251352,1.5154,0.0053681,0.366827,1.51413,-0.157841,0.111273,3,9,0.115466,0.00772799,-0.0183426,2.25472,0,1.01684
1.03682,0.251352,1.5154,0.0053681,0,0,0,0,3,9,0,0,0,0,0,traj_sz=100
1.03692,0.251352,1.5154,0.0053681,0.366827,1.51413,-0.157841,0.111273,3,9,0.115466,0.0082046,-0.0183426,2.25472,0,1.03692
1.05684,0.251352,1.5154,0.0053681,0,0,0,0,3,9,0,0,0,0,0,traj_sz=100
1.05708,0.251352,1.5154,0.0053681,0.366827,1.51413,-0.157841,0.111273,3,9,0.115466,0.00868279,-0.0183426,2.25472,0,1.05708
1.07673,0.251352,1.5154,0.0053681,0,0,0,0,3,9,0,0,0,0,0,traj_sz=100
1.07688,0.251352,1.5154,0.0053681,0.366827,1.51413,-0.157841,0.111273,3,9,0.115466,0.00915279,-0.0183426,2.25472,0,1.07688
1.09683,0.251352,1.5154,0.0053681,0,0,0,0,3,9,0,0,0,0,0,traj_sz=100
1.09693,0.251352,1.5154,0.0053681,0.366827,1.51413,-0.157841,0.111273,3,9,0.115466,0.00962893,-0.0183426,2.25472,0,1.09693
1.11687,0.251352,1.5154,0.0053681,0,0,0,0,3,9,0,0,0,0,0,traj_sz=100
1.117,0.251352,1.5154,0.0053681,0.366827,1.51413,-0.157841,0.111273,3,9,0.115466,0.0104902,-0.0183426,2.25472,0,1.117
1.13717,0.251352,1.5154,0.0053681,0,0,0,0,3,9,0,0,0,0,0,traj_sz=100
1.13755,0.251352,1.5154,0.0053681,0.366827,1.51413,-0.157841,0.111273,3,9,0.115466,0.0114603,-0.0183426,2.25472,0,1.13755
1.15684,0.251352,1.5154,0.0053681,0,0,0,0,3,9,0,0,0,0,0,traj_sz=100
1.15695,0.251352,1.5154,0.0053681,0.366827,1.51413,-0.157841,0.111273,3,9,0.115466,0.0123789,-0.0183426,2.25472,0,1.15695
1.1768,0.251352,1.5154,0.0053681,0,0,0,0,3,9,0,0,0,0,0,traj_sz=100
1.17692,0.251352,1.5154,0.0053681,0.366827,1.51413,-0.157841,0.111273,3,9,0.115466,0.0133225,-0.0183426,2.25472,0,1.17692
1.1967,0.251352,1.5154,0.0053681,0,0,0,0,3,9,0,0,0,0,0,traj_sz=100
1.1968,0.251352,1.5154,0.0053681,0.366827,1.51413,-0.157841,0.111273,3,9,0.115466,0.0142617,-0.0183426,2.25472,0,1.1968
1.21666,0.251352,1.5154,0.0053681,0,0,0,0,3,9,0,0,0,0,0,traj_sz=100
1.21678,0.251352,1.5154,0.0053681,0.366827,1.51413,-0.157841,0.111273,3,9,0.115466,0.0152063,-0.0183426,2.25472,0,1.21678
1.23689,0.251352,1.5154,0.0053681,0,0,0,0,3,9,0,0,0,0,0,traj_sz=100
1.23707,0.251352,1.5154,0.0053681,0.366827,1.51413,-0.157841,0.111273,3,9,0.115466,0.0161651,-0.0183426,2.25472,0,1.23707
1.25682,0.251352,1.5154,0.0053681,0,0,0,0,3,9,0,0,0,0,0,traj_sz=100
1.25705,0.251352,1.5154,0.0053681,0.366827,1.51413,-0.157841,0.111273,3,9,0.115466,0.017104,-0.0183426,2.25472,0,1.25705
1.27674,0.251352,1.5154,0.0053681,0,0,0,0,3,9,0,0,0,0,0,traj_sz=100
1.27695,0.251352,1.5154,0.0053681,0.366827,1.51413,-0.157841,0.111273,3,9,0.115466,0.0180458,-0.0183426,2.25472,0,1.27695
1.29686,0.251352,1.5154,0.0053681,0,0,0,0,3,9,0,0,0,0,0,traj_sz=100
1.29707,0.251352,1.5154,0.0053681,0.366827,1.51413,-0.157841,0.111273,3,9,0.115466,0.019,-0.0183426,2.25472,0,1.29707
1.31684,0.251352,1.5154,0.0053681,0,0,0,0,3,9,0,0,0,0,0,traj_sz=100
1.31694,0.251352,1.5154,0.0053681,0.366827,1.51413,-0.157841,0.111273,3,9,0.115466,0.019941,-0.0183426,2.25472,0,1.31694
1.33667,0.251352,1.5154,0.0053681,0,0,0,0,3,9,0,0,0,0,0,traj_sz=100
1.33678,0.251352,1.5154,0.0053681,0.366827,1.51413,-0.157841,0.111273,3,9,0.115466,0.0208779,-0.0183426,2.25472,0,1.33678
1.35671,0.251352,1.5154,0.0053681,0,0,0,0,3,9,0,0,0,0,0,traj_sz=100
1.35682,0.251352,1.5154,0.0053681,0.366827,1.51413,-0.157841,0.111273,3,9,0.115466,0.0218254,-0.0183426,2.25472,0,1.35682
1.37671,0.251352,1.5154,0.0053681,0,0,0,0,3,9,0,0,0,0,0,traj_sz=100
1.37683,0.251352,1.5154,0.0053681,0.366827,1.51413,-0.157841,0.111273,3,9,0.115466,0.0227712,-0.0183426,2.25472,0,1.37683
1.39666,0.251352,1.5154,0.0053681,0,0,0,0,3,9,0,0,0,0,0,traj_sz=100
1.39681,0.251352,1.5154,0.0053681,0.366827,1.51413,-0.157841,0.111273,3,9,0.115466,0.0237154,-0.0183426,2.25472,0,1.39681
1.41658,0.251352,1.5154,0.0053681,0,0,0,0,3,9,0,0,0,0,0,traj_sz=100
1.41666,0.251352,1.5154,0.0053681,0.366827,1.51413,-0.157841,0.111273,3,9,0.115466,0.0246546,-0.0183426,2.25472,0,1.41666
1.43677,0.251352,1.5154,0.0053681,0,0,0,0,3,9,0,0,0,0,0,traj_sz=100
1.43688,0.251352,1.5154,0.0053681,0.366827,1.51413,-0.157841,0.111273,3,9,0.115466,0.0256098,-0.0183426,2.25472,0,1.43688
1.45678,0.251352,1.5154,0.0053681,0,0,0,0,3,9,0,0,0,0,0,traj_sz=100
1.45694,0.251352,1.5154,0.0053681,0.366827,1.51413,-0.157841,0.111273,3,9,0.115466,0.0265568,-0.0183426,2.25472,0,1.45694
1.47671,0.251352,1.5154,0.0053681,0,0,0,0,3,9,0,0,0,0,0,traj_sz=100
1.4768,0.251352,1.5154,0.0053681,0.366827,1.51413,-0.157841,0.111273,3,9,0.115466,0.027733,-0.0183426,2.25472,0,1.4768
1.49672,0.251351,1.51542,0.00427877,0,0,0,0,3,9,0,0,0,0,0,traj_sz=100
1.4968,0.251351,1.51542,0.00427877,0.366827,1.51413,-0.157841,0.111273,3,9,0.115469,0.0291852,-0.0146828,2.25473,0,1.4968
1.51678,0.251447,1.51531,0.00545751,0,0,0,0,3,9,0,0,0,0,0,traj_sz=100
1.51685,0.251447,1.51531,0.00545751,0.366827,1.51413,-0.157841,0.111273,3,9,0.115372,0.0305446,-0.0173281,2.25462,0,1.51685
1.53665,0.25156,1.51534,0.00515451,0,0,0,0,3,9,0,0,0,0,0,traj_sz=100
1.53677,0.25156,1.51534,0.00515451,0.366827,1.51413,-0.157841,0.111273,3,9,0.11526,0.0318773,-0.0166478,2.25451,0,1.53677
1.55671,0.25156,1.51534,0.00515451,0,0,0,0,3,9,0,0,0,0,0,traj_sz=100
1.55687,0.25156,1.51534,0.00515451,0.366827,1.51413,-0.157841,0.111273,3,9,0.11526,0.0333354,-0.0166478,2.25451,0,1.55687
1.57681,0.251887,1.5153,0.00558044,0,0,0,0,3,9,0,0,0,0,0,traj_sz=100
1.57691,0.251887,1.5153,0.00558044,0.366827,1.51413,-0.157841,0.111273,3,9,0.114932,0.0344636,-0.0176036,2.25418,0,1.57691
1.59683,0.251887,1.5153,0.00558044,0,0,0,0,3,9,0,0,0,0,0,traj_sz=100
1.59695,0.251887,1.5153,0.00558044,0.366827,1.51413,-0.157841,0.111273,3,9,0.114932,0.0359177,-0.0176036,2.25418,0,1.59695
1.61666,0.25239,1.51583,0.00132528,0,0,0,0,3,9,0,0,0,0,0,traj_sz=100
1.61688,0.25239,1.51583,0.00132528,0.366827,1.51413,-0.157841,0.111273,3,9,0.114435,0.0368615,-0.0101383,2.25372,0,1.61688
1.63671,0.252792,1.51571,0.00259514,0,0,0,0,3,9,0,0,0,0,0,traj_sz=100
1.63683,0.252792,1.51571,0.00259514,0.366827,1.51413,-0.157841,0.111273,4,9,0.114031,0.0379098,-0.0527644,2.25331,0,1.63683
1.65671,0.253035,1.51586,0.000974554,0,0,0,0,4,9,0,0,0,0,0,traj_sz=100
1.65681,0.253035,1.51586,0.000974554,0.366827,1.51413,-0.157841,0.111273,4,9,0.11379,0.0391175,-0.0491391,2.25308,0,1.65681
1.67684,0.253805,1.51576,0.00205332,0,0,0,0,4,9,0,0,0,0,0,traj_sz=100
1.67695,0.253805,1.51576,0.00205332,0.366827,1.51413,-0.157841,0.111273,4,9,0.113018,0.0398093,-0.0515808,2.2523,0,1.67695
1.69672,0.254246,1.51574,0.00224484,0,0,0,0,4,9,0,0,0,0,0,traj_sz=100
1.69688,0.254246,1.51574,0.00224484,0.366827,1.51413,-0.157841,0.111273,4,9,0.112577,0.0408129,-0.0520263,2.25186,0,1.69688
1.71673,0.254654,1.51568,0.00295103,0,0,0,0,4,9,0,0,0,0,0,traj_sz=100
1.71692,0.254654,1.51568,0.00295103,0.366827,1.51413,-0.157841,0.111273,4,9,0.112168,0.0418588,-0.0536186,2.25145,0,1.71692
1.73685,0.255422,1.51568,0.00293834,0,0,0,0,4,9,0,0,0,0,0,traj_sz=100
1.73695,0.255422,1.51568,0.00293834,0.366827,1.51413,-0.157841,0.111273,4,9,0.1114,0.0425475,-0.0536159,2.25068,0,1.73695
1.75682,0.255702,1.51588,0.000728537,0,0,0,0,4,9,0,0,0,0,0,traj_sz=100
1.75693,0.255702,1.51588,0.000728537,0.366827,1.51413,-0.157841,0.111273,4,9,0.111124,0.0437191,-0.0486744,2.25042,0,1.75693
1.77674,0.256697,1.51574,0.00221486,0,0,0,0,4,9,0,0,0,0,0,traj_sz=100
1.77688,0.256697,1.51574,0.00221486,0.366827,1.51413,-0.157841,0.111273,4,9,0.110126,0.0441705,-0.0520376,2.24942,0,1.77688
1.79677,0.25732,1.51583,0.00129479,0,0,0,0,4,9,0,0,0,0,0,traj_sz=100
1.79694,0.25732,1.51583,0.00129479,0.366827,1.51413,-0.157841,0.111273,4,9,0.109505,0.0450038,-0.049996,2.2488,0,1.79694
1.81675,0.258166,1.5159,0.000501961,0,0,0,0,4,9,0,0,0,0,0,traj_sz=100
1.81688,0.258166,1.5159,0.000501961,0.366827,1.51413,-0.157841,0.111273,4,9,0.108661,0.0456071,-0.0482475,2.24796,0,1.81688
1.83677,0.259044,1.51579,0.00186403,0,0,0,0,4,9,0,0,0,0,0,traj_sz=100
1.83692,0.259044,1.51579,0.00186403,0.366827,1.51413,-0.157841,0.111273,5,9,0.10778,0.0462426,-0.110236,2.24708,0,1.83692
1.85674,0.259523,1.51565,0.00345504,0,0,0,0,5,9,0,0,0,0,0,traj_sz=100
1.85686,0.259523,1.51565,0.00345504,0.366827,1.51413,-0.157841,0.111273,5,9,0.107298,0.0476741,-0.113864,2.24659,0,1.85686
1.87672,0.261179,1.51582,0.00156686,0,0,0,0,5,9,0,0,0,0,0,traj_sz=100
1.87693,0.261179,1.51582,0.00156686,0.366827,1.51413,-0.157841,0.111273,5,9,0.105645,0.0479429,-0.109856,2.24495,0,1.87693
1.89671,0.261434,1.5157,0.00293919,0,0,0,0,5,9,0,0,0,0,0,traj_sz=100
1.8968,0.261434,1.5157,0.00293919,0.366827,1.51413,-0.157841,0.111273,5,9,0.105387,0.0495946,-0.112965,2.24469,0,1.8968
1.91682,0.262548,1.51586,0.00117531,0,0,0,0,5,9,0,0,0,0,0,traj_sz=100
1.91691,0.262548,1.51586,0.00117531,0.366827,1.51413,-0.157841,0.111273,5,9,0.104277,0.0504117,-0.109162,2.24359,0,1.91691
1.93665,0.263921,1.51571,0.00285705,0,0,0,0,5,9,0,0,0,0,0,traj_sz=100
1.93676,0.263921,1.51571,0.00285705,0.366827,1.51413,-0.157841,0.111273,5,9,0.102901,0.0509401,-0.113173,2.24221,0,1.93676
1.9567,0.264247,1.51589,0.000870335,0,0,0,0,5,9,0,0,0,0,0,traj_sz=100
1.95678,0.264247,1.51589,0.000870335,0.366827,1.51413,-0.157841,0.111273,5,9,0.102579,0.052537,-0.108754,2.2419,0,1.95678
1.97669,0.265596,1.51579,0.00194843,0,0,0,0,5,9,0,0,0,0,0,traj_sz=100
1.97688,0.265596,1.51579,0.00194843,0.366827,1.51413,-0.157841,0.111273,5,9,0.101227,0.0531096,-0.111356,2.24055,0,1.97688
1.99675,0.265982,1.51596,0.000113343,0,0,0,0,5,9,0,0,0,0,0,traj_sz=100
1.99687,0.265982,1.51596,0.000113343,0.366827,1.51413,-0.157841,0.111273,5,9,0.100845,0.0546472,-0.107286,2.24017,0,1.99687
2.01669,0.267023,1.51586,0.00027118,0,0,0,0,5,9,0,0,0,0,0,traj_sz=100
2.01679,0.267023,1.51586,0.00027118,0.366827,1.51413,-0.157841,0.111273,5,9,0.0998034,0.0555154,-0.106568,2.23913,0,2.01679
2.03687,0.268014,1.51595,-0.000754126,0,0,0,0,5,9,0,0,0,0,0,traj_sz=100
2.03702,0.268014,1.51595,-0.000754126,0.366827,1.51413,-0.157841,0.111273,5,9,0.0988147,0.0564663,-0.104403,2.23815,0,2.03702
2.05675,0.268613,1.5159,-0.000132813,0,0,0,0,5,9,0,0,0,0,0,traj_sz=100
2.05687,0.268613,1.5159,-0.000132813,0.366827,1.51413,-0.157841,0.111273,5,9,0.0982145,0.0577693,-0.105875,2.23755,0,2.05687
2.07669,0.270198,1.51592,-0.00037485,0,0,0,0,5,9,0,0,0,0,0,traj_sz=100
2.07679,0.270198,1.51592,-0.00037485,0.366827,1.51413,-0.157841,0.111273,5,9,0.0966301,0.0580958,-0.105541,2.23597,0,2.07679
2.09682,0.271054,1.51627,-0.00286942,0,0,0,0,5,9,0,0,0,0,0,traj_sz=100
2.09709,0.271054,1.51627,-0.00286942,0.366827,1.51413,-0.157841,0.111273,6,9,0.0957792,0.0591921,-0.192723,2.23514,0,2.09709
2.11686,0.271919,1.51648,-0.00598591,0,0,0,0,6,9,0,0,0,0,0,traj_sz=100
2.11704,0.271919,1.51648,-0.00598591,0.366827,1.51413,-0.157841,0.111273,6,9,0.0949201,0.0602444,-0.184926,2.23429,0,2.11704
2.13672,0.273209,1.51612,-0.00342383,0,0,0,0,6,9,0,0,0,0,0,traj_sz=100
2.13691,0.273209,1.51612,-0.00342383,0.366827,1.51413,-0.157841,0.111273,6,9,0.0936243,0.0608547,-0.189236,2.23298,0,2.13691
2.15675,0.273955,1.51643,-0.00683571,0,0,0,0,6,9,0,0,0,0,0,traj_sz=100
2.15685,0.273955,1.51643,-0.00683571,0.366827,1.51413,-0.157841,0.111273,6,9,0.0928855,0.0620305,-0.181867,2.23226,0,2.15685
2.17674,0.275943,1.51633,-0.00670439,0,0,0,0,6,9,0,0,0,0,0,traj_sz=100
2.17681,0.275943,1.51633,-0.00670439,0.366827,1.51413,-0.157841,0.111273,6,9,0.0908964,0.0619562,-0.181578,2.23027,0,2.17681
2.19681,0.276475,1.51632,-0.00669661,0,0,0,0,6,9,0,0,0,0,0,traj_sz=100
2.19703,0.276475,1.51632,-0.00669661,0.366827,1.51413,-0.157841,0.111273,6,9,0.0903648,0.0633593,-0.18179,2.22974,0,2.19703
2.21667,0.277769,1.51649,-0.00853024,0,0,0,0,6,9,0,0,0,0,0,traj_sz=100
2.21678,0.277769,1.51649,-0.00853024,0.366827,1.51413,-0.157841,0.111273,6,9,0.089075,0.0642575,-0.178166,2.22846,0,2.21678
2.23676,0.279232,1.5164,-0.00860501,0,0,0,0,6,9,0,0,0,0,0,traj_sz=100
2.23684,0.279232,1.5164,-0.00860501,0.366827,1.51413,-0.157841,0.111273,6,9,0.0876114,0.0650889,-0.177081,2.22699,0,2.23684
2.25676,0.279855,1.51639,-0.00851012,0,0,0,0,6,9,0,0,0,0,0,traj_sz=100
2.25698,0.279855,1.51639,-0.00851012,0.366827,1.51413,-0.157841,0.111273,6,9,0.0869883,0.0667694,-0.177525,2.22637,0,2.25698
2.27678,0.282174,1.51681,-0.0139568,0,0,0,0,6,9,0,0,0,0,0,traj_sz=100
2.27686,0.282174,1.51681,-0.0139568,0.366827,1.51413,-0.157841,0.111273,6,9,0.0846822,0.0667428,-0.165045,2.22409,0,2.27686
2.29669,0.282861,1.51681,-0.0139267,0,0,0,0,6,9,0,0,0,0,0,traj_sz=100
2.29678,0.282861,1.51681,-0.0139267,0.366827,1.51413,-0.157841,0.111273,6,9,0.0839953,0.0683373,-0.165369,2.22341,0,2.29678
2.31668,0.284051,1.51686,-0.0154011,0,0,0,0,6,9,0,0,0,0,0,traj_sz=100
2.31677,0.284051,1.51686,-0.0154011,0.366827,1.51413,-0.157841,0.111273,6,9,0.0828079,0.0694382,-0.161241,2.22222,0,2.31677
2.33675,0.28557,1.51697,-0.0176619,0,0,0,0,6,9,0,0,0,0,0,traj_sz=100
2.33686,0.28557,1.51697,-0.0176619,0.366827,1.51413,-0.157841,0.111273,6,9,0.0812946,0.0702246,-0.155426,2.22072,0,2.33686
2.35679,0.285823,1.51674,-0.0168292,0,0,0,0,6,9,0,0,0,0,0,traj_sz=100
2.357,0.285823,1.51674,-0.0168292,0.366827,1.51413,-0.157841,0.111273,6,9,0.0810369,0.0722691,-0.155072,2.22045,0,2.357
2.37676,0.28795,1.51686,-0.0208933,0,0,0,0,6,9,0,0,0,0,0,traj_sz=100
2.37701,0.28795,1.51686,-0.0208933,0.407142,1.50772,-0.229918,0.119998,6,10,0.119357,0.072441,-0.143035,2.21834,0,2.37701
2.39685,0.28871,1.5168,-0.0213432,0,0,0,0,6,10,0,0,0,0,0,traj_sz=100
2.39695,0.28871,1.5168,-0.0213432,0.407142,1.50772,-0.229918,0.119998,6,10,0.118599,0.0739627,-0.140795,2.21757,0,2.39695
2.41681,0.290063,1.51678,-0.0211021,0,0,0,0,6,10,0,0,0,0,0,traj_sz=100
2.41701,0.290063,1.51678,-0.0211021,0.407142,1.50772,-0.229918,0.119998,7,10,0.117245,0.0749062,-0.273109,2.21622,0,2.41701
2.4367,0.29164,1.51679,-0.0235224,0,0,0,0,7,10,0,0,0,0,0,traj_sz=100
2.4368,0.29164,1.51679,-0.0235224,0.407142,1.50772,-0.229918,0.119998,7,10,0.115683,0.075599,-0.265775,2.21465,0,2.4368
2.45671,0.292558,1.51686,-0.0242647,0,0,0,0,7,10,0,0,0,0,0,traj_sz=100
2.4568,0.292558,1.51686,-0.0242647,0.407142,1.50772,-0.229918,0.119998,7,10,0.114772,0.0769756,-0.264857,2.21374,0,2.4568
2.47667,0.294875,1.51706,-0.0284033,0,0,0,0,7,10,0,0,0,0,0,traj_sz=100
2.47673,0.294875,1.51706,-0.0284033,0.407142,1.50772,-0.229918,0.119998,7,10,0.112487,0.0769548,-0.254924,2.21144,0,2.47673
2.49665,0.295788,1.51701,-0.0278586,0,0,0,0,7,10,0,0,0,0,0,traj_sz=100
2.49676,0.295788,1.51701,-0.0278586,0.407142,1.50772,-0.229918,0.119998,7,10,0.111569,0.0783333,-0.256877,2.21053,0,2.49676
2.51683,0.297324,1.51681,-0.0298547,0,0,0,0,7,10,0,0,0,0,0,traj_sz=100
2.51702,0.297324,1.51681,-0.0298547,0.407142,1.50772,-0.229918,0.119998,7,10,0.110041,0.0791075,-0.247907,2.20898,0,2.51702
2.53672,0.298842,1.5168,-0.0309591,0,0,0,0,7,10,0,0,0,0,0,traj_sz=100
2.53684,0.298842,1.5168,-0.0309591,0.407142,1.50772,-0.229918,0.119998,7,10,0.10853,0.0798634,-0.245074,2.20747,0,2.53684
2.55669,0.299768,1.51682,-0.0325311,0,0,0,0,7,10,0,0,0,0,0,traj_sz=100
2.55681,0.299768,1.51682,-0.0325311,0.407142,1.50772,-0.229918,0.119998,7,10,0.107613,0.0812268,-0.240443,2.20655,0,2.55681
2.57665,0.302362,1.51694,-0.035935,0,0,0,0,7,10,0,0,0,0,0,traj_sz=100
2.57677,0.302362,1.51694,-0.035935,0.407142,1.50772,-0.229918,0.119998,7,10,0.105044,0.0810382,-0.232006,2.20397,0,2.57677
2.59662,0.30334,1.51676,-0.0367205,0,0,0,0,7,10,0,0,0,0,0,traj_sz=100
2.59667,0.30334,1.51676,-0.0367205,0.407142,1.50772,-0.229918,0.119998,7,10,0.104064,0.0825845,-0.227362,2.20298,0,2.59667
2.61675,0.305274,1.51689,-0.040206,0,0,0,0,7,10,0,0,0,0,0,traj_sz=100
2.61684,0.305274,1.51689,-0.040206,0.407142,1.50772,-0.229918,0.119998,7,10,0.102154,0.0832238,-0.218253,2.20106,0,2.61684
2.63674,0.307078,1.51674,-0.0436177,0,0,0,0,7,10,0,0,0,0,0,traj_sz=100
2.63685,0.307078,1.51674,-0.0436177,0.407142,1.50772,-0.229918,0.119998,7,10,0.100362,0.0839578,-0.205161,2.19925,0,2.63685
2.65672,0.307999,1.51679,-0.0442621,0,0,0,0,7,10,0,0,0,0,0,traj_sz=100
2.65682,0.307999,1.51679,-0.0442621,0.407142,1.50772,-0.229918,0.119998,7,10,0.0994473,0.0855827,-0.204448,2.19834,0,2.65682
2.67675,0.311139,1.5169,-0.0489641,0,0,0,0,7,10,0,0,0,0,0,traj_sz=100
2.67685,0.311139,1.5169,-0.0489641,0.407142,1.50772,-0.229918,0.119998,7,10,0.0963373,0.0850022,-0.191641,2.19521,0,2.67685
2.69679,0.312107,1.51669,-0.0510629,0,0,0,0,7,10,0,0,0,0,0,traj_sz=100
2.69686,0.312107,1.51669,-0.0510629,0.407142,1.50772,-0.229918,0.119998,7,10,0.0953692,0.0865698,-0.181698,2.19423,0,2.69686
2.71671,0.314025,1.51678,-0.0532636,0,0,0,0,7,10,0,0,0,0,0,traj_sz=100
2.71683,0.314025,1.51678,-0.0532636,0.407142,1.50772,-0.229918,0.119998,7,10,0.0934673,0.0872013,-0.176729,2.19233,0,2.71683
2.73674,0.316115,1.51684,-0.0581554,0,0,0,0,7,10,0,0,0,0,0,traj_sz=100
2.73689,0.316115,1.51684,-0.0581554,0.407142,1.50772,-0.229918,0.119998,8,10,0.0914034,0.0876735,-0.335132,2.19025,0,2.73689
2.75677,0.3169,1.51674,-0.0595515,0,0,0,0,8,10,0,0,0,0,0,traj_sz=100
2.75686,0.3169,1.51674,-0.0595515,0.407142,1.50772,-0.229918,0.119998,8,10,0.090619,0.0894244,-0.329792,2.18946,0,2.75686
2.77675,0.319623,1.51679,-0.0631576,0,0,0,0,8,10,0,0,0,0,0,traj_sz=100
2.77683,0.319623,1.51679,-0.0631576,0.407142,1.50772,-0.229918,0.119998,8,10,0.0879166,0.0892545,-0.321506,2.18675,0,2.77683
2.79682,0.320586,1.51681,-0.0634719,0,0,0,0,8,10,0,0,0,0,0,traj_sz=100
2.79688,0.320586,1.51681,-0.0634719,0.407142,1.50772,-0.229918,0.119998,8,10,0.0869586,0.0908475,-0.322209,2.18579,0,2.79688
2.81673,0.322467,1.51672,-0.0673406,0,0,0,0,8,10,0,0,0,0,0,traj_sz=100
2.81683,0.322467,1.51672,-0.0673406,0.407142,1.50772,-0.229918,0.119998,8,10,0.0850888,0.0915036,-0.309686,2.18391,0,2.81683
2.83678,0.324484,1.51667,-0.0704306,0,0,0,0,8,10,0,0,0,0,0,traj_sz=100
2.83703,0.324484,1.51667,-0.0704306,0.407142,1.50772,-0.229918,0.119998,8,10,0.0830826,0.0920549,-0.300767,2.18189,0,2.83703
2.85681,0.325612,1.51669,-0.0726672,0,0,0,0,8,10,0,0,0,0,0,traj_sz=100
2.85691,0.325612,1.51669,-0.0726672,0.407142,1.50772,-0.229918,0.119998,8,10,0.0819659,0.0934648,-0.294609,2.18077,0,2.85691
2.87677,0.328625,1.51657,-0.0776305,0,0,0,0,8,10,0,0,0,0,0,traj_sz=100
2.87687,0.328625,1.51657,-0.0776305,0.450007,1.49768,-0.311589,0.124492,8,11,0.122481,0.0929941,-0.279432,2.17775,0,2.87687
2.89684,0.329692,1.5166,-0.080486,0,0,0,0,8,11,0,0,0,0,0,traj_sz=100
2.897,0.329692,1.5166,-0.080486,0.450007,1.49768,-0.311589,0.124492,8,11,0.121447,0.0944935,-0.271143,2.17669,0,2.897
2.91683,0.331749,1.51655,-0.0857106,0,0,0,0,8,11,0,0,0,0,0,traj_sz=100
2.9169,0.331749,1.51655,-0.0857106,0.450007,1.49768,-0.311589,0.124492,8,11,0.119439,0.0949765,-0.2547,2.17464,0,2.9169
2.93678,0.333501,1.51618,-0.0884358,0,0,0,0,8,11,0,0,0,0,0,traj_sz=100
2.93695,0.333501,1.51618,-0.0884358,0.450007,1.49768,-0.311589,0.124492,8,11,0.117685,0.0957566,-0.242003,2.17286,0,2.93695
2.95664,0.334538,1.51615,-0.0880086,0,0,0,0,8,11,0,0,0,0,0,traj_sz=100
2.95673,0.334538,1.51615,-0.0880086,0.450007,1.49768,-0.311589,0.124492,8,11,0.116645,0.0973696,-0.244505,2.17183,0,2.95673
2.97673,0.337396,1.5161,-0.0957357,0,0,0,0,8,11,0,0,0,0,0,traj_sz=100
2.9768,0.337396,1.5161,-0.0957357,0.450007,1.49768,-0.311589,0.124492,8,11,0.113856,0.0972083,-0.220228,2.16897,0,2.9768
2.99673,0.338444,1.51615,-0.0976935,0,0,0,0,8,11,0,0,0,0,0,traj_sz=100
2.99686,0.338444,1.51615,-0.0976935,0.450007,1.49768,-0.311589,0.124492,8,11,0.112833,0.0988552,-0.215525,2.16793,0,2.99686
3.01672,0.340338,1.51601,-0.101311,0,0,0,0,8,11,0,0,0,0,0,traj_sz=100
3.01682,0.340338,1.51601,-0.101311,0.450007,1.49768,-0.311589,0.124492,8,11,0.110961,0.0996276,-0.203187,2.16603,0,3.01682
3.03667,0.342398,1.51559,-0.103275,0,0,0,0,8,11,0,0,0,0,0,traj_sz=100
3.03675,0.342398,1.51559,-0.103275,0.450007,1.49768,-0.311589,0.124492,8,11,0.108882,0.100201,-0.192806,2.16395,0,3.03675
3.05674,0.343388,1.5156,-0.105302,0,0,0,0,8,11,0,0,0,0,0,traj_sz=100
3.05693,0.343388,1.5156,-0.105302,0.450007,1.49768,-0.311589,0.124492,8,11,0.107912,0.101913,-0.187122,2.16296,0,3.05693
3.07665,0.346198,1.51552,-0.111226,0,0,0,0,8,11,0,0,0,0,0,traj_sz=100
3.07675,0.346198,1.51552,-0.111226,0.450007,1.49768,-0.311589,0.124492,8,11,0.105148,0.101771,-0.168761,2.16015,0,3.07675
3.09674,0.347251,1.51558,-0.114128,0,0,0,0,8,11,0,0,0,0,0,traj_sz=100
3.09682,0.347251,1.51558,-0.114128,0.450007,1.49768,-0.311589,0.124492,8,11,0.104126,0.103421,-0.160794,2.15911,0,3.09682
3.11671,0.349377,1.51507,-0.115169,0,0,0,0,8,11,0,0,0,0,0,traj_sz=100
3.11679,0.349377,1.51507,-0.115169,0.450007,1.49768,-0.311589,0.124492,9,11,0.101961,0.103919,-0.3491,2.15695,0,3.11679
3.13669,0.351656,1.51497,-0.11971,0,0,0,0,9,11,0,0,0,0,0,traj_sz=100
3.13679,0.351656,1.51497,-0.11971,0.450007,1.49768,-0.311589,0.124492,9,11,0.0997127,0.104323,-0.3491,2.15467,0,3.13679
3.15677,0.35289,1.51499,-0.121343,0,0,0,0,9,11,0,0,0,0,0,traj_sz=100
3.15703,0.35289,1.51499,-0.121343,0.450007,1.49768,-0.311589,0.124492,9,11,0.0984987,0.105802,-0.3491,2.15344,0,3.15703
3.1767,0.356648,1.51456,-0.126017,0,0,0,0,9,11,0,0,0,0,0,traj_sz=100
3.17681,0.356648,1.51456,-0.126017,0.450007,1.49768,-0.311589,0.124492,9,11,0.0947398,0.104674,-0.339221,2.14966,0,3.17681
3.19677,0.35795,1.51443,-0.129623,0,0,0,0,9,11,0,0,0,0,0,traj_sz=100
3.19685,0.35795,1.51443,-0.129623,0.450007,1.49768,-0.311589,0.124492,9,11,0.0934488,0.106048,-0.327361,2.14835,0,3.19685
3.21673,0.360581,1.51448,-0.134218,0,0,0,0,9,11,0,0,0,0,0,traj_sz=100
3.21712,0.360581,1.51448,-0.134218,0.450007,1.49768,-0.311589,0.124492,9,11,0.0908698,0.106163,-0.317815,2.14573,0,3.21712
3.23671,0.363042,1.51389,-0.135539,0,0,0,0,9,11,0,0,0,0,0,traj_sz=100
3.23691,0.363042,1.51389,-0.135539,0.450007,1.49768,-0.311589,0.124492,9,11,0.0883583,0.106289,-0.310168,2.14323,0,3.23691
3.2567,0.364332,1.51381,-0.137596,0,0,0,0,9,11,0,0,0,0,0,traj_sz=100
3.2568,0.364332,1.51381,-0.137596,0.450007,1.49768,-0.311589,0.124492,9,11,0.0870773,0.107664,-0.304582,2.14194,0,3.2568
3.27668,0.367609,1.51373,-0.147001,0,0,0,0,9,11,0,0,0,0,0,traj_sz=100
3.27675,0.367609,1.51373,-0.147001,0.450007,1.49768,-0.311589,0.124492,9,11,0.0838607,0.107083,-0.277297,2.13867,0,3.27675
3.29666,0.36879,1.51359,-0.148498,0,0,0,0,9,11,0,0,0,0,0,traj_sz=100
3.29673,0.36879,1.51359,-0.148498,0.450007,1.49768,-0.311589,0.124492,9,11,0.0826766,0.108566,-0.272559,2.13748,0,3.29673
3.31678,0.371007,1.5132,-0.150314,0,0,0,0,9,11,0,0,0,0,0,traj_sz=100
3.31692,0.371007,1.5132,-0.150314,0.450007,1.49768,-0.311589,0.124492,9,11,0.080434,0.109032,-0.265544,2.13524,0,3.31692
3.33676,0.373309,1.51319,-0.156196,0,0,0,0,9,11,0,0,0,0,0,traj_sz=100
3.33683,0.373309,1.51319,-0.156196,0.450007,1.49768,-0.311589,0.124492,9,11,0.0781773,0.109451,-0.24968,2.13294,0,3.33683
3.35675,0.37459,1.51294,-0.159419,0,0,0,0,9,11,0,0,0,0,0,traj_sz=100
3.35687,0.37459,1.51294,-0.159419,0.450007,1.49768,-0.311589,0.124492,9,11,0.0768835,0.110852,-0.237317,2.13165,0,3.35687
3.37674,0.378065,1.51239,-0.162823,0,0,0,0,9,11,0,0,0,0,0,traj_sz=100
3.37698,0.378065,1.51239,-0.162823,0.450007,1.49768,-0.311589,0.124492,9,11,0.0733752,0.110042,-0.225162,2.12814,0,3.37698
3.39676,0.379272,1.51233,-0.166747,0,0,0,0,9,11,0,0,0,0,0,traj_sz=100
3.39685,0.379272,1.51233,-0.166747,0.450007,1.49768,-0.311589,0.124492,9,11,0.0721848,0.111535,-0.212926,2.12693,0,3.39685
3.41682,0.381693,1.51169,-0.168234,0,0,0,0,9,11,0,0,0,0,0,traj_sz=100
3.41702,0.381693,1.51169,-0.168234,0.450007,1.49768,-0.311589,0.124492,9,11,0.0696964,0.111761,-0.203891,2.12447,0,3.41702
3.43679,0.384255,1.5116,-0.173083,0,0,0,0,9,11,0,0,0,0,0,traj_sz=100
3.43689,0.384255,1.5116,-0.173083,0.450007,1.49768,-0.311589,0.124492,9,11,0.0671659,0.111909,-0.191023,2.12191,0,3.43689
3.45676,0.385524,1.51159,-0.177407,0,0,0,0,9,11,0,0,0,0,0,traj_sz=100
3.45689,0.385524,1.51159,-0.177407,0.450007,1.49768,-0.311589,0.124492,9,11,0.0659259,0.113362,-0.178352,2.12064,0,3.45689
3.47678,0.389581,1.51082,-0.184654,0,0,0,0,9,11,0,0,0,0,0,traj_sz=100
3.47696,0.389581,1.51082,-0.184654,0.450007,1.49768,-0.311589,0.124492,10,11,0.0618121,0.111944,-0.3491,2.11654,0,3.47696
3.49681,0.390971,1.51053,-0.184921,0,0,0,0,10,11,0,0,0,0,0,traj_sz=100
3.49695,0.390971,1.51053,-0.184921,0.450007,1.49768,-0.311589,0.124492,10,11,0.0603916,0.11322,-0.3491,2.11513,0,3.49695
3.51679,0.393651,1.51047,-0.190589,0,0,0,0,10,11,0,0,0,0,0,traj_sz=100
3.51689,0.393651,1.51047,-0.190589,0.49348,1.48368,-0.399163,0.12563,10,12,0.103096,0.113278,-0.3491,2.11245,0,3.51689
3.5369,0.396004,1.50989,-0.195222,0,0,0,0,10,12,0,0,0,0,0,traj_sz=100
3.53705,0.396004,1.50989,-0.195222,0.49348,1.48368,-0.399163,0.12563,10,12,0.100708,0.113578,-0.3491,2.11006,0,3.53705
3.55673,0.397223,1.5097,-0.197591,0,0,0,0,10,12,0,0,0,0,0,traj_sz=100
3.55686,0.397223,1.5097,-0.197591,0.49348,1.48368,-0.399163,0.12563,10,12,0.0994927,0.115022,-0.3491,2.10883,0,3.55686
3.57676,0.400617,1.50924,-0.203381,0,0,0,0,10,12,0,0,0,0,0,traj_sz=100
3.57685,0.400617,1.50924,-0.203381,0.49348,1.48368,-0.399163,0.12563,10,12,0.096111,0.114305,-0.3491,2.10541,0,3.57685
3.59685,0.401675,1.50861,-0.201565,0,0,0,0,10,12,0,0,0,0,0,traj_sz=100
3.59704,0.401675,1.50861,-0.201565,0.49348,1.48368,-0.399163,0.12563,10,12,0.0949375,0.11586,-0.3491,2.10431,0,3.59704
3.61709,0.404081,1.5085,-0.207015,0,0,0,0,10,12,0,0,0,0,0,traj_sz=100
3.61719,0.404081,1.5085,-0.207015,0.49348,1.48368,-0.399163,0.12563,10,12,0.0925917,0.116209,-0.339604,2.1019,0,3.61719
3.63678,0.40638,1.50797,-0.212503,0,0,0,0,10,12,0,0,0,0,0,traj_sz=100
3.63706,0.40638,1.50797,-0.212503,0.49348,1.48368,-0.399163,0.12563,10,12,0.0902634,0.116526,-0.319961,2.09957,0,3.63706
3.65686,0.407741,1.50791,-0.215063,0,0,0,0,10,12,0,0,0,0,0,traj_sz=100
3.65715,0.407741,1.50791,-0.215063,0.49348,1.48368,-0.399163,0.12563,10,12,0.0889358,0.117878,-0.314619,2.09821,0,3.65715
3.67686,0.41127,1.50717,-0.224009,0,0,0,0,10,12,0,0,0,0,0,traj_sz=100
3.67708,0.41127,1.50717,-0.224009,0.49348,1.48368,-0.399163,0.12563,10,12,0.0853734,0.116957,-0.283593,2.09463,0,3.67708
3.69682,0.412643,1.50687,-0.22602,0,0,0,0,10,12,0,0,0,0,0,traj_sz=100
3.69698,0.412643,1.50687,-0.22602,0.49348,1.48368,-0.399163,0.12563,10,12,0.0839786,0.118189,-0.27675,2.09324,0,3.69698
3.71679,0.415282,1.50599,-0.227879,0,0,0,0,10,12,0,0,0,0,0,traj_sz=100
3.71693,0.415282,1.50599,-0.227879,0.49348,1.48368,-0.399163,0.12563,10,12,0.0812157,0.118055,-0.266094,2.09055,0,3.71693
3.73677,0.418114,1.50593,-0.238212,0,0,0,0,10,12,0,0,0,0,0,traj_sz=100
3.73686,0.418114,1.50593,-0.238212,0.49348,1.48368,-0.399163,0.12563,10,12,0.0784876,0.117931,-0.237758,2.08772,0,3.73686
3.75671,0.419493,1.50538,-0.238318,0,0,0,0,10,12,0,0,0,0,0,traj_sz=100
3.75682,0.419493,1.50538,-0.238318,0.49348,1.48368,-0.399163,0.12563,10,12,0.077019,0.119103,-0.234077,2.0863,0,3.75682
3.77666,0.423996,1.50456,-0.248318,0,0,0,0,10,12,0,0,0,0,0,traj_sz=100
3.77683,0.423996,1.50456,-0.248318,0.49348,1.48368,-0.399163,0.12563,10,12,0.072485,0.117184,-0.201484,2.08175,0,3.77683
3.79676,0.42547,1.5044,-0.252953,0,0,0,0,10,12,0,0,0,0,0,traj_sz=100
3.79703,0.42547,1.5044,-0.252953,0.49348,1.48368,-0.399163,0.12563,10,12,0.0710316,0.118385,-0.187528,2.08027,0,3.79703
3.81671,0.428274,1.50359,-0.258476,0,0,0,0,10,12,0,0,0,0,0,traj_sz=100
3.81683,0.428274,1.50359,-0.258476,0.49348,1.48368,-0.399163,0.12563,10,12,0.0681298,0.118098,-0.165414,2.07741,0,3.81683
3.8367,0.430696,1.50298,-0.261792,0,0,0,0,10,12,0,0,0,0,0,traj_sz=100
3.83681,0.430696,1.50298,-0.261792,0.49348,1.48368,-0.399163,0.12563,11,12,0.0656401,0.118244,-0.3491,2.07495,0,3.83681
3.85687,0.432241,1.50294,-0.265818,0,0,0,0,11,12,0,0,0,0,0,traj_sz=100
3.85705,0.432241,1.50294,-0.265818,0.49348,1.48368,-0.399163,0.12563,11,12,0.0641478,0.119424,-0.3491,2.07341,0,3.85705
3.8767,0.435823,1.50183,-0.271235,0,0,0,0,11,12,0,0,0,0,0,traj_sz=100
3.87686,0.435823,1.50183,-0.271235,0.535947,1.46577,-0.489233,0.124873,11,13,0.106124,0.118297,-0.3491,2.06975,0,3.87686
3.89669,0.437083,1.50159,-0.275637,0,0,0,0,11,13,0,0,0,0,0,traj_sz=100
3.89678,0.437083,1.50159,-0.275637,0.535947,1.46577,-0.489233,0.124873,11,13,0.10488,0.119658,-0.3491,2.06848,0,3.89678
3.91676,0.439741,1.50087,-0.277883,0,0,0,0,11,13,0,0,0,0,0,traj_sz=100
3.91695,0.439741,1.50087,-0.277883,0.535947,1.46577,-0.489233,0.124873,11,13,0.102144,0.119567,-0.3491,2.06578,0,3.91695
3.93685,0.441963,1.50041,-0.28411,0,0,0,0,11,13,0,0,0,0,0,traj_sz=100
3.93698,0.441963,1.50041,-0.28411,0.535947,1.46577,-0.489233,0.124873,11,13,0.0999244,0.119958,-0.3491,2.06353,0,3.93698
3.95686,0.443254,1.50012,-0.286918,0,0,0,0,11,13,0,0,0,0,0,traj_sz=100
3.95702,0.443254,1.50012,-0.286918,0.535947,1.46577,-0.489233,0.124873,11,13,0.098625,0.121291,-0.3491,2.06222,0,3.95702
3.97687,0.446543,1.499,-0.291794,0,0,0,0,11,13,0,0,0,0,0,traj_sz=100
3.97696,0.446543,1.499,-0.291794,0.535947,1.46577,-0.489233,0.124873,11,13,0.095184,0.120455,-0.340564,2.05886,0,3.97696
3.99683,0.447779,1.49895,-0.294791,0,0,0,0,11,13,0,0,0,0,0,traj_sz=100
3.99694,0.447779,1.49895,-0.294791,0.535947,1.46577,-0.489233,0.124873,11,13,0.0940038,0.121897,-0.334691,2.05762,0,3.99694
4.01676,0.450032,1.49832,-0.299352,0,0,0,0,11,13,0,0,0,0,0,traj_sz=100
4.01696,0.450032,1.49832,-0.299352,0.535947,1.46577,-0.489233,0.124873,11,13,0.0916922,0.122203,-0.319626,2.05533,0,4.01696
4.03683,0.45265,1.49751,-0.302841,0,0,0,0,11,13,0,0,0,0,0,traj_sz=100
4.03693,0.45265,1.49751,-0.302841,0.535947,1.46577,-0.489233,0.124873,11,13,0.0889728,0.122097,-0.307653,2.05266,0,4.03693
4.05677,0.45399,1.49713,-0.304238,0,0,0,0,11,13,0,0,0,0,0,traj_sz=100
4.05688,0.45399,1.49713,-0.304238,0.535947,1.46577,-0.489233,0.124873,11,13,0.087587,0.123253,-0.303289,2.05129,0,4.05688
4.07675,0.458167,1.49594,-0.314312,0,0,0,0,11,13,0,0,0,0,0,traj_sz=100
4.07686,0.458167,1.49594,-0.314312,0.535947,1.46577,-0.489233,0.124873,11,13,0.0832972,0.121466,-0.269267,2.04704,0,4.07686
4.09674,0.459574,1.49542,-0.31659,0,0,0,0,11,13,0,0,0,0,0,traj_sz=100
4.09693,0.459574,1.49542,-0.31659,0.535947,1.46577,-0.489233,0.124873,11,13,0.0818076,0.122529,-0.260068,2.0456,0,4.09693
4.11679,0.46249,1.49464,-0.321749,0,0,0,0,11,13,0,0,0,0,0,traj_sz=100
4.11695,0.46249,1.49464,-0.321749,0.535947,1.46577,-0.489233,0.124873,11,13,0.0788158,0.122076,-0.243768,2.04264,0,4.11695
4.1367,0.465223,1.49353,-0.325543,0,0,0,0,11,13,0,0,0,0,0,traj_sz=100
4.13684,0.465223,1.49353,-0.325543,0.535947,1.46577,-0.489233,0.124873,11,13,0.0758882,0.121674,-0.226905,2.03983,0,4.13684
4.15677,0.466583,1.49328,-0.330224,0,0,0,0,11,13,0,0,0,0,0,traj_sz=100
4.15684,0.466583,1.49328,-0.330224,0.535947,1.46577,-0.489233,0.124873,11,13,0.0745369,0.122864,-0.212726,2.03846,0,4.15684
4.17685,0.470575,1.49189,-0.335545,0,0,0,0,11,13,0,0,0,0,0,traj_sz=100
4.17696,0.470575,1.49189,-0.335545,0.535947,1.46577,-0.489233,0.124873,11,13,0.0703251,0.121204,-0.191997,2.03438,0,4.17696
4.19678,0.472006,1.49164,-0.33947,0,0,0,0,11,13,0,0,0,0,0,traj_sz=100
4.19686,0.472006,1.49164,-0.33947,0.535947,1.46577,-0.489233,0.124873,11,13,0.0689049,0.122318,-0.180905,2.03293,0,4.19686
4.21678,0.474818,1.49084,-0.347407,0,0,0,0,11,13,0,0,0,0,0,traj_sz=100
4.21697,0.474818,1.49084,-0.347407,0.535947,1.46577,-0.489233,0.124873,12,13,0.0660121,0.121971,-0.3491,2.03007,0,4.21697
4.2369,0.47762,1.49002,-0.353162,0,0,0,0,12,13,0,0,0,0,0,traj_sz=100
4.23701,0.47762,1.49002,-0.353162,0.535947,1.46577,-0.489233,0.124873,12,13,0.0631139,0.121621,-0.3491,2.02722,0,4.23701
4.25675,0.479004,1.48929,-0.354065,0,0,0,0,12,13,0,0,0,0,0,traj_sz=100
4.25686,0.479004,1.48929,-0.354065,0.576385,1.44424,-0.579372,0.122757,12,14,0.106961,0.122606,-0.3491,2.02579,0,4.25686
4.27692,0.483177,1.48774,-0.361128,0,0,0,0,12,14,0,0,0,0,0,traj_sz=100
4.27711,0.483177,1.48774,-0.361128,0.576385,1.44424,-0.579372,0.122757,12,14,0.102566,0.120733,-0.3491,2.02152,0,4.27711
4.29667,0.484547,1.48766,-0.367865,0,0,0,0,12,14,0,0,0,0,0,traj_sz=100
4.29677,0.484547,1.48766,-0.367865,0.576385,1.44424,-0.579372,0.122757,12,14,0.101311,0.121943,-0.3491,2.02015,0,4.29677
4.31674,0.487208,1.4864,-0.369618,0,0,0,0,12,14,0,0,0,0,0,traj_sz=100
4.31685,0.487208,1.4864,-0.369618,0.576385,1.44424,-0.579372,0.122757,12,14,0.0983862,0.121566,-0.3491,2.01741,0,4.31685
4.33678,0.489835,1.48549,-0.373574,0,0,0,0,12,14,0,0,0,0,0,traj_sz=100
4.33696,0.489835,1.48549,-0.373574,0.576385,1.44424,-0.579372,0.122757,12,14,0.0956349,0.12135,-0.3491,2.01473,0,4.33696
4.35674,0.491285,1.4853,-0.378611,0,0,0,0,12,14,0,0,0,0,0,traj_sz=100
4.35687,0.491285,1.4853,-0.378611,0.576385,1.44424,-0.579372,0.122757,12,14,0.0942502,0.122475,-0.3491,2.01327,0,4.35687
4.37672,0.495222,1.48355,-0.382523,0,0,0,0,12,14,0,0,0,0,0,traj_sz=100
4.37681,0.495222,1.48355,-0.382523,0.576385,1.44424,-0.579372,0.122757,12,14,0.0899704,0.120711,-0.341303,2.00922,0,4.37681
4.39672,0.496564,1.48305,-0.384633,0,0,0,0,12,14,0,0,0,0,0,traj_sz=100
4.39682,0.496564,1.48305,-0.384633,0.576385,1.44424,-0.579372,0.122757,12,14,0.0885502,0.121826,-0.334566,2.00785,0,4.39682
4.4168,0.498961,1.48228,-0.392255,0,0,0,0,12,14,0,0,0,0,0,traj_sz=100
4.41694,0.498961,1.48228,-0.392255,0.576385,1.44424,-0.579372,0.122757,12,14,0.0860859,0.121828,-0.310533,2.00541,0,4.41694
4.43684,0.501722,1.48151,-0.398784,0,0,0,0,12,14,0,0,0,0,0,traj_sz=100
4.43702,0.501722,1.48151,-0.398784,0.576385,1.44424,-0.579372,0.122757,12,14,0.0832752,0.121471,-0.292405,2.0026,0,4.43702
4.45677,0.502931,1.48069,-0.398103,0,0,0,0,12,14,0,0,0,0,0,traj_sz=100
4.45686,0.502931,1.48069,-0.398103,0.576385,1.44424,-0.579372,0.122757,12,14,0.0818419,0.122498,-0.290654,2.00134,0,4.45686
4.47677,0.507097,1.47915,-0.406916,0,0,0,0,12,14,0,0,0,0,0,traj_sz=100
4.47689,0.507097,1.47915,-0.406916,0.576385,1.44424,-0.579372,0.122757,12,14,0.0774486,0.120543,-0.261929,1.99708,0,4.47689
4.49665,0.508279,1.47863,-0.410009,0,0,0,0,12,14,0,0,0,0,0,traj_sz=100
4.49683,0.508279,1.47863,-0.410009,0.576385,1.44424,-0.579372,0.122757,12,14,0.0761715,0.121721,-0.250499,1.99587,0,4.49683
4.51681,0.510927,1.47757,-0.415437,0,0,0,0,12,14,0,0,0,0,0,traj_sz=100
4.51705,0.510927,1.47757,-0.415437,0.576385,1.44424,-0.579372,0.122757,12,14,0.0733429,0.121377,-0.231753,1.99316,0,4.51705
4.5368,0.513726,1.47638,-0.418989,0,0,0,0,12,14,0,0,0,0,0,traj_sz=100
4.53688,0.513726,1.47638,-0.418989,0.576385,1.44424,-0.579372,0.122757,12,14,0.0703144,0.12079,-0.218772,1.99029,0,4.53688
4.55683,0.515124,1.47618,-0.425148,0,0,0,0,12,14,0,0,0,0,0,traj_sz=100
4.55692,0.515124,1.47618,-0.425148,0.576385,1.44424,-0.579372,0.122757,12,14,0.068982,0.121921,-0.202034,1.98888,0,4.55692
4.57681,0.518919,1.47429,-0.431304,0,0,0,0,12,14,0,0,0,0,0,traj_sz=100
4.57697,0.518919,1.47429,-0.431304,0.576385,1.44424,-0.579372,0.122757,13,14,0.0647678,0.120166,-0.3491,1.98498,0,4.57697
4.59676,0.520386,1.47371,-0.433892,0,0,0,0,13,14,0,0,0,0,0,traj_sz=100
4.59701,0.520386,1.47371,-0.433892,0.576385,1.44424,-0.579372,0.122757,13,14,0.0631984,0.121067,-0.3491,1.98348,0,4.59701
4.61681,0.523137,1.47282,-0.442129,0,0,0,0,13,14,0,0,0,0,0,traj_sz=100
4.61693,0.523137,1.47282,-0.442129,0.614071,1.41958,-0.667659,0.119776,13,15,0.10497,0.120672,-0.3491,1.98067,0,4.61693
4.63671,0.525581,1.47147,-0.44633,0,0,0,0,13,15,0,0,0,0,0,traj_sz=100
4.63682,0.525581,1.47147,-0.44633,0.614071,1.41958,-0.667659,0.119776,13,15,0.102221,0.120346,-0.3491,1.97815,0,4.63682
4.6568,0.52708,1.47129,-0.452747,0,0,0,0,13,15,0,0,0,0,0,traj_sz=100
4.65699,0.52708,1.47129,-0.452747,0.614071,1.41958,-0.667659,0.119776,13,15,0.100849,0.12142,-0.3491,1.97665,0,4.65699
4.67688,0.530618,1.46949,-0.45834,0,0,0,0,13,15,0,0,0,0,0,traj_sz=100
4.67698,0.530618,1.46949,-0.45834,0.614071,1.41958,-0.667659,0.119776,13,15,0.0969239,0.119924,-0.3491,1.973,0,4.67698
4.69666,0.531853,1.46893,-0.460306,0,0,0,0,13,15,0,0,0,0,0,traj_sz=100
4.69675,0.531853,1.46893,-0.460306,0.614071,1.41958,-0.667659,0.119776,13,15,0.0955812,0.121011,-0.3491,1.97174,0,4.69675
4.71679,0.534333,1.46776,-0.464981,0,0,0,0,13,15,0,0,0,0,0,traj_sz=100
4.71688,0.534333,1.46776,-0.464981,0.614071,1.41958,-0.667659,0.119776,13,15,0.0928783,0.120763,-0.3491,1.96919,0,4.71688
4.73678,0.53702,1.46716,-0.476487,0,0,0,0,13,15,0,0,0,0,0,traj_sz=100
4.73692,0.53702,1.46716,-0.476487,0.614071,1.41958,-0.667659,0.119776,13,15,0.0902923,0.120575,-0.34827,1.96647,0,4.73692
4.75676,0.538176,1.46625,-0.476153,0,0,0,0,13,15,0,0,0,0,0,traj_sz=100
4.75699,0.538176,1.46625,-0.476153,0.614071,1.41958,-0.667659,0.119776,13,15,0.088844,0.121607,-0.345517,1.96527,0,4.75699
4.77676,0.541763,1.4644,-0.481845,0,0,0,0,13,15,0,0,0,0,0,traj_sz=100
4.77688,0.541763,1.4644,-0.481845,0.614071,1.41958,-0.667659,0.119776,13,15,0.0848466,0.12,-0.325878,1.96158,0,4.77688
4.79681,0.5431,1.46381,-0.48405,0,0,0,0,13,15,0,0,0,0,0,traj_sz=100
4.79695,0.5431,1.46381,-0.48405,0.614071,1.41958,-0.667659,0.119776,13,15,0.0833999,0.120938,-0.319473,1.96021,0,4.79695
4.81693,0.545589,1.46264,-0.491332,0,0,0,0,13,15,0,0,0,0,0,traj_sz=100
4.8171,0.545589,1.46264,-0.491332,0.614071,1.41958,-0.667659,0.119776,13,15,0.0806982,0.120605,-0.29538,1.95765,0,4.8171
4.83682,0.548134,1.46145,-0.497741,0,0,0,0,13,15,0,0,0,0,0,traj_sz=100
4.83691,0.548134,1.46145,-0.497741,0.614071,1.41958,-0.667659,0.119776,13,15,0.0779271,0.12017,-0.274455,1.95505,0,4.83691
4.8568,0.549442,1.46088,-0.500478,0,0,0,0,13,15,0,0,0,0,0,traj_sz=100
4.85701,0.549442,1.46088,-0.500478,0.614071,1.41958,-0.667659,0.119776,13,15,0.07652,0.121151,-0.266286,1.95371,0,4.85701
4.87681,0.553327,1.45879,-0.508067,0,0,0,0,13,15,0,0,0,0,0,traj_sz=100
4.87689,0.553327,1.45879,-0.508067,0.614071,1.41958,-0.667659,0.119776,13,15,0.0721473,0.119121,-0.238691,1.94971,0,4.87689
4.89672,0.554645,1.45816,-0.510899,0,0,0,0,13,15,0,0,0,0,0,traj_sz=100
4.89681,0.554645,1.45816,-0.510899,0.614071,1.41958,-0.667659,0.119776,13,15,0.0707024,0.120046,-0.229438,1.94836,0,4.89681
4.91672,0.557296,1.45725,-0.520238,0,0,0,0,13,15,0,0,0,0,0,traj_sz=100
4.91694,0.557296,1.45725,-0.520238,0.614071,1.41958,-0.667659,0.119776,13,15,0.0679902,0.119699,-0.202478,1.94566,0,4.91694
4.93679,0.559832,1.45546,-0.522163,0,0,0,0,13,15,0,0,0,0,0,traj_sz=100
4.93689,0.559832,1.45546,-0.522163,0.614071,1.41958,-0.667659,0.119776,14,15,0.0649047,0.118994,-0.3491,1.94303,0,4.93689
4.95676,0.561094,1.45481,-0.525402,0,0,0,0,14,15,0,0,0,0,0,traj_sz=100
4.95684,0.561094,1.45481,-0.525402,0.614071,1.41958,-0.667659,0.119776,14,15,0.0635027,0.119966,-0.3491,1.94174,0,4.95684
4.9767,0.564689,1.45303,-0.534753,0,0,0,0,14,15,0,0,0,0,0,traj_sz=100
4.97689,0.564689,1.45303,-0.534753,0.648578,1.39238,-0.752715,0.116427,14,16,0.103088,0.118361,-0.3491,1.93805,0,4.97689
4.99686,0.565904,1.45213,-0.534643,0,0,0,0,14,16,0,0,0,0,0,traj_sz=100
4.99695,0.565904,1.45213,-0.534643,0.648578,1.39238,-0.752715,0.116427,14,16,0.101581,0.119251,-0.3491,1.93679,0,4.99695
5.01676,0.568296,1.45108,-0.541843,0,0,0,0,14,16,0,0,0,0,0,traj_sz=100
5.01701,0.568296,1.45108,-0.541843,0.648578,1.39238,-0.752715,0.116427,14,16,0.0990549,0.119045,-0.3491,1.93435,0,5.01701
5.03665,0.570523,1.45014,-0.549379,0,0,0,0,14,16,0,0,0,0,0,traj_sz=100
5.03675,0.570523,1.45014,-0.549379,0.648578,1.39238,-0.752715,0.116427,14,16,0.0967286,0.119031,-0.3491,1.93207,0,5.03675
5.05672,0.571524,1.44926,-0.549365,0,0,0,0,14,16,0,0,0,0,0,traj_sz=100
5.05684,0.571524,1.44926,-0.549365,0.648578,1.39238,-0.752715,0.116427,14,16,0.0954184,0.12012,-0.3491,1.93103,0,5.05684
5.07668,0.574865,1.44727,-0.555431,0,0,0,0,14,16,0,0,0,0,0,traj_sz=100
5.07685,0.574865,1.44727,-0.555431,0.648578,1.39238,-0.752715,0.116427,14,16,0.0915765,0.118616,-0.3491,1.92759,0,5.07685
5.09679,0.57609,1.44701,-0.559507,0,0,0,0,14,16,0,0,0,0,0,traj_sz=100
5.09691,0.57609,1.44701,-0.559507,0.648578,1.39238,-0.752715,0.116427,14,16,0.0904308,0.119838,-0.3491,1.92635,0,5.09691
5.11678,0.578062,1.44545,-0.563331,0,0,0,0,14,16,0,0,0,0,0,traj_sz=100
5.11691,0.578062,1.44545,-0.563331,0.648578,1.39238,-0.752715,0.116427,14,16,0.0879591,0.119719,-0.3491,1.92431,0,5.11691
5.13677,0.580251,1.44413,-0.5686,0,0,0,0,14,16,0,0,0,0,0,traj_sz=100
5.13691,0.580251,1.44413,-0.5686,0.648578,1.39238,-0.752715,0.116427,14,16,0.0854396,0.119543,-0.345904,1.92206,0,5.13691
5.15679,0.581481,1.44351,-0.571327,0,0,0,0,14,16,0,0,0,0,0,traj_sz=100
5.1569,0.581481,1.44351,-0.571327,0.648578,1.39238,-0.752715,0.116427,14,16,0.0840883,0.120477,-0.338407,1.9208,0,5.1569
5.17668,0.584837,1.44153,-0.579609,0,0,0,0,14,16,0,0,0,0,0,traj_sz=100
5.17677,0.584837,1.44153,-0.579609,0.648578,1.39238,-0.752715,0.116427,14,16,0.0802512,0.118878,-0.311369,1.91735,0,5.17677
5.19686,0.585958,1.44091,-0.58307,0,0,0,0,14,16,0,0,0,0,0,traj_sz=100
5.19696,0.585958,1.44091,-0.58307,0.648578,1.39238,-0.752715,0.116427,14,16,0.0789916,0.119925,-0.300254,1.9162,0,5.19696
5.21675,0.588112,1.43939,-0.58733,0,0,0,0,14,16,0,0,0,0,0,traj_sz=100
5.21692,0.588112,1.43939,-0.58733,0.648578,1.39238,-0.752715,0.116427,14,16,0.076385,0.11959,-0.283612,1.91398,0,5.21692
5.23673,0.59048,1.43795,-0.591636,0,0,0,0,14,16,0,0,0,0,0,traj_sz=100
5.23691,0.59048,1.43795,-0.591636,0.648578,1.39238,-0.752715,0.116427,14,16,0.0736398,0.119126,-0.269478,1.91154,0,5.23691
5.25681,0.591706,1.43727,-0.594967,0,0,0,0,14,16,0,0,0,0,0,traj_sz=100
5.25692,0.591706,1.43727,-0.594967,0.648578,1.39238,-0.752715,0.116427,14,16,0.0722569,0.120033,-0.25892,1.91029,0,5.25692
5.27674,0.595011,1.43514,-0.603402,0,0,0,0,14,16,0,0,0,0,0,traj_sz=100
5.27682,0.595011,1.43514,-0.603402,0.648578,1.39238,-0.752715,0.116427,14,16,0.068371,0.118399,-0.229006,1.90689,0,5.27682
5.29696,0.596289,1.43435,-0.606577,0,0,0,0,14,16,0,0,0,0,0,traj_sz=100
5.29712,0.596289,1.43435,-0.606577,0.648578,1.39238,-0.752715,0.116427,14,16,0.0668883,0.119241,-0.218217,1.90558,0,5.29712
5.31681,0.598618,1.43299,-0.61251,0,0,0,0,14,16,0,0,0,0,0,traj_sz=100
5.3169,0.598618,1.43299,-0.61251,0.648578,1.39238,-0.752715,0.116427,15,16,0.0642254,0.118833,-0.3491,1.90319,0,5.3169
5.33674,0.600839,1.43149,-0.617977,0,0,0,0,15,16,0,0,0,0,0,traj_sz=100
5.3368,0.600839,1.43149,-0.617977,0.648578,1.39238,-0.752715,0.116427,15,16,0.061571,0.118448,-0.3491,1.90091,0,5.3368
5.35685,0.60192,1.43066,-0.619501,0,0,0,0,15,16,0,0,0,0,0,traj_sz=100
5.35695,0.60192,1.43066,-0.619501,0.648578,1.39238,-0.752715,0.116427,15,16,0.0602142,0.119404,-0.3491,1.89979,0,5.35695
5.37688,0.605562,1.42887,-0.631753,0,0,0,0,15,16,0,0,0,0,0,traj_sz=100
5.37697,0.605562,1.42887,-0.631753,0.679752,1.36318,-0.833727,0.11315,15,17,0.0986641,0.117715,-0.3491,1.89608,0,5.37697
5.39679,0.606572,1.42778,-0.632896,0,0,0,0,15,17,0,0,0,0,0,traj_sz=100
5.3969,0.606572,1.42778,-0.632896,0.679752,1.36318,-0.833727,0.11315,15,17,0.0972139,0.118547,-0.3491,1.89502,0,5.3969
5.41675,0.608734,1.42633,-0.636857,0,0,0,0,15,17,0,0,0,0,0,traj_sz=100
5.41684,0.608734,1.42633,-0.636857,0.679752,1.36318,-0.833727,0.11315,15,17,0.0946491,0.118244,-0.3491,1.89281,0,5.41684
5.43693,0.610755,1.42475,-0.640149,0,0,0,0,15,17,0,0,0,0,0,traj_sz=100
5.43705,0.610755,1.42475,-0.640149,0.679752,1.36318,-0.833727,0.11315,15,17,0.0921158,0.118006,-0.3491,1.89072,0,5.43705
5.45696,0.611949,1.42399,-0.642693,0,0,0,0,15,17,0,0,0,0,0,traj_sz=100
5.45713,0.611949,1.42399,-0.642693,0.679752,1.36318,-0.833727,0.11315,15,17,0.0907205,0.118899,-0.3491,1.8895,0,5.45713
5.47675,0.615192,1.42165,-0.649837,0,0,0,0,15,17,0,0,0,0,0,traj_sz=100
5.47684,0.615192,1.42165,-0.649837,0.679752,1.36318,-0.833727,0.11315,15,17,0.0867789,0.117168,-0.3491,1.88617,0,5.47684
5.49679,0.616302,1.42089,-0.652079,0,0,0,0,15,17,0,0,0,0,0,traj_sz=100
5.49688,0.616302,1.42089,-0.652079,0.679752,1.36318,-0.833727,0.11315,15,17,0.0854513,0.118127,-0.3491,1.88503,0,5.49688
5.51676,0.618508,1.41934,-0.657513,0,0,0,0,15,17,0,0,0,0,0,traj_sz=100
5.51682,0.618508,1.41934,-0.657513,0.679752,1.36318,-0.833727,0.11315,15,17,0.0827966,0.117675,-0.3491,1.88277,0,5.51682
5.53686,0.62064,1.41754,-0.661325,0,0,0,0,15,17,0,0,0,0,0,traj_sz=100
5.53697,0.62064,1.41754,-0.661325,0.679752,1.36318,-0.833727,0.11315,15,17,0.0800374,0.117128,-0.334486,1.88057,0,5.53697
5.55679,0.621841,1.41672,-0.663477,0,0,0,0,15,17,0,0,0,0,0,traj_sz=100
5.55704,0.621841,1.41672,-0.663477,0.679752,1.36318,-0.833727,0.11315,15,17,0.0786015,0.117908,-0.32825,1.87934,0,5.55704
5.57681,0.625292,1.41448,-0.67416,0,0,0,0,15,17,0,0,0,0,0,traj_sz=100
5.57689,0.625292,1.41448,-0.67416,0.679752,1.36318,-0.833727,0.11315,15,17,0.0745716,0.116029,-0.295439,1.87582,0,5.57689
5.59682,0.626358,1.41365,-0.677291,0,0,0,0,15,17,0,0,0,0,0,traj_sz=100
5.5969,0.626358,1.41365,-0.677291,0.679752,1.36318,-0.833727,0.11315,15,17,0.0732342,0.116902,-0.2842,1.87472,0,5.5969
5.61689,0.628688,1.41201,-0.682574,0,0,0,0,15,17,0,0,0,0,0,traj_sz=100
5.61706,0.628688,1.41201,-0.682574,0.679752,1.36318,-0.833727,0.11315,15,17,0.0704228,0.116304,-0.267521,1.87234,0,5.61706
5.63681,0.630831,1.41014,-0.686402,0,0,0,0,15,17,0,0,0,0,0,traj_sz=100
5.63691,0.630831,1.41014,-0.686402,0.679752,1.36318,-0.833727,0.11315,15,17,0.067606,0.115677,-0.251707,1.87014,0,5.63691
5.65667,0.631999,1.40941,-0.690151,0,0,0,0,15,17,0,0,0,0,0,traj_sz=100
5.65674,0.631999,1.40941,-0.690151,0.679752,1.36318,-0.833727,0.11315,15,17,0.0662594,0.11652,-0.240449,1.86895,0,5.65674
5.67672,0.63526,1.40696,-0.699686,0,0,0,0,15,17,0,0,0,0,0,traj_sz=100
5.67679,0.63526,1.40696,-0.699686,0.679752,1.36318,-0.833727,0.11315,16,17,0.0622311,0.114677,-0.3491,1.86561,0,5.67679
5.69682,0.636425,1.40609,-0.703292,0,0,0,0,16,17,0,0,0,0,0,traj_sz=100
5.69693,0.636425,1.40609,-0.703292,0.679752,1.36318,-0.833727,0.11315,16,17,0.0607989,0.11547,-0.3491,1.86442,0,5.69693
5.71678,0.638574,1.40427,-0.707653,0,0,0,0,16,17,0,0,0,0,0,traj_sz=100
5.71702,0.638574,1.40427,-0.707653,0.707652,1.33244,-0.910381,0.110173,16,18,0.0991872,0.114888,-0.3491,1.86222,0,5.71702
5.73674,0.64046,1.40284,-0.716273,0,0,0,0,16,18,0,0,0,0,0,traj_sz=100
5.73683,0.64046,1.40284,-0.716273,0.707652,1.33244,-0.910381,0.110173,16,18,0.0969051,0.114733,-0.3491,1.86029,0,5.73683
5.75674,0.641656,1.40211,-0.719228,0,0,0,0,16,18,0,0,0,0,0,traj_sz=100
5.75693,0.641656,1.40211,-0.719228,0.707652,1.33244,-0.910381,0.110173,16,18,0.0955477,0.115576,-0.3491,1.85907,0,5.75693
5.77674,0.644584,1.39963,-0.724731,0,0,0,0,16,18,0,0,0,0,0,traj_sz=100
5.77694,0.644584,1.39963,-0.724731,0.707652,1.33244,-0.910381,0.110173,16,18,0.0917612,0.113974,-0.3491,1.85608,0,5.77694
5.79662,0.645577,1.39883,-0.727161,0,0,0,0,16,18,0,0,0,0,0,traj_sz=100
5.79671,0.645577,1.39883,-0.727161,0.707652,1.33244,-0.910381,0.110173,16,18,0.0905064,0.114901,-0.3491,1.85507,0,5.79671
5.81678,0.647464,1.39719,-0.732279,0,0,0,0,16,18,0,0,0,0,0,traj_sz=100
5.81689,0.647464,1.39719,-0.732279,0.707652,1.33244,-0.910381,0.110173,16,18,0.0880468,0.114642,-0.3491,1.85314,0,5.81689
5.83669,0.649572,1.39559,-0.738002,0,0,0,0,16,18,0,0,0,0,0,traj_sz=100
5.8368,0.649572,1.39559,-0.738002,0.707652,1.33244,-0.910381,0.110173,16,18,0.0854561,0.114221,-0.3491,1.85099,0,5.8368
5.85664,0.650448,1.39468,-0.739264,0,0,0,0,16,18,0,0,0,0,0,traj_sz=100
5.85673,0.650448,1.39468,-0.739264,0.707652,1.33244,-0.910381,0.110173,16,18,0.0842032,0.115169,-0.3491,1.85009,0,5.85673
5.87663,0.653387,1.39217,-0.747421,0,0,0,0,16,18,0,0,0,0,0,traj_sz=100
5.87673,0.653387,1.39217,-0.747421,0.707652,1.33244,-0.910381,0.110173,16,18,0.0804043,0.113512,-0.336511,1.84709,0,5.87673
5.89662,0.654476,1.3912,-0.748949,0,0,0,0,16,18,0,0,0,0,0,traj_sz=100
5.89669,0.654476,1.3912,-0.748949,0.707652,1.33244,-0.910381,0.110173,16,18,0.0789507,0.114209,-0.331466,1.84598,0,5.89669
5.91663,0.656635,1.38947,-0.756371,0,0,0,0,16,18,0,0,0,0,0,traj_sz=100
5.91673,0.656635,1.38947,-0.756371,0.707652,1.33244,-0.910381,0.110173,16,18,0.0762443,0.113623,-0.30798,1.84379,0,5.91673
5.9368,0.658512,1.38767,-0.761857,0,0,0,0,16,18,0,0,0,0,0,traj_sz=100
5.93719,0.658512,1.38767,-0.761857,0.707652,1.33244,-0.910381,0.110173,16,18,0.0736769,0.11321,-0.287766,1.84187,0,5.93719
5.95678,0.659675,1.38686,-0.766298,0,0,0,0,16,18,0,0,0,0,0,traj_sz=100
5.95714,0.659675,1.38686,-0.766298,0.707652,1.33244,-0.910381,0.110173,16,18,0.0723045,0.113997,-0.274855,1.84069,0,5.95714
5.97665,0.662471,1.38424,-0.773552,0,0,0,0,16,18,0,0,0,0,0,traj_sz=100
5.97676,0.662471,1.38424,-0.773552,0.707652,1.33244,-0.910381,0.110173,16,18,0.0685172,0.112293,-0.248757,1.83785,0,5.97676
5.99668,0.663471,1.3832,-0.775389,0,0,0,0,16,18,0,0,0,0,0,traj_sz=100
5.9968,0.663471,1.3832,-0.775389,0.707652,1.33244,-0.910381,0.110173,16,18,0.0670841,0.113019,-0.241002,1.83683,0,5.9968
6.01686,0.665458,1.38144,-0.782342,0,0,0,0,16,18,0,0,0,0,0,traj_sz=100
6.01696,0.665458,1.38144,-0.782342,0.707652,1.33244,-0.910381,0.110173,16,18,0.0644714,0.112553,-0.217113,1.83481,0,6.01696
6.03681,0.667261,1.3795,-0.785208,0,0,0,0,16,18,0,0,0,0,0,traj_sz=100
6.03695,0.667261,1.3795,-0.785208,0.707652,1.33244,-0.910381,0.110173,17,18,0.0618389,0.112069,-0.3491,1.83298,0,6.03695
6.05677,0.668365,1.37841,-0.786743,0,0,0,0,17,18,0,0,0,0,0,traj_sz=100
6.05688,0.668365,1.37841,-0.786743,0.707652,1.33244,-0.910381,0.110173,17,18,0.0602934,0.112674,-0.3491,1.83186,0,6.05688
6.07663,0.671478,1.37542,-0.795983,0,0,0,0,17,18,0,0,0,0,0,traj_sz=100
6.07674,0.671478,1.37542,-0.795983,0.732447,1.30052,-0.982663,0.107673,17,19,0.0961718,0.110504,-0.3491,1.8287,0,6.07674
6.09687,0.672649,1.37444,-0.799945,0,0,0,0,17,19,0,0,0,0,0,traj_sz=100
6.09704,0.672649,1.37444,-0.799945,0.732447,1.30052,-0.982663,0.107673,17,19,0.0946899,0.111182,-0.3491,1.82751,0,6.09704
6.11695,0.674658,1.37268,-0.807969,0,0,0,0,17,19,0,0,0,0,0,traj_sz=100
6.11708,0.674658,1.37268,-0.807969,0.732447,1.30052,-0.982663,0.107673,17,19,0.0920931,0.110686,-0.3491,1.82548,0,6.11708
6.13673,0.676628,1.37064,-0.812763,0,0,0,0,17,19,0,0,0,0,0,traj_sz=100
6.13682,0.676628,1.37064,-0.812763,0.732447,1.30052,-0.982663,0.107673,17,19,0.089297,0.109988,-0.3491,1.82349,0,6.13682
6.15679,0.677546,1.36977,-0.814998,0,0,0,0,17,19,0,0,0,0,0,traj_sz=100
6.15688,0.677546,1.36977,-0.814998,0.732447,1.30052,-0.982663,0.107673,17,19,0.0880515,0.110893,-0.3491,1.82256,0,6.15688
6.17684,0.680244,1.36723,-0.823237,0,0,0,0,17,19,0,0,0,0,0,traj_sz=100
6.17696,0.680244,1.36723,-0.823237,0.732447,1.30052,-0.982663,0.107673,17,19,0.0844137,0.109363,-0.348469,1.81984,0,6.17696
6.19682,0.681096,1.36614,-0.823205,0,0,0,0,17,19,0,0,0,0,0,traj_sz=100
6.19703,0.681096,1.36614,-0.823205,0.732447,1.30052,-0.982663,0.107673,17,19,0.0830352,0.11015,-0.347063,1.81898,0,6.19703
6.21679,0.682917,1.36437,-0.828256,0,0,0,0,17,19,0,0,0,0,0,traj_sz=100
6.21696,0.682917,1.36437,-0.828256,0.732447,1.30052,-0.982663,0.107673,17,19,0.08053,0.109761,-0.33119,1.81714,0,6.21696
6.23683,0.684443,1.36276,-0.833755,0,0,0,0,17,19,0,0,0,0,0,traj_sz=100
6.23692,0.684443,1.36276,-0.833755,0.732447,1.30052,-0.982663,0.107673,17,19,0.0783508,0.109701,-0.312167,1.8156,0,6.23692
6.25688,0.685335,1.36186,-0.836852,0,0,0,0,17,19,0,0,0,0,0,traj_sz=100
6.25707,0.685335,1.36186,-0.836852,0.732447,1.30052,-0.982663,0.107673,17,19,0.0771042,0.110563,-0.301852,1.8147,0,6.25707
6.27675,0.688094,1.35922,-0.844373,0,0,0,0,17,19,0,0,0,0,0,traj_sz=100
6.27684,0.688094,1.35922,-0.844373,0.732447,1.30052,-0.982663,0.107673,17,19,0.073344,0.108851,-0.278823,1.81193,0,6.27684
6.29675,0.688953,1.35824,-0.846809,0,0,0,0,17,19,0,0,0,0,0,traj_sz=100
6.29686,0.688953,1.35824,-0.846809,0.732447,1.30052,-0.982663,0.107673,17,19,0.0720544,0.109665,-0.2697,1.81107,0,6.29686
6.31682,0.690529,1.35654,-0.851174,0,0,0,0,17,19,0,0,0,0,0,traj_sz=100
6.3169,0.690529,1.35654,-0.851174,0.732447,1.30052,-0.982663,0.107673,17,19,0.069757,0.109464,-0.254303,1.80948,0,6.3169
6.33681,0.692152,1.3548,-0.855786,0,0,0,0,17,19,0,0,0,0,0,traj_sz=100
6.33692,0.692152,1.3548,-0.855786,0.732447,1.30052,-0.982663,0.107673,17,19,0.067403,0.109202,-0.238189,1.80785,0,6.33692
6.35684,0.692954,1.35395,-0.857454,0,0,0,0,17,19,0,0,0,0,0,traj_sz=100
6.35703,0.692954,1.35395,-0.857454,0.732447,1.30052,-0.982663,0.107673,17,19,0.0662477,0.110165,-0.232562,1.80705,0,6.35703
6.37685,0.695132,1.35142,-0.863731,0,0,0,0,17,19,0,0,0,0,0,traj_sz=100
6.37697,0.695132,1.35142,-0.863731,0.732447,1.30052,-0.982663,0.107673,17,19,0.062935,0.10893,-0.208575,1.80487,0,6.37697
6.3968,0.695912,1.35055,-0.86635,0,0,0,0,17,19,0,0,0,0,0,traj_sz=100
6.39689,0.695912,1.35055,-0.86635,0.732447,1.30052,-0.982663,0.107673,17,19,0.0617829,0.109873,-0.199102,1.80409,0,6.39689
6.41686,0.697602,1.34882,-0.870277,0,0,0,0,17,19,0,0,0,0,0,traj_sz=100
6.41704,0.697602,1.34882,-0.870277,0.732447,1.30052,-0.982663,0.107673,18,19,0.0593854,0.109586,-0.3491,1.8024,0,6.41704
6.43673,0.69919,1.34686,-0.873854,0,0,0,0,18,19,0,0,0,0,0,traj_sz=100
6.43682,0.69919,1.34686,-0.873854,0.732447,1.30052,-0.982663,0.107673,18,19,0.0568832,0.109161,-0.3491,1.80081,0,6.43682
6.45685,0.700259,1.34606,-0.879063,0,0,0,0,18,19,0,0,0,0,0,traj_sz=100
6.45708,0.700259,1.34606,-0.879063,0.732447,1.30052,-0.982663,0.107673,18,19,0.0556069,0.11,-0.3491,1.79975,0,6.45708
6.4767,0.702507,1.34339,-0.886559,0,0,0,0,18,19,0,0,0,0,0,traj_sz=100
6.4768,0.702507,1.34339,-0.886559,0.754363,1.26765,-1.05077,0.10583,18,20,0.0914691,0.108595,-0.3491,1.7975,0,6.4768
6.49667,0.703421,1.34228,-0.886445,0,0,0,0,18,20,0,0,0,0,0,traj_sz=100
6.49677,0.703421,1.34228,-0.886445,0.754363,1.26765,-1.05077,0.10583,18,20,0.0900313,0.109268,-0.3491,1.7966,0,6.49677
6.51679,0.704939,1.34055,-0.891086,0,0,0,0,18,20,0,0,0,0,0,traj_sz=100
6.51693,0.704939,1.34055,-0.891086,0.754363,1.26765,-1.05077,0.10583,18,20,0.0877615,0.109092,-0.3491,1.79509,0,6.51693
6.53677,0.706627,1.33849,-0.895329,0,0,0,0,18,20,0,0,0,0,0,traj_sz=100
6.53687,0.706627,1.33849,-0.895329,0.754363,1.26765,-1.05077,0.10583,18,20,0.0851305,0.108536,-0.3491,1.79341,0,6.53687
6.55695,0.707351,1.33763,-0.899406,0,0,0,0,18,20,0,0,0,0,0,traj_sz=100
6.55706,0.707351,1.33763,-0.899406,0.754363,1.26765,-1.05077,0.10583,18,20,0.0840354,0.109543,-0.340745,1.79269,0,6.55706
6.57664,0.709742,1.3347,-0.903372,0,0,0,0,18,20,0,0,0,0,0,traj_sz=100
6.57682,0.709742,1.3347,-0.903372,0.754363,1.26765,-1.05077,0.10583,18,20,0.0802835,0.107846,-0.327855,1.79032,0,6.57682
6.59685,0.710543,1.33381,-0.90707,0,0,0,0,18,20,0,0,0,0,0,traj_sz=100
6.59695,0.710543,1.33381,-0.90707,0.754363,1.26765,-1.05077,0.10583,18,20,0.079113,0.108778,-0.315865,1.78953,0,6.59695
6.61676,0.71204,1.33197,-0.911256,0,0,0,0,18,20,0,0,0,0,0,traj_sz=100
6.61701,0.71204,1.33197,-0.911256,0.754363,1.26765,-1.05077,0.10583,18,20,0.0767637,0.108487,-0.30155,1.78805,0,6.61701
6.63677,0.713381,1.33019,-0.916724,0,0,0,0,18,20,0,0,0,0,0,traj_sz=100
6.63694,0.713381,1.33019,-0.916724,0.754363,1.26765,-1.05077,0.10583,18,20,0.0745698,0.108343,-0.28142,1.78673,0,6.63694
6.65693,0.71405,1.32927,-0.918765,0,0,0,0,18,20,0,0,0,0,0,traj_sz=100
6.6571,0.71405,1.32927,-0.918765,0.754363,1.26765,-1.05077,0.10583,18,20,0.0734379,0.109295,-0.273448,1.78607,0,6.6571
6.67666,0.715574,1.32743,-0.923171,0,0,0,0,18,20,0,0,0,0,0,traj_sz=100
6.67686,0.715574,1.32743,-0.923171,0.754363,1.26765,-1.05077,0.10583,18,20,0.0710728,0.108961,-0.258706,1.78457,0,6.67686
6.69663,0.717256,1.32564,-0.928323,0,0,0,0,18,20,0,0,0,0,0,traj_sz=100
6.69675,0.717256,1.32564,-0.928323,0.754363,1.26765,-1.05077,0.10583,18,20,0.0686596,0.108593,-0.24364,1.78291,0,6.69675
6.71667,0.718667,1.32375,-0.933312,0,0,0,0,18,20,0,0,0,0,0,traj_sz=100
6.71678,0.718667,1.32375,-0.933312,0.754363,1.26765,-1.05077,0.10583,18,20,0.0663304,0.108324,-0.225063,1.78153,0,6.71678
6.73675,0.720197,1.32205,-0.938941,0,0,0,0,18,20,0,0,0,0,0,traj_sz=100
6.73693,0.720197,1.32205,-0.938941,0.754363,1.26765,-1.05077,0.10583,18,20,0.0640787,0.10814,-0.207245,1.78002,0,6.73693
6.75676,0.72096,1.3209,-0.939341,0,0,0,0,18,20,0,0,0,0,0,traj_sz=100
6.75687,0.72096,1.3209,-0.939341,0.754363,1.26765,-1.05077,0.10583,18,20,0.0627023,0.108837,-0.204278,1.77928,0,6.75687
6.7767,0.723159,1.31803,-0.947036,0,0,0,0,18,20,0,0,0,0,0,traj_sz=100
6.7768,0.723159,1.31803,-0.947036,0.754363,1.26765,-1.05077,0.10583,19,20,0.0591217,0.107296,-0.3491,1.77713,0,6.7768
6.79676,0.72395,1.31728,-0.951516,0,0,0,0,19,20,0,0,0,0,0,traj_sz=100
6.79687,0.72395,1.31728,-0.951516,0.754363,1.26765,-1.05077,0.10583,19,20,0.0580656,0.108307,-0.3491,1.77635,0,6.79687
6.81676,0.725399,1.3151,-0.954536,0,0,0,0,19,20,0,0,0,0,0,traj_sz=100
6.817,0.725399,1.3151,-0.954536,0.754363,1.26765,-1.05077,0.10583,19,20,0.0554585,0.107779,-0.3491,1.77494,0,6.817
6.83674,0.726827,1.31333,-0.958684,0,0,0,0,19,20,0,0,0,0,0,traj_sz=100
6.83692,0.726827,1.31333,-0.958684,0.773656,1.23396,-1.11504,0.104782,19,21,0.0918701,0.107588,-0.3491,1.77355,0,6.83692
6.85671,0.727596,1.31238,-0.960636,0,0,0,0,19,21,0,0,0,0,0,traj_sz=100
6.8569,0.727596,1.31238,-0.960636,0.773656,1.23396,-1.11504,0.104782,19,21,0.0906603,0.108439,-0.3491,1.7728,0,6.8569
6.87686,0.729531,1.30952,-0.966596,0,0,0,0,19,21,0,0,0,0,0,traj_sz=100
6.87697,0.729531,1.30952,-0.966596,0.773656,1.23396,-1.11504,0.104782,19,21,0.0872537,0.107078,-0.345117,1.77093,0,6.87697
6.89669,0.730316,1.3087,-0.969278,0,0,0,0,19,21,0,0,0,0,0,traj_sz=100
6.89692,0.730316,1.3087,-0.969278,0.773656,1.23396,-1.11504,0.104782,19,21,0.0861496,0.108022,-0.338415,1.77017,0,6.89692
6.91664,0.731821,1.30675,-0.972309,0,0,0,0,19,21,0,0,0,0,0,traj_sz=100
6.91671,0.731821,1.30675,-0.972309,0.773656,1.23396,-1.11504,0.104782,19,21,0.0837088,0.107622,-0.330032,1.76871,0,6.91671
6.93666,0.733202,1.30494,-0.976206,0,0,0,0,19,21,0,0,0,0,0,traj_sz=100
6.93682,0.733202,1.30494,-0.976206,0.773656,1.23396,-1.11504,0.104782,19,21,0.0814555,0.10743,-0.318132,1.76737,0,6.93682
6.95676,0.733796,1.30396,-0.977406,0,0,0,0,19,21,0,0,0,0,0,traj_sz=100
6.95685,0.733796,1.30396,-0.977406,0.773656,1.23396,-1.11504,0.104782,19,21,0.0803252,0.108372,-0.313135,1.7668,0,6.95685
6.97673,0.735784,1.30111,-0.984184,0,0,0,0,19,21,0,0,0,0,0,traj_sz=100
6.97687,0.735784,1.30111,-0.984184,0.773656,1.23396,-1.11504,0.104782,19,21,0.0768854,0.106964,-0.289783,1.76489,0,6.97687
6.99667,0.736627,1.30024,-0.987101,0,0,0,0,19,21,0,0,0,0,0,traj_sz=100
6.99686,0.736627,1.30024,-0.987101,0.773656,1.23396,-1.11504,0.104782,19,21,0.0757096,0.107833,-0.282536,1.76408,0,6.99686
7.01682,0.737796,1.29826,-0.991132,0,0,0,0,19,21,0,0,0,0,0,traj_sz=100
7.01696,0.737796,1.29826,-0.991132,0.773656,1.23396,-1.11504,0.104782,19,21,0.0734373,0.107616,-0.266171,1.76296,0,7.01696
7.03669,0.739305,1.2963,-0.99654,0,0,0,0,19,21,0,0,0,0,0,traj_sz=100
7.0368,0.739305,1.2963,-0.99654,0.773656,1.23396,-1.11504,0.104782,19,21,0.0709989,0.107201,-0.24921,1.76151,0,7.0368
7.05673,0.73994,1.29539,-0.999377,0,0,0,0,19,21,0,0,0,0,0,traj_sz=100
7.05708,0.73994,1.29539,-0.999377,0.773656,1.23396,-1.11504,0.104782,19,21,0.069905,0.108173,-0.239365,1.76091,0,7.05708
7.07675,0.741933,1.2923,-1.0062,0,0,0,0,19,21,0,0,0,0,0,traj_sz=100
7.07685,0.741933,1.2923,-1.0062,0.773656,1.23396,-1.11504,0.104782,19,21,0.0662628,0.106555,-0.214003,1.75901,0,7.07685
7.0968,0.74288,1.29124,-1.00832,0,0,0,0,19,21,0,0,0,0,0,traj_sz=100
7.0969,0.74288,1.29124,-1.00832,0.773656,1.23396,-1.11504,0.104782,19,21,0.0648667,0.10722,-0.209337,1.7581,0,7.0969
7.11678,0.744133,1.28925,-1.01212,0,0,0,0,19,21,0,0,0,0,0,traj_sz=100
7.11687,0.744133,1.28925,-1.01212,0.773656,1.23396,-1.11504,0.104782,19,21,0.0625363,0.106934,-0.194768,1.75692,0,7.11687
7.13682,0.745524,1.28731,-1.01723,0,0,0,0,19,21,0,0,0,0,0,traj_sz=100
7.13695,0.745524,1.28731,-1.01723,0.773656,1.23396,-1.11504,0.104782,19,21,0.060168,0.106618,-0.177506,1.7556,0,7.13695
7.15676,0.746214,1.28623,-1.01989,0,0,0,0,19,21,0,0,0,0,0,traj_sz=100
7.15703,0.746214,1.28623,-1.01989,0.773656,1.23396,-1.11504,0.104782,19,21,0.0589036,0.107413,-0.167607,1.75494,0,7.15703
7.17676,0.748168,1.28331,-1.02685,0,0,0,0,19,21,0,0,0,0,0,traj_sz=100
7.17689,0.748168,1.28331,-1.02685,0.773656,1.23396,-1.11504,0.104782,20,21,0.0554156,0.105951,-0.3491,1.7531,0,7.17689
7.19681,0.748795,1.28237,-1.02867,0,0,0,0,20,21,0,0,0,0,0,traj_sz=100
7.19697,0.748795,1.28237,-1.02867,0.773656,1.23396,-1.11504,0.104782,20,21,0.0542943,0.106895,-0.3491,1.75251,0,7.19697
7.21681,0.750144,1.28016,-1.03021,0,0,0,0,20,21,0,0,0,0,0,traj_sz=100
7.21712,0.750144,1.28016,-1.03021,0.790575,1.19944,-1.17588,0.10449,20,22,0.0900202,0.106387,-0.3491,1.75125,0,7.21712
7.23673,0.751532,1.27803,-1.03309,0,0,0,0,20,22,0,0,0,0,0,traj_sz=100
7.2369,0.751532,1.27803,-1.03309,0.790575,1.19944,-1.17588,0.10449,20,22,0.087493,0.105884,-0.343803,1.74995,0,7.2369
7.25676,0.752138,1.27704,-1.03567,0,0,0,0,20,22,0,0,0,0,0,traj_sz=100
7.25707,0.752138,1.27704,-1.03567,0.790575,1.19944,-1.17588,0.10449,20,22,0.0863493,0.106795,-0.334995,1.74938,0,7.25707
7.27664,0.754176,1.27418,-1.04444,0,0,0,0,20,22,0,0,0,0,0,traj_sz=100
7.27673,0.754176,1.27418,-1.04444,0.790575,1.19944,-1.17588,0.10449,20,22,0.0829096,0.105337,-0.308671,1.74747,0,7.27673
7.29676,0.754357,1.27323,-1.04498,0,0,0,0,20,22,0,0,0,0,0,traj_sz=100
7.29685,0.754357,1.27323,-1.04498,0.790575,1.19944,-1.17588,0.10449,20,22,0.082002,0.106501,-0.302023,1.74733,0,7.29685
7.3168,0.755755,1.27103,-1.04626,0,0,0,0,20,22,0,0,0,0,0,traj_sz=100
7.31695,0.755755,1.27103,-1.04626,0.790575,1.19944,-1.17588,0.10449,20,22,0.0794048,0.105967,-0.299227,1.74603,0,7.31695
7.33672,0.757066,1.26919,-1.05064,0,0,0,0,20,22,0,0,0,0,0,traj_sz=100
7.33679,0.757066,1.26919,-1.05064,0.790575,1.19944,-1.17588,0.10449,20,22,0.0771813,0.105763,-0.286815,1.74481,0,7.33679
7.3568,0.757729,1.26827,-1.05324,0,0,0,0,20,22,0,0,0,0,0,traj_sz=100
7.3569,0.757729,1.26827,-1.05324,0.790575,1.19944,-1.17588,0.10449,20,22,0.0760617,0.106711,-0.27916,1.74419,0,7.3569
7.37673,0.759441,1.26534,-1.05869,0,0,0,0,20,22,0,0,0,0,0,traj_sz=100
7.3769,0.759441,1.26534,-1.05869,0.790575,1.19944,-1.17588,0.10449,20,22,0.0727052,0.105394,-0.260068,1.74262,0,7.3769
7.39691,0.760072,1.26442,-1.06121,0,0,0,0,20,22,0,0,0,0,0,traj_sz=100
7.39703,0.760072,1.26442,-1.06121,0.790575,1.19944,-1.17588,0.10449,20,22,0.0716043,0.106365,-0.252326,1.74203,0,7.39703
7.41674,0.761265,1.26258,-1.06588,0,0,0,0,20,22,0,0,0,0,0,traj_sz=100
7.41685,0.761265,1.26258,-1.06588,0.790575,1.19944,-1.17588,0.10449,20,22,0.0694422,0.106232,-0.237319,1.74093,0,7.41685
7.43679,0.762376,1.26069,-1.06973,0,0,0,0,20,22,0,0,0,0,0,traj_sz=100
7.43696,0.762376,1.26069,-1.06973,0.790575,1.19944,-1.17588,0.10449,20,22,0.0672672,0.106119,-0.223809,1.73992,0,7.43696
7.45683,0.763062,1.25955,-1.07079,0,0,0,0,20,22,0,0,0,0,0,traj_sz=100
7.45692,0.763062,1.25955,-1.07079,0.790575,1.19944,-1.17588,0.10449,20,22,0.0659403,0.106857,-0.220411,1.73929,0,7.45692
7.4767,0.764859,1.25653,-1.07844,0,0,0,0,20,22,0,0,0,0,0,traj_sz=100
7.47701,0.764859,1.25653,-1.07844,0.790575,1.19944,-1.17588,0.10449,20,22,0.0624673,0.105414,-0.193799,1.73766,0,7.47701
7.49661,0.765613,1.25555,-1.08177,0,0,0,0,20,22,0,0,0,0,0,traj_sz=100
7.49667,0.765613,1.25555,-1.08177,0.790575,1.19944,-1.17588,0.10449,20,22,0.0612594,0.106244,-0.18431,1.73696,0,7.49667
7.51676,0.766705,1.25343,-1.08559,0,0,0,0,20,22,0,0,0,0,0,traj_sz=100
7.51691,0.766705,1.25343,-1.08559,0.790575,1.19944,-1.17588,0.10449,20,22,0.0588885,0.105949,-0.168954,1.73598,0,7.51691
7.53676,0.767566,1.25112,-1.08682,0,0,0,0,20,22,0,0,0,0,0,traj_sz=100
7.53695,0.767566,1.25112,-1.08682,0.790575,1.19944,-1.17588,0.10449,21,22,0.0564548,0.105586,-0.3491,1.73525,0,7.53695
7.5568,0.768515,1.25018,-1.08952,0,0,0,0,21,22,0,0,0,0,0,traj_sz=100
7.5569,0.768515,1.25018,-1.08952,0.790575,1.19944,-1.17588,0.10449,21,22,0.0551923,0.106381,-0.3491,1.73436,0,7.5569
7.57678,0.770218,1.24692,-1.09443,0,0,0,0,21,22,0,0,0,0,0,traj_sz=100
7.57686,0.770218,1.24692,-1.09443,0.805324,1.16406,-1.2335,0.104883,21,23,0.0897316,0.104764,-0.343405,1.73285,0,7.57686
7.59677,0.771066,1.24591,-1.09813,0,0,0,0,21,23,0,0,0,0,0,traj_sz=100
7.59686,0.771066,1.24591,-1.09813,0.805324,1.16406,-1.2335,0.104883,21,23,0.0884698,0.105546,-0.334833,1.73206,0,7.59686
7.61675,0.772225,1.24388,-1.10436,0,0,0,0,21,23,0,0,0,0,0,traj_sz=100
7.61689,0.772225,1.24388,-1.10436,0.805324,1.16406,-1.2335,0.104883,21,23,0.0861752,0.105281,-0.314585,1.73103,0,7.61689
7.63682,0.773282,1.24176,-1.1066,0,0,0,0,21,23,0,0,0,0,0,traj_sz=100
7.6371,0.773282,1.24176,-1.1066,0.805324,1.16406,-1.2335,0.104883,21,23,0.0838246,0.105006,-0.306823,1.73011,0,7.6371
7.6568,0.773853,1.24076,-1.1078,0,0,0,0,21,23,0,0,0,0,0,traj_sz=100
7.65699,0.773853,1.24076,-1.1078,0.805324,1.16406,-1.2335,0.104883,21,23,0.082684,0.105917,-0.303579,1.7296,0,7.65699
7.67683,0.775027,1.23762,-1.11059,0,0,0,0,21,23,0,0,0,0,0,traj_sz=100
7.67694,0.775027,1.23762,-1.11059,0.805324,1.16406,-1.2335,0.104883,21,23,0.0793655,0.104646,-0.288619,1.72863,0,7.67694
7.69676,0.775971,1.23666,-1.1139,0,0,0,0,21,23,0,0,0,0,0,traj_sz=100
7.69689,0.775971,1.23666,-1.1139,0.805324,1.16406,-1.2335,0.104883,21,23,0.0781013,0.105424,-0.283045,1.72775,0,7.69689
7.71674,0.776698,1.23462,-1.11641,0,0,0,0,21,23,0,0,0,0,0,traj_sz=100
7.71683,0.776698,1.23462,-1.11641,0.805324,1.16406,-1.2335,0.104883,21,23,0.0759617,0.105347,-0.270344,1.72716,0,7.71683
7.73668,0.778115,1.23251,-1.1205,0,0,0,0,21,23,0,0,0,0,0,traj_sz=100
7.73679,0.778115,1.23251,-1.1205,0.805324,1.16406,-1.2335,0.104883,21,23,0.0734727,0.104921,-0.260825,1.72589,0,7.73679
7.75674,0.778252,1.23124,-1.12059,0,0,0,0,21,23,0,0,0,0,0,traj_sz=100
7.75683,0.778252,1.23124,-1.12059,0.805324,1.16406,-1.2335,0.104883,21,23,0.07227,0.105813,-0.253942,1.72584,0,7.75683
7.77679,0.779908,1.22817,-1.12819,0,0,0,0,21,23,0,0,0,0,0,traj_sz=100
7.77688,0.779908,1.22817,-1.12819,0.805324,1.16406,-1.2335,0.104883,21,23,0.0688205,0.104423,-0.22862,1.7244,0,7.77688
7.79673,0.780918,1.22727,-1.13539,0,0,0,0,21,23,0,0,0,0,0,traj_sz=100
7.79689,0.780918,1.22727,-1.13539,0.805324,1.16406,-1.2335,0.104883,21,23,0.0676049,0.105262,-0.210328,1.72346,0,7.79689
7.81678,0.782089,1.22496,-1.13742,0,0,0,0,21,23,0,0,0,0,0,traj_sz=100
7.81688,0.782089,1.22496,-1.13742,0.805324,1.16406,-1.2335,0.104883,21,23,0.0650286,0.104769,-0.203575,1.72245,0,7.81688
7.83665,0.783117,1.22285,-1.14177,0,0,0,0,21,23,0,0,0,0,0,traj_sz=100
7.83677,0.783117,1.22285,-1.14177,0.805324,1.16406,-1.2335,0.104883,21,23,0.0626968,0.104497,-0.18778,1.72158,0,7.83677
7.85674,0.783231,1.22174,-1.14135,0,0,0,0,21,23,0,0,0,0,0,traj_sz=100
7.85688,0.783231,1.22174,-1.14135,0.805324,1.16406,-1.2335,0.104883,21,23,0.0616406,0.105546,-0.183532,1.72155,0,7.85688
7.87664,0.785154,1.21873,-1.15063,0,0,0,0,21,23,0,0,0,0,0,traj_sz=100
7.87673,0.785154,1.21873,-1.15063,0.805324,1.16406,-1.2335,0.104883,21,23,0.0581439,0.104086,-0.156163,1.71986,0,7.87673
7.89672,0.785567,1.21766,-1.15276,0,0,0,0,21,23,0,0,0,0,0,traj_sz=100
7.89699,0.785567,1.21766,-1.15276,0.805324,1.16406,-1.2335,0.104883,22,23,0.0570089,0.105055,-0.338545,1.71953,0,7.89699
7.91666,0.786317,1.21552,-1.15558,0,0,0,0,22,23,0,0,0,0,0,traj_sz=100
7.91683,0.786317,1.21552,-1.15558,0.805324,1.16406,-1.2335,0.104883,22,23,0.054754,0.10487,-0.326393,1.71895,0,7.91683
7.93683,0.787399,1.21333,-1.15856,0,0,0,0,22,23,0,0,0,0,0,traj_sz=100
7.93692,0.787399,1.21333,-1.15856,0.805324,1.16406,-1.2335,0.104883,22,23,0.0523256,0.104531,-0.317996,1.71805,0,7.93692
7.95674,0.788382,1.21224,-1.16135,0,0,0,0,22,23,0,0,0,0,0,traj_sz=100
7.95706,0.788382,1.21224,-1.16135,0.818058,1.12775,-1.28783,0.105915,22,24,0.0893236,0.105227,-0.315309,1.71715,0,7.95706
7.97676,0.789566,1.20879,-1.16608,0,0,0,0,22,24,0,0,0,0,0,traj_sz=100
7.97686,0.789566,1.20879,-1.16608,0.818058,1.12775,-1.28783,0.105915,22,24,0.0857113,0.103671,-0.294725,1.71625,0,7.97686
7.99671,0.790639,1.20792,-1.17249,0,0,0,0,22,24,0,0,0,0,0,traj_sz=100
7.99681,0.790639,1.20792,-1.17249,0.818058,1.12775,-1.28783,0.105915,22,24,0.0845249,0.104528,-0.281458,1.71526,0,7.99681
8.01667,0.791521,1.20588,-1.17566,0,0,0,0,22,24,0,0,0,0,0,traj_sz=100
8.01684,0.791521,1.20588,-1.17566,0.818058,1.12775,-1.28783,0.105915,22,24,0.0823247,0.1044,-0.270526,1.71455,0,8.01684
8.03671,0.792459,1.20373,-1.17779,0,0,0,0,22,24,0,0,0,0,0,traj_sz=100
8.0368,0.792459,1.20373,-1.17779,0.818058,1.12775,-1.28783,0.105915,22,24,0.0799918,0.104142,-0.263426,1.71379,0,8.0368
8.05668,0.792695,1.2028,-1.17879,0,0,0,0,22,24,0,0,0,0,0,traj_sz=100
8.05686,0.792695,1.2028,-1.17879,0.818058,1.12775,-1.28783,0.105915,22,24,0.0790478,0.105286,-0.25775,1.71364,0,8.05686
8.07675,0.794068,1.19981,-1.1839,0,0,0,0,22,24,0,0,0,0,0,traj_sz=100
8.07687,0.794068,1.19981,-1.1839,0.818058,1.12775,-1.28783,0.105915,22,24,0.0757853,0.104096,-0.241091,1.71253,0,8.07687
8.0967,0.794703,1.19877,-1.18493,0,0,0,0,22,24,0,0,0,0,0,traj_sz=100
8.09676,0.794703,1.19877,-1.18493,0.818058,1.12775,-1.28783,0.105915,22,24,0.0745856,0.105001,-0.240143,1.71199,0,8.09676
8.11679,0.79579,1.19665,-1.19025,0,0,0,0,22,24,0,0,0,0,0,traj_sz=100
8.11693,0.79579,1.19665,-1.19025,0.818058,1.12775,-1.28783,0.105915,22,24,0.0722379,0.104765,-0.223795,1.7111,0,8.11693
8.13671,0.796441,1.19417,-1.19195,0,0,0,0,22,24,0,0,0,0,0,traj_sz=100
8.13685,0.796441,1.19417,-1.19195,0.818058,1.12775,-1.28783,0.105915,22,24,0.0697067,0.104341,-0.212421,1.71067,0,8.13685
8.15667,0.797158,1.19324,-1.19682,0,0,0,0,22,24,0,0,0,0,0,traj_sz=100
8.15679,0.797158,1.19324,-1.19682,0.818058,1.12775,-1.28783,0.105915,22,24,0.068603,0.10533,-0.199465,1.71004,0,8.15679
8.17673,0.798636,1.18982,-1.20366,0,0,0,0,22,24,0,0,0,0,0,traj_sz=100
8.17694,0.798636,1.18982,-1.20366,0.818058,1.12775,-1.28783,0.105915,22,24,0.0649054,0.103738,-0.175569,1.70889,0,8.17694
8.19673,0.798901,1.18884,-1.2046,0,0,0,0,22,24,0,0,0,0,0,traj_sz=100
8.19683,0.798901,1.18884,-1.2046,0.818058,1.12775,-1.28783,0.105915,22,24,0.0638975,0.104841,-0.170191,1.70872,0,8.19683
8.21665,0.799843,1.18675,-1.20807,0,0,0,0,22,24,0,0,0,0,0,traj_sz=100
8.2168,0.799843,1.18675,-1.20807,0.818058,1.12775,-1.28783,0.105915,22,24,0.061626,0.104671,-0.158693,1.70798,0,8.2168
8.23678,0.800656,1.1844,-1.21004,0,0,0,0,22,24,0,0,0,0,0,traj_sz=100
8.23686,0.800656,1.1844,-1.21004,0.818058,1.12775,-1.28783,0.105915,22,24,0.0591488,0.104318,-0.14928,1.70739,0,8.23686
8.25673,0.801287,1.1834,-1.21367,0,0,0,0,22,24,0,0,0,0,0,traj_sz=100
8.25687,0.801287,1.1834,-1.21367,0.818058,1.12775,-1.28783,0.105915,22,24,0.0580043,0.105277,-0.139207,1.70686,0,8.25687
8.27678,0.802451,1.17975,-1.21664,0,0,0,0,22,24,0,0,0,0,0,traj_sz=100
8.27689,0.802451,1.17975,-1.21664,0.818058,1.12775,-1.28783,0.105915,23,24,0.0541843,0.103574,-0.305563,1.70607,0,8.27689
8.29682,0.803155,1.17866,-1.22073,0,0,0,0,23,24,0,0,0,0,0,traj_sz=100
8.29693,0.803155,1.17866,-1.22073,0.818058,1.12775,-1.28783,0.105915,23,24,0.0529327,0.10443,-0.295392,1.70547,0,8.29693
8.31672,0.803894,1.17623,-1.22431,0,0,0,0,23,24,0,0,0,0,0,traj_sz=100
8.31687,0.803894,1.17623,-1.22431,0.828907,1.09044,-1.33824,0.107574,23,25,0.0891886,0.10401,-0.280944,1.70498,0,8.31687
8.33669,0.805125,1.17392,-1.22869,0,0,0,0,23,25,0,0,0,0,0,traj_sz=100
8.33706,0.805125,1.17392,-1.22869,0.828907,1.09044,-1.33824,0.107574,23,25,0.08662,0.10354,-0.271106,1.704,0,8.33706
8.35679,0.805365,1.17272,-1.22969,0,0,0,0,23,25,0,0,0,0,0,traj_sz=100
8.35695,0.805365,1.17272,-1.22969,0.828907,1.09044,-1.33824,0.107574,23,25,0.0854145,0.104453,-0.26493,1.70388,0,8.35695
8.37684,0.806942,1.1694,-1.23719,0,0,0,0,23,25,0,0,0,0,0,traj_sz=100
8.37702,0.806942,1.1694,-1.23719,0.828907,1.09044,-1.33824,0.107574,23,25,0.0818018,0.102927,-0.243802,1.70266,0,8.37702
8.3968,0.807177,1.16836,-1.23831,0,0,0,0,23,25,0,0,0,0,0,traj_sz=100
8.39688,0.807177,1.16836,-1.23831,0.828907,1.09044,-1.33824,0.107574,23,25,0.0807444,0.103972,-0.237925,1.70254,0,8.39688
8.41679,0.807649,1.16637,-1.23798,0,0,0,0,23,25,0,0,0,0,0,traj_sz=100
8.41691,0.807649,1.16637,-1.23798,0.828907,1.09044,-1.33824,0.107574,23,25,0.0787122,0.104065,-0.235938,1.70228,0,8.41691
8.43677,0.808535,1.16422,-1.24034,0,0,0,0,23,25,0,0,0,0,0,traj_sz=100
8.43686,0.808535,1.16422,-1.24034,0.828907,1.09044,-1.33824,0.107574,23,25,0.0763979,0.103851,-0.22928,1.70164,0,8.43686
8.45673,0.809103,1.16314,-1.24223,0,0,0,0,23,25,0,0,0,0,0,traj_sz=100
8.45684,0.809103,1.16314,-1.24223,0.828907,1.09044,-1.33824,0.107574,23,25,0.0752013,0.104802,-0.225173,1.70119,0,8.45684
8.47668,0.810259,1.16003,-1.2488,0,0,0,0,23,25,0,0,0,0,0,traj_sz=100
8.47678,0.810259,1.16003,-1.2488,0.828907,1.09044,-1.33824,0.107574,23,25,0.0719108,0.103638,-0.202414,1.70039,0,8.47678
8.49673,0.810656,1.1591,-1.25187,0,0,0,0,23,25,0,0,0,0,0,traj_sz=100
8.4969,0.810656,1.1591,-1.25187,0.828907,1.09044,-1.33824,0.107574,23,25,0.070922,0.10481,-0.192383,1.7001,0,8.4969
8.51672,0.811445,1.15702,-1.25646,0,0,0,0,23,25,0,0,0,0,0,traj_sz=100
8.51692,0.811445,1.15702,-1.25646,0.828907,1.09044,-1.33824,0.107574,23,25,0.068714,0.104749,-0.176697,1.69955,0,8.51692
8.53679,0.812148,1.15481,-1.25807,0,0,0,0,23,25,0,0,0,0,0,traj_sz=100
8.5369,0.812148,1.15481,-1.25807,0.828907,1.09044,-1.33824,0.107574,23,25,0.0664063,0.104598,-0.169916,1.6991,0,8.5369
8.55677,0.812196,1.15367,-1.25761,0,0,0,0,23,25,0,0,0,0,0,traj_sz=100
8.55688,0.812196,1.15367,-1.25761,0.828907,1.09044,-1.33824,0.107574,23,25,0.0653038,0.105661,-0.166576,1.69918,0,8.55688
8.57677,0.813678,1.1501,-1.26436,0,0,0,0,23,25,0,0,0,0,0,traj_sz=100
8.57685,0.813678,1.1501,-1.26436,0.828907,1.09044,-1.33824,0.107574,23,25,0.0614794,0.103971,-0.14556,1.69813,0,8.57685
8.59681,0.814243,1.14908,-1.26825,0,0,0,0,23,25,0,0,0,0,0,traj_sz=100
8.59696,0.814243,1.14908,-1.26825,0.828907,1.09044,-1.33824,0.107574,23,25,0.0603498,0.104999,-0.134476,1.69769,0,8.59696
8.61672,0.815001,1.14666,-1.27182,0,0,0,0,23,25,0,0,0,0,0,traj_sz=100
8.61683,0.815001,1.14666,-1.27182,0.828907,1.09044,-1.33824,0.107574,24,25,0.0578233,0.104609,-0.286131,1.69722,0,8.61683
8.63662,0.815745,1.14437,-1.27433,0,0,0,0,24,25,0,0,0,0,0,traj_sz=100
8.6367,0.815745,1.14437,-1.27433,0.828907,1.09044,-1.33824,0.107574,24,25,0.0554184,0.104348,-0.27822,1.69676,0,8.6367
8.65669,0.815989,1.14312,-1.27413,0,0,0,0,24,25,0,0,0,0,0,traj_sz=100
8.65677,0.815989,1.14312,-1.27413,0.828907,1.09044,-1.33824,0.107574,24,25,0.0541511,0.105253,-0.277197,1.69667,0,8.65677
8.67676,0.817435,1.13978,-1.28383,0,0,0,0,24,25,0,0,0,0,0,traj_sz=100
8.67687,0.817435,1.13978,-1.28383,0.838002,1.05204,-1.38313,0.109838,24,26,0.0899704,0.103807,-0.249112,1.69565,0,8.67687
8.6968,0.817476,1.13858,-1.2843,0,0,0,0,24,26,0,0,0,0,0,traj_sz=100
8.6971,0.817476,1.13858,-1.2843,0.838002,1.05204,-1.38313,0.109838,24,26,0.0888114,0.104827,-0.243019,1.69576,0,8.6971
8.71682,0.818138,1.13633,-1.2865,0,0,0,0,24,26,0,0,0,0,0,traj_sz=100
8.71693,0.818138,1.13633,-1.2865,0.838002,1.05204,-1.38313,0.109838,24,26,0.0864768,0.104633,-0.235183,1.69538,0,8.71693
8.73684,0.818869,1.13426,-1.28856,0,0,0,0,24,26,0,0,0,0,0,traj_sz=100
8.73696,0.818869,1.13426,-1.28856,0.838002,1.05204,-1.38313,0.109838,24,26,0.0842908,0.104602,-0.229636,1.69492,0,8.73696
8.75679,0.819407,1.13323,-1.29183,0,0,0,0,24,26,0,0,0,0,0,traj_sz=100
8.75711,0.819407,1.13323,-1.29183,0.838002,1.05204,-1.38313,0.109838,24,26,0.0831675,0.105629,-0.221307,1.69452,0,8.75711
8.77678,0.820118,1.13008,-1.29557,0,0,0,0,24,26,0,0,0,0,0,traj_sz=100
8.77698,0.820118,1.13008,-1.29557,0.838002,1.05204,-1.38313,0.109838,24,26,0.0799657,0.104567,-0.204906,1.69422,0,8.77698
8.79671,0.820672,1.12911,-1.2985,0,0,0,0,24,26,0,0,0,0,0,traj_sz=100
8.79684,0.820672,1.12911,-1.2985,0.838002,1.05204,-1.38313,0.109838,24,26,0.0788888,0.105621,-0.198277,1.69379,0,8.79684
8.8169,0.82122,1.12706,-1.30077,0,0,0,0,24,26,0,0,0,0,0,traj_sz=100
8.81704,0.82122,1.12706,-1.30077,0.838002,1.05204,-1.38313,0.109838,24,26,0.0767819,0.105721,-0.189411,1.69352,0,8.81704
8.83664,0.821984,1.12462,-1.30309,0,0,0,0,24,26,0,0,0,0,0,traj_sz=100
8.83674,0.821984,1.12462,-1.30309,0.838002,1.05204,-1.38313,0.109838,24,26,0.0742272,0.105341,-0.181827,1.69309,0,8.83674
8.85677,0.822003,1.12339,-1.30221,0,0,0,0,24,26,0,0,0,0,0,traj_sz=100
8.85685,0.822003,1.12339,-1.30221,0.838002,1.05204,-1.38313,0.109838,24,26,0.0730424,0.106391,-0.180145,1.69323,0,8.85685
8.87682,0.823453,1.11989,-1.31239,0,0,0,0,24,26,0,0,0,0,0,traj_sz=100
8.87692,0.823453,1.11989,-1.31239,0.838002,1.05204,-1.38313,0.109838,24,26,0.0693124,0.104845,-0.149707,1.69227,0,8.87692
8.8968,0.823645,1.11852,-1.31119,0,0,0,0,24,26,0,0,0,0,0,traj_sz=100
8.89691,0.823645,1.11852,-1.31119,0.838002,1.05204,-1.38313,0.109838,24,26,0.0679385,0.105692,-0.151044,1.69226,0,8.89691
8.91677,0.824276,1.11604,-1.31322,0,0,0,0,24,26,0,0,0,0,0,traj_sz=100
8.91694,0.824276,1.11604,-1.31322,0.838002,1.05204,-1.38313,0.109838,24,26,0.0653863,0.105352,-0.142474,1.69198,0,8.91694
8.93672,0.825095,1.11363,-1.31748,0,0,0,0,24,26,0,0,0,0,0,traj_sz=100
8.9368,0.825095,1.11363,-1.31748,0.838002,1.05204,-1.38313,0.109838,24,26,0.0628554,0.10501,-0.128789,1.6915,0,8.9368
8.95677,0.825555,1.11249,-1.32098,0,0,0,0,24,26,0,0,0,0,0,traj_sz=100
8.95689,0.825555,1.11249,-1.32098,0.838002,1.05204,-1.38313,0.109838,24,26,0.0616521,0.106019,-0.118066,1.69121,0,8.95689
8.97681,0.826718,1.10884,-1.32519,0,0,0,0,24,26,0,0,0,0,0,traj_sz=100
8.97695,0.826718,1.10884,-1.32519,0.838002,1.05204,-1.38313,0.109838,25,26,0.0578394,0.104415,-0.252769,1.69057,0,8.97695
8.99673,0.826914,1.10759,-1.32513,0,0,0,0,25,26,0,0,0,0,0,traj_sz=100
8.99684,0.826914,1.10759,-1.32513,0.838002,1.05204,-1.38313,0.109838,25,26,0.0565796,0.105361,-0.251518,1.69056,0,8.99684
9.0168,0.827558,1.10529,-1.33046,0,0,0,0,25,26,0,0,0,0,0,traj_sz=100
9.01702,0.827558,1.10529,-1.33046,0.838002,1.05204,-1.38313,0.109838,25,26,0.0542051,0.105205,-0.233771,1.69025,0,9.01702
9.03674,0.828216,1.10297,-1.33209,0,0,0,0,25,26,0,0,0,0,0,traj_sz=100
9.03688,0.828216,1.10297,-1.33209,0.84552,1.01245,-1.4216,0.1126,25,27,0.0920433,0.104994,-0.229457,1.68994,0,9.03688
9.05672,0.828848,1.10182,-1.33475,0,0,0,0,25,27,0,0,0,0,0,traj_sz=100
9.05684,0.828848,1.10182,-1.33475,0.84552,1.01245,-1.4216,0.1126,25,27,0.0907948,0.105942,-0.225162,1.68948,0,9.05684
9.07677,0.829345,1.09872,-1.3378,0,0,0,0,25,27,0,0,0,0,0,traj_sz=100
9.07691,0.829345,1.09872,-1.3378,0.84552,1.01245,-1.4216,0.1126,25,27,0.0876761,0.105035,-0.210702,1.68945,0,9.07691
9.09686,0.829923,1.09763,-1.33947,0,0,0,0,25,27,0,0,0,0,0,traj_sz=100
9.09702,0.829923,1.09763,-1.33947,0.84552,1.01245,-1.4216,0.1126,25,27,0.0864895,0.106065,-0.209357,1.68904,0,9.09702
9.11672,0.830473,1.09572,-1.343,0,0,0,0,25,27,0,0,0,0,0,traj_sz=100
9.1168,0.830473,1.09572,-1.343,0.84552,1.01245,-1.4216,0.1126,25,27,0.0845136,0.106266,-0.198056,1.68878,0,9.1168
9.13687,0.830715,1.09363,-1.34293,0,0,0,0,25,27,0,0,0,0,0,traj_sz=100
9.13712,0.830715,1.09363,-1.34293,0.84552,1.01245,-1.4216,0.1126,25,27,0.0824212,0.106422,-0.194605,1.68886,0,9.13712
9.15671,0.831197,1.09274,-1.34666,0,0,0,0,25,27,0,0,0,0,0,traj_sz=100
9.15682,0.831197,1.09274,-1.34666,0.84552,1.01245,-1.4216,0.1126,25,27,0.0814658,0.107634,-0.185161,1.68852,0,9.15682
9.17671,0.83192,1.09,-1.35139,0,0,0,0,25,27,0,0,0,0,0,traj_sz=100
9.17679,0.83192,1.09,-1.35139,0.84552,1.01245,-1.4216,0.1126,25,27,0.0786538,0.107032,-0.169246,1.68822,0,9.17679
9.19678,0.831896,1.08895,-1.35111,0,0,0,0,25,27,0,0,0,0,0,traj_sz=100
9.19684,0.831896,1.08895,-1.35111,0.84552,1.01245,-1.4216,0.1126,25,27,0.0776295,0.108298,-0.166243,1.68841,0,9.19684
9.21679,0.832773,1.08681,-1.35466,0,0,0,0,25,27,0,0,0,0,0,traj_sz=100
9.21695,0.832773,1.08681,-1.35466,0.84552,1.01245,-1.4216,0.1126,25,27,0.0753613,0.108306,-0.158867,1.68787,0,9.21695
9.23666,0.833275,1.08459,-1.35712,0,0,0,0,25,27,0,0,0,0,0,traj_sz=100
9.23687,0.833275,1.08459,-1.35712,0.84552,1.01245,-1.4216,0.1126,25,27,0.0730926,0.108298,-0.149652,1.68772,0,9.23687
9.25671,0.833355,1.08335,-1.35803,0,0,0,0,25,27,0,0,0,0,0,traj_sz=100
9.25679,0.833355,1.08335,-1.35803,0.84552,1.01245,-1.4216,0.1126,25,27,0.0718685,0.10935,-0.143284,1.68784,0,9.25679
9.27674,0.834435,1.0797,-1.36344,0,0,0,0,25,27,0,0,0,0,0,traj_sz=100
9.27687,0.834435,1.0797,-1.36344,0.84552,1.01245,-1.4216,0.1126,25,27,0.0680958,0.107847,-0.126947,1.68736,0,9.27687
9.29668,0.834684,1.07846,-1.36434,0,0,0,0,25,27,0,0,0,0,0,traj_sz=100
9.29685,0.834684,1.07846,-1.36434,0.84552,1.01245,-1.4216,0.1126,25,27,0.066825,0.108852,-0.123044,1.68731,0,9.29685
9.3168,0.835145,1.07606,-1.36813,0,0,0,0,25,27,0,0,0,0,0,traj_sz=100
9.31688,0.835145,1.07606,-1.36813,0.84552,1.01245,-1.4216,0.1126,25,27,0.0643999,0.108703,-0.107854,1.68724,0,9.31688
9.3367,0.835812,1.07359,-1.3698,0,0,0,0,25,27,0,0,0,0,0,traj_sz=100
9.33689,0.835812,1.07359,-1.3698,0.84552,1.01245,-1.4216,0.1126,25,27,0.061849,0.108429,-0.103039,1.68699,0,9.33689
9.35669,0.835857,1.07236,-1.37029,0,0,0,0,25,27,0,0,0,0,0,traj_sz=100
9.35678,0.835857,1.07236,-1.37029,0.84552,1.01245,-1.4216,0.1126,25,27,0.0606361,0.109485,-0.0976792,1.68714,0,9.35678
9.3767,0.836799,1.06877,-1.37468,0,0,0,0,25,27,0,0,0,0,0,traj_sz=100
9.37689,0.836799,1.06877,-1.37468,0.84552,1.01245,-1.4216,0.1126,26,27,0.0569385,0.108066,-0.209426,1.68681,0,9.37689
9.39679,0.837258,1.06758,-1.37814,0,0,0,0,26,27,0,0,0,0,0,traj_sz=100
9.39695,0.837258,1.06758,-1.37814,0.84552,1.01245,-1.4216,0.1126,26,27,0.0556875,0.109092,-0.200396,1.68656,0,9.39695
9.41683,0.838004,1.06537,-1.38181,0,0,0,0,26,27,0,0,0,0,0,traj_sz=100
9.41694,0.838004,1.06537,-1.38181,0.85166,0.971596,-1.45304,0.115632,26,28,0.0946667,0.10906,-0.192018,1.68619,0,9.41694
9.43673,0.838437,1.06306,-1.38498,0,0,0,0,26,28,0,0,0,0,0,traj_sz=100
9.43686,0.838437,1.06306,-1.38498,0.85166,0.971596,-1.45304,0.115632,26,28,0.0923355,0.108987,-0.180532,1.68616,0,9.43686
9.45673,0.838469,1.06199,-1.38534,0,0,0,0,26,28,0,0,0,0,0,traj_sz=100
9.4569,0.838469,1.06199,-1.38534,0.85166,0.971596,-1.45304,0.115632,26,28,0.0912727,0.110209,-0.176701,1.68631,0,9.4569
9.47664,0.839208,1.05897,-1.38912,0,0,0,0,26,28,0,0,0,0,0,traj_sz=100
9.47673,0.839208,1.05897,-1.38912,0.85166,0.971596,-1.45304,0.115632,26,28,0.0881866,0.10937,-0.165532,1.6861,0,9.47673
9.49665,0.839204,1.05799,-1.38908,0,0,0,0,26,28,0,0,0,0,0,traj_sz=100
9.49674,0.839204,1.05799,-1.38908,0.85166,0.971596,-1.45304,0.115632,26,28,0.0872252,0.110691,-0.162889,1.68627,0,9.49674
9.5168,0.839881,1.05578,-1.38996,0,0,0,0,26,28,0,0,0,0,0,traj_sz=100
9.51693,0.839881,1.05578,-1.38996,0.85166,0.971596,-1.45304,0.115632,26,28,0.0849263,0.110687,-0.163464,1.68599,0,9.51693
9.53678,0.840596,1.05365,-1.3947,0,0,0,0,26,28,0,0,0,0,0,traj_sz=100
9.53688,0.840596,1.05365,-1.3947,0.85166,0.971596,-1.45304,0.115632,26,28,0.0827203,0.110736,-0.150997,1.68566,0,9.53688
9.55682,0.840585,1.05247,-1.39458,0,0,0,0,26,28,0,0,0,0,0,traj_sz=100
9.55697,0.840585,1.05247,-1.39458,0.85166,0.971596,-1.45304,0.115632,26,28,0.0815619,0.111937,-0.14799,1.68588,0,9.55697
9.5768,0.841554,1.04897,-1.39889,0,0,0,0,26,28,0,0,0,0,0,traj_sz=100
9.57688,0.841554,1.04897,-1.39889,0.85166,0.971596,-1.45304,0.115632,26,28,0.0779649,0.110666,-0.136961,1.68554,0,9.57688
9.59682,0.841679,1.04778,-1.40028,0,0,0,0,26,28,0,0,0,0,0,traj_sz=100
9.59692,0.841679,1.04778,-1.40028,0.85166,0.971596,-1.45304,0.115632,26,28,0.0767719,0.111826,-0.130458,1.68564,0,9.59692
9.61679,0.842389,1.04531,-1.40364,0,0,0,0,26,28,0,0,0,0,0,traj_sz=100
9.61694,0.842389,1.04531,-1.40364,0.85166,0.971596,-1.45304,0.115632,26,28,0.074231,0.111628,-0.121905,1.68538,0,9.61694
9.63671,0.842872,1.04286,-1.4063,0,0,0,0,26,28,0,0,0,0,0,traj_sz=100
9.63689,0.842872,1.04286,-1.4063,0.85166,0.971596,-1.45304,0.115632,26,28,0.0717384,0.111472,-0.1126,1.68535,0,9.63689
9.65671,0.842941,1.04162,-1.40705,0,0,0,0,26,28,0,0,0,0,0,traj_sz=100
9.65695,0.842941,1.04162,-1.40705,0.85166,0.971596,-1.45304,0.115632,26,28,0.0705056,0.112592,-0.107423,1.68551,0,9.65695
9.67679,0.843583,1.03763,-1.41,0,0,0,0,26,28,0,0,0,0,0,traj_sz=100
9.67688,0.843583,1.03763,-1.41,0.85166,0.971596,-1.45304,0.115632,26,28,0.0664717,0.110905,-0.0951209,1.68561,0,9.67688
9.69677,0.84429,1.03633,-1.41359,0,0,0,0,26,28,0,0,0,0,0,traj_sz=100
9.69691,0.84429,1.03633,-1.41359,0.85166,0.971596,-1.45304,0.115632,26,28,0.0650903,0.111864,-0.0889745,1.68516,0,9.69691
9.71675,0.844728,1.03363,-1.41586,0,0,0,0,26,28,0,0,0,0,0,traj_sz=100
9.71703,0.844728,1.03363,-1.41586,0.85166,0.971596,-1.45304,0.115632,26,28,0.0623595,0.111492,-0.079686,1.68523,0,9.71703
9.73676,0.845389,1.03088,-1.42015,0,0,0,0,26,28,0,0,0,0,0,traj_sz=100
9.73691,0.845389,1.03088,-1.42015,0.85166,0.971596,-1.45304,0.115632,27,28,0.0595522,0.111012,-0.167545,1.6851,0,9.73691
9.75669,0.845407,1.02951,-1.42035,0,0,0,0,27,28,0,0,0,0,0,traj_sz=100
9.75689,0.845407,1.02951,-1.42035,0.85166,0.971596,-1.45304,0.115632,27,28,0.0581978,0.112,-0.164034,1.68535,0,9.75689
9.7767,0.846182,1.02544,-1.42246,0,0,0,0,27,28,0,0,0,0,0,traj_sz=100
9.77686,0.846182,1.02544,-1.42246,0.856644,0.929468,-1.47687,0.11859,27,29,0.0964657,0.11022,-0.158883,1.68536,0,9.77686
9.79671,0.846212,1.02409,-1.42277,0,0,0,0,27,29,0,0,0,0,0,traj_sz=100
9.79689,0.846212,1.02409,-1.42277,0.856644,0.929468,-1.47687,0.11859,27,29,0.0951265,0.111238,-0.155163,1.6856,0,9.79689
9.81671,0.847044,1.02151,-1.42826,0,0,0,0,27,29,0,0,0,0,0,traj_sz=100
9.81682,0.847044,1.02151,-1.42826,0.856644,0.929468,-1.47687,0.11859,27,29,0.0924692,0.110901,-0.142009,1.68528,0,9.81682
9.83682,0.847623,1.01892,-1.43026,0,0,0,0,27,29,0,0,0,0,0,traj_sz=100
9.83694,0.847623,1.01892,-1.43026,0.856644,0.929468,-1.47687,0.11859,27,29,0.089832,0.110621,-0.137623,1.68522,0,9.83694
9.85691,0.847648,1.0176,-1.43054,0,0,0,0,27,29,0,0,0,0,0,traj_sz=100
9.85705,0.847648,1.0176,-1.43054,0.856644,0.929468,-1.47687,0.11859,27,29,0.0885278,0.111684,-0.134068,1.68545,0,9.85705
9.87865,0.848222,1.01367,-1.43317,0,0,0,0,27,29,0,0,0,0,0,traj_sz=100
9.87884,0.848222,1.01367,-1.43317,0.856644,0.929468,-1.47687,0.11859,27,29,0.0845566,0.110264,-0.124307,1.68567,0,9.87884
9.89684,0.848196,1.01232,-1.43289,0,0,0,0,27,29,0,0,0,0,0,traj_sz=100
9.89694,0.848196,1.01232,-1.43289,0.856644,0.929468,-1.47687,0.11859,27,29,0.0832268,0.11107,-0.121944,1.68597,0,9.89694
9.91683,0.848957,1.00977,-1.43626,0,0,0,0,27,29,0,0,0,0,0,traj_sz=100
9.91694,0.848957,1.00977,-1.43626,0.856644,0.929468,-1.47687,0.11859,27,29,0.0806063,0.110825,-0.115397,1.68573,0,9.91694
9.93679,0.849549,1.00729,-1.44112,0,0,0,0,27,29,0,0,0,0,0,traj_sz=100
9.9371,0.849549,1.00729,-1.44112,0.856644,0.929468,-1.47687,0.11859,27,29,0.0780845,0.110721,-0.101159,1.68566,0,9.9371
9.95674,0.849513,1.00586,-1.43886,0,0,0,0,27,29,0,0,0,0,0,traj_sz=100
9.95684,0.849513,1.00586,-1.43886,0.856644,0.929468,-1.47687,0.11859,27,29,0.0766615,0.111706,-0.105574,1.68598,0,9.95684
9.97686,0.850133,1.00207,-1.44279,0,0,0,0,27,29,0,0,0,0,0,traj_sz=100
9.977,0.850133,1.00207,-1.44279,0.856644,0.929468,-1.47687,0.11859,27,29,0.0728411,0.110314,-0.0921747,1.68615,0,9.977
9.99684,0.850202,1.00089,-1.44235,0,0,0,0,27,29,0,0,0,0,0,traj_sz=100
9.99695,0.850202,1.00089,-1.44235,0.856644,0.929468,-1.47687,0.11859,27,29,0.0716563,0.11155,-0.0921616,1.68633,0,9.99695
10.0169,0.850697,0.998241,-1.4462,0,0,0,0,27,29,0,0,0,0,0,traj_sz=100
10.017,0.850697,0.998241,-1.4462,0.856644,0.929468,-1.47687,0.11859,27,29,0.0689793,0.111286,-0.0797261,1.6864,0,10.017
10.0368,0.851311,0.995776,-1.44973,0,0,0,0,27,29,0,0,0,0,0,traj_sz=100
10.0371,0.851311,0.995776,-1.44973,0.856644,0.929468,-1.47687,0.11859,27,29,0.0664672,0.111191,-0.0706392,1.68631,0,10.0371
10.0568,0.851367,0.994562,-1.45036,0,0,0,0,27,29,0,0,0,0,0,traj_sz=100
10.0569,0.851367,0.994562,-1.45036,0.856644,0.929468,-1.47687,0.11859,27,29,0.065256,0.112383,-0.0665018,1.68651,0,10.0569
10.0769,0.851953,0.9909,-1.45406,0,0,0,0,27,29,0,0,0,0,0,traj_sz=100
10.077,0.851953,0.9909,-1.45406,0.856644,0.929468,-1.47687,0.11859,28,29,0.0615606,0.111114,-0.129827,1.68672,0,10.077
10.0969,0.851954,0.989564,-1.454,0,0,0,0,28,29,0,0,0,0,0,traj_sz=100
10.0971,0.851954,0.989564,-1.454,0.856644,0.929468,-1.47687,0.11859,28,29,0.0602328,0.112219,-0.127691,1.687,0,10.0971
10.1169,0.85257,0.987151,-1.45666,0,0,0,0,28,29,0,0,0,0,0,traj_sz=100
10.117,0.85257,0.987151,-1.45666,0.856644,0.929468,-1.47687,0.11859,28,29,0.0577719,0.112162,-0.123021,1.68692,0,10.117
10.1368,0.852983,0.984829,-1.45987,0,0,0,0,28,29,0,0,0,0,0,traj_sz=100
10.137,0.852983,0.984829,-1.45987,0.860725,0.886153,-1.49249,0.121082,28,30,0.098927,0.112227,-0.113541,1.68701,0,10.137
10.1568,0.852998,0.983639,-1.45909,0,0,0,0,28,30,0,0,0,0,0,traj_sz=100
10.1569,0.852998,0.983639,-1.45909,0.860725,0.886153,-1.49249,0.121082,28,30,0.0977399,0.113453,-0.114486,1.68726,0,10.1569
10.1768,0.853623,0.980015,-1.46294,0,0,0,0,28,30,0,0,0,0,0,traj_sz=100
10.1769,0.853623,0.980015,-1.46294,0.860725,0.886153,-1.49249,0.121082,28,30,0.0940807,0.1122,-0.103536,1.68744,0,10.1769
10.1968,0.853646,0.978863,-1.46319,0,0,0,0,28,30,0,0,0,0,0,traj_sz=100
10.197,0.853646,0.978863,-1.46319,0.860725,0.886153,-1.49249,0.121082,28,30,0.0929344,0.113498,-0.100959,1.68767,0,10.197
10.2167,0.854314,0.976456,-1.46542,0,0,0,0,28,30,0,0,0,0,0,traj_sz=100
10.2169,0.854314,0.976456,-1.46542,0.860725,0.886153,-1.49249,0.121082,28,30,0.0904764,0.113434,-0.0986364,1.68755,0,10.2169
10.2368,0.854318,0.973864,-1.46547,0,0,0,0,28,30,0,0,0,0,0,traj_sz=100
10.2369,0.854318,0.973864,-1.46547,0.860725,0.886153,-1.49249,0.121082,28,30,0.0878988,0.113282,-0.0939424,1.68812,0,10.2369
10.2569,0.854749,0.972669,-1.46883,0,0,0,0,28,30,0,0,0,0,0,traj_sz=100
10.2571,0.854749,0.972669,-1.46883,0.860725,0.886153,-1.49249,0.121082,28,30,0.0866744,0.114491,-0.086176,1.68797,0,10.2571
10.2768,0.854976,0.969031,-1.46983,0,0,0,0,28,30,0,0,0,0,0,traj_sz=100
10.2769,0.854976,0.969031,-1.46983,0.860725,0.886153,-1.49249,0.121082,28,30,0.0830356,0.113258,-0.0795371,1.68856,0,10.2769
10.2967,0.855501,0.967728,-1.47313,0,0,0,0,28,30,0,0,0,0,0,traj_sz=100
10.2969,0.855501,0.967728,-1.47313,0.860725,0.886153,-1.49249,0.121082,28,30,0.081696,0.114384,-0.0731806,1.68834,0,10.2969
10.3168,0.855515,0.965178,-1.47239,0,0,0,0,28,30,0,0,0,0,0,traj_sz=100
10.3169,0.855515,0.965178,-1.47239,0.860725,0.886153,-1.49249,0.121082,28,30,0.0791543,0.114324,-0.071563,1.68891,0,10.3169
10.3368,0.856147,0.962699,-1.47645,0,0,0,0,28,30,0,0,0,0,0,traj_sz=100
10.3369,0.856147,0.962699,-1.47645,0.860725,0.886153,-1.49249,0.121082,28,30,0.0766369,0.114276,-0.0619895,1.68886,0,10.3369
10.3567,0.856147,0.961396,-1.47644,0,0,0,0,28,30,0,0,0,0,0,traj_sz=100
10.3568,0.856147,0.961396,-1.47644,0.860725,0.886153,-1.49249,0.121082,28,30,0.0753397,0.115441,-0.0597325,1.68916,0,10.3568
10.3768,0.856691,0.957497,-1.48045,0,0,0,0,28,30,0,0,0,0,0,traj_sz=100
10.3768,0.856691,0.957497,-1.48045,0.860725,0.886153,-1.49249,0.121082,28,30,0.0714173,0.113992,-0.0465216,1.68953,0,10.3768
10.3967,0.856716,0.956221,-1.47937,0,0,0,0,28,30,0,0,0,0,0,traj_sz=100
10.3968,0.856716,0.956221,-1.47937,0.860725,0.886153,-1.49249,0.121082,28,30,0.0701411,0.115196,-0.0485534,1.68981,0,10.3968
10.4168,0.85731,0.953659,-1.48315,0,0,0,0,28,30,0,0,0,0,0,traj_sz=100
10.417,0.85731,0.953659,-1.48315,0.860725,0.886153,-1.49249,0.121082,28,30,0.0675455,0.11508,-0.0392435,1.68983,0,10.417
10.4368,0.857365,0.951186,-1.48377,0,0,0,0,28,30,0,0,0,0,0,traj_sz=100
10.4368,0.857365,0.951186,-1.48377,0.860725,0.886153,-1.49249,0.121082,28,30,0.0650788,0.115078,-0.0334886,1.69036,0,10.4368
10.4568,0.85771,0.949885,-1.4853,0,0,0,0,28,30,0,0,0,0,0,traj_sz=100
10.457,0.85771,0.949885,-1.4853,0.860725,0.886153,-1.49249,0.121082,29,30,0.0637565,0.116245,-0.0805423,1.69033,0,10.457
10.4768,0.85794,0.94612,-1.48634,0,0,0,0,29,30,0,0,0,0,0,traj_sz=100
10.4769,0.85794,0.94612,-1.48634,0.860725,0.886153,-1.49249,0.121082,29,30,0.0599878,0.114936,-0.0749486,1.691,0,10.4769
10.4966,0.858387,0.944854,-1.49009,0,0,0,0,29,30,0,0,0,0,0,traj_sz=100
10.4969,0.858387,0.944854,-1.49009,0.864199,0.841868,-1.49933,0.12281,29,31,0.103119,0.116116,-0.0663105,1.69087,0,10.4969
10.5168,0.858375,0.942332,-1.48997,0,0,0,0,29,31,0,0,0,0,0,traj_sz=100
10.517,0.858375,0.942332,-1.48997,0.864199,0.841868,-1.49933,0.12281,29,31,0.100606,0.116096,-0.0630536,1.69149,0,10.517
10.5368,0.858473,0.939713,-1.48981,0,0,0,0,29,31,0,0,0,0,0,traj_sz=100
10.5369,0.858473,0.939713,-1.48981,0.864199,0.841868,-1.49933,0.12281,29,31,0.0979873,0.11595,-0.0614087,1.69202,0,10.5369
10.5567,0.858846,0.938473,-1.49245,0,0,0,0,29,31,0,0,0,0,0,traj_sz=100
10.5568,0.858846,0.938473,-1.49245,0.864199,0.841868,-1.49933,0.12281,29,31,0.0967275,0.117139,-0.0557193,1.69196,0,10.5568
10.5769,0.859054,0.934566,-1.49244,0,0,0,0,29,31,0,0,0,0,0,traj_sz=100
10.577,0.859054,0.934566,-1.49244,0.864199,0.841868,-1.49933,0.12281,29,31,0.0928163,0.115733,-0.0533558,1.69272,0,10.577
10.5968,0.859059,0.933206,-1.4925,0,0,0,0,29,31,0,0,0,0,0,traj_sz=100
10.597,0.859059,0.933206,-1.4925,0.864199,0.841868,-1.49933,0.12281,29,31,0.0914599,0.116851,-0.0513187,1.69305,0,10.597
10.6167,0.859521,0.930612,-1.49507,0,0,0,0,29,31,0,0,0,0,0,traj_sz=100
10.617,0.859521,0.930612,-1.49507,0.864199,0.841868,-1.49933,0.12281,29,31,0.0888441,0.116699,-0.0453195,1.69324,0,10.617
10.6367,0.859539,0.928051,-1.49526,0,0,0,0,29,31,0,0,0,0,0,traj_sz=100
10.6368,0.859539,0.928051,-1.49526,0.864199,0.841868,-1.49933,0.12281,29,31,0.0862887,0.116608,-0.0412968,1.69386,0,10.6368
10.6567,0.859755,0.926762,-1.496,0,0,0,0,29,31,0,0,0,0,0,traj_sz=100
10.6569,0.859755,0.926762,-1.496,0.864199,0.841868,-1.49933,0.12281,29,31,0.084989,0.11782,-0.0400169,1.69397,0,10.6569
10.6768,0.860262,0.922909,-1.49861,0,0,0,0,29,31,0,0,0,0,0,traj_sz=100
10.677,0.860262,0.922909,-1.49861,0.864199,0.841868,-1.49933,0.12281,29,31,0.0811141,0.116457,-0.032784,1.69445,0,10.677
10.6967,0.860319,0.921613,-1.49923,0,0,0,0,29,31,0,0,0,0,0,traj_sz=100
10.6968,0.860319,0.921613,-1.49923,0.864199,0.841868,-1.49933,0.12281,29,31,0.0798185,0.117645,-0.0295625,1.69472,0,10.6968
10.7168,0.860818,0.919072,-1.50299,0,0,0,0,29,31,0,0,0,0,0,traj_sz=100
10.7169,0.860818,0.919072,-1.50299,0.864199,0.841868,-1.49933,0.12281,29,31,0.0772552,0.117595,-0.0199206,1.69488,0,10.7169
10.7368,0.861007,0.916557,-1.5037,0,0,0,0,29,31,0,0,0,0,0,traj_sz=100
10.7371,0.861007,0.916557,-1.5037,0.864199,0.841868,-1.49933,0.12281,29,31,0.0747351,0.117606,-0.0166546,1.69534,0,10.7371
10.7568,0.861007,0.915251,-1.5037,0,0,0,0,29,31,0,0,0,0,0,traj_sz=100
10.7569,0.861007,0.915251,-1.5037,0.864199,0.841868,-1.49933,0.12281,29,31,0.0734315,0.118796,-0.0148233,1.69567,0,10.7569
10.7767,0.861454,0.91156,-1.50783,0,0,0,0,29,31,0,0,0,0,0,traj_sz=100
10.7769,0.861454,0.91156,-1.50783,0.864199,0.841868,-1.49933,0.12281,29,31,0.0697263,0.117581,-0.00144221,1.69619,0,10.7769
10.7968,0.861471,0.910305,-1.50712,0,0,0,0,29,31,0,0,0,0,0,traj_sz=100
10.797,0.861471,0.910305,-1.50712,0.864199,0.841868,-1.49933,0.12281,29,31,0.0684718,0.118849,-0.00248153,1.6965,0,10.797
10.8169,0.861477,0.907759,-1.50718,0,0,0,0,29,31,0,0,0,0,0,traj_sz=100
10.8171,0.861477,0.907759,-1.50718,0.864199,0.841868,-1.49933,0.12281,30,31,0.0659305,0.118839,-0.0205931,1.69715,0,10.8171
10.8368,0.862034,0.905329,-1.51042,0,0,0,0,30,31,0,0,0,0,0,traj_sz=100
10.837,0.862034,0.905329,-1.51042,0.864199,0.841868,-1.49933,0.12281,30,31,0.0634756,0.118868,-0.0144096,1.69725,0,10.837
10.8569,0.862063,0.90394,-1.50846,0,0,0,0,30,31,0,0,0,0,0,traj_sz=100
10.857,0.862063,0.90394,-1.50846,0.864199,0.841868,-1.49933,0.12281,30,31,0.0620849,0.12,-0.020285,1.69759,0,10.857
10.8767,0.862496,0.900228,-1.51181,0,0,0,0,30,31,0,0,0,0,0,traj_sz=100
10.8768,0.862496,0.900228,-1.51181,0.867417,0.796928,-1.49689,0.123515,30,32,0.103411,0.118745,-0.0103322,1.69815,0,10.8768
10.8968,0.862497,0.898988,-1.51092,0,0,0,0,30,32,0,0,0,0,0,traj_sz=100
10.897,0.862497,0.898988,-1.51092,0.867417,0.796928,-1.49689,0.123515,30,32,0.102172,0.12004,-0.0120985,1.69848,0,10.897
10.9168,0.86267,0.89646,-1.5113,0,0,0,0,30,32,0,0,0,0,0,traj_sz=100
10.917,0.86267,0.89646,-1.5113,0.867417,0.796928,-1.49689,0.123515,30,32,0.0996381,0.12002,-0.0103615,1.69898,0,10.917
10.9367,0.863204,0.894019,-1.51477,0,0,0,0,30,32,0,0,0,0,0,traj_sz=100
10.9368,0.863204,0.894019,-1.51477,0.867417,0.796928,-1.49689,0.123515,30,32,0.0971745,0.120028,-0.00299694,1.69912,0,10.9368
10.9568,0.863218,0.892698,-1.51492,0,0,0,0,30,32,0,0,0,0,0,traj_sz=100
10.9569,0.863218,0.892698,-1.51492,0.867417,0.796928,-1.49689,0.123515,30,32,0.095855,0.121232,-0.00109101,1.69946,0,10.9569
10.9769,0.863375,0.888693,-1.51426,0,0,0,0,30,32,0,0,0,0,0,traj_sz=100
10.977,0.863375,0.888693,-1.51426,0.867417,0.796928,-1.49689,0.123515,30,32,0.091847,0.119751,-0.00112401,1.7004,0,10.977
10.9968,0.863726,0.887353,-1.51577,0,0,0,0,30,32,0,0,0,0,0,traj_sz=100
10.9969,0.863726,0.887353,-1.51577,0.867417,0.796928,-1.49689,0.123515,30,32,0.0904912,0.12089,0.000625879,1.70042,0,10.9969
11.0168,0.863745,0.884655,-1.51524,0,0,0,0,30,32,0,0,0,0,0,traj_sz=100
11.0169,0.863745,0.884655,-1.51524,0.867417,0.796928,-1.49689,0.123515,30,32,0.0877955,0.120715,0.00158405,1.70114,0,11.0169
11.0369,0.863788,0.881798,-1.51571,0,0,0,0,30,32,0,0,0,0,0,traj_sz=100
11.037,0.863788,0.881798,-1.51571,0.867417,0.796928,-1.49689,0.123515,30,32,0.0849412,0.120382,0.00598639,1.70188,0,11.037
11.0568,0.864407,0.88042,-1.51787,0,0,0,0,30,32,0,0,0,0,0,traj_sz=100
11.057,0.864407,0.88042,-1.51787,0.867417,0.796928,-1.49689,0.123515,30,32,0.0835345,0.121484,0.00612121,1.70167,0,11.057
11.0768,0.864408,0.876281,-1.51691,0,0,0,0,30,32,0,0,0,0,0,traj_sz=100
11.077,0.864408,0.876281,-1.51691,0.867417,0.796928,-1.49689,0.123515,30,32,0.0794,0.119869,0.00751044,1.70281,0,11.077
11.0968,0.864431,0.874833,-1.51716,0,0,0,0,30,32,0,0,0,0,0,traj_sz=100
11.0969,0.864431,0.874833,-1.51716,0.867417,0.796928,-1.49689,0.123515,30,32,0.0779527,0.120936,0.00978071,1.70319,0,11.0969
11.1168,0.864859,0.871966,-1.51943,0,0,0,0,30,32,0,0,0,0,0,traj_sz=100
11.1169,0.864859,0.871966,-1.51943,0.867417,0.796928,-1.49689,0.123515,30,32,0.0750707,0.120562,0.014916,1.70358,0,11.1169
11.1369,0.865037,0.869129,-1.51985,0,0,0,0,30,32,0,0,0,0,0,traj_sz=100
11.137,0.865037,0.869129,-1.51985,0.867417,0.796928,-1.49689,0.123515,30,32,0.0722289,0.120249,0.01709,1.70421,0,11.137
11.1569,0.865022,0.867661,-1.51968,0,0,0,0,30,32,0,0,0,0,0,traj_sz=100
11.157,0.865022,0.867661,-1.51968,0.867417,0.796928,-1.49689,0.123515,30,32,0.070763,0.1213,0.0184364,1.70464,0,11.157
11.1769,0.865468,0.863211,-1.52198,0,0,0,0,30,32,0,0,0,0,0,traj_sz=100
11.177,0.865468,0.863211,-1.52198,0.867417,0.796928,-1.49689,0.123515,31,32,0.0662993,0.119349,0.0325915,1.70548,0,11.177
11.1969,0.865594,0.861732,-1.52106,0,0,0,0,31,32,0,0,0,0,0,traj_sz=100
11.197,0.865594,0.861732,-1.52106,0.867417,0.796928,-1.49689,0.123515,31,32,0.0648142,0.120381,0.0289866,1.70578,0,11.197
11.2168,0.866048,0.858779,-1.52353,0,0,0,0,31,32,0,0,0,0,0,traj_sz=100
11.217,0.866048,0.858779,-1.52353,0.867417,0.796928,-1.49689,0.123515,31,32,0.0618462,0.119915,0.034234,1.70619,0,11.217
11.2368,0.866049,0.855929,-1.52283,0,0,0,0,31,32,0,0,0,0,0,traj_sz=100
11.2369,0.866049,0.855929,-1.52283,0.870763,0.751737,-1.48488,0.123038,31,33,0.104298,0.119586,0.0347629,1.70702,0,11.2369
11.2569,0.866227,0.854462,-1.52337,0,0,0,0,31,33,0,0,0,0,0,traj_sz=100
11.257,0.866227,0.854462,-1.52337,0.870763,0.751737,-1.48488,0.123038,31,33,0.102824,0.120641,0.03561,1.70727,0,11.257
11.2768,0.866676,0.850211,-1.52481,0,0,0,0,31,33,0,0,0,0,0,traj_sz=100
11.2769,0.866676,0.850211,-1.52481,0.870763,0.751737,-1.48488,0.123038,31,33,0.0985582,0.118869,0.0386174,1.70808,0,11.2769
11.2969,0.86665,0.848748,-1.52452,0,0,0,0,31,33,0,0,0,0,0,traj_sz=100
11.297,0.86665,0.848748,-1.52452,0.870763,0.751737,-1.48488,0.123038,31,33,0.0970976,0.119941,0.039552,1.70853,0,11.297
11.3168,0.86672,0.84607,-1.52412,0,0,0,0,31,33,0,0,0,0,0,traj_sz=100
11.3172,0.86672,0.84607,-1.52412,0.870763,0.751737,-1.48488,0.123038,31,33,0.094419,0.1198,0.0399078,1.70925,0,11.3172
11.3367,0.867376,0.843423,-1.5278,0,0,0,0,31,33,0,0,0,0,0,traj_sz=100
11.3368,0.867376,0.843423,-1.5278,0.870763,0.751737,-1.48488,0.123038,31,33,0.0917467,0.119589,0.0461704,1.70941,0,11.3368
11.3566,0.86738,0.842072,-1.52784,0,0,0,0,31,33,0,0,0,0,0,traj_sz=100
11.3567,0.86738,0.842072,-1.52784,0.870763,0.751737,-1.48488,0.123038,31,33,0.0903968,0.120746,0.0477144,1.70981,0,11.3567
11.3769,0.867768,0.838103,-1.52744,0,0,0,0,31,33,0,0,0,0,0,traj_sz=100
11.3771,0.867768,0.838103,-1.52744,0.870763,0.751737,-1.48488,0.123038,31,33,0.0864143,0.11932,0.0447349,1.71062,0,11.3771
11.3967,0.867761,0.836851,-1.52737,0,0,0,0,31,33,0,0,0,0,0,traj_sz=100
11.3969,0.867761,0.836851,-1.52737,0.870763,0.751737,-1.48488,0.123038,31,33,0.0851637,0.12054,0.0459239,1.711,0,11.3969
11.4168,0.867891,0.834398,-1.52624,0,0,0,0,31,33,0,0,0,0,0,traj_sz=100
11.4169,0.867891,0.834398,-1.52624,0.870763,0.751737,-1.48488,0.123038,31,33,0.0827073,0.120581,0.0425499,1.71161,0,11.4169
11.4368,0.868267,0.831797,-1.52639,0,0,0,0,31,33,0,0,0,0,0,traj_sz=100
11.4369,0.868267,0.831797,-1.52639,0.870763,0.751737,-1.48488,0.123038,31,33,0.0800923,0.120455,0.0402126,1.71204,0,11.4369
11.4568,0.868444,0.830577,-1.52634,0,0,0,0,31,33,0,0,0,0,0,traj_sz=100
11.457,0.868444,0.830577,-1.52634,0.870763,0.751737,-1.48488,0.123038,31,33,0.078865,0.121726,0.0387059,1.71224,0,11.457
11.4768,0.868435,0.826814,-1.52444,0,0,0,0,31,33,0,0,0,0,0,traj_sz=100
11.477,0.868435,0.826814,-1.52444,0.870763,0.751737,-1.48488,0.123038,31,33,0.0751045,0.120463,0.0360218,1.7134,0,11.477
11.4968,0.86846,0.825464,-1.52341,0,0,0,0,31,33,0,0,0,0,0,traj_sz=100
11.497,0.86846,0.825464,-1.52341,0.870763,0.751737,-1.48488,0.123038,31,33,0.0737536,0.121615,0.0333939,1.71379,0,11.497
11.5168,0.86905,0.82289,-1.52688,0,0,0,0,31,33,0,0,0,0,0,traj_sz=100
11.5169,0.86905,0.82289,-1.52688,0.870763,0.751737,-1.48488,0.123038,31,33,0.0711594,0.121483,0.0398215,1.71401,0,11.5169
11.5403,0.86901,0.820175,-1.52425,0,0,0,0,31,33,0,0,0,0,0,traj_sz=100
11.5405,0.86901,0.820175,-1.52425,0.870763,0.751737,-1.48488,0.123038,31,33,0.0684453,0.121722,0.03386,1.71489,0,11.5405
11.5568,0.869355,0.818732,-1.52535,0,0,0,0,31,33,0,0,0,0,0,traj_sz=100
11.5569,0.869355,0.818732,-1.52535,0.870763,0.751737,-1.48488,0.123038,32,33,0.0669902,0.122307,0.0724069,1.71501,0,11.5569
11.5767,0.869544,0.814523,-1.52579,0,0,0,0,32,33,0,0,0,0,0,traj_sz=100
11.5768,0.869544,0.814523,-1.52579,0.870763,0.751737,-1.48488,0.123038,32,33,0.0627778,0.120576,0.0758366,1.71614,0,11.5768
11.5967,0.86961,0.813039,-1.5253,0,0,0,0,32,33,0,0,0,0,0,traj_sz=100
11.5968,0.86961,0.813039,-1.5253,0.874636,0.706765,-1.46326,0.121328,32,34,0.106392,0.121585,0.0747264,1.71654,0,11.5968
11.6169,0.869987,0.810169,-1.52703,0,0,0,0,32,34,0,0,0,0,0,traj_sz=100
11.617,0.869987,0.810169,-1.52703,0.874636,0.706765,-1.46326,0.121328,32,34,0.103508,0.121209,0.0785089,1.71708,0,11.617
11.6369,0.870091,0.807255,-1.52539,0,0,0,0,32,34,0,0,0,0,0,traj_sz=100
11.6371,0.870091,0.807255,-1.52539,0.874636,0.706765,-1.46326,0.121328,32,34,0.100593,0.120805,0.0742537,1.7179,0,11.6371
11.6568,0.870102,0.80578,-1.5255,0,0,0,0,32,34,0,0,0,0,0,traj_sz=100
11.6569,0.870102,0.80578,-1.5255,0.874636,0.706765,-1.46326,0.121328,32,34,0.099119,0.121809,0.0761446,1.71835,0,11.6569
11.6768,0.870432,0.801365,-1.52494,0,0,0,0,32,34,0,0,0,0,0,traj_sz=100
11.6769,0.870432,0.801365,-1.52494,0.874636,0.706765,-1.46326,0.121328,32,34,0.0946929,0.119868,0.0740616,1.71945,0,11.6769
11.6967,0.870639,0.799847,-1.52447,0,0,0,0,32,34,0,0,0,0,0,traj_sz=100
11.6968,0.870639,0.799847,-1.52447,0.874636,0.706765,-1.46326,0.121328,32,34,0.093167,0.120824,0.0709392,1.71973,0,11.6968
11.7167,0.871065,0.796878,-1.52553,0,0,0,0,32,34,0,0,0,0,0,traj_sz=100
11.7168,0.871065,0.796878,-1.52553,0.874636,0.706765,-1.46326,0.121328,32,34,0.0901821,0.120327,0.0716823,1.72028,0,11.7168
11.7368,0.871055,0.793901,-1.52541,0,0,0,0,32,34,0,0,0,0,0,traj_sz=100
11.7372,0.871055,0.793901,-1.52541,0.874636,0.706765,-1.46326,0.121328,32,34,0.0872086,0.119892,0.0747141,1.72125,0,11.7372
11.7569,0.87116,0.792465,-1.52422,0,0,0,0,32,34,0,0,0,0,0,traj_sz=100
11.7569,0.87116,0.792465,-1.52422,0.874636,0.706765,-1.46326,0.121328,32,34,0.0857688,0.120879,0.0704476,1.72162,0,11.7569
11.7768,0.871564,0.788006,-1.52375,0,0,0,0,32,34,0,0,0,0,0,traj_sz=100
11.777,0.871564,0.788006,-1.52375,0.874636,0.706765,-1.46326,0.121328,32,34,0.0812954,0.118845,0.0676404,1.72268,0,11.777
11.7969,0.871731,0.786603,-1.52403,0,0,0,0,32,34,0,0,0,0,0,traj_sz=100
11.7971,0.871731,0.786603,-1.52403,0.874636,0.706765,-1.46326,0.121328,32,34,0.0798863,0.11989,0.0677181,1.72299,0,11.7971
11.8168,0.871725,0.783799,-1.52155,0,0,0,0,32,34,0,0,0,0,0,traj_sz=100
11.8169,0.871725,0.783799,-1.52155,0.874636,0.706765,-1.46326,0.121328,32,34,0.0770837,0.119514,0.061975,1.72391,0,11.8169
11.8368,0.872319,0.781045,-1.52523,0,0,0,0,32,34,0,0,0,0,0,traj_sz=100
11.837,0.872319,0.781045,-1.52523,0.874636,0.706765,-1.46326,0.121328,32,34,0.0743081,0.119175,0.0693783,1.72426,0,11.837
11.857,0.872248,0.779645,-1.52252,0,0,0,0,32,34,0,0,0,0,0,traj_sz=100
11.8572,0.872248,0.779645,-1.52252,0.874636,0.706765,-1.46326,0.121328,32,34,0.07291,0.120252,0.0622475,1.72478,0,11.8572
11.8768,0.87225,0.775701,-1.52039,0,0,0,0,32,34,0,0,0,0,0,traj_sz=100
11.8769,0.87225,0.775701,-1.52039,0.874636,0.706765,-1.46326,0.121328,32,34,0.0689682,0.11872,0.0589253,1.72609,0,11.8769
11.8967,0.872613,0.774445,-1.5221,0,0,0,0,32,34,0,0,0,0,0,traj_sz=100
11.8968,0.872613,0.774445,-1.5221,0.874636,0.706765,-1.46326,0.121328,33,34,0.0676984,0.119877,0.130775,1.72617,0,11.8968
11.9168,0.872791,0.771892,-1.52105,0,0,0,0,33,34,0,0,0,0,0,traj_sz=100
11.9169,0.872791,0.771892,-1.52105,0.874636,0.706765,-1.46326,0.121328,33,34,0.0651382,0.119768,0.127621,1.72685,0,11.9169
11.9367,0.872785,0.769332,-1.51908,0,0,0,0,33,34,0,0,0,0,0,traj_sz=100
11.9368,0.872785,0.769332,-1.51908,0.874636,0.706765,-1.46326,0.121328,33,34,0.0625786,0.119651,0.123918,1.72772,0,11.9368
11.9571,0.872952,0.76805,-1.5181,0,0,0,0,33,34,0,0,0,0,0,traj_sz=100
11.9572,0.872952,0.76805,-1.5181,0.879414,0.66251,-1.43236,0.118562,33,35,0.105733,0.120847,0.119557,1.72799,0,11.9572
11.9768,0.873295,0.76433,-1.51847,0,0,0,0,33,35,0,0,0,0,0,traj_sz=100
11.9769,0.873295,0.76433,-1.51847,0.879414,0.66251,-1.43236,0.118562,33,35,0.102001,0.119519,0.12056,1.72892,0,11.9769
11.9968,0.873312,0.763073,-1.5174,0,0,0,0,33,35,0,0,0,0,0,traj_sz=100
11.9969,0.873312,0.763073,-1.5174,0.879414,0.66251,-1.43236,0.118562,33,35,0.100745,0.120707,0.118074,1.72933,0,11.9969
12.0168,0.873822,0.760602,-1.51901,0,0,0,0,33,35,0,0,0,0,0,traj_sz=100
12.017,0.873822,0.760602,-1.51901,0.879414,0.66251,-1.43236,0.118562,33,35,0.0982497,0.120653,0.119418,1.7297,0,12.017
12.0368,0.873973,0.75819,-1.51525,0,0,0,0,33,35,0,0,0,0,0,traj_sz=100
12.0369,0.873973,0.75819,-1.51525,0.879414,0.66251,-1.43236,0.118562,33,35,0.0958342,0.120665,0.10671,1.73038,0,12.0369
12.0567,0.873956,0.756871,-1.51501,0,0,0,0,33,35,0,0,0,0,0,traj_sz=100
12.0569,0.873956,0.756871,-1.51501,0.879414,0.66251,-1.43236,0.118562,33,35,0.0945181,0.121789,0.107831,1.73084,0,12.0569
12.0769,0.87462,0.753147,-1.51496,0,0,0,0,33,35,0,0,0,0,0,traj_sz=100
12.077,0.87462,0.753147,-1.51496,0.879414,0.66251,-1.43236,0.118562,33,35,0.0907633,0.120479,0.102505,1.7315,0,12.077
12.0968,0.874553,0.75188,-1.51287,0,0,0,0,33,35,0,0,0,0,0,traj_sz=100
12.097,0.874553,0.75188,-1.51287,0.879414,0.66251,-1.43236,0.118562,33,35,0.0895018,0.12167,0.0976228,1.732,0,12.097
12.1167,0.874721,0.749071,-1.51122,0,0,0,0,33,35,0,0,0,0,0,traj_sz=100
12.1168,0.874721,0.749071,-1.51122,0.879414,0.66251,-1.43236,0.118562,33,35,0.086687,0.121236,0.0927937,1.73282,0,12.1168
12.1368,0.875093,0.746274,-1.51272,0,0,0,0,33,35,0,0,0,0,0,traj_sz=100
12.1369,0.875093,0.746274,-1.51272,0.879414,0.66251,-1.43236,0.118562,33,35,0.0838738,0.120787,0.0962136,1.73344,0,12.1369
12.1568,0.875289,0.744725,-1.51035,0,0,0,0,33,35,0,0,0,0,0,traj_sz=100
12.1569,0.875289,0.744725,-1.51035,0.879414,0.66251,-1.43236,0.118562,33,35,0.0823136,0.121592,0.0867644,1.73379,0,12.1569
12.1769,0.875864,0.740279,-1.51004,0,0,0,0,33,35,0,0,0,0,0,traj_sz=100
12.1771,0.875864,0.740279,-1.51004,0.879414,0.66251,-1.43236,0.118562,33,35,0.0778409,0.119494,0.082768,1.73481,0,12.1771
12.1968,0.875842,0.738878,-1.50993,0,0,0,0,33,35,0,0,0,0,0,traj_sz=100
12.1968,0.875842,0.738878,-1.50993,0.879414,0.66251,-1.43236,0.118562,33,35,0.0764442,0.120442,0.0845042,1.73533,0,12.1968
12.2167,0.875912,0.735838,-1.50499,0,0,0,0,33,35,0,0,0,0,0,traj_sz=100
12.2168,0.875912,0.735838,-1.50499,0.879414,0.66251,-1.43236,0.118562,33,35,0.0733999,0.119762,0.069596,1.73633,0,12.2168
12.2368,0.876414,0.732923,-1.50558,0,0,0,0,33,35,0,0,0,0,0,traj_sz=100
12.2369,0.876414,0.732923,-1.50558,0.879414,0.66251,-1.43236,0.118562,33,35,0.0704585,0.11919,0.067968,1.7369,0,12.2369
12.2568,0.876547,0.731436,-1.50557,0,0,0,0,33,35,0,0,0,0,0,traj_sz=100
12.2569,0.876547,0.731436,-1.50557,0.879414,0.66251,-1.43236,0.118562,33,35,0.0689662,0.120059,0.0678285,1.7373,0,12.2569
12.2767,0.876487,0.72703,-1.50124,0,0,0,0,33,35,0,0,0,0,0,traj_sz=100
12.2769,0.876487,0.72703,-1.50124,0.879414,0.66251,-1.43236,0.118562,34,35,0.0645677,0.118043,0.160974,1.73893,0,12.2769
12.2967,0.877081,0.72554,-1.50457,0,0,0,0,34,35,0,0,0,0,0,traj_sz=100
12.2968,0.877081,0.72554,-1.50457,0.879414,0.66251,-1.43236,0.118562,34,35,0.0630465,0.118858,0.166495,1.73891,0,12.2968
12.3167,0.877013,0.722654,-1.50029,0,0,0,0,34,35,0,0,0,0,0,traj_sz=100
12.3168,0.877013,0.722654,-1.50029,0.885416,0.61943,-1.39284,0.115142,34,36,0.10356,0.118352,0.156725,1.74001,0,12.3168
12.3367,0.877565,0.719849,-1.49954,0,0,0,0,34,36,0,0,0,0,0,traj_sz=100
12.3368,0.877565,0.719849,-1.49954,0.885416,0.61943,-1.39284,0.115142,34,36,0.100723,0.117872,0.150333,1.74051,0,12.3368
12.3567,0.877515,0.718475,-1.49899,0,0,0,0,34,36,0,0,0,0,0,traj_sz=100
12.3569,0.877515,0.718475,-1.49899,0.885416,0.61943,-1.39284,0.115142,34,36,0.0993565,0.118877,0.151311,1.74106,0,12.3569
12.3767,0.877714,0.714349,-1.49551,0,0,0,0,34,36,0,0,0,0,0,traj_sz=100
12.377,0.877714,0.714349,-1.49551,0.885416,0.61943,-1.39284,0.115142,34,36,0.0952293,0.117125,0.142447,1.74237,0,12.377
12.3969,0.878142,0.713041,-1.49867,0,0,0,0,34,36,0,0,0,0,0,traj_sz=100
12.397,0.878142,0.713041,-1.49867,0.885416,0.61943,-1.39284,0.115142,34,36,0.093892,0.118153,0.149533,1.74245,0,12.397
12.4168,0.878305,0.710431,-1.49448,0,0,0,0,34,36,0,0,0,0,0,traj_sz=100
12.4168,0.878305,0.710431,-1.49448,0.885416,0.61943,-1.39284,0.115142,34,36,0.0912785,0.117884,0.136235,1.74326,0,12.4168
12.4367,0.87824,0.708038,-1.49375,0,0,0,0,34,36,0,0,0,0,0,traj_sz=100
12.437,0.87824,0.708038,-1.49375,0.885416,0.61943,-1.39284,0.115142,34,36,0.0888979,0.11789,0.138437,1.7442,0,12.437
12.4567,0.878638,0.706773,-1.49406,0,0,0,0,34,36,0,0,0,0,0,traj_sz=100
12.4568,0.878638,0.706773,-1.49406,0.885416,0.61943,-1.39284,0.115142,34,36,0.0876055,0.118928,0.13564,1.74429,0,12.4568
12.4767,0.878751,0.703122,-1.48944,0,0,0,0,34,36,0,0,0,0,0,traj_sz=100
12.4767,0.878751,0.703122,-1.48944,0.885416,0.61943,-1.39284,0.115142,34,36,0.0839563,0.117631,0.123184,1.74554,0,12.4767
12.4967,0.879336,0.701932,-1.4913,0,0,0,0,34,36,0,0,0,0,0,traj_sz=100
12.497,0.879336,0.701932,-1.4913,0.885416,0.61943,-1.39284,0.115142,34,36,0.0827248,0.11868,0.123075,1.74543,0,12.497
12.5166,0.879339,0.699586,-1.48876,0,0,0,0,34,36,0,0,0,0,0,traj_sz=100
12.5167,0.879339,0.699586,-1.48876,0.885416,0.61943,-1.39284,0.115142,34,36,0.0803845,0.118588,0.117677,1.7463,0,12.5167
12.5368,0.879861,0.697129,-1.4901,0,0,0,0,34,36,0,0,0,0,0,traj_sz=100
12.5368,0.879861,0.697129,-1.4901,0.885416,0.61943,-1.39284,0.115142,34,36,0.077894,0.11837,0.118681,1.74674,0,12.5368
12.5567,0.879819,0.695836,-1.48683,0,0,0,0,34,36,0,0,0,0,0,traj_sz=100
12.5568,0.879819,0.695836,-1.48683,0.885416,0.61943,-1.39284,0.115142,34,36,0.076606,0.119356,0.109615,1.74726,0,12.5568
12.5767,0.880383,0.692139,-1.48619,0,0,0,0,34,36,0,0,0,0,0,traj_sz=100
12.5768,0.880383,0.692139,-1.48619,0.885416,0.61943,-1.39284,0.115142,34,36,0.0728744,0.117881,0.10484,1.74812,0,12.5768
12.5967,0.880363,0.690895,-1.48467,0,0,0,0,34,36,0,0,0,0,0,traj_sz=100
12.597,0.880363,0.690895,-1.48467,0.885416,0.61943,-1.39284,0.115142,34,36,0.0716344,0.118932,0.101668,1.74861,0,12.597
12.6167,0.880555,0.688325,-1.48189,0,0,0,0,34,36,0,0,0,0,0,traj_sz=100
12.6168,0.880555,0.688325,-1.48189,0.885416,0.61943,-1.39284,0.115142,34,36,0.0690544,0.118613,0.0929375,1.7494,0,12.6168
12.6368,0.88092,0.685797,-1.48213,0,0,0,0,34,36,0,0,0,0,0,traj_sz=100
12.6369,0.88092,0.685797,-1.48213,0.885416,0.61943,-1.39284,0.115142,34,36,0.0665042,0.118338,0.092407,1.75002,0,12.6369
12.6568,0.881099,0.684565,-1.48057,0,0,0,0,34,36,0,0,0,0,0,traj_sz=100
12.6569,0.881099,0.684565,-1.48057,0.885416,0.61943,-1.39284,0.115142,35,36,0.0652591,0.119366,0.218007,1.75033,0,12.6569
12.6768,0.881634,0.6808,-1.47815,0,0,0,0,35,36,0,0,0,0,0,traj_sz=100
12.6769,0.881634,0.6808,-1.47815,0.885416,0.61943,-1.39284,0.115142,35,36,0.0614563,0.117829,0.209127,1.75127,0,12.6769
12.6969,0.881582,0.679534,-1.47622,0,0,0,0,35,36,0,0,0,0,0,traj_sz=100
12.697,0.881582,0.679534,-1.47622,0.885416,0.61943,-1.39284,0.115142,35,36,0.0601974,0.118861,0.205566,1.7518,0,12.697
12.7169,0.882193,0.677094,-1.47719,0,0,0,0,35,36,0,0,0,0,0,traj_sz=100
12.717,0.882193,0.677094,-1.47719,0.892893,0.577855,-1.34577,0.111627,35,37,0.0998044,0.118627,0.205046,1.75217,0,12.717
12.7368,0.882209,0.674559,-1.47381,0,0,0,0,35,37,0,0,0,0,0,traj_sz=100
12.7369,0.882209,0.674559,-1.47381,0.892893,0.577855,-1.34577,0.111627,35,37,0.0972836,0.118376,0.197869,1.75313,0,12.7369
12.7569,0.882362,0.6733,-1.47154,0,0,0,0,35,37,0,0,0,0,0,traj_sz=100
12.757,0.882362,0.6733,-1.47154,0.892893,0.577855,-1.34577,0.111627,35,37,0.0960183,0.119385,0.190045,1.75348,0,12.757
12.7767,0.882964,0.669412,-1.46993,0,0,0,0,35,37,0,0,0,0,0,traj_sz=100
12.7768,0.882964,0.669412,-1.46993,0.892893,0.577855,-1.34577,0.111627,35,37,0.092091,0.1177,0.183325,1.75442,0,12.7768
12.7967,0.883158,0.668136,-1.46775,0,0,0,0,35,37,0,0,0,0,0,traj_sz=100
12.7968,0.883158,0.668136,-1.46775,0.892893,0.577855,-1.34577,0.111627,35,37,0.090804,0.118677,0.17527,1.75474,0,12.7968
12.8169,0.883606,0.665617,-1.466,0,0,0,0,35,37,0,0,0,0,0,traj_sz=100
12.8171,0.883606,0.665617,-1.466,0.892893,0.577855,-1.34577,0.111627,35,37,0.0882515,0.118414,0.167521,1.75531,0,12.8171
12.8368,0.883564,0.663048,-1.46143,0,0,0,0,35,37,0,0,0,0,0,traj_sz=100
12.837,0.883564,0.663048,-1.46143,0.892893,0.577855,-1.34577,0.111627,35,37,0.0857027,0.118134,0.157027,1.75635,0,12.837
12.8568,0.884268,0.661831,-1.46394,0,0,0,0,35,37,0,0,0,0,0,traj_sz=100
12.857,0.884268,0.661831,-1.46394,0.892893,0.577855,-1.34577,0.111627,35,37,0.0844173,0.119017,0.158095,1.75618,0,12.857
12.8768,0.884345,0.657836,-1.45581,0,0,0,0,35,37,0,0,0,0,0,traj_sz=100
12.8769,0.884345,0.657836,-1.45581,0.892893,0.577855,-1.34577,0.111627,35,37,0.0804336,0.117218,0.135946,1.75768,0,12.8769
12.8968,0.885037,0.656588,-1.45774,0,0,0,0,35,37,0,0,0,0,0,traj_sz=100
12.8969,0.885037,0.656588,-1.45774,0.892893,0.577855,-1.34577,0.111627,35,37,0.0791164,0.118056,0.135223,1.75753,0,12.8969
12.9167,0.885101,0.654121,-1.45303,0,0,0,0,35,37,0,0,0,0,0,traj_sz=100
12.917,0.885101,0.654121,-1.45303,0.892893,0.577855,-1.34577,0.111627,35,37,0.0766532,0.117793,0.122401,1.75845,0,12.917
12.9368,0.885638,0.651578,-1.45157,0,0,0,0,35,37,0,0,0,0,0,traj_sz=100
12.9369,0.885638,0.651578,-1.45157,0.892893,0.577855,-1.34577,0.111627,35,37,0.0740622,0.117366,0.114435,1.75896,0,12.9369
12.9569,0.885633,0.650553,-1.44985,0,0,0,0,35,37,0,0,0,0,0,traj_sz=100
12.957,0.885633,0.650553,-1.44985,0.892893,0.577855,-1.34577,0.111627,35,37,0.0730429,0.118536,0.110444,1.75938,0,12.957
12.9769,0.886187,0.646881,-1.4464,0,0,0,0,35,37,0,0,0,0,0,traj_sz=100
12.9771,0.886187,0.646881,-1.4464,0.892893,0.577855,-1.34577,0.111627,35,37,0.0693252,0.117006,0.0974109,1.76033,0,12.9771
12.9968,0.886419,0.645671,-1.44522,0,0,0,0,35,37,0,0,0,0,0,traj_sz=100
12.9969,0.886419,0.645671,-1.44522,0.892893,0.577855,-1.34577,0.111627,35,37,0.0680928,0.11793,0.0922021,1.7606,0,12.9969
13.0168,0.886874,0.643179,-1.44272,0,0,0,0,35,37,0,0,0,0,0,traj_sz=100
13.0169,0.886874,0.643179,-1.44272,0.892893,0.577855,-1.34577,0.111627,35,37,0.0655572,0.117576,0.0815853,1.76118,0,13.0169
13.0368,0.88727,0.640651,-1.44113,0,0,0,0,35,37,0,0,0,0,0,traj_sz=100
13.037,0.88727,0.640651,-1.44113,0.892893,0.577855,-1.34577,0.111627,36,37,0.0629959,0.117194,0.235047,1.76184,0,13.037
13.0569,0.887529,0.639302,-1.43928,0,0,0,0,36,37,0,0,0,0,0,traj_sz=100
13.057,0.887529,0.639302,-1.43928,0.892893,0.577855,-1.34577,0.111627,36,37,0.06162,0.117999,0.228159,1.76214,0,13.057
13.0767,0.888068,0.635413,-1.4364,0,0,0,0,36,37,0,0,0,0,0,traj_sz=100
13.0769,0.888068,0.635413,-1.4364,0.892893,0.577855,-1.34577,0.111627,36,37,0.0576855,0.116233,0.220174,1.76322,0,13.0769
13.0969,0.888145,0.63402,-1.43274,0,0,0,0,36,37,0,0,0,0,0,traj_sz=100
13.097,0.888145,0.63402,-1.43274,0.902031,0.537935,-1.29264,0.108629,36,38,0.0970818,0.117031,0.209559,1.76372,0,13.097
13.1168,0.888743,0.631415,-1.43197,0,0,0,0,36,38,0,0,0,0,0,traj_sz=100
13.117,0.888743,0.631415,-1.43197,0.902031,0.537935,-1.29264,0.108629,36,38,0.0944194,0.116537,0.204856,1.76423,0,13.117
13.1367,0.889432,0.628783,-1.43214,0,0,0,0,36,38,0,0,0,0,0,traj_sz=100
13.1369,0.889432,0.628783,-1.43214,0.902031,0.537935,-1.29264,0.108629,36,38,0.0917172,0.115989,0.202289,1.76468,0,13.1369
13.1567,0.889426,0.627509,-1.429,0,0,0,0,36,38,0,0,0,0,0,traj_sz=100
13.1567,0.889426,0.627509,-1.429,0.902031,0.537935,-1.29264,0.108629,36,38,0.0904559,0.116892,0.194465,1.7652,0,13.1567
13.1768,0.890371,0.623985,-1.42693,0,0,0,0,36,38,0,0,0,0,0,traj_sz=100
13.1769,0.890371,0.623985,-1.42693,0.902031,0.537935,-1.29264,0.108629,36,38,0.0868326,0.115445,0.182422,1.76579,0,13.1769
13.1967,0.890346,0.622752,-1.42406,0,0,0,0,36,38,0,0,0,0,0,traj_sz=100
13.1968,0.890346,0.622752,-1.42406,0.902031,0.537935,-1.29264,0.108629,36,38,0.0856141,0.116394,0.175739,1.76632,0,13.1968
13.2168,0.890924,0.620285,-1.42232,0,0,0,0,36,38,0,0,0,0,0,traj_sz=100
13.2169,0.890924,0.620285,-1.42232,0.902031,0.537935,-1.29264,0.108629,36,38,0.0830873,0.116011,0.167492,1.76681,0,13.2169
13.2371,0.891046,0.617521,-1.41748,0,0,0,0,36,38,0,0,0,0,0,traj_sz=100
13.2372,0.891046,0.617521,-1.41748,0.902031,0.537935,-1.29264,0.108629,36,38,0.0803301,0.115398,0.155601,1.76784,0,13.2372
13.2568,0.891483,0.616273,-1.41684,0,0,0,0,36,38,0,0,0,0,0,traj_sz=100
13.2569,0.891483,0.616273,-1.41684,0.902031,0.537935,-1.29264,0.108629,36,38,0.079029,0.116162,0.150147,1.76796,0,13.2569
13.2767,0.892325,0.612181,-1.41347,0,0,0,0,36,38,0,0,0,0,0,traj_sz=100
13.2769,0.892325,0.612181,-1.41347,0.902031,0.537935,-1.29264,0.108629,36,38,0.0748497,0.114077,0.136451,1.7689,0,13.2769
13.2968,0.892242,0.611013,-1.41112,0,0,0,0,36,38,0,0,0,0,0,traj_sz=100
13.297,0.892242,0.611013,-1.41112,0.902031,0.537935,-1.29264,0.108629,36,38,0.0737052,0.115056,0.132317,1.76946,0,13.297
13.3168,0.892771,0.608633,-1.40841,0,0,0,0,36,38,0,0,0,0,0,traj_sz=100
13.3169,0.892771,0.608633,-1.40841,0.902031,0.537935,-1.29264,0.108629,36,38,0.0712653,0.114712,0.121088,1.76997,0,13.3169
13.3368,0.8934,0.606148,-1.40648,0,0,0,0,36,38,0,0,0,0,0,traj_sz=100
13.3369,0.8934,0.606148,-1.40648,0.902031,0.537935,-1.29264,0.108629,36,38,0.068706,0.11425,0.111455,1.77045,0,13.3369
13.3568,0.894102,0.604899,-1.40724,0,0,0,0,36,38,0,0,0,0,0,traj_sz=100
13.3569,0.894102,0.604899,-1.40724,0.902031,0.537935,-1.29264,0.108629,36,38,0.0673613,0.114984,0.107125,1.77033,0,13.3569
13.3768,0.894493,0.600884,-1.40148,0,0,0,0,36,38,0,0,0,0,0,traj_sz=100
13.377,0.894493,0.600884,-1.40148,0.902031,0.537935,-1.29264,0.108629,36,38,0.0633187,0.113069,0.0912898,1.77167,0,13.377
13.3969,0.895028,0.599577,-1.39935,0,0,0,0,36,38,0,0,0,0,0,traj_sz=100
13.397,0.895028,0.599577,-1.39935,0.902031,0.537935,-1.29264,0.108629,37,38,0.0619329,0.113782,0.261333,1.77174,0,13.397
13.4168,0.895173,0.597244,-1.39423,0,0,0,0,37,38,0,0,0,0,0,traj_sz=100
13.4169,0.895173,0.597244,-1.39423,0.902031,0.537935,-1.29264,0.108629,37,38,0.0595919,0.113554,0.248579,1.7726,0,13.4169
13.4368,0.895788,0.594617,-1.39377,0,0,0,0,37,38,0,0,0,0,0,traj_sz=100
13.4369,0.895788,0.594617,-1.39377,0.902031,0.537935,-1.29264,0.108629,37,38,0.0568952,0.112956,0.246721,1.77316,0,13.4369
13.4568,0.896122,0.593532,-1.39606,0,0,0,0,37,38,0,0,0,0,0,traj_sz=100
13.457,0.896122,0.593532,-1.39606,0.902031,0.537935,-1.29264,0.108629,37,38,0.0557774,0.113921,0.253712,1.77332,0,13.457
13.4767,0.896939,0.589546,-1.38914,0,0,0,0,37,38,0,0,0,0,0,traj_sz=100
13.4769,0.896939,0.589546,-1.38914,0.912974,0.499614,-1.2357,0.106604,37,39,0.091349,0.111939,0.230186,1.77429,0,13.4769
13.4968,0.896892,0.588398,-1.38862,0,0,0,0,37,39,0,0,0,0,0,traj_sz=100
13.497,0.896892,0.588398,-1.38862,0.912974,0.499614,-1.2357,0.106604,37,39,0.0902287,0.112937,0.232846,1.77482,0,13.497
13.5168,0.89749,0.586151,-1.38649,0,0,0,0,37,39,0,0,0,0,0,traj_sz=100
13.5169,0.89749,0.586151,-1.38649,0.912974,0.499614,-1.2357,0.106604,37,39,0.087909,0.112702,0.223961,1.77525,0,13.5169
13.5369,0.898105,0.583826,-1.38516,0,0,0,0,37,39,0,0,0,0,0,traj_sz=100
13.537,0.898105,0.583826,-1.38516,0.912974,0.499614,-1.2357,0.106604,37,39,0.0855091,0.112402,0.217975,1.77569,0,13.537
13.5568,0.898284,0.582707,-1.3813,0,0,0,0,37,39,0,0,0,0,0,traj_sz=100
13.557,0.898284,0.582707,-1.3813,0.912974,0.499614,-1.2357,0.106604,37,39,0.0843731,0.113365,0.205215,1.77602,0,13.557
13.5767,0.899023,0.579241,-1.37714,0,0,0,0,37,39,0,0,0,0,0,traj_sz=100
13.5768,0.899023,0.579241,-1.37714,0.912974,0.499614,-1.2357,0.106604,37,39,0.0808231,0.111885,0.191015,1.77685,0,13.5768
13.5968,0.899495,0.577885,-1.37573,0,0,0,0,37,39,0,0,0,0,0,traj_sz=100
13.5969,0.899495,0.577885,-1.37573,0.912974,0.499614,-1.2357,0.106604,37,39,0.079399,0.112523,0.183591,1.77701,0,13.5969
13.6169,0.9001,0.575392,-1.37272,0,0,0,0,37,39,0,0,0,0,0,traj_sz=100
13.6171,0.9001,0.575392,-1.37272,0.912974,0.499614,-1.2357,0.106604,37,39,0.07683,0.112016,0.172246,1.77755,0,13.6171
13.6367,0.900951,0.572751,-1.37059,0,0,0,0,37,39,0,0,0,0,0,traj_sz=100
13.6369,0.900951,0.572751,-1.37059,0.912974,0.499614,-1.2357,0.106604,37,39,0.0740668,0.111287,0.160981,1.77794,0,13.6369
13.6567,0.900902,0.571314,-1.36664,0,0,0,0,37,39,0,0,0,0,0,traj_sz=100
13.6568,0.900902,0.571314,-1.36664,0.912974,0.499614,-1.2357,0.106604,37,39,0.0726588,0.111942,0.152259,1.77861,0,13.6568
13.6766,0.901919,0.567344,-1.3634,0,0,0,0,37,39,0,0,0,0,0,traj_sz=100
13.6767,0.901919,0.567344,-1.3634,0.912974,0.499614,-1.2357,0.106604,37,39,0.0685554,0.109883,0.139026,1.77944,0,13.6767
13.6966,0.901827,0.566125,-1.35802,0,0,0,0,37,39,0,0,0,0,0,traj_sz=100
13.6967,0.901827,0.566125,-1.35802,0.912974,0.499614,-1.2357,0.106604,37,39,0.0673653,0.110777,0.125073,1.78006,0,13.6967
13.7167,0.902592,0.563818,-1.35537,0,0,0,0,37,39,0,0,0,0,0,traj_sz=100
13.7169,0.902592,0.563818,-1.35537,0.912974,0.499614,-1.2357,0.106604,37,39,0.0649392,0.110419,0.112075,1.78039,0,13.7169
13.7368,0.903227,0.561333,-1.35368,0,0,0,0,37,39,0,0,0,0,0,traj_sz=100
13.7369,0.903227,0.561333,-1.35368,0.912974,0.499614,-1.2357,0.106604,37,39,0.0623699,0.109901,0.105046,1.78092,0,13.7369
13.7567,0.90345,0.560137,-1.35162,0,0,0,0,37,39,0,0,0,0,0,traj_sz=100
13.7569,0.90345,0.560137,-1.35162,0.912974,0.499614,-1.2357,0.106604,37,39,0.0611459,0.110735,0.0983397,1.78125,0,13.7569
13.7768,0.904441,0.556678,-1.34809,0,0,0,0,37,39,0,0,0,0,0,traj_sz=100
13.777,0.904441,0.556678,-1.34809,0.912974,0.499614,-1.2357,0.106604,38,39,0.057539,0.1092,0.282094,1.7819,0,13.777
13.7967,0.904681,0.555375,-1.34709,0,0,0,0,38,39,0,0,0,0,0,traj_sz=100
13.7968,0.904681,0.555375,-1.34709,0.912974,0.499614,-1.2357,0.106604,38,39,0.0562113,0.109913,0.280394,1.78227,0,13.7968
13.8167,0.905418,0.553022,-1.34604,0,0,0,0,38,39,0,0,0,0,0,traj_sz=100
13.8168,0.905418,0.553022,-1.34604,0.925836,0.46268,-1.17559,0.105878,38,40,0.0926203,0.109496,0.275654,1.78266,0,13.8168
13.8368,0.905919,0.550887,-1.34048,0,0,0,0,38,40,0,0,0,0,0,traj_sz=100
13.8369,0.905919,0.550887,-1.34048,0.925836,0.46268,-1.17559,0.105878,38,40,0.0904246,0.109362,0.257223,1.78316,0,13.8369
13.8567,0.905963,0.549651,-1.33892,0,0,0,0,38,40,0,0,0,0,0,traj_sz=100
13.8568,0.905963,0.549651,-1.33892,0.925836,0.46268,-1.17559,0.105878,38,40,0.0892107,0.110194,0.256068,1.78368,0,13.8568
13.8768,0.907263,0.546245,-1.33805,0,0,0,0,38,40,0,0,0,0,0,traj_sz=100
13.877,0.907263,0.546245,-1.33805,0.925836,0.46268,-1.17559,0.105878,38,40,0.0855957,0.108628,0.248204,1.78405,0,13.877
13.8967,0.907303,0.544994,-1.33552,0,0,0,0,38,40,0,0,0,0,0,traj_sz=100
13.8968,0.907303,0.544994,-1.33552,0.925836,0.46268,-1.17559,0.105878,38,40,0.0843668,0.109446,0.243662,1.78458,0,13.8968
13.9168,0.907815,0.542741,-1.33147,0,0,0,0,38,40,0,0,0,0,0,traj_sz=100
13.9169,0.907815,0.542741,-1.33147,0.925836,0.46268,-1.17559,0.105878,38,40,0.0820508,0.109195,0.231003,1.78514,0,13.9169
13.9369,0.908446,0.540567,-1.32973,0,0,0,0,38,40,0,0,0,0,0,traj_sz=100
13.9371,0.908446,0.540567,-1.32973,0.925836,0.46268,-1.17559,0.105878,38,40,0.0797869,0.108993,0.224586,1.78556,0,13.9371
13.9568,0.909034,0.539274,-1.3293,0,0,0,0,38,40,0,0,0,0,0,traj_sz=100
13.9571,0.909034,0.539274,-1.3293,0.925836,0.46268,-1.17559,0.105878,38,40,0.0783899,0.109627,0.219869,1.78562,0,13.9571
13.9767,0.909815,0.536141,-1.32351,0,0,0,0,38,40,0,0,0,0,0,traj_sz=100
13.9769,0.909815,0.536141,-1.32351,0.925836,0.46268,-1.17559,0.105878,38,40,0.0751478,0.108426,0.200655,1.78635,0,13.9769
13.9968,0.909976,0.5349,-1.32006,0,0,0,0,38,40,0,0,0,0,0,traj_sz=100
13.9969,0.909976,0.5349,-1.32006,0.925836,0.46268,-1.17559,0.105878,38,40,0.0738973,0.109232,0.191036,1.78677,0,13.9969
14.0168,0.910623,0.532668,-1.31791,0,0,0,0,38,40,0,0,0,0,0,traj_sz=100
14.0169,0.910623,0.532668,-1.31791,0.925836,0.46268,-1.17559,0.105878,38,40,0.0715682,0.10895,0.183176,1.78722,0,14.0169
14.0368,0.911366,0.530711,-1.31426,0,0,0,0,38,40,0,0,0,0,0,traj_sz=100
14.037,0.911366,0.530711,-1.31426,0.925836,0.46268,-1.17559,0.105878,38,40,0.0694758,0.108906,0.167343,1.78745,0,14.037
14.0567,0.91131,0.529671,-1.31203,0,0,0,0,38,40,0,0,0,0,0,traj_sz=100
14.0568,0.91131,0.529671,-1.31203,0.925836,0.46268,-1.17559,0.105878,38,40,0.0684774,0.109954,0.16444,1.78798,0,14.0568
14.0767,0.912768,0.526186,-1.30954,0,0,0,0,38,40,0,0,0,0,0,traj_sz=100
14.0768,0.912768,0.526186,-1.30954,0.925836,0.46268,-1.17559,0.105878,38,40,0.0647264,0.10823,0.14879,1.78829,0,14.0768
14.0968,0.912738,0.525042,-1.30473,0,0,0,0,38,40,0,0,0,0,0,traj_sz=100
14.0971,0.912738,0.525042,-1.30473,0.925836,0.46268,-1.17559,0.105878,38,40,0.0636117,0.109217,0.136604,1.78884,0,14.0971
14.1167,0.913486,0.522565,-1.30044,0,0,0,0,38,40,0,0,0,0,0,traj_sz=100
14.1168,0.913486,0.522565,-1.30044,0.925836,0.46268,-1.17559,0.105878,38,40,0.061008,0.108644,0.120582,1.78932,0,14.1168
14.1368,0.914228,0.520094,-1.29711,0,0,0,0,38,40,0,0,0,0,0,traj_sz=100
14.137,0.914228,0.520094,-1.29711,0.925836,0.46268,-1.17559,0.105878,39,40,0.0584141,0.108118,0.313397,1.78981,0,14.137
14.1567,0.914728,0.518971,-1.29615,0,0,0,0,39,40,0,0,0,0,0,traj_sz=100
14.1568,0.914728,0.518971,-1.29615,0.925836,0.46268,-1.17559,0.105878,39,40,0.0571941,0.108916,0.30839,1.78989,0,14.1568
14.1768,0.915645,0.515228,-1.29117,0,0,0,0,39,40,0,0,0,0,0,traj_sz=100
14.1769,0.915645,0.515228,-1.29117,0.925836,0.46268,-1.17559,0.105878,39,40,0.0533201,0.107124,0.295925,1.79082,0,14.1769
14.1967,0.916288,0.514018,-1.29062,0,0,0,0,39,40,0,0,0,0,0,traj_sz=100
14.1969,0.916288,0.514018,-1.29062,0.94079,0.426831,-1.11196,0.106611,39,41,0.0905628,0.10781,0.29082,1.79081,0,14.1969
14.2166,0.916897,0.511705,-1.28691,0,0,0,0,39,41,0,0,0,0,0,traj_sz=100
14.2167,0.916897,0.511705,-1.28691,0.94079,0.426831,-1.11196,0.106611,39,41,0.0881692,0.107443,0.280224,1.79136,0,14.2167
14.2368,0.917532,0.509644,-1.28387,0,0,0,0,39,41,0,0,0,0,0,traj_sz=100
14.2369,0.917532,0.509644,-1.28387,0.94079,0.426831,-1.11196,0.106611,39,41,0.0860099,0.107343,0.270469,1.79176,0,14.2369
14.2567,0.917517,0.50863,-1.2837,0,0,0,0,39,41,0,0,0,0,0,traj_sz=100
14.2569,0.917517,0.50863,-1.2837,0.94079,0.426831,-1.11196,0.106611,39,41,0.0850414,0.108424,0.275062,1.79225,0,14.2569
14.2767,0.918788,0.505603,-1.2807,0,0,0,0,39,41,0,0,0,0,0,traj_sz=100
14.2767,0.918788,0.505603,-1.2807,0.94079,0.426831,-1.11196,0.106611,39,41,0.0817741,0.107174,0.261208,1.79255,0,14.2767
14.2967,0.918821,0.504565,-1.27765,0,0,0,0,39,41,0,0,0,0,0,traj_sz=100
14.2969,0.918821,0.504565,-1.27765,0.94079,0.426831,-1.11196,0.106611,39,41,0.080766,0.108233,0.254861,1.79301,0,14.2969
14.3167,0.919555,0.502497,-1.27519,0,0,0,0,39,41,0,0,0,0,0,traj_sz=100
14.3168,0.919555,0.502497,-1.27519,0.94079,0.426831,-1.11196,0.106611,39,41,0.0785697,0.108077,0.245801,1.79334,0,14.3168
14.3368,0.920337,0.500423,-1.2693,0,0,0,0,39,41,0,0,0,0,0,traj_sz=100
14.3369,0.920337,0.500423,-1.2693,0.94079,0.426831,-1.11196,0.106611,39,41,0.0763458,0.107942,0.223757,1.79363,0,14.3369
14.3568,0.920717,0.499453,-1.27061,0,0,0,0,39,41,0,0,0,0,0,traj_sz=100
14.3569,0.920717,0.499453,-1.27061,0.94079,0.426831,-1.11196,0.106611,39,41,0.0753102,0.108973,0.227899,1.79376,0,14.3569
14.3767,0.921804,0.496079,-1.26218,0,0,0,0,39,41,0,0,0,0,0,traj_sz=100
14.3768,0.921804,0.496079,-1.26218,0.94079,0.426831,-1.11196,0.106611,39,41,0.0717436,0.107491,0.198783,1.7944,0,14.3768
14.3967,0.922331,0.494957,-1.26271,0,0,0,0,39,41,0,0,0,0,0,traj_sz=100
14.3969,0.922331,0.494957,-1.26271,0.94079,0.426831,-1.11196,0.106611,39,41,0.0705153,0.108326,0.198742,1.79447,0,14.3969
14.4166,0.923084,0.492778,-1.25785,0,0,0,0,39,41,0,0,0,0,0,traj_sz=100
14.4168,0.923084,0.492778,-1.25785,0.94079,0.426831,-1.11196,0.106611,39,41,0.0681953,0.10808,0.181353,1.79485,0,14.4168
14.4367,0.924081,0.490551,-1.2556,0,0,0,0,39,41,0,0,0,0,0,traj_sz=100
14.4368,0.924081,0.490551,-1.2556,0.94079,0.426831,-1.11196,0.106611,39,41,0.0657612,0.107714,0.170095,1.79504,0,14.4368
14.4567,0.924088,0.48943,-1.25251,0,0,0,0,39,41,0,0,0,0,0,traj_sz=100
14.4568,0.924088,0.48943,-1.25251,0.94079,0.426831,-1.11196,0.106611,39,41,0.0646811,0.108727,0.164387,1.79557,0,14.4568
14.4767,0.92556,0.485861,-1.24697,0,0,0,0,39,41,0,0,0,0,0,traj_sz=100
14.4767,0.92556,0.485861,-1.24697,0.94079,0.426831,-1.11196,0.106611,39,41,0.0608081,0.106931,0.141207,1.79599,0,14.4767
14.4967,0.926101,0.484734,-1.24684,0,0,0,0,39,41,0,0,0,0,0,traj_sz=100
14.4967,0.926101,0.484734,-1.24684,0.94079,0.426831,-1.11196,0.106611,39,41,0.0595669,0.107753,0.13866,1.79606,0,14.4967
14.5167,0.927157,0.482396,-1.24347,0,0,0,0,39,41,0,0,0,0,0,traj_sz=100
14.5169,0.927157,0.482396,-1.24347,0.94079,0.426831,-1.11196,0.106611,40,41,0.0569983,0.107274,0.337784,1.79627,0,14.5169
14.5368,0.927872,0.480064,-1.23853,0,0,0,0,40,41,0,0,0,0,0,traj_sz=100
14.5369,0.927872,0.480064,-1.23853,0.94079,0.426831,-1.11196,0.106611,40,41,0.0545346,0.106905,0.323572,1.79677,0,14.5369
14.5568,0.928411,0.478895,-1.23763,0,0,0,0,40,41,0,0,0,0,0,traj_sz=100
14.5569,0.928411,0.478895,-1.23763,0.94079,0.426831,-1.11196,0.106611,40,41,0.0532499,0.107693,0.319626,1.79686,0,14.5569
14.5767,0.929431,0.475357,-1.23051,0,0,0,0,40,41,0,0,0,0,0,traj_sz=100
14.5769,0.929431,0.475357,-1.23051,0.958113,0.391764,-1.04394,0.108666,40,42,0.0883723,0.106086,0.300295,1.79769,0,14.5769
14.5967,0.929918,0.474285,-1.23013,0,0,0,0,40,42,0,0,0,0,0,traj_sz=100
14.5968,0.929918,0.474285,-1.23013,0.958113,0.391764,-1.04394,0.108666,40,42,0.0871986,0.106969,0.298391,1.79779,0,14.5968
14.6167,0.930803,0.472301,-1.22891,0,0,0,0,40,42,0,0,0,0,0,traj_sz=100
14.6168,0.930803,0.472301,-1.22891,0.958113,0.391764,-1.04394,0.108666,40,42,0.0850322,0.106862,0.293183,1.79798,0,14.6168
14.6367,0.93189,0.470363,-1.2271,0,0,0,0,40,42,0,0,0,0,0,traj_sz=100
14.6368,0.93189,0.470363,-1.2271,0.958113,0.391764,-1.04394,0.108666,40,42,0.0828386,0.106717,0.282811,1.79798,0,14.6368
14.6568,0.931909,0.469207,-1.22498,0,0,0,0,40,42,0,0,0,0,0,traj_sz=100
14.6569,0.931909,0.469207,-1.22498,0.958113,0.391764,-1.04394,0.108666,40,42,0.0817403,0.107716,0.281598,1.79853,0,14.6569
14.6768,0.933561,0.466182,-1.22017,0,0,0,0,40,42,0,0,0,0,0,traj_sz=100
14.6769,0.933561,0.466182,-1.22017,0.958113,0.391764,-1.04394,0.108666,40,42,0.0783238,0.106358,0.258912,1.79857,0,14.6769
14.6966,0.933746,0.464965,-1.21672,0,0,0,0,40,42,0,0,0,0,0,traj_sz=100
14.6967,0.933746,0.464965,-1.21672,0.958113,0.391764,-1.04394,0.108666,40,42,0.077109,0.107273,0.250935,1.79901,0,14.6967
14.7167,0.934535,0.462766,-1.21159,0,0,0,0,40,42,0,0,0,0,0,traj_sz=100
14.7168,0.934535,0.462766,-1.21159,0.958113,0.391764,-1.04394,0.108666,40,42,0.0747584,0.107083,0.234252,1.79941,0,14.7168
14.7368,0.935846,0.460734,-1.20953,0,0,0,0,40,42,0,0,0,0,0,traj_sz=100
14.7369,0.935846,0.460734,-1.20953,0.958113,0.391764,-1.04394,0.108666,40,42,0.072389,0.106835,0.220432,1.79927,0,14.7369
14.7567,0.935816,0.459509,-1.20526,0,0,0,0,40,42,0,0,0,0,0,traj_sz=100
14.7568,0.935816,0.459509,-1.20526,0.958113,0.391764,-1.04394,0.108666,40,42,0.0712397,0.107841,0.212531,1.7999,0,14.7568
14.7767,0.937333,0.456209,-1.19889,0,0,0,0,40,42,0,0,0,0,0,traj_sz=100
14.7769,0.937333,0.456209,-1.19889,0.958113,0.391764,-1.04394,0.108666,40,42,0.0675907,0.106345,0.187662,1.80022,0,14.7769
14.7967,0.93813,0.455208,-1.19931,0,0,0,0,40,42,0,0,0,0,0,traj_sz=100
14.7967,0.93813,0.455208,-1.19931,0.958113,0.391764,-1.04394,0.108666,40,42,0.0663698,0.107224,0.183914,1.80003,0,14.7967
14.8167,0.939054,0.45287,-1.19383,0,0,0,0,40,42,0,0,0,0,0,traj_sz=100
14.8169,0.939054,0.45287,-1.19383,0.958113,0.391764,-1.04394,0.108666,40,42,0.063831,0.106852,0.164914,1.80039,0,14.8169
14.8369,0.939828,0.450617,-1.18879,0,0,0,0,40,42,0,0,0,0,0,traj_sz=100
14.837,0.939828,0.450617,-1.18879,0.958113,0.391764,-1.04394,0.108666,40,42,0.0614271,0.106623,0.149042,1.80084,0,14.837
14.8567,0.940375,0.449653,-1.18841,0,0,0,0,40,42,0,0,0,0,0,traj_sz=100
14.8568,0.940375,0.449653,-1.18841,0.958113,0.391764,-1.04394,0.108666,40,42,0.0603272,0.107626,0.145677,1.80085,0,14.8568
14.8768,0.941662,0.446337,-1.18085,0,0,0,0,40,42,0,0,0,0,0,traj_sz=100
14.8769,0.941662,0.446337,-1.18085,0.958113,0.391764,-1.04394,0.108666,41,42,0.0567299,0.10621,0.346157,1.80139,0,14.8769
14.8967,0.942468,0.445212,-1.18044,0,0,0,0,41,42,0,0,0,0,0,traj_sz=100
14.897,0.942468,0.445212,-1.18044,0.958113,0.391764,-1.04394,0.108666,41,42,0.0553802,0.106984,0.34131,1.80126,0,14.897
14.9167,0.94304,0.442843,-1.17498,0,0,0,0,41,42,0,0,0,0,0,traj_sz=100
14.9168,0.94304,0.442843,-1.17498,0.978159,0.357304,-0.970446,0.111763,41,43,0.0924654,0.106704,0.329709,1.80196,0,14.9168
14.9368,0.94444,0.440776,-1.17344,0,0,0,0,41,43,0,0,0,0,0,traj_sz=100
14.9369,0.94444,0.440776,-1.17344,0.978159,0.357304,-0.970446,0.111763,41,43,0.0900174,0.106375,0.319059,1.80179,0,14.9369
14.9567,0.944997,0.439591,-1.17202,0,0,0,0,41,43,0,0,0,0,0,traj_sz=100
14.9568,0.944997,0.439591,-1.17202,0.978159,0.357304,-0.970446,0.111763,41,43,0.0887065,0.107183,0.314326,1.80191,0,14.9568
14.9767,0.946498,0.436198,-1.16719,0,0,0,0,41,43,0,0,0,0,0,traj_sz=100
14.9768,0.946498,0.436198,-1.16719,0.978159,0.357304,-0.970446,0.111763,41,43,0.0849894,0.1056,0.299283,1.80233,0,14.9768
14.9966,0.947059,0.435077,-1.16548,0,0,0,0,41,43,0,0,0,0,0,traj_sz=100
14.9967,0.947059,0.435077,-1.16548,0.978159,0.357304,-0.970446,0.111763,41,43,0.0837347,0.106464,0.293042,1.80242,0,14.9967
15.0166,0.94771,0.433012,-1.16204,0,0,0,0,41,43,0,0,0,0,0,traj_sz=100
15.0167,0.94771,0.433012,-1.16204,0.978159,0.357304,-0.970446,0.111763,41,43,0.0815728,0.106438,0.285621,1.80291,0,15.0167
15.0366,0.948747,0.430987,-1.15826,0,0,0,0,41,43,0,0,0,0,0,traj_sz=100
15.0367,0.948747,0.430987,-1.15826,0.978159,0.357304,-0.970446,0.111763,41,43,0.0792938,0.106289,0.271534,1.80304,0,15.0367
15.0567,0.949064,0.429968,-1.15477,0,0,0,0,41,43,0,0,0,0,0,traj_sz=100
15.0568,0.949064,0.429968,-1.15477,0.978159,0.357304,-0.970446,0.111763,41,43,0.0782243,0.107437,0.26147,1.80329,0,15.0568
15.0767,0.950521,0.42689,-1.14922,0,0,0,0,41,43,0,0,0,0,0,traj_sz=100
15.0768,0.950521,0.42689,-1.14922,0.978159,0.357304,-0.970446,0.111763,41,43,0.0748027,0.106248,0.242333,1.80361,0,15.0768
15.0967,0.951209,0.425999,-1.14927,0,0,0,0,41,43,0,0,0,0,0,traj_sz=100
15.0969,0.951209,0.425999,-1.14927,0.978159,0.357304,-0.970446,0.111763,41,43,0.073708,0.107356,0.239186,1.80348,0,15.0969
15.1168,0.952217,0.423964,-1.14547,0,0,0,0,41,43,0,0,0,0,0,traj_sz=100
15.1169,0.952217,0.423964,-1.14547,0.978159,0.357304,-0.970446,0.111763,41,43,0.0714247,0.107298,0.225489,1.80366,0,15.1169
15.1367,0.953257,0.421943,-1.14228,0,0,0,0,41,43,0,0,0,0,0,traj_sz=100
15.1369,0.953257,0.421943,-1.14228,0.978159,0.357304,-0.970446,0.111763,41,43,0.069142,0.107233,0.213418,1.8038,0,15.1369
15.1569,0.953416,0.42074,-1.13708,0,0,0,0,41,43,0,0,0,0,0,traj_sz=100
15.1571,0.953416,0.42074,-1.13708,0.978159,0.357304,-0.970446,0.111763,41,43,0.0679607,0.108331,0.200546,1.80429,0,15.1571
15.1768,0.955299,0.41759,-1.1332,0,0,0,0,41,43,0,0,0,0,0,traj_sz=100
15.177,0.955299,0.41759,-1.1332,0.978159,0.357304,-0.970446,0.111763,41,43,0.0642929,0.106863,0.182199,1.8043,0,15.177
15.1968,0.955477,0.416421,-1.12844,0,0,0,0,41,43,0,0,0,0,0,traj_sz=100
15.197,0.955477,0.416421,-1.12844,0.978159,0.357304,-0.970446,0.111763,41,43,0.0631363,0.107953,0.170432,1.80475,0,15.197
15.2169,0.956795,0.414411,-1.12685,0,0,0,0,41,43,0,0,0,0,0,traj_sz=100
15.2171,0.956795,0.414411,-1.12685,0.978159,0.357304,-0.970446,0.111763,41,43,0.0607466,0.107784,0.160335,1.80466,0,15.2171
15.2368,0.957566,0.412354,-1.12109,0,0,0,0,41,43,0,0,0,0,0,traj_sz=100
15.237,0.957566,0.412354,-1.12109,0.978159,0.357304,-0.970446,0.111763,42,43,0.0585283,0.107809,0.3491,1.80507,0,15.237
15.2568,0.95832,0.411325,-1.12061,0,0,0,0,42,43,0,0,0,0,0,traj_sz=100
15.2569,0.95832,0.411325,-1.12061,0.978159,0.357304,-0.970446,0.111763,42,43,0.0572717,0.108743,0.3491,1.80496,0,15.2569
15.2766,0.959597,0.408233,-1.11299,0,0,0,0,42,43,0,0,0,0,0,traj_sz=100
15.2767,0.959597,0.408233,-1.11299,1.00132,0.323471,-0.890435,0.115506,42,44,0.0944748,0.107611,0.3491,1.80548,0,15.2767
15.2967,0.960497,0.407295,-1.1138,0,0,0,0,42,44,0,0,0,0,0,traj_sz=100
15.2968,0.960497,0.407295,-1.1138,1.00132,0.323471,-0.890435,0.115506,42,44,0.0932359,0.108568,0.3491,1.8052,0,15.2968
15.3168,0.961622,0.405232,-1.11145,0,0,0,0,42,44,0,0,0,0,0,traj_sz=100
15.3169,0.961622,0.405232,-1.11145,1.00132,0.323471,-0.890435,0.115506,42,44,0.090886,0.108438,0.3491,1.80532,0,15.3169
15.3368,0.962704,0.40312,-1.10713,0,0,0,0,42,44,0,0,0,0,0,traj_sz=100
15.3369,0.962704,0.40312,-1.10713,1.00132,0.323471,-0.890435,0.115506,42,44,0.0885097,0.108277,0.335795,1.80551,0,15.3369
15.3568,0.963388,0.402064,-1.10658,0,0,0,0,42,44,0,0,0,0,0,traj_sz=100
15.3569,0.963388,0.402064,-1.10658,1.00132,0.323471,-0.890435,0.115506,42,44,0.0872586,0.109224,0.33291,1.80548,0,15.3569
15.3768,0.9651,0.398912,-1.10126,0,0,0,0,42,44,0,0,0,0,0,traj_sz=100
15.377,0.9651,0.398912,-1.10126,1.00132,0.323471,-0.890435,0.115506,42,44,0.0836656,0.107855,0.315349,1.80568,0,15.377
15.3967,0.96569,0.397995,-1.09906,0,0,0,0,42,44,0,0,0,0,0,traj_sz=100
15.3969,0.96569,0.397995,-1.09906,1.00132,0.323471,-0.890435,0.115506,42,44,0.0825766,0.108962,0.30668,1.80566,0,15.3969
15.4168,0.966739,0.395916,-1.09339,0,0,0,0,42,44,0,0,0,0,0,traj_sz=100
15.417,0.966739,0.395916,-1.09339,1.00132,0.323471,-0.890435,0.115506,42,44,0.0802338,0.108889,0.288365,1.80587,0,15.417
15.4368,0.967618,0.393645,-1.08617,0,0,0,0,42,44,0,0,0,0,0,traj_sz=100
15.4369,0.967618,0.393645,-1.08617,1.00132,0.323471,-0.890435,0.115506,42,44,0.0777944,0.108782,0.2681,1.80632,0,15.4369
15.4568,0.968524,0.392782,-1.08613,0,0,0,0,42,44,0,0,0,0,0,traj_sz=100
15.4569,0.968524,0.392782,-1.08613,1.00132,0.323471,-0.890435,0.115506,42,44,0.0766085,0.109886,0.262696,1.80601,0,15.4569
15.4767,0.970003,0.389482,-1.07571,0,0,0,0,42,44,0,0,0,0,0,traj_sz=100
15.4769,0.970003,0.389482,-1.07571,1.00132,0.323471,-0.890435,0.115506,42,44,0.0729638,0.108596,0.230907,1.80651,0,15.4769
15.4968,0.970994,0.38866,-1.07676,0,0,0,0,42,44,0,0,0,0,0,traj_sz=100
15.497,0.970994,0.38866,-1.07676,1.00132,0.323471,-0.890435,0.115506,42,44,0.0717747,0.109696,0.228037,1.80611,0,15.497
15.5168,0.972242,0.386586,-1.07221,0,0,0,0,42,44,0,0,0,0,0,traj_sz=100
15.5169,0.972242,0.386586,-1.07221,1.00132,0.323471,-0.890435,0.115506,42,44,0.0693358,0.109572,0.211125,1.80616,0,15.5169
15.5368,0.973451,0.384532,-1.06748,0,0,0,0,42,44,0,0,0,0,0,traj_sz=100
15.537,0.973451,0.384532,-1.06748,1.00132,0.323471,-0.890435,0.115506,42,44,0.0669309,0.109494,0.193931,1.80623,0,15.537
15.5568,0.973984,0.383448,-1.06329,0,0,0,0,42,44,0,0,0,0,0,traj_sz=100
15.5569,0.973984,0.383448,-1.06329,1.00132,0.323471,-0.890435,0.115506,42,44,0.0657028,0.11059,0.180078,1.80636,0,15.5569
15.5768,0.975844,0.380389,-1.0561,0,0,0,0,42,44,0,0,0,0,0,traj_sz=100
15.577,0.975844,0.380389,-1.0561,1.00132,0.323471,-0.890435,0.115506,42,44,0.0620848,0.109322,0.153153,1.80643,0,15.577
15.5969,0.976457,0.379407,-1.05277,0,0,0,0,42,44,0,0,0,0,0,traj_sz=100
15.5971,0.976457,0.379407,-1.05277,1.00132,0.323471,-0.890435,0.115506,42,44,0.0609085,0.110465,0.140637,1.80644,0,15.5971
15.6168,0.977691,0.3774,-1.04943,0,0,0,0,42,44,0,0,0,0,0,traj_sz=100
15.6169,0.977691,0.3774,-1.04943,1.00132,0.323471,-0.890435,0.115506,43,44,0.0585324,0.110396,0.3491,1.80648,0,15.6169
15.6368,0.978967,0.375311,-1.04416,0,0,0,0,43,44,0,0,0,0,0,traj_sz=100
15.637,0.978967,0.375311,-1.04416,1.00132,0.323471,-0.890435,0.115506,43,44,0.0560512,0.110265,0.3491,1.80653,0,15.637
15.6568,0.97967,0.374259,-1.04236,0,0,0,0,43,44,0,0,0,0,0,traj_sz=100
15.657,0.97967,0.374259,-1.04236,1.02798,0.290531,-0.803099,0.119279,43,45,0.0966646,0.1113,0.3491,1.80651,0,15.657
15.6768,0.981508,0.371069,-1.03553,0,0,0,0,43,45,0,0,0,0,0,traj_sz=100
15.6769,0.981508,0.371069,-1.03553,1.02798,0.290531,-0.803099,0.119279,43,45,0.0929776,0.109913,0.344092,1.80669,0,15.6769
15.6968,0.982307,0.37007,-1.0348,0,0,0,0,43,45,0,0,0,0,0,traj_sz=100
15.697,0.982307,0.37007,-1.0348,1.02798,0.290531,-0.803099,0.119279,43,45,0.0917092,0.110951,0.34003,1.80656,0,15.697
15.7167,0.983642,0.367852,-1.03034,0,0,0,0,43,45,0,0,0,0,0,traj_sz=100
15.7168,0.983642,0.367852,-1.03034,1.02798,0.290531,-0.803099,0.119279,43,45,0.0891137,0.110644,0.326265,1.80664,0,15.7168
15.7367,0.984967,0.365551,-1.02481,0,0,0,0,43,45,0,0,0,0,0,traj_sz=100
15.7368,0.984967,0.365551,-1.02481,1.02798,0.290531,-0.803099,0.119279,43,45,0.0864479,0.110288,0.309453,1.80678,0,15.7368
15.7567,0.985597,0.364668,-1.02284,0,0,0,0,43,45,0,0,0,0,0,traj_sz=100
15.7568,0.985597,0.364668,-1.02284,1.02798,0.290531,-0.803099,0.119279,43,45,0.0853622,0.111501,0.302049,1.80674,0,15.7568
15.7767,0.98738,0.361772,-1.01592,0,0,0,0,43,45,0,0,0,0,0,traj_sz=100
15.7768,0.98738,0.361772,-1.01592,1.02798,0.290531,-0.803099,0.119279,43,45,0.0819417,0.110406,0.27961,1.80682,0,15.7768
15.7966,0.988015,0.360967,-1.0151,0,0,0,0,43,45,0,0,0,0,0,traj_sz=100
15.7968,0.988015,0.360967,-1.0151,1.02798,0.290531,-0.803099,0.119279,43,45,0.0809207,0.111776,0.275591,1.80673,0,15.7968
15.8167,0.989396,0.358956,-1.01137,0,0,0,0,43,45,0,0,0,0,0,traj_sz=100
15.8168,0.989396,0.358956,-1.01137,1.02798,0.290531,-0.803099,0.119279,43,45,0.0784707,0.111731,0.262122,1.80668,0,15.8168
15.8367,0.990762,0.356608,-1.00778,0,0,0,0,43,45,0,0,0,0,0,traj_sz=100
15.8369,0.990762,0.356608,-1.00778,1.02798,0.290531,-0.803099,0.119279,43,45,0.0757425,0.111425,0.252191,1.80683,0,15.8369
15.8567,0.991417,0.355461,-1.00533,0,0,0,0,43,45,0,0,0,0,0,traj_sz=100
15.8568,0.991417,0.355461,-1.00533,1.02798,0.290531,-0.803099,0.119279,43,45,0.0744138,0.112505,0.244968,1.80691,0,15.8568
15.8766,0.99363,0.352134,-0.997915,0,0,0,0,43,45,0,0,0,0,0,traj_sz=100
15.8767,0.99363,0.352134,-0.997915,1.02798,0.290531,-0.803099,0.119279,43,45,0.0703873,0.110891,0.219092,1.8069,0,15.8767
15.8968,0.994415,0.351005,-0.995586,0,0,0,0,43,45,0,0,0,0,0,traj_sz=100
15.8969,0.994415,0.351005,-0.995586,1.02798,0.290531,-0.803099,0.119279,43,45,0.0690026,0.111937,0.210561,1.80687,0,15.8969
15.9167,0.995877,0.348732,-0.990237,0,0,0,0,43,45,0,0,0,0,0,traj_sz=100
15.9168,0.995877,0.348732,-0.990237,1.02798,0.290531,-0.803099,0.119279,43,45,0.0662735,0.111623,0.192465,1.80691,0,15.9168
15.9368,0.997421,0.346449,-0.985599,0,0,0,0,43,45,0,0,0,0,0,traj_sz=100
15.9369,0.997421,0.346449,-0.985599,1.02798,0.290531,-0.803099,0.119279,43,45,0.0634931,0.111282,0.176018,1.80689,0,15.9369
15.9569,0.998198,0.345639,-0.986215,0,0,0,0,43,45,0,0,0,0,0,traj_sz=100
15.957,0.998198,0.345639,-0.986215,1.02798,0.290531,-0.803099,0.119279,44,45,0.0623924,0.112576,0.3491,1.8067,0,15.957
15.9768,1.00063,0.34206,-0.976853,0,0,0,0,44,45,0,0,0,0,0,traj_sz=100
15.9768,1.00063,0.34206,-0.976853,1.02798,0.290531,-0.803099,0.119279,44,45,0.0580076,0.110622,0.3491,1.80667,0,15.9768
15.9968,1.00129,0.34099,-0.975071,0,0,0,0,44,45,0,0,0,0,0,traj_sz=100
15.9969,1.00129,0.34099,-0.975071,1.05837,0.259045,-0.708179,0.122489,44,46,0.0998548,0.111771,0.3491,1.80671,0,15.9969
16.0168,1.00291,0.338756,-0.970521,0,0,0,0,44,46,0,0,0,0,0,traj_sz=100
16.0169,1.00291,0.338756,-0.970521,1.05837,0.259045,-0.708179,0.122489,44,46,0.0971023,0.111413,0.3491,1.80662,0,16.0169
16.0368,1.00435,0.336528,-0.963716,0,0,0,0,44,46,0,0,0,0,0,traj_sz=100
16.0369,1.00435,0.336528,-0.963716,1.05837,0.259045,-0.708179,0.122489,44,46,0.0944532,0.111161,0.3491,1.80668,0,16.0369
16.0568,1.00507,0.335702,-0.961488,0,0,0,0,44,46,0,0,0,0,0,traj_sz=100
16.0569,1.00507,0.335702,-0.961488,1.05837,0.259045,-0.708179,0.122489,44,46,0.0933653,0.112456,0.3491,1.80655,0,16.0569
16.0768,1.00723,0.332754,-0.956063,0,0,0,0,44,46,0,0,0,0,0,traj_sz=100
16.0768,1.00723,0.332754,-0.956063,1.05837,0.259045,-0.708179,0.122489,44,46,0.0897105,0.11119,0.3491,1.80642,0,16.0768
16.0967,1.00802,0.331815,-0.955484,0,0,0,0,44,46,0,0,0,0,0,traj_sz=100
16.0968,1.00802,0.331815,-0.955484,1.05837,0.259045,-0.708179,0.122489,44,46,0.0884842,0.112351,0.3491,1.80629,0,16.0968
16.1166,1.00934,0.329993,-0.949977,0,0,0,0,44,46,0,0,0,0,0,traj_sz=100
16.1167,1.00934,0.329993,-0.949977,1.05837,0.259045,-0.708179,0.122489,44,46,0.0862316,0.112488,0.34181,1.80624,0,16.1167
16.1366,1.01076,0.328113,-0.944593,0,0,0,0,44,46,0,0,0,0,0,traj_sz=100
16.1367,1.01076,0.328113,-0.944593,1.05837,0.259045,-0.708179,0.122489,44,46,0.0838659,0.11252,0.323588,1.80613,0,16.1367
16.1568,1.01161,0.327333,-0.943307,0,0,0,0,44,46,0,0,0,0,0,traj_sz=100
16.1569,1.01161,0.327333,-0.943307,1.05837,0.259045,-0.708179,0.122489,44,46,0.0827343,0.113848,0.316442,1.80587,0,16.1569
16.1768,1.01388,0.32414,-0.933088,0,0,0,0,44,46,0,0,0,0,0,traj_sz=100
16.1771,1.01388,0.32414,-0.933088,1.05837,0.259045,-0.708179,0.122489,44,46,0.0787911,0.112419,0.283331,1.80581,0,16.1771
16.1968,1.01445,0.32336,-0.929114,0,0,0,0,44,46,0,0,0,0,0,traj_sz=100
16.1969,1.01445,0.32336,-0.929114,1.05837,0.259045,-0.708179,0.122489,44,46,0.0778101,0.113902,0.269682,1.80578,0,16.1969
16.2167,1.01618,0.321338,-0.926623,0,0,0,0,44,46,0,0,0,0,0,traj_sz=100
16.2169,1.01618,0.321338,-0.926623,1.05837,0.259045,-0.708179,0.122489,44,46,0.0751488,0.11371,0.259682,1.80551,0,16.2169
16.2368,1.01773,0.319254,-0.921389,0,0,0,0,44,46,0,0,0,0,0,traj_sz=100
16.2369,1.01773,0.319254,-0.921389,1.05837,0.259045,-0.708179,0.122489,44,46,0.0725306,0.113592,0.242405,1.80543,0,16.2369
16.2568,1.0186,0.318398,-0.919372,0,0,0,0,44,46,0,0,0,0,0,traj_sz=100
16.2569,1.0186,0.318398,-0.919372,1.05837,0.259045,-0.708179,0.122489,44,46,0.071309,0.114833,0.233,1.8052,0,16.2569
16.2767,1.02124,0.315343,-0.911511,0,0,0,0,44,46,0,0,0,0,0,traj_sz=100
16.2768,1.02124,0.315343,-0.911511,1.05837,0.259045,-0.708179,0.122489,44,46,0.0672412,0.113254,0.202734,1.80478,0,16.2768
16.2967,1.02208,0.314244,-0.907771,0,0,0,0,44,46,0,0,0,0,0,traj_sz=100
16.2968,1.02208,0.314244,-0.907771,1.05837,0.259045,-0.708179,0.122489,44,46,0.0658424,0.114342,0.18994,1.80473,0,16.2968
16.3167,1.02371,0.312218,-0.898768,0,0,0,0,44,46,0,0,0,0,0,traj_sz=100
16.3168,1.02371,0.312218,-0.898768,1.05837,0.259045,-0.708179,0.122489,45,46,0.0631922,0.114203,0.3491,1.80456,0,16.3168
16.3368,1.02556,0.31012,-0.893807,0,0,0,0,45,46,0,0,0,0,0,traj_sz=100
16.3372,1.02556,0.31012,-0.893807,1.05837,0.259045,-0.708179,0.122489,45,46,0.060367,0.113897,0.3491,1.80426,0,16.3372
16.3568,1.02646,0.309076,-0.890912,0,0,0,0,45,46,0,0,0,0,0,traj_sz=100
16.3569,1.02646,0.309076,-0.890912,1.0925,0.229816,-0.606101,0.124696,45,47,0.103158,0.114976,0.3491,1.80412,0,16.3569
16.3767,1.02905,0.306017,-0.882201,0,0,0,0,45,47,0,0,0,0,0,traj_sz=100
16.3767,1.02905,0.306017,-0.882201,1.0925,0.229816,-0.606101,0.124696,45,47,0.099158,0.113411,0.3491,1.80377,0,16.3767
16.3968,1.02969,0.305081,-0.877286,0,0,0,0,45,47,0,0,0,0,0,traj_sz=100
16.3969,1.02969,0.305081,-0.877286,1.0925,0.229816,-0.606101,0.124696,45,47,0.0980315,0.114765,0.3491,1.80379,0,16.3969
16.4167,1.0315,0.303227,-0.874565,0,0,0,0,45,47,0,0,0,0,0,traj_sz=100
16.4168,1.0315,0.303227,-0.874565,1.0925,0.229816,-0.606101,0.124696,45,47,0.0954447,0.114623,0.3491,1.80339,0,16.4168
16.4367,1.03304,0.301407,-0.871343,0,0,0,0,45,47,0,0,0,0,0,traj_sz=100
16.4368,1.03304,0.301407,-0.871343,1.0925,0.229816,-0.606101,0.124696,45,47,0.09306,0.114709,0.3491,1.8032,0,16.4368
16.4567,1.03389,0.300621,-0.869834,0,0,0,0,45,47,0,0,0,0,0,traj_sz=100
16.4568,1.03389,0.300621,-0.869834,1.0925,0.229816,-0.606101,0.124696,45,47,0.0919134,0.116018,0.3491,1.80297,0,16.4568
16.4767,1.0363,0.297942,-0.862734,0,0,0,0,45,47,0,0,0,0,0,traj_sz=100
16.4768,1.0363,0.297942,-0.862734,1.0925,0.229816,-0.606101,0.124696,45,47,0.0883008,0.114867,0.344693,1.80257,0,16.4768
16.4967,1.03709,0.296953,-0.860336,0,0,0,0,45,47,0,0,0,0,0,traj_sz=100
16.4969,1.03709,0.296953,-0.860336,1.0925,0.229816,-0.606101,0.124696,45,47,0.0870311,0.116069,0.337816,1.8025,0,16.4969
16.5167,1.03862,0.295114,-0.853004,0,0,0,0,45,47,0,0,0,0,0,traj_sz=100
16.517,1.03862,0.295114,-0.853004,1.0925,0.229816,-0.606101,0.124696,45,47,0.0846276,0.116161,0.314119,1.80234,0,16.517
16.5367,1.0405,0.293434,-0.850029,0,0,0,0,45,47,0,0,0,0,0,traj_sz=100
16.5368,1.0405,0.293434,-0.850029,1.0925,0.229816,-0.606101,0.124696,45,47,0.0821121,0.116136,0.300528,1.80179,0,16.5368
16.5567,1.04126,0.292447,-0.845338,0,0,0,0,45,47,0,0,0,0,0,traj_sz=100
16.5568,1.04126,0.292447,-0.845338,1.0925,0.229816,-0.606101,0.124696,45,47,0.0808558,0.117405,0.28575,1.80176,0,16.5568
16.5768,1.04407,0.289633,-0.838983,0,0,0,0,45,47,0,0,0,0,0,traj_sz=100
16.5769,1.04407,0.289633,-0.838983,1.0925,0.229816,-0.606101,0.124696,45,47,0.0768641,0.115947,0.261868,1.80114,0,16.5769
16.5968,1.04505,0.288726,-0.837246,0,0,0,0,45,47,0,0,0,0,0,traj_sz=100
16.5969,1.04505,0.288726,-0.837246,1.0925,0.229816,-0.606101,0.124696,45,47,0.0755245,0.117109,0.254461,1.80088,0,16.5969
16.6167,1.04694,0.286664,-0.829751,0,0,0,0,45,47,0,0,0,0,0,traj_sz=100
16.6168,1.04694,0.286664,-0.829751,1.0925,0.229816,-0.606101,0.124696,45,47,0.072699,0.116814,0.228633,1.80058,0,16.6168
16.6367,1.04901,0.284609,-0.824603,0,0,0,0,45,47,0,0,0,0,0,traj_sz=100
16.6368,1.04901,0.284609,-0.824603,1.0925,0.229816,-0.606101,0.124696,45,47,0.0697556,0.116394,0.209112,1.80012,0,16.6368
16.6567,1.04979,0.28362,-0.819585,0,0,0,0,45,47,0,0,0,0,0,traj_sz=100
16.6569,1.04979,0.28362,-0.819585,1.0925,0.229816,-0.606101,0.124696,45,47,0.0684731,0.117657,0.192922,1.80008,0,16.6569
16.6767,1.0528,0.280606,-0.810851,0,0,0,0,45,47,0,0,0,0,0,traj_sz=100
16.6768,1.0528,0.280606,-0.810851,1.0925,0.229816,-0.606101,0.124696,46,47,0.0641645,0.115892,0.3491,1.79944,0,16.6768
16.6967,1.05394,0.279658,-0.808842,0,0,0,0,46,47,0,0,0,0,0,traj_sz=100
16.6969,1.05394,0.279658,-0.808842,1.0925,0.229816,-0.606101,0.124696,46,47,0.0626796,0.116922,0.3491,1.79909,0,16.6969
16.7166,1.05577,0.277596,-0.800839,0,0,0,0,46,47,0,0,0,0,0,traj_sz=100
16.7167,1.05577,0.277596,-0.800839,1.1301,0.203755,-0.497972,0.12563,46,48,0.104756,0.116661,0.3491,1.79885,0,16.7167
16.7367,1.05795,0.275764,-0.797168,0,0,0,0,46,48,0,0,0,0,0,traj_sz=100
16.7367,1.05795,0.275764,-0.797168,1.1301,0.203755,-0.497972,0.12563,46,48,0.10193,0.116325,0.3491,1.79819,0,16.7367
16.7568,1.05874,0.274705,-0.791365,0,0,0,0,46,48,0,0,0,0,0,traj_sz=100
16.757,1.05874,0.274705,-0.791365,1.1301,0.203755,-0.497972,0.12563,46,48,0.100627,0.117548,0.3491,1.79819,0,16.757
16.7767,1.06154,0.272024,-0.782434,0,0,0,0,46,48,0,0,0,0,0,traj_sz=100
16.7768,1.06154,0.272024,-0.782434,1.1301,0.203755,-0.497972,0.12563,46,48,0.0967537,0.116151,0.3491,1.79756,0,16.7768
16.7967,1.06231,0.271044,-0.779492,0,0,0,0,46,48,0,0,0,0,0,traj_sz=100
16.7968,1.06231,0.271044,-0.779492,1.1301,0.203755,-0.497972,0.12563,46,48,0.095517,0.117426,0.3491,1.79753,0,16.7968
16.8167,1.06404,0.269451,-0.776877,0,0,0,0,46,48,0,0,0,0,0,traj_sz=100
16.8169,1.06404,0.269451,-0.776877,1.1301,0.203755,-0.497972,0.12563,46,48,0.0931621,0.117577,0.3491,1.7971,0,16.8169
16.8368,1.06564,0.268147,-0.771275,0,0,0,0,46,48,0,0,0,0,0,traj_sz=100
16.8369,1.06564,0.268147,-0.771275,1.1301,0.203755,-0.497972,0.12563,46,48,0.0911059,0.118015,0.3491,1.79661,0,16.8369
16.8567,1.06659,0.267278,-0.770088,0,0,0,0,46,48,0,0,0,0,0,traj_sz=100
16.8569,1.06659,0.267278,-0.770088,1.1301,0.203755,-0.497972,0.12563,46,48,0.0898162,0.11921,0.3491,1.79637,0,16.8569
16.8768,1.06921,0.264847,-0.763731,0,0,0,0,46,48,0,0,0,0,0,traj_sz=100
16.8768,1.06921,0.264847,-0.763731,1.1301,0.203755,-0.497972,0.12563,46,48,0.0862289,0.118131,0.338985,1.79575,0,16.8768
16.8967,1.06995,0.26402,-0.760087,0,0,0,0,46,48,0,0,0,0,0,traj_sz=100
16.8968,1.06995,0.26402,-0.760087,1.1301,0.203755,-0.497972,0.12563,46,48,0.08512,0.119541,0.328141,1.79566,0,16.8968
16.9168,1.07168,0.262467,-0.753023,0,0,0,0,46,48,0,0,0,0,0,traj_sz=100
16.9169,1.07168,0.262467,-0.753023,1.1301,0.203755,-0.497972,0.12563,46,48,0.0827735,0.119733,0.303459,1.79522,0,16.9169
16.9366,1.07374,0.26063,-0.74753,0,0,0,0,46,48,0,0,0,0,0,traj_sz=100
16.9367,1.07374,0.26063,-0.74753,1.1301,0.203755,-0.497972,0.12563,46,48,0.0799974,0.119457,0.284532,1.7947,0,16.9367
16.9568,1.0747,0.259833,-0.745554,0,0,0,0,46,48,0,0,0,0,0,traj_sz=100
16.9569,1.0747,0.259833,-0.745554,1.1301,0.203755,-0.497972,0.12563,46,48,0.0787442,0.120736,0.277126,1.79442,0,16.9569
16.9767,1.07775,0.257281,-0.736796,0,0,0,0,46,48,0,0,0,0,0,traj_sz=100
16.9769,1.07775,0.257281,-0.736796,1.1301,0.203755,-0.497972,0.12563,46,48,0.0747341,0.119262,0.244884,1.79355,0,16.9769
16.9966,1.07867,0.256335,-0.73319,0,0,0,0,46,48,0,0,0,0,0,traj_sz=100
16.9967,1.07867,0.256335,-0.73319,1.1301,0.203755,-0.497972,0.12563,46,48,0.073404,0.120447,0.233743,1.7934,0,16.9967
17.0166,1.08088,0.254616,-0.728284,0,0,0,0,46,48,0,0,0,0,0,traj_sz=100
17.0169,1.08088,0.254616,-0.728284,1.1301,0.203755,-0.497972,0.12563,46,48,0.0705872,0.120167,0.214118,1.7927,0,17.0169
17.0367,1.08312,0.252744,-0.722838,0,0,0,0,46,48,0,0,0,0,0,traj_sz=100
17.0367,1.08312,0.252744,-0.722838,1.1301,0.203755,-0.497972,0.12563,47,48,0.0676395,0.119745,0.3491,1.79207,0,17.0367
17.0567,1.08437,0.251891,-0.721075,0,0,0,0,47,48,0,0,0,0,0,traj_sz=100
17.0568,1.08437,0.251891,-0.721075,1.1301,0.203755,-0.497972,0.12563,47,48,0.0661259,0.120743,0.3491,1.7916,0,17.0568
17.0767,1.08764,0.249122,-0.710346,0,0,0,0,47,48,0,0,0,0,0,traj_sz=100
17.0769,1.08764,0.249122,-0.710346,1.17059,0.181741,-0.385489,0.12563,47,49,0.106829,0.118978,0.3491,1.79073,0,17.0769
17.0966,1.08869,0.248206,-0.704728,0,0,0,0,47,49,0,0,0,0,0,traj_sz=100
17.0967,1.08869,0.248206,-0.704728,1.17059,0.181741,-0.385489,0.12563,47,49,0.105448,0.120075,0.3491,1.79046,0,17.0967
17.1168,1.09062,0.246572,-0.695995,0,0,0,0,47,49,0,0,0,0,0,traj_sz=100
17.1169,1.09062,0.246572,-0.695995,1.17059,0.181741,-0.385489,0.12563,47,49,0.102936,0.120069,0.3491,1.78994,0,17.1169
17.1367,1.09247,0.244897,-0.690607,0,0,0,0,47,49,0,0,0,0,0,traj_sz=100
17.1368,1.09247,0.244897,-0.690607,1.17059,0.181741,-0.385489,0.12563,47,49,0.100453,0.120086,0.3491,1.78953,0,17.1368
17.1568,1.09364,0.244146,-0.690266,0,0,0,0,47,49,0,0,0,0,0,traj_sz=100
17.1569,1.09364,0.244146,-0.690266,1.17059,0.181741,-0.385489,0.12563,47,49,0.0990736,0.121213,0.3491,1.78907,0,17.1569
17.1768,1.09668,0.241458,-0.682373,0,0,0,0,47,49,0,0,0,0,0,traj_sz=100
17.1769,1.09668,0.241458,-0.682373,1.17059,0.181741,-0.385489,0.12563,47,49,0.0950171,0.119661,0.3491,1.78834,0,17.1769
17.1968,1.09797,0.240774,-0.683083,0,0,0,0,47,49,0,0,0,0,0,traj_sz=100
17.1968,1.09797,0.240774,-0.683083,1.17059,0.181741,-0.385489,0.12563,47,49,0.0935881,0.120713,0.3491,1.78776,0,17.1968
17.2168,1.0999,0.239104,-0.674087,0,0,0,0,47,49,0,0,0,0,0,traj_sz=100
17.2169,1.0999,0.239104,-0.674087,1.17059,0.181741,-0.385489,0.12563,47,49,0.0910373,0.120679,0.3491,1.78728,0,17.2169
17.2368,1.1021,0.23732,-0.665566,0,0,0,0,47,49,0,0,0,0,0,traj_sz=100
17.237,1.1021,0.23732,-0.665566,1.17059,0.181741,-0.385489,0.12563,47,49,0.0881884,0.120343,0.3491,1.78666,0,17.237
17.2568,1.10308,0.236276,-0.661725,0,0,0,0,47,49,0,0,0,0,0,traj_sz=100
17.2569,1.10308,0.236276,-0.661725,1.17059,0.181741,-0.385489,0.12563,47,49,0.0867692,0.121425,0.3491,1.78655,0,17.2569
17.2766,1.1065,0.233873,-0.655512,0,0,0,0,47,49,0,0,0,0,0,traj_sz=100
17.2767,1.1065,0.233873,-0.655512,1.17059,0.181741,-0.385489,0.12563,47,49,0.082582,0.119702,0.331803,1.78538,0,17.2767
17.2967,1.10783,0.232927,-0.654717,0,0,0,0,47,49,0,0,0,0,0,traj_sz=100
17.297,1.10783,0.232927,-0.654717,1.17059,0.181741,-0.385489,0.12563,47,49,0.0809496,0.120567,0.329259,1.78493,0,17.297
17.3167,1.11027,0.231117,-0.649219,0,0,0,0,47,49,0,0,0,0,0,traj_sz=100
17.3168,1.11027,0.231117,-0.649219,1.17059,0.181741,-0.385489,0.12563,47,49,0.0779019,0.120001,0.310967,1.78417,0,17.3168
17.3368,1.1127,0.22948,-0.642189,0,0,0,0,47,49,0,0,0,0,0,traj_sz=100
17.337,1.1127,0.22948,-0.642189,1.17059,0.181741,-0.385489,0.12563,47,49,0.074952,0.119571,0.285069,1.7833,0,17.337
17.3567,1.11352,0.228506,-0.635463,0,0,0,0,47,49,0,0,0,0,0,traj_sz=100
17.3568,1.11352,0.228506,-0.635463,1.17059,0.181741,-0.385489,0.12563,47,49,0.0736889,0.12082,0.265854,1.78328,0,17.3568
17.3767,1.1169,0.226268,-0.628396,0,0,0,0,47,49,0,0,0,0,0,traj_sz=100
17.3768,1.1169,0.226268,-0.628396,1.17059,0.181741,-0.385489,0.12563,47,49,0.0696085,0.119243,0.239095,1.78206,0,17.3768
17.3967,1.11811,0.225443,-0.627244,0,0,0,0,47,49,0,0,0,0,0,traj_sz=100
17.3969,1.11811,0.225443,-0.627244,1.17059,0.181741,-0.385489,0.12563,48,49,0.0681374,0.12026,0.3491,1.78164,0,17.3969
17.4168,1.12019,0.224024,-0.618512,0,0,0,0,48,49,0,0,0,0,0,traj_sz=100
17.4169,1.12019,0.224024,-0.618512,1.17059,0.181741,-0.385489,0.12563,48,49,0.0655823,0.120229,0.3491,1.78093,0,17.4169
17.4367,1.12241,0.222667,-0.613719,0,0,0,0,48,49,0,0,0,0,0,traj_sz=100
17.4369,1.12241,0.222667,-0.613719,1.17059,0.181741,-0.385489,0.12563,48,49,0.0629603,0.120101,0.3491,1.78007,0,17.4369
17.4569,1.12362,0.221678,-0.612734,0,0,0,0,48,49,0,0,0,0,0,traj_sz=100
17.457,1.12362,0.221678,-0.612734,1.2133,0.16441,-0.270356,0.12563,48,50,0.106298,0.121044,0.3491,1.77975,0,17.457
17.4767,1.12733,0.219438,-0.605349,0,0,0,0,48,50,0,0,0,0,0,traj_sz=100
17.4768,1.12733,0.219438,-0.605349,1.2133,0.16441,-0.270356,0.12563,48,50,0.102003,0.11916,0.3491,1.77831,0,17.4768
17.4969,1.12841,0.218624,-0.599999,0,0,0,0,48,50,0,0,0,0,0,traj_sz=100
17.497,1.12841,0.218624,-0.599999,1.2133,0.16441,-0.270356,0.12563,48,50,0.100675,0.120312,0.3491,1.778,0,17.497
17.5168,1.13071,0.217145,-0.591187,0,0,0,0,48,50,0,0,0,0,0,traj_sz=100
17.5169,1.13071,0.217145,-0.591187,1.2133,0.16441,-0.270356,0.12563,48,50,0.0979619,0.120042,0.3491,1.77716,0,17.5169
17.5367,1.13288,0.215553,-0.585693,0,0,0,0,48,50,0,0,0,0,0,traj_sz=100
17.5369,1.13288,0.215553,-0.585693,1.2133,0.16441,-0.270356,0.12563,48,50,0.0952862,0.119843,0.3491,1.77651,0,17.5369
17.557,1.13401,0.215012,-0.583946,0,0,0,0,48,50,0,0,0,0,0,traj_sz=100
17.5573,1.13401,0.215012,-0.583946,1.2133,0.16441,-0.270356,0.12563,48,50,0.0940494,0.12109,0.3491,1.77599,0,17.5573
17.5768,1.13732,0.212935,-0.57661,0,0,0,0,48,50,0,0,0,0,0,traj_sz=100
17.577,1.13732,0.212935,-0.57661,1.2133,0.16441,-0.270356,0.12563,48,50,0.0901511,0.119627,0.3491,1.77477,0,17.577
17.5967,1.1385,0.21232,-0.574152,0,0,0,0,48,50,0,0,0,0,0,traj_sz=100
17.5968,1.1385,0.21232,-0.574152,1.2133,0.16441,-0.270356,0.12563,48,50,0.0888302,0.120751,0.3491,1.77426,0,17.5968
17.6167,1.14067,0.211278,-0.568957,0,0,0,0,48,50,0,0,0,0,0,traj_sz=100
17.6169,1.14067,0.211278,-0.568957,1.2133,0.16441,-0.270356,0.12563,48,50,0.0864385,0.12081,0.3491,1.77326,0,17.6169
17.6368,1.14285,0.209617,-0.562208,0,0,0,0,48,50,0,0,0,0,0,traj_sz=100
17.6369,1.14285,0.209617,-0.562208,1.2133,0.16441,-0.270356,0.12563,48,50,0.0837008,0.120543,0.3491,1.77266,0,17.6369
17.6568,1.14418,0.209002,-0.561018,0,0,0,0,48,50,0,0,0,0,0,traj_sz=100
17.6571,1.14418,0.209002,-0.561018,1.2133,0.16441,-0.270356,0.12563,48,50,0.0822499,0.121537,0.3491,1.77204,0,17.6571
17.6768,1.14767,0.206898,-0.548938,0,0,0,0,48,50,0,0,0,0,0,traj_sz=100
17.6769,1.14767,0.206898,-0.548938,1.2133,0.16441,-0.270356,0.12563,48,50,0.0781554,0.119903,0.3491,1.77073,0,17.6769
17.6967,1.14871,0.20639,-0.545547,0,0,0,0,48,50,0,0,0,0,0,traj_sz=100
17.6968,1.14871,0.20639,-0.545547,1.2133,0.16441,-0.270356,0.12563,48,50,0.0769975,0.12118,0.33778,1.77026,0,17.6968
17.7167,1.15109,0.205192,-0.539731,0,0,0,0,48,50,0,0,0,0,0,traj_sz=100
17.7168,1.15109,0.205192,-0.539731,1.2133,0.16441,-0.270356,0.12563,48,50,0.0743284,0.120961,0.315593,1.76922,0,17.7168
17.7367,1.15366,0.204074,-0.536354,0,0,0,0,48,50,0,0,0,0,0,traj_sz=100
17.7368,1.15366,0.204074,-0.536354,1.2133,0.16441,-0.270356,0.12563,48,50,0.0715321,0.1206,0.299726,1.76799,0,17.7368
17.7568,1.15472,0.203115,-0.529628,0,0,0,0,48,50,0,0,0,0,0,traj_sz=100
17.757,1.15472,0.203115,-0.529628,1.2133,0.16441,-0.270356,0.12563,48,50,0.0701064,0.121685,0.280544,1.7678,0,17.757
17.7768,1.15814,0.201338,-0.518483,0,0,0,0,48,50,0,0,0,0,0,traj_sz=100
17.7769,1.15814,0.201338,-0.518483,1.2133,0.16441,-0.270356,0.12563,49,50,0.0662121,0.120276,0.3491,1.76636,0,17.7769
17.7967,1.15951,0.200638,-0.518452,0,0,0,0,49,50,0,0,0,0,0,traj_sz=100
17.7967,1.15951,0.200638,-0.518452,1.2133,0.16441,-0.270356,0.12563,49,50,0.064672,0.121153,0.3491,1.76577,0,17.7967
17.8167,1.16169,0.199427,-0.510462,0,0,0,0,49,50,0,0,0,0,0,traj_sz=100
17.8168,1.16169,0.199427,-0.510462,1.25772,0.152101,-0.153599,0.12563,49,51,0.10691,0.121112,0.3491,1.7649,0,17.8168
17.8367,1.16425,0.198285,-0.506711,0,0,0,0,49,51,0,0,0,0,0,traj_sz=100
17.8368,1.16425,0.198285,-0.506711,1.25772,0.152101,-0.153599,0.12563,49,51,0.104134,0.120748,0.3491,1.76371,0,17.8368
17.8568,1.16552,0.197475,-0.503883,0,0,0,0,49,51,0,0,0,0,0,traj_sz=100
17.8569,1.16552,0.197475,-0.503883,1.25772,0.152101,-0.153599,0.12563,49,51,0.102647,0.121706,0.3491,1.76328,0,17.8569
17.8767,1.16899,0.195696,-0.492409,0,0,0,0,49,51,0,0,0,0,0,traj_sz=100
17.8769,1.16899,0.195696,-0.492409,1.25772,0.152101,-0.153599,0.12563,49,51,0.0987984,0.12024,0.3491,1.76182,0,17.8769
17.8968,1.17043,0.195059,-0.491364,0,0,0,0,49,51,0,0,0,0,0,traj_sz=100
17.8969,1.17043,0.195059,-0.491364,1.25772,0.152101,-0.153599,0.12563,49,51,0.0972321,0.121108,0.3491,1.76115,0,17.8969
17.9167,1.17301,0.193795,-0.486851,0,0,0,0,49,51,0,0,0,0,0,traj_sz=100
17.9168,1.17301,0.193795,-0.486851,1.25772,0.152101,-0.153599,0.12563,49,51,0.0943738,0.120659,0.3491,1.76003,0,17.9168
17.9367,1.17558,0.192434,-0.477705,0,0,0,0,49,51,0,0,0,0,0,traj_sz=100
17.9368,1.17558,0.192434,-0.477705,1.25772,0.152101,-0.153599,0.12563,49,51,0.091486,0.12019,0.3491,1.75899,0,17.9368
17.9568,1.17679,0.191842,-0.475463,0,0,0,0,49,51,0,0,0,0,0,traj_sz=100
17.9569,1.17679,0.191842,-0.475463,1.25772,0.152101,-0.153599,0.12563,49,51,0.0901421,0.121292,0.3491,1.75847,0,17.9569
17.9767,1.18089,0.190357,-0.469024,0,0,0,0,49,51,0,0,0,0,0,traj_sz=100
17.9768,1.18089,0.190357,-0.469024,1.25772,0.152101,-0.153599,0.12563,49,51,0.0858232,0.119344,0.3491,1.75636,0,17.9768
17.9968,1.18225,0.189228,-0.46539,0,0,0,0,49,51,0,0,0,0,0,traj_sz=100
17.9969,1.18225,0.189228,-0.46539,1.25772,0.152101,-0.153599,0.12563,49,51,0.0841087,0.120118,0.3491,1.75609,0,17.9969
18.0168,1.18468,0.187975,-0.45746,0,0,0,0,49,51,0,0,0,0,0,traj_sz=100
18.0169,1.18468,0.187975,-0.45746,1.25772,0.152101,-0.153599,0.12563,49,51,0.0813755,0.119835,0.3491,1.7551,0,18.0169
18.0368,1.18716,0.186916,-0.45104,0,0,0,0,49,51,0,0,0,0,0,traj_sz=100
18.037,1.18716,0.186916,-0.45104,1.25772,0.152101,-0.153599,0.12563,49,51,0.0786757,0.11959,0.3491,1.75394,0,18.037
18.0568,1.18836,0.186265,-0.44816,0,0,0,0,49,51,0,0,0,0,0,traj_sz=100
18.0569,1.18836,0.186265,-0.44816,1.25772,0.152101,-0.153599,0.12563,49,51,0.0773123,0.120681,0.3491,1.75347,0,18.0569
18.0768,1.19208,0.184766,-0.439414,0,0,0,0,49,51,0,0,0,0,0,traj_sz=100
18.0769,1.19208,0.184766,-0.439414,1.25772,0.152101,-0.153599,0.12563,49,51,0.0733047,0.119126,0.3491,1.7517,0,18.0769
18.0968,1.19328,0.184058,-0.435584,0,0,0,0,49,51,0,0,0,0,0,traj_sz=100
18.097,1.19328,0.184058,-0.435584,1.25772,0.152101,-0.153599,0.12563,49,51,0.0719106,0.120202,0.3491,1.75127,0,18.097
18.1168,1.1956,0.183068,-0.429816,0,0,0,0,49,51,0,0,0,0,0,traj_sz=100
18.1168,1.1956,0.183068,-0.429816,1.25772,0.152101,-0.153599,0.12563,49,51,0.0693781,0.120116,0.343334,1.7502,0,18.1168
18.1368,1.19806,0.182248,-0.423943,0,0,0,0,49,51,0,0,0,0,0,traj_sz=100
18.1369,1.19806,0.182248,-0.423943,1.25772,0.152101,-0.153599,0.12563,50,51,0.0667807,0.119966,0.3491,1.74891,0,18.1369
18.1568,1.19908,0.181492,-0.420112,0,0,0,0,50,51,0,0,0,0,0,traj_sz=100
18.1568,1.19908,0.181492,-0.420112,1.25772,0.152101,-0.153599,0.12563,50,51,0.0655298,0.121199,0.3491,1.74866,0,18.1568
18.1769,1.20299,0.17997,-0.413115,0,0,0,0,50,51,0,0,0,0,0,traj_sz=100
18.1769,1.20299,0.17997,-0.413115,1.30326,0.145049,-0.0362771,0.12563,50,52,0.10585,0.11946,0.3491,1.74677,0,18.1769
18.1967,1.20426,0.179405,-0.409247,0,0,0,0,50,52,0,0,0,0,0,traj_sz=100
18.1968,1.20426,0.179405,-0.409247,1.30326,0.145049,-0.0362771,0.12563,50,52,0.104492,0.120508,0.3491,1.7462,0,18.1968
18.2167,1.20662,0.178509,-0.40248,0,0,0,0,50,52,0,0,0,0,0,traj_sz=100
18.2168,1.20662,0.178509,-0.40248,1.30326,0.145049,-0.0362771,0.12563,50,52,0.102026,0.120432,0.3491,1.74506,0,18.2168
18.2367,1.2091,0.177436,-0.396083,0,0,0,0,50,52,0,0,0,0,0,traj_sz=100
18.2369,1.2091,0.177436,-0.396083,1.30326,0.145049,-0.0362771,0.12563,50,52,0.0993681,0.12019,0.3491,1.74394,0,18.2369
18.2567,1.21048,0.177355,-0.396317,0,0,0,0,50,52,0,0,0,0,0,traj_sz=100
18.2569,1.21048,0.177355,-0.396317,1.30326,0.145049,-0.0362771,0.12563,50,52,0.0980581,0.121287,0.3491,1.74297,0,18.2569
18.2767,1.21396,0.175688,-0.383636,0,0,0,0,50,52,0,0,0,0,0,traj_sz=100
18.2769,1.21396,0.175688,-0.383636,1.30326,0.145049,-0.0362771,0.12563,50,52,0.0942808,0.119913,0.3491,1.74153,0,18.2769
18.2968,1.21523,0.175117,-0.381388,0,0,0,0,50,52,0,0,0,0,0,traj_sz=100
18.2969,1.21523,0.175117,-0.381388,1.30326,0.145049,-0.0362771,0.12563,50,52,0.0928942,0.120972,0.3491,1.74097,0,18.2969
18.3168,1.2179,0.174305,-0.375715,0,0,0,0,50,52,0,0,0,0,0,traj_sz=100
18.3169,1.2179,0.174305,-0.375715,1.30326,0.145049,-0.0362771,0.12563,50,52,0.0901391,0.120611,0.3491,1.73955,0,18.3169
18.3369,1.22068,0.173186,-0.369356,0,0,0,0,50,52,0,0,0,0,0,traj_sz=100
18.3369,1.22068,0.173186,-0.369356,1.30326,0.145049,-0.0362771,0.12563,50,52,0.0871667,0.120073,0.3491,1.73826,0,18.3369
18.3567,1.22185,0.172677,-0.364793,0,0,0,0,50,52,0,0,0,0,0,traj_sz=100
18.3569,1.22185,0.172677,-0.364793,1.30326,0.145049,-0.0362771,0.12563,50,52,0.0859118,0.12124,0.3491,1.73775,0,18.3569
18.3767,1.22559,0.171743,-0.357251,0,0,0,0,50,52,0,0,0,0,0,traj_sz=100
18.3768,1.22559,0.171743,-0.357251,1.30326,0.145049,-0.0362771,0.12563,50,52,0.0820964,0.119826,0.3491,1.73563,0,18.3768
18.3967,1.22703,0.171056,-0.352653,0,0,0,0,50,52,0,0,0,0,0,traj_sz=100
18.3968,1.22703,0.171056,-0.352653,1.30326,0.145049,-0.0362771,0.12563,50,52,0.0805173,0.120709,0.3491,1.73504,0,18.3968
18.4167,1.22978,0.170319,-0.348761,0,0,0,0,50,52,0,0,0,0,0,traj_sz=100
18.4169,1.22978,0.170319,-0.348761,1.30326,0.145049,-0.0362771,0.12563,50,52,0.0776962,0.120324,0.3491,1.73353,0,18.4169
18.4368,1.23214,0.169307,-0.340505,0,0,0,0,50,52,0,0,0,0,0,traj_sz=100
18.4369,1.23214,0.169307,-0.340505,1.30326,0.145049,-0.0362771,0.12563,50,52,0.0751342,0.120238,0.3491,1.73248,0,18.4369
18.4567,1.23339,0.16923,-0.338687,0,0,0,0,50,52,0,0,0,0,0,traj_sz=100
18.4568,1.23339,0.16923,-0.338687,1.30326,0.145049,-0.0362771,0.12563,50,52,0.0739355,0.121446,0.3491,1.73162,0,18.4568
18.4767,1.23708,0.167717,-0.326267,0,0,0,0,50,52,0,0,0,0,0,traj_sz=100
18.4768,1.23708,0.167717,-0.326267,1.30326,0.145049,-0.0362771,0.12563,50,52,0.0699536,0.11995,0.3491,1.72996,0,18.4768
18.4968,1.23841,0.1677,-0.326056,0,0,0,0,50,52,0,0,0,0,0,traj_sz=100
18.4969,1.23841,0.1677,-0.326056,1.30326,0.145049,-0.0362771,0.12563,51,52,0.0686888,0.121111,0.3491,1.729,0,18.4969
18.5168,1.24111,0.166607,-0.318259,0,0,0,0,51,52,0,0,0,0,0,traj_sz=100
18.5169,1.24111,0.166607,-0.318259,1.30326,0.145049,-0.0362771,0.12563,51,52,0.0657792,0.120696,0.3491,1.72778,0,18.5169
18.5368,1.24416,0.165902,-0.313851,0,0,0,0,51,52,0,0,0,0,0,traj_sz=100
18.5369,1.24416,0.165902,-0.313851,1.34932,0.143378,0.0807032,0.12563,51,53,0.106975,0.120009,0.3491,1.72604,0,18.5369
18.5568,1.24566,0.165593,-0.313123,0,0,0,0,51,53,0,0,0,0,0,traj_sz=100
18.5569,1.24566,0.165593,-0.313123,1.34932,0.143378,0.0807032,0.12563,51,53,0.105464,0.120931,0.3491,1.72516,0,18.5569
18.5767,1.24957,0.164185,-0.298049,0,0,0,0,51,53,0,0,0,0,0,traj_sz=100
18.5769,1.24957,0.164185,-0.298049,1.34932,0.143378,0.0807032,0.12563,51,53,0.101461,0.119257,0.3491,1.72329,0,18.5769
18.5968,1.25103,0.163597,-0.29433,0,0,0,0,51,53,0,0,0,0,0,traj_sz=100
18.5969,1.25103,0.163597,-0.29433,1.34932,0.143378,0.0807032,0.12563,51,53,0.0999264,0.120164,0.3491,1.72263,0,18.5969
18.6168,1.25383,0.162994,-0.289417,0,0,0,0,51,53,0,0,0,0,0,traj_sz=100
18.6169,1.25383,0.162994,-0.289417,1.34932,0.143378,0.0807032,0.12563,51,53,0.0971167,0.119747,0.3491,1.72102,0,18.6169
18.6368,1.25647,0.162215,-0.28266,0,0,0,0,51,53,0,0,0,0,0,traj_sz=100
18.6369,1.25647,0.162215,-0.28266,1.34932,0.143378,0.0807032,0.12563,51,53,0.0944229,0.119456,0.3491,1.71965,0,18.6369
18.6568,1.25786,0.162122,-0.280763,0,0,0,0,51,53,0,0,0,0,0,traj_sz=100
18.6569,1.25786,0.162122,-0.280763,1.34932,0.143378,0.0807032,0.12563,51,53,0.0930746,0.12052,0.3491,1.71871,0,18.6569
18.6767,1.26155,0.160675,-0.268968,0,0,0,0,51,53,0,0,0,0,0,traj_sz=100
18.6768,1.26155,0.160675,-0.268968,1.34932,0.143378,0.0807032,0.12563,51,53,0.0892111,0.119066,0.3491,1.71705,0,18.6768
18.6967,1.26282,0.16061,-0.268241,0,0,0,0,51,53,0,0,0,0,0,traj_sz=100
18.6968,1.26282,0.16061,-0.268241,1.34932,0.143378,0.0807032,0.12563,51,53,0.0879772,0.120248,0.3491,1.71618,0,18.6968
18.7167,1.26532,0.160034,-0.263693,0,0,0,0,51,53,0,0,0,0,0,traj_sz=100
18.7168,1.26532,0.160034,-0.263693,1.34932,0.143378,0.0807032,0.12563,51,53,0.0854384,0.120124,0.3491,1.71478,0,18.7168
18.7367,1.2679,0.159286,-0.257264,0,0,0,0,51,53,0,0,0,0,0,traj_sz=100
18.7368,1.2679,0.159286,-0.257264,1.34932,0.143378,0.0807032,0.12563,51,53,0.0827927,0.119926,0.3491,1.71344,0,18.7368
18.7569,1.26911,0.158716,-0.252813,0,0,0,0,51,53,0,0,0,0,0,traj_sz=100
18.757,1.26911,0.158716,-0.252813,1.34932,0.143378,0.0807032,0.12563,51,53,0.0814935,0.121117,0.3491,1.71296,0,18.757
18.7768,1.27286,0.157932,-0.242511,0,0,0,0,51,53,0,0,0,0,0,traj_sz=100
18.7769,1.27286,0.157932,-0.242511,1.34932,0.143378,0.0807032,0.12563,51,53,0.0777209,0.119755,0.3491,1.71082,0,18.7769
18.7968,1.27425,0.157844,-0.241535,0,0,0,0,51,53,0,0,0,0,0,traj_sz=100
18.7969,1.27425,0.157844,-0.241535,1.34932,0.143378,0.0807032,0.12563,51,53,0.0763498,0.120823,0.3491,1.70988,0,18.7969
18.8167,1.27675,0.157194,-0.233671,0,0,0,0,51,53,0,0,0,0,0,traj_sz=100
18.8168,1.27675,0.157194,-0.233671,1.34932,0.143378,0.0807032,0.12563,51,53,0.0738014,0.120715,0.3491,1.70855,0,18.8168
18.8368,1.27937,0.156489,-0.228427,0,0,0,0,51,53,0,0,0,0,0,traj_sz=100
18.837,1.27937,0.156489,-0.228427,1.34932,0.143378,0.0807032,0.12563,51,53,0.0711051,0.120513,0.3491,1.70717,0,18.837
18.8568,1.28048,0.156374,-0.222383,0,0,0,0,51,53,0,0,0,0,0,traj_sz=100
18.8569,1.28048,0.156374,-0.222383,1.34932,0.143378,0.0807032,0.12563,51,53,0.0700131,0.121847,0.3491,1.70645,0,18.8569
18.8768,1.2845,0.155318,-0.213771,0,0,0,0,51,53,0,0,0,0,0,traj_sz=100
18.8768,1.2845,0.155318,-0.213771,1.34932,0.143378,0.0807032,0.12563,52,53,0.0658752,0.120191,0.3491,1.70432,0,18.8768
18.8968,1.28593,0.15517,-0.211224,0,0,0,0,52,53,0,0,0,0,0,traj_sz=100
18.8969,1.28593,0.15517,-0.211224,1.34932,0.143378,0.0807032,0.12563,52,53,0.0644527,0.121226,0.3491,1.7034,0,18.8969
18.9168,1.28867,0.154559,-0.20292,0,0,0,0,52,53,0,0,0,0,0,traj_sz=100
18.9169,1.28867,0.154559,-0.20292,1.39526,0.147093,0.195903,0.12563,52,54,0.105905,0.1209,0.3491,1.70188,0,18.9169
18.9367,1.29142,0.153893,-0.197388,0,0,0,0,52,54,0,0,0,0,0,traj_sz=100
18.9368,1.29142,0.153893,-0.197388,1.39526,0.147093,0.195903,0.12563,52,54,0.103155,0.120551,0.3491,1.70039,0,18.9368
18.9568,1.29278,0.153836,-0.194605,0,0,0,0,52,54,0,0,0,0,0,traj_sz=100
18.9568,1.29278,0.153836,-0.194605,1.39526,0.147093,0.195903,0.12563,52,54,0.101854,0.121668,0.3491,1.69947,0,18.9568
18.977,1.29717,0.153272,-0.188476,0,0,0,0,52,54,0,0,0,0,0,traj_sz=100
18.9771,1.29717,0.153272,-0.188476,1.39526,0.147093,0.195903,0.12563,52,54,0.0975105,0.119742,0.3491,1.69675,0,18.9771
18.9967,1.29841,0.152624,-0.183053,0,0,0,0,52,54,0,0,0,0,0,traj_sz=100
18.9969,1.29841,0.152624,-0.183053,1.39526,0.147093,0.195903,0.12563,52,54,0.0962357,0.120893,0.3491,1.69633,0,18.9969
19.0168,1.30101,0.152499,-0.177807,0,0,0,0,52,54,0,0,0,0,0,traj_sz=100
19.0168,1.30101,0.152499,-0.177807,1.39526,0.147093,0.195903,0.12563,52,54,0.0937197,0.12074,0.3491,1.69457,0,19.0168
19.0367,1.3039,0.152051,-0.174118,0,0,0,0,52,54,0,0,0,0,0,traj_sz=100
19.0368,1.3039,0.152051,-0.174118,1.39526,0.147093,0.195903,0.12563,52,54,0.09084,0.120293,0.3491,1.69285,0,19.0368
19.0567,1.30527,0.151517,-0.168223,0,0,0,0,52,54,0,0,0,0,0,traj_sz=100
19.057,1.30527,0.151517,-0.168223,1.39526,0.147093,0.195903,0.12563,52,54,0.089462,0.121368,0.3491,1.69226,0,19.057
19.0767,1.30913,0.151347,-0.161796,0,0,0,0,52,54,0,0,0,0,0,traj_sz=100
19.0769,1.30913,0.151347,-0.161796,1.39526,0.147093,0.195903,0.12563,52,54,0.0856951,0.119951,0.3491,1.68966,0,19.0769
19.0967,1.31061,0.150926,-0.158602,0,0,0,0,52,54,0,0,0,0,0,traj_sz=100
19.097,1.31061,0.150926,-0.158602,1.39526,0.147093,0.195903,0.12563,52,54,0.0841924,0.120936,0.3491,1.68891,0,19.097
19.1169,1.31353,0.15076,-0.152775,0,0,0,0,52,54,0,0,0,0,0,traj_sz=100
19.117,1.31353,0.15076,-0.152775,1.39526,0.147093,0.195903,0.12563,52,54,0.0813332,0.120489,0.3491,1.68697,0,19.117
19.1369,1.31626,0.150307,-0.144062,0,0,0,0,52,54,0,0,0,0,0,traj_sz=100
19.137,1.31626,0.150307,-0.144062,1.39526,0.147093,0.195903,0.12563,52,54,0.0786435,0.120235,0.3491,1.68538,0,19.137
19.1569,1.31761,0.150211,-0.141856,0,0,0,0,52,54,0,0,0,0,0,traj_sz=100
19.157,1.31761,0.150211,-0.141856,1.39526,0.147093,0.195903,0.12563,52,54,0.0773123,0.121356,0.3491,1.6845,0,19.157
19.1767,1.32184,0.14943,-0.131568,0,0,0,0,52,54,0,0,0,0,0,traj_sz=100
19.1768,1.32184,0.14943,-0.131568,1.39526,0.147093,0.195903,0.12563,52,54,0.0730891,0.11957,0.3491,1.68209,0,19.1768
19.1968,1.32319,0.149408,-0.128334,0,0,0,0,52,54,0,0,0,0,0,traj_sz=100
19.1969,1.32319,0.149408,-0.128334,1.39526,0.147093,0.195903,0.12563,52,54,0.0717756,0.120717,0.3491,1.68116,0,19.1969
19.2168,1.32585,0.149415,-0.122844,0,0,0,0,52,54,0,0,0,0,0,traj_sz=100
19.2169,1.32585,0.149415,-0.122844,1.39526,0.147093,0.195903,0.12563,52,54,0.0691688,0.12054,0.3491,1.67929,0,19.2169
19.2368,1.32868,0.148986,-0.118501,0,0,0,0,52,54,0,0,0,0,0,traj_sz=100
19.2369,1.32868,0.148986,-0.118501,1.39526,0.147093,0.195903,0.12563,53,54,0.0663389,0.120198,0.3491,1.67763,0,19.2369
19.2568,1.33007,0.148904,-0.115125,0,0,0,0,53,54,0,0,0,0,0,traj_sz=100
19.2569,1.33007,0.148904,-0.115125,1.39526,0.147093,0.195903,0.12563,53,54,0.0649674,0.121289,0.3491,1.67671,0,19.2569
19.2767,1.3342,0.148496,-0.10424,0,0,0,0,53,54,0,0,0,0,0,traj_sz=100
19.2768,1.3342,0.148496,-0.10424,1.44047,0.156065,0.307557,0.12469,53,55,0.104905,0.119631,0.3491,1.67413,0,19.2768
19.2969,1.33578,0.148382,-0.101756,0,0,0,0,53,55,0,0,0,0,0,traj_sz=100
19.297,1.33578,0.148382,-0.101756,1.44047,0.156065,0.307557,0.12469,53,55,0.103369,0.120561,0.3491,1.67311,0,19.297
19.3168,1.33886,0.148321,-0.0976041,0,0,0,0,53,55,0,0,0,0,0,traj_sz=100
19.3171,1.33886,0.148321,-0.0976041,1.44047,0.156065,0.307557,0.12469,53,55,0.10037,0.119964,0.3491,1.67101,0,19.3171
19.3368,1.34176,0.147932,-0.0876441,0,0,0,0,53,55,0,0,0,0,0,traj_sz=100
19.337,1.34176,0.147932,-0.0876441,1.44047,0.156065,0.307557,0.12469,53,55,0.097615,0.119565,0.3491,1.66927,0,19.337
19.3567,1.3432,0.14783,-0.0850878,0,0,0,0,53,55,0,0,0,0,0,traj_sz=100
19.3568,1.3432,0.14783,-0.0850878,1.44047,0.156065,0.307557,0.12469,53,55,0.0962171,0.12059,0.3491,1.66835,0,19.3568
19.3768,1.34732,0.147842,-0.0769457,0,0,0,0,53,55,0,0,0,0,0,traj_sz=100
19.377,1.34732,0.147842,-0.0769457,1.44047,0.156065,0.307557,0.12469,53,55,0.0922392,0.118969,0.3491,1.66549,0,19.377
19.3969,1.34875,0.147349,-0.070931,0,0,0,0,53,55,0,0,0,0,0,traj_sz=100
19.397,1.34875,0.147349,-0.070931,1.44047,0.156065,0.307557,0.12469,53,55,0.0908674,0.120053,0.3491,1.66485,0,19.397
19.4168,1.35123,0.147177,-0.065539,0,0,0,0,53,55,0,0,0,0,0,traj_sz=100
19.4169,1.35123,0.147177,-0.065539,1.44047,0.156065,0.307557,0.12469,53,55,0.088463,0.120062,0.3491,1.66326,0,19.4169
19.4369,1.35378,0.147223,-0.0598425,0,0,0,0,53,55,0,0,0,0,0,traj_sz=100
19.437,1.35378,0.147223,-0.0598425,1.44047,0.156065,0.307557,0.12469,53,55,0.0860047,0.120001,0.3491,1.66147,0,19.437
19.4567,1.3551,0.147226,-0.0582464,0,0,0,0,53,55,0,0,0,0,0,traj_sz=100
19.4569,1.3551,0.147226,-0.0582464,1.44047,0.156065,0.307557,0.12469,53,55,0.084709,0.121163,0.3491,1.66056,0,19.4569
19.4767,1.35901,0.147092,-0.0488765,0,0,0,0,53,55,0,0,0,0,0,traj_sz=100
19.4769,1.35901,0.147092,-0.0488765,1.44047,0.156065,0.307557,0.12469,53,55,0.0809279,0.119774,0.3491,1.65797,0,19.4769
19.4967,1.36048,0.14726,-0.0473732,0,0,0,0,53,55,0,0,0,0,0,traj_sz=100
19.4968,1.36048,0.14726,-0.0473732,1.44047,0.156065,0.307557,0.12469,53,55,0.0794855,0.120774,0.3491,1.65683,0,19.4968
19.5168,1.36349,0.147151,-0.0419293,0,0,0,0,53,55,0,0,0,0,0,traj_sz=100
19.5169,1.36349,0.147151,-0.0419293,1.44047,0.156065,0.307557,0.12469,53,55,0.0765354,0.12029,0.3491,1.65484,0,19.5169
19.5367,1.36639,0.146765,-0.0292066,0,0,0,0,53,55,0,0,0,0,0,traj_sz=100
19.5369,1.36639,0.146765,-0.0292066,1.44047,0.156065,0.307557,0.12469,53,55,0.0737728,0.11995,0.3491,1.65313,0,19.5369
19.5568,1.36779,0.146698,-0.0273518,0,0,0,0,53,55,0,0,0,0,0,traj_sz=100
19.5569,1.36779,0.146698,-0.0273518,1.44047,0.156065,0.307557,0.12469,53,55,0.0723968,0.121071,0.3491,1.65222,0,19.5569
19.5769,1.37193,0.146934,-0.0178925,0,0,0,0,53,55,0,0,0,0,0,traj_sz=100
19.5769,1.37193,0.146934,-0.0178925,1.44047,0.156065,0.307557,0.12469,53,55,0.0683672,0.11944,0.3491,1.64922,0,19.5769
19.5968,1.37327,0.146852,-0.0157788,0,0,0,0,53,55,0,0,0,0,0,traj_sz=100
19.5969,1.37327,0.146852,-0.0157788,1.44047,0.156065,0.307557,0.12469,54,55,0.0670466,0.120613,0.3491,1.64836,0,19.5969
19.6168,1.37602,0.146849,-0.00560885,0,0,0,0,54,55,0,0,0,0,0,traj_sz=100
19.6169,1.37602,0.146849,-0.00560885,1.44047,0.156065,0.307557,0.12469,54,55,0.0643964,0.120388,0.3491,1.64648,0,19.6169
19.6367,1.37846,0.146867,0.000742427,0,0,0,0,54,55,0,0,0,0,0,traj_sz=100
19.6369,1.37846,0.146867,0.000742427,1.48407,0.169913,0.412957,0.120722,54,56,0.105631,0.120476,0.3491,1.64481,0,19.6369
19.6567,1.37984,0.146787,0.00376225,0,0,0,0,54,56,0,0,0,0,0,traj_sz=100
19.6568,1.37984,0.146787,0.00376225,1.48407,0.169913,0.412957,0.120722,54,56,0.104321,0.121619,0.3491,1.64393,0,19.6568
19.6766,1.38368,0.146859,0.0123625,0,0,0,0,54,56,0,0,0,0,0,traj_sz=100
19.6767,1.38368,0.146859,0.0123625,1.48407,0.169913,0.412957,0.120722,54,56,0.100665,0.120294,0.3491,1.64125,0,19.6767
19.6967,1.38517,0.146991,0.0156676,0,0,0,0,54,56,0,0,0,0,0,traj_sz=100
19.6968,1.38517,0.146991,0.0156676,1.48407,0.169913,0.412957,0.120722,54,56,0.0992508,0.121324,0.3491,1.64015,0,19.6968
19.7167,1.38806,0.147039,0.0212151,0,0,0,0,54,56,0,0,0,0,0,traj_sz=100
19.7168,1.38806,0.147039,0.0212151,1.48407,0.169913,0.412957,0.120722,54,56,0.0964716,0.12096,0.3491,1.63815,0,19.7168
19.7368,1.39109,0.147557,0.0273758,0,0,0,0,54,56,0,0,0,0,0,traj_sz=100
19.7369,1.39109,0.147557,0.0273758,1.48407,0.169913,0.412957,0.120722,54,56,0.0935531,0.120395,0.3491,1.63571,0,19.7369
19.7568,1.39252,0.147443,0.0324596,0,0,0,0,54,56,0,0,0,0,0,traj_sz=100
19.7569,1.39252,0.147443,0.0324596,1.48407,0.169913,0.412957,0.120722,54,56,0.092232,0.121513,0.3491,1.63483,0,19.7569
19.7767,1.39654,0.14783,0.0406849,0,0,0,0,54,56,0,0,0,0,0,traj_sz=100
19.7768,1.39654,0.14783,0.0406849,1.48407,0.169913,0.412957,0.120722,54,56,0.0883564,0.119974,0.3491,1.63182,0,19.7768
19.7967,1.39788,0.147803,0.0444942,0,0,0,0,54,56,0,0,0,0,0,traj_sz=100
19.7969,1.39788,0.147803,0.0444942,1.48407,0.169913,0.412957,0.120722,54,56,0.087092,0.121168,0.3491,1.63094,0,19.7969
19.8167,1.40073,0.147929,0.0548509,0,0,0,0,54,56,0,0,0,0,0,traj_sz=100
19.8168,1.40073,0.147929,0.0548509,1.48407,0.169913,0.412957,0.120722,54,56,0.0844196,0.120827,0.3491,1.62892,0,19.8168
19.8369,1.40321,0.148544,0.0548461,0,0,0,0,54,56,0,0,0,0,0,traj_sz=100
19.837,1.40321,0.148544,0.0548461,1.48407,0.169913,0.412957,0.120722,54,56,0.0819092,0.120762,0.3491,1.62679,0,19.837
19.8568,1.40479,0.148442,0.0588592,0,0,0,0,54,56,0,0,0,0,0,traj_sz=100
19.857,1.40479,0.148442,0.0588592,1.48407,0.169913,0.412957,0.120722,54,56,0.0804039,0.121691,0.3491,1.6258,0,19.857
19.8767,1.40891,0.149008,0.0693143,0,0,0,0,54,56,0,0,0,0,0,traj_sz=100
19.8768,1.40891,0.149008,0.0693143,1.48407,0.169913,0.412957,0.120722,54,56,0.0764234,0.119984,0.3491,1.62261,0,19.8768
19.8968,1.41011,0.14896,0.0722031,0,0,0,0,54,56,0,0,0,0,0,traj_sz=100
19.897,1.41011,0.14896,0.0722031,1.48407,0.169913,0.412957,0.120722,54,56,0.0752763,0.121321,0.3491,1.62184,0,19.897
19.9168,1.4129,0.149057,0.078514,0,0,0,0,54,56,0,0,0,0,0,traj_sz=100
19.9169,1.4129,0.149057,0.078514,1.48407,0.169913,0.412957,0.120722,54,56,0.0725822,0.121039,0.3491,1.61989,0,19.9169
19.9367,1.41562,0.149558,0.0829326,0,0,0,0,54,56,0,0,0,0,0,traj_sz=100
19.9369,1.41562,0.149558,0.0829326,1.48407,0.169913,0.412957,0.120722,54,56,0.0699011,0.120739,0.3491,1.6177,0,19.9369
19.9567,1.41699,0.149665,0.0861823,0,0,0,0,54,56,0,0,0,0,0,traj_sz=100
19.957,1.41699,0.149665,0.0861823,1.48407,0.169913,0.412957,0.120722,54,56,0.0685728,0.121866,0.3491,1.6167,0,19.957
19.9769,1.42115,0.150122,0.0952609,0,0,0,0,54,56,0,0,0,0,0,traj_sz=100
19.977,1.42115,0.150122,0.0952609,1.48407,0.169913,0.412957,0.120722,55,56,0.064521,0.120198,0.3491,1.61358,0,19.977
19.9967,1.42252,0.150239,0.100212,0,0,0,0,55,56,0,0,0,0,0,traj_sz=100
19.9969,1.42252,0.150239,0.100212,1.48407,0.169913,0.412957,0.120722,55,56,0.063208,0.12129,0.3491,1.61257,0,19.9969
20.0166,1.42506,0.150682,0.103501,0,0,0,0,55,56,0,0,0,0,0,traj_sz=100
20.0167,1.42506,0.150682,0.103501,1.52463,0.187687,0.507946,0.113196,55,57,0.102862,0.121183,0.3491,1.61055,0,20.0167
20.0367,1.42809,0.151196,0.109699,0,0,0,0,55,57,0,0,0,0,0,traj_sz=100
20.0368,1.42809,0.151196,0.109699,1.52463,0.187687,0.507946,0.113196,55,57,0.0999565,0.120607,0.3491,1.60814,0,20.0368
20.0568,1.42948,0.151307,0.113205,0,0,0,0,55,57,0,0,0,0,0,traj_sz=100
20.0569,1.42948,0.151307,0.113205,1.52463,0.187687,0.507946,0.113196,55,57,0.0986546,0.121723,0.3491,1.60714,0,20.0569
20.0768,1.43361,0.151319,0.129152,0,0,0,0,55,57,0,0,0,0,0,traj_sz=100
20.077,1.43361,0.151319,0.129152,1.52463,0.187687,0.507946,0.113196,55,57,0.0949476,0.120215,0.3491,1.60438,0,20.077
20.0968,1.43506,0.152071,0.129199,0,0,0,0,55,57,0,0,0,0,0,traj_sz=100
20.0971,1.43506,0.152071,0.129199,1.52463,0.187687,0.507946,0.113196,55,57,0.0934156,0.1211,0.3491,1.60285,0,20.0971
20.1168,1.43806,0.15217,0.13694,0,0,0,0,55,57,0,0,0,0,0,traj_sz=100
20.117,1.43806,0.15217,0.13694,1.52463,0.187687,0.507946,0.113196,55,57,0.0906103,0.120654,0.3491,1.60079,0,20.117
20.1368,1.4407,0.15278,0.142658,0,0,0,0,55,57,0,0,0,0,0,traj_sz=100
20.1369,1.4407,0.15278,0.142658,1.52463,0.187687,0.507946,0.113196,55,57,0.0880389,0.120414,0.3491,1.59858,0,20.1369
20.1568,1.44212,0.152731,0.147526,0,0,0,0,55,57,0,0,0,0,0,traj_sz=100
20.1569,1.44212,0.152731,0.147526,1.52463,0.187687,0.507946,0.113196,55,57,0.086756,0.121552,0.3491,1.59768,0,20.1569
20.1767,1.4466,0.153858,0.153549,0,0,0,0,55,57,0,0,0,0,0,traj_sz=100
20.1769,1.4466,0.153858,0.153549,1.52463,0.187687,0.507946,0.113196,55,57,0.0822907,0.119402,0.3491,1.59387,0,20.1769
20.1968,1.44799,0.1539,0.15893,0,0,0,0,55,57,0,0,0,0,0,traj_sz=100
20.1969,1.44799,0.1539,0.15893,1.52463,0.187687,0.507946,0.113196,55,57,0.0810193,0.120368,0.3491,1.59291,0,20.1969
20.2167,1.45062,0.154441,0.167061,0,0,0,0,55,57,0,0,0,0,0,traj_sz=100
20.2169,1.45062,0.154441,0.167061,1.52463,0.187687,0.507946,0.113196,55,57,0.0785106,0.120007,0.3491,1.59078,0,20.2169
20.2368,1.45338,0.155047,0.172158,0,0,0,0,55,57,0,0,0,0,0,traj_sz=100
20.2369,1.45338,0.155047,0.172158,1.52463,0.187687,0.507946,0.113196,55,57,0.0757912,0.119512,0.3491,1.5885,0,20.2369
20.2567,1.4546,0.154971,0.176426,0,0,0,0,55,57,0,0,0,0,0,traj_sz=100
20.2569,1.4546,0.154971,0.176426,1.52463,0.187687,0.507946,0.113196,55,57,0.0746806,0.120672,0.3491,1.58775,0,20.2569
20.2768,1.45856,0.155751,0.185856,0,0,0,0,55,57,0,0,0,0,0,traj_sz=100
20.2769,1.45856,0.155751,0.185856,1.52463,0.187687,0.507946,0.113196,55,57,0.0708354,0.118995,0.3491,1.58456,0,20.2769
20.2968,1.4598,0.155866,0.190639,0,0,0,0,55,57,0,0,0,0,0,traj_sz=100
20.2969,1.4598,0.155866,0.190639,1.52463,0.187687,0.507946,0.113196,55,57,0.0696819,0.120092,0.3491,1.58366,0,20.2969
20.3168,1.46242,0.156312,0.197999,0,0,0,0,55,57,0,0,0,0,0,traj_sz=100
20.3169,1.46242,0.156312,0.197999,1.52463,0.187687,0.507946,0.113196,55,57,0.0671629,0.119784,0.3491,1.5816,0,20.3169
20.3367,1.46485,0.156936,0.201517,0,0,0,0,55,57,0,0,0,0,0,traj_sz=100
20.3368,1.46485,0.156936,0.201517,1.52463,0.187687,0.507946,0.113196,56,57,0.0647212,0.119595,0.3491,1.57953,0,20.3368
20.3568,1.46602,0.157507,0.20441,0,0,0,0,56,57,0,0,0,0,0,traj_sz=100
20.357,1.46602,0.157507,0.20441,1.52463,0.187687,0.507946,0.113196,56,57,0.0635136,0.120627,0.3491,1.57834,0,20.357
20.3767,1.47007,0.158099,0.214274,0,0,0,0,56,57,0,0,0,0,0,traj_sz=100
20.3768,1.47007,0.158099,0.214274,1.52463,0.187687,0.507946,0.113196,56,57,0.0595992,0.118925,0.3491,1.57524,0,20.3768
20.3968,1.47145,0.158591,0.215803,0,0,0,0,56,57,0,0,0,0,0,traj_sz=100
20.3969,1.47145,0.158591,0.215803,1.52463,0.187687,0.507946,0.113196,56,57,0.058178,0.119791,0.3491,1.57397,0,20.3969
20.4168,1.47393,0.159127,0.223216,0,0,0,0,56,57,0,0,0,0,0,traj_sz=100
20.4169,1.47393,0.159127,0.223216,1.56092,0.207886,0.588907,0.102933,56,58,0.0956299,0.119606,0.3491,1.57194,0,20.4169
20.4369,1.47658,0.159859,0.228662,0,0,0,0,56,58,0,0,0,0,0,traj_sz=100
20.4371,1.47658,0.159859,0.228662,1.56092,0.207886,0.588907,0.102933,56,58,0.093027,0.119196,0.3491,1.56965,0,20.4371
20.4568,1.47798,0.160114,0.232697,0,0,0,0,56,58,0,0,0,0,0,traj_sz=100
20.4569,1.47798,0.160114,0.232697,1.56092,0.207886,0.588907,0.102933,56,58,0.0917186,0.1201,0.3491,1.56855,0,20.4569
20.4767,1.48164,0.161399,0.239975,0,0,0,0,56,58,0,0,0,0,0,traj_sz=100
20.4768,1.48164,0.161399,0.239975,1.56092,0.207886,0.588907,0.102933,56,58,0.0880593,0.118532,0.3491,1.56519,0,20.4768
20.4967,1.48292,0.161536,0.244784,0,0,0,0,56,58,0,0,0,0,0,traj_sz=100
20.4969,1.48292,0.161536,0.244784,1.56092,0.207886,0.588907,0.102933,56,58,0.0869094,0.119613,0.3491,1.56426,0,20.4969
20.5167,1.48548,0.162257,0.249772,0,0,0,0,56,58,0,0,0,0,0,traj_sz=100
20.5169,1.48548,0.162257,0.249772,1.56092,0.207886,0.588907,0.102933,56,58,0.0843815,0.119294,0.3491,1.56205,0,20.5169
20.5367,1.48797,0.162841,0.258038,0,0,0,0,56,58,0,0,0,0,0,traj_sz=100
20.5369,1.48797,0.162841,0.258038,1.56092,0.207886,0.588907,0.102933,56,58,0.0820275,0.119086,0.3491,1.55998,0,20.5369
20.5569,1.48932,0.163543,0.259309,0,0,0,0,56,58,0,0,0,0,0,traj_sz=100
20.557,1.48932,0.163543,0.259309,1.56092,0.207886,0.588907,0.102933,56,58,0.0805741,0.119721,0.3491,1.55857,0,20.557
20.5768,1.49315,0.164693,0.268182,0,0,0,0,56,58,0,0,0,0,0,traj_sz=100
20.5769,1.49315,0.164693,0.268182,1.56092,0.207886,0.588907,0.102933,56,58,0.076788,0.117794,0.3491,1.55521,0,20.5769
20.5968,1.49443,0.165171,0.270861,0,0,0,0,56,58,0,0,0,0,0,traj_sz=100
20.597,1.49443,0.165171,0.270861,1.56092,0.207886,0.588907,0.102933,56,58,0.0754918,0.118488,0.3491,1.55402,0,20.597
20.6167,1.49702,0.165877,0.277452,0,0,0,0,56,58,0,0,0,0,0,traj_sz=100
20.6168,1.49702,0.165877,0.277452,1.56092,0.207886,0.588907,0.102933,56,58,0.0729655,0.117871,0.3491,1.55181,0,20.6168
20.6368,1.49947,0.166774,0.282249,0,0,0,0,56,58,0,0,0,0,0,traj_sz=100
20.6369,1.49947,0.166774,0.282249,1.56092,0.207886,0.588907,0.102933,56,58,0.0704732,0.117335,0.3491,1.54955,0,20.6369
20.6567,1.50073,0.166925,0.287508,0,0,0,0,56,58,0,0,0,0,0,traj_sz=100
20.6569,1.50073,0.166925,0.287508,1.56092,0.207886,0.588907,0.102933,56,58,0.0693337,0.118178,0.3491,1.54861,0,20.6569
20.6768,1.50457,0.168337,0.294908,0,0,0,0,56,58,0,0,0,0,0,traj_sz=100
20.6771,1.50457,0.168337,0.294908,1.56092,0.207886,0.588907,0.102933,56,58,0.065408,0.116164,0.3491,1.54506,0,20.6771
20.6969,1.50581,0.168955,0.295942,0,0,0,0,56,58,0,0,0,0,0,traj_sz=100
20.697,1.50581,0.168955,0.295942,1.56092,0.207886,0.588907,0.102933,56,58,0.0640697,0.116837,0.3491,1.54379,0,20.697
20.7168,1.50835,0.17,0.301641,0,0,0,0,56,58,0,0,0,0,0,traj_sz=100
20.7169,1.50835,0.17,0.301641,1.56092,0.207886,0.588907,0.102933,57,58,0.0614544,0.116139,0.3491,1.54135,0,20.7169
20.7367,1.51091,0.170822,0.30818,0,0,0,0,57,58,0,0,0,0,0,traj_sz=100
20.7368,1.51091,0.170822,0.30818,1.56092,0.207886,0.588907,0.102933,57,58,0.0588968,0.115519,0.3491,1.53908,0,20.7368
20.7568,1.51228,0.170967,0.313158,0,0,0,0,57,58,0,0,0,0,0,traj_sz=100
20.7571,1.51228,0.170967,0.313158,1.56092,0.207886,0.588907,0.102933,57,58,0.0576499,0.116308,0.3491,1.53809,0,20.7571
20.7767,1.51605,0.172575,0.320179,0,0,0,0,57,58,0,0,0,0,0,traj_sz=100
20.7768,1.51605,0.172575,0.320179,1.56092,0.207886,0.588907,0.102933,57,58,0.053702,0.114249,0.3491,1.53443,0,20.7768
20.7967,1.5173,0.172771,0.325424,0,0,0,0,57,58,0,0,0,0,0,traj_sz=100
20.7968,1.5173,0.172771,0.325424,1.59232,0.228861,0.654207,0.091664,57,59,0.0890169,0.115104,0.3491,1.53348,0,20.7968
20.8169,1.51986,0.173749,0.331108,0,0,0,0,57,59,0,0,0,0,0,traj_sz=100
20.8171,1.51986,0.173749,0.331108,1.59232,0.228861,0.654207,0.091664,57,59,0.0864404,0.114462,0.3491,1.53109,0,20.8171
20.8367,1.52238,0.174559,0.338496,0,0,0,0,57,59,0,0,0,0,0,traj_sz=100
20.8368,1.52238,0.174559,0.338496,1.59232,0.228861,0.654207,0.091664,57,59,0.0840065,0.113888,0.3491,1.52886,0,20.8368
20.8567,1.52361,0.175407,0.338373,0,0,0,0,57,59,0,0,0,0,0,traj_sz=100
20.8568,1.52361,0.175407,0.338373,1.59232,0.228861,0.654207,0.091664,57,59,0.0825627,0.11446,0.3491,1.52742,0,20.8568
20.8768,1.52734,0.176412,0.35101,0,0,0,0,57,59,0,0,0,0,0,traj_sz=100
20.8769,1.52734,0.176412,0.35101,1.59232,0.228861,0.654207,0.091664,57,59,0.0790543,0.112757,0.3491,1.52426,0,20.8769
20.8969,1.52851,0.17722,0.352096,0,0,0,0,57,59,0,0,0,0,0,traj_sz=100
20.8972,1.52851,0.17722,0.352096,1.59232,0.228861,0.654207,0.091664,57,59,0.0777009,0.113414,0.3491,1.52289,0,20.8972
20.9168,1.53103,0.178159,0.358174,0,0,0,0,57,59,0,0,0,0,0,traj_sz=100
20.917,1.53103,0.178159,0.358174,1.59232,0.228861,0.654207,0.091664,57,59,0.075175,0.11272,0.3491,1.52056,0,20.917
20.9368,1.53343,0.179249,0.364472,0,0,0,0,57,59,0,0,0,0,0,traj_sz=100
20.9369,1.53343,0.179249,0.364472,1.59232,0.228861,0.654207,0.091664,57,59,0.0727038,0.111839,0.3491,1.51819,0,20.9369
20.9568,1.53473,0.179421,0.369719,0,0,0,0,57,59,0,0,0,0,0,traj_sz=100
20.9569,1.53473,0.179421,0.369719,1.59232,0.228861,0.654207,0.091664,57,59,0.0715684,0.112381,0.3491,1.51724,0,20.9569
20.9769,1.53836,0.181107,0.377024,0,0,0,0,57,59,0,0,0,0,0,traj_sz=100
20.9771,1.53836,0.181107,0.377024,1.59232,0.228861,0.654207,0.091664,57,59,0.067751,0.110166,0.3491,1.51363,0,20.9771
20.9969,1.53955,0.181241,0.383857,0,0,0,0,57,59,0,0,0,0,0,traj_sz=100
20.997,1.53955,0.181241,0.383857,1.59232,0.228861,0.654207,0.091664,57,59,0.0667665,0.110824,0.3491,1.51277,0,20.997
21.0167,1.54192,0.18231,0.389597,0,0,0,0,57,59,0,0,0,0,0,traj_sz=100
21.0169,1.54192,0.18231,0.389597,1.59232,0.228861,0.654207,0.091664,57,59,0.0643049,0.109993,0.3491,1.51044,0,21.0169
21.0368,1.54438,0.183302,0.395509,0,0,0,0,57,59,0,0,0,0,0,traj_sz=100
21.0369,1.54438,0.183302,0.395509,1.59232,0.228861,0.654207,0.091664,57,59,0.0617892,0.109127,0.3491,1.50811,0,21.0369
21.0568,1.54539,0.184103,0.396536,0,0,0,0,57,59,0,0,0,0,0,traj_sz=100
21.0569,1.54539,0.184103,0.396536,1.59232,0.228861,0.654207,0.091664,57,59,0.0605737,0.109617,0.3491,1.50685,0,21.0569
21.0767,1.54893,0.185298,0.407023,0,0,0,0,57,59,0,0,0,0,0,traj_sz=100
21.0768,1.54893,0.185298,0.407023,1.59232,0.228861,0.654207,0.091664,57,59,0.0570868,0.107721,0.3491,1.50368,0,21.0768
21.0968,1.55003,0.186195,0.407061,0,0,0,0,57,59,0,0,0,0,0,traj_sz=100
21.0969,1.55003,0.186195,0.407061,1.59232,0.228861,0.654207,0.091664,58,59,0.0557243,0.108085,0.3491,1.50229,0,21.0969
21.1168,1.55226,0.186947,0.414315,0,0,0,0,58,59,0,0,0,0,0,traj_sz=100
21.1169,1.55226,0.186947,0.414315,1.59232,0.228861,0.654207,0.091664,58,59,0.0535447,0.107557,0.3491,1.5003,0,21.1169
21.1367,1.55423,0.188279,0.417181,0,0,0,0,58,59,0,0,0,0,0,traj_sz=100
21.1368,1.55423,0.188279,0.417181,1.59232,0.228861,0.654207,0.091664,58,59,0.0512656,0.106935,0.3491,1.49802,0,21.1368
21.1568,1.55538,0.188951,0.418538,0,0,0,0,58,59,0,0,0,0,0,traj_sz=100
21.1569,1.55538,0.188951,0.418538,1.59232,0.228861,0.654207,0.091664,58,59,0.0499719,0.107379,0.3491,1.49678,0,21.1569
21.1768,1.55834,0.190402,0.429856,0,0,0,0,58,59,0,0,0,0,0,traj_sz=100
21.177,1.55834,0.190402,0.429856,1.61901,0.249325,0.704714,0.0813587,58,60,0.0797041,0.105867,0.3491,1.49378,0,21.177
21.1968,1.55966,0.190563,0.434744,0,0,0,0,58,60,0,0,0,0,0,traj_sz=100
21.1969,1.55966,0.190563,0.434744,1.61901,0.249325,0.704714,0.0813587,58,60,0.0785769,0.106426,0.3491,1.49283,0,21.1969
21.2168,1.5616,0.19153,0.439737,0,0,0,0,58,60,0,0,0,0,0,traj_sz=100
21.2169,1.5616,0.19153,0.439737,1.61901,0.249325,0.704714,0.0813587,58,60,0.0765497,0.106035,0.3491,1.49085,0,21.2169
21.2367,1.56367,0.192546,0.445265,0,0,0,0,58,60,0,0,0,0,0,traj_sz=100
21.2369,1.56367,0.192546,0.445265,1.61901,0.249325,0.704714,0.0813587,58,60,0.0744024,0.105513,0.3491,1.48877,0,21.2369
21.2568,1.56456,0.193447,0.445074,0,0,0,0,58,60,0,0,0,0,0,traj_sz=100
21.2569,1.56456,0.193447,0.445074,1.61901,0.249325,0.704714,0.0813587,58,60,0.0732028,0.106035,0.3491,1.4875,0,21.2569
21.2767,1.56783,0.195104,0.452758,0,0,0,0,58,60,0,0,0,0,0,traj_sz=100
21.2768,1.56783,0.195104,0.452758,1.61901,0.249325,0.704714,0.0813587,58,60,0.0697435,0.104147,0.3491,1.48416,0,21.2768
21.2968,1.56907,0.195247,0.459341,0,0,0,0,58,60,0,0,0,0,0,traj_sz=100
21.297,1.56907,0.195247,0.459341,1.61901,0.249325,0.704714,0.0813587,58,60,0.0687433,0.104568,0.3491,1.48327,0,21.297
21.3168,1.57098,0.196676,0.462487,0,0,0,0,58,60,0,0,0,0,0,traj_sz=100
21.3169,1.57098,0.196676,0.462487,1.61901,0.249325,0.704714,0.0813587,58,60,0.0664753,0.103675,0.3491,1.48096,0,21.3169
21.3368,1.57314,0.197864,0.466017,0,0,0,0,58,60,0,0,0,0,0,traj_sz=100
21.3371,1.57314,0.197864,0.466017,1.61901,0.249325,0.704714,0.0813587,58,60,0.0640998,0.102726,0.3491,1.47868,0,21.3371
21.3567,1.57426,0.198614,0.468027,0,0,0,0,58,60,0,0,0,0,0,traj_sz=100
21.3569,1.57426,0.198614,0.468027,1.61901,0.249325,0.704714,0.0813587,58,60,0.0628178,0.102868,0.3491,1.47739,0,21.3569
21.3768,1.57756,0.200293,0.478146,0,0,0,0,58,60,0,0,0,0,0,traj_sz=100
21.3769,1.57756,0.200293,0.478146,1.61901,0.249325,0.704714,0.0813587,58,60,0.0593611,0.100697,0.3491,1.47401,0,21.3769
21.3967,1.57866,0.200972,0.480173,0,0,0,0,58,60,0,0,0,0,0,traj_sz=100
21.3969,1.57866,0.200972,0.480173,1.61901,0.249325,0.704714,0.0813587,58,60,0.0581226,0.100905,0.3491,1.4728,0,21.3969
21.4168,1.58072,0.202146,0.486672,0,0,0,0,58,60,0,0,0,0,0,traj_sz=100
21.4169,1.58072,0.202146,0.486672,1.61901,0.249325,0.704714,0.0813587,58,60,0.055912,0.100047,0.3491,1.4706,0,21.4169
21.4368,1.58292,0.203474,0.490444,0,0,0,0,58,60,0,0,0,0,0,traj_sz=100
21.4369,1.58292,0.203474,0.490444,1.61901,0.249325,0.704714,0.0813587,58,60,0.0534323,0.0989812,0.3491,1.46818,0,21.4369
21.4568,1.58415,0.20366,0.497029,0,0,0,0,58,60,0,0,0,0,0,traj_sz=100
21.457,1.58415,0.20366,0.497029,1.61901,0.249325,0.704714,0.0813587,58,60,0.0524124,0.099374,0.3491,1.46727,0,21.457
21.4767,1.58705,0.205815,0.501666,0,0,0,0,58,60,0,0,0,0,0,traj_sz=100
21.4768,1.58705,0.205815,0.501666,1.64174,0.268661,0.743437,0.0738064,59,61,0.0781764,0.0972561,0.3491,1.46378,0,21.4768
21.4968,1.58814,0.206377,0.503275,0,0,0,0,59,61,0,0,0,0,0,traj_sz=100
21.4969,1.58814,0.206377,0.503275,1.64174,0.268661,0.743437,0.0738064,59,61,0.0769966,0.0975516,0.3491,1.46266,0,21.4969
21.5168,1.5903,0.207675,0.508436,0,0,0,0,59,61,0,0,0,0,0,traj_sz=100
21.5169,1.5903,0.207675,0.508436,1.66168,0.286988,0.775003,0.0700587,59,62,0.100959,0.0965354,0.3491,1.46029,0,21.5169
21.5368,1.59217,0.208541,0.516778,0,0,0,0,59,62,0,0,0,0,0,traj_sz=100
21.5369,1.59217,0.208541,0.516778,1.66168,0.286988,0.775003,0.0700587,59,62,0.0991879,0.0960183,0.3491,1.45845,0,21.5369
21.5568,1.59324,0.208921,0.520256,0,0,0,0,59,62,0,0,0,0,0,traj_sz=100
21.5571,1.59324,0.208921,0.520256,1.66168,0.286988,0.775003,0.0700587,59,62,0.0981911,0.0964488,0.3491,1.45749,0,21.5571
21.5768,1.59606,0.211087,0.523009,0,0,0,0,59,62,0,0,0,0,0,traj_sz=100
21.5769,1.59606,0.211087,0.523009,1.66168,0.286988,0.775003,0.0700587,59,62,0.0947607,0.0943806,0.3491,1.45404,0,21.5769
21.5968,1.59709,0.211139,0.5309,0,0,0,0,59,62,0,0,0,0,0,traj_sz=100
21.5969,1.59709,0.211139,0.5309,1.66168,0.286988,0.775003,0.0700587,59,62,0.0941043,0.0950284,0.3491,1.45336,0,21.5969
21.6168,1.59865,0.212642,0.531483,0,0,0,0,59,62,0,0,0,0,0,traj_sz=100
21.6169,1.59865,0.212642,0.531483,1.66168,0.286988,0.775003,0.0700587,59,62,0.0920178,0.0943817,0.3491,1.45121,0,21.6169
21.6368,1.60052,0.213726,0.53586,0,0,0,0,59,62,0,0,0,0,0,traj_sz=100
21.637,1.60052,0.213726,0.53586,1.66168,0.286988,0.775003,0.0700587,59,62,0.0899918,0.093743,0.3491,1.4492,0,21.637
21.6567,1.60145,0.214281,0.537301,0,0,0,0,59,62,0,0,0,0,0,traj_sz=100
21.6569,1.60145,0.214281,0.537301,1.66168,0.286988,0.775003,0.0700587,59,62,0.0889568,0.0940533,0.3491,1.44819,0,21.6569
21.6768,1.60401,0.215691,0.547801,0,0,0,0,59,62,0,0,0,0,0,traj_sz=100
21.6769,1.60401,0.215691,0.547801,1.66168,0.286988,0.775003,0.0700587,59,62,0.086368,0.0924894,0.3491,1.4455,0,21.6769
21.6968,1.60497,0.216454,0.547571,0,0,0,0,59,62,0,0,0,0,0,traj_sz=100
21.6969,1.60497,0.216454,0.547571,1.66168,0.286988,0.775003,0.0700587,59,62,0.0851408,0.0925832,0.3491,1.4443,0,21.6969
21.7167,1.60685,0.217387,0.553842,0,0,0,0,59,62,0,0,0,0,0,traj_sz=100
21.7169,1.60685,0.217387,0.553842,1.66168,0.286988,0.775003,0.0700587,59,62,0.0832443,0.0918493,0.3491,1.44241,0,21.7169
21.7368,1.60869,0.218512,0.558895,0,0,0,0,59,62,0,0,0,0,0,traj_sz=100
21.737,1.60869,0.218512,0.558895,1.66168,0.286988,0.775003,0.0700587,59,62,0.0812343,0.0910255,0.3491,1.44038,0,21.737
21.7568,1.6095,0.21944,0.558489,0,0,0,0,59,62,0,0,0,0,0,traj_sz=100
21.7569,1.6095,0.21944,0.558489,1.66168,0.286988,0.775003,0.0700587,59,62,0.0800466,0.0911339,0.3491,1.43915,0,21.7569
21.7768,1.61227,0.221232,0.565892,0,0,0,0,59,62,0,0,0,0,0,traj_sz=100
21.777,1.61227,0.221232,0.565892,1.66168,0.286988,0.775003,0.0700587,59,62,0.0769631,0.0891768,0.3491,1.43603,0,21.777
21.7968,1.61324,0.22153,0.570259,0,0,0,0,59,62,0,0,0,0,0,traj_sz=100
21.797,1.61324,0.22153,0.570259,1.66168,0.286988,0.775003,0.0700587,59,62,0.0761139,0.0895561,0.3491,1.4352,0,21.797
21.8168,1.61491,0.222817,0.575078,0,0,0,0,59,62,0,0,0,0,0,traj_sz=100
21.8169,1.61491,0.222817,0.575078,1.68004,0.304972,0.808348,0.069991,59,63,0.0993416,0.0887662,0.3491,1.43315,0,21.8169
21.8368,1.61674,0.224283,0.577698,0,0,0,0,59,63,0,0,0,0,0,traj_sz=100
21.8369,1.61674,0.224283,0.577698,1.68004,0.304972,0.808348,0.069991,59,63,0.0970882,0.0877374,0.3491,1.43087,0,21.8369
21.8568,1.61768,0.224623,0.581725,0,0,0,0,59,63,0,0,0,0,0,traj_sz=100
21.857,1.61768,0.224623,0.581725,1.68004,0.304972,0.808348,0.069991,60,63,0.0962518,0.0881247,0.3491,1.43002,0,21.857
21.8767,1.62007,0.226652,0.586092,0,0,0,0,60,63,0,0,0,0,0,traj_sz=100
21.8769,1.62007,0.226652,0.586092,1.68004,0.304972,0.808348,0.069991,60,63,0.0932799,0.0863071,0.3491,1.42695,0,21.8769
21.8966,1.62084,0.227214,0.587563,0,0,0,0,60,63,0,0,0,0,0,traj_sz=100
21.8967,1.62084,0.227214,0.587563,1.68004,0.304972,0.808348,0.069991,60,63,0.0923798,0.0866727,0.3491,1.42604,0,21.8967
21.9167,1.6224,0.228124,0.593641,0,0,0,0,60,63,0,0,0,0,0,traj_sz=100
21.9168,1.6224,0.228124,0.593641,1.68004,0.304972,0.808348,0.069991,60,63,0.0907655,0.0862117,0.3491,1.42435,0,21.9168
21.9368,1.62392,0.229382,0.595818,0,0,0,0,60,63,0,0,0,0,0,traj_sz=100
21.9369,1.62392,0.229382,0.595818,1.68004,0.304972,0.808348,0.069991,60,63,0.0888661,0.0855676,0.3491,1.42242,0,21.9369
21.9567,1.62467,0.229635,0.599436,0,0,0,0,60,63,0,0,0,0,0,traj_sz=100
21.9569,1.62467,0.229635,0.599436,1.68004,0.304972,0.808348,0.069991,60,63,0.0882239,0.0861569,0.3491,1.42177,0,21.9569
21.9767,1.62662,0.231425,0.603429,0,0,0,0,60,63,0,0,0,0,0,traj_sz=100
21.9769,1.62662,0.231425,0.603429,1.68004,0.304972,0.808348,0.069991,60,63,0.0857204,0.0848274,0.3491,1.41915,0,21.9769
21.9967,1.62767,0.23154,0.60985,0,0,0,0,60,63,0,0,0,0,0,traj_sz=100
21.9968,1.62767,0.23154,0.60985,1.68004,0.304972,0.808348,0.069991,60,63,0.0849891,0.08527,0.3491,1.41842,0,21.9968
22.0167,1.62898,0.232651,0.612906,0,0,0,0,60,63,0,0,0,0,0,traj_sz=100
22.0168,1.62898,0.232651,0.612906,1.68004,0.304972,0.808348,0.069991,60,63,0.0833693,0.0848605,0.3491,1.41674,0,22.0168
22.0367,1.63024,0.234132,0.612558,0,0,0,0,60,63,0,0,0,0,0,traj_sz=100
22.0369,1.63024,0.234132,0.612558,1.68004,0.304972,0.808348,0.069991,60,63,0.0814798,0.0842027,0.3491,1.4148,0,22.0369
22.0567,1.63111,0.234176,0.618414,0,0,0,0,60,63,0,0,0,0,0,traj_sz=100
22.0567,1.63111,0.234176,0.618414,1.68004,0.304972,0.808348,0.069991,60,63,0.0809081,0.084754,0.3491,1.41422,0,22.0567
22.0766,1.63306,0.235826,0.622444,0,0,0,0,60,63,0,0,0,0,0,traj_sz=100
22.0767,1.63306,0.235826,0.622444,1.68004,0.304972,0.808348,0.069991,60,63,0.0784855,0.0834576,0.3491,1.41173,0,22.0767
22.0969,1.63369,0.236652,0.623104,0,0,0,0,60,63,0,0,0,0,0,traj_sz=100
22.097,1.63369,0.236652,0.623104,1.68004,0.304972,0.808348,0.069991,60,63,0.0775056,0.0837097,0.3491,1.41068,0,22.097
22.1169,1.635,0.237524,0.627481,0,0,0,0,60,63,0,0,0,0,0,traj_sz=100
22.117,1.635,0.237524,0.627481,1.68004,0.304972,0.808348,0.069991,60,63,0.0760632,0.0834103,0.3491,1.4092,0,22.117
22.1367,1.63643,0.238722,0.630864,0,0,0,0,60,63,0,0,0,0,0,traj_sz=100
22.1368,1.63643,0.238722,0.630864,1.69777,0.323541,0.84166,0.0734641,60,64,0.0995636,0.0827884,0.3491,1.40737,0,22.1368
22.1568,1.63723,0.23912,0.634025,0,0,0,0,60,64,0,0,0,0,0,traj_sz=100
22.1569,1.63723,0.23912,0.634025,1.69777,0.323541,0.84166,0.0734641,60,64,0.0987838,0.0831813,0.3491,1.40656,0,22.1569
22.1768,1.63915,0.241006,0.637832,0,0,0,0,60,64,0,0,0,0,0,traj_sz=100
22.1769,1.63915,0.241006,0.637832,1.69777,0.323541,0.84166,0.0734641,60,64,0.0962426,0.0817522,0.3491,1.4039,0,22.1769
22.1967,1.6399,0.241553,0.640977,0,0,0,0,60,64,0,0,0,0,0,traj_sz=100
22.1969,1.6399,0.241553,0.640977,1.69777,0.323541,0.84166,0.0734641,60,64,0.0954117,0.0820829,0.3491,1.40301,0,22.1969
22.2169,1.64125,0.242537,0.645743,0,0,0,0,60,64,0,0,0,0,0,traj_sz=100
22.2169,1.64125,0.242537,0.645743,1.69777,0.323541,0.84166,0.0734641,60,64,0.0938848,0.0816769,0.3491,1.4014,0,22.2169
22.2367,1.64278,0.243682,0.650228,0,0,0,0,60,64,0,0,0,0,0,traj_sz=100
22.2368,1.64278,0.243682,0.650228,1.69777,0.323541,0.84166,0.0734641,60,64,0.0921113,0.0810175,0.3491,1.39956,0,22.2368
22.2567,1.64339,0.24442,0.649982,0,0,0,0,60,64,0,0,0,0,0,traj_sz=100
22.2568,1.64339,0.24442,0.649982,1.69777,0.323541,0.84166,0.0734641,61,64,0.091173,0.0813322,0.3491,1.3986,0,22.2568
22.2767,1.6456,0.246203,0.656166,0,0,0,0,61,64,0,0,0,0,0,traj_sz=100
22.2768,1.6456,0.246203,0.656166,1.69777,0.323541,0.84166,0.0734641,61,64,0.0885166,0.0797487,0.3491,1.39584,0,22.2768
22.2967,1.64643,0.246401,0.661608,0,0,0,0,61,64,0,0,0,0,0,traj_sz=100
22.297,1.64643,0.246401,0.661608,1.69777,0.323541,0.84166,0.0734641,61,64,0.087903,0.0802668,0.3491,1.39518,0,22.297
22.3168,1.64759,0.247902,0.663896,0,0,0,0,61,64,0,0,0,0,0,traj_sz=100
22.317,1.64759,0.247902,0.663896,1.69777,0.323541,0.84166,0.0734641,61,64,0.0861311,0.0796582,0.3491,1.39328,0,22.317
22.3367,1.64902,0.249232,0.666455,0,0,0,0,61,64,0,0,0,0,0,traj_sz=100
22.3368,1.64902,0.249232,0.666455,1.69777,0.323541,0.84166,0.0734641,61,64,0.0842563,0.0789459,0.3491,1.39135,0,22.3368
22.3568,1.65001,0.249404,0.672986,0,0,0,0,61,64,0,0,0,0,0,traj_sz=100
22.357,1.65001,0.249404,0.672986,1.69777,0.323541,0.84166,0.0734641,61,64,0.0835574,0.0793668,0.3491,1.39061,0,22.357
22.3767,1.65168,0.251094,0.676345,0,0,0,0,61,64,0,0,0,0,0,traj_sz=100
22.3767,1.65168,0.251094,0.676345,1.69777,0.323541,0.84166,0.0734641,61,64,0.0812907,0.0782341,0.3491,1.38825,0,22.3767
22.397,1.65228,0.251589,0.678023,0,0,0,0,61,64,0,0,0,0,0,traj_sz=100
22.3971,1.65228,0.251589,0.678023,1.69777,0.323541,0.84166,0.0734641,61,64,0.0805594,0.0787804,0.3491,1.38749,0,22.3971
22.4168,1.6533,0.252601,0.681564,0,0,0,0,61,64,0,0,0,0,0,traj_sz=100
22.417,1.6533,0.252601,0.681564,1.69777,0.323541,0.84166,0.0734641,61,64,0.07923,0.0786442,0.3491,1.38607,0,22.417
22.4368,1.65432,0.253431,0.685419,0,0,0,0,61,64,0,0,0,0,0,traj_sz=100
22.4369,1.65432,0.253431,0.685419,1.69777,0.323541,0.84166,0.0734641,61,64,0.078014,0.0786279,0.3491,1.38479,0,22.4369
22.4568,1.65458,0.254102,0.682008,0,0,0,0,61,64,0,0,0,0,0,traj_sz=100
22.457,1.65458,0.254102,0.682008,1.69777,0.323541,0.84166,0.0734641,61,64,0.0773,0.0792971,0.3491,1.3841,0,22.457
22.4768,1.65669,0.255385,0.690578,0,0,0,0,61,64,0,0,0,0,0,traj_sz=100
22.4769,1.65669,0.255385,0.690578,1.71573,0.34364,0.87308,0.0804185,61,65,0.10173,0.0781798,0.3491,1.38179,0,22.4769
22.4967,1.65715,0.256155,0.691739,0,0,0,0,61,65,0,0,0,0,0,traj_sz=100
22.4968,1.65715,0.256155,0.691739,1.71573,0.34364,0.87308,0.0804185,61,65,0.10092,0.0786193,0.3491,1.3809,0,22.4968
22.5168,1.6583,0.257082,0.695412,0,0,0,0,61,65,0,0,0,0,0,traj_sz=100
22.517,1.6583,0.257082,0.695412,1.71573,0.34364,0.87308,0.0804185,61,65,0.0995504,0.0784606,0.3491,1.37947,0,22.517
22.5368,1.6595,0.25794,0.698575,0,0,0,0,61,65,0,0,0,0,0,traj_sz=100
22.537,1.6595,0.25794,0.698575,1.71573,0.34364,0.87308,0.0804185,61,65,0.0981745,0.0783029,0.3491,1.37805,0,22.537
22.5567,1.66023,0.258356,0.703291,0,0,0,0,61,65,0,0,0,0,0,traj_sz=100
22.5569,1.66023,0.258356,0.703291,1.71573,0.34364,0.87308,0.0804185,61,65,0.0974893,0.0787892,0.3491,1.37728,0,22.5569
22.577,1.66186,0.260186,0.706305,0,0,0,0,61,65,0,0,0,0,0,traj_sz=100
22.5772,1.66186,0.260186,0.706305,1.71573,0.34364,0.87308,0.0804185,61,65,0.0951478,0.0776713,0.3491,1.37484,0,22.5772
22.5968,1.66256,0.260089,0.71146,0,0,0,0,61,65,0,0,0,0,0,traj_sz=100
22.5969,1.66256,0.260089,0.71146,1.71573,0.34364,0.87308,0.0804185,61,65,0.0948247,0.078522,0.3491,1.37449,0,22.5969
22.6169,1.66354,0.261597,0.713166,0,0,0,0,61,65,0,0,0,0,0,traj_sz=100
22.6172,1.66354,0.261597,0.713166,1.71573,0.34364,0.87308,0.0804185,61,65,0.0931498,0.0780953,0.3491,1.3727,0,22.6172
22.6369,1.66484,0.26244,0.718012,0,0,0,0,61,65,0,0,0,0,0,traj_sz=100
22.637,1.66484,0.26244,0.718012,1.71573,0.34364,0.87308,0.0804185,61,65,0.0917463,0.0778648,0.3491,1.37123,0,22.637
22.6567,1.66534,0.263324,0.715872,0,0,0,0,61,65,0,0,0,0,0,traj_sz=100
22.6569,1.66534,0.263324,0.715872,1.71573,0.34364,0.87308,0.0804185,62,65,0.0907311,0.0781931,0.3491,1.37023,0,22.6569
22.6766,1.66714,0.264806,0.723077,0,0,0,0,62,65,0,0,0,0,0,traj_sz=100
22.6768,1.66714,0.264806,0.723077,1.71573,0.34364,0.87308,0.0804185,62,65,0.0885938,0.0771648,0.3491,1.36795,0,22.6768
22.6968,1.66778,0.265179,0.726132,0,0,0,0,62,65,0,0,0,0,0,traj_sz=100
22.6969,1.66778,0.265179,0.726132,1.71573,0.34364,0.87308,0.0804185,62,65,0.0879524,0.077761,0.3491,1.36727,0,22.6969
22.717,1.66856,0.266611,0.724999,0,0,0,0,62,65,0,0,0,0,0,traj_sz=100
22.7171,1.66856,0.266611,0.724999,1.71573,0.34364,0.87308,0.0804185,62,65,0.0863906,0.0775273,0.3491,1.36566,0,22.7171
22.7369,1.67018,0.26763,0.730468,0,0,0,0,62,65,0,0,0,0,0,traj_sz=100
22.7371,1.67018,0.26763,0.730468,1.71573,0.34364,0.87308,0.0804185,62,65,0.0846416,0.076951,0.3491,1.36386,0,22.7371
22.7568,1.6707,0.268164,0.732898,0,0,0,0,62,65,0,0,0,0,0,traj_sz=100
22.7569,1.6707,0.268164,0.732898,1.71573,0.34364,0.87308,0.0804185,62,65,0.0839613,0.0775713,0.3491,1.36312,0,22.7569
22.7767,1.67259,0.269571,0.739797,0,0,0,0,62,65,0,0,0,0,0,traj_sz=100
22.7769,1.67259,0.269571,0.739797,1.71573,0.34364,0.87308,0.0804185,62,65,0.0817937,0.0766709,0.3491,1.36086,0,22.7769
22.7968,1.67304,0.27034,0.74158,0,0,0,0,62,65,0,0,0,0,0,traj_sz=100
22.7969,1.67304,0.27034,0.74158,1.71573,0.34364,0.87308,0.0804185,62,65,0.0809937,0.0772513,0.3491,1.35998,0,22.7969
22.8167,1.67436,0.271594,0.743501,0,0,0,0,62,65,0,0,0,0,0,traj_sz=100
22.8169,1.67436,0.271594,0.743501,1.71573,0.34364,0.87308,0.0804185,62,65,0.0792205,0.0768612,0.3491,1.35818,0,22.8169
22.8367,1.67555,0.272673,0.747336,0,0,0,0,62,65,0,0,0,0,0,traj_sz=100
22.8369,1.67555,0.272673,0.747336,1.71573,0.34364,0.87308,0.0804185,62,65,0.0777081,0.0766922,0.3491,1.3566,0,22.8369
22.8568,1.67606,0.273174,0.750558,0,0,0,0,62,65,0,0,0,0,0,traj_sz=100
22.8569,1.67606,0.273174,0.750558,1.71573,0.34364,0.87308,0.0804185,62,65,0.0770753,0.0774095,0.3491,1.35589,0,22.8569
22.8768,1.67796,0.274766,0.756932,0,0,0,0,62,65,0,0,0,0,0,traj_sz=100
22.8768,1.67796,0.274766,0.756932,1.73469,0.366249,0.911356,0.0899453,62,66,0.104057,0.0763657,0.3491,1.35347,0,22.8768
22.8969,1.67835,0.275313,0.757931,0,0,0,0,62,66,0,0,0,0,0,traj_sz=100
22.8971,1.67835,0.275313,0.757931,1.73469,0.366249,0.911356,0.0899453,62,66,0.103431,0.0771577,0.3491,1.3528,0,22.8971
22.9168,1.67974,0.276589,0.761564,0,0,0,0,62,66,0,0,0,0,0,traj_sz=100
22.9169,1.67974,0.276589,0.761564,1.73469,0.366249,0.911356,0.0899453,62,66,0.101641,0.076693,0.3491,1.35094,0,22.9169
22.9367,1.68102,0.277654,0.766066,0,0,0,0,62,66,0,0,0,0,0,traj_sz=100
22.9368,1.68102,0.277654,0.766066,1.73469,0.366249,0.911356,0.0899453,62,66,0.1001,0.0764619,0.3491,1.34932,0,22.9368
22.9567,1.68143,0.278128,0.768507,0,0,0,0,62,66,0,0,0,0,0,traj_sz=100
22.9568,1.68143,0.278128,0.768507,1.73469,0.366249,0.911356,0.0899453,62,66,0.0995395,0.0772677,0.3491,1.34869,0,22.9568
22.9768,1.68304,0.280361,0.769383,0,0,0,0,62,66,0,0,0,0,0,traj_sz=100
22.9769,1.68304,0.280361,0.769383,1.73469,0.366249,0.911356,0.0899453,62,66,0.0968534,0.0759901,0.3491,1.34594,0,22.9769
22.9968,1.6837,0.280759,0.773934,0,0,0,0,62,66,0,0,0,0,0,traj_sz=100
22.997,1.6837,0.280759,0.773934,1.73469,0.366249,0.911356,0.0899453,62,66,0.09622,0.0766842,0.3491,1.34522,0,22.997
23.0168,1.68468,0.28209,0.775549,0,0,0,0,62,66,0,0,0,0,0,traj_sz=100
23.0169,1.68468,0.28209,0.775549,1.73469,0.366249,0.911356,0.0899453,63,66,0.0946325,0.0764763,0.3491,1.34357,0,23.0169
23.0369,1.68618,0.283265,0.78222,0,0,0,0,63,66,0,0,0,0,0,traj_sz=100
23.037,1.68618,0.283265,0.78222,1.73469,0.366249,0.911356,0.0899453,63,66,0.0929025,0.0760217,0.3491,1.34173,0,23.037
23.057,1.68689,0.283943,0.783194,0,0,0,0,63,66,0,0,0,0,0,traj_sz=100
23.0572,1.68689,0.283943,0.783194,1.73469,0.366249,0.911356,0.0899453,63,66,0.0919411,0.0764854,0.3491,1.34075,0,23.0572
23.0768,1.68864,0.285776,0.78996,0,0,0,0,63,66,0,0,0,0,0,traj_sz=100
23.0769,1.68864,0.285776,0.78996,1.73469,0.366249,0.911356,0.0899453,63,66,0.0895775,0.0753695,0.3491,1.33824,0,23.0769
23.0969,1.68913,0.286388,0.79117,0,0,0,0,63,66,0,0,0,0,0,traj_sz=100
23.097,1.68913,0.286388,0.79117,1.73469,0.366249,0.911356,0.0899453,63,66,0.0888266,0.0760296,0.3491,1.33745,0,23.097
23.1167,1.69022,0.28739,0.795482,0,0,0,0,63,66,0,0,0,0,0,traj_sz=100
23.1168,1.69022,0.28739,0.795482,1.73469,0.366249,0.911356,0.0899453,63,66,0.0874451,0.0759997,0.3491,1.33599,0,23.1168
23.1369,1.69144,0.288843,0.798549,0,0,0,0,63,66,0,0,0,0,0,traj_sz=100
23.137,1.69144,0.288843,0.798549,1.73469,0.366249,0.911356,0.0899453,63,66,0.0856244,0.0757483,0.3491,1.3341,0,23.137
23.1567,1.69203,0.288903,0.803621,0,0,0,0,63,66,0,0,0,0,0,traj_sz=100
23.1569,1.69203,0.288903,0.803621,1.73469,0.366249,0.911356,0.0899453,63,66,0.0852882,0.0769128,0.3491,1.33369,0,23.1569
23.1768,1.69312,0.290959,0.805291,0,0,0,0,63,66,0,0,0,0,0,traj_sz=100
23.1768,1.69312,0.290959,0.805291,1.73469,0.366249,0.911356,0.0899453,63,66,0.0830932,0.0762988,0.3491,1.3314,0,23.1768
23.1968,1.69391,0.291592,0.807046,0,0,0,0,63,66,0,0,0,0,0,traj_sz=100
23.1969,1.69391,0.291592,0.807046,1.73469,0.366249,0.911356,0.0899453,63,66,0.0821239,0.0769221,0.3491,1.33042,0,23.1969
23.2167,1.69513,0.292994,0.811032,0,0,0,0,63,66,0,0,0,0,0,traj_sz=100
23.2169,1.69513,0.292994,0.811032,1.73469,0.366249,0.911356,0.0899453,63,66,0.0803563,0.0766863,0.3491,1.32856,0,23.2169
23.2367,1.69624,0.293982,0.816902,0,0,0,0,63,66,0,0,0,0,0,traj_sz=100
23.2369,1.69624,0.293982,0.816902,1.73469,0.366249,0.911356,0.0899453,63,66,0.0790051,0.076832,0.3491,1.32711,0,23.2369
23.2567,1.69641,0.29483,0.815153,0,0,0,0,63,66,0,0,0,0,0,traj_sz=100
23.2568,1.69641,0.29483,0.815153,1.73469,0.366249,0.911356,0.0899453,63,66,0.0782333,0.0777122,0.3491,1.32633,0,23.2568
23.2768,1.69841,0.296517,0.822309,0,0,0,0,63,66,0,0,0,0,0,traj_sz=100
23.277,1.69841,0.296517,0.822309,1.7549,0.392328,0.954166,0.10115,63,67,0.108649,0.076752,0.3491,1.32378,0,23.277
23.2968,1.69882,0.297051,0.824585,0,0,0,0,63,67,0,0,0,0,0,traj_sz=100
23.2969,1.69882,0.297051,0.824585,1.7549,0.392328,0.954166,0.10115,63,67,0.108031,0.0776958,0.3491,1.3231,0,23.2969
23.3167,1.69997,0.298023,0.829818,0,0,0,0,63,67,0,0,0,0,0,traj_sz=100
23.3168,1.69997,0.298023,0.829818,1.7549,0.392328,0.954166,0.10115,63,67,0.106656,0.0778184,0.3491,1.32163,0,23.3168
23.3367,1.70094,0.299693,0.83117,0,0,0,0,63,67,0,0,0,0,0,traj_sz=100
23.3368,1.70094,0.299693,0.83117,1.7549,0.392328,0.954166,0.10115,63,67,0.1048,0.0775502,0.3491,1.31971,0,23.3368
23.3567,1.70166,0.300101,0.835047,0,0,0,0,63,67,0,0,0,0,0,traj_sz=100
23.3568,1.70166,0.300101,0.835047,1.7549,0.392328,0.954166,0.10115,63,67,0.104102,0.0783876,0.3491,1.31895,0,23.3568
23.3767,1.70332,0.302173,0.83978,0,0,0,0,63,67,0,0,0,0,0,traj_sz=100
23.3769,1.70332,0.302173,0.83978,1.7549,0.392328,0.954166,0.10115,64,67,0.101557,0.0773634,0.3491,1.3163,0,23.3769
23.3967,1.70369,0.302823,0.841483,0,0,0,0,64,67,0,0,0,0,0,traj_sz=100
23.3969,1.70369,0.302823,0.841483,1.7549,0.392328,0.954166,0.10115,64,67,0.100859,0.0782586,0.3491,1.31555,0,23.3969
23.4166,1.70459,0.303869,0.846199,0,0,0,0,64,67,0,0,0,0,0,traj_sz=100
23.4168,1.70459,0.303869,0.846199,1.7549,0.392328,0.954166,0.10115,64,67,0.0995792,0.0784915,0.3491,1.31418,0,23.4168
23.4367,1.70576,0.305325,0.84959,0,0,0,0,64,67,0,0,0,0,0,traj_sz=100
23.4368,1.70576,0.305325,0.84959,1.7549,0.392328,0.954166,0.10115,64,67,0.0977875,0.0782535,0.3491,1.31231,0,23.4368
23.4567,1.70647,0.30607,0.85119,0,0,0,0,64,67,0,0,0,0,0,traj_sz=100
23.4568,1.70647,0.30607,0.85119,1.7549,0.392328,0.954166,0.10115,64,67,0.0967946,0.0788503,0.3491,1.31129,0,23.4568
23.4766,1.70794,0.307669,0.858973,0,0,0,0,64,67,0,0,0,0,0,traj_sz=100
23.4768,1.70794,0.307669,0.858973,1.7549,0.392328,0.954166,0.10115,64,67,0.0947754,0.0782943,0.3491,1.30913,0,23.4768
23.4968,1.70861,0.308121,0.86037,0,0,0,0,64,67,0,0,0,0,0,traj_sz=100
23.4969,1.70861,0.308121,0.86037,1.7549,0.392328,0.954166,0.10115,64,67,0.0940244,0.0793664,0.3491,1.30836,0,23.4969
23.5168,1.70959,0.309371,0.865104,0,0,0,0,64,67,0,0,0,0,0,traj_sz=100
23.5169,1.70959,0.309371,0.865104,1.7549,0.392328,0.954166,0.10115,64,67,0.0925308,0.0796597,0.3491,1.30677,0,23.5169
23.5367,1.71048,0.310817,0.867054,0,0,0,0,64,67,0,0,0,0,0,traj_sz=100
23.5369,1.71048,0.310817,0.867054,1.7549,0.392328,0.954166,0.10115,64,67,0.090888,0.0798668,0.3491,1.30508,0,23.5369
23.5568,1.711,0.311544,0.869247,0,0,0,0,64,67,0,0,0,0,0,traj_sz=100
23.5569,1.711,0.311544,0.869247,1.7549,0.392328,0.954166,0.10115,64,67,0.0900368,0.0808526,0.344534,1.30419,0,23.5569
23.5768,1.71257,0.313603,0.873856,0,0,0,0,64,67,0,0,0,0,0,traj_sz=100
23.577,1.71257,0.313603,0.873856,1.7549,0.392328,0.954166,0.10115,64,67,0.087537,0.0801623,0.324908,1.3016,0,23.577
23.5967,1.7131,0.314174,0.876607,0,0,0,0,64,67,0,0,0,0,0,traj_sz=100
23.5968,1.7131,0.314174,0.876607,1.7549,0.392328,0.954166,0.10115,64,67,0.0868108,0.0812451,0.315176,1.30083,0,23.5968
23.6167,1.71412,0.315454,0.880111,0,0,0,0,64,67,0,0,0,0,0,traj_sz=100
23.6168,1.71412,0.315454,0.880111,1.7549,0.392328,0.954166,0.10115,64,67,0.0852352,0.08149,0.301195,1.29919,0,23.6168
23.6368,1.71515,0.316956,0.883312,0,0,0,0,64,67,0,0,0,0,0,traj_sz=100
23.637,1.71515,0.316956,0.883312,1.7549,0.392328,0.954166,0.10115,64,67,0.0834754,0.0815726,0.286199,1.29737,0,23.637
23.6568,1.71557,0.317673,0.884134,0,0,0,0,64,67,0,0,0,0,0,traj_sz=100
23.657,1.71557,0.317673,0.884134,1.7549,0.392328,0.954166,0.10115,64,67,0.0826704,0.0826342,0.280751,1.29655,0,23.657
23.6767,1.71749,0.319883,0.893208,0,0,0,0,64,67,0,0,0,0,0,traj_sz=100
23.6768,1.71749,0.319883,0.893208,1.7549,0.392328,0.954166,0.10115,64,67,0.0798926,0.0815617,0.24751,1.29362,0,23.6768
23.6969,1.71834,0.320719,0.894613,0,0,0,0,64,67,0,0,0,0,0,traj_sz=100
23.6971,1.71834,0.320719,0.894613,1.7549,0.392328,0.954166,0.10115,64,67,0.0787359,0.0822826,0.243541,1.29245,0,23.6971
23.7168,1.7192,0.322022,0.900152,0,0,0,0,64,67,0,0,0,0,0,traj_sz=100
23.7169,1.7192,0.322022,0.900152,1.77636,0.422603,0.997427,0.1128,64,68,0.114322,0.0825971,0.220251,1.29089,0,23.7169
23.7369,1.7204,0.32351,0.905137,0,0,0,0,64,68,0,0,0,0,0,traj_sz=100
23.7371,1.7204,0.32351,0.905137,1.77636,0.422603,0.997427,0.1128,65,68,0.112496,0.0825733,0.30884,1.28897,0,23.7371
23.7567,1.72112,0.324444,0.90572,0,0,0,0,65,68,0,0,0,0,0,traj_sz=100
23.7568,1.72112,0.324444,0.90572,1.77636,0.422603,0.997427,0.1128,65,68,0.111327,0.0832519,0.306003,1.2878,0,23.7568
23.7767,1.72236,0.326814,0.910383,0,0,0,0,65,68,0,0,0,0,0,traj_sz=100
23.7768,1.72236,0.326814,0.910383,1.77636,0.422603,0.997427,0.1128,65,68,0.108774,0.0825198,0.280598,1.28516,0,23.7768
23.7968,1.72343,0.327609,0.913874,0,0,0,0,65,68,0,0,0,0,0,traj_sz=100
23.7971,1.72343,0.327609,0.913874,1.77636,0.422603,0.997427,0.1128,65,68,0.107549,0.0831211,0.272621,1.28388,0,23.7971
23.8168,1.72457,0.329018,0.918548,0,0,0,0,65,68,0,0,0,0,0,traj_sz=100
23.8169,1.72457,0.329018,0.918548,1.77636,0.422603,0.997427,0.1128,65,68,0.105812,0.0831712,0.255327,1.28207,0,23.8169
23.8369,1.72577,0.330205,0.926232,0,0,0,0,65,68,0,0,0,0,0,traj_sz=100
23.837,1.72577,0.330205,0.926232,1.77636,0.422603,0.997427,0.1128,65,68,0.104257,0.0833701,0.230075,1.2804,0,23.837
23.8568,1.72628,0.331182,0.926133,0,0,0,0,65,68,0,0,0,0,0,traj_sz=100
23.857,1.72628,0.331182,0.926133,1.77636,0.422603,0.997427,0.1128,65,68,0.103168,0.084322,0.226874,1.27931,0,23.857
23.8768,1.72785,0.333197,0.931339,0,0,0,0,65,68,0,0,0,0,0,traj_sz=100
23.8768,1.72785,0.333197,0.931339,1.77636,0.422603,0.997427,0.1128,65,68,0.100689,0.0839107,0.206776,1.27675,0,23.8768
23.8968,1.72821,0.334199,0.92948,0,0,0,0,65,68,0,0,0,0,0,traj_sz=100
23.8968,1.72821,0.334199,0.92948,1.77636,0.422603,0.997427,0.1128,65,68,0.0996425,0.0850705,0.207984,1.27574,0,23.8968
23.9167,1.72913,0.335687,0.931677,0,0,0,0,65,68,0,0,0,0,0,traj_sz=100
23.9168,1.72913,0.335687,0.931677,1.77636,0.422603,0.997427,0.1128,65,68,0.0979347,0.0855017,0.196215,1.274,0,23.9168
23.9368,1.73041,0.337188,0.936378,0,0,0,0,65,68,0,0,0,0,0,traj_sz=100
23.937,1.73041,0.337188,0.936378,1.77636,0.422603,0.997427,0.1128,65,68,0.0960316,0.0856998,0.17955,1.27203,0,23.937
23.9568,1.73116,0.338032,0.937855,0,0,0,0,65,68,0,0,0,0,0,traj_sz=100
23.9569,1.73116,0.338032,0.937855,1.77636,0.422603,0.997427,0.1128,65,68,0.0949252,0.0867279,0.174757,1.2709,0,23.9569
23.9767,1.73289,0.340489,0.942928,0,0,0,0,65,68,0,0,0,0,0,traj_sz=100
23.9768,1.73289,0.340489,0.942928,1.77636,0.422603,0.997427,0.1128,65,68,0.0919856,0.0858727,0.152753,1.2679,0,23.9768
23.9968,1.73336,0.341207,0.945909,0,0,0,0,65,68,0,0,0,0,0,traj_sz=100
23.9969,1.73336,0.341207,0.945909,1.77636,0.422603,0.997427,0.1128,65,68,0.0911675,0.087191,0.140507,1.26704,0,23.9969
24.0168,1.73449,0.34277,0.949247,0,0,0,0,65,68,0,0,0,0,0,traj_sz=100
24.017,1.73449,0.34277,0.949247,1.77636,0.422603,0.997427,0.1128,65,68,0.089283,0.0874379,0.126371,1.26512,0,24.017
24.0367,1.73517,0.344559,0.948513,0,0,0,0,65,68,0,0,0,0,0,traj_sz=100
24.0368,1.73517,0.344559,0.948513,1.77636,0.422603,0.997427,0.1128,65,68,0.0874218,0.0877563,0.119628,1.26328,0,24.0368
24.0567,1.73611,0.345316,0.952754,0,0,0,0,65,68,0,0,0,0,0,traj_sz=100
24.0569,1.73611,0.345316,0.952754,1.77636,0.422603,0.997427,0.1128,65,68,0.0863137,0.0887468,0.107789,1.26211,0,24.0569
24.0767,1.7376,0.347724,0.957,0,0,0,0,65,68,0,0,0,0,0,traj_sz=100
24.0768,1.7376,0.347724,0.957,1.77636,0.422603,0.997427,0.1128,66,68,0.0835343,0.0880773,0.225819,1.25929,0,24.0768
24.0968,1.7384,0.348571,0.959307,0,0,0,0,66,68,0,0,0,0,0,traj_sz=100
24.097,1.7384,0.348571,0.959307,1.77636,0.422603,0.997427,0.1128,66,68,0.0824102,0.0891022,0.219167,1.25813,0,24.097
24.1167,1.73935,0.350266,0.961987,0,0,0,0,66,68,0,0,0,0,0,traj_sz=100
24.1168,1.73935,0.350266,0.961987,1.77636,0.422603,0.997427,0.1128,66,68,0.0805062,0.0893211,0.205196,1.25621,0,24.1168
24.1368,1.74023,0.351955,0.962357,0,0,0,0,66,68,0,0,0,0,0,traj_sz=100
24.1369,1.74023,0.351955,0.962357,1.79881,0.457368,1.05111,0.122114,66,69,0.119978,0.089612,0.198811,1.25433,0,24.1369
24.1568,1.74111,0.352729,0.965287,0,0,0,0,66,69,0,0,0,0,0,traj_sz=100
24.1569,1.74111,0.352729,0.965287,1.79881,0.457368,1.05111,0.122114,66,69,0.118876,0.0906121,0.191593,1.25318,0,24.1569
24.1768,1.74285,0.355113,0.968705,0,0,0,0,66,69,0,0,0,0,0,traj_sz=100
24.177,1.74285,0.355113,0.968705,1.79881,0.457368,1.05111,0.122114,66,69,0.115967,0.0898303,0.177969,1.25023,0,24.177
24.1968,1.74283,0.356072,0.966959,0,0,0,0,66,69,0,0,0,0,0,traj_sz=100
24.1969,1.74283,0.356072,0.966959,1.79881,0.457368,1.05111,0.122114,66,69,0.115167,0.091231,0.175267,1.24948,0,24.1969
24.2168,1.7441,0.357656,0.969821,0,0,0,0,66,69,0,0,0,0,0,traj_sz=100
24.2169,1.7441,0.357656,0.969821,1.79881,0.457368,1.05111,0.122114,66,69,0.113175,0.0914076,0.165442,1.24745,0,24.2169
24.2368,1.74527,0.359303,0.971058,0,0,0,0,66,69,0,0,0,0,0,traj_sz=100
24.2369,1.74527,0.359303,0.971058,1.79881,0.457368,1.05111,0.122114,66,69,0.111168,0.0918267,0.159729,1.24543,0,24.2369
24.257,1.74587,0.36001,0.974426,0,0,0,0,66,69,0,0,0,0,0,traj_sz=100
24.2571,1.74587,0.36001,0.974426,1.79881,0.457368,1.05111,0.122114,66,69,0.110282,0.0933637,0.148229,1.2445,0,24.2571
24.2767,1.74721,0.362765,0.972478,0,0,0,0,66,69,0,0,0,0,0,traj_sz=100
24.2769,1.74721,0.362765,0.972478,1.79881,0.457368,1.05111,0.122114,66,69,0.107231,0.0927703,0.145808,1.2415,0,24.2769
24.2968,1.74789,0.363288,0.978298,0,0,0,0,66,69,0,0,0,0,0,traj_sz=100
24.2969,1.74789,0.363288,0.978298,1.79881,0.457368,1.05111,0.122114,66,69,0.106481,0.0943827,0.128028,1.24068,0,24.2969
24.3168,1.74882,0.364987,0.980139,0,0,0,0,66,69,0,0,0,0,0,traj_sz=100
24.3169,1.74882,0.364987,0.980139,1.79881,0.457368,1.05111,0.122114,66,69,0.104569,0.0949057,0.116848,1.23876,0,24.3169
24.3369,1.7497,0.36663,0.980252,0,0,0,0,66,69,0,0,0,0,0,traj_sz=100
24.3371,1.7497,0.36663,0.980252,1.79881,0.457368,1.05111,0.122114,66,69,0.102715,0.0955192,0.111793,1.23692,0,24.3371
24.3567,1.75047,0.367422,0.980645,0,0,0,0,66,69,0,0,0,0,0,traj_sz=100
24.3568,1.75047,0.367422,0.980645,1.79881,0.457368,1.05111,0.122114,66,69,0.101632,0.0968301,0.11222,1.23582,0,24.3568
24.3768,1.75168,0.370267,0.980711,0,0,0,0,66,69,0,0,0,0,0,traj_sz=100
24.3769,1.75168,0.370267,0.980711,1.79881,0.457368,1.05111,0.122114,66,69,0.0985976,0.096272,0.100129,1.23283,0,24.3769
24.3967,1.7528,0.371018,0.985371,0,0,0,0,66,69,0,0,0,0,0,traj_sz=100
24.3968,1.7528,0.371018,0.985371,1.79881,0.457368,1.05111,0.122114,66,69,0.0973915,0.0974297,0.0898153,1.23155,0,24.3968
24.4169,1.75376,0.372852,0.987152,0,0,0,0,66,69,0,0,0,0,0,traj_sz=100
24.417,1.75376,0.372852,0.987152,1.79881,0.457368,1.05111,0.122114,67,69,0.0953506,0.0978371,0.211873,1.22951,0,24.417
24.4367,1.75496,0.37464,0.990487,0,0,0,0,67,69,0,0,0,0,0,traj_sz=100
24.437,1.75496,0.37464,0.990487,1.79881,0.457368,1.05111,0.122114,67,69,0.0932288,0.0981169,0.198991,1.22736,0,24.437
24.4567,1.75547,0.375637,0.989215,0,0,0,0,67,69,0,0,0,0,0,traj_sz=100
24.4568,1.75547,0.375637,0.989215,1.79881,0.457368,1.05111,0.122114,67,69,0.0921051,0.0994247,0.201165,1.22626,0,24.4568
24.4767,1.75719,0.378478,0.992363,0,0,0,0,67,69,0,0,0,0,0,traj_sz=100
24.4768,1.75719,0.378478,0.992363,1.79881,0.457368,1.05111,0.122114,67,69,0.0888082,0.0985499,0.186342,1.22295,0,24.4768
24.4969,1.75773,0.379263,0.99532,0,0,0,0,67,69,0,0,0,0,0,traj_sz=100
24.4971,1.75773,0.379263,0.99532,1.79881,0.457368,1.05111,0.122114,67,69,0.08788,0.100065,0.175471,1.222,0,24.4971
24.5168,1.75879,0.381198,0.994975,0,0,0,0,67,69,0,0,0,0,0,traj_sz=100
24.517,1.75879,0.381198,0.994975,1.79881,0.457368,1.05111,0.122114,67,69,0.0856796,0.100296,0.172864,1.21982,0,24.517
24.5368,1.75976,0.383138,0.994859,0,0,0,0,67,69,0,0,0,0,0,traj_sz=100
24.5368,1.75976,0.383138,0.994859,1.79881,0.457368,1.05111,0.122114,67,69,0.0835241,0.100569,0.168306,1.21769,0,24.5368
24.5567,1.76044,0.38391,0.996823,0,0,0,0,67,69,0,0,0,0,0,traj_sz=100
24.5568,1.76044,0.38391,0.996823,1.79881,0.457368,1.05111,0.122114,67,69,0.0825217,0.101971,0.162841,1.21667,0,24.5568
24.5768,1.76187,0.386696,0.998291,0,0,0,0,67,69,0,0,0,0,0,traj_sz=100
24.5768,1.76187,0.386696,0.998291,1.79881,0.457368,1.05111,0.122114,67,69,0.0794161,0.101307,0.150904,1.21359,0,24.5768
24.5969,1.76263,0.387584,1.0008,0,0,0,0,67,69,0,0,0,0,0,traj_sz=100
24.597,1.76263,0.387584,1.0008,1.79881,0.457368,1.05111,0.122114,67,69,0.0782769,0.102798,0.143456,1.21242,0,24.597
24.6168,1.76358,0.389528,1.00184,0,0,0,0,67,69,0,0,0,0,0,traj_sz=100
24.6169,1.76358,0.389528,1.00184,1.79881,0.457368,1.05111,0.122114,67,69,0.0761326,0.103324,0.134496,1.2103,0,24.6169
24.6367,1.76469,0.39156,1.00238,0,0,0,0,67,69,0,0,0,0,0,traj_sz=100
24.6368,1.76469,0.39156,1.00238,1.79881,0.457368,1.05111,0.122114,67,69,0.0738273,0.103696,0.128534,1.20801,0,24.6368
24.6567,1.7655,0.392268,1.00607,0,0,0,0,67,69,0,0,0,0,0,traj_sz=100
24.6569,1.7655,0.392268,1.00607,1.79881,0.457368,1.05111,0.122114,67,69,0.072818,0.105339,0.119036,1.20695,0,24.6569
24.6769,1.76729,0.395208,1.00888,0,0,0,0,67,69,0,0,0,0,0,traj_sz=100
24.677,1.76729,0.395208,1.00888,1.79881,0.457368,1.05111,0.122114,67,69,0.0693976,0.104597,0.105268,1.20353,0,24.677
24.6967,1.76771,0.396122,1.00933,0,0,0,0,67,69,0,0,0,0,0,traj_sz=100
24.6968,1.76771,0.396122,1.00933,1.79881,0.457368,1.05111,0.122114,67,69,0.0684013,0.106258,0.100907,1.20255,0,24.6968
24.7168,1.76882,0.397949,1.01172,0,0,0,0,67,69,0,0,0,0,0,traj_sz=100
24.7169,1.76882,0.397949,1.01172,1.79881,0.457368,1.05111,0.122114,67,69,0.0662786,0.106814,0.0900113,1.20043,0,24.7169
24.7368,1.76984,0.400041,1.01222,0,0,0,0,67,69,0,0,0,0,0,traj_sz=100
24.7369,1.76984,0.400041,1.01222,1.79881,0.457368,1.05111,0.122114,67,69,0.0639656,0.107181,0.0825903,1.19814,0,24.7369
24.7568,1.77058,0.400919,1.01416,0,0,0,0,67,69,0,0,0,0,0,traj_sz=100
24.7571,1.77058,0.400919,1.01416,1.79881,0.457368,1.05111,0.122114,67,69,0.0628406,0.108737,0.077035,1.197,0,24.7571
24.7768,1.7725,0.403907,1.01812,0,0,0,0,67,69,0,0,0,0,0,traj_sz=100
24.7769,1.7725,0.403907,1.01812,1.79881,0.457368,1.05111,0.122114,68,69,0.0593151,0.107836,0.205613,1.19346,0,24.7769
24.7968,1.77246,0.405119,1.01436,0,0,0,0,68,69,0,0,0,0,0,traj_sz=100
24.7969,1.77246,0.405119,1.01436,1.79881,0.457368,1.05111,0.122114,68,69,0.0582828,0.10953,0.208841,1.19252,0,24.7969
24.8167,1.77404,0.406962,1.01898,0,0,0,0,68,69,0,0,0,0,0,traj_sz=100
24.8169,1.77404,0.406962,1.01898,1.82106,0.496253,1.10923,0.128346,68,70,0.100685,0.109796,0.197158,1.1901,0,24.8169
24.8367,1.77539,0.408829,1.0226,0,0,0,0,68,70,0,0,0,0,0,traj_sz=100
24.8368,1.77539,0.408829,1.0226,1.82106,0.496253,1.10923,0.128346,68,70,0.0984136,0.110152,0.185913,1.1878,0,24.8368
24.8567,1.77553,0.41002,1.01941,0,0,0,0,68,70,0,0,0,0,0,traj_sz=100
24.8568,1.77553,0.41002,1.01941,1.82106,0.496253,1.10923,0.128346,68,70,0.0973049,0.111763,0.189437,1.18677,0,24.8568
24.8767,1.77756,0.412974,1.0253,0,0,0,0,68,70,0,0,0,0,0,traj_sz=100
24.8768,1.77756,0.412974,1.0253,1.82106,0.496253,1.10923,0.128346,68,70,0.0937647,0.110846,0.16973,1.18319,0,24.8768
24.8967,1.77799,0.414236,1.02204,0,0,0,0,68,70,0,0,0,0,0,traj_sz=100
24.8967,1.77799,0.414236,1.02204,1.82106,0.496253,1.10923,0.128346,68,70,0.0924427,0.112219,0.176612,1.18193,0,24.8967
24.9168,1.77947,0.416364,1.02536,0,0,0,0,68,70,0,0,0,0,0,traj_sz=100
24.9169,1.77947,0.416364,1.02536,1.82106,0.496253,1.10923,0.128346,68,70,0.0898759,0.112322,0.165992,1.17934,0,24.9169
24.9367,1.78063,0.41846,1.02886,0,0,0,0,68,70,0,0,0,0,0,traj_sz=100
24.9368,1.78063,0.41846,1.02886,1.82106,0.496253,1.10923,0.128346,68,70,0.0874993,0.112583,0.151026,1.17697,0,24.9368
24.9567,1.78063,0.41846,1.02886,0,0,0,0,68,70,0,0,0,0,0,traj_sz=100
24.9568,1.78063,0.41846,1.02886,1.82106,0.496253,1.10923,0.128346,68,70,0.0874993,0.115314,0.151026,1.17697,0,24.9568
24.9767,1.78289,0.423042,1.03116,0,0,0,0,68,70,0,0,0,0,0,traj_sz=100
24.977,1.78289,0.423042,1.03116,1.82106,0.496253,1.10923,0.128346,68,70,0.082421,0.113037,0.133906,1.17196,0,24.977
24.9969,1.78377,0.424094,1.03394,0,0,0,0,68,70,0,0,0,0,0,traj_sz=100
24.997,1.78377,0.424094,1.03394,1.82106,0.496253,1.10923,0.128346,68,70,0.081077,0.114459,0.126495,1.17059,0,24.997
25.0169,1.78513,0.426309,1.03732,0,0,0,0,68,70,0,0,0,0,0,traj_sz=100
25.017,1.78513,0.426309,1.03732,1.82106,0.496253,1.10923,0.128346,68,70,0.0784942,0.114638,0.113441,1.16801,0,25.017
25.0368,1.78646,0.428678,1.03925,0,0,0,0,68,70,0,0,0,0,0,traj_sz=100
25.0369,1.78646,0.428678,1.03925,1.82106,0.496253,1.10923,0.128346,68,70,0.0757866,0.114698,0.103986,1.16532,0,25.0369
25.0568,1.78703,0.429893,1.03828,0,0,0,0,68,70,0,0,0,0,0,traj_sz=100
25.0569,1.78703,0.429893,1.03828,1.82106,0.496253,1.10923,0.128346,68,70,0.0744478,0.116142,0.104724,1.16401,0,25.0569
25.0768,1.78905,0.433313,1.04521,0,0,0,0,68,70,0,0,0,0,0,traj_sz=100
25.0769,1.78905,0.433313,1.04521,1.82106,0.496253,1.10923,0.128346,68,70,0.0705068,0.114952,0.0773537,1.16007,0,25.0769
25.0968,1.78976,0.434609,1.04425,0,0,0,0,68,70,0,0,0,0,0,traj_sz=100
25.0969,1.78976,0.434609,1.04425,1.82106,0.496253,1.10923,0.128346,68,70,0.0690253,0.116258,0.0792101,1.15861,0,25.0969
25.1168,1.79079,0.436926,1.04691,0,0,0,0,68,70,0,0,0,0,0,traj_sz=100
25.1169,1.79079,0.436926,1.04691,1.82106,0.496253,1.10923,0.128346,68,70,0.0665129,0.116519,0.0638022,1.15615,0,25.1169
25.1366,1.79224,0.439252,1.05029,0,0,0,0,68,70,0,0,0,0,0,traj_sz=100
25.1368,1.79224,0.439252,1.05029,1.82106,0.496253,1.10923,0.128346,69,70,0.063785,0.116533,0.23773,1.15342,0,25.1368
25.1568,1.79281,0.44047,1.04983,0,0,0,0,69,70,0,0,0,0,0,traj_sz=100
25.1569,1.79281,0.44047,1.04983,1.82106,0.496253,1.10923,0.128346,69,70,0.0624417,0.117992,0.237776,1.15211,0,25.1569
25.1766,1.7947,0.443959,1.05132,0,0,0,0,69,70,0,0,0,0,0,traj_sz=100
25.1768,1.7947,0.443959,1.05132,1.84203,0.538412,1.16413,0.131707,69,71,0.105489,0.11678,0.230967,1.1482,0,25.1768
25.1967,1.79518,0.445017,1.05439,0,0,0,0,69,71,0,0,0,0,0,traj_sz=100
25.1968,1.79518,0.445017,1.05439,1.84203,0.538412,1.16413,0.131707,69,71,0.104348,0.118398,0.218329,1.14707,0,25.1968
25.2167,1.79646,0.447598,1.05369,0,0,0,0,69,71,0,0,0,0,0,traj_sz=100
25.2168,1.79646,0.447598,1.05369,1.84203,0.538412,1.16413,0.131707,69,71,0.101468,0.118303,0.218261,1.14424,0,25.2168
25.2368,1.79746,0.449603,1.05638,0,0,0,0,69,71,0,0,0,0,0,traj_sz=100
25.237,1.79746,0.449603,1.05638,1.84203,0.538412,1.16413,0.131707,69,71,0.0992436,0.118859,0.206703,1.14205,0,25.237
25.2567,1.79809,0.450608,1.05772,0,0,0,0,69,71,0,0,0,0,0,traj_sz=100
25.2568,1.79809,0.450608,1.05772,1.84203,0.538412,1.16413,0.131707,69,71,0.0980644,0.120428,0.20261,1.14087,0,25.2568
25.2768,1.79939,0.453939,1.05776,0,0,0,0,69,71,0,0,0,0,0,traj_sz=100
25.2769,1.79939,0.453939,1.05776,1.84203,0.538412,1.16413,0.131707,69,71,0.0945274,0.11968,0.194509,1.13745,0,25.2769
25.2968,1.80036,0.45506,1.06114,0,0,0,0,69,71,0,0,0,0,0,traj_sz=100
25.297,1.80036,0.45506,1.06114,1.84203,0.538412,1.16413,0.131707,69,71,0.0930905,0.121003,0.186586,1.13597,0,25.297
25.3167,1.80147,0.457272,1.06273,0,0,0,0,69,71,0,0,0,0,0,traj_sz=100
25.3168,1.80147,0.457272,1.06273,1.84203,0.538412,1.16413,0.131707,69,71,0.0906227,0.121285,0.178876,1.13354,0,25.3168
25.3367,1.80275,0.45969,1.06672,0,0,0,0,69,71,0,0,0,0,0,traj_sz=100
25.3368,1.80275,0.45969,1.06672,1.84203,0.538412,1.16413,0.131707,69,71,0.0879028,0.121329,0.163167,1.13084,0,25.3368
25.3568,1.80328,0.460925,1.06819,0,0,0,0,69,71,0,0,0,0,0,traj_sz=100
25.3569,1.80328,0.460925,1.06819,1.84203,0.538412,1.16413,0.131707,69,71,0.0865723,0.122799,0.155527,1.12955,0,25.3569
25.3767,1.80506,0.464284,1.07443,0,0,0,0,69,71,0,0,0,0,0,traj_sz=100
25.377,1.80506,0.464284,1.07443,1.84203,0.538412,1.16413,0.131707,69,71,0.0827864,0.121797,0.131331,1.1258,0,25.377
25.3968,1.8059,0.465424,1.07686,0,0,0,0,69,71,0,0,0,0,0,traj_sz=100
25.397,1.8059,0.465424,1.07686,1.84203,0.538412,1.16413,0.131707,69,71,0.0813942,0.123182,0.124949,1.12439,0,25.397
25.4168,1.80698,0.4682,1.07736,0,0,0,0,69,71,0,0,0,0,0,traj_sz=100
25.4169,1.80698,0.4682,1.07736,1.84203,0.538412,1.16413,0.131707,69,71,0.0784381,0.123004,0.116555,1.12154,0,25.4169
25.4367,1.80815,0.470638,1.08191,0,0,0,0,69,71,0,0,0,0,0,traj_sz=100
25.4368,1.80815,0.470638,1.08191,1.84203,0.538412,1.16413,0.131707,69,71,0.0757478,0.123074,0.0971974,1.1189,0,25.4368
25.4567,1.80896,0.472071,1.0837,0,0,0,0,69,71,0,0,0,0,0,traj_sz=100
25.4568,1.80896,0.472071,1.0837,1.84203,0.538412,1.16413,0.131707,69,71,0.0741058,0.124222,0.0906392,1.11727,0,25.4568
25.4767,1.811,0.476182,1.08801,0,0,0,0,69,71,0,0,0,0,0,traj_sz=100
25.4768,1.811,0.476182,1.08801,1.84203,0.538412,1.16413,0.131707,69,71,0.069521,0.122421,0.0711387,1.11278,0,25.4768
25.4967,1.81152,0.477393,1.08515,0,0,0,0,69,71,0,0,0,0,0,traj_sz=100
25.4968,1.81152,0.477393,1.08515,1.84203,0.538412,1.16413,0.131707,70,71,0.0682054,0.123885,0.26049,1.11151,0,25.4968
25.5168,1.81303,0.480239,1.0922,0,0,0,0,70,71,0,0,0,0,0,traj_sz=100
25.5169,1.81303,0.480239,1.0922,1.84203,0.538412,1.16413,0.131707,70,71,0.0649939,0.123468,0.236354,1.10834,0,25.5169
25.5368,1.81424,0.482806,1.09019,0,0,0,0,70,71,0,0,0,0,0,traj_sz=100
25.5369,1.81424,0.482806,1.09019,1.86114,0.58279,1.21269,0.132753,70,72,0.110341,0.123421,0.242726,1.10558,0,25.5369
25.5569,1.81493,0.484038,1.09387,0,0,0,0,70,72,0,0,0,0,0,traj_sz=100
25.5571,1.81493,0.484038,1.09387,1.86114,0.58279,1.21269,0.132753,70,72,0.108947,0.124811,0.230483,1.10418,0,25.5571
25.5768,1.81695,0.488109,1.09711,0,0,0,0,70,72,0,0,0,0,0,traj_sz=100
25.5769,1.81695,0.488109,1.09711,1.86114,0.58279,1.21269,0.132753,70,72,0.104416,0.123022,0.218726,1.09974,0,25.5769
25.5967,1.81752,0.489327,1.09928,0,0,0,0,70,72,0,0,0,0,0,traj_sz=100
25.5968,1.81752,0.489327,1.09928,1.86114,0.58279,1.21269,0.132753,70,72,0.103079,0.124446,0.210473,1.09843,0,25.5968
25.6169,1.81873,0.491747,1.1006,0,0,0,0,70,72,0,0,0,0,0,traj_sz=100
25.6171,1.81873,0.491747,1.1006,1.86114,0.58279,1.21269,0.132753,70,72,0.100377,0.124563,0.205837,1.09578,0,25.6171
25.6367,1.82004,0.494253,1.10342,0,0,0,0,70,72,0,0,0,0,0,traj_sz=100
25.6368,1.82004,0.494253,1.10342,1.86114,0.58279,1.21269,0.132753,70,72,0.0975583,0.124479,0.196574,1.093,0,25.6368
25.6568,1.82036,0.495339,1.10467,0,0,0,0,70,72,0,0,0,0,0,traj_sz=100
25.6569,1.82036,0.495339,1.10467,1.86114,0.58279,1.21269,0.132753,70,72,0.0964499,0.126151,0.189052,1.09195,0,25.6569
25.6768,1.82226,0.498965,1.1093,0,0,0,0,70,72,0,0,0,0,0,traj_sz=100
25.6769,1.82226,0.498965,1.1093,1.86114,0.58279,1.21269,0.132753,70,72,0.0923675,0.124841,0.173722,1.08793,0,25.6769
25.6968,1.82267,0.500435,1.10895,0,0,0,0,70,72,0,0,0,0,0,traj_sz=100
25.6969,1.82267,0.500435,1.10895,1.86114,0.58279,1.21269,0.132753,70,72,0.0908679,0.126096,0.17069,1.08652,0,25.6969
25.7167,1.82411,0.502803,1.11489,0,0,0,0,70,72,0,0,0,0,0,traj_sz=100
25.7169,1.82411,0.502803,1.11489,1.86114,0.58279,1.21269,0.132753,70,72,0.0881219,0.126086,0.152741,1.08378,0,25.7169
25.7367,1.82534,0.505366,1.11843,0,0,0,0,70,72,0,0,0,0,0,traj_sz=100
25.7368,1.82534,0.505366,1.11843,1.86114,0.58279,1.21269,0.132753,70,72,0.0852844,0.125975,0.139438,1.08101,0,25.7368
25.7568,1.8255,0.50659,1.11806,0,0,0,0,70,72,0,0,0,0,0,traj_sz=100
25.7569,1.8255,0.50659,1.11806,1.86114,0.58279,1.21269,0.132753,70,72,0.0841143,0.127569,0.134734,1.07995,0,25.7569
25.7768,1.82725,0.510271,1.12293,0,0,0,0,70,72,0,0,0,0,0,traj_sz=100
25.777,1.82725,0.510271,1.12293,1.86114,0.58279,1.21269,0.132753,70,72,0.0800436,0.126245,0.116096,1.07598,0,25.777
25.7968,1.82788,0.511356,1.12618,0,0,0,0,70,72,0,0,0,0,0,traj_sz=100
25.7969,1.82788,0.511356,1.12618,1.86114,0.58279,1.21269,0.132753,70,72,0.0787944,0.127737,0.105673,1.07474,0,25.7969
25.8167,1.82905,0.513963,1.12759,0,0,0,0,70,72,0,0,0,0,0,traj_sz=100
25.8168,1.82905,0.513963,1.12759,1.86114,0.58279,1.21269,0.132753,70,72,0.0759369,0.127615,0.0989161,1.07197,0,25.8168
25.8368,1.82991,0.516676,1.1288,0,0,0,0,70,72,0,0,0,0,0,traj_sz=100
25.8369,1.82991,0.516676,1.1288,1.86114,0.58279,1.21269,0.132753,70,72,0.0731211,0.12756,0.0878814,1.06932,0,25.8369
25.8568,1.83066,0.517829,1.13372,0,0,0,0,70,72,0,0,0,0,0,traj_sz=100
25.857,1.83066,0.517829,1.13372,1.86114,0.58279,1.21269,0.132753,71,72,0.0717548,0.128942,0.230512,1.06795,0,25.857
25.8767,1.83254,0.522078,1.13779,0,0,0,0,71,72,0,0,0,0,0,traj_sz=100
25.8769,1.83254,0.522078,1.13779,1.86114,0.58279,1.21269,0.132753,71,72,0.067108,0.127033,0.216542,1.06346,0,25.8769
25.8967,1.83284,0.523403,1.1375,0,0,0,0,71,72,0,0,0,0,0,traj_sz=100
25.8968,1.83284,0.523403,1.1375,1.87821,0.628403,1.25261,0.132183,71,73,0.114344,0.128442,0.213888,1.06224,0,25.8968
25.9167,1.83418,0.526171,1.14045,0,0,0,0,71,73,0,0,0,0,0,traj_sz=100
25.9168,1.83418,0.526171,1.14045,1.87821,0.628403,1.25261,0.132183,71,73,0.111279,0.128109,0.205242,1.05925,0,25.9168
25.9367,1.83537,0.528968,1.14308,0,0,0,0,71,73,0,0,0,0,0,traj_sz=100
25.9368,1.83537,0.528968,1.14308,1.87821,0.628403,1.25261,0.132183,71,73,0.108249,0.127811,0.195504,1.05633,0,25.9368
25.9568,1.83567,0.530013,1.14458,0,0,0,0,71,73,0,0,0,0,0,traj_sz=100
25.9571,1.83567,0.530013,1.14458,1.87821,0.628403,1.25261,0.132183,71,73,0.107175,0.129505,0.188085,1.05533,0,25.9571
25.9767,1.83722,0.533674,1.14695,0,0,0,0,71,73,0,0,0,0,0,traj_sz=100
25.9768,1.83722,0.533674,1.14695,1.87821,0.628403,1.25261,0.132183,71,73,0.103205,0.128251,0.179174,1.05151,0,25.9768
25.9967,1.83797,0.534617,1.15105,0,0,0,0,71,73,0,0,0,0,0,traj_sz=100
25.9969,1.83797,0.534617,1.15105,1.87821,0.628403,1.25261,0.132183,71,73,0.102044,0.129831,0.169162,1.0503,0,25.9969
26.0167,1.83907,0.537042,1.15445,0,0,0,0,71,73,0,0,0,0,0,traj_sz=100
26.0168,1.83907,0.537042,1.15445,1.87821,0.628403,1.25261,0.132183,71,73,0.0993855,0.129901,0.157687,1.04773,0,26.0168
26.0367,1.83975,0.539496,1.15435,0,0,0,0,71,73,0,0,0,0,0,traj_sz=100
26.0369,1.83975,0.539496,1.15435,1.87821,0.628403,1.25261,0.132183,71,73,0.0968666,0.130133,0.152838,1.04539,0,26.0369
26.0568,1.84046,0.540656,1.15607,0,0,0,0,71,73,0,0,0,0,0,traj_sz=100
26.0569,1.84046,0.540656,1.15607,1.87821,0.628403,1.25261,0.132183,71,73,0.0955212,0.131496,0.149504,1.04405,0,26.0569
26.0768,1.84173,0.544678,1.15927,0,0,0,0,71,73,0,0,0,0,0,traj_sz=100
26.0768,1.84173,0.544678,1.15927,1.87821,0.628403,1.25261,0.132183,71,73,0.0913256,0.129977,0.131732,1.04012,0,26.0768
26.0968,1.8428,0.545752,1.16457,0,0,0,0,71,73,0,0,0,0,0,traj_sz=100
26.097,1.8428,0.545752,1.16457,1.87821,0.628403,1.25261,0.132183,71,73,0.0899177,0.131275,0.120924,1.03862,0,26.097
26.1169,1.8435,0.548474,1.16486,0,0,0,0,71,73,0,0,0,0,0,traj_sz=100
26.117,1.8435,0.548474,1.16486,1.87821,0.628403,1.25261,0.132183,71,73,0.087138,0.131179,0.113479,1.03606,0,26.117
26.1366,1.8448,0.551116,1.16977,0,0,0,0,71,73,0,0,0,0,0,traj_sz=100
26.1367,1.8448,0.551116,1.16977,1.87821,0.628403,1.25261,0.132183,71,73,0.0841967,0.13089,0.0979829,1.0332,0,26.1367
26.1567,1.84491,0.552561,1.16642,0,0,0,0,71,73,0,0,0,0,0,traj_sz=100
26.1567,1.84491,0.552561,1.16642,1.87821,0.628403,1.25261,0.132183,71,73,0.0828282,0.132198,0.102935,1.03202,0,26.1567
26.1768,1.84657,0.557091,1.17129,0,0,0,0,71,73,0,0,0,0,0,traj_sz=100
26.1769,1.84657,0.557091,1.17129,1.87821,0.628403,1.25261,0.132183,71,73,0.0780053,0.130087,0.0813637,1.02746,0,26.1769
26.1967,1.84746,0.558324,1.17687,0,0,0,0,71,73,0,0,0,0,0,traj_sz=100
26.1969,1.84746,0.558324,1.17687,1.87821,0.628403,1.25261,0.132183,71,73,0.0765133,0.131281,0.0663404,1.02594,0,26.1969
26.2167,1.84836,0.561299,1.17794,0,0,0,0,71,73,0,0,0,0,0,traj_sz=100
26.2168,1.84836,0.561299,1.17794,1.87821,0.628403,1.25261,0.132183,71,73,0.0734195,0.130857,0.0572054,1.02308,0,26.2168
26.2369,1.84971,0.564461,1.18158,0,0,0,0,71,73,0,0,0,0,0,traj_sz=100
26.237,1.84971,0.564461,1.18158,1.87821,0.628403,1.25261,0.132183,72,73,0.069975,0.130132,0.178836,1.01978,0,26.237
26.2568,1.85011,0.565839,1.18331,0,0,0,0,72,73,0,0,0,0,0,traj_sz=100
26.257,1.85011,0.565839,1.18331,1.87821,0.628403,1.25261,0.132183,72,73,0.0685423,0.131374,0.171033,1.01846,0,26.257
26.2769,1.85193,0.570502,1.18619,0,0,0,0,72,73,0,0,0,0,0,traj_sz=100
26.277,1.85193,0.570502,1.18619,1.89338,0.674463,1.28241,0.130748,72,74,0.111919,0.129066,0.161636,1.01371,0,26.277
26.2967,1.85232,0.571683,1.18941,0,0,0,0,72,74,0,0,0,0,0,traj_sz=100
26.2968,1.85232,0.571683,1.18941,1.89338,0.674463,1.28241,0.130748,72,74,0.110677,0.13047,0.149364,1.01255,0,26.2968
26.3167,1.85323,0.574431,1.18982,0,0,0,0,72,74,0,0,0,0,0,traj_sz=100
26.3168,1.85323,0.574431,1.18982,1.89338,0.674463,1.28241,0.130748,72,74,0.107788,0.130258,0.146236,1.00986,0,26.3168
26.3367,1.85412,0.577371,1.18937,0,0,0,0,72,74,0,0,0,0,0,traj_sz=100
26.3367,1.85412,0.577371,1.18937,1.89338,0.674463,1.28241,0.130748,72,74,0.10473,0.129867,0.144831,1.00704,0,26.3367
26.3568,1.85495,0.578723,1.19158,0,0,0,0,72,74,0,0,0,0,0,traj_sz=100
26.3569,1.85495,0.578723,1.19158,1.89338,0.674463,1.28241,0.130748,72,74,0.103164,0.131008,0.141485,1.00546,0,26.3569
26.3766,1.8562,0.583173,1.19245,0,0,0,0,72,74,0,0,0,0,0,traj_sz=100
26.3767,1.8562,0.583173,1.19245,1.89338,0.674463,1.28241,0.130748,72,74,0.0985655,0.129053,0.132559,1.00125,0,26.3767
26.3967,1.85676,0.584614,1.19503,0,0,0,0,72,74,0,0,0,0,0,traj_sz=100
26.3968,1.85676,0.584614,1.19503,1.89338,0.674463,1.28241,0.130748,72,74,0.0970204,0.130199,0.123436,0.999789,0,26.3968
26.4169,1.85799,0.587585,1.19703,0,0,0,0,72,74,0,0,0,0,0,traj_sz=100
26.417,1.85799,0.587585,1.19703,1.89338,0.674463,1.28241,0.130748,72,74,0.0938032,0.129684,0.117937,0.996724,0,26.417
26.4368,1.85902,0.59059,1.19839,0,0,0,0,72,74,0,0,0,0,0,traj_sz=100
26.4369,1.85902,0.59059,1.19839,1.89338,0.674463,1.28241,0.130748,72,74,0.0906253,0.129097,0.111759,0.993759,0,26.4369
26.4568,1.85933,0.592185,1.19756,0,0,0,0,72,74,0,0,0,0,0,traj_sz=100
26.4569,1.85933,0.592185,1.19756,1.89338,0.674463,1.28241,0.130748,72,74,0.0890293,0.130112,0.110726,0.992342,0,26.4569
26.4767,1.86078,0.596462,1.20084,0,0,0,0,72,74,0,0,0,0,0,traj_sz=100
26.4768,1.86078,0.596462,1.20084,1.89338,0.674463,1.28241,0.130748,72,74,0.0845095,0.128199,0.0968337,0.988138,0,26.4768
26.4967,1.86159,0.597866,1.20435,0,0,0,0,72,74,0,0,0,0,0,traj_sz=100
26.4968,1.86159,0.597866,1.20435,1.89338,0.674463,1.28241,0.130748,72,74,0.0829018,0.12922,0.0881604,0.986546,0,26.4968
26.5169,1.86271,0.600646,1.20714,0,0,0,0,72,74,0,0,0,0,0,traj_sz=100
26.517,1.86271,0.600646,1.20714,1.89338,0.674463,1.28241,0.130748,72,74,0.0798991,0.128859,0.0792403,0.983702,0,26.517
26.5368,1.86365,0.603473,1.20827,0,0,0,0,72,74,0,0,0,0,0,traj_sz=100
26.5369,1.86365,0.603473,1.20827,1.89338,0.674463,1.28241,0.130748,72,74,0.0769186,0.128481,0.073527,0.980939,0,26.5369
26.5568,1.86408,0.604928,1.20843,0,0,0,0,72,74,0,0,0,0,0,traj_sz=100
26.557,1.86408,0.604928,1.20843,1.89338,0.674463,1.28241,0.130748,72,74,0.0754045,0.12959,0.0713588,0.979552,0,26.557
26.5769,1.86552,0.608881,1.21211,0,0,0,0,72,74,0,0,0,0,0,traj_sz=100
26.577,1.86552,0.608881,1.21211,1.89338,0.674463,1.28241,0.130748,73,74,0.0711896,0.128002,0.159889,0.975616,0,26.577
26.5968,1.86557,0.610453,1.20963,0,0,0,0,73,74,0,0,0,0,0,traj_sz=100
26.5969,1.86557,0.610453,1.20963,1.89338,0.674463,1.28241,0.130748,73,74,0.0697094,0.129108,0.16211,0.974391,0,26.5969
26.6168,1.86669,0.613092,1.21202,0,0,0,0,73,74,0,0,0,0,0,traj_sz=100
26.6171,1.86669,0.613092,1.21202,1.89338,0.674463,1.28241,0.130748,73,74,0.0668339,0.128867,0.157201,0.971654,0,26.6171
26.6368,1.86797,0.615655,1.21688,0,0,0,0,73,74,0,0,0,0,0,traj_sz=100
26.6369,1.86797,0.615655,1.21688,1.90702,0.72045,1.30131,0.129076,73,75,0.111832,0.128621,0.145903,0.968876,0,26.6369
26.6568,1.86841,0.616909,1.21936,0,0,0,0,73,75,0,0,0,0,0,traj_sz=100
26.657,1.86841,0.616909,1.21936,1.90702,0.72045,1.30131,0.129076,73,75,0.110503,0.129919,0.137371,0.967638,0,26.657
26.6768,1.86962,0.620627,1.21992,0,0,0,0,73,75,0,0,0,0,0,traj_sz=100
26.677,1.86962,0.620627,1.21992,1.90702,0.72045,1.30131,0.129076,73,75,0.106595,0.12862,0.135139,0.964033,0,26.677
26.6968,1.86978,0.621926,1.22034,0,0,0,0,73,75,0,0,0,0,0,traj_sz=100
26.6969,1.86978,0.621926,1.22034,1.90702,0.72045,1.30131,0.129076,73,75,0.10532,0.129937,0.129784,0.962947,0,26.6969
26.7167,1.87051,0.624234,1.2226,0,0,0,0,73,75,0,0,0,0,0,traj_sz=100
26.7168,1.87051,0.624234,1.2226,1.90702,0.72045,1.30131,0.129076,73,75,0.102898,0.130115,0.121239,0.960723,0,26.7168
26.7367,1.87163,0.626699,1.22553,0,0,0,0,73,75,0,0,0,0,0,traj_sz=100
26.7369,1.87163,0.626699,1.22553,1.90702,0.72045,1.30131,0.129076,73,75,0.100196,0.13005,0.115024,0.958131,0,26.7369
26.7567,1.87169,0.628002,1.22397,0,0,0,0,73,75,0,0,0,0,0,traj_sz=100
26.7569,1.87169,0.628002,1.22397,1.90702,0.72045,1.30131,0.129076,73,75,0.0989525,0.131402,0.115408,0.957108,0,26.7569
26.7766,1.87321,0.63198,1.228,0,0,0,0,73,75,0,0,0,0,0,traj_sz=100
26.7767,1.87321,0.63198,1.228,1.90702,0.72045,1.30131,0.129076,73,75,0.0946883,0.129735,0.103806,0.953113,0,26.7767
26.7967,1.87345,0.633458,1.22821,0,0,0,0,73,75,0,0,0,0,0,traj_sz=100
26.7968,1.87345,0.633458,1.22821,1.90702,0.72045,1.30131,0.129076,73,75,0.0932127,0.130837,0.0996722,0.951836,0,26.7968
26.8167,1.87466,0.636209,1.23204,0,0,0,0,73,75,0,0,0,0,0,traj_sz=100
26.8169,1.87466,0.636209,1.23204,1.90702,0.72045,1.30131,0.129076,73,75,0.090207,0.13041,0.090177,0.948971,0,26.8169
26.8367,1.87539,0.639192,1.23263,0,0,0,0,73,75,0,0,0,0,0,traj_sz=100
26.837,1.87539,0.639192,1.23263,1.90702,0.72045,1.30131,0.129076,73,75,0.0871505,0.129919,0.0843837,0.94625,0,26.837
26.8567,1.87585,0.640596,1.23595,0,0,0,0,73,75,0,0,0,0,0,traj_sz=100
26.8567,1.87585,0.640596,1.23595,1.90702,0.72045,1.30131,0.129076,73,75,0.0856632,0.130966,0.0723909,0.944892,0,26.8567
26.8767,1.877,0.645055,1.23559,0,0,0,0,73,75,0,0,0,0,0,traj_sz=100
26.8768,1.877,0.645055,1.23559,1.90702,0.72045,1.30131,0.129076,73,75,0.0810739,0.128926,0.0691983,0.940785,0,26.8768
26.8967,1.87766,0.646469,1.23948,0,0,0,0,73,75,0,0,0,0,0,traj_sz=100
26.8969,1.87766,0.646469,1.23948,1.90702,0.72045,1.30131,0.129076,73,75,0.0795087,0.129948,0.0579438,0.93929,0,26.8969
26.9168,1.87867,0.64948,1.2418,0,0,0,0,73,75,0,0,0,0,0,traj_sz=100
26.9169,1.87867,0.64948,1.2418,1.90702,0.72045,1.30131,0.129076,73,75,0.0763242,0.129333,0.0497932,0.936367,0,26.9169
26.9367,1.87928,0.652569,1.24242,0,0,0,0,73,75,0,0,0,0,0,traj_sz=100
26.9367,1.87928,0.652569,1.24242,1.90702,0.72045,1.30131,0.129076,73,75,0.0732015,0.128735,0.0417965,0.933653,0,26.9367
26.9568,1.87987,0.65411,1.24335,0,0,0,0,73,75,0,0,0,0,0,traj_sz=100
26.9569,1.87987,0.65411,1.24335,1.90702,0.72045,1.30131,0.129076,74,75,0.0715465,0.129656,0.106023,0.932106,0,26.9569
26.9769,1.88107,0.658125,1.24752,0,0,0,0,74,75,0,0,0,0,0,traj_sz=100
26.9771,1.88107,0.658125,1.24752,1.90702,0.72045,1.30131,0.129076,74,75,0.0673422,0.128043,0.0910486,0.928317,0,26.9771
26.9968,1.88129,0.659434,1.24578,0,0,0,0,74,75,0,0,0,0,0,traj_sz=100
26.997,1.88129,0.659434,1.24578,1.90702,0.72045,1.30131,0.129076,74,75,0.066036,0.129277,0.0950046,0.927188,0,26.997
27.0167,1.88218,0.662211,1.24779,0,0,0,0,74,75,0,0,0,0,0,traj_sz=100
27.0169,1.88218,0.662211,1.24779,1.91963,0.766095,1.30894,0.127646,74,76,0.1104,0.128904,0.0886436,0.924531,0,27.0169
27.0367,1.883,0.664997,1.2491,0,0,0,0,74,76,0,0,0,0,0,traj_sz=100
27.0368,1.883,0.664997,1.2491,1.91963,0.766095,1.30894,0.127646,74,76,0.107493,0.128537,0.0838892,0.921908,0,27.0368
27.0567,1.88347,0.666291,1.25016,0,0,0,0,74,76,0,0,0,0,0,traj_sz=100
27.0569,1.88347,0.666291,1.25016,1.91963,0.766095,1.30894,0.127646,74,76,0.106113,0.129729,0.0813318,0.920632,0,27.0569
27.0766,1.88506,0.670494,1.2534,0,0,0,0,74,76,0,0,0,0,0,traj_sz=100
27.0768,1.88506,0.670494,1.2534,1.91963,0.766095,1.30894,0.127646,74,76,0.101615,0.127782,0.074545,0.91645,0,27.0768
27.0966,1.88514,0.672079,1.25192,0,0,0,0,74,76,0,0,0,0,0,traj_sz=100
27.0967,1.88514,0.672079,1.25192,1.91963,0.766095,1.30894,0.127646,74,76,0.100089,0.128789,0.0742799,0.91522,0,27.0967
27.1167,1.88616,0.674814,1.25478,0,0,0,0,74,76,0,0,0,0,0,traj_sz=100
27.1168,1.88616,0.674814,1.25478,1.91963,0.766095,1.30894,0.127646,74,76,0.0971615,0.128442,0.0670397,0.912508,0,27.1168
27.1367,1.88701,0.677587,1.25579,0,0,0,0,74,76,0,0,0,0,0,traj_sz=100
27.1368,1.88701,0.677587,1.25579,1.91963,0.766095,1.30894,0.127646,74,76,0.09426,0.128098,0.0637088,0.90989,0,27.1368
27.1566,1.88728,0.679102,1.2552,0,0,0,0,74,76,0,0,0,0,0,traj_sz=100
27.1568,1.88728,0.679102,1.2552,1.91963,0.766095,1.30894,0.127646,74,76,0.0927378,0.1291,0.0632818,0.908587,0,27.1568
27.1768,1.8884,0.683364,1.2558,0,0,0,0,74,76,0,0,0,0,0,traj_sz=100
27.1769,1.8884,0.683364,1.2558,1.91963,0.766095,1.30894,0.127646,74,76,0.0883346,0.127224,0.0591129,0.904684,0,27.1769
27.1967,1.88929,0.684598,1.26012,0,0,0,0,74,76,0,0,0,0,0,traj_sz=100
27.1969,1.88929,0.684598,1.26012,1.91963,0.766095,1.30894,0.127646,74,76,0.0868701,0.128292,0.0510577,0.903174,0,27.1969
27.2168,1.89001,0.687374,1.26085,0,0,0,0,74,76,0,0,0,0,0,traj_sz=100
27.2171,1.89001,0.687374,1.26085,1.91963,0.766095,1.30894,0.127646,74,76,0.0840031,0.127976,0.0469559,0.900642,0,27.2171
27.2367,1.89059,0.690167,1.25943,0,0,0,0,74,76,0,0,0,0,0,traj_sz=100
27.2369,1.89059,0.690167,1.25943,1.91963,0.766095,1.30894,0.127646,74,76,0.0811735,0.127623,0.0484441,0.898198,0,27.2369
27.2567,1.89142,0.691305,1.26406,0,0,0,0,74,76,0,0,0,0,0,traj_sz=100
27.2568,1.89142,0.691305,1.26406,1.91963,0.766095,1.30894,0.127646,74,76,0.0798159,0.128812,0.0388998,0.896797,0,27.2568
27.2767,1.89203,0.695395,1.25998,0,0,0,0,74,76,0,0,0,0,0,traj_sz=100
27.2768,1.89203,0.695395,1.25998,1.91963,0.766095,1.30894,0.127646,74,76,0.0757537,0.127227,0.0448424,0.893385,0,27.2768
27.2967,1.89281,0.696574,1.26392,0,0,0,0,74,76,0,0,0,0,0,traj_sz=100
27.2968,1.89281,0.696574,1.26392,1.91963,0.766095,1.30894,0.127646,74,76,0.0743762,0.1284,0.036822,0.891992,0,27.2968
27.3168,1.89364,0.699333,1.26401,0,0,0,0,74,76,0,0,0,0,0,traj_sz=100
27.3169,1.89364,0.699333,1.26401,1.91963,0.766095,1.30894,0.127646,74,76,0.071493,0.128041,0.0367186,0.889403,0,27.3169
27.3367,1.8945,0.702049,1.2651,0,0,0,0,74,76,0,0,0,0,0,traj_sz=100
27.3368,1.8945,0.702049,1.2651,1.91963,0.766095,1.30894,0.127646,75,76,0.068641,0.127704,0.0629546,0.886835,0,27.3368
27.3567,1.89455,0.703433,1.26574,0,0,0,0,75,76,0,0,0,0,0,traj_sz=100
27.3568,1.89455,0.703433,1.26574,1.91963,0.766095,1.30894,0.127646,75,76,0.067301,0.128874,0.055925,0.885786,0,27.3568
27.3767,1.89604,0.707565,1.26655,0,0,0,0,75,76,0,0,0,0,0,traj_sz=100
27.3769,1.89604,0.707565,1.26655,1.93176,0.811328,1.30519,0.126669,75,77,0.109699,0.127013,0.0579882,0.881757,0,27.3769
27.3968,1.89613,0.70882,1.2676,0,0,0,0,75,77,0,0,0,0,0,traj_sz=100
27.397,1.89613,0.70882,1.2676,1.93176,0.811328,1.30519,0.126669,75,77,0.108472,0.128313,0.0504763,0.880782,0,27.397
27.4168,1.89692,0.711607,1.269,0,0,0,0,75,77,0,0,0,0,0,traj_sz=100
27.417,1.89692,0.711607,1.269,1.93176,0.811328,1.30519,0.126669,75,77,0.105571,0.127931,0.0457478,0.878212,0,27.417
27.4368,1.89768,0.714425,1.26962,0,0,0,0,75,77,0,0,0,0,0,traj_sz=100
27.4369,1.89768,0.714425,1.26962,1.93176,0.811328,1.30519,0.126669,75,77,0.10265,0.127517,0.0433037,0.875639,0,27.4369
27.4568,1.89857,0.715632,1.27301,0,0,0,0,75,77,0,0,0,0,0,traj_sz=100
27.4569,1.89857,0.715632,1.27301,1.93176,0.811328,1.30519,0.126669,75,77,0.101222,0.128637,0.0391949,0.87415,0,27.4569
27.4766,1.89958,0.719699,1.27292,0,0,0,0,75,77,0,0,0,0,0,traj_sz=100
27.4768,1.89958,0.719699,1.27292,1.93176,0.811328,1.30519,0.126669,75,77,0.0970384,0.126943,0.0378465,0.870507,0,27.4768
27.4967,1.8997,0.721276,1.27141,0,0,0,0,75,77,0,0,0,0,0,traj_sz=100
27.4969,1.8997,0.721276,1.27141,1.93176,0.811328,1.30519,0.126669,75,77,0.0955014,0.127919,0.0387577,0.869282,0,27.4969
27.5167,1.90047,0.723892,1.27329,0,0,0,0,75,77,0,0,0,0,0,traj_sz=100
27.5169,1.90047,0.723892,1.27329,1.93176,0.811328,1.30519,0.126669,75,77,0.092766,0.127708,0.0326956,0.866857,0,27.5169
27.5368,1.90117,0.726402,1.2743,0,0,0,0,75,77,0,0,0,0,0,traj_sz=100
27.5371,1.90117,0.726402,1.2743,1.93176,0.811328,1.30519,0.126669,75,77,0.0901569,0.127624,0.029098,0.864563,0,27.5371
27.5569,1.90182,0.727612,1.27701,0,0,0,0,75,77,0,0,0,0,0,traj_sz=100
27.557,1.90182,0.727612,1.27701,1.93176,0.811328,1.30519,0.126669,75,77,0.0888005,0.128783,0.0238642,0.863244,0,27.557
27.5767,1.90257,0.731441,1.27597,0,0,0,0,75,77,0,0,0,0,0,traj_sz=100
27.5768,1.90257,0.731441,1.27597,1.93176,0.811328,1.30519,0.126669,75,77,0.084922,0.127365,0.0231446,0.859965,0,27.5768
27.5967,1.90313,0.732899,1.27806,0,0,0,0,75,77,0,0,0,0,0,traj_sz=100
27.5968,1.90313,0.732899,1.27806,1.93176,0.811328,1.30519,0.126669,75,77,0.0833542,0.128311,0.017978,0.858525,0,27.5968
27.6167,1.90404,0.735547,1.28167,0,0,0,0,75,77,0,0,0,0,0,traj_sz=100
27.6168,1.90404,0.735547,1.28167,1.93176,0.811328,1.30519,0.126669,75,77,0.0805382,0.12802,0.0075841,0.855989,0,27.6168
27.6368,1.90459,0.738224,1.28095,0,0,0,0,75,77,0,0,0,0,0,traj_sz=100
27.637,1.90459,0.738224,1.28095,1.93176,0.811328,1.30519,0.126669,75,77,0.0778213,0.127816,0.00731544,0.85369,0,27.637
27.6567,1.90463,0.739693,1.27737,0,0,0,0,75,77,0,0,0,0,0,traj_sz=100
27.6568,1.90463,0.739693,1.27737,1.93176,0.811328,1.30519,0.126669,75,77,0.0764202,0.128869,0.0149967,0.852607,0,27.6568
27.6768,1.90585,0.743655,1.28021,0,0,0,0,75,77,0,0,0,0,0,traj_sz=100
27.6769,1.90585,0.743655,1.28021,1.93176,0.811328,1.30519,0.126669,75,77,0.0722603,0.127237,0.00653058,0.848924,0,27.6769
27.6968,1.9064,0.744922,1.28398,0,0,0,0,75,77,0,0,0,0,0,traj_sz=100
27.6971,1.9064,0.744922,1.28398,1.93176,0.811328,1.30519,0.126669,75,77,0.0708682,0.128377,-0.00415163,0.847634,0,27.6971
27.7167,1.90709,0.747786,1.2831,0,0,0,0,75,77,0,0,0,0,0,traj_sz=100
27.7168,1.90709,0.747786,1.2831,1.93176,0.811328,1.30519,0.126669,76,77,0.0679304,0.127918,-0.011603,0.845106,0,27.7168
27.7367,1.9077,0.750646,1.28393,0,0,0,0,76,77,0,0,0,0,0,traj_sz=100
27.7369,1.9077,0.750646,1.28393,1.93176,0.811328,1.30519,0.126669,76,77,0.0650104,0.127505,-0.0168912,0.842642,0,27.7369
27.7567,1.90797,0.752079,1.281,0,0,0,0,76,77,0,0,0,0,0,traj_sz=100
27.7569,1.90797,0.752079,1.281,1.93176,0.811328,1.30519,0.126669,76,77,0.0635765,0.128553,-0.00794918,0.841432,0,27.7569
27.7768,1.90925,0.756305,1.28556,0,0,0,0,76,77,0,0,0,0,0,traj_sz=100
27.777,1.90925,0.756305,1.28556,1.94395,0.856169,1.28997,0.126136,76,78,0.105594,0.126649,-0.0223166,0.837535,0,27.777
27.7967,1.90944,0.757958,1.28086,0,0,0,0,76,78,0,0,0,0,0,traj_sz=100
27.7969,1.90944,0.757958,1.28086,1.94395,0.856169,1.28997,0.126136,76,78,0.103977,0.127502,-0.00899561,0.836226,0,27.7969
27.8168,1.91026,0.760808,1.28216,0,0,0,0,76,78,0,0,0,0,0,traj_sz=100
27.817,1.91026,0.760808,1.28216,1.94395,0.856169,1.28997,0.126136,76,78,0.101007,0.127048,-0.012934,0.833634,0,27.817
27.8367,1.91119,0.76363,1.28486,0,0,0,0,76,78,0,0,0,0,0,traj_sz=100
27.8368,1.91119,0.76363,1.28486,1.94395,0.856169,1.28997,0.126136,76,78,0.0980209,0.126552,-0.0200489,0.830978,0,27.8368
27.8569,1.91137,0.765089,1.28528,0,0,0,0,76,78,0,0,0,0,0,traj_sz=100
27.857,1.91137,0.765089,1.28528,1.94395,0.856169,1.28997,0.126136,76,78,0.0965703,0.127629,-0.0246965,0.829826,0,27.857
27.8768,1.91266,0.769311,1.28664,0,0,0,0,76,78,0,0,0,0,0,traj_sz=100
27.8769,1.91266,0.769311,1.28664,1.94395,0.856169,1.28997,0.126136,76,78,0.0921462,0.1257,-0.0272065,0.825933,0,27.8769
27.8968,1.9129,0.770853,1.28523,0,0,0,0,76,78,0,0,0,0,0,traj_sz=100
27.8969,1.9129,0.770853,1.28523,1.94395,0.856169,1.28997,0.126136,76,78,0.0906088,0.12665,-0.0247595,0.824684,0,27.8969
27.9167,1.91398,0.773786,1.28811,0,0,0,0,76,78,0,0,0,0,0,traj_sz=100
27.9168,1.91398,0.773786,1.28811,1.94395,0.856169,1.28997,0.126136,76,78,0.087473,0.126026,-0.0307831,0.821853,0,27.9168
27.9367,1.91428,0.77658,1.28449,0,0,0,0,76,78,0,0,0,0,0,traj_sz=100
27.9368,1.91428,0.77658,1.28449,1.94395,0.856169,1.28997,0.126136,76,78,0.0847288,0.125755,-0.0243002,0.819684,0,27.9368
27.9568,1.91469,0.777993,1.28558,0,0,0,0,76,78,0,0,0,0,0,traj_sz=100
27.957,1.91469,0.777993,1.28558,1.94395,0.856169,1.28997,0.126136,76,78,0.0832506,0.126806,-0.027728,0.818401,0,27.957
27.9767,1.91561,0.782158,1.28386,0,0,0,0,76,78,0,0,0,0,0,traj_sz=100
27.9768,1.91561,0.782158,1.28386,1.94395,0.856169,1.28997,0.126136,76,78,0.0790064,0.125023,-0.0243911,0.814836,0,27.9768
27.9968,1.91611,0.783495,1.28473,0,0,0,0,76,78,0,0,0,0,0,traj_sz=100
27.997,1.91611,0.783495,1.28473,1.94395,0.856169,1.28997,0.126136,76,78,0.0775776,0.126126,-0.0255065,0.813547,0,27.997
28.0168,1.91676,0.786243,1.2845,0,0,0,0,76,78,0,0,0,0,0,traj_sz=100
28.017,1.91676,0.786243,1.2845,1.94395,0.856169,1.28997,0.126136,76,78,0.0747586,0.125811,-0.025897,0.811167,0,28.017
28.0367,1.91737,0.78886,1.28421,0,0,0,0,76,78,0,0,0,0,0,traj_sz=100
28.0368,1.91737,0.78886,1.28421,1.94395,0.856169,1.28997,0.126136,76,78,0.0720783,0.125598,-0.0261729,0.808912,0,28.0368
28.0568,1.91804,0.790176,1.28534,0,0,0,0,76,78,0,0,0,0,0,traj_sz=100
28.0569,1.91804,0.790176,1.28534,1.94395,0.856169,1.28997,0.126136,76,78,0.070617,0.126662,-0.0255761,0.807511,0,28.0569
28.0768,1.91865,0.794259,1.28287,0,0,0,0,76,78,0,0,0,0,0,traj_sz=100
28.0769,1.91865,0.794259,1.28287,1.94395,0.856169,1.28997,0.126136,77,78,0.0665454,0.125065,-0.0715553,0.804248,0,28.0769
28.0969,1.91946,0.795539,1.28581,0,0,0,0,77,78,0,0,0,0,0,traj_sz=100
28.097,1.91946,0.795539,1.28581,1.94395,0.856169,1.28997,0.126136,77,78,0.0650695,0.126131,-0.0754734,0.802779,0,28.097
28.1166,1.92013,0.798263,1.2851,0,0,0,0,77,78,0,0,0,0,0,traj_sz=100
28.1167,1.92013,0.798263,1.2851,1.95678,0.900632,1.26323,0.12591,77,79,0.108549,0.125798,-0.0739765,0.800416,0,28.1167
28.1368,1.92077,0.801025,1.28439,0,0,0,0,77,79,0,0,0,0,0,traj_sz=100
28.137,1.92077,0.801025,1.28439,1.95678,0.900632,1.26323,0.12591,77,79,0.105723,0.125494,-0.0730518,0.798051,0,28.137
28.1568,1.92067,0.802417,1.2812,0,0,0,0,77,79,0,0,0,0,0,traj_sz=100
28.1569,1.92067,0.802417,1.2812,1.95678,0.900632,1.26323,0.12591,77,79,0.104436,0.12667,-0.0683937,0.797161,0,28.1569
28.1768,1.9222,0.806495,1.28423,0,0,0,0,77,79,0,0,0,0,0,traj_sz=100
28.177,1.9222,0.806495,1.28423,1.95678,0.900632,1.26323,0.12591,77,79,0.100073,0.124848,-0.0732646,0.793254,0,28.177
28.1967,1.92228,0.808005,1.28099,0,0,0,0,77,79,0,0,0,0,0,traj_sz=100
28.1969,1.92228,0.808005,1.28099,1.95678,0.900632,1.26323,0.12591,77,79,0.098623,0.125857,-0.0663881,0.792161,0,28.1969
28.2167,1.92305,0.810654,1.28005,0,0,0,0,77,79,0,0,0,0,0,traj_sz=100
28.2169,1.92305,0.810654,1.28005,1.95678,0.900632,1.26323,0.12591,77,79,0.0958709,0.125594,-0.0623214,0.789789,0,28.2169
28.2367,1.92395,0.813347,1.281,0,0,0,0,77,79,0,0,0,0,0,traj_sz=100
28.2367,1.92395,0.813347,1.281,1.95678,0.900632,1.26323,0.12591,77,79,0.0930272,0.125249,-0.0633191,0.787295,0,28.2367
28.2567,1.92433,0.814746,1.28114,0,0,0,0,77,79,0,0,0,0,0,traj_sz=100
28.2568,1.92433,0.814746,1.28114,1.95678,0.900632,1.26323,0.12591,77,79,0.0915752,0.126306,-0.0637189,0.786058,0,28.2568
28.2767,1.92538,0.818803,1.27965,0,0,0,0,77,79,0,0,0,0,0,traj_sz=100
28.2769,1.92538,0.818803,1.27965,1.95678,0.900632,1.26323,0.12591,77,79,0.0873992,0.12464,-0.0592289,0.782534,0,28.2769
28.2968,1.92579,0.820197,1.27937,0,0,0,0,77,79,0,0,0,0,0,traj_sz=100
28.2969,1.92579,0.820197,1.27937,1.95678,0.900632,1.26323,0.12591,77,79,0.0859471,0.125702,-0.0577701,0.781286,0,28.2969
28.3167,1.92645,0.822915,1.27636,0,0,0,0,77,79,0,0,0,0,0,traj_sz=100
28.3168,1.92645,0.822915,1.27636,1.95678,0.900632,1.26323,0.12591,77,79,0.0831728,0.125399,-0.0479969,0.778956,0,28.3168
28.3367,1.92708,0.825606,1.27564,0,0,0,0,77,79,0,0,0,0,0,traj_sz=100
28.3368,1.92708,0.825606,1.27564,1.95678,0.900632,1.26323,0.12591,77,79,0.0804196,0.125156,-0.0468912,0.776673,0,28.3368
28.3568,1.92764,0.826921,1.27662,0,0,0,0,77,79,0,0,0,0,0,traj_sz=100
28.3569,1.92764,0.826921,1.27662,1.95678,0.900632,1.26323,0.12591,77,79,0.0789927,0.126256,-0.0475052,0.775373,0,28.3569
28.3767,1.9286,0.83103,1.27306,0,0,0,0,77,79,0,0,0,0,0,traj_sz=100
28.3768,1.9286,0.83103,1.27306,1.95678,0.900632,1.26323,0.12591,77,79,0.0748049,0.124545,-0.0369374,0.771895,0,28.3768
28.3967,1.9291,0.832448,1.27521,0,0,0,0,77,79,0,0,0,0,0,traj_sz=100
28.3968,1.9291,0.832448,1.27521,1.95678,0.900632,1.26323,0.12591,77,79,0.0732895,0.125554,-0.043078,0.770574,0,28.3968
28.4168,1.92971,0.835037,1.27286,0,0,0,0,77,79,0,0,0,0,0,traj_sz=100
28.4169,1.92971,0.835037,1.27286,1.95678,0.900632,1.26323,0.12591,77,79,0.070651,0.125418,-0.035973,0.768384,0,28.4169
28.4369,1.93048,0.837876,1.27294,0,0,0,0,77,79,0,0,0,0,0,traj_sz=100
28.4371,1.93048,0.837876,1.27294,1.95678,0.900632,1.26323,0.12591,78,79,0.0677104,0.12501,-0.122033,0.765912,0,28.4371
28.4568,1.9307,0.839237,1.26944,0,0,0,0,78,79,0,0,0,0,0,traj_sz=100
28.457,1.9307,0.839237,1.26944,1.95678,0.900632,1.26323,0.12591,78,79,0.0663674,0.126135,-0.111872,0.764837,0,28.457
28.4768,1.93194,0.843244,1.27029,0,0,0,0,78,79,0,0,0,0,0,traj_sz=100
28.4769,1.93194,0.843244,1.27029,1.97076,0.944656,1.225,0.125779,78,80,0.108359,0.124449,-0.113813,0.761247,0,28.4769
28.4968,1.93216,0.844757,1.26653,0,0,0,0,78,80,0,0,0,0,0,traj_sz=100
28.497,1.93216,0.844757,1.26653,1.97076,0.944656,1.225,0.125779,78,80,0.106873,0.125455,-0.10334,0.760071,0,28.497
28.5167,1.93298,0.847492,1.26669,0,0,0,0,78,80,0,0,0,0,0,traj_sz=100
28.5169,1.93298,0.847492,1.26669,1.97076,0.944656,1.225,0.125779,78,80,0.104017,0.12509,-0.103457,0.757642,0,28.5169
28.5367,1.93374,0.850216,1.26493,0,0,0,0,78,80,0,0,0,0,0,traj_sz=100
28.5368,1.93374,0.850216,1.26493,1.97076,0.944656,1.225,0.125779,78,80,0.101203,0.124763,-0.0974754,0.755268,0,28.5368
28.5568,1.93412,0.851578,1.26558,0,0,0,0,78,80,0,0,0,0,0,traj_sz=100
28.5569,1.93412,0.851578,1.26558,1.97076,0.944656,1.225,0.125779,78,80,0.0997869,0.125872,-0.100076,0.754086,0,28.5569
28.5767,1.93522,0.855846,1.26069,0,0,0,0,78,80,0,0,0,0,0,traj_sz=100
28.5768,1.93522,0.855846,1.26069,1.97076,0.944656,1.225,0.125779,78,80,0.0954206,0.123973,-0.0844274,0.750446,0,28.5768
28.5967,1.93586,0.857116,1.26443,0,0,0,0,78,80,0,0,0,0,0,traj_sz=100
28.5968,1.93586,0.857116,1.26443,1.97076,0.944656,1.225,0.125779,78,80,0.0939893,0.12508,-0.0938432,0.749124,0,28.5968
28.6167,1.9366,0.86002,1.26074,0,0,0,0,78,80,0,0,0,0,0,traj_sz=100
28.6168,1.9366,0.86002,1.26074,1.97076,0.944656,1.225,0.125779,78,80,0.0910239,0.124596,-0.0820476,0.746662,0,28.6168
28.6367,1.9375,0.862765,1.25953,0,0,0,0,78,80,0,0,0,0,0,traj_sz=100
28.6369,1.9375,0.862765,1.25953,1.97076,0.944656,1.225,0.125779,78,80,0.0881435,0.124239,-0.0761221,0.744183,0,28.6369
28.6568,1.93746,0.864236,1.25646,0,0,0,0,78,80,0,0,0,0,0,traj_sz=100
28.657,1.93746,0.864236,1.25646,1.97076,0.944656,1.225,0.125779,78,80,0.0867742,0.125377,-0.0716894,0.743246,0,28.657
28.6767,1.9391,0.868261,1.25644,0,0,0,0,78,80,0,0,0,0,0,traj_sz=100
28.6768,1.9391,0.868261,1.25644,1.97076,0.944656,1.225,0.125779,78,80,0.0824389,0.123551,-0.0646986,0.739375,0,28.6768
28.6968,1.9391,0.869838,1.25199,0,0,0,0,78,80,0,0,0,0,0,traj_sz=100
28.6969,1.9391,0.869838,1.25199,1.97076,0.944656,1.225,0.125779,78,80,0.0809716,0.124578,-0.0552979,0.738353,0,28.6969
28.7167,1.94029,0.872454,1.2546,0,0,0,0,78,80,0,0,0,0,0,traj_sz=100
28.7169,1.94029,0.872454,1.2546,1.97076,0.944656,1.225,0.125779,78,80,0.0780959,0.124247,-0.0583535,0.735745,0,28.7169
28.7366,1.94117,0.87526,1.25305,0,0,0,0,78,80,0,0,0,0,0,traj_sz=100
28.7367,1.94117,0.87526,1.25305,1.97076,0.944656,1.225,0.125779,78,80,0.0751667,0.123815,-0.0517714,0.733258,0,28.7367
28.7567,1.94127,0.876683,1.24836,0,0,0,0,78,80,0,0,0,0,0,traj_sz=100
28.7569,1.94127,0.876683,1.24836,1.97076,0.944656,1.225,0.125779,78,80,0.0738142,0.124957,-0.0393531,0.732261,0,28.7569
28.7767,1.9428,0.880678,1.24873,0,0,0,0,78,80,0,0,0,0,0,traj_sz=100
28.7768,1.9428,0.880678,1.24873,1.97076,0.944656,1.225,0.125779,79,80,0.0695378,0.123207,-0.158165,0.728513,0,28.7768
28.7967,1.94274,0.882149,1.24517,0,0,0,0,79,80,0,0,0,0,0,traj_sz=100
28.7968,1.94274,0.882149,1.24517,1.97076,0.944656,1.225,0.125779,79,80,0.0681848,0.12434,-0.152918,0.727612,0,28.7968
28.8169,1.94362,0.884959,1.24423,0,0,0,0,79,80,0,0,0,0,0,traj_sz=100
28.8171,1.94362,0.884959,1.24423,1.97076,0.944656,1.225,0.125779,79,80,0.0652477,0.123952,-0.149734,0.725134,0,28.8171
28.8367,1.9448,0.88747,1.24513,0,0,0,0,79,80,0,0,0,0,0,traj_sz=100
28.8368,1.9448,0.88747,1.24513,1.9864,0.988069,1.17559,0.125636,79,81,0.10862,0.1237,-0.147472,0.722618,0,28.8368
28.8567,1.94508,0.888786,1.24283,0,0,0,0,79,81,0,0,0,0,0,traj_sz=100
28.8568,1.94508,0.888786,1.24283,1.9864,0.988069,1.17559,0.125636,79,81,0.1073,0.124876,-0.141188,0.721561,0,28.8568
28.8768,1.94652,0.892755,1.24225,0,0,0,0,79,81,0,0,0,0,0,traj_sz=100
28.8769,1.94652,0.892755,1.24225,1.9864,0.988069,1.17559,0.125636,79,81,0.103085,0.123192,-0.136619,0.717926,0,28.8769
28.8968,1.94648,0.894122,1.24041,0,0,0,0,79,81,0,0,0,0,0,traj_sz=100
28.897,1.94648,0.894122,1.24041,1.9864,0.988069,1.17559,0.125636,79,81,0.101816,0.124422,-0.136732,0.717083,0,28.897
28.9168,1.94762,0.896826,1.23806,0,0,0,0,79,81,0,0,0,0,0,traj_sz=100
28.9169,1.94762,0.896826,1.23806,1.9864,0.988069,1.17559,0.125636,79,81,0.0989066,0.124031,-0.12428,0.714488,0,28.9169
28.9367,1.94831,0.899395,1.23773,0,0,0,0,79,81,0,0,0,0,0,traj_sz=100
28.9369,1.94831,0.899395,1.23773,1.9864,0.988069,1.17559,0.125636,79,81,0.0962543,0.123875,-0.124868,0.712326,0,28.9369
28.9568,1.94919,0.90079,1.24056,0,0,0,0,79,81,0,0,0,0,0,traj_sz=100
28.9569,1.94919,0.90079,1.24056,1.9864,0.988069,1.17559,0.125636,79,81,0.0946298,0.124811,-0.128815,0.710763,0,28.9569
28.9767,1.94995,0.904777,1.23116,0,0,0,0,79,81,0,0,0,0,0,traj_sz=100
28.9769,1.94995,0.904777,1.23116,1.9864,0.988069,1.17559,0.125636,79,81,0.0906775,0.123304,-0.102223,0.707658,0,28.9769
28.9968,1.95079,0.906224,1.23506,0,0,0,0,79,81,0,0,0,0,0,traj_sz=100
28.9969,1.95079,0.906224,1.23506,1.9864,0.988069,1.17559,0.125636,79,81,0.0890086,0.124198,-0.110832,0.706096,0,28.9969
29.0168,1.95162,0.908647,1.22987,0,0,0,0,79,81,0,0,0,0,0,traj_sz=100
29.017,1.95162,0.908647,1.22987,1.9864,0.988069,1.17559,0.125636,79,81,0.0864802,0.124168,-0.091272,0.703928,0,29.017
29.0367,1.95225,0.911329,1.22721,0,0,0,0,79,81,0,0,0,0,0,traj_sz=100
29.0368,1.95225,0.911329,1.22721,1.9864,0.988069,1.17559,0.125636,79,81,0.0837571,0.123934,-0.0848168,0.701753,0,29.0368
29.0568,1.95296,0.912794,1.22504,0,0,0,0,79,81,0,0,0,0,0,traj_sz=100
29.0569,1.95296,0.912794,1.22504,1.9864,0.988069,1.17559,0.125636,79,81,0.0821531,0.124856,-0.0735366,0.700286,0,29.0569
29.0767,1.95401,0.916952,1.22258,0,0,0,0,79,81,0,0,0,0,0,traj_sz=100
29.0768,1.95401,0.916952,1.22258,1.9864,0.988069,1.17559,0.125636,79,81,0.0778995,0.123093,-0.0684868,0.696872,0,29.0768
29.0968,1.95463,0.918265,1.22384,0,0,0,0,79,81,0,0,0,0,0,traj_sz=100
29.097,1.95463,0.918265,1.22384,1.9864,0.988069,1.17559,0.125636,79,81,0.0764463,0.124196,-0.0701356,0.695571,0,29.097
29.1168,1.95521,0.921028,1.21863,0,0,0,0,79,81,0,0,0,0,0,traj_sz=100
29.1169,1.95521,0.921028,1.21863,1.9864,0.988069,1.17559,0.125636,79,81,0.0736857,0.123915,-0.0557389,0.693409,0,29.1169
29.1367,1.95664,0.92353,1.22049,0,0,0,0,79,81,0,0,0,0,0,traj_sz=100
29.137,1.95664,0.92353,1.22049,1.9864,0.988069,1.17559,0.125636,79,81,0.0708339,0.123598,-0.0533604,0.69074,0,29.137
29.1568,1.95655,0.924896,1.21596,0,0,0,0,79,81,0,0,0,0,0,traj_sz=100
29.1569,1.95655,0.924896,1.21596,1.9864,0.988069,1.17559,0.125636,79,81,0.0696071,0.124865,-0.0444401,0.689962,0,29.1569
29.1768,1.95806,0.929019,1.21174,0,0,0,0,79,81,0,0,0,0,0,traj_sz=100
29.177,1.95806,0.929019,1.21174,1.9864,0.988069,1.17559,0.125636,80,81,0.0652406,0.123015,-0.188229,0.686235,0,29.177
29.1968,1.9587,0.930211,1.21311,0,0,0,0,80,81,0,0,0,0,0,traj_sz=100
29.1969,1.9587,0.930211,1.21311,1.9864,0.988069,1.17559,0.125636,80,81,0.0638961,0.124204,-0.19033,0.685006,0,29.1969
29.2168,1.95969,0.932756,1.21249,0,0,0,0,80,81,0,0,0,0,0,traj_sz=100
29.217,1.95969,0.932756,1.21249,2.00415,1.03061,1.1158,0.125631,80,82,0.107231,0.124002,-0.187004,0.682662,0,29.217
29.2367,1.9605,0.935413,1.20931,0,0,0,0,80,82,0,0,0,0,0,traj_sz=100
29.2369,1.9605,0.935413,1.20931,2.00415,1.03061,1.1158,0.125631,80,82,0.10448,0.123743,-0.177574,0.680395,0,29.2369
29.2568,1.96054,0.936715,1.20763,0,0,0,0,80,82,0,0,0,0,0,traj_sz=100
29.2569,1.96054,0.936715,1.20763,2.00415,1.03061,1.1158,0.125631,80,82,0.103262,0.125022,-0.177636,0.679574,0,29.2569
29.2768,1.96193,0.940519,1.20474,0,0,0,0,80,82,0,0,0,0,0,traj_sz=100
29.2774,1.96193,0.940519,1.20474,2.00415,1.03061,1.1158,0.125631,80,82,0.0992341,0.123506,-0.166948,0.676161,0,29.2774
29.2967,1.96277,0.94161,1.20639,0,0,0,0,80,82,0,0,0,0,0,traj_sz=100
29.2969,1.96277,0.94161,1.20639,2.00415,1.03061,1.1158,0.125631,80,82,0.0979026,0.124715,-0.166553,0.67483,0,29.2969
29.3167,1.96361,0.944292,1.20231,0,0,0,0,80,82,0,0,0,0,0,traj_sz=100
29.3168,1.96361,0.944292,1.20231,2.00415,1.03061,1.1158,0.125631,80,82,0.0951263,0.124414,-0.153705,0.672543,0,29.3168
29.3368,1.96413,0.946892,1.19819,0,0,0,0,80,82,0,0,0,0,0,traj_sz=100
29.337,1.96413,0.946892,1.19819,2.00415,1.03061,1.1158,0.125631,80,82,0.0925418,0.124341,-0.14473,0.67056,0,29.337
29.3568,1.96502,0.948026,1.19879,0,0,0,0,80,82,0,0,0,0,0,traj_sz=100
29.357,1.96502,0.948026,1.19879,2.00415,1.03061,1.1158,0.125631,80,82,0.0911578,0.125489,-0.140087,0.669168,0,29.357
29.3768,1.96635,0.952089,1.1942,0,0,0,0,80,82,0,0,0,0,0,traj_sz=100
29.3769,1.96635,0.952089,1.1942,2.00415,1.03061,1.1158,0.125631,80,82,0.0869197,0.123735,-0.125501,0.66567,0,29.3769
29.3968,1.96697,0.953305,1.19395,0,0,0,0,80,82,0,0,0,0,0,traj_sz=100
29.397,1.96697,0.953305,1.19395,2.00415,1.03061,1.1158,0.125631,80,82,0.0855633,0.124922,-0.122045,0.664447,0,29.397
29.4168,1.96783,0.95591,1.19012,0,0,0,0,80,82,0,0,0,0,0,traj_sz=100
29.4169,1.96783,0.95591,1.19012,2.00415,1.03061,1.1158,0.125631,80,82,0.0828478,0.124698,-0.109335,0.662204,0,29.4169
29.4367,1.96875,0.958668,1.18622,0,0,0,0,80,82,0,0,0,0,0,traj_sz=100
29.4368,1.96875,0.958668,1.18622,2.00415,1.03061,1.1158,0.125631,80,82,0.079969,0.124303,-0.0963863,0.659826,0,29.4368
29.4568,1.96887,0.960123,1.18204,0,0,0,0,80,82,0,0,0,0,0,traj_sz=100
29.4569,1.96887,0.960123,1.18204,2.00415,1.03061,1.1158,0.125631,80,82,0.0785985,0.125434,-0.086948,0.658863,0,29.4569
29.4768,1.97063,0.964024,1.18097,0,0,0,0,80,82,0,0,0,0,0,traj_sz=100
29.4769,1.97063,0.964024,1.18097,2.00415,1.03061,1.1158,0.125631,80,82,0.074328,0.123686,-0.0780598,0.655139,0,29.4769
29.4969,1.97092,0.965484,1.17669,0,0,0,0,80,82,0,0,0,0,0,traj_sz=100
29.497,1.97092,0.965484,1.17669,2.00415,1.03061,1.1158,0.125631,80,82,0.0728913,0.124761,-0.0659977,0.654044,0,29.497
29.5167,1.97183,0.967982,1.17451,0,0,0,0,80,82,0,0,0,0,0,traj_sz=100
29.5169,1.97183,0.967982,1.17451,2.00415,1.03061,1.1158,0.125631,80,82,0.0702483,0.124611,-0.0580205,0.651842,0,29.5169
29.5367,1.97318,0.970766,1.17308,0,0,0,0,80,82,0,0,0,0,0,traj_sz=100
29.5368,1.97318,0.970766,1.17308,2.00415,1.03061,1.1158,0.125631,81,82,0.0671669,0.124041,-0.243497,0.649119,0,29.5368
29.5568,1.97336,0.972062,1.16895,0,0,0,0,81,82,0,0,0,0,0,traj_sz=100
29.5569,1.97336,0.972062,1.16895,2.00415,1.03061,1.1158,0.125631,81,82,0.0659263,0.12531,-0.233649,0.648217,0,29.5569
29.5769,1.9753,0.976226,1.16763,0,0,0,0,81,82,0,0,0,0,0,traj_sz=100
29.577,1.9753,0.976226,1.16763,2.0244,1.07201,1.04715,0.125631,81,83,0.107368,0.123256,-0.226132,0.644219,0,29.577
29.5968,1.97576,0.977534,1.16586,0,0,0,0,81,83,0,0,0,0,0,traj_sz=100
29.5968,1.97576,0.977534,1.16586,2.0244,1.07201,1.04715,0.125631,81,83,0.105998,0.124377,-0.220905,0.643085,0,29.5968
29.6169,1.97649,0.98026,1.16186,0,0,0,0,81,83,0,0,0,0,0,traj_sz=100
29.617,1.97649,0.98026,1.16186,2.0244,1.07201,1.04715,0.125631,81,83,0.103237,0.124117,-0.212205,0.640917,0,29.617
29.6367,1.9778,0.982939,1.16069,0,0,0,0,81,83,0,0,0,0,0,traj_sz=100
29.6369,1.9778,0.982939,1.16069,2.0244,1.07201,1.04715,0.125631,81,83,0.100264,0.123648,-0.205249,0.638298,0,29.6369
29.6568,1.97837,0.984172,1.16162,0,0,0,0,81,83,0,0,0,0,0,traj_sz=100
29.657,1.97837,0.984172,1.16162,2.0244,1.07201,1.04715,0.125631,81,83,0.0989001,0.124822,-0.207876,0.637125,0,29.657
29.6768,1.98004,0.988177,1.15794,0,0,0,0,81,83,0,0,0,0,0,traj_sz=100
29.6769,1.98004,0.988177,1.15794,2.0244,1.07201,1.04715,0.125631,81,83,0.0945884,0.123002,-0.194627,0.633463,0,29.6769
29.6968,1.9801,0.989497,1.15392,0,0,0,0,81,83,0,0,0,0,0,traj_sz=100
29.6969,1.9801,0.989497,1.15392,2.0244,1.07201,1.04715,0.125631,81,83,0.0933821,0.124284,-0.186861,0.632656,0,29.6969
29.7168,1.98148,0.992297,1.15105,0,0,0,0,81,83,0,0,0,0,0,traj_sz=100
29.7171,1.98148,0.992297,1.15105,2.0244,1.07201,1.04715,0.125631,81,83,0.0902826,0.123704,-0.173604,0.629929,0,29.7171
29.7368,1.98231,0.994963,1.14569,0,0,0,0,81,83,0,0,0,0,0,traj_sz=100
29.7369,1.98231,0.994963,1.14569,2.0244,1.07201,1.04715,0.125631,81,83,0.0875464,0.123442,-0.158212,0.627734,0,29.7369
29.7569,1.98317,0.996355,1.1463,0,0,0,0,81,83,0,0,0,0,0,traj_sz=100
29.757,1.98317,0.996355,1.1463,2.0244,1.07201,1.04715,0.125631,81,83,0.0859227,0.124368,-0.15663,0.626243,0,29.757
29.7769,1.98457,1.0003,1.13912,0,0,0,0,81,83,0,0,0,0,0,traj_sz=100
29.7771,1.98457,1.0003,1.13912,2.0244,1.07201,1.04715,0.125631,81,83,0.081795,0.122737,-0.134231,0.622864,0,29.7771
29.7968,1.98539,1.00162,1.1395,0,0,0,0,81,83,0,0,0,0,0,traj_sz=100
29.7969,1.98539,1.00162,1.1395,2.0244,1.07201,1.04715,0.125631,81,83,0.0802549,0.123716,-0.131795,0.621445,0,29.7969
29.8168,1.98613,1.00433,1.13222,0,0,0,0,81,83,0,0,0,0,0,traj_sz=100
29.8171,1.98613,1.00433,1.13222,2.0244,1.07201,1.04715,0.125631,81,83,0.077522,0.123482,-0.110948,0.619309,0,29.8171
29.8368,1.98734,1.00694,1.13014,0,0,0,0,81,83,0,0,0,0,0,traj_sz=100
29.8369,1.98734,1.00694,1.13014,2.0244,1.07201,1.04715,0.125631,81,83,0.0746644,0.123129,-0.10186,0.616859,0,29.8369
29.8568,1.98823,1.00811,1.13096,0,0,0,0,81,83,0,0,0,0,0,traj_sz=100
29.8569,1.98823,1.00811,1.13096,2.0244,1.07201,1.04715,0.125631,81,83,0.0732183,0.124221,-0.0991924,0.615464,0,29.8569
29.8768,1.98992,1.01196,1.12577,0,0,0,0,81,83,0,0,0,0,0,traj_sz=100
29.877,1.98992,1.01196,1.12577,2.0244,1.07201,1.04715,0.125631,82,83,0.0690417,0.122558,-0.303456,0.611924,0,29.877
29.8968,1.99011,1.01339,1.12081,0,0,0,0,82,83,0,0,0,0,0,traj_sz=100
29.897,1.99011,1.01339,1.12081,2.0244,1.07201,1.04715,0.125631,82,83,0.0676972,0.123708,-0.292557,0.610979,0,29.897
29.9167,1.99123,1.0158,1.11941,0,0,0,0,82,83,0,0,0,0,0,traj_sz=100
29.9168,1.99123,1.0158,1.11941,2.0244,1.07201,1.04715,0.125631,82,83,0.0650548,0.123578,-0.288219,0.608722,0,29.9168
29.9369,1.99236,1.01849,1.11556,0,0,0,0,82,83,0,0,0,0,0,traj_sz=100
29.9371,1.99236,1.01849,1.11556,2.04745,1.11192,0.970749,0.12563,82,84,0.108138,0.123217,-0.276792,0.606297,0,29.9371
29.9568,1.99328,1.01958,1.11636,0,0,0,0,82,84,0,0,0,0,0,traj_sz=100
29.957,1.99328,1.01958,1.11636,2.04745,1.11192,0.970749,0.12563,82,84,0.106745,0.124356,-0.274501,0.604929,0,29.957
29.9768,1.99506,1.02333,1.11351,0,0,0,0,82,84,0,0,0,0,0,traj_sz=100
29.9769,1.99506,1.02333,1.11351,2.04745,1.11192,0.970749,0.12563,82,84,0.10262,0.12273,-0.265087,0.6014,0,29.9769
29.9968,1.99564,1.02459,1.11123,0,0,0,0,82,84,0,0,0,0,0,traj_sz=100
29.9969,1.99564,1.02459,1.11123,2.04745,1.11192,0.970749,0.12563,82,84,0.101247,0.123869,-0.257345,0.600225,0,29.9969
30.0168,1.99678,1.02726,1.10773,0,0,0,0,82,84,0,0,0,0,0,traj_sz=100
30.0169,1.99678,1.02726,1.10773,2.04745,1.11192,0.970749,0.12563,82,84,0.0983802,0.123504,-0.246995,0.597826,0,30.0169
30.0368,1.99768,1.02985,1.10254,0,0,0,0,82,84,0,0,0,0,0,traj_sz=100
30.037,1.99768,1.02985,1.10254,2.04745,1.11192,0.970749,0.12563,82,84,0.0956954,0.123307,-0.233223,0.595667,0,30.037
30.0568,1.99861,1.03115,1.10321,0,0,0,0,82,84,0,0,0,0,0,traj_sz=100
30.0569,1.99861,1.03115,1.10321,2.04745,1.11192,0.970749,0.12563,82,84,0.09411,0.124249,-0.231671,0.594184,0,30.0569
30.0768,2.00036,1.03495,1.09694,0,0,0,0,82,84,0,0,0,0,0,traj_sz=100
30.0769,2.00036,1.03495,1.09694,2.04745,1.11192,0.970749,0.12563,82,84,0.0899796,0.122604,-0.210551,0.590677,0,30.0769
30.0969,2.00091,1.03614,1.09393,0,0,0,0,82,84,0,0,0,0,0,traj_sz=100
30.0971,2.00091,1.03614,1.09393,2.04745,1.11192,0.970749,0.12563,82,84,0.0886861,0.123838,-0.200212,0.589576,0,30.0971
30.1168,2.00192,1.03883,1.08768,0,0,0,0,82,84,0,0,0,0,0,traj_sz=100
30.117,2.00192,1.03883,1.08768,2.04745,1.11192,0.970749,0.12563,82,84,0.0858757,0.123503,-0.181749,0.587291,0,30.117
30.1368,2.00314,1.0414,1.08301,0,0,0,0,82,84,0,0,0,0,0,traj_sz=100
30.137,2.00314,1.0414,1.08301,2.04745,1.11192,0.970749,0.12563,82,84,0.0830617,0.123189,-0.165395,0.584894,0,30.137
30.1568,2.00379,1.04251,1.08174,0,0,0,0,82,84,0,0,0,0,0,traj_sz=100
30.1569,2.00379,1.04251,1.08174,2.04745,1.11192,0.970749,0.12563,82,84,0.0817833,0.12443,-0.159435,0.583758,0,30.1569
30.1768,2.00572,1.04621,1.07592,0,0,0,0,82,84,0,0,0,0,0,traj_sz=100
30.1769,2.00572,1.04621,1.07592,2.04745,1.11192,0.970749,0.12563,82,84,0.077644,0.122789,-0.136853,0.580172,0,30.1769
30.1968,2.00629,1.04759,1.07294,0,0,0,0,82,84,0,0,0,0,0,traj_sz=100
30.197,2.00629,1.04759,1.07294,2.04745,1.11192,0.970749,0.12563,82,84,0.0761775,0.123848,-0.127514,0.578965,0,30.197
30.2168,2.00729,1.05014,1.06709,0,0,0,0,82,84,0,0,0,0,0,traj_sz=100
30.2169,2.00729,1.05014,1.06709,2.04745,1.11192,0.970749,0.12563,82,84,0.0734924,0.123651,-0.109874,0.576786,0,30.2169
30.2368,2.00865,1.05258,1.06357,0,0,0,0,82,84,0,0,0,0,0,traj_sz=100
30.2369,2.00865,1.05258,1.06357,2.04745,1.11192,0.970749,0.12563,82,84,0.0707144,0.123385,-0.0948611,0.574351,0,30.2369
30.2568,2.00951,1.05377,1.06323,0,0,0,0,82,84,0,0,0,0,0,traj_sz=100
30.257,2.00951,1.05377,1.06323,2.04745,1.11192,0.970749,0.12563,83,84,0.0692593,0.124471,-0.338216,0.573003,0,30.257
30.2768,2.01136,1.05744,1.0568,0,0,0,0,83,84,0,0,0,0,0,traj_sz=100
30.2769,2.01136,1.05744,1.0568,2.04745,1.11192,0.970749,0.12563,83,84,0.0651896,0.122888,-0.31858,0.569532,0,30.2769
30.2968,2.01206,1.05867,1.05577,0,0,0,0,83,84,0,0,0,0,0,traj_sz=100
30.2969,2.01206,1.05867,1.05577,2.04745,1.11192,0.970749,0.12563,83,84,0.0637735,0.124004,-0.314956,0.568293,0,30.2969
30.3168,2.01356,1.06116,1.05324,0,0,0,0,83,84,0,0,0,0,0,traj_sz=100
30.3169,2.01356,1.06116,1.05324,2.07348,1.14996,0.88752,0.12563,83,85,0.106818,0.123628,-0.305104,0.565736,0,30.3169
30.3368,2.01462,1.06378,1.048,0,0,0,0,83,85,0,0,0,0,0,traj_sz=100
30.3369,2.01462,1.06378,1.048,2.07348,1.14996,0.88752,0.12563,83,85,0.104058,0.123348,-0.292069,0.563484,0,30.3369
30.3569,2.01534,1.06507,1.04641,0,0,0,0,83,85,0,0,0,0,0,traj_sz=100
30.357,2.01534,1.06507,1.04641,2.07348,1.14996,0.88752,0.12563,83,85,0.102596,0.124414,-0.286694,0.562213,0,30.357
30.3768,2.01759,1.06894,1.04232,0,0,0,0,83,85,0,0,0,0,0,traj_sz=100
30.3768,2.01759,1.06894,1.04232,2.07348,1.14996,0.88752,0.12563,83,85,0.0981506,0.122448,-0.271799,0.558318,0,30.3768
30.3968,2.01827,1.07039,1.04042,0,0,0,0,83,85,0,0,0,0,0,traj_sz=100
30.3969,2.01827,1.07039,1.04042,2.07348,1.14996,0.88752,0.12563,83,85,0.0965652,0.123383,-0.266892,0.556993,0,30.3969
30.4169,2.01968,1.07281,1.03698,0,0,0,0,83,85,0,0,0,0,0,traj_sz=100
30.417,2.01968,1.07281,1.03698,2.07348,1.14996,0.88752,0.12563,83,85,0.0937938,0.123125,-0.254395,0.554566,0,30.417
30.4369,2.02098,1.07519,1.03323,0,0,0,0,83,85,0,0,0,0,0,traj_sz=100
30.437,2.02098,1.07519,1.03323,2.07348,1.14996,0.88752,0.12563,83,85,0.091107,0.122932,-0.241802,0.552248,0,30.437
30.4567,2.02177,1.07648,1.0311,0,0,0,0,83,85,0,0,0,0,0,traj_sz=100
30.4569,2.02177,1.07648,1.0311,2.07348,1.14996,0.88752,0.12563,83,85,0.089611,0.123936,-0.233538,0.550924,0,30.4569
30.4766,2.0239,1.0802,1.0249,0,0,0,0,83,85,0,0,0,0,0,traj_sz=100
30.4767,2.0239,1.0802,1.0249,2.07348,1.14996,0.88752,0.12563,83,85,0.0853614,0.122148,-0.211524,0.54723,0,30.4767
30.4967,2.02452,1.08157,1.02162,0,0,0,0,83,85,0,0,0,0,0,traj_sz=100
30.4968,2.02452,1.08157,1.02162,2.07348,1.14996,0.88752,0.12563,83,85,0.0838922,0.123206,-0.202021,0.546022,0,30.4968
30.5167,2.02559,1.08426,1.01353,0,0,0,0,83,85,0,0,0,0,0,traj_sz=100
30.5168,2.02559,1.08426,1.01353,2.07348,1.14996,0.88752,0.12563,83,85,0.0810862,0.122876,-0.179041,0.543764,0,30.5168
30.5367,2.02742,1.08644,1.01344,0,0,0,0,83,85,0,0,0,0,0,traj_sz=100
30.5368,2.02742,1.08644,1.01344,2.07348,1.14996,0.88752,0.12563,83,85,0.0782672,0.122598,-0.171407,0.541105,0,30.5368
30.5569,2.02812,1.08773,1.01051,0,0,0,0,83,85,0,0,0,0,0,traj_sz=100
30.557,2.02812,1.08773,1.01051,2.07348,1.14996,0.88752,0.12563,83,85,0.0768188,0.123681,-0.161382,0.539865,0,30.557
30.5767,2.03033,1.09132,1.00363,0,0,0,0,83,85,0,0,0,0,0,traj_sz=100
30.5769,2.03033,1.09132,1.00363,2.07348,1.14996,0.88752,0.12563,83,85,0.0726435,0.121992,-0.134851,0.536197,0,30.5769
30.5967,2.03109,1.09251,1.00186,0,0,0,0,83,85,0,0,0,0,0,traj_sz=100
30.5969,2.03109,1.09251,1.00186,2.07348,1.14996,0.88752,0.12563,83,85,0.0712368,0.123101,-0.127605,0.534958,0,30.5969
30.6168,2.03265,1.09498,0.996936,0,0,0,0,83,85,0,0,0,0,0,traj_sz=100
30.6169,2.03265,1.09498,0.996936,2.07348,1.14996,0.88752,0.12563,84,85,0.0683441,0.122726,-0.3491,0.532407,0,30.6169
30.6368,2.03397,1.09735,0.993009,0,0,0,0,84,85,0,0,0,0,0,traj_sz=100
30.6369,2.03397,1.09735,0.993009,2.07348,1.14996,0.88752,0.12563,84,85,0.0656484,0.122534,-0.3491,0.530111,0,30.6369
30.6568,2.03468,1.09865,0.989906,0,0,0,0,84,85,0,0,0,0,0,traj_sz=100
30.657,2.03468,1.09865,0.989906,2.07348,1.14996,0.88752,0.12563,84,85,0.0641865,0.123602,-0.3491,0.528865,0,30.657
30.6768,2.03712,1.10225,0.985421,0,0,0,0,84,85,0,0,0,0,0,traj_sz=100
30.677,2.03712,1.10225,0.985421,2.10257,1.1857,0.798442,0.12563,84,86,0.105715,0.12177,-0.344124,0.525008,0,30.677
30.6968,2.03778,1.10348,0.983005,0,0,0,0,84,86,0,0,0,0,0,traj_sz=100
30.6969,2.03778,1.10348,0.983005,2.10257,1.1857,0.798442,0.12563,84,86,0.104353,0.122903,-0.337723,0.523855,0,30.6969
30.7168,2.03931,1.10578,0.979824,0,0,0,0,84,86,0,0,0,0,0,traj_sz=100
30.7169,2.03931,1.10578,0.979824,2.10257,1.1857,0.798442,0.12563,84,86,0.101614,0.12267,-0.326741,0.52142,0,30.7169
30.7368,2.04091,1.10841,0.974803,0,0,0,0,84,86,0,0,0,0,0,traj_sz=100
30.7369,2.04091,1.10841,0.974803,2.10257,1.1857,0.798442,0.12563,84,86,0.0985814,0.122122,-0.311213,0.518782,0,30.7369
30.7567,2.04173,1.10962,0.974093,0,0,0,0,84,86,0,0,0,0,0,traj_sz=100
30.7568,2.04173,1.10962,0.974093,2.10257,1.1857,0.798442,0.12563,84,86,0.0971233,0.123172,-0.308779,0.517493,0,30.7568
30.7767,2.0441,1.11324,0.968247,0,0,0,0,84,86,0,0,0,0,0,traj_sz=100
30.7768,2.0441,1.11324,0.968247,2.10257,1.1857,0.798442,0.12563,84,86,0.0928399,0.121363,-0.289014,0.513715,0,30.7768
30.7967,2.04486,1.1146,0.965474,0,0,0,0,84,86,0,0,0,0,0,traj_sz=100
30.7968,2.04486,1.1146,0.965474,2.10257,1.1857,0.798442,0.12563,84,86,0.0913082,0.122332,-0.281081,0.512412,0,30.7968
30.8169,2.04643,1.11683,0.962508,0,0,0,0,84,86,0,0,0,0,0,traj_sz=100
30.817,2.04643,1.11683,0.962508,2.10257,1.1857,0.798442,0.12563,84,86,0.0885949,0.122146,-0.269926,0.509991,0,30.817
30.8369,2.0478,1.11912,0.953952,0,0,0,0,84,86,0,0,0,0,0,traj_sz=100
30.8371,2.0478,1.11912,0.953952,2.10257,1.1857,0.798442,0.12563,84,86,0.0859906,0.122022,-0.241575,0.50773,0,30.8371
30.8567,2.04875,1.12022,0.954802,0,0,0,0,84,86,0,0,0,0,0,traj_sz=100
30.8568,2.04875,1.12022,0.954802,2.10257,1.1857,0.798442,0.12563,84,86,0.0845359,0.12307,-0.242196,0.506382,0,30.8568
30.8767,2.05124,1.12382,0.948484,0,0,0,0,84,86,0,0,0,0,0,traj_sz=100
30.8767,2.05124,1.12382,0.948484,2.10257,1.1857,0.798442,0.12563,84,86,0.0802022,0.121224,-0.219007,0.502535,0,30.8767
30.897,2.05175,1.12486,0.942107,0,0,0,0,84,86,0,0,0,0,0,traj_sz=100
30.8971,2.05175,1.12486,0.942107,2.10257,1.1857,0.798442,0.12563,84,86,0.0790983,0.122661,-0.198599,0.501616,0,30.8971
30.9167,2.05353,1.12736,0.938311,0,0,0,0,84,86,0,0,0,0,0,traj_sz=100
30.9168,2.05353,1.12736,0.938311,2.10257,1.1857,0.798442,0.12563,84,86,0.0760401,0.12207,-0.184066,0.498898,0,30.9168
30.9367,2.05535,1.12957,0.936361,0,0,0,0,84,86,0,0,0,0,0,traj_sz=100
30.9369,2.05535,1.12957,0.936361,2.10257,1.1857,0.798442,0.12563,84,86,0.0731994,0.121767,-0.173289,0.496293,0,30.9369
30.9567,2.05614,1.13078,0.934065,0,0,0,0,84,86,0,0,0,0,0,traj_sz=100
30.9568,2.05614,1.13078,0.934065,2.10257,1.1857,0.798442,0.12563,84,86,0.0717703,0.122845,-0.165487,0.49505,0,30.9568
30.9767,2.05858,1.13429,0.92549,0,0,0,0,84,86,0,0,0,0,0,traj_sz=100
30.9768,2.05858,1.13429,0.92549,2.10257,1.1857,0.798442,0.12563,85,86,0.0675299,0.121087,-0.3491,0.491308,0,30.9768
30.9968,2.05919,1.13555,0.920993,0,0,0,0,85,86,0,0,0,0,0,traj_sz=100
30.9969,2.05919,1.13555,0.920993,2.10257,1.1857,0.798442,0.12563,85,86,0.0661773,0.122253,-0.3491,0.490209,0,30.9969
31.0168,2.06103,1.13783,0.91823,0,0,0,0,85,86,0,0,0,0,0,traj_sz=100
31.0169,2.06103,1.13783,0.91823,2.10257,1.1857,0.798442,0.12563,85,86,0.0632592,0.121856,-0.3491,0.487557,0,31.0169
31.0368,2.06248,1.14022,0.9126,0,0,0,0,85,86,0,0,0,0,0,traj_sz=100
31.0369,2.06248,1.14022,0.9126,2.13474,1.21872,0.70467,0.12563,85,87,0.106297,0.121597,-0.3491,0.485208,0,31.0369
31.0568,2.06336,1.14134,0.91063,0,0,0,0,85,87,0,0,0,0,0,traj_sz=100
31.0571,2.06336,1.14134,0.91063,2.13474,1.21872,0.70467,0.12563,85,87,0.104895,0.122721,-0.3491,0.483933,0,31.0571
31.0767,2.06575,1.1447,0.904249,0,0,0,0,85,87,0,0,0,0,0,traj_sz=100
31.0769,2.06575,1.1447,0.904249,2.13474,1.21872,0.70467,0.12563,85,87,0.10083,0.121103,-0.3491,0.480334,0,31.0769
31.0969,2.06662,1.14564,0.903273,0,0,0,0,85,87,0,0,0,0,0,traj_sz=100
31.097,2.06662,1.14564,0.903273,2.13474,1.21872,0.70467,0.12563,85,87,0.0995629,0.122369,-0.3491,0.479145,0,31.097
31.1168,2.06808,1.14786,0.897856,0,0,0,0,85,87,0,0,0,0,0,traj_sz=100
31.117,2.06808,1.14786,0.897856,2.13474,1.21872,0.70467,0.12563,85,87,0.0969643,0.122244,-0.344181,0.476885,0,31.117
31.1367,2.06957,1.14991,0.893517,0,0,0,0,85,87,0,0,0,0,0,traj_sz=100
31.1368,2.06957,1.14991,0.893517,2.13474,1.21872,0.70467,0.12563,85,87,0.0944634,0.122212,-0.330715,0.474667,0,31.1368
31.1568,2.07033,1.15096,0.891219,0,0,0,0,85,87,0,0,0,0,0,traj_sz=100
31.157,2.07033,1.15096,0.891219,2.13474,1.21872,0.70467,0.12563,85,87,0.0931865,0.123466,-0.323382,0.473531,0,31.157
31.1768,2.0726,1.15417,0.88339,0,0,0,0,85,87,0,0,0,0,0,traj_sz=100
31.1769,2.0726,1.15417,0.88339,2.13474,1.21872,0.70467,0.12563,85,87,0.0893232,0.122048,-0.299253,0.47013,0,31.1769
31.1968,2.07343,1.15526,0.880911,0,0,0,0,85,87,0,0,0,0,0,traj_sz=100
31.1969,2.07343,1.15526,0.880911,2.13474,1.21872,0.70467,0.12563,85,87,0.0879707,0.123212,-0.29108,0.468923,0,31.1969
31.2168,2.07525,1.1576,0.875362,0,0,0,0,85,87,0,0,0,0,0,traj_sz=100
31.217,2.07525,1.1576,0.875362,2.13474,1.21872,0.70467,0.12563,85,87,0.0850435,0.12278,-0.272099,0.466297,0,31.217
31.2367,2.07713,1.15975,0.869948,0,0,0,0,85,87,0,0,0,0,0,traj_sz=100
31.2368,2.07713,1.15975,0.869948,2.13474,1.21872,0.70467,0.12563,85,87,0.0822203,0.122435,-0.251046,0.463696,0,31.2368
31.2568,2.07792,1.16099,0.86683,0,0,0,0,85,87,0,0,0,0,0,traj_sz=100
31.2569,2.07792,1.16099,0.86683,2.13474,1.21872,0.70467,0.12563,85,87,0.080787,0.123514,-0.242344,0.462471,0,31.2569
31.2767,2.0807,1.16435,0.859396,0,0,0,0,85,87,0,0,0,0,0,traj_sz=100
31.2768,2.0807,1.16435,0.859396,2.13474,1.21872,0.70467,0.12563,85,87,0.076466,0.121675,-0.215121,0.458563,0,31.2768
31.2967,2.0815,1.1655,0.85592,0,0,0,0,85,87,0,0,0,0,0,traj_sz=100
31.2968,2.0815,1.1655,0.85592,2.13474,1.21872,0.70467,0.12563,85,87,0.0750853,0.122804,-0.204171,0.457361,0,31.2968
31.3168,2.08335,1.16771,0.851826,0,0,0,0,85,87,0,0,0,0,0,traj_sz=100
31.3171,2.08335,1.16771,0.851826,2.13474,1.21872,0.70467,0.12563,85,87,0.07223,0.122479,-0.188784,0.454781,0,31.3171
31.3367,2.08518,1.16996,0.844628,0,0,0,0,85,87,0,0,0,0,0,traj_sz=100
31.3369,2.08518,1.16996,0.844628,2.13474,1.21872,0.70467,0.12563,85,87,0.0693688,0.12209,-0.162987,0.452209,0,31.3369
31.3567,2.08618,1.17102,0.842955,0,0,0,0,85,87,0,0,0,0,0,traj_sz=100
31.3568,2.08618,1.17102,0.842955,2.13474,1.21872,0.70467,0.12563,86,87,0.067919,0.123159,-0.3491,0.450868,0,31.3568
31.3769,2.08887,1.17435,0.834843,0,0,0,0,86,87,0,0,0,0,0,traj_sz=100
31.377,2.08887,1.17435,0.834843,2.13474,1.21872,0.70467,0.12563,86,87,0.0636782,0.121431,-0.3491,0.447082,0,31.377
31.3968,2.08967,1.17557,0.830898,0,0,0,0,86,87,0,0,0,0,0,traj_sz=100
31.397,2.08967,1.17557,0.830898,2.16985,1.24857,0.607622,0.12563,86,88,0.107967,0.122505,-0.3491,0.445863,0,31.397
31.4168,2.09144,1.17771,0.823422,0,0,0,0,86,88,0,0,0,0,0,traj_sz=100
31.417,2.09144,1.17771,0.823422,2.16985,1.24857,0.607622,0.12563,86,88,0.105274,0.122268,-0.3491,0.443406,0,31.417
31.4368,2.0932,1.17966,0.820049,0,0,0,0,86,88,0,0,0,0,0,traj_sz=100
31.437,2.0932,1.17966,0.820049,2.16985,1.24857,0.607622,0.12563,86,88,0.102675,0.122158,-0.3491,0.441023,0,31.437
31.4569,2.09433,1.18074,0.81969,0,0,0,0,86,88,0,0,0,0,0,traj_sz=100
31.457,2.09433,1.18074,0.81969,2.16985,1.24857,0.607622,0.12563,86,88,0.101121,0.12313,-0.3491,0.439566,0,31.457
31.4767,2.09698,1.184,0.810348,0,0,0,0,86,88,0,0,0,0,0,traj_sz=100
31.477,2.09698,1.184,0.810348,2.16985,1.24857,0.607622,0.12563,86,88,0.0970146,0.12147,-0.3491,0.435874,0,31.477
31.4968,2.09764,1.18499,0.806187,0,0,0,0,86,88,0,0,0,0,0,traj_sz=100
31.4969,2.09764,1.18499,0.806187,2.16985,1.24857,0.607622,0.12563,86,88,0.0958698,0.122798,-0.3491,0.434883,0,31.4969
31.5167,2.09958,1.18697,0.80369,0,0,0,0,86,88,0,0,0,0,0,traj_sz=100
31.5168,2.09958,1.18697,0.80369,2.16985,1.24857,0.607622,0.12563,86,88,0.0931205,0.122543,-0.34371,0.432338,0,31.5168
31.5368,2.10151,1.18899,0.799491,0,0,0,0,86,88,0,0,0,0,0,traj_sz=100
31.5369,2.10151,1.18899,0.799491,2.16985,1.24857,0.607622,0.12563,86,88,0.0903578,0.122277,-0.32907,0.429791,0,31.5369
31.5568,2.10212,1.19003,0.793147,0,0,0,0,86,88,0,0,0,0,0,traj_sz=100
31.5569,2.10212,1.19003,0.793147,2.16985,1.24857,0.607622,0.12563,86,88,0.089236,0.123627,-0.310469,0.428836,0,31.5569
31.5768,2.10497,1.19291,0.786722,0,0,0,0,86,88,0,0,0,0,0,traj_sz=100
31.577,2.10497,1.19291,0.786722,2.16985,1.24857,0.607622,0.12563,86,88,0.0852267,0.122113,-0.286943,0.425121,0,31.577
31.5968,2.10595,1.19383,0.784347,0,0,0,0,86,88,0,0,0,0,0,traj_sz=100
31.5969,2.10595,1.19383,0.784347,2.16985,1.24857,0.607622,0.12563,86,88,0.0838943,0.123285,-0.277436,0.423865,0,31.5969
31.6168,2.10746,1.19579,0.77473,0,0,0,0,86,88,0,0,0,0,0,traj_sz=100
31.6169,2.10746,1.19579,0.77473,2.16985,1.24857,0.607622,0.12563,86,88,0.0815083,0.12337,-0.247119,0.421747,0,31.6169
31.6368,2.10966,1.19769,0.773707,0,0,0,0,86,88,0,0,0,0,0,traj_sz=100
31.637,2.10966,1.19769,0.773707,2.16985,1.24857,0.607622,0.12563,86,88,0.0786041,0.123,-0.239672,0.418997,0,31.637
31.6566,2.11062,1.19875,0.770518,0,0,0,0,86,88,0,0,0,0,0,traj_sz=100
31.6568,2.11062,1.19875,0.770518,2.16985,1.24857,0.607622,0.12563,86,88,0.0771993,0.124079,-0.229071,0.417725,0,31.6568
31.6766,2.11342,1.20177,0.759765,0,0,0,0,86,88,0,0,0,0,0,traj_sz=100
31.6767,2.11342,1.20177,0.759765,2.16985,1.24857,0.607622,0.12563,86,88,0.0731475,0.12249,-0.191811,0.414027,0,31.6767
31.6968,2.11453,1.2027,0.758435,0,0,0,0,86,88,0,0,0,0,0,traj_sz=100
31.697,2.11453,1.2027,0.758435,2.16985,1.24857,0.607622,0.12563,86,88,0.0717061,0.123602,-0.184791,0.412654,0,31.697
31.7167,2.11648,1.20483,0.75257,0,0,0,0,86,88,0,0,0,0,0,traj_sz=100
31.7168,2.11648,1.20483,0.75257,2.16985,1.24857,0.607622,0.12563,87,88,0.0688504,0.123233,-0.3491,0.410072,0,31.7168
31.7368,2.11872,1.2068,0.748572,0,0,0,0,87,88,0,0,0,0,0,traj_sz=100
31.7369,2.11872,1.2068,0.748572,2.16985,1.24857,0.607622,0.12563,87,88,0.0658921,0.1228,-0.3491,0.407288,0,31.7369
31.7568,2.11956,1.20796,0.744096,0,0,0,0,87,88,0,0,0,0,0,traj_sz=100
31.7569,2.11956,1.20796,0.744096,2.16985,1.24857,0.607622,0.12563,87,88,0.064505,0.123914,-0.3491,0.406094,0,31.7569
31.7768,2.12261,1.21074,0.736432,0,0,0,0,87,88,0,0,0,0,0,traj_sz=100
31.777,2.12261,1.21074,0.736432,2.20769,1.27489,0.50903,0.12563,87,89,0.10612,0.122322,-0.3491,0.402267,0,31.777
31.7967,2.12352,1.2118,0.733625,0,0,0,0,87,89,0,0,0,0,0,traj_sz=100
31.7968,2.12352,1.2118,0.733625,2.20769,1.27489,0.50903,0.12563,87,89,0.104765,0.123452,-0.3491,0.401048,0,31.7968
31.8168,2.12573,1.2137,0.729966,0,0,0,0,87,89,0,0,0,0,0,traj_sz=100
31.8169,2.12573,1.2137,0.729966,2.20769,1.27489,0.50903,0.12563,87,89,0.101878,0.123065,-0.3491,0.398313,0,31.8169
31.8369,2.12747,1.21568,0.721754,0,0,0,0,87,89,0,0,0,0,0,traj_sz=100
31.837,2.12747,1.21568,0.721754,2.20769,1.27489,0.50903,0.12563,87,89,0.0993377,0.122986,-0.3491,0.396007,0,31.837
31.8567,2.12867,1.21659,0.721808,0,0,0,0,87,89,0,0,0,0,0,traj_sz=100
31.8569,2.12867,1.21659,0.721808,2.20769,1.27489,0.50903,0.12563,87,89,0.0978315,0.123986,-0.3491,0.394564,0,31.8569
31.8768,2.13178,1.2196,0.713702,0,0,0,0,87,89,0,0,0,0,0,traj_sz=100
31.8769,2.13178,1.2196,0.713702,2.20769,1.27489,0.50903,0.12563,87,89,0.0935756,0.122191,-0.3491,0.390626,0,31.8769
31.8968,2.13275,1.22046,0.711071,0,0,0,0,87,89,0,0,0,0,0,traj_sz=100
31.897,2.13275,1.22046,0.711071,2.20769,1.27489,0.50903,0.12563,87,89,0.0923017,0.123416,-0.3491,0.389425,0,31.897
31.9167,2.13499,1.22228,0.706773,0,0,0,0,87,89,0,0,0,0,0,traj_sz=100
31.9169,2.13499,1.22228,0.706773,2.20769,1.27489,0.50903,0.12563,87,89,0.0894537,0.123042,-0.336724,0.386713,0,31.9169
31.9368,2.13673,1.22425,0.698445,0,0,0,0,87,89,0,0,0,0,0,traj_sz=100
31.9369,2.13673,1.22425,0.698445,2.20769,1.27489,0.50903,0.12563,87,89,0.0869074,0.12297,-0.312411,0.38442,0,31.9369
31.9567,2.13793,1.22518,0.697975,0,0,0,0,87,89,0,0,0,0,0,traj_sz=100
31.9569,2.13793,1.22518,0.697975,2.20769,1.27489,0.50903,0.12563,87,89,0.0853866,0.123969,-0.309679,0.382975,0,31.9569
31.9768,2.14085,1.22803,0.686844,0,0,0,0,87,89,0,0,0,0,0,traj_sz=100
31.9769,2.14085,1.22803,0.686844,2.20769,1.27489,0.50903,0.12563,87,89,0.0813997,0.122436,-0.273821,0.379298,0,31.9769
31.9968,2.14211,1.2288,0.687777,0,0,0,0,87,89,0,0,0,0,0,traj_sz=100
31.9969,2.14211,1.2288,0.687777,2.20769,1.27489,0.50903,0.12563,87,89,0.0799275,0.123497,-0.273682,0.377853,0,31.9969
32.0168,2.14432,1.23067,0.682991,0,0,0,0,87,89,0,0,0,0,0,traj_sz=100
32.017,2.14432,1.23067,0.682991,2.20769,1.27489,0.50903,0.12563,87,89,0.0770621,0.123145,-0.256439,0.375164,0,32.017
32.0369,2.14636,1.23263,0.676179,0,0,0,0,87,89,0,0,0,0,0,traj_sz=100
32.037,2.14636,1.23263,0.676179,2.20769,1.27489,0.50903,0.12563,87,89,0.0742832,0.122857,-0.234411,0.372609,0,32.037
32.0568,2.14738,1.23347,0.672495,0,0,0,0,87,89,0,0,0,0,0,traj_sz=100
32.0569,2.14738,1.23347,0.672495,2.20769,1.27489,0.50903,0.12563,87,89,0.072978,0.124049,-0.220805,0.371372,0,32.0569
32.0768,2.15066,1.23635,0.664105,0,0,0,0,87,89,0,0,0,0,0,traj_sz=100
32.0769,2.15066,1.23635,0.664105,2.20769,1.27489,0.50903,0.12563,88,89,0.0686623,0.122224,-0.3491,0.36736,0,32.0769
32.0967,2.15173,1.23709,0.662559,0,0,0,0,88,89,0,0,0,0,0,traj_sz=100
32.0968,2.15173,1.23709,0.662559,2.20769,1.27489,0.50903,0.12563,88,89,0.0673704,0.12344,-0.3491,0.366114,0,32.0968
32.1167,2.15377,1.23906,0.654134,0,0,0,0,88,89,0,0,0,0,0,traj_sz=100
32.1169,2.15377,1.23906,0.654134,2.20769,1.27489,0.50903,0.12563,88,89,0.0645867,0.123148,-0.3491,0.363566,0,32.1169
32.1368,2.15603,1.24084,0.648209,0,0,0,0,88,89,0,0,0,0,0,traj_sz=100
32.137,2.15603,1.24084,0.648209,2.24794,1.29735,0.410949,0.12563,88,90,0.107387,0.122816,-0.3491,0.360878,0,32.137
32.1568,2.15687,1.24165,0.645325,0,0,0,0,88,90,0,0,0,0,0,traj_sz=100
32.1569,2.15687,1.24165,0.645325,2.24794,1.29735,0.410949,0.12563,88,90,0.10626,0.124171,-0.3491,0.359834,0,32.1569
32.1769,2.16024,1.2443,0.638818,0,0,0,0,88,90,0,0,0,0,0,traj_sz=100
32.1771,2.16024,1.2443,0.638818,2.24794,1.29735,0.410949,0.12563,88,90,0.102035,0.122434,-0.3491,0.355819,0,32.1771
32.1968,2.16134,1.24505,0.636236,0,0,0,0,88,90,0,0,0,0,0,traj_sz=100
32.1969,2.16134,1.24505,0.636236,2.24794,1.29735,0.410949,0.12563,88,90,0.100736,0.123606,-0.3491,0.354554,0,32.1969
32.2168,2.16364,1.24706,0.629623,0,0,0,0,88,90,0,0,0,0,0,traj_sz=100
32.2169,2.16364,1.24706,0.629623,2.24794,1.29735,0.410949,0.12563,88,90,0.0977466,0.123079,-0.3491,0.351757,0,32.2169
32.2368,2.16569,1.24857,0.622798,0,0,0,0,88,90,0,0,0,0,0,traj_sz=100
32.2369,2.16569,1.24857,0.622798,2.24794,1.29735,0.410949,0.12563,88,90,0.095259,0.123052,-0.3491,0.349357,0,32.2369
32.2568,2.16703,1.24955,0.623191,0,0,0,0,88,90,0,0,0,0,0,traj_sz=100
32.257,2.16703,1.24955,0.623191,2.24794,1.29735,0.410949,0.12563,88,90,0.0936025,0.123925,-0.3491,0.347795,0,32.257
32.2768,2.1702,1.25204,0.611179,0,0,0,0,88,90,0,0,0,0,0,traj_sz=100
32.277,2.1702,1.25204,0.611179,2.24794,1.29735,0.410949,0.12563,88,90,0.0896637,0.122406,-0.3491,0.344038,0,32.277
32.2968,2.17135,1.25306,0.608395,0,0,0,0,88,90,0,0,0,0,0,traj_sz=100
32.2969,2.17135,1.25306,0.608395,2.24794,1.29735,0.410949,0.12563,88,90,0.0881592,0.123396,-0.343204,0.342648,0,32.2969
32.3168,2.17379,1.25484,0.601485,0,0,0,0,88,90,0,0,0,0,0,traj_sz=100
32.3169,2.17379,1.25484,0.601485,2.24794,1.29735,0.410949,0.12563,88,90,0.0851977,0.122914,-0.319271,0.339812,0,32.3169
32.3368,2.17625,1.25667,0.596055,0,0,0,0,88,90,0,0,0,0,0,traj_sz=100
32.3369,2.17625,1.25667,0.596055,2.24794,1.29735,0.410949,0.12563,88,90,0.0821614,0.122377,-0.301154,0.33693,0,32.3369
32.3568,2.17731,1.25751,0.591107,0,0,0,0,88,90,0,0,0,0,0,traj_sz=100
32.3569,2.17731,1.25751,0.591107,2.24794,1.29735,0.410949,0.12563,88,90,0.0808505,0.123563,-0.284648,0.335685,0,32.3569
32.3767,2.18091,1.26015,0.584422,0,0,0,0,88,90,0,0,0,0,0,traj_sz=100
32.3768,2.18091,1.26015,0.584422,2.24794,1.29735,0.410949,0.12563,88,90,0.0764276,0.121611,-0.262207,0.331496,0,32.3768
32.3968,2.18206,1.261,0.578677,0,0,0,0,88,90,0,0,0,0,0,traj_sz=100
32.3969,2.18206,1.261,0.578677,2.24794,1.29735,0.410949,0.12563,88,90,0.0750319,0.122724,-0.242222,0.33016,0,32.3969
32.4169,2.18459,1.26247,0.576488,0,0,0,0,88,90,0,0,0,0,0,traj_sz=100
32.417,2.18459,1.26247,0.576488,2.24794,1.29735,0.410949,0.12563,88,90,0.0721236,0.122347,-0.230782,0.32733,0,32.417
32.4368,2.18707,1.26438,0.573692,0,0,0,0,88,90,0,0,0,0,0,traj_sz=100
32.437,2.18707,1.26438,0.573692,2.24794,1.29735,0.410949,0.12563,89,90,0.0690164,0.121755,-0.3491,0.324429,0,32.437
32.4568,2.18809,1.26526,0.567757,0,0,0,0,89,90,0,0,0,0,0,traj_sz=100
32.4569,2.18809,1.26526,0.567757,2.24794,1.29735,0.410949,0.12563,89,90,0.0677135,0.122937,-0.3491,0.323213,0,32.4569
32.4767,2.19202,1.26763,0.564925,0,0,0,0,89,90,0,0,0,0,0,traj_sz=100
32.4768,2.19202,1.26763,0.564925,2.24794,1.29735,0.410949,0.12563,89,90,0.0631468,0.120875,-0.3491,0.318808,0,32.4768
32.4968,2.19296,1.26851,0.558182,0,0,0,0,89,90,0,0,0,0,0,traj_sz=100
32.497,2.19296,1.26851,0.558182,2.29019,1.31576,0.315719,0.12563,89,91,0.107498,0.122159,-0.3491,0.317671,0,32.497
32.5167,2.19529,1.26982,0.552306,0,0,0,0,89,91,0,0,0,0,0,traj_sz=100
32.5168,2.19529,1.26982,0.552306,2.29019,1.31576,0.315719,0.12563,89,91,0.104888,0.121989,-0.3491,0.315078,0,32.5168
32.5367,2.19787,1.27178,0.546793,0,0,0,0,89,91,0,0,0,0,0,traj_sz=100
32.5368,2.19787,1.27178,0.546793,2.29019,1.31576,0.315719,0.12563,89,91,0.101728,0.121293,-0.3491,0.312093,0,32.5368
32.5567,2.19902,1.27233,0.544683,0,0,0,0,89,91,0,0,0,0,0,traj_sz=100
32.5568,2.19902,1.27233,0.544683,2.29019,1.31576,0.315719,0.12563,89,91,0.100483,0.122553,-0.3491,0.310844,0,32.5568
32.5768,2.2029,1.27484,0.53773,0,0,0,0,89,91,0,0,0,0,0,traj_sz=100
32.5769,2.2029,1.27484,0.53773,2.29019,1.31576,0.315719,0.12563,89,91,0.0959289,0.120462,-0.3491,0.306459,0,32.5769
32.5969,2.20399,1.27577,0.532775,0,0,0,0,89,91,0,0,0,0,0,traj_sz=100
32.5973,2.20399,1.27577,0.532775,2.29019,1.31576,0.315719,0.12563,89,91,0.0945624,0.121594,-0.3491,0.305172,0,32.5973
32.6168,2.20652,1.27708,0.527305,0,0,0,0,89,91,0,0,0,0,0,traj_sz=100
32.617,2.20652,1.27708,0.527305,2.29019,1.31576,0.315719,0.12563,89,91,0.0917725,0.121263,-0.3491,0.302407,0,32.617
32.6367,2.2088,1.27885,0.520698,0,0,0,0,89,91,0,0,0,0,0,traj_sz=100
32.6368,2.2088,1.27885,0.520698,2.29019,1.31576,0.315719,0.12563,89,91,0.088965,0.120901,-0.3491,0.299766,0,32.6368
32.6568,2.20996,1.27958,0.51712,0,0,0,0,89,91,0,0,0,0,0,traj_sz=100
32.657,2.20996,1.27958,0.51712,2.29019,1.31576,0.315719,0.12563,89,91,0.0876246,0.12207,-0.3491,0.298463,0,32.657
32.6768,2.21374,1.28147,0.512084,0,0,0,0,89,91,0,0,0,0,0,traj_sz=100
32.677,2.21374,1.28147,0.512084,2.29019,1.31576,0.315719,0.12563,89,91,0.0834436,0.120379,-0.3491,0.294348,0,32.677
32.6968,2.2146,1.28243,0.505314,0,0,0,0,89,91,0,0,0,0,0,traj_sz=100
32.6969,2.2146,1.28243,0.505314,2.29019,1.31576,0.315719,0.12563,89,91,0.0822825,0.121691,-0.334217,0.293294,0,32.6969
32.7168,2.21715,1.28351,0.502566,0,0,0,0,89,91,0,0,0,0,0,traj_sz=100
32.7169,2.21715,1.28351,0.502566,2.29019,1.31576,0.315719,0.12563,89,91,0.0795393,0.121461,-0.319823,0.290556,0,32.7169
32.7366,2.21948,1.28515,0.496696,0,0,0,0,89,91,0,0,0,0,0,traj_sz=100
32.7368,2.21948,1.28515,0.496696,2.29019,1.31576,0.315719,0.12563,89,91,0.0767496,0.121139,-0.303238,0.287917,0,32.7368
32.7567,2.22071,1.28587,0.492811,0,0,0,0,89,91,0,0,0,0,0,traj_sz=100
32.7569,2.22071,1.28587,0.492811,2.29019,1.31576,0.315719,0.12563,89,91,0.0753488,0.122252,-0.289618,0.286553,0,32.7569
32.7767,2.22424,1.28804,0.483334,0,0,0,0,89,91,0,0,0,0,0,traj_sz=100
32.7768,2.22424,1.28804,0.483334,2.29019,1.31576,0.315719,0.12563,89,91,0.0712752,0.120654,-0.258096,0.282632,0,32.7768
32.7969,2.22558,1.28873,0.483011,0,0,0,0,89,91,0,0,0,0,0,traj_sz=100
32.797,2.22558,1.28873,0.483011,2.29019,1.31576,0.315719,0.12563,89,91,0.0697749,0.121699,-0.256191,0.281178,0,32.797
32.8167,2.22793,1.29005,0.473793,0,0,0,0,89,91,0,0,0,0,0,traj_sz=100
32.8169,2.22793,1.29005,0.473793,2.29019,1.31576,0.315719,0.12563,90,91,0.0671309,0.121521,-0.3491,0.278595,0,32.8169
32.8366,2.23069,1.29127,0.470861,0,0,0,0,90,91,0,0,0,0,0,traj_sz=100
32.8367,2.23069,1.29127,0.470861,2.29019,1.31576,0.315719,0.12563,90,91,0.0641369,0.121017,-0.3491,0.275643,0,32.8367
32.8567,2.23212,1.2922,0.470391,0,0,0,0,90,91,0,0,0,0,0,traj_sz=100
32.857,2.23212,1.2922,0.470391,2.334,1.33007,0.225883,0.120914,90,92,0.107984,0.121872,-0.3491,0.27405,0,32.857
32.8767,2.23577,1.29424,0.460508,0,0,0,0,90,92,0,0,0,0,0,traj_sz=100
32.8768,2.23577,1.29424,0.460508,2.334,1.33007,0.225883,0.120914,90,92,0.103923,0.120214,-0.3491,0.270054,0,32.8768
32.8967,2.23702,1.29498,0.456844,0,0,0,0,90,92,0,0,0,0,0,traj_sz=100
32.8968,2.23702,1.29498,0.456844,2.334,1.33007,0.225883,0.120914,90,92,0.102518,0.121297,-0.3491,0.268678,0,32.8968
32.9167,2.23965,1.29607,0.450356,0,0,0,0,90,92,0,0,0,0,0,traj_sz=100
32.917,2.23965,1.29607,0.450356,2.334,1.33007,0.225883,0.120914,90,92,0.0997403,0.120989,-0.3491,0.265875,0,32.917
32.9368,2.24194,1.29757,0.443002,0,0,0,0,90,92,0,0,0,0,0,traj_sz=100
32.937,2.24194,1.29757,0.443002,2.334,1.33007,0.225883,0.120914,90,92,0.0971082,0.120807,-0.3491,0.263336,0,32.937
32.9568,2.24326,1.29797,0.441384,0,0,0,0,90,92,0,0,0,0,0,traj_sz=100
32.9569,2.24326,1.29797,0.441384,2.334,1.33007,0.225883,0.120914,90,92,0.0957594,0.121959,-0.3491,0.261961,0,32.9569
32.9767,2.24717,1.30021,0.433781,0,0,0,0,90,92,0,0,0,0,0,traj_sz=100
32.9768,2.24717,1.30021,0.433781,2.334,1.33007,0.225883,0.120914,90,92,0.0913406,0.119982,-0.3491,0.257688,0,32.9768
32.9968,2.2484,1.30077,0.430224,0,0,0,0,90,92,0,0,0,0,0,traj_sz=100
32.9969,2.2484,1.30077,0.430224,2.334,1.33007,0.225883,0.120914,90,92,0.090021,0.121155,-0.3491,0.256373,0,32.9969
33.0168,2.25081,1.30203,0.423373,0,0,0,0,90,92,0,0,0,0,0,traj_sz=100
33.0169,2.25081,1.30203,0.423373,2.334,1.33007,0.225883,0.120914,90,92,0.0873699,0.120972,-0.3491,0.25377,0,33.0169
33.0368,2.25363,1.30302,0.421573,0,0,0,0,90,92,0,0,0,0,0,traj_sz=100
33.0369,2.25363,1.30302,0.421573,2.334,1.33007,0.225883,0.120914,90,92,0.0844057,0.120507,-0.3491,0.250812,0,33.0369
33.0567,2.25451,1.30395,0.413819,0,0,0,0,90,92,0,0,0,0,0,traj_sz=100
33.0569,2.25451,1.30395,0.413819,2.334,1.33007,0.225883,0.120914,90,92,0.0832835,0.121865,-0.3491,0.249771,0,33.0569
33.0767,2.25824,1.30531,0.40981,0,0,0,0,90,92,0,0,0,0,0,traj_sz=100
33.077,2.25824,1.30531,0.40981,2.334,1.33007,0.225883,0.120914,90,92,0.0793506,0.12043,-0.338167,0.245854,0,33.077
33.0967,2.25952,1.30632,0.405022,0,0,0,0,90,92,0,0,0,0,0,traj_sz=100
33.0969,2.25952,1.30632,0.405022,2.334,1.33007,0.225883,0.120914,90,92,0.0778158,0.121389,-0.327227,0.244418,0,33.0969
33.1168,2.26192,1.30718,0.400218,0,0,0,0,90,92,0,0,0,0,0,traj_sz=100
33.1169,2.26192,1.30718,0.400218,2.334,1.33007,0.225883,0.120914,90,92,0.0753023,0.121371,-0.307422,0.241901,0,33.1169
33.1367,2.2644,1.3082,0.395338,0,0,0,0,90,92,0,0,0,0,0,traj_sz=100
33.1369,2.2644,1.3082,0.395338,2.334,1.33007,0.225883,0.120914,90,92,0.0726541,0.121216,-0.289001,0.23928,0,33.1369
33.1568,2.26569,1.3092,0.391878,0,0,0,0,90,92,0,0,0,0,0,traj_sz=100
33.1569,2.26569,1.3092,0.391878,2.334,1.33007,0.225883,0.120914,90,92,0.0710994,0.122183,-0.282513,0.237833,0,33.1569
33.1767,2.26942,1.31097,0.382131,0,0,0,0,90,92,0,0,0,0,0,traj_sz=100
33.1768,2.26942,1.31097,0.382131,2.334,1.33007,0.225883,0.120914,91,92,0.0670394,0.120576,-0.3491,0.233855,0,33.1768
33.1968,2.27067,1.3117,0.378584,0,0,0,0,91,92,0,0,0,0,0,traj_sz=100
33.1969,2.27067,1.3117,0.378584,2.334,1.33007,0.225883,0.120914,91,92,0.0656309,0.12169,-0.3491,0.232502,0,33.1969
33.2167,2.27353,1.31247,0.377336,0,0,0,0,91,92,0,0,0,0,0,traj_sz=100
33.2167,2.27353,1.31247,0.377336,2.334,1.33007,0.225883,0.120914,91,92,0.0627,0.121261,-0.3491,0.229558,0,33.2167
33.2369,2.27606,1.31398,0.367956,0,0,0,0,91,92,0,0,0,0,0,traj_sz=100
33.237,2.27606,1.31398,0.367956,2.37723,1.34001,0.147081,0.109024,91,93,0.103762,0.120925,-0.3491,0.22682,0,33.237
33.2568,2.27762,1.31425,0.369731,0,0,0,0,91,93,0,0,0,0,0,traj_sz=100
33.2568,2.27762,1.31425,0.369731,2.37723,1.34001,0.147081,0.109024,91,93,0.10219,0.121881,-0.3491,0.225239,0,33.2568
33.2767,2.28133,1.31624,0.356963,0,0,0,0,91,93,0,0,0,0,0,traj_sz=100
33.2768,2.28133,1.31624,0.356963,2.37723,1.34001,0.147081,0.109024,91,93,0.0981593,0.120229,-0.3491,0.221258,0,33.2768
33.2968,2.2828,1.31664,0.356629,0,0,0,0,91,93,0,0,0,0,0,traj_sz=100
33.297,2.2828,1.31664,0.356629,2.37723,1.34001,0.147081,0.109024,91,93,0.0966466,0.121261,-0.3491,0.219745,0,33.297
33.3167,2.28567,1.3182,0.348259,0,0,0,0,91,93,0,0,0,0,0,traj_sz=100
33.3169,2.28567,1.3182,0.348259,2.37723,1.34001,0.147081,0.109024,91,93,0.0935104,0.120558,-0.3491,0.21668,0,33.3169
33.3368,2.2882,1.319,0.342388,0,0,0,0,91,93,0,0,0,0,0,traj_sz=100
33.337,2.2882,1.319,0.342388,2.37723,1.34001,0.147081,0.109024,91,93,0.0909118,0.120435,-0.3491,0.214053,0,33.337
33.3568,2.28962,1.31933,0.340868,0,0,0,0,91,93,0,0,0,0,0,traj_sz=100
33.3569,2.28962,1.31933,0.340868,2.37723,1.34001,0.147081,0.109024,91,93,0.0894819,0.121501,-0.3491,0.212602,0,33.3569
33.3768,2.29373,1.32079,0.333144,0,0,0,0,91,93,0,0,0,0,0,traj_sz=100
33.3769,2.29373,1.32079,0.333144,2.37723,1.34001,0.147081,0.109024,91,93,0.0851916,0.119663,-0.3491,0.208326,0,33.3769
33.3967,2.29481,1.32178,0.327867,0,0,0,0,91,93,0,0,0,0,0,traj_sz=100
33.3969,2.29481,1.32178,0.327867,2.37723,1.34001,0.147081,0.109024,91,93,0.0839029,0.120713,-0.3491,0.207124,0,33.3969
33.4167,2.2976,1.32243,0.323178,0,0,0,0,91,93,0,0,0,0,0,traj_sz=100
33.4168,2.2976,1.32243,0.323178,2.37723,1.34001,0.147081,0.109024,91,93,0.081091,0.120124,-0.3491,0.204269,0,33.4168
33.4368,2.30014,1.3235,0.317629,0,0,0,0,91,93,0,0,0,0,0,traj_sz=100
33.4369,2.30014,1.3235,0.317629,2.37723,1.34001,0.147081,0.109024,91,93,0.0783934,0.119663,-0.3491,0.201613,0,33.4369
33.4568,2.30168,1.32424,0.312339,0,0,0,0,91,93,0,0,0,0,0,traj_sz=100
33.457,2.30168,1.32424,0.312339,2.37723,1.34001,0.147081,0.109024,91,93,0.0767441,0.120262,-0.3379,0.199989,0,33.457
33.4769,2.30569,1.32586,0.299433,0,0,0,0,91,93,0,0,0,0,0,traj_sz=100
33.477,2.30569,1.32586,0.299433,2.37723,1.34001,0.147081,0.109024,91,93,0.0725327,0.11823,-0.295845,0.195806,0,33.477
33.4968,2.30685,1.32628,0.297578,0,0,0,0,91,93,0,0,0,0,0,traj_sz=100
33.4971,2.30685,1.32628,0.297578,2.37723,1.34001,0.147081,0.109024,91,93,0.0713132,0.119289,-0.289708,0.194601,0,33.4971
33.5169,2.30965,1.32732,0.290255,0,0,0,0,91,93,0,0,0,0,0,traj_sz=100
33.5172,2.30965,1.32732,0.290255,2.37723,1.34001,0.147081,0.109024,91,93,0.0683799,0.11859,-0.265243,0.191692,0,33.5172
33.5369,2.31215,1.32792,0.286322,0,0,0,0,91,93,0,0,0,0,0,traj_sz=100
33.537,2.31215,1.32792,0.286322,2.37723,1.34001,0.147081,0.109024,92,93,0.0658464,0.118292,-0.3491,0.189145,0,33.537
33.5568,2.31344,1.3284,0.282242,0,0,0,0,92,93,0,0,0,0,0,traj_sz=100
33.557,2.31344,1.3284,0.282242,2.37723,1.34001,0.147081,0.109024,92,93,0.0644989,0.11919,-0.3491,0.187806,0,33.557
33.5768,2.31764,1.32989,0.27541,0,0,0,0,92,93,0,0,0,0,0,traj_sz=100
33.5768,2.31764,1.32989,0.27541,2.4168,1.34587,0.0849195,0.0902084,92,94,0.0997686,0.117012,-0.3491,0.183466,0,33.5768
33.5968,2.31887,1.33001,0.274127,0,0,0,0,92,94,0,0,0,0,0,traj_sz=100
33.5969,2.31887,1.33001,0.274127,2.4168,1.34587,0.0849195,0.0902084,92,94,0.0985653,0.118081,-0.3491,0.182227,0,33.5969
33.6169,2.32101,1.3312,0.26464,0,0,0,0,92,94,0,0,0,0,0,traj_sz=100
33.617,2.32101,1.3312,0.26464,2.4168,1.34587,0.0849195,0.0902084,92,94,0.0962871,0.117988,-0.3491,0.17997,0,33.617
33.6367,2.32369,1.33173,0.260273,0,0,0,0,92,94,0,0,0,0,0,traj_sz=100
33.6368,2.32369,1.33173,0.260273,2.4168,1.34587,0.0849195,0.0902084,92,94,0.0936156,0.117518,-0.3491,0.177258,0,33.6368
33.6567,2.32481,1.33214,0.256985,0,0,0,0,92,94,0,0,0,0,0,traj_sz=100
33.6568,2.32481,1.33214,0.256985,2.4168,1.34587,0.0849195,0.0902084,92,94,0.0924567,0.118605,-0.3491,0.176097,0,33.6568
33.6768,2.32879,1.33294,0.253407,0,0,0,0,92,94,0,0,0,0,0,traj_sz=100
33.677,2.32879,1.33294,0.253407,2.4168,1.34587,0.0849195,0.0902084,92,94,0.088439,0.116843,-0.3491,0.172056,0,33.677
33.6969,2.3299,1.3338,0.247484,0,0,0,0,92,94,0,0,0,0,0,traj_sz=100
33.6972,2.3299,1.3338,0.247484,2.4168,1.34587,0.0849195,0.0902084,92,94,0.0872042,0.117837,-0.3491,0.170865,0,33.6972
33.7168,2.33246,1.33435,0.241866,0,0,0,0,92,94,0,0,0,0,0,traj_sz=100
33.717,2.33246,1.33435,0.241866,2.4168,1.34587,0.0849195,0.0902084,92,94,0.0846422,0.11749,-0.3491,0.168267,0,33.717
33.7367,2.33482,1.33515,0.235142,0,0,0,0,92,94,0,0,0,0,0,traj_sz=100
33.7368,2.33482,1.33515,0.235142,2.4168,1.34587,0.0849195,0.0902084,92,94,0.0822237,0.117266,-0.3491,0.165848,0,33.7368
33.7567,2.33609,1.33525,0.234087,0,0,0,0,92,94,0,0,0,0,0,traj_sz=100
33.7568,2.33609,1.33525,0.234087,2.4168,1.34587,0.0849195,0.0902084,92,94,0.0809688,0.118151,-0.3491,0.164568,0,33.7568
33.7767,2.33976,1.3362,0.228069,0,0,0,0,92,94,0,0,0,0,0,traj_sz=100
33.7769,2.33976,1.3362,0.228069,2.4168,1.34587,0.0849195,0.0902084,92,94,0.0772363,0.116164,-0.341519,0.160838,0,33.7769
33.7968,2.34111,1.33683,0.222975,0,0,0,0,92,94,0,0,0,0,0,traj_sz=100
33.797,2.34111,1.33683,0.222975,2.4168,1.34587,0.0849195,0.0902084,92,94,0.0758191,0.116508,-0.327963,0.159439,0,33.797
33.8167,2.34369,1.33742,0.219368,0,0,0,0,92,94,0,0,0,0,0,traj_sz=100
33.8168,2.34369,1.33742,0.219368,2.4168,1.34587,0.0849195,0.0902084,92,94,0.0731996,0.115637,-0.314849,0.156818,0,33.8168
33.8368,2.3461,1.33801,0.213359,0,0,0,0,92,94,0,0,0,0,0,traj_sz=100
33.8369,2.3461,1.33801,0.213359,2.4168,1.34587,0.0849195,0.0902084,92,94,0.0707564,0.114954,-0.29374,0.154361,0,33.8369
33.8567,2.34754,1.33827,0.212305,0,0,0,0,92,94,0,0,0,0,0,traj_sz=100
33.8568,2.34754,1.33827,0.212305,2.4168,1.34587,0.0849195,0.0902084,92,94,0.0693079,0.115279,-0.288877,0.152912,0,33.8568
33.8767,2.35142,1.33936,0.202075,0,0,0,0,92,94,0,0,0,0,0,traj_sz=100
33.8769,2.35142,1.33936,0.202075,2.4168,1.34587,0.0849195,0.0902084,92,94,0.0653553,0.11305,-0.255023,0.14896,0,33.8769
33.8966,2.3528,1.33966,0.201442,0,0,0,0,92,94,0,0,0,0,0,traj_sz=100
33.8967,2.3528,1.33966,0.201442,2.4168,1.34587,0.0849195,0.0902084,92,94,0.063944,0.113415,-0.252459,0.147558,0,33.8967
33.9167,2.35566,1.34057,0.193524,0,0,0,0,92,94,0,0,0,0,0,traj_sz=100
33.9168,2.35566,1.34057,0.193524,2.4168,1.34587,0.0849195,0.0902084,93,94,0.061015,0.112232,-0.3491,0.144645,0,33.9168
33.9368,2.35825,1.3407,0.192029,0,0,0,0,93,94,0,0,0,0,0,traj_sz=100
33.9369,2.35825,1.3407,0.192029,2.4168,1.34587,0.0849195,0.0902084,93,94,0.0584641,0.111469,-0.3491,0.142059,0,33.9369
33.9567,2.35945,1.34146,0.185985,0,0,0,0,93,94,0,0,0,0,0,traj_sz=100
33.9569,2.35945,1.34146,0.185985,2.4168,1.34587,0.0849195,0.0902084,93,94,0.0571795,0.111942,-0.3491,0.140812,0,33.9569
33.9768,2.36352,1.34231,0.179911,0,0,0,0,93,94,0,0,0,0,0,traj_sz=100
33.9769,2.36352,1.34231,0.179911,2.44977,1.34867,0.0419845,0.0668114,93,95,0.0859937,0.109572,-0.3491,0.136694,0,33.9769
33.9967,2.36469,1.34249,0.178279,0,0,0,0,93,95,0,0,0,0,0,traj_sz=100
33.9968,2.36469,1.34249,0.178279,2.44977,1.34867,0.0419845,0.0668114,93,95,0.0848266,0.110168,-0.3491,0.135518,0,33.9968
34.0167,2.36732,1.34297,0.172989,0,0,0,0,93,95,0,0,0,0,0,traj_sz=100
34.0167,2.36732,1.34297,0.172989,2.44977,1.34867,0.0419845,0.0668114,93,95,0.0821978,0.10928,-0.3491,0.132864,0,34.0167
34.0368,2.37002,1.34345,0.169046,0,0,0,0,93,95,0,0,0,0,0,traj_sz=100
34.0371,2.37002,1.34345,0.169046,2.44977,1.34867,0.0419845,0.0668114,93,95,0.0794946,0.108358,-0.3491,0.130148,0,34.0371
34.0568,2.37123,1.34392,0.165323,0,0,0,0,93,95,0,0,0,0,0,traj_sz=100
34.0569,2.37123,1.34392,0.165323,2.44977,1.34867,0.0419845,0.0668114,93,95,0.0782494,0.108856,-0.3491,0.128912,0,34.0569
34.0768,2.37491,1.34444,0.158912,0,0,0,0,93,95,0,0,0,0,0,traj_sz=100
34.0769,2.37491,1.34444,0.158912,2.44977,1.34867,0.0419845,0.0668114,93,95,0.0745863,0.106927,-0.3491,0.125214,0,34.0769
34.0968,2.37603,1.34456,0.156686,0,0,0,0,93,95,0,0,0,0,0,traj_sz=100
34.097,2.37603,1.34456,0.156686,2.44977,1.34867,0.0419845,0.0668114,93,95,0.07348,0.107595,-0.341802,0.124091,0,34.097
34.1166,2.37836,1.34527,0.152346,0,0,0,0,93,95,0,0,0,0,0,traj_sz=100
34.1167,2.37836,1.34527,0.152346,2.44977,1.34867,0.0419845,0.0668114,93,95,0.0710981,0.106948,-0.331686,0.121732,0,34.1167
34.1367,2.38053,1.34588,0.146503,0,0,0,0,93,95,0,0,0,0,0,traj_sz=100
34.1368,2.38053,1.34588,0.146503,2.44977,1.34867,0.0419845,0.0668114,93,95,0.0689097,0.105959,-0.314919,0.119546,0,34.1368
34.1568,2.38184,1.34585,0.143706,0,0,0,0,93,95,0,0,0,0,0,traj_sz=100
34.1569,2.38184,1.34585,0.143706,2.44977,1.34867,0.0419845,0.0668114,93,95,0.0676345,0.105841,-0.301419,0.118233,0,34.1569
34.1768,2.38521,1.34648,0.137443,0,0,0,0,93,95,0,0,0,0,0,traj_sz=100
34.1769,2.38521,1.34648,0.137443,2.44977,1.34867,0.0419845,0.0668114,93,95,0.0642564,0.10359,-0.280817,0.114849,0,34.1769
34.1968,2.38643,1.34693,0.133855,0,0,0,0,93,95,0,0,0,0,0,traj_sz=100
34.1969,2.38643,1.34693,0.133855,2.44977,1.34867,0.0419845,0.0668114,93,95,0.0630088,0.103493,-0.271947,0.113615,0,34.1969
34.2168,2.38883,1.34706,0.128543,0,0,0,0,93,95,0,0,0,0,0,traj_sz=100
34.2169,2.38883,1.34706,0.128543,2.44977,1.34867,0.0419845,0.0668114,93,95,0.0606443,0.102266,-0.249522,0.11121,0,34.2169
34.2368,2.39116,1.34757,0.124227,0,0,0,0,93,95,0,0,0,0,0,traj_sz=100
34.237,2.39116,1.34757,0.124227,2.44977,1.34867,0.0419845,0.0668114,93,95,0.0582981,0.101071,-0.23633,0.10887,0,34.237
34.2568,2.3924,1.34761,0.12282,0,0,0,0,93,95,0,0,0,0,0,traj_sz=100
34.2569,2.3924,1.34761,0.12282,2.44977,1.34867,0.0419845,0.0668114,93,95,0.0570643,0.101001,-0.22919,0.107623,0,34.2569
34.2767,2.39594,1.34812,0.116421,0,0,0,0,93,95,0,0,0,0,0,traj_sz=100
34.2768,2.39594,1.34812,0.116421,2.47426,1.3497,0.016649,0.0424653,93,96,0.0779734,0.0985917,-0.205866,0.104077,0,34.2768
34.2968,2.39715,1.34819,0.115575,0,0,0,0,93,96,0,0,0,0,0,traj_sz=100
34.2969,2.39715,1.34819,0.115575,2.48984,1.34996,0.00460975,0.0212049,94,97,0.0922779,0.0985636,-0.3491,0.102868,0,34.2969
34.3168,2.39939,1.34871,0.108715,0,0,0,0,94,97,0,0,0,0,0,traj_sz=100
34.3169,2.39939,1.34871,0.108715,2.48984,1.34996,0.00460975,0.0212049,94,97,0.0900482,0.0974441,-0.3491,0.100615,0,34.3169
34.3368,2.40175,1.34932,0.101896,0,0,0,0,94,97,0,0,0,0,0,traj_sz=100
34.3369,2.40175,1.34932,0.101896,2.48984,1.34996,0.00460975,0.0212049,94,97,0.0876957,0.0962021,-0.336795,0.0982499,0,34.3369
34.3569,2.4028,1.34939,0.101154,0,0,0,0,94,97,0,0,0,0,0,traj_sz=100
34.357,2.4028,1.34939,0.101154,2.48984,1.34996,0.00460975,0.0212049,94,97,0.0866511,0.096332,-0.333786,0.0972002,0,34.357
34.3767,2.40596,1.34985,0.0941265,0,0,0,0,94,97,0,0,0,0,0,traj_sz=100
34.3768,2.40596,1.34985,0.0941265,2.48984,1.34996,0.00460975,0.0212049,94,97,0.0835164,0.0942975,-0.311418,0.0940377,0,34.3768
34.3969,2.40697,1.34987,0.0939008,0,0,0,0,94,97,0,0,0,0,0,traj_sz=100
34.397,2.40697,1.34987,0.0939008,2.48984,1.34996,0.00460975,0.0212049,94,97,0.082509,0.0944725,-0.309622,0.093026,0,34.397
34.4168,2.4091,1.34993,0.0925836,0,0,0,0,94,97,0,0,0,0,0,traj_sz=100
34.4169,2.4091,1.34993,0.0925836,2.48984,1.34996,0.00460975,0.0212049,94,97,0.0803998,0.0935184,-0.303065,0.0909031,0,34.4169
34.4368,2.41131,1.35035,0.0870222,0,0,0,0,94,97,0,0,0,0,0,traj_sz=100
34.4369,2.41131,1.35035,0.0870222,2.49762,1.35,0.000610924,0.00648794,94,98,0.0859559,0.0924502,-0.286468,0.0886936,0,34.4369
34.4568,2.41228,1.35046,0.0857677,0,0,0,0,94,98,0,0,0,0,0,traj_sz=100
34.457,2.41228,1.35046,0.0857677,2.49762,1.35,0.000610924,0.00648794,94,98,0.0849863,0.0926456,-0.282415,0.087721,0,34.457
34.4768,2.41563,1.35053,0.081839,0,0,0,0,94,98,0,0,0,0,0,traj_sz=100
34.4768,2.41563,1.35053,0.081839,2.49762,1.35,0.000610924,0.00648794,94,98,0.0816708,0.0904591,-0.264975,0.0843701,0,34.4768
34.4967,2.4167,1.35102,0.0781125,0,0,0,0,94,98,0,0,0,0,0,traj_sz=100
34.4968,2.4167,1.35102,0.0781125,2.49762,1.35,0.000610924,0.00648794,94,98,0.0805899,0.090167,-0.257491,0.0833021,0,34.4968
34.5168,2.41887,1.35112,0.0733035,0,0,0,0,94,98,0,0,0,0,0,traj_sz=100
34.517,2.41887,1.35112,0.0733035,2.5,1.35,0,0,94,99,0.0808255,0.0885399,-0.238946,0.081133,0,34.517
34.5367,2.42109,1.35161,0.069484,0,0,0,0,94,99,0,0,0,0,0,traj_sz=100
34.5368,2.42109,1.35161,0.069484,2.5,1.35,0,0,94,99,0.0786082,0.0868277,-0.229779,0.0789271,0,34.5368
34.5567,2.42215,1.35172,0.0670933,0,0,0,0,94,99,0,0,0,0,0,traj_sz=100
34.5568,2.42215,1.35172,0.0670933,2.5,1.35,0,0,94,99,0.0775589,0.0863026,-0.22142,0.0778684,0,34.5568
34.5768,2.42517,1.35163,0.0639822,0,0,0,0,94,99,0,0,0,0,0,traj_sz=100
34.5769,2.42517,1.35163,0.0639822,2.5,1.35,0,0,94,99,0.0745718,0.0838417,-0.205015,0.0748468,0,34.5769
34.5968,2.42638,1.35172,0.0623629,0,0,0,0,94,99,0,0,0,0,0,traj_sz=100
34.5969,2.42638,1.35172,0.0623629,2.5,1.35,0,0,94,99,0.0733737,0.083174,-0.19901,0.0736441,0,34.5969
34.6168,2.42835,1.35216,0.056483,0,0,0,0,94,99,0,0,0,0,0,traj_sz=100
34.6169,2.42835,1.35216,0.056483,2.5,1.35,0,0,94,99,0.0714113,0.0817103,-0.181897,0.07168,0,34.6169
34.6369,2.43043,1.35224,0.0543388,0,0,0,0,94,99,0,0,0,0,0,traj_sz=100
34.637,2.43043,1.35224,0.0543388,2.5,1.35,0,0,94,99,0.0693464,0.0801761,-0.172685,0.0696065,0,34.637
34.6568,2.43137,1.35225,0.0528982,0,0,0,0,94,99,0,0,0,0,0,traj_sz=100
34.657,2.43137,1.35225,0.0528982,2.5,1.35,0,0,94,99,0.0684183,0.0797788,-0.166522,0.0686702,0,34.657
34.6768,2.43424,1.35255,0.046681,0,0,0,0,94,99,0,0,0,0,0,traj_sz=100
34.677,2.43424,1.35255,0.046681,2.5,1.35,0,0,95,99,0.0655698,0.0774345,-0.254507,0.06581,0,34.677
34.6968,2.43519,1.35253,0.0469299,0,0,0,0,95,99,0,0,0,0,0,traj_sz=100
34.6969,2.43519,1.35253,0.0469299,2.5,1.35,0,0,95,99,0.0646218,0.0770272,-0.254461,0.064861,0,34.6969
34.7169,2.43728,1.35255,0.0443657,0,0,0,0,95,99,0,0,0,0,0,traj_sz=100
34.717,2.43728,1.35255,0.0443657,2.5,1.35,0,0,95,99,0.0625463,0.0754817,-0.244284,0.0627731,0,34.717
34.7368,2.43907,1.35262,0.0436436,0,0,0,0,95,99,0,0,0,0,0,traj_sz=100
34.737,2.43907,1.35262,0.0436436,2.5,1.35,0,0,95,99,0.0607584,0.0742289,-0.241539,0.0609869,0,34.737
34.7568,2.43998,1.35268,0.0415151,0,0,0,0,95,99,0,0,0,0,0,traj_sz=100
34.7569,2.43998,1.35268,0.0415151,2.5,1.35,0,0,95,99,0.059859,0.0738542,-0.23425,0.0600818,0,34.7569
34.7767,2.44262,1.35316,0.0352416,0,0,0,0,95,99,0,0,0,0,0,traj_sz=100
34.7769,2.44262,1.35316,0.0352416,2.5,1.35,0,0,95,99,0.0572346,0.0717295,-0.217197,0.0574686,0,34.7769
34.7968,2.44358,1.35312,0.0346358,0,0,0,0,95,99,0,0,0,0,0,traj_sz=100
34.7969,2.44358,1.35312,0.0346358,2.5,1.35,0,0,95,99,0.0562766,0.0713111,-0.213791,0.0565047,0,34.7969
34.8168,2.44538,1.35305,0.0325333,0,0,0,0,95,99,0,0,0,0,0,traj_sz=100
34.817,2.44538,1.35305,0.0325333,2.5,1.35,0,0,95,99,0.0544933,0.0700589,-0.203999,0.0547063,0,34.817
34.8368,2.44699,1.35315,0.0314221,0,0,0,0,95,99,0,0,0,0,0,traj_sz=100
34.837,2.44699,1.35315,0.0314221,2.5,1.35,0,0,95,99,0.0528864,0.0689852,-0.200494,0.0531049,0,34.837
34.8568,2.44782,1.35315,0.0284473,0,0,0,0,95,99,0,0,0,0,0,traj_sz=100
34.8569,2.44782,1.35315,0.0284473,2.5,1.35,0,0,95,99,0.0520662,0.0685718,-0.18936,0.0522723,0,34.8569
34.8768,2.45037,1.35326,0.0255563,0,0,0,0,95,99,0,0,0,0,0,traj_sz=100
34.877,2.45037,1.35326,0.0255563,2.5,1.35,0,0,95,99,0.0495335,0.0660409,-0.178981,0.0497402,0,34.877
34.8969,2.45119,1.35326,0.0255932,0,0,0,0,95,99,0,0,0,0,0,traj_sz=100
34.897,2.45119,1.35326,0.0255932,2.5,1.35,0,0,95,99,0.0487121,0.0652355,-0.178547,0.0489203,0,34.897
34.9168,2.45265,1.35333,0.0234107,0,0,0,0,95,99,0,0,0,0,0,traj_sz=100
34.917,2.45265,1.35333,0.0234107,2.5,1.35,0,0,95,99,0.0472637,0.0637922,-0.170759,0.0474711,0,34.917
34.9367,2.45393,1.3533,0.0226397,0,0,0,0,95,99,0,0,0,0,0,traj_sz=100
34.9368,2.45393,1.3533,0.0226397,2.5,1.35,0,0,95,99,0.0459853,0.0625265,-0.166771,0.0461897,0,34.9368
34.9568,2.45469,1.35322,0.0209899,0,0,0,0,95,99,0,0,0,0,0,traj_sz=100
34.9568,2.45469,1.35322,0.0209899,2.5,1.35,0,0,95,99,0.0452358,0.0617864,-0.159226,0.045428,0,34.9568
34.9767,2.45647,1.35373,0.015448,0,0,0,0,95,99,0,0,0,0,0,traj_sz=100
34.9768,2.45647,1.35373,0.015448,2.5,1.35,0,0,95,99,0.0434645,0.0599992,-0.145796,0.0436872,0,34.9768
34.9968,2.45722,1.35376,0.014108,0,0,0,0,95,99,0,0,0,0,0,traj_sz=100
34.9971,2.45722,1.35376,0.014108,2.5,1.35,0,0,95,99,0.0427247,0.0592691,-0.140886,0.0429468,0,34.9971
35.0168,2.45837,1.35383,0.0124911,0,0,0,0,95,99,0,0,0,0,0,traj_sz=100
35.0169,2.45837,1.35383,0.0124911,2.5,1.35,0,0,95,99,0.0415749,0.058127,-0.135344,0.0418015,0,35.0169
35.0368,2.45979,1.35379,0.0127033,0,0,0,0,95,99,0,0,0,0,0,traj_sz=100
35.0369,2.45979,1.35379,0.0127033,2.5,1.35,0,0,95,99,0.040163,0.0567326,-0.134627,0.0403923,0,35.0369
35.0568,2.46051,1.35376,0.0107845,0,0,0,0,95,99,0,0,0,0,0,traj_sz=100
35.057,2.46051,1.35376,0.0107845,2.5,1.35,0,0,95,99,0.0394462,0.0560237,-0.126812,0.0396673,0,35.057
35.0768,2.46169,1.35384,0.00898883,0,0,0,0,95,99,0,0,0,0,0,traj_sz=100
35.0769,2.46169,1.35384,0.00898883,2.5,1.35,0,0,95,99,0.0382777,0.0548619,-0.120826,0.0385055,0,35.0769
35.0968,2.46245,1.35364,0.00942408,0,0,0,0,95,99,0,0,0,0,0,traj_sz=100
35.097,2.46245,1.35364,0.00942408,2.5,1.35,0,0,96,99,0.0375185,0.054123,-0.169952,0.0377305,0,35.097
35.1167,2.46342,1.35369,0.00887139,0,0,0,0,96,99,0,0,0,0,0,traj_sz=100
35.1169,2.46342,1.35369,0.00887139,2.5,1.35,0,0,96,99,0.0365466,0.0531632,-0.16847,0.0367666,0,35.1169
35.1367,2.46441,1.35361,0.0095366,0,0,0,0,96,99,0,0,0,0,0,traj_sz=100
35.1369,2.46441,1.35361,0.0095366,2.5,1.35,0,0,96,99,0.0355504,0.0521857,-0.169421,0.0357692,0,35.1369
35.1567,2.46512,1.35374,0.00985347,0,0,0,0,96,99,0,0,0,0,0,traj_sz=100
35.1569,2.46512,1.35374,0.00985347,2.5,1.35,0,0,96,99,0.0348389,0.0514887,-0.172356,0.0350777,0,35.1569
35.1768,2.46675,1.35373,0.00711354,0,0,0,0,96,99,0,0,0,0,0,traj_sz=100
35.1769,2.46675,1.35373,0.00711354,2.5,1.35,0,0,96,99,0.0332187,0.0498726,-0.161834,0.0334542,0,35.1769
35.1968,2.46709,1.35376,0.0071944,0,0,0,0,96,99,0,0,0,0,0,traj_sz=100
35.1968,2.46709,1.35376,0.0071944,2.5,1.35,0,0,96,99,0.0328845,0.0495529,-0.162483,0.0331259,0,35.1968
35.2169,2.46838,1.3538,0.00548641,0,0,0,0,96,99,0,0,0,0,0,traj_sz=100
35.217,2.46838,1.3538,0.00548641,2.5,1.35,0,0,96,99,0.0316032,0.0482791,-0.15661,0.0318514,0,35.217
35.2367,2.46957,1.3538,0.00525607,0,0,0,0,96,99,0,0,0,0,0,traj_sz=100
35.2369,2.46957,1.3538,0.00525607,2.5,1.35,0,0,96,99,0.030411,0.0468205,-0.155519,0.0306675,0,35.2369
35.2567,2.46997,1.35392,0.00385469,0,0,0,0,96,99,0,0,0,0,0,traj_sz=100
35.2568,2.46997,1.35392,0.00385469,2.5,1.35,0,0,96,99,0.030013,0.0461091,-0.152274,0.0302837,0,35.2568
35.2768,2.47104,1.3537,0.00101766,0,0,0,0,96,99,0,0,0,0,0,traj_sz=100
35.2769,2.47104,1.3537,0.00101766,2.5,1.35,0,0,96,99,0.0289557,0.0447356,-0.13839,0.0291946,0,35.2769
35.2968,2.47139,1.35381,-0.000182821,0,0,0,0,96,99,0,0,0,0,0,traj_sz=100
35.297,2.47139,1.35381,-0.000182821,2.5,1.35,0,0,96,99,0.0286076,0.044074,-0.135608,0.028859,0,35.297
35.3168,2.47222,1.35373,0.00257135,0,0,0,0,96,99,0,0,0,0,0,traj_sz=100
35.317,2.47222,1.35373,0.00257135,2.5,1.35,0,0,96,99,0.0277684,0.0429394,-0.144115,0.0280268,0,35.317
35.3368,2.47319,1.35417,-0.00224105,0,0,0,0,96,99,0,0,0,0,0,traj_sz=100
35.3369,2.47319,1.35417,-0.00224105,2.5,1.35,0,0,96,99,0.0268166,0.0416577,-0.13317,0.0271294,0,35.3369
35.3568,2.47344,1.35402,-0.000623292,0,0,0,0,96,99,0,0,0,0,0,traj_sz=100
35.3569,2.47344,1.35402,-0.000623292,2.5,1.35,0,0,96,99,0.0265665,0.0411091,-0.13674,0.0268666,0,35.3569
35.3768,2.47455,1.35435,-0.00467606,0,0,0,0,96,99,0,0,0,0,0,traj_sz=100
35.377,2.47455,1.35435,-0.00467606,2.5,1.35,0,0,96,99,0.0254737,0.0396874,-0.126757,0.0258221,0,35.377
35.3968,2.47519,1.35412,-0.00216483,0,0,0,0,96,99,0,0,0,0,0,traj_sz=100
35.397,2.47519,1.35412,-0.00216483,2.5,1.35,0,0,96,99,0.0248189,0.0387395,-0.132239,0.0251499,0,35.397
35.4167,2.4759,1.35421,-0.00403891,0,0,0,0,96,99,0,0,0,0,0,traj_sz=100
35.4169,2.4759,1.35421,-0.00403891,2.5,1.35,0,0,96,99,0.0241144,0.0377216,-0.12659,0.0244619,0,35.4169
35.4367,2.47689,1.35467,-0.0128739,0,0,0,0,96,99,0,0,0,0,0,traj_sz=100
35.4368,2.47689,1.35467,-0.0128739,2.5,1.35,0,0,96,99,0.0231646,0.0364197,-0.101488,0.0235734,0,35.4368
35.4567,2.47719,1.35425,-0.00743228,0,0,0,0,96,99,0,0,0,0,0,traj_sz=100
35.4569,2.47719,1.35425,-0.00743228,2.5,1.35,0,0,96,99,0.0228417,0.035821,-0.114672,0.0232027,0,35.4569
35.4768,2.47805,1.35443,-0.00944502,0,0,0,0,96,99,0,0,0,0,0,traj_sz=100
35.477,2.47805,1.35443,-0.00944502,2.5,1.35,0,0,96,99,0.0219896,0.034649,-0.109942,0.0223911,0,35.477
35.4968,2.4785,1.3542,-0.00691084,0,0,0,0,96,99,0,0,0,0,0,traj_sz=100
35.497,2.4785,1.3542,-0.00691084,2.5,1.35,0,0,96,99,0.0215248,0.0338917,-0.115512,0.0219027,0,35.497
35.5168,2.4793,1.35453,-0.0142054,0,0,0,0,96,99,0,0,0,0,0,traj_sz=100
35.5169,2.4793,1.35453,-0.0142054,2.5,1.35,0,0,96,99,0.0207648,0.0327899,-0.093949,0.0211916,0,35.5169
35.5367,2.47998,1.35461,-0.0158832,0,0,0,0,96,99,0,0,0,0,0,traj_sz=100
35.5369,2.47998,1.35461,-0.0158832,2.5,1.35,0,0,96,99,0.0200915,0.0318012,-0.0890749,0.0205458,0,35.5369
35.5568,2.48016,1.35423,-0.0101059,0,0,0,0,96,99,0,0,0,0,0,traj_sz=100
35.5569,2.48016,1.35423,-0.0101059,2.5,1.35,0,0,96,99,0.0198857,0.0313208,-0.104002,0.0202891,0,35.5569
35.5768,2.48104,1.35427,-0.0121057,0,0,0,0,96,99,0,0,0,0,0,traj_sz=100
35.5769,2.48104,1.35427,-0.0121057,2.5,1.35,0,0,96,99,0.0190076,0.0301266,-0.0972034,0.0194318,0,35.5769
35.5968,2.48129,1.35407,-0.00996097,0,0,0,0,96,99,0,0,0,0,0,traj_sz=100
35.5969,2.48129,1.35407,-0.00996097,2.5,1.35,0,0,96,99,0.0187477,0.0295344,-0.101946,0.0191464,0,35.5969
35.6168,2.4822,1.35447,-0.0161127,0,0,0,0,96,99,0,0,0,0,0,traj_sz=100
35.6169,2.4822,1.35447,-0.0161127,2.5,1.35,0,0,97,99,0.0178693,0.0282472,-0.0924437,0.0183521,0,35.6169
35.6367,2.48281,1.3541,-0.0105909,0,0,0,0,97,99,0,0,0,0,0,traj_sz=100
35.637,2.48281,1.3541,-0.0105909,2.5,1.35,0,0,97,99,0.017232,0.0272592,-0.106814,0.0176728,0,35.637
35.6568,2.48317,1.3543,-0.0127082,0,0,0,0,97,99,0,0,0,0,0,traj_sz=100
35.657,2.48317,1.3543,-0.0127082,2.5,1.35,0,0,97,99,0.0168848,0.0265242,-0.102044,0.0173713,0,35.657
35.6768,2.48415,1.35463,-0.018984,0,0,0,0,97,99,0,0,0,0,0,traj_sz=100
35.6769,2.48415,1.35463,-0.018984,2.5,1.35,0,0,97,99,0.0159302,0.0251609,-0.084341,0.0165071,0,35.6769
35.6968,2.48458,1.3545,-0.0175292,0,0,0,0,97,99,0,0,0,0,0,traj_sz=100
35.697,2.48458,1.3545,-0.0175292,2.5,1.35,0,0,97,99,0.0154973,0.0243575,-0.0875805,0.016063,0,35.697
35.7168,2.48484,1.35464,-0.0203006,0,0,0,0,97,99,0,0,0,0,0,traj_sz=100
35.7169,2.48484,1.35464,-0.0203006,2.5,1.35,0,0,97,99,0.0152533,0.0237223,-0.079805,0.0158574,0,35.7169
35.7368,2.48511,1.35433,-0.0134969,0,0,0,0,97,99,0,0,0,0,0,traj_sz=100
35.7369,2.48511,1.35433,-0.0134969,2.5,1.35,0,0,97,99,0.0149519,0.0230792,-0.0996016,0.015512,0,35.7369
35.7568,2.48521,1.35429,-0.0130284,0,0,0,0,97,99,0,0,0,0,0,traj_sz=100
35.757,2.48521,1.35429,-0.0130284,2.5,1.35,0,0,97,99,0.0148452,0.0225966,-0.100646,0.0154001,0,35.757
35.7768,2.48601,1.35455,-0.0177844,0,0,0,0,97,99,0,0,0,0,0,traj_sz=100
35.7769,2.48601,1.35455,-0.0177844,2.5,1.35,0,0,97,99,0.0140707,0.0214206,-0.0874237,0.0147142,0,35.7769
35.7968,2.48611,1.35443,-0.0184301,0,0,0,0,97,99,0,0,0,0,0,traj_sz=100
35.797,2.48611,1.35443,-0.0184301,2.5,1.35,0,0,97,99,0.0139644,0.020935,-0.0831655,0.0145733,0,35.797
35.8168,2.48634,1.35459,-0.0202046,0,0,0,0,97,99,0,0,0,0,0,traj_sz=100
35.817,2.48634,1.35459,-0.0202046,2.5,1.35,0,0,97,99,0.0137522,0.0203361,-0.0791718,0.0144114,0,35.817
35.8368,2.48654,1.35443,-0.0184606,0,0,0,0,97,99,0,0,0,0,0,traj_sz=100
35.8369,2.48654,1.35443,-0.0184606,2.5,1.35,0,0,97,99,0.0135365,0.0197547,-0.0830628,0.0141667,0,35.8369
35.8567,2.48654,1.3544,-0.019421,0,0,0,0,97,99,0,0,0,0,0,traj_sz=100
35.8569,2.48654,1.3544,-0.019421,2.5,1.35,0,0,97,99,0.0135389,0.0193767,-0.0791604,0.0141565,0,35.8569
35.8767,2.487,1.35446,-0.0201402,0,0,0,0,97,99,0,0,0,0,0,traj_sz=100
35.8768,2.487,1.35446,-0.0201402,2.5,1.35,0,0,97,99,0.0130899,0.018547,-0.077514,0.0137472,0,35.8768
35.8967,2.48714,1.3544,-0.0194948,0,0,0,0,97,99,0,0,0,0,0,traj_sz=100
35.8968,2.48714,1.3544,-0.0194948,2.5,1.35,0,0,97,99,0.012945,0.0180297,-0.0789543,0.0135949,0,35.8968
35.9167,2.48752,1.35462,-0.0245624,0,0,0,0,97,99,0,0,0,0,0,traj_sz=100
35.9168,2.48752,1.35462,-0.0245624,2.5,1.35,0,0,97,99,0.0125868,0.0172668,-0.0639161,0.0133049,0,35.9168
35.9368,2.48781,1.35441,-0.0224224,0,0,0,0,97,99,0,0,0,0,0,traj_sz=100
35.937,2.48781,1.35441,-0.0224224,2.5,1.35,0,0,97,99,0.0122886,0.0166033,-0.0683833,0.0129644,0,35.937
35.9567,2.48794,1.35441,-0.0224794,0,0,0,0,97,99,0,0,0,0,0,traj_sz=100
35.957,2.48794,1.35441,-0.0224794,2.5,1.35,0,0,97,99,0.0121586,0.0161252,-0.0682534,0.0128438,0,35.957
35.9767,2.48818,1.35461,-0.0246498,0,0,0,0,97,99,0,0,0,0,0,traj_sz=100
35.9768,2.48818,1.35461,-0.0246498,2.5,1.35,0,0,97,99,0.0119286,0.0156589,-0.0633656,0.0126849,0,35.9768
35.9968,2.48818,1.35461,-0.0246498,0,0,0,0,97,99,0,0,0,0,0,traj_sz=100
35.9968,2.48818,1.35461,-0.0246498,2.5,1.35,0,0,97,99,0.0119286,0.0154345,-0.0633656,0.0126849,0,35.9968
36.0167,2.48818,1.35461,-0.0246498,0,0,0,0,97,99,0,0,0,0,0,traj_sz=100
36.0169,2.48818,1.35461,-0.0246498,2.5,1.35,0,0,97,99,0.0119286,0.0152103,-0.0633656,0.0126849,0,36.0169
36.0368,2.48857,1.35458,-0.0243572,0,0,0,0,97,99,0,0,0,0,0,traj_sz=100
36.0368,2.48857,1.35458,-0.0243572,2.5,1.35,0,0,97,99,0.0115391,0.0145992,-0.0640114,0.012315,0,36.0368
36.0567,2.48883,1.35465,-0.0250858,0,0,0,0,97,99,0,0,0,0,0,traj_sz=100
36.0568,2.48883,1.35465,-0.0250858,2.5,1.35,0,0,97,99,0.0112844,0.0141162,-0.0623388,0.0120992,0,36.0568
36.0768,2.48883,1.35465,-0.0250858,0,0,0,0,97,99,0,0,0,0,0,traj_sz=100
36.0768,2.48883,1.35465,-0.0250858,2.5,1.35,0,0,97,99,0.0112844,0.0138924,-0.0623388,0.0120992,0,36.0768
36.0967,2.48897,1.35468,-0.0254592,0,0,0,0,97,99,0,0,0,0,0,traj_sz=100
36.0968,2.48897,1.35468,-0.0254592,2.5,1.35,0,0,97,99,0.01115,0.0135316,-0.0615017,0.0119862,0,36.0968
36.1168,2.48897,1.35468,-0.0254592,0,0,0,0,97,99,0,0,0,0,0,traj_sz=100
36.117,2.48897,1.35468,-0.0254592,2.5,1.35,0,0,97,99,0.01115,0.0133061,-0.0615017,0.0119862,0,36.117
36.1367,2.48931,1.35452,-0.0236527,0,0,0,0,97,99,0,0,0,0,0,traj_sz=100
36.137,2.48931,1.35452,-0.0236527,2.5,1.35,0,0,97,99,0.0107955,0.0127405,-0.0655295,0.0116068,0,36.137
36.1567,2.48931,1.35452,-0.0236527,0,0,0,0,97,99,0,0,0,0,0,traj_sz=100
36.1568,2.48931,1.35452,-0.0236527,2.5,1.35,0,0,97,99,0.0107955,0.0125179,-0.0655295,0.0116068,0,36.1568
36.1767,2.4894,1.35449,-0.0247355,0,0,0,0,97,99,0,0,0,0,0,traj_sz=100
36.1769,2.4894,1.35449,-0.0247355,2.5,1.35,0,0,97,99,0.0107061,0.0121996,-0.0611709,0.0115092,0,36.1769
36.1967,2.4894,1.35449,-0.0247355,0,0,0,0,97,99,0,0,0,0,0,traj_sz=100
36.1968,2.4894,1.35449,-0.0247355,2.5,1.35,0,0,97,99,0.0107061,0.011977,-0.0611709,0.0115092,0,36.1968
36.2167,2.4894,1.35449,-0.0247355,0,0,0,0,97,99,0,0,0,0,0,traj_sz=100
36.2168,2.4894,1.35449,-0.0247355,2.5,1.35,0,0,97,99,0.0107061,0.0117537,-0.0611709,0.0115092,0,36.2168
36.2367,2.4894,1.35449,-0.0247355,0,0,0,0,97,99,0,0,0,0,0,traj_sz=100
36.2368,2.4894,1.35449,-0.0247355,2.5,1.35,0,0,97,99,0.0107061,0.011529,-0.0611709,0.0115092,0,36.2368
36.2568,2.4894,1.35449,-0.0247355,0,0,0,0,97,99,0,0,0,0,0,traj_sz=100
36.257,2.4894,1.35449,-0.0247355,2.5,1.35,0,0,97,99,0.0107061,0.0113043,-0.0611709,0.0115092,0,36.257
36.2768,2.4894,1.35449,-0.0247355,0,0,0,0,97,99,0,0,0,0,0,traj_sz=100
36.277,2.4894,1.35449,-0.0247355,2.5,1.35,0,0,97,99,0.0107061,0.0110802,-0.0611709,0.0115092,0,36.277
36.2968,2.4894,1.35449,-0.0247355,0,0,0,0,97,99,0,0,0,0,0,traj_sz=100
36.297,2.4894,1.35449,-0.0247355,2.5,1.35,0,0,97,99,0.0107061,0.0108574,-0.0611709,0.0115092,0,36.297
36.3167,2.4894,1.35449,-0.0257093,0,0,0,0,97,99,0,0,0,0,0,traj_sz=100
36.3168,2.4894,1.35449,-0.0257093,2.5,1.35,0,0,97,99,0.0107079,0.0106319,-0.0577547,0.0115092,0,36.3168
36.3367,2.4894,1.35449,-0.0257093,0,0,0,0,97,99,0,0,0,0,0,traj_sz=100
36.3368,2.4894,1.35449,-0.0257093,2.5,1.35,0,0,97,99,0.0107079,0.0105959,-0.0577547,0.0115092,0,36.3368
36.3568,2.4894,1.35449,-0.0257093,0,0,0,0,97,99,0,0,0,0,0,traj_sz=100
36.3569,2.4894,1.35449,-0.0257093,2.5,1.35,0,0,97,99,0.0107079,0.0105959,-0.0577547,0.0115092,0,36.3569
36.3768,2.48951,1.35445,-0.0252382,0,0,0,0,97,99,0,0,0,0,0,traj_sz=100
36.3769,2.48951,1.35445,-0.0252382,2.5,1.35,0,0,97,99,0.0106031,0.0104941,-0.0588066,0.0113989,0,36.3769
36.3969,2.48951,1.35445,-0.0252382,0,0,0,0,97,99,0,0,0,0,0,traj_sz=100
36.3969,2.48951,1.35445,-0.0252382,2.5,1.35,0,0,97,99,0.0106031,0.0104941,-0.0588066,0.0113989,0,36.3969
36.4168,2.48962,1.35448,-0.0255369,0,0,0,0,97,99,0,0,0,0,0,traj_sz=100
36.4169,2.48962,1.35448,-0.0255369,2.5,1.35,0,0,97,99,0.0104952,0.0103843,-0.0581356,0.0113087,0,36.4169
36.4369,2.48962,1.35448,-0.0255369,0,0,0,0,97,99,0,0,0,0,0,traj_sz=100
36.4371,2.48962,1.35448,-0.0255369,2.5,1.35,0,0,97,99,0.0104952,0.0103843,-0.0581356,0.0113087,0,36.4371
36.4568,2.48962,1.35448,-0.0255369,0,0,0,0,97,99,0,0,0,0,0,traj_sz=100
36.457,2.48962,1.35448,-0.0255369,2.5,1.35,0,0,97,99,0.0104952,0.0103843,-0.0581356,0.0113087,0,36.457
36.4768,2.48971,1.35437,-0.0243548,0,0,0,0,97,99,0,0,0,0,0,traj_sz=100
36.4769,2.48971,1.35437,-0.0243548,2.5,1.35,0,0,97,99,0.0103964,0.010293,-0.0607734,0.0111825,0,36.4769
36.4968,2.48971,1.35437,-0.0243548,0,0,0,0,97,99,0,0,0,0,0,traj_sz=100
36.4969,2.48971,1.35437,-0.0243548,2.5,1.35,0,0,97,99,0.0103964,0.010293,-0.0607734,0.0111825,0,36.4969
36.5167,2.48984,1.35438,-0.0244171,0,0,0,0,97,99,0,0,0,0,0,traj_sz=100
36.5169,2.48984,1.35438,-0.0244171,2.5,1.35,0,0,97,99,0.0102676,0.0101638,-0.0606319,0.0110662,0,36.5169
36.5368,2.48994,1.3545,-0.0258094,0,0,0,0,97,99,0,0,0,0,0,traj_sz=100
36.5368,2.48994,1.3545,-0.0258094,2.5,1.35,0,0,97,99,0.0101761,0.0100632,-0.0574948,0.0110245,0,36.5368
36.5568,2.48994,1.35447,-0.0266949,0,0,0,0,97,99,0,0,0,0,0,traj_sz=100
36.5569,2.48994,1.35447,-0.0266949,2.5,1.35,0,0,97,99,0.0101776,0.0100618,-0.0538858,0.0110117,0,36.5569
36.5768,2.48994,1.35447,-0.0266949,0,0,0,0,97,99,0,0,0,0,0,traj_sz=100
36.5769,2.48994,1.35447,-0.0266949,2.5,1.35,0,0,97,99,0.0101776,0.0100618,-0.0538858,0.0110117,0,36.5769
36.5968,2.49015,1.35458,-0.0287248,0,0,0,0,97,99,0,0,0,0,0,traj_sz=100
36.597,2.49015,1.35458,-0.0287248,2.5,1.35,0,0,97,99,0.00997825,0.00985083,-0.0481183,0.0108626,0,36.597
36.6168,2.49048,1.3545,-0.0278507,0,0,0,0,97,99,0,0,0,0,0,traj_sz=100
36.6169,2.49048,1.3545,-0.0278507,2.5,1.35,0,0,97,99,0.00964015,0.00951855,-0.0500629,0.0105284,0,36.6169
36.6368,2.49048,1.3545,-0.0278507,0,0,0,0,97,99,0,0,0,0,0,traj_sz=100
36.6369,2.49048,1.3545,-0.0278507,2.5,1.35,0,0,97,99,0.00964015,0.00951855,-0.0500629,0.0105284,0,36.6369
36.6569,2.49048,1.3545,-0.0278507,0,0,0,0,97,99,0,0,0,0,0,traj_sz=100
36.6573,2.49048,1.3545,-0.0278507,2.5,1.35,0,0,97,99,0.00964015,0.00951855,-0.0500629,0.0105284,0,36.6573
36.6768,2.49069,1.35465,-0.0295198,0,0,0,0,97,99,0,0,0,0,0,traj_sz=100
36.677,2.49069,1.35465,-0.0295198,2.5,1.35,0,0,97,99,0.00944228,0.00930908,-0.0463044,0.010406,0,36.677
36.6968,2.49069,1.35465,-0.0295198,0,0,0,0,97,99,0,0,0,0,0,traj_sz=100
36.697,2.49069,1.35465,-0.0295198,2.5,1.35,0,0,97,99,0.00944228,0.00930908,-0.0463044,0.010406,0,36.697
36.7168,2.49079,1.35461,-0.029047,0,0,0,0,97,99,0,0,0,0,0,traj_sz=100
36.7169,2.49079,1.35461,-0.029047,2.5,1.35,0,0,97,99,0.0093377,0.00920776,-0.0473605,0.0102963,0,36.7169
36.7367,2.49079,1.35461,-0.029047,0,0,0,0,97,99,0,0,0,0,0,traj_sz=100
36.7368,2.49079,1.35461,-0.029047,2.5,1.35,0,0,97,99,0.0093377,0.00920776,-0.0473605,0.0102963,0,36.7368
36.7568,2.49079,1.35461,-0.029047,0,0,0,0,97,99,0,0,0,0,0,traj_sz=100
36.757,2.49079,1.35461,-0.029047,2.5,1.35,0,0,97,99,0.0093377,0.00920776,-0.0473605,0.0102963,0,36.757
36.7768,2.49079,1.35461,-0.029047,0,0,0,0,97,99,0,0,0,0,0,traj_sz=100
36.777,2.49079,1.35461,-0.029047,2.5,1.35,0,0,97,99,0.0093377,0.00920776,-0.0473605,0.0102963,0,36.777
36.7967,2.49079,1.35461,-0.029047,0,0,0,0,97,99,0,0,0,0,0,traj_sz=100
36.7968,2.49079,1.35461,-0.029047,2.5,1.35,0,0,97,99,0.0093377,0.00920776,-0.0473605,0.0102963,0,36.7968
36.8167,2.49079,1.35461,-0.029047,0,0,0,0,97,99,0,0,0,0,0,traj_sz=100
36.8168,2.49079,1.35461,-0.029047,2.5,1.35,0,0,97,99,0.0093377,0.00920776,-0.0473605,0.0102963,0,36.8168
36.8368,2.49079,1.35461,-0.029047,0,0,0,0,97,99,0,0,0,0,0,traj_sz=100
36.8369,2.49079,1.35461,-0.029047,2.5,1.35,0,0,97,99,0.0093377,0.00920776,-0.0473605,0.0102963,0,36.8369
36.8568,2.49079,1.35461,-0.029047,0,0,0,0,97,99,0,0,0,0,0,traj_sz=100
36.857,2.49079,1.35461,-0.029047,2.5,1.35,0,0,97,99,0.0093377,0.00920776,-0.0473605,0.0102963,0,36.857
36.8767,2.4909,1.35461,-0.029112,0,0,0,0,97,99,0,0,0,0,0,traj_sz=100
36.8768,2.4909,1.35461,-0.029112,2.5,1.35,0,0,97,99,0.00922957,0.00909912,-0.0472126,0.0102021,0,36.8768
36.8968,2.4909,1.35461,-0.029112,0,0,0,0,97,99,0,0,0,0,0,traj_sz=100
36.8969,2.4909,1.35461,-0.029112,2.5,1.35,0,0,97,99,0.00922957,0.00909912,-0.0472126,0.0102021,0,36.8969
36.9168,2.4909,1.35461,-0.029112,0,0,0,0,97,99,0,0,0,0,0,traj_sz=100
36.9172,2.4909,1.35461,-0.029112,2.5,1.35,0,0,97,99,0.00922957,0.00909912,-0.0472126,0.0102021,0,36.9172
36.9367,2.4909,1.35461,-0.029112,0,0,0,0,97,99,0,0,0,0,0,traj_sz=100
36.9369,2.4909,1.35461,-0.029112,2.5,1.35,0,0,97,99,0.00922957,0.00909912,-0.0472126,0.0102021,0,36.9369
36.9567,2.4909,1.35461,-0.029112,0,0,0,0,97,99,0,0,0,0,0,traj_sz=100
36.9568,2.4909,1.35461,-0.029112,2.5,1.35,0,0,97,99,0.00922957,0.00909912,-0.0472126,0.0102021,0,36.9568
36.9769,2.4909,1.35461,-0.029112,0,0,0,0,97,99,0,0,0,0,0,traj_sz=100
36.977,2.4909,1.35461,-0.029112,2.5,1.35,0,0,97,99,0.00922957,0.00909912,-0.0472126,0.0102021,0,36.977
36.9967,2.4909,1.35461,-0.029112,0,0,0,0,97,99,0,0,0,0,0,traj_sz=100
36.9968,2.4909,1.35461,-0.029112,2.5,1.35,0,0,97,99,0.00922957,0.00909912,-0.0472126,0.0102021,0,36.9968
37.0167,2.4909,1.35461,-0.029112,0,0,0,0,97,99,0,0,0,0,0,traj_sz=100
37.0171,2.4909,1.35461,-0.029112,2.5,1.35,0,0,97,99,0.00922957,0.00909912,-0.0472126,0.0102021,0,37.0171
37.0368,2.4909,1.35461,-0.029112,0,0,0,0,97,99,0,0,0,0,0,traj_sz=100
37.0369,2.4909,1.35461,-0.029112,2.5,1.35,0,0,97,99,0.00922957,0.00909912,-0.0472126,0.0102021,0,37.0369
37.0568,2.4909,1.35461,-0.029112,0,0,0,0,97,99,0,0,0,0,0,traj_sz=100
37.0569,2.4909,1.35461,-0.029112,2.5,1.35,0,0,97,99,0.00922957,0.00909912,-0.0472126,0.0102021,0,37.0569
37.0769,2.4909,1.35461,-0.029112,0,0,0,0,97,99,0,0,0,0,0,traj_sz=100
37.0771,2.4909,1.35461,-0.029112,2.5,1.35,0,0,97,99,0.00922957,0.00909912,-0.0472126,0.0102021,0,37.0771
37.0968,2.4909,1.35461,-0.029112,0,0,0,0,97,99,0,0,0,0,0,traj_sz=100
37.0969,2.4909,1.35461,-0.029112,2.5,1.35,0,0,97,99,0.00922957,0.00909912,-0.0472126,0.0102021,0,37.0969
37.1166,2.4909,1.35461,-0.029112,0,0,0,0,97,99,0,0,0,0,0,traj_sz=100
37.1168,2.4909,1.35461,-0.029112,2.5,1.35,0,0,97,99,0.00922957,0.00909912,-0.0472126,0.0102021,0,37.1168
37.1368,2.4909,1.35461,-0.029112,0,0,0,0,97,99,0,0,0,0,0,traj_sz=100
37.137,2.4909,1.35461,-0.029112,2.5,1.35,0,0,97,99,0.00922957,0.00909912,-0.0472126,0.0102021,0,37.137
37.1566,2.4909,1.35461,-0.029112,0,0,0,0,97,99,0,0,0,0,0,traj_sz=100
37.1567,2.4909,1.35461,-0.029112,2.5,1.35,0,0,97,99,0.00922957,0.00909912,-0.0472126,0.0102021,0,37.1567
37.1767,2.4909,1.35461,-0.029112,0,0,0,0,97,99,0,0,0,0,0,traj_sz=100
37.1768,2.4909,1.35461,-0.029112,2.5,1.35,0,0,97,99,0.00922957,0.00909912,-0.0472126,0.0102021,0,37.1768
37.1968,2.4909,1.35461,-0.029112,0,0,0,0,97,99,0,0,0,0,0,traj_sz=100
37.197,2.4909,1.35461,-0.029112,2.5,1.35,0,0,97,99,0.00922957,0.00909912,-0.0472126,0.0102021,0,37.197
37.2167,2.4909,1.35461,-0.029112,0,0,0,0,97,99,0,0,0,0,0,traj_sz=100
37.2168,2.4909,1.35461,-0.029112,2.5,1.35,0,0,97,99,0.00922957,0.00909912,-0.0472126,0.0102021,0,37.2168
37.2367,2.4909,1.35461,-0.029112,0,0,0,0,97,99,0,0,0,0,0,traj_sz=100
37.2371,2.4909,1.35461,-0.029112,2.5,1.35,0,0,97,99,0.00922957,0.00909912,-0.0472126,0.0102021,0,37.2371
37.2567,2.4909,1.35461,-0.029112,0,0,0,0,97,99,0,0,0,0,0,traj_sz=100
37.2571,2.4909,1.35461,-0.029112,2.5,1.35,0,0,97,99,0.00922957,0.00909912,-0.0472126,0.0102021,0,37.2571
37.2768,2.4909,1.35461,-0.029112,0,0,0,0,97,99,0,0,0,0,0,traj_sz=100
37.2769,2.4909,1.35461,-0.029112,2.5,1.35,0,0,97,99,0.00922957,0.00909912,-0.0472126,0.0102021,0,37.2769
37.2967,2.4909,1.35461,-0.029112,0,0,0,0,97,99,0,0,0,0,0,traj_sz=100
37.2969,2.4909,1.35461,-0.029112,2.5,1.35,0,0,97,99,0.00922957,0.00909912,-0.0472126,0.0102021,0,37.2969
37.3167,2.4909,1.35461,-0.029112,0,0,0,0,97,99,0,0,0,0,0,traj_sz=100
37.3168,2.4909,1.35461,-0.029112,2.5,1.35,0,0,97,99,0.00922957,0.00909912,-0.0472126,0.0102021,0,37.3168
37.3367,2.4909,1.35461,-0.029112,0,0,0,0,97,99,0,0,0,0,0,traj_sz=100
37.3372,2.4909,1.35461,-0.029112,2.5,1.35,0,0,97,99,0.00922957,0.00909912,-0.0472126,0.0102021,0,37.3372
37.3568,2.4909,1.35461,-0.029112,0,0,0,0,97,99,0,0,0,0,0,traj_sz=100
37.3569,2.4909,1.35461,-0.029112,2.5,1.35,0,0,97,99,0.00922957,0.00909912,-0.0472126,0.0102021,0,37.3569
37.3767,2.4909,1.35461,-0.029112,0,0,0,0,97,99,0,0,0,0,0,traj_sz=100
37.3768,2.4909,1.35461,-0.029112,2.5,1.35,0,0,97,99,0.00922957,0.00909912,-0.0472126,0.0102021,0,37.3768
37.3968,2.4909,1.35461,-0.029112,0,0,0,0,97,99,0,0,0,0,0,traj_sz=100
37.3971,2.4909,1.35461,-0.029112,2.5,1.35,0,0,97,99,0.00922957,0.00909912,-0.0472126,0.0102021,0,37.3971
37.4168,2.4909,1.35461,-0.029112,0,0,0,0,97,99,0,0,0,0,0,traj_sz=100
37.4169,2.4909,1.35461,-0.029112,2.5,1.35,0,0,97,99,0.00922957,0.00909912,-0.0472126,0.0102021,0,37.4169
37.4368,2.4909,1.35461,-0.029112,0,0,0,0,97,99,0,0,0,0,0,traj_sz=100
37.4369,2.4909,1.35461,-0.029112,2.5,1.35,0,0,97,99,0.00922957,0.00909912,-0.0472126,0.0102021,0,37.4369
37.4567,2.4909,1.35461,-0.029112,0,0,0,0,97,99,0,0,0,0,0,traj_sz=100
37.4568,2.4909,1.35461,-0.029112,2.5,1.35,0,0,97,99,0.00922957,0.00909912,-0.0472126,0.0102021,0,37.4568
37.4768,2.4909,1.35461,-0.029112,0,0,0,0,97,99,0,0,0,0,0,traj_sz=100
37.4769,2.4909,1.35461,-0.029112,2.5,1.35,0,0,97,99,0.00922957,0.00909912,-0.0472126,0.0102021,0,37.4769
37.4967,2.4909,1.35461,-0.029112,0,0,0,0,97,99,0,0,0,0,0,traj_sz=100
37.4968,2.4909,1.35461,-0.029112,2.5,1.35,0,0,97,99,0.00922957,0.00909912,-0.0472126,0.0102021,0,37.4968
37.5166,2.4909,1.35461,-0.029112,0,0,0,0,97,99,0,0,0,0,0,traj_sz=100
37.5167,2.4909,1.35461,-0.029112,2.5,1.35,0,0,97,99,0.00922957,0.00909912,-0.0472126,0.0102021,0,37.5167
37.5369,2.4909,1.35461,-0.029112,0,0,0,0,97,99,0,0,0,0,0,traj_sz=100
37.537,2.4909,1.35461,-0.029112,2.5,1.35,0,0,97,99,0.00922957,0.00909912,-0.0472126,0.0102021,0,37.537
37.5567,2.4909,1.35461,-0.029112,0,0,0,0,97,99,0,0,0,0,0,traj_sz=100
37.5569,2.4909,1.35461,-0.029112,2.5,1.35,0,0,97,99,0.00922957,0.00909912,-0.0472126,0.0102021,0,37.5569
37.5767,2.4909,1.35461,-0.029112,0,0,0,0,97,99,0,0,0,0,0,traj_sz=100
37.5768,2.4909,1.35461,-0.029112,2.5,1.35,0,0,97,99,0.00922957,0.00909912,-0.0472126,0.0102021,0,37.5768
37.5968,2.4909,1.35461,-0.029112,0,0,0,0,97,99,0,0,0,0,0,traj_sz=100
37.5969,2.4909,1.35461,-0.029112,2.5,1.35,0,0,97,99,0.00922957,0.00909912,-0.0472126,0.0102021,0,37.5969
37.6168,2.4909,1.35461,-0.029112,0,0,0,0,97,99,0,0,0,0,0,traj_sz=100
37.617,2.4909,1.35461,-0.029112,2.5,1.35,0,0,97,99,0.00922957,0.00909912,-0.0472126,0.0102021,0,37.617
37.6367,2.4909,1.35461,-0.029112,0,0,0,0,97,99,0,0,0,0,0,traj_sz=100
37.6369,2.4909,1.35461,-0.029112,2.5,1.35,0,0,97,99,0.00922957,0.00909912,-0.0472126,0.0102021,0,37.6369
37.6567,2.4909,1.35461,-0.029112,0,0,0,0,97,99,0,0,0,0,0,traj_sz=100
37.657,2.4909,1.35461,-0.029112,2.5,1.35,0,0,97,99,0.00922957,0.00909912,-0.0472126,0.0102021,0,37.657
37.6768,2.4909,1.35461,-0.029112,0,0,0,0,97,99,0,0,0,0,0,traj_sz=100
37.6769,2.4909,1.35461,-0.029112,2.5,1.35,0,0,97,99,0.00922957,0.00909912,-0.0472126,0.0102021,0,37.6769
37.6968,2.4909,1.35461,-0.029112,0,0,0,0,97,99,0,0,0,0,0,traj_sz=100
37.6969,2.4909,1.35461,-0.029112,2.5,1.35,0,0,97,99,0.00922957,0.00909912,-0.0472126,0.0102021,0,37.6969
37.7168,2.4909,1.35461,-0.029112,0,0,0,0,97,99,0,0,0,0,0,traj_sz=100
37.7169,2.4909,1.35461,-0.029112,2.5,1.35,0,0,97,99,0.00922957,0.00909912,-0.0472126,0.0102021,0,37.7169
37.7368,2.4909,1.35461,-0.029112,0,0,0,0,97,99,0,0,0,0,0,traj_sz=100
37.7369,2.4909,1.35461,-0.029112,2.5,1.35,0,0,97,99,0.00922957,0.00909912,-0.0472126,0.0102021,0,37.7369
37.7568,2.4909,1.35461,-0.029112,0,0,0,0,97,99,0,0,0,0,0,traj_sz=100
37.7569,2.4909,1.35461,-0.029112,2.5,1.35,0,0,97,99,0.00922957,0.00909912,-0.0472126,0.0102021,0,37.7569
37.7767,2.4909,1.35461,-0.029112,0,0,0,0,97,99,0,0,0,0,0,traj_sz=100
37.7769,2.4909,1.35461,-0.029112,2.5,1.35,0,0,97,99,0.00922957,0.00909912,-0.0472126,0.0102021,0,37.7769
37.7968,2.4909,1.35461,-0.029112,0,0,0,0,97,99,0,0,0,0,0,traj_sz=100
37.7969,2.4909,1.35461,-0.029112,2.5,1.35,0,0,97,99,0.00922957,0.00909912,-0.0472126,0.0102021,0,37.7969
37.8167,2.4909,1.35461,-0.029112,0,0,0,0,97,99,0,0,0,0,0,traj_sz=100
37.817,2.4909,1.35461,-0.029112,2.5,1.35,0,0,97,99,0.00922957,0.00909912,-0.0472126,0.0102021,0,37.817
37.8369,2.4909,1.35461,-0.029112,0,0,0,0,97,99,0,0,0,0,0,traj_sz=100
37.837,2.4909,1.35461,-0.029112,2.5,1.35,0,0,97,99,0.00922957,0.00909912,-0.0472126,0.0102021,0,37.837
37.8568,2.4909,1.35461,-0.029112,0,0,0,0,97,99,0,0,0,0,0,traj_sz=100
37.8569,2.4909,1.35461,-0.029112,2.5,1.35,0,0,97,99,0.00922957,0.00909912,-0.0472126,0.0102021,0,37.8569
37.8769,2.4909,1.35461,-0.029112,0,0,0,0,97,99,0,0,0,0,0,traj_sz=100
37.8772,2.4909,1.35461,-0.029112,2.5,1.35,0,0,97,99,0.00922957,0.00909912,-0.0472126,0.0102021,0,37.8772
37.8968,2.4909,1.35461,-0.029112,0,0,0,0,97,99,0,0,0,0,0,traj_sz=100
37.8969,2.4909,1.35461,-0.029112,2.5,1.35,0,0,97,99,0.00922957,0.00909912,-0.0472126,0.0102021,0,37.8969
37.9167,2.4909,1.35461,-0.029112,0,0,0,0,97,99,0,0,0,0,0,traj_sz=100
37.9168,2.4909,1.35461,-0.029112,2.5,1.35,0,0,97,99,0.00922957,0.00909912,-0.0472126,0.0102021,0,37.9168
37.9367,2.4909,1.35461,-0.029112,0,0,0,0,97,99,0,0,0,0,0,traj_sz=100
37.9368,2.4909,1.35461,-0.029112,2.5,1.35,0,0,97,99,0.00922957,0.00909912,-0.0472126,0.0102021,0,37.9368
37.9567,2.4909,1.35461,-0.029112,0,0,0,0,97,99,0,0,0,0,0,traj_sz=100
37.9568,2.4909,1.35461,-0.029112,2.5,1.35,0,0,97,99,0.00922957,0.00909912,-0.0472126,0.0102021,0,37.9568
37.9767,2.4909,1.35461,-0.029112,0,0,0,0,97,99,0,0,0,0,0,traj_sz=100
37.9769,2.4909,1.35461,-0.029112,2.5,1.35,0,0,97,99,0.00922957,0.00909912,-0.0472126,0.0102021,0,37.9769
37.9967,2.4909,1.35461,-0.029112,0,0,0,0,97,99,0,0,0,0,0,traj_sz=100
37.9968,2.4909,1.35461,-0.029112,2.5,1.35,0,0,97,99,0.00922957,0.00909912,-0.0472126,0.0102021,0,37.9968
38.0168,2.4909,1.35461,-0.029112,0,0,0,0,97,99,0,0,0,0,0,traj_sz=100
38.017,2.4909,1.35461,-0.029112,2.5,1.35,0,0,97,99,0.00922957,0.00909912,-0.0472126,0.0102021,0,38.017
38.0369,2.4909,1.35461,-0.029112,0,0,0,0,97,99,0,0,0,0,0,traj_sz=100
38.037,2.4909,1.35461,-0.029112,2.5,1.35,0,0,97,99,0.00922957,0.00909912,-0.0472126,0.0102021,0,38.037
38.0569,2.4909,1.35461,-0.029112,0,0,0,0,97,99,0,0,0,0,0,traj_sz=100
38.057,2.4909,1.35461,-0.029112,2.5,1.35,0,0,97,99,0.00922957,0.00909912,-0.0472126,0.0102021,0,38.057
38.0768,2.4909,1.35461,-0.029112,0,0,0,0,97,99,0,0,0,0,0,traj_sz=100
38.0769,2.4909,1.35461,-0.029112,2.5,1.35,0,0,97,99,0.00922957,0.00909912,-0.0472126,0.0102021,0,38.0769
38.0967,2.4909,1.35461,-0.029112,0,0,0,0,97,99,0,0,0,0,0,traj_sz=100
38.097,2.4909,1.35461,-0.029112,2.5,1.35,0,0,97,99,0.00922957,0.00909912,-0.0472126,0.0102021,0,38.097
38.1168,2.4909,1.35461,-0.029112,0,0,0,0,97,99,0,0,0,0,0,traj_sz=100
38.1169,2.4909,1.35461,-0.029112,2.5,1.35,0,0,97,99,0.00922957,0.00909912,-0.0472126,0.0102021,0,38.1169
38.1369,2.4909,1.35461,-0.029112,0,0,0,0,97,99,0,0,0,0,0,traj_sz=100
38.137,2.4909,1.35461,-0.029112,2.5,1.35,0,0,97,99,0.00922957,0.00909912,-0.0472126,0.0102021,0,38.137
38.1568,2.4909,1.35461,-0.029112,0,0,0,0,97,99,0,0,0,0,0,traj_sz=100
38.1569,2.4909,1.35461,-0.029112,2.5,1.35,0,0,97,99,0.00922957,0.00909912,-0.0472126,0.0102021,0,38.1569
38.1768,2.4909,1.35461,-0.029112,0,0,0,0,97,99,0,0,0,0,0,traj_sz=100
38.1769,2.4909,1.35461,-0.029112,2.5,1.35,0,0,97,99,0.00922957,0.00909912,-0.0472126,0.0102021,0,38.1769
38.1969,2.4909,1.35461,-0.029112,0,0,0,0,97,99,0,0,0,0,0,traj_sz=100
38.197,2.4909,1.35461,-0.029112,2.5,1.35,0,0,97,99,0.00922957,0.00909912,-0.0472126,0.0102021,0,38.197
38.2167,2.4909,1.35461,-0.029112,0,0,0,0,97,99,0,0,0,0,0,traj_sz=100
38.2168,2.4909,1.35461,-0.029112,2.5,1.35,0,0,97,99,0.00922957,0.00909912,-0.0472126,0.0102021,0,38.2168
38.2369,2.4909,1.35461,-0.029112,0,0,0,0,97,99,0,0,0,0,0,traj_sz=100
38.237,2.4909,1.35461,-0.029112,2.5,1.35,0,0,97,99,0.00922957,0.00909912,-0.0472126,0.0102021,0,38.237
38.2568,2.4909,1.35461,-0.029112,0,0,0,0,97,99,0,0,0,0,0,traj_sz=100
38.2569,2.4909,1.35461,-0.029112,2.5,1.35,0,0,97,99,0.00922957,0.00909912,-0.0472126,0.0102021,0,38.2569
38.2768,2.4909,1.35461,-0.029112,0,0,0,0,97,99,0,0,0,0,0,traj_sz=100
38.2769,2.4909,1.35461,-0.029112,2.5,1.35,0,0,97,99,0.00922957,0.00909912,-0.0472126,0.0102021,0,38.2769
38.2968,2.4909,1.35461,-0.029112,0,0,0,0,97,99,0,0,0,0,0,traj_sz=100
38.297,2.4909,1.35461,-0.029112,2.5,1.35,0,0,97,99,0.00922957,0.00909912,-0.0472126,0.0102021,0,38.297
38.3167,2.49099,1.35451,-0.0279224,0,0,0,0,97,99,0,0,0,0,0,traj_sz=100
38.3169,2.49099,1.35451,-0.0279224,2.5,1.35,0,0,97,99,0.00913058,0.0090083,-0.0498666,0.0100723,0,38.3169
38.3368,2.49099,1.35451,-0.0279224,0,0,0,0,97,99,0,0,0,0,0,traj_sz=100
38.3369,2.49099,1.35451,-0.0279224,2.5,1.35,0,0,97,99,0.00913058,0.0090083,-0.0498666,0.0100723,0,38.3369
38.3567,2.49099,1.35451,-0.0279224,0,0,0,0,97,99,0,0,0,0,0,traj_sz=100
38.357,2.49099,1.35451,-0.0279224,2.5,1.35,0,0,97,99,0.00913058,0.0090083,-0.0498666,0.0100723,0,38.357
38.3768,2.49099,1.35451,-0.0279224,0,0,0,0,97,99,0,0,0,0,0,traj_sz=100
38.3769,2.49099,1.35451,-0.0279224,2.5,1.35,0,0,97,99,0.00913058,0.0090083,-0.0498666,0.0100723,0,38.3769
38.3968,2.49099,1.35451,-0.0279224,0,0,0,0,97,99,0,0,0,0,0,traj_sz=100
38.3969,2.49099,1.35451,-0.0279224,2.5,1.35,0,0,97,99,0.00913058,0.0090083,-0.0498666,0.0100723,0,38.3969
38.4169,2.49099,1.35451,-0.0279224,0,0,0,0,97,99,0,0,0,0,0,traj_sz=100
38.417,2.49099,1.35451,-0.0279224,2.5,1.35,0,0,97,99,0.00913058,0.0090083,-0.0498666,0.0100723,0,38.417
38.4367,2.49099,1.35451,-0.0279224,0,0,0,0,97,99,0,0,0,0,0,traj_sz=100
38.4369,2.49099,1.35451,-0.0279224,2.5,1.35,0,0,97,99,0.00913058,0.0090083,-0.0498666,0.0100723,0,38.4369
38.4568,2.49099,1.35451,-0.0279224,0,0,0,0,97,99,0,0,0,0,0,traj_sz=100
38.4571,2.49099,1.35451,-0.0279224,2.5,1.35,0,0,97,99,0.00913058,0.0090083,-0.0498666,0.0100723,0,38.4571
38.4768,2.49099,1.35451,-0.0279224,0,0,0,0,97,99,0,0,0,0,0,traj_sz=100
38.4769,2.49099,1.35451,-0.0279224,2.5,1.35,0,0,97,99,0.00913058,0.0090083,-0.0498666,0.0100723,0,38.4769
38.4968,2.49099,1.35451,-0.0279224,0,0,0,0,97,99,0,0,0,0,0,traj_sz=100
38.4969,2.49099,1.35451,-0.0279224,2.5,1.35,0,0,97,99,0.00913058,0.0090083,-0.0498666,0.0100723,0,38.4969
38.5168,2.49099,1.35451,-0.0279224,0,0,0,0,97,99,0,0,0,0,0,traj_sz=100
38.5169,2.49099,1.35451,-0.0279224,2.5,1.35,0,0,97,99,0.00913058,0.0090083,-0.0498666,0.0100723,0,38.5169
38.5368,2.49099,1.35451,-0.0279224,0,0,0,0,97,99,0,0,0,0,0,traj_sz=100
38.5369,2.49099,1.35451,-0.0279224,2.5,1.35,0,0,97,99,0.00913058,0.0090083,-0.0498666,0.0100723,0,38.5369
38.5567,2.49099,1.35451,-0.0279224,0,0,0,0,97,99,0,0,0,0,0,traj_sz=100
38.5568,2.49099,1.35451,-0.0279224,2.5,1.35,0,0,97,99,0.00913058,0.0090083,-0.0498666,0.0100723,0,38.5568
38.5767,2.49099,1.35451,-0.0279224,0,0,0,0,97,99,0,0,0,0,0,traj_sz=100
38.5768,2.49099,1.35451,-0.0279224,2.5,1.35,0,0,97,99,0.00913058,0.0090083,-0.0498666,0.0100723,0,38.5768
38.5968,2.49099,1.35451,-0.0279224,0,0,0,0,97,99,0,0,0,0,0,traj_sz=100
38.5969,2.49099,1.35451,-0.0279224,2.5,1.35,0,0,97,99,0.00913058,0.0090083,-0.0498666,0.0100723,0,38.5969
38.6167,2.49099,1.35451,-0.0279224,0,0,0,0,97,99,0,0,0,0,0,traj_sz=100
38.617,2.49099,1.35451,-0.0279224,2.5,1.35,0,0,97,99,0.00913058,0.0090083,-0.0498666,0.0100723,0,38.617
38.6368,2.49099,1.35451,-0.0279224,0,0,0,0,97,99,0,0,0,0,0,traj_sz=100
38.637,2.49099,1.35451,-0.0279224,2.5,1.35,0,0,97,99,0.00913058,0.0090083,-0.0498666,0.0100723,0,38.637
38.6568,2.49099,1.35451,-0.0279224,0,0,0,0,97,99,0,0,0,0,0,traj_sz=100
38.6569,2.49099,1.35451,-0.0279224,2.5,1.35,0,0,97,99,0.00913058,0.0090083,-0.0498666,0.0100723,0,38.6569
38.6767,2.49099,1.35451,-0.0279224,0,0,0,0,97,99,0,0,0,0,0,traj_sz=100
38.6769,2.49099,1.35451,-0.0279224,2.5,1.35,0,0,97,99,0.00913058,0.0090083,-0.0498666,0.0100723,0,38.6769
38.6966,2.49099,1.35451,-0.0279224,0,0,0,0,97,99,0,0,0,0,0,traj_sz=100
38.6967,2.49099,1.35451,-0.0279224,2.5,1.35,0,0,97,99,0.00913058,0.0090083,-0.0498666,0.0100723,0,38.6967
38.7168,2.49099,1.35451,-0.0279224,0,0,0,0,97,99,0,0,0,0,0,traj_sz=100
38.7169,2.49099,1.35451,-0.0279224,2.5,1.35,0,0,97,99,0.00913058,0.0090083,-0.0498666,0.0100723,0,38.7169
38.7367,2.49099,1.35451,-0.0279224,0,0,0,0,97,99,0,0,0,0,0,traj_sz=100
38.7369,2.49099,1.35451,-0.0279224,2.5,1.35,0,0,97,99,0.00913058,0.0090083,-0.0498666,0.0100723,0,38.7369
38.7567,2.49099,1.35451,-0.0279224,0,0,0,0,97,99,0,0,0,0,0,traj_sz=100
38.7568,2.49099,1.35451,-0.0279224,2.5,1.35,0,0,97,99,0.00913058,0.0090083,-0.0498666,0.0100723,0,38.7568
38.7768,2.49099,1.35451,-0.0279224,0,0,0,0,97,99,0,0,0,0,0,traj_sz=100
38.777,2.49099,1.35451,-0.0279224,2.5,1.35,0,0,97,99,0.00913058,0.0090083,-0.0498666,0.0100723,0,38.777
38.7967,2.49099,1.35451,-0.0279224,0,0,0,0,97,99,0,0,0,0,0,traj_sz=100
38.7969,2.49099,1.35451,-0.0279224,2.5,1.35,0,0,97,99,0.00913058,0.0090083,-0.0498666,0.0100723,0,38.7969
38.8167,2.49099,1.35451,-0.0279224,0,0,0,0,97,99,0,0,0,0,0,traj_sz=100
38.8169,2.49099,1.35451,-0.0279224,2.5,1.35,0,0,97,99,0.00913058,0.0090083,-0.0498666,0.0100723,0,38.8169
38.8368,2.49099,1.35451,-0.0279224,0,0,0,0,97,99,0,0,0,0,0,traj_sz=100
38.837,2.49099,1.35451,-0.0279224,2.5,1.35,0,0,97,99,0.00913058,0.0090083,-0.0498666,0.0100723,0,38.837
38.8568,2.49099,1.35451,-0.0279224,0,0,0,0,97,99,0,0,0,0,0,traj_sz=100
38.8569,2.49099,1.35451,-0.0279224,2.5,1.35,0,0,97,99,0.00913058,0.0090083,-0.0498666,0.0100723,0,38.8569
38.8768,2.49099,1.35451,-0.0279224,0,0,0,0,97,99,0,0,0,0,0,traj_sz=100
38.8769,2.49099,1.35451,-0.0279224,2.5,1.35,0,0,97,99,0.00913058,0.0090083,-0.0498666,0.0100723,0,38.8769
38.8968,2.49099,1.35451,-0.0279224,0,0,0,0,97,99,0,0,0,0,0,traj_sz=100
38.8971,2.49099,1.35451,-0.0279224,2.5,1.35,0,0,97,99,0.00913058,0.0090083,-0.0498666,0.0100723,0,38.8971
38.9168,2.49099,1.35451,-0.0279224,0,0,0,0,97,99,0,0,0,0,0,traj_sz=100
38.917,2.49099,1.35451,-0.0279224,2.5,1.35,0,0,97,99,0.00913058,0.0090083,-0.0498666,0.0100723,0,38.917
38.9367,2.49099,1.35451,-0.0279224,0,0,0,0,97,99,0,0,0,0,0,traj_sz=100
38.937,2.49099,1.35451,-0.0279224,2.5,1.35,0,0,97,99,0.00913058,0.0090083,-0.0498666,0.0100723,0,38.937
38.9567,2.49099,1.35451,-0.0279224,0,0,0,0,97,99,0,0,0,0,0,traj_sz=100
38.9568,2.49099,1.35451,-0.0279224,2.5,1.35,0,0,97,99,0.00913058,0.0090083,-0.0498666,0.0100723,0,38.9568
38.9768,2.49099,1.35451,-0.0279224,0,0,0,0,97,99,0,0,0,0,0,traj_sz=100
38.9768,2.49099,1.35451,-0.0279224,2.5,1.35,0,0,97,99,0.00913058,0.0090083,-0.0498666,0.0100723,0,38.9768
38.9969,2.49099,1.35451,-0.0279224,0,0,0,0,97,99,0,0,0,0,0,traj_sz=100
38.9971,2.49099,1.35451,-0.0279224,2.5,1.35,0,0,97,99,0.00913058,0.0090083,-0.0498666,0.0100723,0,38.9971
39.0167,2.49099,1.35451,-0.0279224,0,0,0,0,97,99,0,0,0,0,0,traj_sz=100
39.0168,2.49099,1.35451,-0.0279224,2.5,1.35,0,0,97,99,0.00913058,0.0090083,-0.0498666,0.0100723,0,39.0168
39.0367,2.49099,1.35451,-0.0279224,0,0,0,0,97,99,0,0,0,0,0,traj_sz=100
39.0367,2.49099,1.35451,-0.0279224,2.5,1.35,0,0,97,99,0.00913058,0.0090083,-0.0498666,0.0100723,0,39.0367
39.0567,2.49099,1.35451,-0.0279224,0,0,0,0,97,99,0,0,0,0,0,traj_sz=100
39.0571,2.49099,1.35451,-0.0279224,2.5,1.35,0,0,97,99,0.00913058,0.0090083,-0.0498666,0.0100723,0,39.0571
39.0766,2.49099,1.35451,-0.0279224,0,0,0,0,97,99,0,0,0,0,0,traj_sz=100
39.0768,2.49099,1.35451,-0.0279224,2.5,1.35,0,0,97,99,0.00913058,0.0090083,-0.0498666,0.0100723,0,39.0768
39.0966,2.49099,1.35451,-0.0279224,0,0,0,0,97,99,0,0,0,0,0,traj_sz=100
39.0967,2.49099,1.35451,-0.0279224,2.5,1.35,0,0,97,99,0.00913058,0.0090083,-0.0498666,0.0100723,0,39.0967
39.1167,2.49099,1.35451,-0.0279224,0,0,0,0,97,99,0,0,0,0,0,traj_sz=100
39.1167,2.49099,1.35451,-0.0279224,2.5,1.35,0,0,97,99,0.00913058,0.0090083,-0.0498666,0.0100723,0,39.1167
39.1367,2.49099,1.35451,-0.0279224,0,0,0,0,97,99,0,0,0,0,0,traj_sz=100
39.1368,2.49099,1.35451,-0.0279224,2.5,1.35,0,0,97,99,0.00913058,0.0090083,-0.0498666,0.0100723,0,39.1368
39.1567,2.49099,1.35451,-0.0279224,0,0,0,0,97,99,0,0,0,0,0,traj_sz=100
39.1569,2.49099,1.35451,-0.0279224,2.5,1.35,0,0,97,99,0.00913058,0.0090083,-0.0498666,0.0100723,0,39.1569
39.1768,2.49099,1.35451,-0.0279224,0,0,0,0,97,99,0,0,0,0,0,traj_sz=100
39.1769,2.49099,1.35451,-0.0279224,2.5,1.35,0,0,97,99,0.00913058,0.0090083,-0.0498666,0.0100723,0,39.1769
39.1968,2.49099,1.35451,-0.0279224,0,0,0,0,97,99,0,0,0,0,0,traj_sz=100
39.1969,2.49099,1.35451,-0.0279224,2.5,1.35,0,0,97,99,0.00913058,0.0090083,-0.0498666,0.0100723,0,39.1969
39.2168,2.49099,1.35451,-0.0279224,0,0,0,0,97,99,0,0,0,0,0,traj_sz=100
39.217,2.49099,1.35451,-0.0279224,2.5,1.35,0,0,97,99,0.00913058,0.0090083,-0.0498666,0.0100723,0,39.217
39.2368,2.49099,1.35451,-0.0279224,0,0,0,0,97,99,0,0,0,0,0,traj_sz=100
39.237,2.49099,1.35451,-0.0279224,2.5,1.35,0,0,97,99,0.00913058,0.0090083,-0.0498666,0.0100723,0,39.237
39.2567,2.49099,1.35451,-0.0279224,0,0,0,0,97,99,0,0,0,0,0,traj_sz=100
39.2568,2.49099,1.35451,-0.0279224,2.5,1.35,0,0,97,99,0.00913058,0.0090083,-0.0498666,0.0100723,0,39.2568
39.2767,2.49099,1.35451,-0.0279224,0,0,0,0,97,99,0,0,0,0,0,traj_sz=100
39.2768,2.49099,1.35451,-0.0279224,2.5,1.35,0,0,97,99,0.00913058,0.0090083,-0.0498666,0.0100723,0,39.2768
39.2968,2.49099,1.35451,-0.0279224,0,0,0,0,97,99,0,0,0,0,0,traj_sz=100
39.2969,2.49099,1.35451,-0.0279224,2.5,1.35,0,0,97,99,0.00913058,0.0090083,-0.0498666,0.0100723,0,39.2969
39.3167,2.49099,1.35451,-0.0279224,0,0,0,0,97,99,0,0,0,0,0,traj_sz=100
39.317,2.49099,1.35451,-0.0279224,2.5,1.35,0,0,97,99,0.00913058,0.0090083,-0.0498666,0.0100723,0,39.317
39.3368,2.49099,1.35451,-0.0279224,0,0,0,0,97,99,0,0,0,0,0,traj_sz=100
39.3369,2.49099,1.35451,-0.0279224,2.5,1.35,0,0,97,99,0.00913058,0.0090083,-0.0498666,0.0100723,0,39.3369
39.3567,2.49099,1.35451,-0.0279224,0,0,0,0,97,99,0,0,0,0,0,traj_sz=100
39.3568,2.49099,1.35451,-0.0279224,2.5,1.35,0,0,97,99,0.00913058,0.0090083,-0.0498666,0.0100723,0,39.3568
39.3767,2.49099,1.35451,-0.0279224,0,0,0,0,97,99,0,0,0,0,0,traj_sz=100
39.3769,2.49099,1.35451,-0.0279224,2.5,1.35,0,0,97,99,0.00913058,0.0090083,-0.0498666,0.0100723,0,39.3769
39.3967,2.49099,1.35451,-0.0279224,0,0,0,0,97,99,0,0,0,0,0,traj_sz=100
39.3968,2.49099,1.35451,-0.0279224,2.5,1.35,0,0,97,99,0.00913058,0.0090083,-0.0498666,0.0100723,0,39.3968
39.4167,2.49099,1.35451,-0.0279224,0,0,0,0,97,99,0,0,0,0,0,traj_sz=100
39.4168,2.49099,1.35451,-0.0279224,2.5,1.35,0,0,97,99,0.00913058,0.0090083,-0.0498666,0.0100723,0,39.4168
39.4367,2.49099,1.35451,-0.0279224,0,0,0,0,97,99,0,0,0,0,0,traj_sz=100
39.4369,2.49099,1.35451,-0.0279224,2.5,1.35,0,0,97,99,0.00913058,0.0090083,-0.0498666,0.0100723,0,39.4369
39.4567,2.49099,1.35451,-0.0279224,0,0,0,0,97,99,0,0,0,0,0,traj_sz=100
39.4568,2.49099,1.35451,-0.0279224,2.5,1.35,0,0,97,99,0.00913058,0.0090083,-0.0498666,0.0100723,0,39.4568
39.4768,2.49099,1.35451,-0.0279224,0,0,0,0,97,99,0,0,0,0,0,traj_sz=100
39.477,2.49099,1.35451,-0.0279224,2.5,1.35,0,0,97,99,0.00913058,0.0090083,-0.0498666,0.0100723,0,39.477
39.4967,2.49099,1.35451,-0.0279224,0,0,0,0,97,99,0,0,0,0,0,traj_sz=100
39.4968,2.49099,1.35451,-0.0279224,2.5,1.35,0,0,97,99,0.00913058,0.0090083,-0.0498666,0.0100723,0,39.4968
39.5167,2.49099,1.35451,-0.0279224,0,0,0,0,97,99,0,0,0,0,0,traj_sz=100
39.5168,2.49099,1.35451,-0.0279224,2.5,1.35,0,0,97,99,0.00913058,0.0090083,-0.0498666,0.0100723,0,39.5168
39.537,2.49099,1.35451,-0.0279224,0,0,0,0,97,99,0,0,0,0,0,traj_sz=100
39.5372,2.49099,1.35451,-0.0279224,2.5,1.35,0,0,97,99,0.00913058,0.0090083,-0.0498666,0.0100723,0,39.5372
39.5567,2.49099,1.35451,-0.0279224,0,0,0,0,97,99,0,0,0,0,0,traj_sz=100
39.5568,2.49099,1.35451,-0.0279224,2.5,1.35,0,0,97,99,0.00913058,0.0090083,-0.0498666,0.0100723,0,39.5568
39.5768,2.49099,1.35451,-0.0279224,0,0,0,0,97,99,0,0,0,0,0,traj_sz=100
39.5769,2.49099,1.35451,-0.0279224,2.5,1.35,0,0,97,99,0.00913058,0.0090083,-0.0498666,0.0100723,0,39.5769
39.5968,2.49099,1.35451,-0.0279224,0,0,0,0,97,99,0,0,0,0,0,traj_sz=100
39.5969,2.49099,1.35451,-0.0279224,2.5,1.35,0,0,97,99,0.00913058,0.0090083,-0.0498666,0.0100723,0,39.5969
39.6167,2.49099,1.35451,-0.0279224,0,0,0,0,97,99,0,0,0,0,0,traj_sz=100
39.6168,2.49099,1.35451,-0.0279224,2.5,1.35,0,0,97,99,0.00913058,0.0090083,-0.0498666,0.0100723,0,39.6168
39.6367,2.49099,1.35451,-0.0279224,0,0,0,0,97,99,0,0,0,0,0,traj_sz=100
39.6368,2.49099,1.35451,-0.0279224,2.5,1.35,0,0,97,99,0.00913058,0.0090083,-0.0498666,0.0100723,0,39.6368
39.6569,2.49099,1.35451,-0.0279224,0,0,0,0,97,99,0,0,0,0,0,traj_sz=100
39.6569,2.49099,1.35451,-0.0279224,2.5,1.35,0,0,97,99,0.00913058,0.0090083,-0.0498666,0.0100723,0,39.6569
39.6768,2.49099,1.35451,-0.0279224,0,0,0,0,97,99,0,0,0,0,0,traj_sz=100
39.6769,2.49099,1.35451,-0.0279224,2.5,1.35,0,0,97,99,0.00913058,0.0090083,-0.0498666,0.0100723,0,39.6769
39.6968,2.49099,1.35451,-0.0279224,0,0,0,0,97,99,0,0,0,0,0,traj_sz=100
39.697,2.49099,1.35451,-0.0279224,2.5,1.35,0,0,97,99,0.00913058,0.0090083,-0.0498666,0.0100723,0,39.697
39.7168,2.49099,1.35451,-0.0279224,0,0,0,0,97,99,0,0,0,0,0,traj_sz=100
39.717,2.49099,1.35451,-0.0279224,2.5,1.35,0,0,97,99,0.00913058,0.0090083,-0.0498666,0.0100723,0,39.717
39.7368,2.49099,1.35451,-0.0279224,0,0,0,0,97,99,0,0,0,0,0,traj_sz=100
39.7371,2.49099,1.35451,-0.0279224,2.5,1.35,0,0,97,99,0.00913058,0.0090083,-0.0498666,0.0100723,0,39.7371
39.7568,2.49099,1.35451,-0.0279224,0,0,0,0,97,99,0,0,0,0,0,traj_sz=100
39.7569,2.49099,1.35451,-0.0279224,2.5,1.35,0,0,97,99,0.00913058,0.0090083,-0.0498666,0.0100723,0,39.7569
39.7768,2.49099,1.35451,-0.0279224,0,0,0,0,97,99,0,0,0,0,0,traj_sz=100
39.7769,2.49099,1.35451,-0.0279224,2.5,1.35,0,0,97,99,0.00913058,0.0090083,-0.0498666,0.0100723,0,39.7769
39.7968,2.49099,1.35451,-0.0279224,0,0,0,0,97,99,0,0,0,0,0,traj_sz=100
39.797,2.49099,1.35451,-0.0279224,2.5,1.35,0,0,97,99,0.00913058,0.0090083,-0.0498666,0.0100723,0,39.797
39.8168,2.49099,1.35451,-0.0279224,0,0,0,0,97,99,0,0,0,0,0,traj_sz=100
39.8169,2.49099,1.35451,-0.0279224,2.5,1.35,0,0,97,99,0.00913058,0.0090083,-0.0498666,0.0100723,0,39.8169
39.8367,2.49099,1.35451,-0.0279224,0,0,0,0,97,99,0,0,0,0,0,traj_sz=100
39.8368,2.49099,1.35451,-0.0279224,2.5,1.35,0,0,97,99,0.00913058,0.0090083,-0.0498666,0.0100723,0,39.8368
39.8569,2.49099,1.35451,-0.0279224,0,0,0,0,97,99,0,0,0,0,0,traj_sz=100
39.8571,2.49099,1.35451,-0.0279224,2.5,1.35,0,0,97,99,0.00913058,0.0090083,-0.0498666,0.0100723,0,39.8571
39.8767,2.49099,1.35451,-0.0279224,0,0,0,0,97,99,0,0,0,0,0,traj_sz=100
39.8768,2.49099,1.35451,-0.0279224,2.5,1.35,0,0,97,99,0.00913058,0.0090083,-0.0498666,0.0100723,0,39.8768
39.8967,2.49099,1.35451,-0.0279224,0,0,0,0,97,99,0,0,0,0,0,traj_sz=100
39.8969,2.49099,1.35451,-0.0279224,2.5,1.35,0,0,97,99,0.00913058,0.0090083,-0.0498666,0.0100723,0,39.8969
39.9167,2.49099,1.35451,-0.0279224,0,0,0,0,97,99,0,0,0,0,0,traj_sz=100
39.9168,2.49099,1.35451,-0.0279224,2.5,1.35,0,0,97,99,0.00913058,0.0090083,-0.0498666,0.0100723,0,39.9168
39.9368,2.49099,1.35451,-0.0279224,0,0,0,0,97,99,0,0,0,0,0,traj_sz=100
39.9369,2.49099,1.35451,-0.0279224,2.5,1.35,0,0,97,99,0.00913058,0.0090083,-0.0498666,0.0100723,0,39.9369
39.9566,2.49099,1.35451,-0.0279224,0,0,0,0,97,99,0,0,0,0,0,traj_sz=100
39.9568,2.49099,1.35451,-0.0279224,2.5,1.35,0,0,97,99,0.00913058,0.0090083,-0.0498666,0.0100723,0,39.9568
39.9767,2.49099,1.35451,-0.0279224,0,0,0,0,97,99,0,0,0,0,0,traj_sz=100
39.9768,2.49099,1.35451,-0.0279224,2.5,1.35,0,0,97,99,0.00913058,0.0090083,-0.0498666,0.0100723,0,39.9768
39.9966,2.49099,1.35451,-0.0279224,0,0,0,0,97,99,0,0,0,0,0,traj_sz=100
39.9967,2.49099,1.35451,-0.0279224,2.5,1.35,0,0,97,99,0.00913058,0.0090083,-0.0498666,0.0100723,0,39.9967
