time,obj_x,obj_y,obj_yaw,ref_x,ref_y,ref_yaw,ref_v,car_idx,lk_idx,relative_x,throttle,steering,approach_dist,approached,elapsed
-1,0,0,0,0,0,0,0,0,0,0,0,0,0,0,traj_sz=0
-1,0,0,0,0,0,0,0,0,0,0,0,0,0,0,traj_sz=0
-1,0,0,0,0,0,0,0,0,0,0,0,0,0,0,traj_sz=0
-1,0,0,0,0,0,0,0,0,0,0,0,0,0,0,traj_sz=0
-1,0,0,0,0,0,0,0,0,0,0,0,0,0,0,traj_sz=0
-1,0,0,0,0,0,0,0,0,0,0,0,0,0,0,traj_sz=0
-1,0,0,0,0,0,0,0,0,0,0,0,0,0,0,traj_sz=0
-1,0,0,0,0,0,0,0,0,0,0,0,0,0,0,traj_sz=0
-1,0,0,0,0,0,0,0,0,0,0,0,0,0,0,traj_sz=0
-1,0,0,0,0,0,0,0,0,0,0,0,0,0,0,traj_sz=0
-1,0,0,0,0,0,0,0,0,0,0,0,0,0,0,traj_sz=0
-1,0,0,0,0,0,0,0,0,0,0,0,0,0,0,traj_sz=0
-1,0,0,0,0,0,0,0,0,0,0,0,0,0,0,traj_sz=0
-1,0,0,0,0,0,0,0,0,0,0,0,0,0,0,traj_sz=0
-1,0.251647,1.52129,0.00214369,0,0,0,0,0,0,0,0,0,0,0,traj_sz=0
-1,0.251647,1.52129,0.00214369,0,0,0,0,0,0,0,0,0,0,0,traj_sz=0
-1,0.251647,1.52129,0.00214369,0,0,0,0,0,0,0,0,0,0,0,traj_sz=0
-1,0.251647,1.52129,0.00214369,0,0,0,0,0,0,0,0,0,0,0,traj_sz=0
-1,0.251647,1.52129,0.00214369,0,0,0,0,0,0,0,0,0,0,0,traj_sz=0
-1,0.251647,1.52129,0.00214369,0,0,0,0,0,0,0,0,0,0,0,traj_sz=0
-1,0.251647,1.52129,0.00214369,0,0,0,0,0,0,0,0,0,0,0,traj_sz=0
-1,0.251647,1.52129,0.00214369,0,0,0,0,0,0,0,0,0,0,0,traj_sz=0
-1,0.251647,1.52129,0.00214369,0,0,0,0,0,0,0,0,0,0,0,traj_sz=0
-1,0.251647,1.52129,0.00214369,0,0,0,0,0,0,0,0,0,0,0,traj_sz=0
-1,0.251647,1.52129,0.00214369,0,0,0,0,0,0,0,0,0,0,0,traj_sz=0
-1,0.251647,1.52129,0.00214369,0,0,0,0,0,0,0,0,0,0,0,traj_sz=0
-1,0.251647,1.52129,0.00214369,0,0,0,0,0,0,0,0,0,0,0,traj_sz=0
-1,0.251647,1.52129,0.00214369,0,0,0,0,0,0,0,0,0,0,0,traj_sz=0
-1,0.251647,1.52129,0.00214369,0,0,0,0,0,0,0,0,0,0,0,traj_sz=0
-1,0.251647,1.52129,0.00214369,0,0,0,0,0,0,0,0,0,0,0,traj_sz=0
-1,0.251647,1.52129,0.00214369,0,0,0,0,0,0,0,0,0,0,0,traj_sz=0
-1,0.251647,1.52129,0.00214369,0,0,0,0,0,0,0,0,0,0,0,traj_sz=0
-1,0.251647,1.52129,0.00214369,0,0,0,0,0,0,0,0,0,0,0,traj_sz=0
-1,0.251647,1.52129,0.00214369,0,0,0,0,0,0,0,0,0,0,0,traj_sz=0
-1,0.251647,1.52129,0.00214369,0,0,0,0,0,0,0,0,0,0,0,traj_sz=0
-1,0.251647,1.52129,0.00214369,0,0,0,0,0,0,0,0,0,0,0,traj_sz=0
-1,0.251647,1.52129,0.00214369,0,0,0,0,0,0,0,0,0,0,0,traj_sz=0
-1,0.251647,1.52129,0.00214369,0,0,0,0,0,0,0,0,0,0,0,traj_sz=0
-1,0.251647,1.52129,0.00214369,0,0,0,0,0,0,0,0,0,0,0,traj_sz=0
-1,0.251647,1.52129,0.00214369,0,0,0,0,0,0,0,0,0,0,0,traj_sz=0
-1,0.251647,1.52129,0.00214369,0,0,0,0,0,0,0,0,0,0,0,traj_sz=0
-1,0.251647,1.52129,0.00214369,0,0,0,0,0,0,0,0,0,0,0,traj_sz=0
-1,0.251647,1.52129,0.00214369,0,0,0,0,0,0,0,0,0,0,0,traj_sz=0
-1,0.251647,1.52129,0.00214369,0,0,0,0,0,0,0,0,0,0,0,traj_sz=0
-1,0.251647,1.52129,0.00214369,0,0,0,0,0,0,0,0,0,0,0,traj_sz=0
-1,0.251647,1.52129,0.00214369,0,0,0,0,0,0,0,0,0,0,0,traj_sz=0
-1,0.251647,1.52129,0.00214369,0,0,0,0,0,0,0,0,0,0,0,traj_sz=0
-1,0.251647,1.52129,0.00214369,0,0,0,0,0,0,0,0,0,0,0,traj_sz=0
-1,0.251647,1.52129,0.00214369,0,0,0,0,0,0,0,0,0,0,0,traj_sz=0
-1,0.251647,1.52129,0.00214369,0,0,0,0,0,0,0,0,0,0,0,traj_sz=0
-1,0.251647,1.52129,0.00214369,0,0,0,0,0,0,0,0,0,0,0,traj_sz=0
-1,0.251647,1.52129,0.00214369,0,0,0,0,0,0,0,0,0,0,0,traj_sz=0
-1,0.251647,1.52129,0.00214369,0,0,0,0,0,0,0,0,0,0,0,traj_sz=0
-1,0.251647,1.52129,0.00214369,0,0,0,0,0,0,0,0,0,0,0,traj_sz=0
-1,0.251647,1.52129,0.00214369,0,0,0,0,0,0,0,0,0,0,0,traj_sz=0
-1,0.251647,1.52129,0.00214369,0,0,0,0,0,0,0,0,0,0,0,traj_sz=0
-1,0.251647,1.52129,0.00214369,0,0,0,0,0,0,0,0,0,0,0,traj_sz=0
-1,0.251647,1.52129,0.00214369,0,0,0,0,0,0,0,0,0,0,0,traj_sz=0
-1,0.251647,1.52129,0.00214369,0,0,0,0,0,0,0,0,0,0,0,traj_sz=0
-1,0.251647,1.52129,0.00214369,0,0,0,0,0,0,0,0,0,0,0,traj_sz=0
-1,0.251647,1.52129,0.00214369,0,0,0,0,0,0,0,0,0,0,0,traj_sz=0
-1,0.251647,1.52129,0.00214369,0,0,0,0,0,0,0,0,0,0,0,traj_sz=0
-1,0.251647,1.52129,0.00214369,0,0,0,0,0,0,0,0,0,0,0,traj_sz=0
-1,0.251647,1.52129,0.00214369,0,0,0,0,0,0,0,0,0,0,0,traj_sz=0
-1,0.251647,1.52129,0.00214369,0,0,0,0,0,0,0,0,0,0,0,traj_sz=0
-1,0.251647,1.52129,0.00214369,0,0,0,0,0,0,0,0,0,0,0,traj_sz=0
-1,0.251647,1.52129,0.00214369,0,0,0,0,0,0,0,0,0,0,0,traj_sz=0
-1,0.251647,1.52129,0.00214369,0,0,0,0,0,0,0,0,0,0,0,traj_sz=0
-1,0.251647,1.52129,0.00214369,0,0,0,0,0,0,0,0,0,0,0,traj_sz=0
-1,0.251647,1.52129,0.00214369,0,0,0,0,0,0,0,0,0,0,0,traj_sz=0
-1,0.251647,1.52129,0.00214369,0,0,0,0,0,0,0,0,0,0,0,traj_sz=0
-1,0.251647,1.52129,0.00214369,0,0,0,0,0,0,0,0,0,0,0,traj_sz=0
-1,0.251647,1.52129,0.00214369,0,0,0,0,0,0,0,0,0,0,0,traj_sz=0
-1,0.251647,1.52129,0.00214369,0,0,0,0,0,0,0,0,0,0,0,traj_sz=0
-1,0.251647,1.52129,0.00214369,0,0,0,0,0,0,0,0,0,0,0,traj_sz=0
-1,0.251647,1.52129,0.00214369,0,0,0,0,0,0,0,0,0,0,0,traj_sz=0
-1,0.251647,1.52129,0.00214369,0,0,0,0,0,0,0,0,0,0,0,traj_sz=0
-1,0.251647,1.52129,0.00214369,0,0,0,0,0,0,0,0,0,0,0,traj_sz=0
-1,0.251647,1.52129,0.00214369,0,0,0,0,0,0,0,0,0,0,0,traj_sz=0
-1,0.251647,1.52129,0.00214369,0,0,0,0,0,0,0,0,0,0,0,traj_sz=0
-1,0.251647,1.52129,0.00214369,0,0,0,0,0,0,0,0,0,0,0,traj_sz=0
-1,0.251647,1.52129,0.00214369,0,0,0,0,0,0,0,0,0,0,0,traj_sz=0
-1,0.251647,1.52129,0.00214369,0,0,0,0,0,0,0,0,0,0,0,traj_sz=0
-1,0.251647,1.52129,0.00214369,0,0,0,0,0,0,0,0,0,0,0,traj_sz=0
-1,0.251647,1.52129,0.00214369,0,0,0,0,0,0,0,0,0,0,0,traj_sz=0
-1,0.251647,1.52129,0.00214369,0,0,0,0,0,0,0,0,0,0,0,traj_sz=0
-1,0.251647,1.52129,0.00214369,0,0,0,0,0,0,0,0,0,0,0,traj_sz=0
-1,0.251647,1.52129,0.00214369,0,0,0,0,0,0,0,0,0,0,0,traj_sz=0
-1,0.251647,1.52129,0.00214369,0,0,0,0,0,0,0,0,0,0,0,traj_sz=0
-1,0.251647,1.52129,0.00214369,0,0,0,0,0,0,0,0,0,0,0,traj_sz=0
-1,0.251647,1.52129,0.00214369,0,0,0,0,0,0,0,0,0,0,0,traj_sz=0
-1,0.251647,1.52129,0.00214369,0,0,0,0,0,0,0,0,0,0,0,traj_sz=0
-1,0.251647,1.52129,0.00214369,0,0,0,0,0,0,0,0,0,0,0,traj_sz=0
-1,0.251647,1.52129,0.00214369,0,0,0,0,0,0,0,0,0,0,0,traj_sz=0
-1,0.251647,1.52129,0.00214369,0,0,0,0,0,0,0,0,0,0,0,traj_sz=0
-1,0.251647,1.52129,0.00214369,0,0,0,0,0,0,0,0,0,0,0,traj_sz=0
-1,0.251647,1.52129,0.00214369,0,0,0,0,0,0,0,0,0,0,0,traj_sz=0
-1,0.251647,1.52129,0.00214369,0,0,0,0,0,0,0,0,0,0,0,traj_sz=0
-1,0.251647,1.52129,0.00214369,0,0,0,0,0,0,0,0,0,0,0,traj_sz=0
-1,0.251647,1.52129,0.00214369,0,0,0,0,0,0,0,0,0,0,0,traj_sz=0
-1,0.251647,1.52129,0.00214369,0,0,0,0,0,0,0,0,0,0,0,traj_sz=0
-1,0.251647,1.52129,0.00214369,0,0,0,0,0,0,0,0,0,0,0,traj_sz=0
-1,0.251647,1.52129,0.00214369,0,0,0,0,0,0,0,0,0,0,0,traj_sz=0
-1,0.251647,1.52129,0.00214369,0,0,0,0,0,0,0,0,0,0,0,traj_sz=0
-1,0.251647,1.52129,0.00214369,0,0,0,0,0,0,0,0,0,0,0,traj_sz=0
-1,0.251647,1.52129,0.00214369,0,0,0,0,0,0,0,0,0,0,0,traj_sz=0
-1,0.251647,1.52129,0.00214369,0,0,0,0,0,0,0,0,0,0,0,traj_sz=0
-1,0.251647,1.52129,0.00214369,0,0,0,0,0,0,0,0,0,0,0,traj_sz=0
-1,0.251647,1.52129,0.00214369,0,0,0,0,0,0,0,0,0,0,0,traj_sz=0
-1,0.251647,1.52129,0.00214369,0,0,0,0,0,0,0,0,0,0,0,traj_sz=0
-1,0.251647,1.52129,0.00214369,0,0,0,0,0,0,0,0,0,0,0,traj_sz=0
-1,0.251647,1.52129,0.00214369,0,0,0,0,0,0,0,0,0,0,0,traj_sz=0
-1,0.251647,1.52129,0.00214369,0,0,0,0,0,0,0,0,0,0,0,traj_sz=0
-1,0.251647,1.52129,0.00214369,0,0,0,0,0,0,0,0,0,0,0,traj_sz=0
-1,0.251647,1.52129,0.00214369,0,0,0,0,0,0,0,0,0,0,0,traj_sz=0
-1,0.251647,1.52129,0.00214369,0,0,0,0,0,0,0,0,0,0,0,traj_sz=0
-1,0.251647,1.52129,0.00214369,0,0,0,0,0,0,0,0,0,0,0,traj_sz=0
-1,0.251647,1.52129,0.00214369,0,0,0,0,0,0,0,0,0,0,0,traj_sz=0
-1,0.251647,1.52129,0.00214369,0,0,0,0,0,0,0,0,0,0,0,traj_sz=0
-1,0.251647,1.52129,0.00214369,0,0,0,0,0,0,0,0,0,0,0,traj_sz=0
-1,0.251647,1.52129,0.00214369,0,0,0,0,0,0,0,0,0,0,0,traj_sz=0
-1,0.251647,1.52129,0.00214369,0,0,0,0,0,0,0,0,0,0,0,traj_sz=0
-1,0.251647,1.52129,0.00214369,0,0,0,0,0,0,0,0,0,0,0,traj_sz=0
-1,0.251647,1.52129,0.00214369,0,0,0,0,0,0,0,0,0,0,0,traj_sz=0
-1,0.251647,1.52129,0.00214369,0,0,0,0,0,0,0,0,0,0,0,traj_sz=0
-1,0.251647,1.52129,0.00214369,0,0,0,0,0,0,0,0,0,0,0,traj_sz=0
-1,0.251647,1.52129,0.00214369,0,0,0,0,0,0,0,0,0,0,0,traj_sz=0
-1,0.251647,1.52129,0.00214369,0,0,0,0,0,0,0,0,0,0,0,traj_sz=0
-1,0.251647,1.52129,0.00214369,0,0,0,0,0,0,0,0,0,0,0,traj_sz=0
-1,0.251647,1.52129,0.00214369,0,0,0,0,0,0,0,0,0,0,0,traj_sz=0
-1,0.251647,1.52129,0.00214369,0,0,0,0,0,0,0,0,0,0,0,traj_sz=0
-1,0.251647,1.52129,0.00214369,0,0,0,0,0,0,0,0,0,0,0,traj_sz=0
-1,0.251647,1.52129,0.00214369,0,0,0,0,0,0,0,0,0,0,0,traj_sz=0
-1,0.251647,1.52129,0.00214369,0,0,0,0,0,0,0,0,0,0,0,traj_sz=0
-1,0.251647,1.52129,0.00214369,0,0,0,0,0,0,0,0,0,0,0,traj_sz=0
-1,0.251647,1.52129,0.00214369,0,0,0,0,0,0,0,0,0,0,0,traj_sz=0
-1,0.251647,1.52129,0.00214369,0,0,0,0,0,0,0,0,0,0,0,traj_sz=0
-1,0.251647,1.52129,0.00214369,0,0,0,0,0,0,0,0,0,0,0,traj_sz=0
-1,0.251647,1.52129,0.00214369,0,0,0,0,0,0,0,0,0,0,0,traj_sz=0
-1,0.251647,1.52129,0.00214369,0,0,0,0,0,0,0,0,0,0,0,traj_sz=0
-1,0.251647,1.52129,0.00214369,0,0,0,0,0,0,0,0,0,0,0,traj_sz=0
-1,0.251647,1.52129,0.00214369,0,0,0,0,0,0,0,0,0,0,0,traj_sz=0
-1,0.251647,1.52129,0.00214369,0,0,0,0,0,0,0,0,0,0,0,traj_sz=0
-1,0.251647,1.52129,0.00214369,0,0,0,0,0,0,0,0,0,0,0,traj_sz=0
-1,0.251647,1.52129,0.00214369,0,0,0,0,0,0,0,0,0,0,0,traj_sz=0
-1,0.251647,1.52129,0.00214369,0,0,0,0,0,0,0,0,0,0,0,traj_sz=0
-1,0.251647,1.52129,0.00214369,0,0,0,0,0,0,0,0,0,0,0,traj_sz=0
-1,0.251647,1.52129,0.00214369,0,0,0,0,0,0,0,0,0,0,0,traj_sz=0
-1,0.251647,1.52129,0.00214369,0,0,0,0,0,0,0,0,0,0,0,traj_sz=0
-1,0.251647,1.52129,0.00214369,0,0,0,0,0,0,0,0,0,0,0,traj_sz=0
-1,0.251647,1.52129,0.00214369,0,0,0,0,0,0,0,0,0,0,0,traj_sz=0
-1,0.251647,1.52129,0.00214369,0,0,0,0,0,0,0,0,0,0,0,traj_sz=0
-1,0.251647,1.52129,0.00214369,0,0,0,0,0,0,0,0,0,0,0,traj_sz=0
-1,0.251647,1.52129,0.00214369,0,0,0,0,0,0,0,0,0,0,0,traj_sz=0
-1,0.251647,1.52129,0.00214369,0,0,0,0,0,0,0,0,0,0,0,traj_sz=0
-1,0.251647,1.52129,0.00214369,0,0,0,0,0,0,0,0,0,0,0,traj_sz=0
-1,0.251647,1.52129,0.00214369,0,0,0,0,0,0,0,0,0,0,0,traj_sz=0
-1,0.251647,1.52129,0.00214369,0,0,0,0,0,0,0,0,0,0,0,traj_sz=0
-1,0.251647,1.52129,0.00214369,0,0,0,0,0,0,0,0,0,0,0,traj_sz=0
-1,0.251647,1.52129,0.00214369,0,0,0,0,0,0,0,0,0,0,0,traj_sz=0
-1,0.251647,1.52129,0.00214369,0,0,0,0,0,0,0,0,0,0,0,traj_sz=0
-1,0.251647,1.52129,0.00214369,0,0,0,0,0,0,0,0,0,0,0,traj_sz=0
-1,0.251647,1.52129,0.00214369,0,0,0,0,0,0,0,0,0,0,0,traj_sz=0
-1,0.251647,1.52129,0.00214369,0,0,0,0,0,0,0,0,0,0,0,traj_sz=0
-1,0.251647,1.52129,0.00214369,0,0,0,0,0,0,0,0,0,0,0,traj_sz=0
-1,0.251647,1.52129,0.00214369,0,0,0,0,0,0,0,0,0,0,0,traj_sz=0
-1,0.251647,1.52129,0.00214369,0,0,0,0,0,0,0,0,0,0,0,traj_sz=0
-1,0.251647,1.52129,0.00214369,0,0,0,0,0,0,0,0,0,0,0,traj_sz=0
-1,0.251647,1.52129,0.00214369,0,0,0,0,0,0,0,0,0,0,0,traj_sz=0
-1,0.251647,1.52129,0.00214369,0,0,0,0,0,0,0,0,0,0,0,traj_sz=0
-1,0.251647,1.52129,0.00214369,0,0,0,0,0,0,0,0,0,0,0,traj_sz=0
-1,0.251647,1.52129,0.00214369,0,0,0,0,0,0,0,0,0,0,0,traj_sz=0
-1,0.251647,1.52129,0.00214369,0,0,0,0,0,0,0,0,0,0,0,traj_sz=0
-1,0.251647,1.52129,0.00214369,0,0,0,0,0,0,0,0,0,0,0,traj_sz=0
-1,0.251647,1.52129,0.00214369,0,0,0,0,0,0,0,0,0,0,0,traj_sz=0
-1,0.251647,1.52129,0.00214369,0,0,0,0,0,0,0,0,0,0,0,traj_sz=0
-1,0.251647,1.52129,0.00214369,0,0,0,0,0,0,0,0,0,0,0,traj_sz=0
-1,0.251647,1.52129,0.00214369,0,0,0,0,0,0,0,0,0,0,0,traj_sz=0
-1,0.251647,1.52129,0.00214369,0,0,0,0,0,0,0,0,0,0,0,traj_sz=0
-1,0.251647,1.52129,0.00214369,0,0,0,0,0,0,0,0,0,0,0,traj_sz=0
-1,0.251647,1.52129,0.00214369,0,0,0,0,0,0,0,0,0,0,0,traj_sz=0
-1,0.251647,1.52129,0.00214369,0,0,0,0,0,0,0,0,0,0,0,traj_sz=0
-1,0.251647,1.52129,0.00214369,0,0,0,0,0,0,0,0,0,0,0,traj_sz=0
-1,0.251647,1.52129,0.00214369,0,0,0,0,0,0,0,0,0,0,0,traj_sz=0
-1,0.251647,1.52129,0.00214369,0,0,0,0,0,0,0,0,0,0,0,traj_sz=0
-1,0.251647,1.52129,0.00214369,0,0,0,0,0,0,0,0,0,0,0,traj_sz=0
-1,0.251647,1.52129,0.00214369,0,0,0,0,0,0,0,0,0,0,0,traj_sz=0
-1,0.251647,1.52129,0.00214369,0,0,0,0,0,0,0,0,0,0,0,traj_sz=0
-1,0.251647,1.52129,0.00214369,0,0,0,0,0,0,0,0,0,0,0,traj_sz=0
-1,0.251647,1.52129,0.00214369,0,0,0,0,0,0,0,0,0,0,0,traj_sz=0
-1,0.251647,1.52129,0.00214369,0,0,0,0,0,0,0,0,0,0,0,traj_sz=0
-1,0.251647,1.52129,0.00214369,0,0,0,0,0,0,0,0,0,0,0,traj_sz=0
-1,0.251647,1.52129,0.00214369,0,0,0,0,0,0,0,0,0,0,0,traj_sz=0
-1,0.251647,1.52129,0.00214369,0,0,0,0,0,0,0,0,0,0,0,traj_sz=0
-1,0.251647,1.52129,0.00214369,0,0,0,0,0,0,0,0,0,0,0,traj_sz=0
-1,0.251647,1.52129,0.00214369,0,0,0,0,0,0,0,0,0,0,0,traj_sz=0
-1,0.251647,1.52129,0.00214369,0,0,0,0,0,0,0,0,0,0,0,traj_sz=0
-1,0.251647,1.52129,0.00214369,0,0,0,0,0,0,0,0,0,0,0,traj_sz=0
-1,0.251647,1.52129,0.00214369,0,0,0,0,0,0,0,0,0,0,0,traj_sz=0
-1,0.251647,1.52129,0.00214369,0,0,0,0,0,0,0,0,0,0,0,traj_sz=0
-1,0.251647,1.52129,0.00214369,0,0,0,0,0,0,0,0,0,0,0,traj_sz=0
-1,0.251647,1.52129,0.00214369,0,0,0,0,0,0,0,0,0,0,0,traj_sz=0
-1,0.251647,1.52129,0.00214369,0,0,0,0,0,0,0,0,0,0,0,traj_sz=0
-1,0.251647,1.52129,0.00214369,0,0,0,0,0,0,0,0,0,0,0,traj_sz=0
-1,0.251647,1.52129,0.00214369,0,0,0,0,0,0,0,0,0,0,0,traj_sz=0
-1,0.251647,1.52129,0.00214369,0,0,0,0,0,0,0,0,0,0,0,traj_sz=0
-1,0.251647,1.52129,0.00214369,0,0,0,0,0,0,0,0,0,0,0,traj_sz=0
-1,0.251647,1.52129,0.00214369,0,0,0,0,0,0,0,0,0,0,0,traj_sz=0
-1,0.251647,1.52129,0.00214369,0,0,0,0,0,0,0,0,0,0,0,traj_sz=0
-1,0.251647,1.52129,0.00214369,0,0,0,0,0,0,0,0,0,0,0,traj_sz=0
-1,0.251647,1.52129,0.00214369,0,0,0,0,0,0,0,0,0,0,0,traj_sz=0
-1,0.251647,1.52129,0.00214369,0,0,0,0,0,0,0,0,0,0,0,traj_sz=0
-1,0.251647,1.52129,0.00214369,0,0,0,0,0,0,0,0,0,0,0,traj_sz=0
-1,0.251647,1.52129,0.00214369,0,0,0,0,0,0,0,0,0,0,0,traj_sz=0
-1,0.251647,1.52129,0.00214369,0,0,0,0,0,0,0,0,0,0,0,traj_sz=0
-1,0.251647,1.52129,0.00214369,0,0,0,0,0,0,0,0,0,0,0,traj_sz=0
-1,0.251647,1.52129,0.00214369,0,0,0,0,0,0,0,0,0,0,0,traj_sz=0
-1,0.251647,1.52129,0.00214369,0,0,0,0,0,0,0,0,0,0,0,traj_sz=0
-1,0.251647,1.52129,0.00214369,0,0,0,0,0,0,0,0,0,0,0,traj_sz=0
-1,0.251647,1.52129,0.00214369,0,0,0,0,0,0,0,0,0,0,0,traj_sz=0
-1,0.251647,1.52129,0.00214369,0,0,0,0,0,0,0,0,0,0,0,traj_sz=0
-1,0.251647,1.52129,0.00214369,0,0,0,0,0,0,0,0,0,0,0,traj_sz=0
-1,0.251647,1.52129,0.00214369,0,0,0,0,0,0,0,0,0,0,0,traj_sz=0
-1,0.251647,1.52129,0.00214369,0,0,0,0,0,0,0,0,0,0,0,traj_sz=0
-1,0.251647,1.52129,0.00214369,0,0,0,0,0,0,0,0,0,0,0,traj_sz=0
-1,0.251647,1.52129,0.00214369,0,0,0,0,0,0,0,0,0,0,0,traj_sz=0
-1,0.251647,1.52129,0.00214369,0,0,0,0,0,0,0,0,0,0,0,traj_sz=0
-1,0.251647,1.52129,0.00214369,0,0,0,0,0,0,0,0,0,0,0,traj_sz=0
-1,0.251647,1.52129,0.00214369,0,0,0,0,0,0,0,0,0,0,0,traj_sz=0
-1,0.251647,1.52129,0.00214369,0,0,0,0,0,0,0,0,0,0,0,traj_sz=0
-1,0.251647,1.52129,0.00214369,0,0,0,0,0,0,0,0,0,0,0,traj_sz=0
-1,0.251647,1.52129,0.00214369,0,0,0,0,0,0,0,0,0,0,0,traj_sz=0
-1,0.251647,1.52129,0.00214369,0,0,0,0,0,0,0,0,0,0,0,traj_sz=0
-1,0.251647,1.52129,0.00214369,0,0,0,0,0,0,0,0,0,0,0,traj_sz=0
-1,0.251647,1.52129,0.00214369,0,0,0,0,0,0,0,0,0,0,0,traj_sz=0
-1,0.251647,1.52129,0.00214369,0,0,0,0,0,0,0,0,0,0,0,traj_sz=0
-1,0.251647,1.52129,0.00214369,0,0,0,0,0,0,0,0,0,0,0,traj_sz=0
-1,0.251647,1.52129,0.00214369,0,0,0,0,0,0,0,0,0,0,0,traj_sz=0
-1,0.251647,1.52129,0.00214369,0,0,0,0,0,0,0,0,0,0,0,traj_sz=0
-1,0.251647,1.52129,0.00214369,0,0,0,0,0,0,0,0,0,0,0,traj_sz=0
-1,0.251647,1.52129,0.00214369,0,0,0,0,0,0,0,0,0,0,0,traj_sz=0
-1,0.251647,1.52129,0.00214369,0,0,0,0,0,0,0,0,0,0,0,traj_sz=0
-1,0.251647,1.52129,0.00214369,0,0,0,0,0,0,0,0,0,0,0,traj_sz=0
-1,0.251647,1.52129,0.00214369,0,0,0,0,0,0,0,0,0,0,0,traj_sz=0
-1,0.251647,1.52129,0.00214369,0,0,0,0,0,0,0,0,0,0,0,traj_sz=0
-1,0.251647,1.52129,0.00214369,0,0,0,0,0,0,0,0,0,0,0,traj_sz=0
-1,0.251647,1.52129,0.00214369,0,0,0,0,0,0,0,0,0,0,0,traj_sz=0
-1,0.251647,1.52129,0.00214369,0,0,0,0,0,0,0,0,0,0,0,traj_sz=0
-1,0.251647,1.52129,0.00214369,0,0,0,0,0,0,0,0,0,0,0,traj_sz=0
-1,0.251647,1.52129,0.00214369,0,0,0,0,0,0,0,0,0,0,0,traj_sz=0
-1,0.251647,1.52129,0.00214369,0,0,0,0,0,0,0,0,0,0,0,traj_sz=0
-1,0.251647,1.52129,0.00214369,0,0,0,0,0,0,0,0,0,0,0,traj_sz=0
-1,0.251647,1.52129,0.00214369,0,0,0,0,0,0,0,0,0,0,0,traj_sz=0
-1,0.251647,1.52129,0.00214369,0,0,0,0,0,0,0,0,0,0,0,traj_sz=0
-1,0.251647,1.52129,0.00214369,0,0,0,0,0,0,0,0,0,0,0,traj_sz=0
0.0119247,0.251647,1.52129,0.00214369,0,0,0,0,0,0,0,0,0,0,0,traj_sz=100
0.0120668,0.251647,1.52129,0.00214369,0.25,1.52,0,0,0,0,-0.00164989,0,-0.0348255,0.00209384,0,0.0120668
0.0319898,0.251647,1.52129,0.00214369,0,0,0,0,0,0,0,0,0,0,0,traj_sz=100
0.0322485,0.251647,1.52129,0.00214369,0.366827,1.51413,-0.157841,0.111273,3,9,0.115164,0,-0.103611,2.25487,0,0.0322485
0.0520732,0.251647,1.52129,0.00214369,0,0,0,0,3,9,0,0,0,0,0,traj_sz=100
0.055315,0.251647,1.52129,0.00214369,0.366827,1.51413,-0.157841,0.111273,3,9,0.115164,0,-0.103611,2.25487,0,0.055315
0.0719559,0.251647,1.52129,0.00214369,0,0,0,0,3,9,0,0,0,0,0,traj_sz=100
0.0720618,0.251647,1.52129,0.00214369,0.366827,1.51413,-0.157841,0.111273,3,9,0.115164,0,-0.103611,2.25487,0,0.0720618
0.0919352,0.251647,1.52129,0.00214369,0,0,0,0,3,9,0,0,0,0,0,traj_sz=100
0.0921152,0.251647,1.52129,0.00214369,0.366827,1.51413,-0.157841,0.111273,3,9,0.115164,0,-0.103611,2.25487,0,0.0921152
0.11193,0.251647,1.52129,0.00214369,0,0,0,0,3,9,0,0,0,0,0,traj_sz=100
0.111996,0.251647,1.52129,0.00214369,0.366827,1.51413,-0.157841,0.111273,3,9,0.115164,0,-0.103611,2.25487,0,0.111996
0.13202,0.251647,1.52129,0.00214369,0,0,0,0,3,9,0,0,0,0,0,traj_sz=100
0.132091,0.251647,1.52129,0.00214369,0.366827,1.51413,-0.157841,0.111273,3,9,0.115164,0,-0.103611,2.25487,0,0.132091
0.151912,0.251647,1.52129,0.00214369,0,0,0,0,3,9,0,0,0,0,0,traj_sz=100
0.152037,0.251647,1.52129,0.00214369,0.366827,1.51413,-0.157841,0.111273,3,9,0.115164,0,-0.103611,2.25487,0,0.152037
0.171982,0.251647,1.52129,0.00214369,0,0,0,0,3,9,0,0,0,0,0,traj_sz=100
0.172073,0.251647,1.52129,0.00214369,0.366827,1.51413,-0.157841,0.111273,3,9,0.115164,0,-0.103611,2.25487,0,0.172073
0.191996,0.251647,1.52129,0.00214369,0,0,0,0,3,9,0,0,0,0,0,traj_sz=100
0.192116,0.251647,1.52129,0.00214369,0.366827,1.51413,-0.157841,0.111273,3,9,0.115164,0,-0.103611,2.25487,0,0.192116
0.211918,0.251647,1.52129,0.00214369,0,0,0,0,3,9,0,0,0,0,0,traj_sz=100
0.212086,0.251647,1.52129,0.00214369,0.366827,1.51413,-0.157841,0.111273,3,9,0.115164,0,-0.103611,2.25487,0,0.212086
0.232008,0.251647,1.52129,0.00214369,0,0,0,0,3,9,0,0,0,0,0,traj_sz=100
0.232106,0.251647,1.52129,0.00214369,0.366827,1.51413,-0.157841,0.111273,3,9,0.115164,0,-0.103611,2.25487,0,0.232106
0.252006,0.251647,1.52129,0.00214369,0,0,0,0,3,9,0,0,0,0,0,traj_sz=100
0.252112,0.251647,1.52129,0.00214369,0.366827,1.51413,-0.157841,0.111273,3,9,0.115164,0,-0.103611,2.25487,0,0.252112
0.271918,0.251647,1.52129,0.00214369,0,0,0,0,3,9,0,0,0,0,0,traj_sz=100
0.272062,0.251647,1.52129,0.00214369,0.366827,1.51413,-0.157841,0.111273,3,9,0.115164,0,-0.103611,2.25487,0,0.272062
0.291914,0.251647,1.52129,0.00214369,0,0,0,0,3,9,0,0,0,0,0,traj_sz=100
0.292052,0.251647,1.52129,0.00214369,0.366827,1.51413,-0.157841,0.111273,3,9,0.115164,0,-0.103611,2.25487,0,0.292052
0.312017,0.251647,1.52129,0.00214369,0,0,0,0,3,9,0,0,0,0,0,traj_sz=100
0.312139,0.251647,1.52129,0.00214369,0.366827,1.51413,-0.157841,0.111273,3,9,0.115164,0,-0.103611,2.25487,0,0.312139
0.332212,0.251647,1.52129,0.00214369,0,0,0,0,3,9,0,0,0,0,0,traj_sz=100
0.332406,0.251647,1.52129,0.00214369,0.366827,1.51413,-0.157841,0.111273,3,9,0.115164,0,-0.103611,2.25487,0,0.332406
0.351912,0.251647,1.52129,0.00214369,0,0,0,0,3,9,0,0,0,0,0,traj_sz=100
0.35203,0.251647,1.52129,0.00214369,0.366827,1.51413,-0.157841,0.111273,3,9,0.115164,0,-0.103611,2.25487,0,0.35203
0.371941,0.251647,1.52129,0.00214369,0,0,0,0,3,9,0,0,0,0,0,traj_sz=100
0.37219,0.251647,1.52129,0.00214369,0.366827,1.51413,-0.157841,0.111273,3,9,0.115164,0,-0.103611,2.25487,0,0.37219
0.391987,0.251647,1.52129,0.00214369,0,0,0,0,3,9,0,0,0,0,0,traj_sz=100
0.392058,0.251647,1.52129,0.00214369,0.366827,1.51413,-0.157841,0.111273,3,9,0.115164,0,-0.103611,2.25487,0,0.392058
0.412048,0.251647,1.52129,0.00214369,0,0,0,0,3,9,0,0,0,0,0,traj_sz=100
0.412175,0.251647,1.52129,0.00214369,0.366827,1.51413,-0.157841,0.111273,3,9,0.115164,0,-0.103611,2.25487,0,0.412175
0.43193,0.251647,1.52129,0.00214369,0,0,0,0,3,9,0,0,0,0,0,traj_sz=100
0.432078,0.251647,1.52129,0.00214369,0.366827,1.51413,-0.157841,0.111273,3,9,0.115164,0,-0.103611,2.25487,0,0.432078
0.452086,0.251647,1.52129,0.00214369,0,0,0,0,3,9,0,0,0,0,0,traj_sz=100
0.452191,0.251647,1.52129,0.00214369,0.366827,1.51413,-0.157841,0.111273,3,9,0.115164,0,-0.103611,2.25487,0,0.452191
0.471953,0.251647,1.52129,0.00214369,0,0,0,0,3,9,0,0,0,0,0,traj_sz=100
0.472042,0.251647,1.52129,0.00214369,0.366827,1.51413,-0.157841,0.111273,3,9,0.115164,0,-0.103611,2.25487,0,0.472042
0.49199,0.251647,1.52129,0.00214369,0,0,0,0,3,9,0,0,0,0,0,traj_sz=100
0.49207,0.251647,1.52129,0.00214369,0.366827,1.51413,-0.157841,0.111273,3,9,0.115164,0,-0.103611,2.25487,0,0.49207
0.512079,0.251647,1.52129,0.00214369,0,0,0,0,3,9,0,0,0,0,0,traj_sz=100
0.512184,0.251647,1.52129,0.00214369,0.366827,1.51413,-0.157841,0.111273,3,9,0.115164,0,-0.103611,2.25487,0,0.512184
0.532097,0.251647,1.52129,0.00214369,0,0,0,0,3,9,0,0,0,0,0,traj_sz=100
0.532303,0.251647,1.52129,0.00214369,0.366827,1.51413,-0.157841,0.111273,3,9,0.115164,0,-0.103611,2.25487,0,0.532303
0.552039,0.251647,1.52129,0.00214369,0,0,0,0,3,9,0,0,0,0,0,traj_sz=100
0.552179,0.251647,1.52129,0.00214369,0.366827,1.51413,-0.157841,0.111273,3,9,0.115164,0,-0.103611,2.25487,0,0.552179
0.572092,0.251647,1.52129,0.00214369,0,0,0,0,3,9,0,0,0,0,0,traj_sz=100
0.572186,0.251647,1.52129,0.00214369,0.366827,1.51413,-0.157841,0.111273,3,9,0.115164,0,-0.103611,2.25487,0,0.572186
0.592003,0.251647,1.52129,0.00214369,0,0,0,0,3,9,0,0,0,0,0,traj_sz=100
0.59212,0.251647,1.52129,0.00214369,0.366827,1.51413,-0.157841,0.111273,3,9,0.115164,0,-0.103611,2.25487,0,0.59212
0.61206,0.251647,1.52129,0.00214369,0,0,0,0,3,9,0,0,0,0,0,traj_sz=100
0.612186,0.251647,1.52129,0.00214369,0.366827,1.51413,-0.157841,0.111273,3,9,0.115164,0,-0.103611,2.25487,0,0.612186
0.631999,0.251647,1.52129,0.00214369,0,0,0,0,3,9,0,0,0,0,0,traj_sz=100
0.632243,0.251647,1.52129,0.00214369,0.366827,1.51413,-0.157841,0.111273,3,9,0.115164,6.03344e-05,-0.103611,2.25487,0,0.632243
0.652018,0.251647,1.52129,0.00214369,0,0,0,0,3,9,0,0,0,0,0,traj_sz=100
0.652108,0.251647,1.52129,0.00214369,0.366827,1.51413,-0.157841,0.111273,3,9,0.115164,0.000188363,-0.103611,2.25487,0,0.652108
0.672084,0.251647,1.52129,0.00214369,0,0,0,0,3,9,0,0,0,0,0,traj_sz=100
0.672184,0.251647,1.52129,0.00214369,0.366827,1.51413,-0.157841,0.111273,3,9,0.115164,0.000317548,-0.103611,2.25487,0,0.672184
0.691983,0.251647,1.52129,0.00214369,0,0,0,0,3,9,0,0,0,0,0,traj_sz=100
0.692207,0.251647,1.52129,0.00214369,0.366827,1.51413,-0.157841,0.111273,3,9,0.115164,0.000446237,-0.103611,2.25487,0,0.692207
0.71201,0.251647,1.52129,0.00214369,0,0,0,0,3,9,0,0,0,0,0,traj_sz=100
0.712154,0.251647,1.52129,0.00214369,0.366827,1.51413,-0.157841,0.111273,3,9,0.115164,0.000574725,-0.103611,2.25487,0,0.712154
0.732078,0.251647,1.52129,0.00214369,0,0,0,0,3,9,0,0,0,0,0,traj_sz=100
0.732177,0.251647,1.52129,0.00214369,0.366827,1.51413,-0.157841,0.111273,3,9,0.115164,0.000703622,-0.103611,2.25487,0,0.732177
0.75203,0.251647,1.52129,0.00214369,0,0,0,0,3,9,0,0,0,0,0,traj_sz=100
0.752182,0.251647,1.52129,0.00214369,0.366827,1.51413,-0.157841,0.111273,3,9,0.115164,0.00115083,-0.103611,2.25487,0,0.752182
0.772027,0.251647,1.52129,0.00214369,0,0,0,0,3,9,0,0,0,0,0,traj_sz=100
0.772119,0.251647,1.52129,0.00214369,0.366827,1.51413,-0.157841,0.111273,3,9,0.115164,0.00162453,-0.103611,2.25487,0,0.772119
0.79198,0.251647,1.52129,0.00214369,0,0,0,0,3,9,0,0,0,0,0,traj_sz=100
0.792238,0.251647,1.52129,0.00214369,0.366827,1.51413,-0.157841,0.111273,3,9,0.115164,0.00210155,-0.103611,2.25487,0,0.792238
0.812124,0.251647,1.52129,0.00214369,0,0,0,0,3,9,0,0,0,0,0,traj_sz=100
0.81221,0.251647,1.52129,0.00214369,0.366827,1.51413,-0.157841,0.111273,3,9,0.115164,0.00257633,-0.103611,2.25487,0,0.81221
0.831895,0.251647,1.52129,0.00214369,0,0,0,0,3,9,0,0,0,0,0,traj_sz=100
0.831987,0.251647,1.52129,0.00214369,0.366827,1.51413,-0.157841,0.111273,3,9,0.115164,0.00304539,-0.103611,2.25487,0,0.831987
0.85201,0.251647,1.52129,0.00214369,0,0,0,0,3,9,0,0,0,0,0,traj_sz=100
0.852187,0.251647,1.52129,0.00214369,0.366827,1.51413,-0.157841,0.111273,3,9,0.115164,0.00352496,-0.103611,2.25487,0,0.852187
0.872057,0.251647,1.52129,0.00214369,0,0,0,0,3,9,0,0,0,0,0,traj_sz=100
0.872163,0.251647,1.52129,0.00214369,0.366827,1.51413,-0.157841,0.111273,3,9,0.115164,0.00399942,-0.103611,2.25487,0,0.872163
0.89198,0.251647,1.52129,0.00214369,0,0,0,0,3,9,0,0,0,0,0,traj_sz=100
0.892096,0.251647,1.52129,0.00214369,0.366827,1.51413,-0.157841,0.111273,3,9,0.115164,0.00447248,-0.103611,2.25487,0,0.892096
0.911936,0.251647,1.52129,0.00214369,0,0,0,0,3,9,0,0,0,0,0,traj_sz=100
0.912089,0.251647,1.52129,0.00214369,0.366827,1.51413,-0.157841,0.111273,3,9,0.115164,0.00494715,-0.103611,2.25487,0,0.912089
0.932008,0.251647,1.52129,0.00214369,0,0,0,0,3,9,0,0,0,0,0,traj_sz=100
0.93211,0.251647,1.52129,0.00214369,0.366827,1.51413,-0.157841,0.111273,3,9,0.115164,0.00542248,-0.103611,2.25487,0,0.93211
0.951963,0.251647,1.52129,0.00214369,0,0,0,0,3,9,0,0,0,0,0,traj_sz=100
0.952232,0.251647,1.52129,0.00214369,0.366827,1.51413,-0.157841,0.111273,3,9,0.115164,0.00589871,-0.103611,2.25487,0,0.952232
0.972034,0.251647,1.52129,0.00214369,0,0,0,0,3,9,0,0,0,0,0,traj_sz=100
0.972121,0.251647,1.52129,0.00214369,0.366827,1.51413,-0.157841,0.111273,3,9,0.115164,0.00637232,-0.103611,2.25487,0,0.972121
0.992004,0.251647,1.52129,0.00214369,0,0,0,0,3,9,0,0,0,0,0,traj_sz=100
0.992087,0.251647,1.52129,0.00214369,0.366827,1.51413,-0.157841,0.111273,3,9,0.115164,0.00684639,-0.103611,2.25487,0,0.992087
1.01204,0.251647,1.52129,0.00214369,0,0,0,0,3,9,0,0,0,0,0,traj_sz=100
1.01226,0.251647,1.52129,0.00214369,0.366827,1.51413,-0.157841,0.111273,3,9,0.115164,0.00732467,-0.103611,2.25487,0,1.01226
1.03224,0.251647,1.52129,0.00214369,0,0,0,0,3,9,0,0,0,0,0,traj_sz=100
1.03236,0.251647,1.52129,0.00214369,0.366827,1.51413,-0.157841,0.111273,3,9,0.115164,0.00780229,-0.103611,2.25487,0,1.03236
1.05229,0.251647,1.52129,0.00214369,0,0,0,0,3,9,0,0,0,0,0,traj_sz=100
1.05244,0.251647,1.52129,0.00214369,0.366827,1.51413,-0.157841,0.111273,3,9,0.115164,0.00827897,-0.103611,2.25487,0,1.05244
1.07199,0.251647,1.52129,0.00214369,0,0,0,0,3,9,0,0,0,0,0,traj_sz=100
1.0721,0.251647,1.52129,0.00214369,0.366827,1.51413,-0.157841,0.111273,3,9,0.115164,0.00874568,-0.103611,2.25487,0,1.0721
1.09199,0.251647,1.52129,0.00214369,0,0,0,0,3,9,0,0,0,0,0,traj_sz=100
1.09211,0.251647,1.52129,0.00214369,0.366827,1.51413,-0.157841,0.111273,3,9,0.115164,0.00922041,-0.103611,2.25487,0,1.09211
1.11217,0.251647,1.52129,0.00214369,0,0,0,0,3,9,0,0,0,0,0,traj_sz=100
1.11228,0.251647,1.52129,0.00214369,0.366827,1.51413,-0.157841,0.111273,3,9,0.115164,0.00997406,-0.103611,2.25487,0,1.11228
1.13202,0.251647,1.52129,0.00214369,0,0,0,0,3,9,0,0,0,0,0,traj_sz=100
1.13211,0.251647,1.52129,0.00214369,0.366827,1.51413,-0.157841,0.111273,3,9,0.115164,0.010912,-0.103611,2.25487,0,1.13211
1.15211,0.251647,1.52129,0.00214369,0,0,0,0,3,9,0,0,0,0,0,traj_sz=100
1.15232,0.251647,1.52129,0.00214369,0.366827,1.51413,-0.157841,0.111273,3,9,0.115164,0.0118668,-0.103611,2.25487,0,1.15232
1.17192,0.251647,1.52129,0.00214369,0,0,0,0,3,9,0,0,0,0,0,traj_sz=100
1.17206,0.251647,1.52129,0.00214369,0.366827,1.51413,-0.157841,0.111273,3,9,0.115164,0.0128017,-0.103611,2.25487,0,1.17206
1.19204,0.251647,1.52129,0.00214369,0,0,0,0,3,9,0,0,0,0,0,traj_sz=100
1.19212,0.251647,1.52129,0.00214369,0.366827,1.51413,-0.157841,0.111273,3,9,0.115164,0.0137507,-0.103611,2.25487,0,1.19212
1.21193,0.251647,1.52129,0.00214369,0,0,0,0,3,9,0,0,0,0,0,traj_sz=100
1.21203,0.251647,1.52129,0.00214369,0.366827,1.51413,-0.157841,0.111273,3,9,0.115164,0.0146918,-0.103611,2.25487,0,1.21203
1.23202,0.251647,1.52129,0.00214369,0,0,0,0,3,9,0,0,0,0,0,traj_sz=100
1.23219,0.251647,1.52129,0.00214369,0.366827,1.51413,-0.157841,0.111273,3,9,0.115164,0.0156455,-0.103611,2.25487,0,1.23219
1.252,0.251647,1.52129,0.00214369,0,0,0,0,3,9,0,0,0,0,0,traj_sz=100
1.25208,0.251647,1.52129,0.00214369,0.366827,1.51413,-0.157841,0.111273,3,9,0.115164,0.0165862,-0.103611,2.25487,0,1.25208
1.27193,0.251647,1.52129,0.00214369,0,0,0,0,3,9,0,0,0,0,0,traj_sz=100
1.27216,0.251647,1.52129,0.00214369,0.366827,1.51413,-0.157841,0.111273,3,9,0.115164,0.0175334,-0.103611,2.25487,0,1.27216
1.29196,0.251647,1.52129,0.00214369,0,0,0,0,3,9,0,0,0,0,0,traj_sz=100
1.29205,0.251647,1.52129,0.00214369,0.366827,1.51413,-0.157841,0.111273,3,9,0.115164,0.0184767,-0.103611,2.25487,0,1.29205
1.31198,0.251647,1.52129,0.00214369,0,0,0,0,3,9,0,0,0,0,0,traj_sz=100
1.31211,0.251647,1.52129,0.00214369,0.366827,1.51413,-0.157841,0.111273,3,9,0.115164,0.019425,-0.103611,2.25487,0,1.31211
1.33197,0.251647,1.52129,0.00214369,0,0,0,0,3,9,0,0,0,0,0,traj_sz=100
1.33217,0.251647,1.52129,0.00214369,0.366827,1.51413,-0.157841,0.111273,3,9,0.115164,0.0203732,-0.103611,2.25487,0,1.33217
1.3521,0.251647,1.52129,0.00214369,0,0,0,0,3,9,0,0,0,0,0,traj_sz=100
1.3522,0.251647,1.52129,0.00214369,0.366827,1.51413,-0.157841,0.111273,3,9,0.115164,0.0213214,-0.103611,2.25487,0,1.3522
1.37207,0.251647,1.52129,0.00214369,0,0,0,0,3,9,0,0,0,0,0,traj_sz=100
1.37217,0.251647,1.52129,0.00214369,0.366827,1.51413,-0.157841,0.111273,3,9,0.115164,0.0222659,-0.103611,2.25487,0,1.37217
1.392,0.251647,1.52129,0.00214369,0,0,0,0,3,9,0,0,0,0,0,traj_sz=100
1.39215,0.251647,1.52129,0.00214369,0.366827,1.51413,-0.157841,0.111273,3,9,0.115164,0.0232106,-0.103611,2.25487,0,1.39215
1.4121,0.251648,1.52132,0.00303259,0,0,0,0,3,9,0,0,0,0,0,traj_sz=100
1.4122,0.251648,1.52132,0.00303259,0.366827,1.51413,-0.157841,0.111273,3,9,0.115157,0.0241587,-0.110405,2.25487,0,1.4122
1.43202,0.251648,1.52132,0.00303259,0,0,0,0,3,9,0,0,0,0,0,traj_sz=100
1.43236,0.251648,1.52132,0.00303259,0.366827,1.51413,-0.157841,0.111273,3,9,0.115157,0.0251114,-0.110405,2.25487,0,1.43236
1.45205,0.251648,1.52132,0.00303259,0,0,0,0,3,9,0,0,0,0,0,traj_sz=100
1.45215,0.251648,1.52132,0.00303259,0.366827,1.51413,-0.157841,0.111273,3,9,0.115157,0.0260475,-0.110405,2.25487,0,1.45215
1.47202,0.251648,1.52132,0.00303259,0,0,0,0,3,9,0,0,0,0,0,traj_sz=100
1.47211,0.251648,1.52132,0.00303259,0.366827,1.51413,-0.157841,0.111273,3,9,0.115157,0.02711,-0.110405,2.25487,0,1.47211
1.49197,0.251648,1.52132,0.00303259,0,0,0,0,3,9,0,0,0,0,0,traj_sz=100
1.49209,0.251648,1.52132,0.00303259,0.366827,1.51413,-0.157841,0.111273,3,9,0.115157,0.0285604,-0.110405,2.25487,0,1.49209
1.51203,0.251648,1.52132,0.00303259,0,0,0,0,3,9,0,0,0,0,0,traj_sz=100
1.51212,0.251648,1.52132,0.00303259,0.366827,1.51413,-0.157841,0.111273,3,9,0.115157,0.0300181,-0.110405,2.25487,0,1.51212
1.53203,0.251648,1.52132,0.00303259,0,0,0,0,3,9,0,0,0,0,0,traj_sz=100
1.53214,0.251648,1.52132,0.00303259,0.366827,1.51413,-0.157841,0.111273,3,9,0.115157,0.031473,-0.110405,2.25487,0,1.53214
1.55199,0.251648,1.52132,0.00303259,0,0,0,0,3,9,0,0,0,0,0,traj_sz=100
1.5522,0.251648,1.52132,0.00303259,0.366827,1.51413,-0.157841,0.111273,3,9,0.115157,0.0329308,-0.110405,2.25487,0,1.5522
1.57193,0.251648,1.52132,0.00303259,0,0,0,0,3,9,0,0,0,0,0,traj_sz=100
1.57209,0.251648,1.52132,0.00303259,0.366827,1.51413,-0.157841,0.111273,3,9,0.115157,0.0343769,-0.110405,2.25487,0,1.57209
1.59199,0.251648,1.52132,0.00303259,0,0,0,0,3,9,0,0,0,0,0,traj_sz=100
1.59213,0.251648,1.52132,0.00303259,0.366827,1.51413,-0.157841,0.111273,3,9,0.115157,0.0358335,-0.110405,2.25487,0,1.59213
1.61199,0.251868,1.52141,0.00206293,0,0,0,0,3,9,0,0,0,0,0,traj_sz=100
1.61207,0.251868,1.52141,0.00206293,0.366827,1.51413,-0.157841,0.111273,3,9,0.114944,0.037064,-0.104742,2.25466,0,1.61207
1.63204,0.252275,1.52128,0.00344527,0,0,0,0,3,9,0,0,0,0,0,traj_sz=100
1.63216,0.252275,1.52128,0.00344527,0.366827,1.51413,-0.157841,0.111273,3,9,0.114527,0.0381167,-0.112816,2.25424,0,1.63216
1.65199,0.252521,1.5214,0.00212085,0,0,0,0,3,9,0,0,0,0,0,traj_sz=100
1.65219,0.252521,1.5214,0.00212085,0.366827,1.51413,-0.157841,0.111273,3,9,0.11429,0.0393253,-0.105081,2.25401,0,1.65219
1.67202,0.253348,1.52137,0.00241561,0,0,0,0,3,9,0,0,0,0,0,traj_sz=100
1.67212,0.253348,1.52137,0.00241561,0.366827,1.51413,-0.157841,0.111273,4,9,0.113461,0.0399487,-0.153546,2.25318,0,1.67212
1.69201,0.253858,1.52137,0.00243436,0,0,0,0,4,9,0,0,0,0,0,traj_sz=100
1.6921,0.253858,1.52137,0.00243436,0.366827,1.51413,-0.157841,0.111273,4,9,0.112951,0.040891,-0.15367,2.25267,0,1.6921
1.7119,0.254364,1.52142,0.00190698,0,0,0,0,4,9,0,0,0,0,0,traj_sz=100
1.712,0.254364,1.52142,0.00190698,0.366827,1.51413,-0.157841,0.111273,4,9,0.112449,0.0418325,-0.150607,2.25217,0,1.712
1.73206,0.254686,1.5214,0.0021484,0,0,0,0,4,9,0,0,0,0,0,traj_sz=100
1.73218,0.254686,1.5214,0.0021484,0.366827,1.51413,-0.157841,0.111273,4,9,0.112125,0.0429764,-0.15203,2.25185,0,1.73218
1.75196,0.255365,1.52142,0.00197166,0,0,0,0,4,9,0,0,0,0,0,traj_sz=100
1.75216,0.255365,1.52142,0.00197166,0.366827,1.51413,-0.157841,0.111273,4,9,0.111448,0.04375,-0.151019,2.25117,0,1.75216
1.77197,0.256474,1.52141,0.00206463,0,0,0,0,4,9,0,0,0,0,0,traj_sz=100
1.77207,0.256474,1.52141,0.00206463,0.366827,1.51413,-0.157841,0.111273,4,9,0.110338,0.0440892,-0.151596,2.25006,0,1.77207
1.792,0.256844,1.52139,0.00222045,0,0,0,0,4,9,0,0,0,0,0,traj_sz=100
1.79209,0.256844,1.52139,0.00222045,0.366827,1.51413,-0.157841,0.111273,4,9,0.109967,0.0451749,-0.152521,2.24969,0,1.79209
1.81193,0.257797,1.52151,0.000888924,0,0,0,0,4,9,0,0,0,0,0,traj_sz=100
1.81209,0.257797,1.52151,0.000888924,0.366827,1.51413,-0.157841,0.111273,4,9,0.109023,0.0456753,-0.144774,2.24875,0,1.81209
1.83204,0.258995,1.52131,0.00315549,0,0,0,0,4,9,0,0,0,0,0,traj_sz=100
1.83219,0.258995,1.52131,0.00315549,0.366827,1.51413,-0.157841,0.111273,5,9,0.107809,0.0459374,-0.240959,2.24754,0,1.83219
1.85198,0.259273,1.52147,0.00131413,0,0,0,0,5,9,0,0,0,0,0,traj_sz=100
1.85205,0.259273,1.52147,0.00131413,0.366827,1.51413,-0.157841,0.111273,5,9,0.107544,0.0475206,-0.230242,2.24728,0,1.85205
1.87189,0.260886,1.52158,0.000133561,0,0,0,0,5,9,0,0,0,0,0,traj_sz=100
1.87196,0.260886,1.52158,0.000133561,0.366827,1.51413,-0.157841,0.111273,5,9,0.10594,0.0478223,-0.223564,2.24568,0,1.87196
1.89199,0.261651,1.52148,0.000320652,0,0,0,0,5,9,0,0,0,0,0,traj_sz=100
1.8921,0.261651,1.52148,0.000320652,0.366827,1.51413,-0.157841,0.111273,5,9,0.105173,0.0489922,-0.223549,2.24491,0,1.8921
1.91195,0.262457,1.52149,-0.00116906,0,0,0,0,5,9,0,0,0,0,0,traj_sz=100
1.91204,0.262457,1.52149,-0.00116906,0.366827,1.51413,-0.157841,0.111273,5,9,0.104378,0.0501041,-0.21295,2.2441,0,1.91204
1.9321,0.263328,1.52145,-0.000802136,0,0,0,0,5,9,0,0,0,0,0,traj_sz=100
1.93221,0.263328,1.52145,-0.000802136,0.366827,1.51413,-0.157841,0.111273,5,9,0.103504,0.051171,-0.215211,2.24323,0,1.93221
1.95208,0.263696,1.52145,-0.000799538,0,0,0,0,5,9,0,0,0,0,0,traj_sz=100
1.9522,0.263696,1.52145,-0.000799538,0.366827,1.51413,-0.157841,0.111273,5,9,0.103137,0.0527259,-0.215317,2.24287,0,1.9522
1.97201,0.265291,1.52154,-0.00178602,0,0,0,0,5,9,0,0,0,0,0,traj_sz=100
1.97226,0.265291,1.52154,-0.00178602,0.366827,1.51413,-0.157841,0.111273,5,9,0.101549,0.0530577,-0.209762,2.24128,0,1.97226
1.992,0.265577,1.52136,-0.000744589,0,0,0,0,5,9,0,0,0,0,0,traj_sz=100
1.99218,0.265577,1.52136,-0.000744589,0.366827,1.51413,-0.157841,0.111273,5,9,0.101255,0.0546856,-0.214577,2.24098,0,1.99218
2.0121,0.266689,1.52142,-0.0022582,0,0,0,0,5,9,0,0,0,0,0,traj_sz=100
2.01231,0.266689,1.52142,-0.0022582,0.366827,1.51413,-0.157841,0.111273,5,9,0.100154,0.0555096,-0.204639,2.23988,0,2.01231
2.03205,0.267909,1.52176,-0.0060247,0,0,0,0,5,9,0,0,0,0,0,traj_sz=100
2.03221,0.267909,1.52176,-0.0060247,0.366827,1.51413,-0.157841,0.111273,5,9,0.0989621,0.0562102,-0.182778,2.23869,0,2.03221
2.05204,0.268432,1.52147,-0.0042462,0,0,0,0,5,9,0,0,0,0,0,traj_sz=100
2.05217,0.268432,1.52147,-0.0042462,0.366827,1.51413,-0.157841,0.111273,5,9,0.0984258,0.0576027,-0.191367,2.23815,0,2.05217
2.07207,0.270225,1.52135,-0.00559583,0,0,0,0,5,9,0,0,0,0,0,traj_sz=100
2.07217,0.270225,1.52135,-0.00559583,0.366827,1.51413,-0.157841,0.111273,5,9,0.0966411,0.0577313,-0.180113,2.23635,0,2.07217
2.09209,0.270951,1.52154,-0.00872776,0,0,0,0,5,9,0,0,0,0,0,traj_sz=100
2.09217,0.270951,1.52154,-0.00872776,0.366827,1.51413,-0.157841,0.111273,5,9,0.0959371,0.058932,-0.160427,2.23564,0,2.09217
2.11199,0.272178,1.52195,-0.0119403,0,0,0,0,5,9,0,0,0,0,0,traj_sz=100
2.11207,0.272178,1.52195,-0.0119403,0.366827,1.51413,-0.157841,0.111273,6,9,0.0947357,0.0596277,-0.291677,2.23445,0,2.11207
2.13199,0.273338,1.52202,-0.0126702,0,0,0,0,6,9,0,0,0,0,0,traj_sz=100
2.13222,0.273338,1.52202,-0.0126702,0.366827,1.51413,-0.157841,0.111273,6,9,0.0935814,0.0604035,-0.287844,2.2333,0,2.13222
2.15195,0.274161,1.52194,-0.0139936,0,0,0,0,6,9,0,0,0,0,0,traj_sz=100
2.15209,0.274161,1.52194,-0.0139936,0.366827,1.51413,-0.157841,0.111273,6,9,0.092766,0.061492,-0.277423,2.23247,0,2.15209
2.17196,0.275838,1.52195,-0.0154435,0,0,0,0,6,9,0,0,0,0,0,traj_sz=100
2.17207,0.275838,1.52195,-0.0154435,0.366827,1.51413,-0.157841,0.111273,6,9,0.0910988,0.061737,-0.267862,2.2308,0,2.17207
2.192,0.27645,1.52204,-0.0173295,0,0,0,0,6,9,0,0,0,0,0,traj_sz=100
2.19217,0.27645,1.52204,-0.0173295,0.366827,1.51413,-0.157841,0.111273,6,9,0.0905007,0.0630603,-0.255819,2.2302,0,2.19217
2.21202,0.277613,1.52187,-0.0183329,0,0,0,0,6,9,0,0,0,0,0,traj_sz=100
2.21212,0.277613,1.52187,-0.0183329,0.366827,1.51413,-0.157841,0.111273,6,9,0.0893409,0.0640166,-0.246505,2.22902,0,2.21212
2.23201,0.278893,1.52203,-0.0211081,0,0,0,0,6,9,0,0,0,0,0,traj_sz=100
2.23214,0.278893,1.52203,-0.0211081,0.366827,1.51413,-0.157841,0.111273,6,9,0.0880811,0.0650421,-0.229438,2.22776,0,2.23214
2.25201,0.279292,1.52189,-0.0195057,0,0,0,0,6,9,0,0,0,0,0,traj_sz=100
2.25211,0.279292,1.52189,-0.0195057,0.366827,1.51413,-0.157841,0.111273,6,9,0.0876695,0.0669346,-0.238927,2.22735,0,2.25211
2.27195,0.281561,1.52194,-0.0233289,0,0,0,0,6,9,0,0,0,0,0,traj_sz=100
2.27231,0.281561,1.52194,-0.0233289,0.366827,1.51413,-0.157841,0.111273,6,9,0.0854254,0.0669884,-0.21307,2.22509,0,2.27231
2.29196,0.282367,1.52203,-0.0242687,0,0,0,0,6,9,0,0,0,0,0,traj_sz=100
2.29214,0.282367,1.52203,-0.0242687,0.366827,1.51413,-0.157841,0.111273,6,9,0.084627,0.0684644,-0.20788,2.2243,0,2.29214
2.31204,0.283766,1.5219,-0.0278414,0,0,0,0,6,9,0,0,0,0,0,traj_sz=100
2.31217,0.283766,1.5219,-0.0278414,0.366827,1.51413,-0.157841,0.111273,6,9,0.0832457,0.0693664,-0.180801,2.22289,0,2.31217
2.33199,0.284311,1.52176,-0.0262249,0,0,0,0,6,9,0,0,0,0,0,traj_sz=100
2.33211,0.284311,1.52176,-0.0262249,0.366827,1.51413,-0.157841,0.111273,6,9,0.082688,0.0711078,-0.190458,2.22234,0,2.33211
2.3521,0.285842,1.52235,-0.0313683,0,0,0,0,6,9,0,0,0,0,0,traj_sz=100
2.35224,0.285842,1.52235,-0.0313683,0.366827,1.51413,-0.157841,0.111273,6,9,0.0812031,0.0719122,-0.162924,2.22086,0,2.35224
2.37206,0.287857,1.52242,-0.0350538,0,0,0,0,6,9,0,0,0,0,0,traj_sz=100
2.37212,0.287857,1.52242,-0.0350538,0.407142,1.50772,-0.229918,0.119998,6,10,0.119727,0.0721873,-0.138179,2.21885,0,2.37212
2.39197,0.288371,1.52253,-0.0361939,0,0,0,0,6,10,0,0,0,0,0,traj_sz=100
2.39215,0.288371,1.52253,-0.0361939,0.407142,1.50772,-0.229918,0.119998,6,10,0.119229,0.0739794,-0.13171,2.21835,0,2.39215
2.41195,0.28995,1.52235,-0.0375952,0,0,0,0,6,10,0,0,0,0,0,traj_sz=100
2.41206,0.28995,1.52235,-0.0375952,0.407142,1.50772,-0.229918,0.119998,6,10,0.117658,0.0746843,-0.119497,2.21676,0,2.41206
2.43193,0.291466,1.52238,-0.0403078,0,0,0,0,6,10,0,0,0,0,0,traj_sz=100
2.43203,0.291466,1.52238,-0.0403078,0.407142,1.50772,-0.229918,0.119998,7,10,0.116172,0.0754672,-0.338501,2.21525,0,2.43203
2.45199,0.292222,1.52242,-0.0416714,0,0,0,0,7,10,0,0,0,0,0,traj_sz=100
2.45218,0.292222,1.52242,-0.0416714,0.407142,1.50772,-0.229918,0.119998,7,10,0.115433,0.0770296,-0.329845,2.2145,0,2.45218
2.47206,0.294778,1.52229,-0.0446282,0,0,0,0,7,10,0,0,0,0,0,traj_sz=100
2.47217,0.294778,1.52229,-0.0446282,0.407142,1.50772,-0.229918,0.119998,7,10,0.112902,0.0767698,-0.308809,2.21194,0,2.47217
2.49199,0.29567,1.5223,-0.0458265,0,0,0,0,7,10,0,0,0,0,0,traj_sz=100
2.49208,0.29567,1.5223,-0.0458265,0.407142,1.50772,-0.229918,0.119998,7,10,0.112023,0.0781689,-0.301025,2.21105,0,2.49208
2.51212,0.297297,1.52246,-0.0507567,0,0,0,0,7,10,0,0,0,0,0,traj_sz=100
2.51224,0.297297,1.52246,-0.0507567,0.407142,1.50772,-0.229918,0.119998,7,10,0.110451,0.0788695,-0.269159,2.20944,0,2.51224
2.53196,0.298821,1.52229,-0.0525336,0,0,0,0,7,10,0,0,0,0,0,traj_sz=100
2.53207,0.298821,1.52229,-0.0525336,0.407142,1.50772,-0.229918,0.119998,7,10,0.108937,0.0796187,-0.255054,2.20791,0,2.53207
2.55202,0.299729,1.52235,-0.0531781,0,0,0,0,7,10,0,0,0,0,0,traj_sz=100
2.55218,0.299729,1.52235,-0.0531781,0.407142,1.50772,-0.229918,0.119998,7,10,0.108039,0.0810257,-0.252028,2.20701,0,2.55218
2.57198,0.301845,1.52238,-0.0569783,0,0,0,0,7,10,0,0,0,0,0,traj_sz=100
2.57207,0.301845,1.52238,-0.0569783,0.407142,1.50772,-0.229918,0.119998,7,10,0.105961,0.0812539,-0.226878,2.2049,0,2.57207
2.59194,0.302732,1.52241,-0.0582466,0,0,0,0,7,10,0,0,0,0,0,traj_sz=100
2.59207,0.302732,1.52241,-0.0582466,0.407142,1.50772,-0.229918,0.119998,7,10,0.105088,0.0829257,-0.218896,2.20402,0,2.59207
2.61192,0.304239,1.52224,-0.0580418,0,0,0,0,7,10,0,0,0,0,0,traj_sz=100
2.6121,0.304239,1.52224,-0.0580418,0.407142,1.50772,-0.229918,0.119998,7,10,0.103571,0.0839672,-0.219035,2.20251,0,2.6121
2.63206,0.306121,1.5223,-0.0628378,0,0,0,0,7,10,0,0,0,0,0,traj_sz=100
2.63218,0.306121,1.5223,-0.0628378,0.407142,1.50772,-0.229918,0.119998,7,10,0.101738,0.0846631,-0.187053,2.20064,0,2.63218
2.65201,0.307082,1.52236,-0.0642548,0,0,0,0,7,10,0,0,0,0,0,traj_sz=100
2.65213,0.307082,1.52236,-0.0642548,0.407142,1.50772,-0.229918,0.119998,7,10,0.100794,0.0862581,-0.178451,2.19968,0,2.65213
2.67193,0.309935,1.52232,-0.0689009,0,0,0,0,7,10,0,0,0,0,0,traj_sz=100
2.67204,0.309935,1.52232,-0.0689009,0.407142,1.50772,-0.229918,0.119998,7,10,0.0979814,0.0859545,-0.146734,2.19683,0,2.67204
2.69192,0.311,1.52212,-0.0696307,0,0,0,0,7,10,0,0,0,0,0,traj_sz=100
2.69204,0.311,1.52212,-0.0696307,0.407142,1.50772,-0.229918,0.119998,7,10,0.0969108,0.0874346,-0.139327,2.19576,0,2.69204
2.71196,0.313035,1.52225,-0.0731568,0,0,0,0,7,10,0,0,0,0,0,traj_sz=100
2.71222,0.313035,1.52225,-0.0731568,0.407142,1.50772,-0.229918,0.119998,7,10,0.0949173,0.0879894,-0.117572,2.19374,0,2.71222
2.73203,0.314057,1.52227,-0.0744439,0,0,0,0,7,10,0,0,0,0,0,traj_sz=100
2.73212,0.314057,1.52227,-0.0744439,0.407142,1.50772,-0.229918,0.119998,7,10,0.0939095,0.0895209,-0.109384,2.19272,0,2.73212
2.75207,0.316149,1.52175,-0.0756973,0,0,0,0,7,10,0,0,0,0,0,traj_sz=100
2.7522,0.316149,1.52175,-0.0756973,0.407142,1.50772,-0.229918,0.119998,7,10,0.0917934,0.0899614,-0.0942445,2.19059,0,2.7522
2.77208,0.319188,1.52167,-0.0803878,0,0,0,0,7,10,0,0,0,0,0,traj_sz=100
2.77224,0.319188,1.52167,-0.0803878,0.407142,1.50772,-0.229918,0.119998,8,10,0.0887908,0.0894841,-0.3491,2.18756,0,2.77224
2.79201,0.320103,1.52175,-0.0824158,0,0,0,0,8,10,0,0,0,0,0,traj_sz=100
2.79218,0.320103,1.52175,-0.0824158,0.407142,1.50772,-0.229918,0.119998,8,10,0.0878992,0.0911306,-0.3491,2.18665,0,2.79218
2.81201,0.32217,1.52181,-0.0855739,0,0,0,0,8,10,0,0,0,0,0,traj_sz=100
2.81221,0.32217,1.52181,-0.0855739,0.407142,1.50772,-0.229918,0.119998,8,10,0.0858652,0.0916301,-0.3491,2.1846,0,2.81221
2.83195,0.324231,1.52129,-0.085519,0,0,0,0,8,10,0,0,0,0,0,traj_sz=100
2.83216,0.324231,1.52129,-0.085519,0.407142,1.50772,-0.229918,0.119998,8,10,0.0837665,0.0920848,-0.3491,2.1825,0,2.83216
2.85206,0.32515,1.5213,-0.087259,0,0,0,0,8,10,0,0,0,0,0,traj_sz=100
2.85219,0.32515,1.5213,-0.087259,0.407142,1.50772,-0.229918,0.119998,8,10,0.0828634,0.0937326,-0.3491,2.18159,0,2.85219
2.87199,0.328185,1.52119,-0.0924558,0,0,0,0,8,10,0,0,0,0,0,traj_sz=100
2.87231,0.328185,1.52119,-0.0924558,0.407142,1.50772,-0.229918,0.119998,8,10,0.0798637,0.093246,-0.316384,2.17855,0,2.87231
2.89202,0.32921,1.52131,-0.0947642,0,0,0,0,8,10,0,0,0,0,0,traj_sz=100
2.8921,0.32921,1.52131,-0.0947642,0.450007,1.49768,-0.311589,0.124492,8,11,0.122491,0.0947925,-0.30302,2.17754,0,2.8921
2.91202,0.33128,1.52134,-0.096339,0,0,0,0,8,11,0,0,0,0,0,traj_sz=100
2.91209,0.33128,1.52134,-0.096339,0.450007,1.49768,-0.311589,0.124492,8,11,0.120453,0.0952901,-0.295283,2.17548,0,2.91209
2.93207,0.333059,1.52119,-0.0990115,0,0,0,0,8,11,0,0,0,0,0,traj_sz=100
2.93236,0.333059,1.52119,-0.0990115,0.450007,1.49768,-0.311589,0.124492,8,11,0.118699,0.0960837,-0.276331,2.17369,0,2.93236
2.95199,0.333993,1.5208,-0.0988725,0,0,0,0,8,11,0,0,0,0,0,traj_sz=100
2.95209,0.333993,1.5208,-0.0988725,0.450007,1.49768,-0.311589,0.124492,8,11,0.11773,0.0977622,-0.27288,2.17273,0,2.95209
2.97204,0.337064,1.52067,-0.103735,0,0,0,0,8,11,0,0,0,0,0,traj_sz=100
2.97215,0.337064,1.52067,-0.103735,0.450007,1.49768,-0.311589,0.124492,8,11,0.114716,0.0973917,-0.240445,2.16966,0,2.97215
2.99219,0.338068,1.52056,-0.105382,0,0,0,0,8,11,0,0,0,0,0,traj_sz=100
2.99249,0.338068,1.52056,-0.105382,0.450007,1.49768,-0.311589,0.124492,8,11,0.113725,0.0991193,-0.228534,2.16865,0,2.99249
3.01199,0.340124,1.52068,-0.111438,0,0,0,0,8,11,0,0,0,0,0,traj_sz=100
3.0121,0.340124,1.52068,-0.111438,0.450007,1.49768,-0.311589,0.124492,8,11,0.11176,0.099726,-0.189761,2.16661,0,3.0121
3.03195,0.341993,1.52053,-0.114827,0,0,0,0,8,11,0,0,0,0,0,traj_sz=100
3.03214,0.341993,1.52053,-0.114827,0.450007,1.49768,-0.311589,0.124492,8,11,0.109921,0.100548,-0.165859,2.16473,0,3.03214
3.05201,0.3431,1.52055,-0.117646,0,0,0,0,8,11,0,0,0,0,0,traj_sz=100
3.05209,0.3431,1.52055,-0.117646,0.450007,1.49768,-0.311589,0.124492,8,11,0.108852,0.102138,-0.147476,2.16363,0,3.05209
3.072,0.34618,1.5201,-0.121046,0,0,0,0,8,11,0,0,0,0,0,traj_sz=100
3.07212,0.34618,1.5201,-0.121046,0.450007,1.49768,-0.311589,0.124492,8,11,0.105775,0.101722,-0.12088,2.16053,0,3.07212
3.09198,0.347276,1.51985,-0.123033,0,0,0,0,8,11,0,0,0,0,0,traj_sz=100
3.09215,0.347276,1.51985,-0.123033,0.450007,1.49768,-0.311589,0.124492,8,11,0.104675,0.103296,-0.104342,2.15941,0,3.09215
3.11194,0.349636,1.5194,-0.125723,0,0,0,0,8,11,0,0,0,0,0,traj_sz=100
3.11206,0.349636,1.5194,-0.125723,0.450007,1.49768,-0.311589,0.124492,9,11,0.102303,0.103577,-0.3491,2.15703,0,3.11206
3.13206,0.350851,1.51953,-0.128452,0,0,0,0,9,11,0,0,0,0,0,traj_sz=100
3.13229,0.350851,1.51953,-0.128452,0.450007,1.49768,-0.311589,0.124492,9,11,0.101138,0.105109,-0.3491,2.15583,0,3.13229
3.15198,0.353236,1.51945,-0.133067,0,0,0,0,9,11,0,0,0,0,0,traj_sz=100
3.15208,0.353236,1.51945,-0.133067,0.450007,1.49768,-0.311589,0.124492,9,11,0.0988041,0.1054,-0.3491,2.15344,0,3.15208
3.17213,0.356869,1.51891,-0.136819,0,0,0,0,9,11,0,0,0,0,0,traj_sz=100
3.17225,0.356869,1.51891,-0.136819,0.450007,1.49768,-0.311589,0.124492,9,11,0.0951637,0.10444,-0.3491,2.14978,0,3.17225
3.19203,0.358149,1.5188,-0.140235,0,0,0,0,9,11,0,0,0,0,0,traj_sz=100
3.19212,0.358149,1.5188,-0.140235,0.450007,1.49768,-0.311589,0.124492,9,11,0.093909,0.105832,-0.3491,2.14849,0,3.19212
3.212,0.36058,1.51865,-0.144598,0,0,0,0,9,11,0,0,0,0,0,traj_sz=100
3.21211,0.36058,1.51865,-0.144598,0.450007,1.49768,-0.311589,0.124492,9,11,0.0915158,0.106091,-0.3491,2.14606,0,3.21211
3.23194,0.361755,1.51874,-0.146525,0,0,0,0,9,11,0,0,0,0,0,traj_sz=100
3.23202,0.361755,1.51874,-0.146525,0.450007,1.49768,-0.311589,0.124492,9,11,0.090381,0.10762,-0.3491,2.14489,0,3.23202
3.25204,0.364177,1.51826,-0.147586,0,0,0,0,9,11,0,0,0,0,0,traj_sz=100
3.2522,0.364177,1.51826,-0.147586,0.450007,1.49768,-0.311589,0.124492,9,11,0.0879233,0.107866,-0.3491,2.14244,0,3.2522
3.27198,0.367396,1.51807,-0.153724,0,0,0,0,9,11,0,0,0,0,0,traj_sz=100
3.27215,0.367396,1.51807,-0.153724,0.450007,1.49768,-0.311589,0.124492,9,11,0.0847592,0.107336,-0.331663,2.13922,0,3.27215
3.29203,0.368496,1.51766,-0.153202,0,0,0,0,9,11,0,0,0,0,0,traj_sz=100
3.29212,0.368496,1.51766,-0.153202,0.450007,1.49768,-0.311589,0.124492,9,11,0.083605,0.108873,-0.331955,2.13809,0,3.29212
3.31212,0.370615,1.51746,-0.156678,0,0,0,0,9,11,0,0,0,0,0,traj_sz=100
3.31224,0.370615,1.51746,-0.156678,0.450007,1.49768,-0.311589,0.124492,9,11,0.0815059,0.109468,-0.308981,2.13596,0,3.31224
3.33208,0.371865,1.5173,-0.159044,0,0,0,0,9,11,0,0,0,0,0,traj_sz=100
3.3322,0.371865,1.5173,-0.159044,0.450007,1.49768,-0.311589,0.124492,9,11,0.0802624,0.110918,-0.29246,2.1347,0,3.3322
3.35215,0.37419,1.51684,-0.161308,0,0,0,0,9,11,0,0,0,0,0,traj_sz=100
3.35226,0.37419,1.51684,-0.161308,0.450007,1.49768,-0.311589,0.124492,9,11,0.07791,0.111275,-0.274911,2.13235,0,3.35226
3.37215,0.377804,1.51627,-0.169998,0,0,0,0,9,11,0,0,0,0,0,traj_sz=100
3.37227,0.377804,1.51627,-0.169998,0.450007,1.49768,-0.311589,0.124492,9,11,0.0743079,0.110333,-0.212447,2.1287,0,3.37227
3.39198,0.379008,1.51627,-0.172988,0,0,0,0,9,11,0,0,0,0,0,traj_sz=100
3.39207,0.379008,1.51627,-0.172988,0.450007,1.49768,-0.311589,0.124492,9,11,0.0731382,0.111836,-0.193646,2.1275,0,3.39207
3.41208,0.381384,1.51572,-0.175628,0,0,0,0,9,11,0,0,0,0,0,traj_sz=100
3.41258,0.381384,1.51572,-0.175628,0.450007,1.49768,-0.311589,0.124492,9,11,0.0707204,0.112142,-0.172203,2.12509,0,3.41258
3.43194,0.384024,1.51518,-0.179161,0,0,0,0,9,11,0,0,0,0,0,traj_sz=100
3.43205,0.384024,1.51518,-0.179161,0.450007,1.49768,-0.311589,0.124492,9,11,0.0680458,0.112136,-0.144969,2.12241,0,3.43205
3.45199,0.385331,1.51526,-0.184099,0,0,0,0,9,11,0,0,0,0,0,traj_sz=100
3.45211,0.385331,1.51526,-0.184099,0.450007,1.49768,-0.311589,0.124492,9,11,0.0668008,0.113589,-0.113585,2.12112,0,3.45211
3.47204,0.389297,1.51442,-0.192469,0,0,0,0,9,11,0,0,0,0,0,traj_sz=100
3.47217,0.389297,1.51442,-0.192469,0.450007,1.49768,-0.311589,0.124492,10,11,0.0627899,0.11226,-0.3491,2.1171,0,3.47217
3.49192,0.390712,1.51436,-0.195261,0,0,0,0,10,11,0,0,0,0,0,traj_sz=100
3.49201,0.390712,1.51436,-0.195261,0.450007,1.49768,-0.311589,0.124492,10,11,0.0614041,0.113554,-0.3491,2.11568,0,3.49201
3.51205,0.393445,1.51389,-0.198881,0,0,0,0,10,11,0,0,0,0,0,traj_sz=100
3.51214,0.393445,1.51389,-0.198881,0.49348,1.48368,-0.399163,0.12563,10,12,0.104032,0.113515,-0.3491,2.11292,0,3.51214
3.53203,0.396151,1.51346,-0.204427,0,0,0,0,10,12,0,0,0,0,0,traj_sz=100
3.53213,0.396151,1.51346,-0.204427,0.49348,1.48368,-0.399163,0.12563,10,12,0.101347,0.11349,-0.3491,2.11019,0,3.53213
3.55215,0.397461,1.51324,-0.204555,0,0,0,0,10,12,0,0,0,0,0,traj_sz=100
3.55228,0.397461,1.51324,-0.204555,0.49348,1.48368,-0.399163,0.12563,10,12,0.100021,0.114897,-0.3491,2.10887,0,3.55228
3.57215,0.40103,1.51253,-0.211435,0,0,0,0,10,12,0,0,0,0,0,traj_sz=100
3.57235,0.40103,1.51253,-0.211435,0.49348,1.48368,-0.399163,0.12563,10,12,0.0964453,0.113983,-0.3491,2.10525,0,3.57235
3.59201,0.402289,1.5124,-0.216828,0,0,0,0,10,12,0,0,0,0,0,traj_sz=100
3.59217,0.402289,1.5124,-0.216828,0.49348,1.48368,-0.399163,0.12563,10,12,0.0952346,0.115413,-0.3491,2.10399,0,3.59217
3.61199,0.404485,1.51228,-0.222287,0,0,0,0,10,12,0,0,0,0,0,traj_sz=100
3.61211,0.404485,1.51228,-0.222287,0.49348,1.48368,-0.399163,0.12563,10,12,0.0931117,0.115949,-0.3491,2.10179,0,3.61211
3.63191,0.40674,1.51163,-0.223484,0,0,0,0,10,12,0,0,0,0,0,traj_sz=100
3.63203,0.40674,1.51163,-0.223484,0.49348,1.48368,-0.399163,0.12563,10,12,0.0907764,0.116308,-0.3491,2.09949,0,3.63203
3.65196,0.407975,1.5117,-0.228286,0,0,0,0,10,12,0,0,0,0,0,traj_sz=100
3.65206,0.407975,1.5117,-0.228286,0.49348,1.48368,-0.399163,0.12563,10,12,0.0896266,0.117836,-0.32894,2.09826,0,3.65206
3.67212,0.410119,1.51098,-0.230645,0,0,0,0,10,12,0,0,0,0,0,traj_sz=100
3.67235,0.410119,1.51098,-0.230645,0.49348,1.48368,-0.399163,0.12563,10,12,0.087395,0.118323,-0.308857,2.09607,0,3.67235
3.692,0.412699,1.51036,-0.235827,0,0,0,0,10,12,0,0,0,0,0,traj_sz=100
3.69219,0.412699,1.51036,-0.235827,0.49348,1.48368,-0.399163,0.12563,10,12,0.0847793,0.118311,-0.271287,2.09345,0,3.69219
3.71211,0.415277,1.5098,-0.242025,0,0,0,0,10,12,0,0,0,0,0,traj_sz=100
3.71221,0.415277,1.5098,-0.242025,0.49348,1.48368,-0.399163,0.12563,10,12,0.0821833,0.118341,-0.227228,2.09084,0,3.71221
3.73206,0.41807,1.5097,-0.250372,0,0,0,0,10,12,0,0,0,0,0,traj_sz=100
3.73228,0.41807,1.5097,-0.250372,0.49348,1.48368,-0.399163,0.12563,10,12,0.0795065,0.118276,-0.175296,2.08805,0,3.73228
3.752,0.419406,1.50904,-0.249481,0,0,0,0,10,12,0,0,0,0,0,traj_sz=100
3.7521,0.419406,1.50904,-0.249481,0.49348,1.48368,-0.399163,0.12563,10,12,0.0780423,0.119463,-0.176616,2.08666,0,3.7521
3.772,0.423783,1.50823,-0.260736,0,0,0,0,10,12,0,0,0,0,0,traj_sz=100
3.7721,0.423783,1.50823,-0.260736,0.49348,1.48368,-0.399163,0.12563,10,12,0.07367,0.117684,-0.0987036,2.08224,0,3.7721
3.79194,0.425133,1.5077,-0.261588,0,0,0,0,10,12,0,0,0,0,0,traj_sz=100
3.79204,0.425133,1.5077,-0.261588,0.49348,1.48368,-0.399163,0.12563,10,12,0.0722329,0.118899,-0.0894008,2.08085,0,3.79204
3.81196,0.428056,1.50688,-0.267132,0,0,0,0,10,12,0,0,0,0,0,traj_sz=100
3.81206,0.428056,1.50688,-0.267132,0.49348,1.48368,-0.399163,0.12563,10,12,0.0692286,0.11853,-0.0475988,2.07788,0,3.81206
3.832,0.431056,1.50674,-0.277238,0,0,0,0,10,12,0,0,0,0,0,traj_sz=100
3.83223,0.431056,1.50674,-0.277238,0.49348,1.48368,-0.399163,0.12563,11,12,0.0663526,0.118279,-0.3491,2.07487,0,3.83223
3.852,0.432345,1.50594,-0.2752,0,0,0,0,11,12,0,0,0,0,0,traj_sz=100
3.85215,0.432345,1.50594,-0.2752,0.49348,1.48368,-0.399163,0.12563,11,12,0.0648839,0.119479,-0.3491,2.07353,0,3.85215
3.87205,0.436406,1.50499,-0.28475,0,0,0,0,11,12,0,0,0,0,0,traj_sz=100
3.87214,0.436406,1.50499,-0.28475,0.535947,1.46577,-0.489233,0.124873,11,13,0.106552,0.117974,-0.3491,2.06941,0,3.87214
3.89193,0.437609,1.50505,-0.28748,0,0,0,0,11,13,0,0,0,0,0,traj_sz=100
3.89211,0.437609,1.50505,-0.28748,0.535947,1.46577,-0.489233,0.124873,11,13,0.105439,0.119487,-0.3491,2.06821,0,3.89211
3.91203,0.440057,1.50446,-0.290735,0,0,0,0,11,13,0,0,0,0,0,traj_sz=100
3.91213,0.440057,1.50446,-0.290735,0.535947,1.46577,-0.489233,0.124873,11,13,0.102956,0.119639,-0.3491,2.06573,0,3.91213
3.93206,0.442194,1.50378,-0.295334,0,0,0,0,11,13,0,0,0,0,0,traj_sz=100
3.93217,0.442194,1.50378,-0.295334,0.535947,1.46577,-0.489233,0.124873,11,13,0.100756,0.120061,-0.3491,2.06354,0,3.93217
3.952,0.443404,1.50355,-0.297821,0,0,0,0,11,13,0,0,0,0,0,traj_sz=100
3.95215,0.443404,1.50355,-0.297821,0.535947,1.46577,-0.489233,0.124873,11,13,0.0995566,0.121492,-0.3491,2.06232,0,3.95215
3.97202,0.446937,1.50271,-0.302681,0,0,0,0,11,13,0,0,0,0,0,traj_sz=100
3.97212,0.446937,1.50271,-0.302681,0.535947,1.46577,-0.489233,0.124873,11,13,0.0959753,0.120526,-0.3491,2.05873,0,3.97212
3.99198,0.447866,1.50208,-0.301447,0,0,0,0,11,13,0,0,0,0,0,traj_sz=100
3.99217,0.447866,1.50208,-0.301447,0.535947,1.46577,-0.489233,0.124873,11,13,0.0948885,0.122114,-0.3491,2.05776,0,3.99217
4.01199,0.450618,1.5014,-0.306804,0,0,0,0,11,13,0,0,0,0,0,traj_sz=100
4.01212,0.450618,1.5014,-0.306804,0.535947,1.46577,-0.489233,0.124873,11,13,0.0921041,0.121934,-0.3491,2.05497,0,4.01212
4.03198,0.453242,1.50061,-0.311305,0,0,0,0,11,13,0,0,0,0,0,traj_sz=100
4.03211,0.453242,1.50061,-0.311305,0.535947,1.46577,-0.489233,0.124873,11,13,0.0894,0.121847,-0.325104,2.05229,0,4.03211
4.05196,0.454495,1.49994,-0.313621,0,0,0,0,11,13,0,0,0,0,0,traj_sz=100
4.05223,0.454495,1.49994,-0.313621,0.535947,1.46577,-0.489233,0.124873,11,13,0.0880209,0.123047,-0.3047,2.05099,0,4.05223
4.07203,0.458632,1.49904,-0.32432,0,0,0,0,11,13,0,0,0,0,0,traj_sz=100
4.07214,0.458632,1.49904,-0.32432,0.535947,1.46577,-0.489233,0.124873,11,13,0.0838857,0.121398,-0.233788,2.0468,0,4.07214
4.09194,0.459928,1.4985,-0.326412,0,0,0,0,11,13,0,0,0,0,0,traj_sz=100
4.09219,0.459928,1.4985,-0.326412,0.535947,1.46577,-0.489233,0.124873,11,13,0.0825007,0.12257,-0.217022,2.04547,0,4.09219
4.11192,0.462373,1.49761,-0.330248,0,0,0,0,11,13,0,0,0,0,0,traj_sz=100
4.11209,0.462373,1.49761,-0.330248,0.535947,1.46577,-0.489233,0.124873,11,13,0.0799232,0.122529,-0.187893,2.04297,0,4.11209
4.13191,0.465231,1.49682,-0.335787,0,0,0,0,11,13,0,0,0,0,0,traj_sz=100
4.13204,0.465231,1.49682,-0.335787,0.535947,1.46577,-0.489233,0.124873,11,13,0.0769974,0.122133,-0.149863,2.04006,0,4.13204
4.15198,0.466544,1.49674,-0.342294,0,0,0,0,11,13,0,0,0,0,0,traj_sz=100
4.15216,0.466544,1.49674,-0.342294,0.535947,1.46577,-0.489233,0.124873,11,13,0.0757731,0.123455,-0.107975,2.03874,0,4.15216
4.17194,0.470704,1.49491,-0.344852,0,0,0,0,11,13,0,0,0,0,0,traj_sz=100
4.17211,0.470704,1.49491,-0.344852,0.535947,1.46577,-0.489233,0.124873,11,13,0.0712543,0.121485,-0.0825964,2.03446,0,4.17211
4.19199,0.472061,1.49478,-0.349925,0,0,0,0,11,13,0,0,0,0,0,traj_sz=100
4.1921,0.472061,1.49478,-0.349925,0.535947,1.46577,-0.489233,0.124873,11,13,0.0699589,0.122731,-0.0503702,2.0331,0,4.1921
4.21196,0.474795,1.49397,-0.357621,0,0,0,0,11,13,0,0,0,0,0,traj_sz=100
4.21239,0.474795,1.49397,-0.357621,0.535947,1.46577,-0.489233,0.124873,12,13,0.067153,0.122482,-0.3491,2.03032,0,4.21239
4.23197,0.477639,1.49299,-0.360054,0,0,0,0,12,13,0,0,0,0,0,traj_sz=100
4.23207,0.477639,1.49299,-0.360054,0.535947,1.46577,-0.489233,0.124873,12,13,0.064158,0.122014,-0.3491,2.02741,0,4.23207
4.25192,0.478983,1.49218,-0.359704,0,0,0,0,12,13,0,0,0,0,0,traj_sz=100
4.25203,0.478983,1.49218,-0.359704,0.576385,1.44424,-0.579372,0.122757,12,14,0.108043,0.123033,-0.3491,2.02601,0,4.25203
4.27204,0.483416,1.49084,-0.368985,0,0,0,0,12,14,0,0,0,0,0,traj_sz=100
4.27218,0.483416,1.49084,-0.368985,0.576385,1.44424,-0.579372,0.122757,12,14,0.10352,0.121001,-0.3491,2.0215,0,4.27218
4.29198,0.484794,1.49038,-0.372886,0,0,0,0,12,14,0,0,0,0,0,traj_sz=100
4.29216,0.484794,1.49038,-0.372886,0.576385,1.44424,-0.579372,0.122757,12,14,0.102106,0.122111,-0.3491,2.02009,0,4.29216
4.31204,0.487338,1.48983,-0.378103,0,0,0,0,12,14,0,0,0,0,0,traj_sz=100
4.31225,0.487338,1.48983,-0.378103,0.576385,1.44424,-0.579372,0.122757,12,14,0.0995878,0.122121,-0.3491,2.01751,0,4.31225
4.33203,0.490029,1.48881,-0.379212,0,0,0,0,12,14,0,0,0,0,0,traj_sz=100
4.33217,0.490029,1.48881,-0.379212,0.576385,1.44424,-0.579372,0.122757,12,14,0.096722,0.121802,-0.3491,2.01476,0,4.33217
4.35204,0.490969,1.48805,-0.380545,0,0,0,0,12,14,0,0,0,0,0,traj_sz=100
4.35212,0.490969,1.48805,-0.380545,0.576385,1.44424,-0.579372,0.122757,12,14,0.0955789,0.123203,-0.3491,2.01377,0,4.35212
4.37213,0.494913,1.48674,-0.384475,0,0,0,0,12,14,0,0,0,0,0,traj_sz=100
4.37229,0.494913,1.48674,-0.384475,0.576385,1.44424,-0.579372,0.122757,12,14,0.0914643,0.121637,-0.3491,2.00974,0,4.37229
4.39205,0.496281,1.48606,-0.385821,0,0,0,0,12,14,0,0,0,0,0,traj_sz=100
4.39217,0.496281,1.48606,-0.385821,0.576385,1.44424,-0.579372,0.122757,12,14,0.0899537,0.122659,-0.3491,2.00833,0,4.39217
4.412,0.498762,1.48516,-0.390729,0,0,0,0,12,14,0,0,0,0,0,traj_sz=100
4.4121,0.498762,1.48516,-0.390729,0.576385,1.44424,-0.579372,0.122757,12,14,0.0873568,0.122538,-0.3491,2.0058,0,4.4121
4.43196,0.501365,1.48413,-0.395044,0,0,0,0,12,14,0,0,0,0,0,traj_sz=100
4.43206,0.501365,1.48413,-0.395044,0.576385,1.44424,-0.579372,0.122757,12,14,0.0845924,0.122223,-0.3491,2.00313,0,4.43206
4.45204,0.502777,1.48364,-0.398007,0,0,0,0,12,14,0,0,0,0,0,traj_sz=100
4.45214,0.502777,1.48364,-0.398007,0.576385,1.44424,-0.579372,0.122757,12,14,0.0831258,0.123232,-0.33502,2.00169,0,4.45214
4.47201,0.50533,1.48275,-0.403821,0,0,0,0,12,14,0,0,0,0,0,traj_sz=100
4.47227,0.50533,1.48275,-0.403821,0.576385,1.44424,-0.579372,0.122757,12,14,0.0804713,0.123034,-0.295707,1.99908,0,4.47227
4.49211,0.507906,1.48164,-0.407738,0,0,0,0,12,14,0,0,0,0,0,traj_sz=100
4.49222,0.507906,1.48164,-0.407738,0.576385,1.44424,-0.579372,0.122757,12,14,0.0776962,0.122721,-0.267216,1.99644,0,4.49222
4.51211,0.510676,1.48067,-0.414209,0,0,0,0,12,14,0,0,0,0,0,traj_sz=100
4.51221,0.510676,1.48067,-0.414209,0.576385,1.44424,-0.579372,0.122757,12,14,0.0748124,0.122284,-0.223289,1.99361,0,4.51221
4.53204,0.513454,1.4796,-0.420861,0,0,0,0,12,14,0,0,0,0,0,traj_sz=100
4.53226,0.513454,1.4796,-0.420861,0.576385,1.44424,-0.579372,0.122757,12,14,0.0718843,0.121806,-0.176808,1.99077,0,4.53226
4.552,0.514857,1.47907,-0.424064,0,0,0,0,12,14,0,0,0,0,0,traj_sz=100
4.55219,0.514857,1.47907,-0.424064,0.576385,1.44424,-0.579372,0.122757,12,14,0.0704101,0.122794,-0.15466,1.98933,0,4.55219
4.57192,0.518845,1.47742,-0.431089,0,0,0,0,12,14,0,0,0,0,0,traj_sz=100
4.57201,0.518845,1.47742,-0.431089,0.576385,1.44424,-0.579372,0.122757,13,14,0.0661408,0.120953,-0.3491,1.98525,0,4.57201
4.59209,0.52027,1.47726,-0.43716,0,0,0,0,13,14,0,0,0,0,0,traj_sz=100
4.59221,0.52027,1.47726,-0.43716,0.576385,1.44424,-0.579372,0.122757,13,14,0.0648179,0.122113,-0.3491,1.98382,0,4.59221
4.61197,0.522785,1.47582,-0.440534,0,0,0,0,13,14,0,0,0,0,0,traj_sz=100
4.61208,0.522785,1.47582,-0.440534,0.614071,1.41958,-0.667659,0.119776,13,15,0.106553,0.121696,-0.3491,1.98121,0,4.61208
4.63196,0.525392,1.47468,-0.446372,0,0,0,0,13,15,0,0,0,0,0,traj_sz=100
4.63215,0.525392,1.47468,-0.446372,0.614071,1.41958,-0.667659,0.119776,13,15,0.103775,0.121347,-0.3491,1.97854,0,4.63215
4.65192,0.526792,1.47413,-0.449009,0,0,0,0,13,15,0,0,0,0,0,traj_sz=100
4.65201,0.526792,1.47413,-0.449009,0.614071,1.41958,-0.667659,0.119776,13,15,0.102305,0.122321,-0.3491,1.97711,0,4.65201
4.67209,0.53077,1.47251,-0.459432,0,0,0,0,13,15,0,0,0,0,0,traj_sz=100
4.67217,0.53077,1.47251,-0.459432,0.614071,1.41958,-0.667659,0.119776,13,15,0.0981323,0.120547,-0.3491,1.97304,0,4.67217
4.69208,0.532136,1.47188,-0.462199,0,0,0,0,13,15,0,0,0,0,0,traj_sz=100
4.69231,0.532136,1.47188,-0.462199,0.614071,1.41958,-0.667659,0.119776,13,15,0.0966574,0.121544,-0.3491,1.97163,0,4.69231
4.71215,0.534962,1.4707,-0.466547,0,0,0,0,13,15,0,0,0,0,0,traj_sz=100
4.71248,0.534962,1.4707,-0.466547,0.614071,1.41958,-0.667659,0.119776,13,15,0.0936492,0.121002,-0.3491,1.96874,0,4.71248
4.73211,0.53742,1.46954,-0.471938,0,0,0,0,13,15,0,0,0,0,0,traj_sz=100
4.73221,0.53742,1.46954,-0.471938,0.614071,1.41958,-0.667659,0.119776,13,15,0.0909839,0.120737,-0.3491,1.96622,0,4.73221
4.75219,0.538886,1.46895,-0.476206,0,0,0,0,13,15,0,0,0,0,0,traj_sz=100
4.75236,0.538886,1.46895,-0.476206,0.614071,1.41958,-0.667659,0.119776,13,15,0.0894506,0.121666,-0.3491,1.96472,0,4.75236
4.77198,0.542637,1.46751,-0.485566,0,0,0,0,13,15,0,0,0,0,0,traj_sz=100
4.77206,0.542637,1.46751,-0.485566,0.614071,1.41958,-0.667659,0.119776,13,15,0.0855447,0.120115,-0.3491,1.96089,0,4.77206
4.79202,0.54378,1.46659,-0.48491,0,0,0,0,13,15,0,0,0,0,0,traj_sz=100
4.79219,0.54378,1.46659,-0.48491,0.614071,1.41958,-0.667659,0.119776,13,15,0.0841008,0.121094,-0.3491,1.95969,0,4.79219
4.81192,0.54641,1.46519,-0.489733,0,0,0,0,13,15,0,0,0,0,0,traj_sz=100
4.81199,0.54641,1.46519,-0.489733,0.614071,1.41958,-0.667659,0.119776,13,15,0.0811609,0.120494,-0.338803,1.95698,0,4.81199
4.83205,0.547676,1.46465,-0.494229,0,0,0,0,13,15,0,0,0,0,0,traj_sz=100
4.83214,0.547676,1.46465,-0.494229,0.614071,1.41958,-0.667659,0.119776,13,15,0.0798306,0.121549,-0.308302,1.95569,0,4.83214
4.85217,0.550042,1.46344,-0.501039,0,0,0,0,13,15,0,0,0,0,0,traj_sz=100
4.85236,0.550042,1.46344,-0.501039,0.614071,1.41958,-0.667659,0.119776,13,15,0.0772264,0.121321,-0.259879,1.95325,0,4.85236
4.87202,0.553965,1.46153,-0.509482,0,0,0,0,13,15,0,0,0,0,0,traj_sz=100
4.87211,0.553965,1.46153,-0.509482,0.614071,1.41958,-0.667659,0.119776,13,15,0.0729299,0.119339,-0.201392,1.94923,0,4.87211
4.89207,0.555083,1.46089,-0.5129,0,0,0,0,13,15,0,0,0,0,0,traj_sz=100
4.89219,0.555083,1.46089,-0.5129,0.614071,1.41958,-0.667659,0.119776,13,15,0.0716685,0.120467,-0.176254,1.94808,0,4.89219
4.91206,0.557679,1.4594,-0.517126,0,0,0,0,13,15,0,0,0,0,0,traj_sz=100
4.9122,0.557679,1.4594,-0.517126,0.614071,1.41958,-0.667659,0.119776,13,15,0.0687067,0.119882,-0.144467,1.9454,0,4.9122
4.93193,0.55898,1.45864,-0.518916,0,0,0,0,13,15,0,0,0,0,0,traj_sz=100
4.93201,0.55898,1.45864,-0.518916,0.614071,1.41958,-0.667659,0.119776,14,15,0.0672091,0.120753,-0.3491,1.94406,0,4.93201
4.95212,0.561266,1.45749,-0.524653,0,0,0,0,14,15,0,0,0,0,0,traj_sz=100
4.95225,0.561266,1.45749,-0.524653,0.614071,1.41958,-0.667659,0.119776,14,15,0.0646906,0.12063,-0.3491,1.94171,0,4.95225
4.97204,0.565221,1.45538,-0.531651,0,0,0,0,14,15,0,0,0,0,0,traj_sz=100
4.97214,0.565221,1.45538,-0.531651,0.648578,1.39238,-0.752715,0.116427,14,16,0.103787,0.118541,-0.3491,1.93765,0,4.97214
4.992,0.566502,1.45473,-0.535295,0,0,0,0,14,16,0,0,0,0,0,traj_sz=100
4.99212,0.566502,1.45473,-0.535295,0.648578,1.39238,-0.752715,0.116427,14,16,0.1024,0.119512,-0.3491,1.93633,0,4.99212
5.01204,0.568856,1.45352,-0.543474,0,0,0,0,14,16,0,0,0,0,0,traj_sz=100
5.01226,0.568856,1.45352,-0.543474,0.648578,1.39238,-0.752715,0.116427,14,16,0.0998493,0.119285,-0.3491,1.93392,0,5.01226
5.03203,0.571345,1.45202,-0.547177,0,0,0,0,14,16,0,0,0,0,0,traj_sz=100
5.03213,0.571345,1.45202,-0.547177,0.648578,1.39238,-0.752715,0.116427,14,16,0.0969859,0.118769,-0.3491,1.93135,0,5.03213
5.05207,0.572702,1.45141,-0.55031,0,0,0,0,14,16,0,0,0,0,0,traj_sz=100
5.05231,0.572702,1.45141,-0.55031,0.648578,1.39238,-0.752715,0.116427,14,16,0.0955454,0.119715,-0.3491,1.92996,0,5.05231
5.07207,0.576098,1.44943,-0.557146,0,0,0,0,14,16,0,0,0,0,0,traj_sz=100
5.07223,0.576098,1.44943,-0.557146,0.648578,1.39238,-0.752715,0.116427,14,16,0.091683,0.118175,-0.3491,1.92647,0,5.07223
5.09201,0.577255,1.44888,-0.56011,0,0,0,0,14,16,0,0,0,0,0,traj_sz=100
5.09211,0.577255,1.44888,-0.56011,0.648578,1.39238,-0.752715,0.116427,14,16,0.0904422,0.11929,-0.3491,1.92529,0,5.09211
5.11195,0.579368,1.44761,-0.565088,0,0,0,0,14,16,0,0,0,0,0,traj_sz=100
5.11202,0.579368,1.44761,-0.565088,0.648578,1.39238,-0.752715,0.116427,14,16,0.0880246,0.119212,-0.3491,1.92311,0,5.11202
5.13193,0.581704,1.44668,-0.574189,0,0,0,0,14,16,0,0,0,0,0,traj_sz=100
5.13204,0.581704,1.44668,-0.574189,0.648578,1.39238,-0.752715,0.116427,14,16,0.0856453,0.119148,-0.3491,1.92073,0,5.13204
5.15208,0.582646,1.4456,-0.573539,0,0,0,0,14,16,0,0,0,0,0,traj_sz=100
5.15219,0.582646,1.4456,-0.573539,0.648578,1.39238,-0.752715,0.116427,14,16,0.0842571,0.120113,-0.3491,1.91974,0,5.15219
5.17197,0.585963,1.44376,-0.58232,0,0,0,0,14,16,0,0,0,0,0,traj_sz=100
5.17217,0.585963,1.44376,-0.58232,0.648578,1.39238,-0.752715,0.116427,14,16,0.080554,0.118646,-0.328225,1.91633,0,5.17217
5.192,0.586928,1.44298,-0.583653,0,0,0,0,14,16,0,0,0,0,0,traj_sz=100
5.1921,0.586928,1.44298,-0.583653,0.648578,1.39238,-0.752715,0.116427,14,16,0.0793275,0.119718,-0.316704,1.91533,0,5.1921
5.21206,0.589215,1.44177,-0.590319,0,0,0,0,14,16,0,0,0,0,0,traj_sz=100
5.21216,0.589215,1.44177,-0.590319,0.648578,1.39238,-0.752715,0.116427,14,16,0.0768089,0.11947,-0.272339,1.91299,0,5.21216
5.23204,0.591431,1.44021,-0.594193,0,0,0,0,14,16,0,0,0,0,0,traj_sz=100
5.23219,0.591431,1.44021,-0.594193,0.648578,1.39238,-0.752715,0.116427,14,16,0.0741282,0.119077,-0.24305,1.9107,0,5.23219
5.25198,0.592869,1.43954,-0.59889,0,0,0,0,14,16,0,0,0,0,0,traj_sz=100
5.25214,0.592869,1.43954,-0.59889,0.648578,1.39238,-0.752715,0.116427,14,16,0.0726012,0.119825,-0.212685,1.90923,0,5.25214
5.27203,0.596219,1.43744,-0.607283,0,0,0,0,14,16,0,0,0,0,0,traj_sz=100
5.27211,0.596219,1.43744,-0.607283,0.648578,1.39238,-0.752715,0.116427,14,16,0.0687086,0.118189,-0.153319,1.90579,0,5.27211
5.29209,0.597342,1.43665,-0.609889,0,0,0,0,14,16,0,0,0,0,0,traj_sz=100
5.29219,0.597342,1.43665,-0.609889,0.648578,1.39238,-0.752715,0.116427,14,16,0.0673554,0.119143,-0.133896,1.90463,0,5.29219
5.31205,0.599571,1.43508,-0.613366,0,0,0,0,14,16,0,0,0,0,0,traj_sz=100
5.31214,0.599571,1.43508,-0.613366,0.648578,1.39238,-0.752715,0.116427,15,16,0.0646538,0.118728,-0.3491,1.90233,0,5.31214
5.33199,0.601691,1.4337,-0.619467,0,0,0,0,15,16,0,0,0,0,0,traj_sz=100
5.33233,0.601691,1.4337,-0.619467,0.648578,1.39238,-0.752715,0.116427,15,16,0.062167,0.118519,-0.3491,1.90015,0,5.33233
5.35208,0.602844,1.43294,-0.621346,0,0,0,0,15,16,0,0,0,0,0,traj_sz=100
5.35218,0.602844,1.43294,-0.621346,0.648578,1.39238,-0.752715,0.116427,15,16,0.0607975,0.119454,-0.3491,1.89897,0,5.35218
5.3721,0.606418,1.43052,-0.627842,0,0,0,0,15,16,0,0,0,0,0,traj_sz=100
5.37227,0.606418,1.43052,-0.627842,0.679752,1.36318,-0.833727,0.11315,15,17,0.098904,0.117463,-0.3491,1.89529,0,5.37227
5.39212,0.60746,1.42992,-0.632588,0,0,0,0,15,17,0,0,0,0,0,traj_sz=100
5.39229,0.60746,1.42992,-0.632588,0.679752,1.36318,-0.833727,0.11315,15,17,0.0977626,0.118585,-0.3491,1.89423,0,5.39229
5.41194,0.609701,1.42839,-0.639029,0,0,0,0,15,17,0,0,0,0,0,traj_sz=100
5.41214,0.609701,1.42839,-0.639029,0.679752,1.36318,-0.833727,0.11315,15,17,0.0951176,0.118165,-0.3491,1.89192,0,5.41214
5.43204,0.611955,1.42701,-0.644079,0,0,0,0,15,17,0,0,0,0,0,traj_sz=100
5.43246,0.611955,1.42701,-0.644079,0.679752,1.36318,-0.833727,0.11315,15,17,0.0925403,0.117866,-0.3491,1.88962,0,5.43246
5.452,0.612973,1.42617,-0.645921,0,0,0,0,15,17,0,0,0,0,0,traj_sz=100
5.4521,0.612973,1.42617,-0.645921,0.679752,1.36318,-0.833727,0.11315,15,17,0.0912403,0.118839,-0.3491,1.88856,0,5.4521
5.47207,0.616157,1.42405,-0.653075,0,0,0,0,15,17,0,0,0,0,0,traj_sz=100
5.47216,0.616157,1.42405,-0.653075,0.679752,1.36318,-0.833727,0.11315,15,17,0.0874978,0.117344,-0.3491,1.8853,0,5.47216
5.49199,0.617124,1.42325,-0.654396,0,0,0,0,15,17,0,0,0,0,0,traj_sz=100
5.49232,0.617124,1.42325,-0.654396,0.679752,1.36318,-0.833727,0.11315,15,17,0.0862545,0.118403,-0.3491,1.8843,0,5.49232
5.51195,0.619242,1.42171,-0.659049,0,0,0,0,15,17,0,0,0,0,0,traj_sz=100
5.51208,0.619242,1.42171,-0.659049,0.679752,1.36318,-0.833727,0.11315,15,17,0.0836811,0.118042,-0.3491,1.88213,0,5.51208
5.53203,0.620245,1.42099,-0.661065,0,0,0,0,15,17,0,0,0,0,0,traj_sz=100
5.53213,0.620245,1.42099,-0.661065,0.679752,1.36318,-0.833727,0.11315,15,17,0.0824623,0.119049,-0.3491,1.88109,0,5.53213
5.55206,0.62241,1.4196,-0.668331,0,0,0,0,15,17,0,0,0,0,0,traj_sz=100
5.5522,0.62241,1.4196,-0.668331,0.679752,1.36318,-0.833727,0.11315,15,17,0.0799691,0.118738,-0.347538,1.87888,0,5.5522
5.57204,0.625637,1.41705,-0.674851,0,0,0,0,15,17,0,0,0,0,0,traj_sz=100
5.57225,0.625637,1.41705,-0.674851,0.679752,1.36318,-0.833727,0.11315,15,17,0.0759109,0.116865,-0.300507,1.87556,0,5.57225
5.59213,0.626773,1.41622,-0.678332,0,0,0,0,15,17,0,0,0,0,0,traj_sz=100
5.59238,0.626773,1.41622,-0.678332,0.679752,1.36318,-0.833727,0.11315,15,17,0.0745342,0.117706,-0.276236,1.8744,0,5.59238
5.61203,0.62892,1.41476,-0.685454,0,0,0,0,15,17,0,0,0,0,0,traj_sz=100
5.61218,0.62892,1.41476,-0.685454,0.679752,1.36318,-0.833727,0.11315,15,17,0.0720026,0.117342,-0.227682,1.8722,0,5.61218
5.63204,0.631059,1.41297,-0.689254,0,0,0,0,15,17,0,0,0,0,0,traj_sz=100
5.63215,0.631059,1.41297,-0.689254,0.679752,1.36318,-0.833727,0.11315,15,17,0.0692449,0.116789,-0.199146,1.87,0,5.63215
5.652,0.632173,1.41213,-0.69129,0,0,0,0,15,17,0,0,0,0,0,traj_sz=100
5.65222,0.632173,1.41213,-0.69129,0.679752,1.36318,-0.833727,0.11315,15,17,0.0678599,0.117628,-0.184834,1.86886,0,5.65222
5.67202,0.635192,1.40988,-0.701277,0,0,0,0,15,17,0,0,0,0,0,traj_sz=100
5.67213,0.635192,1.40988,-0.701277,0.679752,1.36318,-0.833727,0.11315,16,17,0.0641768,0.116108,-0.3491,1.86577,0,5.67213
5.692,0.636311,1.40909,-0.704586,0,0,0,0,16,17,0,0,0,0,0,traj_sz=100
5.6921,0.636311,1.40909,-0.704586,0.679752,1.36318,-0.833727,0.11315,16,17,0.0628316,0.116975,-0.3491,1.86463,0,5.6921
5.71204,0.63862,1.40721,-0.709698,0,0,0,0,16,17,0,0,0,0,0,traj_sz=100
5.71219,0.63862,1.40721,-0.709698,0.679752,1.36318,-0.833727,0.11315,16,17,0.0598925,0.116246,-0.3491,1.86226,0,5.71219
5.73203,0.640671,1.40568,-0.71569,0,0,0,0,16,17,0,0,0,0,0,traj_sz=100
5.73218,0.640671,1.40568,-0.71569,0.707652,1.33244,-0.910381,0.110173,16,18,0.098602,0.115928,-0.3491,1.86016,0,5.73218
5.75203,0.641707,1.40485,-0.718243,0,0,0,0,16,18,0,0,0,0,0,traj_sz=100
5.75216,0.641707,1.40485,-0.718243,0.707652,1.33244,-0.910381,0.110173,16,18,0.0973072,0.116839,-0.3491,1.8591,0,5.75216
5.77207,0.644716,1.40263,-0.728404,0,0,0,0,16,18,0,0,0,0,0,traj_sz=100
5.77218,0.644716,1.40263,-0.728404,0.707652,1.33244,-0.910381,0.110173,16,18,0.0936869,0.115347,-0.3491,1.85603,0,5.77218
5.79208,0.645564,1.4018,-0.729108,0,0,0,0,16,18,0,0,0,0,0,traj_sz=100
5.79218,0.645564,1.4018,-0.729108,0.707652,1.33244,-0.910381,0.110173,16,18,0.09251,0.116397,-0.3491,1.85516,0,5.79218
5.81202,0.647622,1.40002,-0.732423,0,0,0,0,16,18,0,0,0,0,0,traj_sz=100
5.81231,0.647622,1.40002,-0.732423,0.707652,1.33244,-0.910381,0.110173,16,18,0.0898232,0.115917,-0.3491,1.85305,0,5.81231
5.83204,0.648577,1.39914,-0.734013,0,0,0,0,16,18,0,0,0,0,0,traj_sz=100
5.83214,0.648577,1.39914,-0.734013,0.707652,1.33244,-0.910381,0.110173,16,18,0.0885394,0.116836,-0.3491,1.85208,0,5.83214
5.85202,0.650514,1.39778,-0.742824,0,0,0,0,16,18,0,0,0,0,0,traj_sz=100
5.85212,0.650514,1.39778,-0.742824,0.707652,1.33244,-0.910381,0.110173,16,18,0.0862818,0.116724,-0.3491,1.8501,0,5.85212
5.87199,0.653433,1.39504,-0.748578,0,0,0,0,16,18,0,0,0,0,0,traj_sz=100
5.87211,0.653433,1.39504,-0.748578,0.707652,1.33244,-0.910381,0.110173,16,18,0.08233,0.11494,-0.3491,1.84712,0,5.87211
5.89197,0.654471,1.39432,-0.752635,0,0,0,0,16,18,0,0,0,0,0,traj_sz=100
5.89206,0.654471,1.39432,-0.752635,0.707652,1.33244,-0.910381,0.110173,16,18,0.0811132,0.115857,-0.3491,1.84606,0,5.89206
5.91206,0.656324,1.39253,-0.756942,0,0,0,0,16,18,0,0,0,0,0,traj_sz=100
5.91227,0.656324,1.39253,-0.756942,0.707652,1.33244,-0.910381,0.110173,16,18,0.0785731,0.115473,-0.320985,1.84417,0,5.91227
5.932,0.658427,1.39086,-0.764002,0,0,0,0,16,18,0,0,0,0,0,traj_sz=100
5.93211,0.658427,1.39086,-0.764002,0.707652,1.33244,-0.910381,0.110173,16,18,0.0759627,0.114965,-0.273538,1.84203,0,5.93211
5.95193,0.659341,1.38997,-0.765761,0,0,0,0,16,18,0,0,0,0,0,traj_sz=100
5.95204,0.659341,1.38997,-0.765761,0.707652,1.33244,-0.910381,0.110173,16,18,0.0746987,0.115853,-0.260458,1.84109,0,5.95204
5.97199,0.662235,1.38724,-0.772955,0,0,0,0,16,18,0,0,0,0,0,traj_sz=100
5.97219,0.662235,1.38724,-0.772955,0.707652,1.33244,-0.910381,0.110173,16,18,0.0707742,0.114062,-0.208419,1.83814,0,5.97219
5.99198,0.663333,1.38642,-0.777653,0,0,0,0,16,18,0,0,0,0,0,traj_sz=100
5.99206,0.663333,1.38642,-0.777653,0.707652,1.33244,-0.910381,0.110173,16,18,0.0694534,0.114869,-0.176915,1.83703,0,5.99206
6.01214,0.665252,1.38445,-0.783085,0,0,0,0,16,18,0,0,0,0,0,traj_sz=100
6.01226,0.665252,1.38445,-0.783085,0.707652,1.33244,-0.910381,0.110173,16,18,0.0667405,0.114312,-0.135876,1.83507,0,6.01226
6.03203,0.667278,1.38273,-0.789634,0,0,0,0,16,18,0,0,0,0,0,traj_sz=100
6.03217,0.667278,1.38273,-0.789634,0.707652,1.33244,-0.910381,0.110173,16,18,0.0641418,0.113833,-0.0907357,1.83301,0,6.03217
6.05203,0.66829,1.38177,-0.792443,0,0,0,0,16,18,0,0,0,0,0,traj_sz=100
6.05215,0.66829,1.38177,-0.792443,0.707652,1.33244,-0.910381,0.110173,17,18,0.0627646,0.114608,-0.3491,1.83199,0,6.05215
6.07199,0.671277,1.37907,-0.800459,0,0,0,0,17,18,0,0,0,0,0,traj_sz=100
6.07209,0.671277,1.37907,-0.800459,0.707652,1.33244,-0.910381,0.110173,17,18,0.0587961,0.112754,-0.3491,1.82895,0,6.07209
6.09194,0.67219,1.378,-0.801564,0,0,0,0,17,18,0,0,0,0,0,traj_sz=100
6.09203,0.67219,1.378,-0.801564,0.707652,1.33244,-0.910381,0.110173,17,18,0.0574014,0.11352,-0.3491,1.82802,0,6.09203
6.11195,0.674316,1.376,-0.805916,0,0,0,0,17,18,0,0,0,0,0,traj_sz=100
6.11206,0.674316,1.376,-0.805916,0.732447,1.30052,-0.982663,0.107673,17,19,0.094709,0.112778,-0.3491,1.82587,0,6.11206
6.13202,0.676215,1.37434,-0.814061,0,0,0,0,17,19,0,0,0,0,0,traj_sz=100
6.13226,0.676215,1.37434,-0.814061,0.732447,1.30052,-0.982663,0.107673,17,19,0.0922831,0.112461,-0.3491,1.82395,0,6.13226
6.15198,0.677165,1.37342,-0.816589,0,0,0,0,17,19,0,0,0,0,0,traj_sz=100
6.15209,0.677165,1.37342,-0.816589,0.732447,1.30052,-0.982663,0.107673,17,19,0.0909842,0.113292,-0.3491,1.82299,0,6.15209
6.17194,0.679948,1.37074,-0.821823,0,0,0,0,17,19,0,0,0,0,0,traj_sz=100
6.17212,0.679948,1.37074,-0.821823,0.732447,1.30052,-0.982663,0.107673,17,19,0.0871735,0.111603,-0.3491,1.82017,0,6.17212
6.19197,0.680836,1.36984,-0.823631,0,0,0,0,17,19,0,0,0,0,0,traj_sz=100
6.1921,0.680836,1.36984,-0.823631,0.732447,1.30052,-0.982663,0.107673,17,19,0.08593,0.112512,-0.3491,1.81927,0,6.1921
6.21218,0.68264,1.36806,-0.827706,0,0,0,0,17,19,0,0,0,0,0,traj_sz=100
6.21232,0.68264,1.36806,-0.827706,0.732447,1.30052,-0.982663,0.107673,17,19,0.0834326,0.112171,-0.3491,1.81745,0,6.21232
6.23203,0.683625,1.36705,-0.829304,0,0,0,0,17,19,0,0,0,0,0,traj_sz=100
6.2322,0.683625,1.36705,-0.829304,0.732447,1.30052,-0.982663,0.107673,17,19,0.0820359,0.112913,-0.3491,1.81646,0,6.2322
6.2519,0.685456,1.36505,-0.832465,0,0,0,0,17,19,0,0,0,0,0,traj_sz=100
6.25197,0.685456,1.36505,-0.832465,0.732447,1.30052,-0.982663,0.107673,17,19,0.0793503,0.11231,-0.3491,1.81461,0,6.25197
6.27199,0.688382,1.36236,-0.843251,0,0,0,0,17,19,0,0,0,0,0,traj_sz=100
6.27211,0.688382,1.36236,-0.843251,0.732447,1.30052,-0.982663,0.107673,17,19,0.07549,0.110499,-0.283424,1.81166,0,6.27211
6.29192,0.689082,1.36127,-0.842952,0,0,0,0,17,19,0,0,0,0,0,traj_sz=100
6.29206,0.689082,1.36127,-0.842952,0.732447,1.30052,-0.982663,0.107673,17,19,0.0742092,0.111338,-0.282378,1.81095,0,6.29206
6.31191,0.691081,1.35932,-0.848672,0,0,0,0,17,19,0,0,0,0,0,traj_sz=100
6.31199,0.691081,1.35932,-0.848672,0.732447,1.30052,-0.982663,0.107673,17,19,0.0714665,0.110668,-0.243686,1.80894,0,6.31199
6.33206,0.692787,1.35736,-0.85333,0,0,0,0,17,19,0,0,0,0,0,traj_sz=100
6.33217,0.692787,1.35736,-0.85333,0.732447,1.30052,-0.982663,0.107673,17,19,0.0689022,0.110212,-0.209318,1.80723,0,6.33217
6.35189,0.693749,1.35629,-0.856074,0,0,0,0,17,19,0,0,0,0,0,traj_sz=100
6.35199,0.693749,1.35629,-0.856074,0.732447,1.30052,-0.982663,0.107673,17,19,0.0674868,0.110882,-0.189502,1.80626,0,6.35199
6.3721,0.696668,1.35325,-0.864468,0,0,0,0,17,19,0,0,0,0,0,traj_sz=100
6.37223,0.696668,1.35325,-0.864468,0.732447,1.30052,-0.982663,0.107673,17,19,0.0633392,0.108824,-0.130842,1.80334,0,6.37223
6.39202,0.697283,1.35221,-0.866678,0,0,0,0,17,19,0,0,0,0,0,traj_sz=100
6.39211,0.697283,1.35221,-0.866678,0.732447,1.30052,-0.982663,0.107673,17,19,0.0621606,0.109743,-0.111238,1.80272,0,6.39211
6.41194,0.699251,1.35026,-0.872228,0,0,0,0,17,19,0,0,0,0,0,traj_sz=100
6.41203,0.699251,1.35026,-0.872228,0.732447,1.30052,-0.982663,0.107673,18,19,0.0594407,0.109101,-0.3491,1.80075,0,6.41203
6.43193,0.700178,1.34923,-0.873792,0,0,0,0,18,19,0,0,0,0,0,traj_sz=100
6.43205,0.700178,1.34923,-0.873792,0.732447,1.30052,-0.982663,0.107673,18,19,0.058065,0.10984,-0.3491,1.79982,0,6.43205
6.45204,0.702031,1.34724,-0.879302,0,0,0,0,18,19,0,0,0,0,0,traj_sz=100
6.45218,0.702031,1.34724,-0.879302,0.732447,1.30052,-0.982663,0.107673,18,19,0.0553811,0.109257,-0.3491,1.79797,0,6.45218
6.47201,0.704426,1.34447,-0.886141,0,0,0,0,18,19,0,0,0,0,0,traj_sz=100
6.47209,0.704426,1.34447,-0.886141,0.754363,1.26765,-1.05077,0.10583,18,20,0.0910895,0.107715,-0.3491,1.79558,0,6.47209
6.49201,0.705331,1.34352,-0.887637,0,0,0,0,18,20,0,0,0,0,0,traj_sz=100
6.49208,0.705331,1.34352,-0.887637,0.754363,1.26765,-1.05077,0.10583,18,20,0.0897945,0.108526,-0.3491,1.79468,0,6.49208
6.51197,0.706777,1.34187,-0.892721,0,0,0,0,18,20,0,0,0,0,0,traj_sz=100
6.51206,0.706777,1.34187,-0.892721,0.754363,1.26765,-1.05077,0.10583,18,20,0.0876526,0.108455,-0.3491,1.79324,0,6.51206
6.53202,0.708316,1.33979,-0.893504,0,0,0,0,18,20,0,0,0,0,0,traj_sz=100
6.53211,0.708316,1.33979,-0.893504,0.754363,1.26765,-1.05077,0.10583,18,20,0.0850741,0.107995,-0.3491,1.79171,0,6.53211
6.55197,0.709166,1.33892,-0.895689,0,0,0,0,18,20,0,0,0,0,0,traj_sz=100
6.55211,0.709166,1.33892,-0.895689,0.754363,1.26765,-1.05077,0.10583,18,20,0.0838856,0.108905,-0.3491,1.79087,0,6.55211
6.57194,0.711286,1.33642,-0.901479,0,0,0,0,18,20,0,0,0,0,0,traj_sz=100
6.572,0.711286,1.33642,-0.901479,0.754363,1.26765,-1.05077,0.10583,18,20,0.0806579,0.107734,-0.3491,1.78877,0,6.572
6.59194,0.712111,1.33553,-0.90365,0,0,0,0,18,20,0,0,0,0,0,traj_sz=100
6.59207,0.712111,1.33553,-0.90365,0.754363,1.26765,-1.05077,0.10583,18,20,0.079469,0.10865,-0.3491,1.78795,0,6.59207
6.61201,0.713659,1.33368,-0.906189,0,0,0,0,18,20,0,0,0,0,0,traj_sz=100
6.61222,0.713659,1.33368,-0.906189,0.754363,1.26765,-1.05077,0.10583,18,20,0.0770805,0.10836,-0.3491,1.78642,0,6.61222
6.6321,0.71515,1.33171,-0.910573,0,0,0,0,18,20,0,0,0,0,0,traj_sz=100
6.63222,0.71515,1.33171,-0.910573,0.754363,1.26765,-1.05077,0.10583,18,20,0.0746444,0.107976,-0.337741,1.78494,0,6.63222
6.65202,0.715674,1.33072,-0.909806,0,0,0,0,18,20,0,0,0,0,0,traj_sz=100
6.6521,0.715674,1.33072,-0.909806,0.754363,1.26765,-1.05077,0.10583,18,20,0.0735399,0.108954,-0.340428,1.78443,0,6.6521
6.67198,0.718137,1.32833,-0.921881,0,0,0,0,18,20,0,0,0,0,0,traj_sz=100
6.67212,0.718137,1.32833,-0.921881,0.754363,1.26765,-1.05077,0.10583,18,20,0.0702393,0.107648,-0.260642,1.78199,0,6.67212
6.69206,0.718851,1.3273,-0.921437,0,0,0,0,18,20,0,0,0,0,0,traj_sz=100
6.69227,0.718851,1.3273,-0.921437,0.754363,1.26765,-1.05077,0.10583,18,20,0.0689838,0.108501,-0.262822,1.78129,0,6.69227
6.71199,0.720318,1.32561,-0.927216,0,0,0,0,18,20,0,0,0,0,0,traj_sz=100
6.71219,0.720318,1.32561,-0.927216,0.754363,1.26765,-1.05077,0.10583,18,20,0.0667963,0.108351,-0.223057,1.77985,0,6.71219
6.73205,0.721724,1.3237,-0.929864,0,0,0,0,18,20,0,0,0,0,0,traj_sz=100
6.73215,0.721724,1.3237,-0.929864,0.754363,1.26765,-1.05077,0.10583,18,20,0.0644412,0.108064,-0.203033,1.77847,0,6.73215
6.75212,0.722566,1.32278,-0.933707,0,0,0,0,18,20,0,0,0,0,0,traj_sz=100
6.75224,0.722566,1.32278,-0.933707,0.754363,1.26765,-1.05077,0.10583,18,20,0.0632275,0.108919,-0.176867,1.77764,0,6.75224
6.77202,0.724689,1.32003,-0.940141,0,0,0,0,18,20,0,0,0,0,0,traj_sz=100
6.7722,0.724689,1.32003,-0.940141,0.754363,1.26765,-1.05077,0.10583,19,20,0.0598013,0.107534,-0.3491,1.77556,0,6.7722
6.79199,0.725541,1.31897,-0.941359,0,0,0,0,19,20,0,0,0,0,0,traj_sz=100
6.79209,0.725541,1.31897,-0.941359,0.754363,1.26765,-1.05077,0.10583,19,20,0.0584484,0.108251,-0.3491,1.77473,0,6.79209
6.81194,0.726963,1.3171,-0.94645,0,0,0,0,19,20,0,0,0,0,0,traj_sz=100
6.81204,0.726963,1.3171,-0.94645,0.754363,1.26765,-1.05077,0.10583,19,20,0.0561371,0.107989,-0.3491,1.77334,0,6.81204
6.83209,0.728539,1.31517,-0.951231,0,0,0,0,19,20,0,0,0,0,0,traj_sz=100
6.83224,0.728539,1.31517,-0.951231,0.754363,1.26765,-1.05077,0.10583,19,20,0.0536868,0.107617,-0.3491,1.7718,0,6.83224
6.85206,0.729261,1.31415,-0.953104,0,0,0,0,19,20,0,0,0,0,0,traj_sz=100
6.85223,0.729261,1.31415,-0.953104,0.773656,1.23396,-1.11504,0.104782,19,21,0.0910823,0.108448,-0.3491,1.7711,0,6.85223
6.87196,0.731375,1.31158,-0.961708,0,0,0,0,19,21,0,0,0,0,0,traj_sz=100
6.87216,0.731375,1.31158,-0.961708,0.773656,1.23396,-1.11504,0.104782,19,21,0.087848,0.107209,-0.3491,1.76904,0,6.87216
6.89196,0.731865,1.31069,-0.964347,0,0,0,0,19,21,0,0,0,0,0,traj_sz=100
6.89204,0.731865,1.31069,-0.964347,0.773656,1.23396,-1.11504,0.104782,19,21,0.0868655,0.108278,-0.3491,1.76857,0,6.89204
6.91215,0.733325,1.30893,-0.968003,0,0,0,0,19,21,0,0,0,0,0,traj_sz=100
6.91227,0.733325,1.30893,-0.968003,0.773656,1.23396,-1.11504,0.104782,19,21,0.0846221,0.10811,-0.3491,1.76715,0,6.91227
6.93209,0.734523,1.30703,-0.970434,0,0,0,0,19,21,0,0,0,0,0,traj_sz=100
6.93225,0.734523,1.30703,-0.970434,0.773656,1.23396,-1.11504,0.104782,19,21,0.0823996,0.107948,-0.3491,1.766,0,6.93225
6.952,0.735311,1.30592,-0.970059,0,0,0,0,19,21,0,0,0,0,0,traj_sz=100
6.95209,0.735311,1.30592,-0.970059,0.773656,1.23396,-1.11504,0.104782,19,21,0.0810356,0.108656,-0.3491,1.76524,0,6.95209
6.97198,0.737242,1.3032,-0.978844,0,0,0,0,19,21,0,0,0,0,0,traj_sz=100
6.97207,0.737242,1.3032,-0.978844,0.773656,1.23396,-1.11504,0.104782,19,21,0.0777779,0.107403,-0.3491,1.76338,0,6.97207
6.99201,0.73802,1.30216,-0.980241,0,0,0,0,19,21,0,0,0,0,0,traj_sz=100
6.99214,0.73802,1.30216,-0.980241,0.773656,1.23396,-1.11504,0.104782,19,21,0.0764929,0.108186,-0.3491,1.76263,0,6.99214
7.0119,0.739508,1.30012,-0.98379,0,0,0,0,19,21,0,0,0,0,0,traj_sz=100
7.01202,0.739508,1.30012,-0.98379,0.773656,1.23396,-1.11504,0.104782,19,21,0.0740023,0.107729,-0.32543,1.7612,0,7.01202
7.03204,0.740919,1.29835,-0.99298,0,0,0,0,19,21,0,0,0,0,0,traj_sz=100
7.03244,0.740919,1.29835,-0.99298,0.773656,1.23396,-1.11504,0.104782,19,21,0.0718148,0.107569,-0.262081,1.75984,0,7.03244
7.05202,0.74161,1.29733,-0.993158,0,0,0,0,19,21,0,0,0,0,0,traj_sz=100
7.0521,0.74161,1.29733,-0.993158,0.773656,1.23396,-1.11504,0.104782,19,21,0.0705905,0.108402,-0.261003,1.75918,0,7.0521
7.072,0.743709,1.29428,-0.999017,0,0,0,0,19,21,0,0,0,0,0,traj_sz=100
7.07209,0.743709,1.29428,-0.999017,0.773656,1.23396,-1.11504,0.104782,19,21,0.0669315,0.106772,-0.219597,1.75717,0,7.07209
7.09201,0.744413,1.29345,-1.00394,0,0,0,0,19,21,0,0,0,0,0,traj_sz=100
7.09221,0.744413,1.29345,-1.00394,0.773656,1.23396,-1.11504,0.104782,19,21,0.0658921,0.107782,-0.186084,1.7565,0,7.09221
7.11198,0.74553,1.29136,-1.00795,0,0,0,0,19,21,0,0,0,0,0,traj_sz=100
7.11213,0.74553,1.29136,-1.00795,0.773656,1.23396,-1.11504,0.104782,19,21,0.063557,0.107486,-0.153764,1.75545,0,7.11213
7.13196,0.746354,1.29026,-1.00892,0,0,0,0,19,21,0,0,0,0,0,traj_sz=100
7.13208,0.746354,1.29026,-1.00892,0.773656,1.23396,-1.11504,0.104782,19,21,0.0621901,0.108181,-0.147817,1.75466,0,7.13208
7.15203,0.747788,1.2884,-1.01525,0,0,0,0,19,21,0,0,0,0,0,traj_sz=100
7.15215,0.747788,1.2884,-1.01525,0.773656,1.23396,-1.11504,0.104782,19,21,0.0598964,0.107927,-0.104695,1.75329,0,7.15215
7.17212,0.749785,1.28546,-1.02182,0,0,0,0,19,21,0,0,0,0,0,traj_sz=100
7.17222,0.749785,1.28546,-1.02182,0.773656,1.23396,-1.11504,0.104782,20,21,0.0563847,0.106453,-0.3491,1.7514,0,7.17222
7.19198,0.750514,1.28433,-1.02452,0,0,0,0,20,21,0,0,0,0,0,traj_sz=100
7.19221,0.750514,1.28433,-1.02452,0.773656,1.23396,-1.11504,0.104782,20,21,0.0550623,0.107184,-0.3491,1.75072,0,7.19221
7.21211,0.751898,1.28212,-1.02787,0,0,0,0,20,21,0,0,0,0,0,traj_sz=100
7.21221,0.751898,1.28212,-1.02787,0.790575,1.19944,-1.17588,0.10449,20,22,0.0907754,0.106655,-0.3491,1.74942,0,7.21221
7.23203,0.753134,1.28001,-1.03262,0,0,0,0,20,22,0,0,0,0,0,traj_sz=100
7.23215,0.753134,1.28001,-1.03262,0.790575,1.19944,-1.17588,0.10449,20,22,0.0883697,0.106271,-0.3491,1.74827,0,7.23215
7.25203,0.754154,1.27892,-1.03474,0,0,0,0,20,22,0,0,0,0,0,traj_sz=100
7.25225,0.754154,1.27892,-1.03474,0.790575,1.19944,-1.17588,0.10449,20,22,0.0869315,0.106894,-0.3491,1.74729,0,7.25225
7.27198,0.756224,1.27596,-1.04365,0,0,0,0,20,22,0,0,0,0,0,traj_sz=100
7.27216,0.756224,1.27596,-1.04365,0.790575,1.19944,-1.17588,0.10449,20,22,0.0834091,0.105354,-0.3491,1.74535,0,7.27216
7.29199,0.756832,1.2751,-1.04625,0,0,0,0,20,22,0,0,0,0,0,traj_sz=100
7.29208,0.756832,1.2751,-1.04625,0.790575,1.19944,-1.17588,0.10449,20,22,0.0823846,0.106373,-0.3491,1.74478,0,7.29208
7.31215,0.757958,1.27313,-1.04892,0,0,0,0,20,22,0,0,0,0,0,traj_sz=100
7.31231,0.757958,1.27313,-1.04892,0.790575,1.19944,-1.17588,0.10449,20,22,0.0801391,0.106199,-0.340631,1.74374,0,7.31231
7.33222,0.758906,1.27126,-1.04876,0,0,0,0,20,22,0,0,0,0,0,traj_sz=100
7.33235,0.758906,1.27126,-1.04876,0.790575,1.19944,-1.17588,0.10449,20,22,0.0780463,0.106183,-0.340143,1.74287,0,7.33235
7.35204,0.759638,1.27017,-1.05037,0,0,0,0,20,22,0,0,0,0,0,traj_sz=100
7.35216,0.759638,1.27017,-1.05037,0.790575,1.19944,-1.17588,0.10449,20,22,0.0767511,0.106932,-0.32998,1.74219,0,7.35216
7.37207,0.76141,1.26723,-1.05472,0,0,0,0,20,22,0,0,0,0,0,traj_sz=100
7.37217,0.76141,1.26723,-1.05472,0.790575,1.19944,-1.17588,0.10449,20,22,0.0733573,0.105584,-0.29986,1.74056,0,7.37217
7.39207,0.761913,1.2663,-1.05798,0,0,0,0,20,22,0,0,0,0,0,traj_sz=100
7.39218,0.761913,1.2663,-1.05798,0.790575,1.19944,-1.17588,0.10449,20,22,0.0723229,0.106604,-0.275968,1.7401,0,7.39218
7.41211,0.762689,1.26447,-1.06151,0,0,0,0,20,22,0,0,0,0,0,traj_sz=100
7.41239,0.762689,1.26447,-1.06151,0.790575,1.19944,-1.17588,0.10449,20,22,0.0703737,0.106723,-0.247015,1.73941,0,7.41239
7.43198,0.763607,1.2635,-1.06417,0,0,0,0,20,22,0,0,0,0,0,traj_sz=100
7.43219,0.763607,1.2635,-1.06417,0.790575,1.19944,-1.17588,0.10449,20,22,0.0690984,0.107489,-0.232554,1.73855,0,7.43219
7.45196,0.765086,1.26157,-1.07073,0,0,0,0,20,22,0,0,0,0,0,traj_sz=100
7.45206,0.765086,1.26157,-1.07073,0.790575,1.19944,-1.17588,0.10449,20,22,0.0667425,0.107156,-0.190194,1.73717,0,7.45206
7.47211,0.766974,1.25829,-1.07677,0,0,0,0,20,22,0,0,0,0,0,traj_sz=100
7.47224,0.766974,1.25829,-1.07677,0.790575,1.19944,-1.17588,0.10449,20,22,0.063005,0.105473,-0.146857,1.73545,0,7.47224
7.49205,0.767358,1.25709,-1.0787,0,0,0,0,20,22,0,0,0,0,0,traj_sz=100
7.49213,0.767358,1.25709,-1.0787,0.790575,1.19944,-1.17588,0.10449,20,22,0.0617822,0.106308,-0.12903,1.73513,0,7.49213
7.51203,0.768587,1.25512,-1.08492,0,0,0,0,20,22,0,0,0,0,0,traj_sz=100
7.51212,0.768587,1.25512,-1.08492,0.790575,1.19944,-1.17588,0.10449,20,22,0.0595049,0.106067,-0.0855467,1.73401,0,7.51212
7.53194,0.76983,1.25288,-1.08913,0,0,0,0,20,22,0,0,0,0,0,traj_sz=100
7.53203,0.76983,1.25288,-1.08913,0.790575,1.19944,-1.17588,0.10449,21,22,0.0569731,0.105578,-0.3491,1.73289,0,7.53203
7.55196,0.77053,1.25182,-1.09019,0,0,0,0,21,22,0,0,0,0,0,traj_sz=100
7.55213,0.77053,1.25182,-1.09019,0.790575,1.19944,-1.17588,0.10449,21,22,0.0557178,0.106404,-0.3491,1.73225,0,7.55213
7.57207,0.772204,1.24859,-1.09715,0,0,0,0,21,22,0,0,0,0,0,traj_sz=100
7.57218,0.772204,1.24859,-1.09715,0.790575,1.19944,-1.17588,0.10449,21,22,0.0521219,0.104849,-0.3491,1.73077,0,7.57218
7.59194,0.773016,1.24747,-1.09846,0,0,0,0,21,22,0,0,0,0,0,traj_sz=100
7.59203,0.773016,1.24747,-1.09846,0.805324,1.16406,-1.2335,0.104883,21,23,0.0889744,0.10554,-0.3491,1.73003,0,7.59203
7.61197,0.774113,1.24514,-1.10261,0,0,0,0,21,23,0,0,0,0,0,traj_sz=100
7.61207,0.774113,1.24514,-1.10261,0.805324,1.16406,-1.2335,0.104883,21,23,0.08644,0.105052,-0.3491,1.72907,0,7.61207
7.63194,0.775274,1.24325,-1.1095,0,0,0,0,21,23,0,0,0,0,0,traj_sz=100
7.63219,0.775274,1.24325,-1.1095,0.805324,1.16406,-1.2335,0.104883,21,23,0.0842893,0.104919,-0.3491,1.72803,0,7.63219
7.65198,0.775647,1.24201,-1.10765,0,0,0,0,21,23,0,0,0,0,0,traj_sz=100
7.65205,0.775647,1.24201,-1.10765,0.805324,1.16406,-1.2335,0.104883,21,23,0.0829976,0.105719,-0.3491,1.72773,0,7.65205
7.67191,0.77667,1.23995,-1.11103,0,0,0,0,21,23,0,0,0,0,0,traj_sz=100
7.67203,0.77667,1.23995,-1.11103,0.805324,1.16406,-1.2335,0.104883,21,23,0.0807215,0.105488,-0.338959,1.72684,0,7.67203
7.69196,0.778101,1.23808,-1.1171,0,0,0,0,21,23,0,0,0,0,0,traj_sz=100
7.69205,0.778101,1.23808,-1.1171,0.805324,1.16406,-1.2335,0.104883,21,23,0.0784672,0.105262,-0.302253,1.72553,0,7.69205
7.71193,0.778964,1.23597,-1.119,0,0,0,0,21,23,0,0,0,0,0,traj_sz=100
7.71207,0.778964,1.23597,-1.119,0.805324,1.16406,-1.2335,0.104883,21,23,0.0762013,0.105068,-0.286166,1.72481,0,7.71207
7.73198,0.780183,1.234,-1.1253,0,0,0,0,21,23,0,0,0,0,0,traj_sz=100
7.73222,0.780183,1.234,-1.1253,0.805324,1.16406,-1.2335,0.104883,21,23,0.0739507,0.104881,-0.244289,1.72372,0,7.73222
7.75193,0.780407,1.23287,-1.1235,0,0,0,0,21,23,0,0,0,0,0,traj_sz=100
7.75207,0.780407,1.23287,-1.1235,0.805324,1.16406,-1.2335,0.104883,21,23,0.0728218,0.10585,-0.252836,1.72358,0,7.75207
7.77204,0.782172,1.22984,-1.1317,0,0,0,0,21,23,0,0,0,0,0,traj_sz=100
7.77216,0.782172,1.22984,-1.1317,0.805324,1.16406,-1.2335,0.104883,21,23,0.069379,0.104457,-0.197455,1.72203,0,7.77216
7.792,0.782566,1.22877,-1.13285,0,0,0,0,21,23,0,0,0,0,0,traj_sz=100
7.79212,0.782566,1.22877,-1.13285,0.805324,1.16406,-1.2335,0.104883,21,23,0.0682525,0.105417,-0.187452,1.72171,0,7.79212
7.81195,0.783682,1.22669,-1.13771,0,0,0,0,21,23,0,0,0,0,0,traj_sz=100
7.81204,0.783682,1.22669,-1.13771,0.805324,1.16406,-1.2335,0.104883,21,23,0.0659341,0.105157,-0.153783,1.72074,0,7.81204
7.83204,0.785081,1.22454,-1.1457,0,0,0,0,21,23,0,0,0,0,0,traj_sz=100
7.83215,0.785081,1.22454,-1.1457,0.805324,1.16406,-1.2335,0.104883,21,23,0.0634428,0.104721,-0.100844,1.7195,0,7.83215
7.85191,0.785658,1.22362,-1.14932,0,0,0,0,21,23,0,0,0,0,0,traj_sz=100
7.85201,0.785658,1.22362,-1.14932,0.805324,1.16406,-1.2335,0.104883,21,23,0.062395,0.105734,-0.0765597,1.71899,0,7.85201
7.87192,0.78721,1.22042,-1.15652,0,0,0,0,21,23,0,0,0,0,0,traj_sz=100
7.87197,0.78721,1.22042,-1.15652,0.805324,1.16406,-1.2335,0.104883,21,23,0.0588814,0.10427,-0.0244726,1.71768,0,7.87197
7.89208,0.787912,1.21926,-1.1564,0,0,0,0,21,23,0,0,0,0,0,traj_sz=100
7.89226,0.787912,1.21926,-1.1564,0.805324,1.16406,-1.2335,0.104883,22,23,0.0575341,0.105049,-0.3491,1.71707,0,7.89226
7.91207,0.789017,1.21713,-1.16164,0,0,0,0,22,23,0,0,0,0,0,traj_sz=100
7.91216,0.789017,1.21713,-1.16164,0.805324,1.16406,-1.2335,0.104883,22,23,0.0551798,0.104752,-0.3491,1.71613,0,7.91216
7.93202,0.78996,1.21505,-1.16446,0,0,0,0,22,23,0,0,0,0,0,traj_sz=100
7.93213,0.78996,1.21505,-1.16446,0.805324,1.16406,-1.2335,0.104883,22,23,0.0529097,0.104561,-0.3491,1.71536,0,7.93213
7.95209,0.790377,1.21391,-1.16694,0,0,0,0,22,23,0,0,0,0,0,traj_sz=100
7.95224,0.790377,1.21391,-1.16694,0.818058,1.12775,-1.28783,0.105915,22,24,0.0901075,0.105461,-0.3491,1.71503,0,7.95224
7.972,0.792174,1.21055,-1.17074,0,0,0,0,22,24,0,0,0,0,0,traj_sz=100
7.9721,0.792174,1.21055,-1.17074,0.818058,1.12775,-1.28783,0.105915,22,24,0.0863432,0.103746,-0.342759,1.71351,0,7.9721
7.99199,0.79209,1.20928,-1.16866,0,0,0,0,22,24,0,0,0,0,0,traj_sz=100
7.99213,0.79209,1.20928,-1.16866,0.818058,1.12775,-1.28783,0.105915,22,24,0.0851908,0.104716,-0.3491,1.7137,0,7.99213
8.012,0.79354,1.20724,-1.17283,0,0,0,0,22,24,0,0,0,0,0,traj_sz=100
8.01209,0.79354,1.20724,-1.17283,0.818058,1.12775,-1.28783,0.105915,22,24,0.0827845,0.104366,-0.327552,1.71242,0,8.01209
8.03212,0.794523,1.20526,-1.17671,0,0,0,0,22,24,0,0,0,0,0,traj_sz=100
8.03224,0.794523,1.20526,-1.17671,0.818058,1.12775,-1.28783,0.105915,22,24,0.0806053,0.104266,-0.301721,1.71161,0,8.03224
8.05202,0.794522,1.20413,-1.1734,0,0,0,0,22,24,0,0,0,0,0,traj_sz=100
8.0522,0.794522,1.20413,-1.1734,0.818058,1.12775,-1.28783,0.105915,22,24,0.0795376,0.105317,-0.31907,1.7117,0,8.0522
8.072,0.796247,1.2015,-1.18077,0,0,0,0,22,24,0,0,0,0,0,traj_sz=100
8.07209,0.796247,1.2015,-1.18077,0.818058,1.12775,-1.28783,0.105915,22,24,0.0764997,0.104308,-0.274662,1.71021,0,8.07209
8.09199,0.796697,1.2004,-1.18209,0,0,0,0,22,24,0,0,0,0,0,traj_sz=100
8.0921,0.796697,1.2004,-1.18209,0.818058,1.12775,-1.28783,0.105915,22,24,0.0753249,0.105253,-0.265043,1.70986,0,8.0921
8.1121,0.797374,1.19856,-1.18512,0,0,0,0,22,24,0,0,0,0,0,traj_sz=100
8.11224,0.797374,1.19856,-1.18512,0.818058,1.12775,-1.28783,0.105915,22,24,0.0733874,0.105437,-0.241979,1.70935,0,8.11224
8.13201,0.798037,1.19625,-1.18588,0,0,0,0,22,24,0,0,0,0,0,traj_sz=100
8.13215,0.798037,1.19625,-1.18588,0.818058,1.12775,-1.28783,0.105915,22,24,0.0710091,0.105174,-0.232423,1.70889,0,8.13215
8.15201,0.798794,1.19527,-1.18996,0,0,0,0,22,24,0,0,0,0,0,traj_sz=100
8.15207,0.798794,1.19527,-1.18996,0.818058,1.12775,-1.28783,0.105915,22,24,0.0698442,0.106101,-0.207845,1.70823,0,8.15207
8.17204,0.800238,1.19209,-1.1964,0,0,0,0,22,24,0,0,0,0,0,traj_sz=100
8.17211,0.800238,1.19209,-1.1964,0.818058,1.12775,-1.28783,0.105915,22,24,0.066404,0.104748,-0.163087,1.70708,0,8.17211
8.19209,0.800915,1.191,-1.19938,0,0,0,0,22,24,0,0,0,0,0,traj_sz=100
8.19219,0.800915,1.191,-1.19938,0.818058,1.12775,-1.28783,0.105915,22,24,0.0651598,0.10562,-0.14471,1.70651,0,8.19219
8.21215,0.801834,1.18869,-1.2031,0,0,0,0,22,24,0,0,0,0,0,traj_sz=100
8.21245,0.801834,1.18869,-1.2031,0.818058,1.12775,-1.28783,0.105915,22,24,0.062698,0.105281,-0.117319,1.70581,0,8.21245
8.23198,0.802813,1.18632,-1.20852,0,0,0,0,22,24,0,0,0,0,0,traj_sz=100
8.23207,0.802813,1.18632,-1.20852,0.818058,1.12775,-1.28783,0.105915,22,24,0.0601687,0.104815,-0.0781513,1.70506,0,8.23207
8.25202,0.803289,1.18511,-1.20898,0,0,0,0,22,24,0,0,0,0,0,traj_sz=100
8.2521,0.803289,1.18511,-1.20898,0.818058,1.12775,-1.28783,0.105915,22,24,0.0588731,0.10565,-0.074498,1.7047,0,8.2521
8.27203,0.804476,1.18167,-1.21206,0,0,0,0,22,24,0,0,0,0,0,traj_sz=100
8.27213,0.804476,1.18167,-1.21206,0.818058,1.12775,-1.28783,0.105915,23,24,0.0552572,0.104146,-0.3491,1.70386,0,8.27213
8.29197,0.805122,1.18064,-1.21714,0,0,0,0,23,24,0,0,0,0,0,traj_sz=100
8.29217,0.805122,1.18064,-1.21714,0.818058,1.12775,-1.28783,0.105915,23,24,0.0540947,0.105082,-0.3491,1.70332,0,8.29217
8.31191,0.806028,1.17825,-1.22006,0,0,0,0,23,24,0,0,0,0,0,traj_sz=100
8.31211,0.806028,1.17825,-1.22006,0.828907,1.09044,-1.33824,0.107574,23,25,0.0903269,0.104653,-0.3491,1.70266,0,8.31211
8.33204,0.806939,1.17601,-1.22236,0,0,0,0,23,25,0,0,0,0,0,traj_sz=100
8.33214,0.806939,1.17601,-1.22236,0.828907,1.09044,-1.33824,0.107574,23,25,0.0879316,0.104371,-0.3491,1.70198,0,8.33214
8.35205,0.807693,1.17492,-1.22706,0,0,0,0,23,25,0,0,0,0,0,traj_sz=100
8.35215,0.807693,1.17492,-1.22706,0.828907,1.09044,-1.33824,0.107574,23,25,0.0866903,0.105217,-0.341509,1.70134,0,8.35215
8.37209,0.808561,1.17141,-1.22696,0,0,0,0,23,25,0,0,0,0,0,traj_sz=100
8.37226,0.808561,1.17141,-1.22696,0.828907,1.09044,-1.33824,0.107574,23,25,0.0830866,0.103755,-0.33707,1.70084,0,8.37226
8.39204,0.809492,1.17043,-1.23334,0,0,0,0,23,25,0,0,0,0,0,traj_sz=100
8.39211,0.809492,1.17043,-1.23334,0.828907,1.09044,-1.33824,0.107574,23,25,0.081909,0.104636,-0.299425,1.70002,0,8.39211
8.41209,0.810256,1.16824,-1.2346,0,0,0,0,23,25,0,0,0,0,0,traj_sz=100
8.41216,0.810256,1.16824,-1.2346,0.828907,1.09044,-1.33824,0.107574,23,25,0.0795947,0.104445,-0.290301,1.69949,0,8.41216
8.43202,0.810822,1.1662,-1.23518,0,0,0,0,23,25,0,0,0,0,0,traj_sz=100
8.43216,0.810822,1.1662,-1.23518,0.828907,1.09044,-1.33824,0.107574,23,25,0.0774911,0.104461,-0.28401,1.69915,0,8.43216
8.4519,0.811292,1.16511,-1.23628,0,0,0,0,23,25,0,0,0,0,0,traj_sz=100
8.45199,0.811292,1.16511,-1.23628,0.828907,1.09044,-1.33824,0.107574,23,25,0.0763173,0.105421,-0.277342,1.6988,0,8.45199
8.47203,0.812122,1.16238,-1.24023,0,0,0,0,23,25,0,0,0,0,0,traj_sz=100
8.47212,0.812122,1.16238,-1.24023,0.828907,1.09044,-1.33824,0.107574,23,25,0.0734938,0.104754,-0.247068,1.69827,0,8.47212
8.492,0.812904,1.16115,-1.24314,0,0,0,0,23,25,0,0,0,0,0,traj_sz=100
8.49203,0.812904,1.16115,-1.24314,0.828907,1.09044,-1.33824,0.107574,23,25,0.0720985,0.105498,-0.231117,1.69763,0,8.49203
8.512,0.813675,1.159,-1.24516,0,0,0,0,23,25,0,0,0,0,0,traj_sz=100
8.51204,0.813675,1.159,-1.24516,0.828907,1.09044,-1.33824,0.107574,23,25,0.0698332,0.105391,-0.216821,1.69711,0,8.51204
8.53201,0.814338,1.15675,-1.24978,0,0,0,0,23,25,0,0,0,0,0,traj_sz=100
8.53218,0.814338,1.15675,-1.24978,0.828907,1.09044,-1.33824,0.107574,23,25,0.067515,0.105224,-0.18175,1.6967,0,8.53218
8.55198,0.814843,1.15563,-1.25278,0,0,0,0,23,25,0,0,0,0,0,traj_sz=100
8.55212,0.814843,1.15563,-1.25278,0.828907,1.09044,-1.33824,0.107574,23,25,0.0663153,0.106169,-0.161734,1.69633,0,8.55212
8.572,0.816041,1.15203,-1.25883,0,0,0,0,23,25,0,0,0,0,0,traj_sz=100
8.57207,0.816041,1.15203,-1.25883,0.828907,1.09044,-1.33824,0.107574,23,25,0.062562,0.104541,-0.11722,1.69556,0,8.57207
8.59224,0.816563,1.15125,-1.26312,0,0,0,0,23,25,0,0,0,0,0,traj_sz=100
8.59236,0.816563,1.15125,-1.26312,0.828907,1.09044,-1.33824,0.107574,23,25,0.0616945,0.105846,-0.0899029,1.69513,0,8.59236
8.61206,0.817337,1.14905,-1.2656,0,0,0,0,23,25,0,0,0,0,0,traj_sz=100
8.61217,0.817337,1.14905,-1.2656,0.828907,1.09044,-1.33824,0.107574,23,25,0.0593738,0.10566,-0.0720424,1.69462,0,8.61217
8.63205,0.818031,1.14676,-1.26674,0,0,0,0,23,25,0,0,0,0,0,traj_sz=100
8.63243,0.818031,1.14676,-1.26674,0.828907,1.09044,-1.33824,0.107574,24,25,0.0569969,0.105455,-0.3491,1.6942,0,8.63243
8.65202,0.818135,1.14566,-1.26789,0,0,0,0,24,25,0,0,0,0,0,traj_sz=100
8.6521,0.818135,1.14566,-1.26789,0.828907,1.09044,-1.33824,0.107574,24,25,0.0559163,0.106525,-0.3491,1.69423,0,8.6521
8.67198,0.819533,1.1422,-1.27297,0,0,0,0,24,25,0,0,0,0,0,traj_sz=100
8.67207,0.819533,1.1422,-1.27297,0.838002,1.05204,-1.38313,0.109838,24,26,0.0916137,0.104978,-0.3491,1.69327,0,8.67207
8.69205,0.819566,1.14107,-1.27229,0,0,0,0,24,26,0,0,0,0,0,traj_sz=100
8.69227,0.819566,1.14107,-1.27229,0.838002,1.05204,-1.38313,0.109838,24,26,0.0905122,0.106073,-0.3491,1.69337,0,8.69227
8.71193,0.820381,1.13863,-1.2768,0,0,0,0,24,26,0,0,0,0,0,traj_sz=100
8.71209,0.820381,1.13863,-1.2768,0.838002,1.05204,-1.38313,0.109838,24,26,0.0879798,0.105653,-0.3491,1.69287,0,8.71209
8.73198,0.821629,1.13651,-1.28449,0,0,0,0,24,26,0,0,0,0,0,traj_sz=100
8.7321,0.821629,1.13651,-1.28449,0.838002,1.05204,-1.38313,0.109838,24,26,0.0856519,0.105432,-0.305455,1.6919,0,8.7321
8.75207,0.821626,1.13528,-1.28349,0,0,0,0,24,26,0,0,0,0,0,traj_sz=100
8.7522,0.821626,1.13528,-1.28349,0.838002,1.05204,-1.38313,0.109838,24,26,0.0844651,0.106434,-0.307481,1.69205,0,8.7522
8.77195,0.823005,1.13201,-1.28865,0,0,0,0,24,26,0,0,0,0,0,traj_sz=100
8.77205,0.823005,1.13201,-1.28865,0.838002,1.05204,-1.38313,0.109838,24,26,0.0809831,0.105065,-0.276515,1.6911,0,8.77205
8.79196,0.822962,1.13079,-1.28817,0,0,0,0,24,26,0,0,0,0,0,traj_sz=100
8.79217,0.822962,1.13079,-1.28817,0.838002,1.05204,-1.38313,0.109838,24,26,0.0798216,0.106086,-0.274256,1.6913,0,8.79217
8.81194,0.823747,1.12881,-1.2911,0,0,0,0,24,26,0,0,0,0,0,traj_sz=100
8.81205,0.823747,1.12881,-1.2911,0.838002,1.05204,-1.38313,0.109838,24,26,0.0777231,0.106144,-0.256156,1.69078,0,8.81205
8.83196,0.824387,1.12678,-1.29541,0,0,0,0,24,26,0,0,0,0,0,traj_sz=100
8.83204,0.824387,1.12678,-1.29541,0.838002,1.05204,-1.38313,0.109838,24,26,0.0756273,0.10624,-0.225863,1.69042,0,8.83204
8.852,0.824952,1.12571,-1.29874,0,0,0,0,24,26,0,0,0,0,0,traj_sz=100
8.85211,0.824952,1.12571,-1.29874,0.838002,1.05204,-1.38313,0.109838,24,26,0.0744637,0.107283,-0.205502,1.69,0,8.85211
8.87197,0.825812,1.12247,-1.30237,0,0,0,0,24,26,0,0,0,0,0,traj_sz=100
8.87205,0.825812,1.12247,-1.30237,0.838002,1.05204,-1.38313,0.109838,24,26,0.0711397,0.106154,-0.17819,1.68958,0,8.87205
8.89199,0.826247,1.12135,-1.30563,0,0,0,0,24,26,0,0,0,0,0,traj_sz=100
8.89207,0.826247,1.12135,-1.30563,0.838002,1.05204,-1.38313,0.109838,24,26,0.0699713,0.107189,-0.156331,1.6893,0,8.89207
8.91202,0.827102,1.11918,-1.31024,0,0,0,0,24,26,0,0,0,0,0,traj_sz=100
8.91214,0.827102,1.11918,-1.31024,0.838002,1.05204,-1.38313,0.109838,24,26,0.0676811,0.107099,-0.12635,1.68875,0,8.91214
8.93209,0.827788,1.11688,-1.313,0,0,0,0,24,26,0,0,0,0,0,traj_sz=100
8.93217,0.827788,1.11688,-1.313,0.838002,1.05204,-1.38313,0.109838,24,26,0.0653039,0.106932,-0.106713,1.68838,0,8.93217
8.95202,0.827803,1.11569,-1.3132,0,0,0,0,24,26,0,0,0,0,0,traj_sz=100
8.95219,0.827803,1.11569,-1.3132,0.838002,1.05204,-1.38313,0.109838,24,26,0.0641499,0.108005,-0.10051,1.68853,0,8.95219
8.97203,0.829266,1.11229,-1.32119,0,0,0,0,24,26,0,0,0,0,0,traj_sz=100
8.97212,0.829266,1.11229,-1.32119,0.838002,1.05204,-1.38313,0.109838,24,26,0.0605438,0.106562,-0.0498258,1.68756,0,8.97212
8.99193,0.829305,1.11105,-1.31929,0,0,0,0,24,26,0,0,0,0,0,traj_sz=100
8.99203,0.829305,1.11105,-1.31929,0.838002,1.05204,-1.38313,0.109838,24,26,0.0593173,0.107565,-0.0588629,1.6877,0,8.99203
9.01206,0.830063,1.10876,-1.32441,0,0,0,0,24,26,0,0,0,0,0,traj_sz=100
9.0123,0.830063,1.10876,-1.32441,0.838002,1.05204,-1.38313,0.109838,25,26,0.056942,0.10741,-0.3491,1.68727,0,9.0123
9.03199,0.830476,1.10642,-1.32635,0,0,0,0,25,26,0,0,0,0,0,traj_sz=100
9.03212,0.830476,1.10642,-1.32635,0.838002,1.05204,-1.38313,0.109838,25,26,0.0545822,0.107245,-0.337842,1.6872,0,9.03212
9.05202,0.831254,1.10538,-1.33076,0,0,0,0,25,26,0,0,0,0,0,traj_sz=100
9.05214,0.831254,1.10538,-1.33076,0.84552,1.01245,-1.4216,0.1126,25,27,0.0936616,0.108279,-0.313912,1.68658,0,9.05214
9.0721,0.832001,1.10181,-1.33317,0,0,0,0,25,27,0,0,0,0,0,traj_sz=100
9.07224,0.832001,1.10181,-1.33317,0.84552,1.01245,-1.4216,0.1126,25,27,0.0900324,0.106865,-0.295105,1.68636,0,9.07224
9.09198,0.832616,1.10068,-1.3371,0,0,0,0,25,27,0,0,0,0,0,traj_sz=100
9.09216,0.832616,1.10068,-1.3371,0.84552,1.01245,-1.4216,0.1126,25,27,0.0888211,0.107832,-0.271872,1.68592,0,9.09216
9.11197,0.833147,1.09858,-1.34016,0,0,0,0,25,27,0,0,0,0,0,traj_sz=100
9.11216,0.833147,1.09858,-1.34016,0.84552,1.01245,-1.4216,0.1126,25,27,0.0866786,0.107893,-0.250302,1.68571,0,9.11216
9.13204,0.833319,1.0965,-1.33721,0,0,0,0,25,27,0,0,0,0,0,traj_sz=100
9.13216,0.833319,1.0965,-1.33721,0.84552,1.01245,-1.4216,0.1126,25,27,0.08459,0.108055,-0.266891,1.68585,0,9.13216
9.152,0.833987,1.09547,-1.34089,0,0,0,0,25,27,0,0,0,0,0,traj_sz=100
9.15222,0.833987,1.09547,-1.34089,0.84552,1.01245,-1.4216,0.1126,25,27,0.0834673,0.109129,-0.246604,1.68534,0,9.15222
9.17198,0.834812,1.09239,-1.3463,0,0,0,0,25,27,0,0,0,0,0,traj_sz=100
9.17221,0.834812,1.09239,-1.3463,0.84552,1.01245,-1.4216,0.1126,25,27,0.0803142,0.108158,-0.209006,1.685,0,9.17221
9.19203,0.835074,1.09124,-1.34698,0,0,0,0,25,27,0,0,0,0,0,traj_sz=100
9.19213,0.835074,1.09124,-1.34698,0.84552,1.01245,-1.4216,0.1126,25,27,0.0791396,0.109262,-0.203935,1.68491,0,9.19213
9.21194,0.835649,1.0892,-1.35123,0,0,0,0,25,27,0,0,0,0,0,traj_sz=100
9.21205,0.835649,1.0892,-1.35123,0.84552,1.01245,-1.4216,0.1126,25,27,0.0770621,0.109434,-0.174749,1.68466,0,9.21205
9.23194,0.835887,1.08706,-1.34925,0,0,0,0,25,27,0,0,0,0,0,traj_sz=100
9.23204,0.835887,1.08706,-1.34925,0.84552,1.01245,-1.4216,0.1126,25,27,0.074904,0.10958,-0.185062,1.68476,0,9.23204
9.25205,0.836402,1.08595,-1.35318,0,0,0,0,25,27,0,0,0,0,0,traj_sz=100
9.25219,0.836402,1.08595,-1.35318,0.84552,1.01245,-1.4216,0.1126,25,27,0.0737333,0.110687,-0.160397,1.68442,0,9.25219
9.27203,0.836947,1.08363,-1.35684,0,0,0,0,25,27,0,0,0,0,0,traj_sz=100
9.27236,0.836947,1.08363,-1.35684,0.84552,1.01245,-1.4216,0.1126,25,27,0.0713785,0.110613,-0.134028,1.68425,0,9.27236
9.29204,0.837207,1.0814,-1.35815,0,0,0,0,25,27,0,0,0,0,0,traj_sz=100
9.29218,0.837207,1.0814,-1.35815,0.84552,1.01245,-1.4216,0.1126,25,27,0.0691481,0.110646,-0.120622,1.68435,0,9.29218
9.31199,0.837853,1.07902,-1.36317,0,0,0,0,25,27,0,0,0,0,0,traj_sz=100
9.31208,0.837853,1.07902,-1.36317,0.84552,1.01245,-1.4216,0.1126,25,27,0.0667163,0.110461,-0.0857023,1.68409,0,9.31208
9.33211,0.838522,1.07673,-1.36761,0,0,0,0,25,27,0,0,0,0,0,traj_sz=100
9.33226,0.838522,1.07673,-1.36761,0.84552,1.01245,-1.4216,0.1126,25,27,0.0643658,0.110391,-0.0555827,1.6838,0,9.33226
9.35193,0.839036,1.07549,-1.37028,0,0,0,0,25,27,0,0,0,0,0,traj_sz=100
9.35203,0.839036,1.07549,-1.37028,0.84552,1.01245,-1.4216,0.1126,25,27,0.0630721,0.111342,-0.0396107,1.6835,0,9.35203
9.37195,0.839304,1.07285,-1.3717,0,0,0,0,25,27,0,0,0,0,0,traj_sz=100
9.37217,0.839304,1.07285,-1.3717,0.84552,1.01245,-1.4216,0.1126,25,27,0.0604321,0.110999,-0.0241091,1.68366,0,9.37217
9.39202,0.839893,1.07026,-1.37645,0,0,0,0,25,27,0,0,0,0,0,traj_sz=100
9.39211,0.839893,1.07026,-1.37645,0.84552,1.01245,-1.4216,0.1126,26,27,0.0578097,0.110634,-0.276859,1.68351,0,9.39211
9.41191,0.841014,1.06774,-1.38283,0,0,0,0,26,27,0,0,0,0,0,traj_sz=100
9.41201,0.841014,1.06774,-1.38283,0.84552,1.01245,-1.4216,0.1126,26,27,0.055162,0.110219,-0.240395,1.68283,0,9.41201
9.43203,0.841103,1.06494,-1.3825,0,0,0,0,26,27,0,0,0,0,0,traj_sz=100
9.4322,0.841103,1.06494,-1.3825,0.85166,0.971596,-1.45304,0.115632,26,28,0.0936737,0.109767,-0.236259,1.68321,0,9.4322
9.45212,0.841771,1.06362,-1.38639,0,0,0,0,26,28,0,0,0,0,0,traj_sz=100
9.45222,0.841771,1.06362,-1.38639,0.85166,0.971596,-1.45304,0.115632,26,28,0.0922751,0.110626,-0.214398,1.68278,0,9.45222
9.47197,0.842324,1.05968,-1.38763,0,0,0,0,26,28,0,0,0,0,0,traj_sz=100
9.47207,0.842324,1.05968,-1.38763,0.85166,0.971596,-1.45304,0.115632,26,28,0.088311,0.108928,-0.2026,1.68291,0,9.47207
9.49197,0.842983,1.05852,-1.39148,0,0,0,0,26,28,0,0,0,0,0,traj_sz=100
9.49247,0.842983,1.05852,-1.39148,0.85166,0.971596,-1.45304,0.115632,26,28,0.087078,0.109968,-0.181335,1.68246,0,9.49247
9.51209,0.843554,1.05603,-1.3932,0,0,0,0,26,28,0,0,0,0,0,traj_sz=100
9.51219,0.843554,1.05603,-1.3932,0.85166,0.971596,-1.45304,0.115632,26,28,0.0845402,0.109702,-0.170404,1.68233,0,9.51219
9.53201,0.844012,1.05362,-1.39527,0,0,0,0,26,28,0,0,0,0,0,traj_sz=100
9.53208,0.844012,1.05362,-1.39527,0.85166,0.971596,-1.45304,0.115632,26,28,0.0820966,0.10952,-0.155494,1.6823,0,9.53208
9.55205,0.844091,1.05238,-1.39613,0,0,0,0,26,28,0,0,0,0,0,traj_sz=100
9.55217,0.844091,1.05238,-1.39613,0.85166,0.971596,-1.45304,0.115632,26,28,0.0808734,0.11064,-0.147046,1.68244,0,9.55217
9.57196,0.844773,1.04936,-1.39854,0,0,0,0,26,28,0,0,0,0,0,traj_sz=100
9.57217,0.844773,1.04936,-1.39854,0.85166,0.971596,-1.45304,0.115632,26,28,0.0777927,0.109897,-0.13128,1.68231,0,9.57217
9.59205,0.845095,1.04828,-1.39986,0,0,0,0,26,28,0,0,0,0,0,traj_sz=100
9.59229,0.845095,1.04828,-1.39986,0.85166,0.971596,-1.45304,0.115632,26,28,0.0766833,0.111154,-0.1235,1.68218,0,9.59229
9.61203,0.845366,1.04616,-1.4009,0,0,0,0,26,28,0,0,0,0,0,traj_sz=100
9.61213,0.845366,1.04616,-1.4009,0.85166,0.971596,-1.45304,0.115632,26,28,0.0745561,0.111365,-0.114039,1.6823,0,9.61213
9.63207,0.845939,1.04512,-1.40553,0,0,0,0,26,28,0,0,0,0,0,traj_sz=100
9.63221,0.845939,1.04512,-1.40553,0.85166,0.971596,-1.45304,0.115632,26,28,0.0734595,0.112601,-0.0862652,1.68193,0,9.63221
9.65207,0.846172,1.04263,-1.40504,0,0,0,0,26,28,0,0,0,0,0,traj_sz=100
9.65233,0.846172,1.04263,-1.40504,0.85166,0.971596,-1.45304,0.115632,26,28,0.0709664,0.112489,-0.0862242,1.68215,0,9.65233
9.67191,0.847188,1.0391,-1.4123,0,0,0,0,26,28,0,0,0,0,0,traj_sz=100
9.67212,0.847188,1.0391,-1.4123,0.85166,0.971596,-1.45304,0.115632,26,28,0.0673683,0.111176,-0.0390775,1.6818,0,9.67212
9.692,0.847215,1.03774,-1.41259,0,0,0,0,26,28,0,0,0,0,0,traj_sz=100
9.69222,0.847215,1.03774,-1.41259,0.85166,0.971596,-1.45304,0.115632,26,28,0.0660159,0.112197,-0.0335753,1.68202,0,9.69222
9.71202,0.847962,1.03514,-1.41603,0,0,0,0,26,28,0,0,0,0,0,traj_sz=100
9.71214,0.847962,1.03514,-1.41603,0.85166,0.971596,-1.45304,0.115632,26,28,0.0633576,0.111867,-0.0125246,1.68177,0,9.71214
9.73198,0.847986,1.03374,-1.41538,0,0,0,0,26,28,0,0,0,0,0,traj_sz=100
9.73217,0.847986,1.03374,-1.41538,0.85166,0.971596,-1.45304,0.115632,26,28,0.0619675,0.112845,-0.0136556,1.68201,0,9.73217
9.75205,0.848608,1.03131,-1.41933,0,0,0,0,26,28,0,0,0,0,0,traj_sz=100
9.75228,0.848608,1.03131,-1.41933,0.85166,0.971596,-1.45304,0.115632,27,28,0.0594897,0.112715,-0.227356,1.68186,0,9.75228
9.77205,0.849271,1.02729,-1.42375,0,0,0,0,27,28,0,0,0,0,0,traj_sz=100
9.77214,0.849271,1.02729,-1.42375,0.856644,0.929468,-1.47687,0.11859,27,29,0.0978452,0.110987,-0.19646,1.68198,0,9.77214
9.79202,0.849694,1.02611,-1.42603,0,0,0,0,27,29,0,0,0,0,0,traj_sz=100
9.79212,0.849694,1.02611,-1.42603,0.856644,0.929468,-1.47687,0.11859,27,29,0.0966375,0.112117,-0.18367,1.68179,0,9.79212
9.81201,0.849742,1.02342,-1.42656,0,0,0,0,27,29,0,0,0,0,0,traj_sz=100
9.81217,0.849742,1.02342,-1.42656,0.856644,0.929468,-1.47687,0.11859,27,29,0.0939673,0.111814,-0.174583,1.68226,0,9.81217
9.832,0.850324,1.02212,-1.42814,0,0,0,0,27,29,0,0,0,0,0,traj_sz=100
9.8322,0.850324,1.02212,-1.42814,0.856644,0.929468,-1.47687,0.11859,27,29,0.0926108,0.112803,-0.168918,1.68194,0,9.8322
9.85206,0.850555,1.01939,-1.42771,0,0,0,0,27,29,0,0,0,0,0,traj_sz=100
9.85217,0.850555,1.01939,-1.42771,0.856644,0.929468,-1.47687,0.11859,27,29,0.0898717,0.112427,-0.169364,1.68225,0,9.85217
9.87218,0.851311,1.01543,-1.43115,0,0,0,0,27,29,0,0,0,0,0,traj_sz=100
9.8724,0.851311,1.01543,-1.43115,0.856644,0.929468,-1.47687,0.11859,27,29,0.0858631,0.110779,-0.146967,1.68229,0,9.8724
9.89198,0.851693,1.01417,-1.43319,0,0,0,0,27,29,0,0,0,0,0,traj_sz=100
9.89208,0.851693,1.01417,-1.43319,0.856644,0.929468,-1.47687,0.11859,27,29,0.0845822,0.111805,-0.135157,1.68217,0,9.89208
9.91204,0.851675,1.01155,-1.43205,0,0,0,0,27,29,0,0,0,0,0,traj_sz=100
9.91237,0.851675,1.01155,-1.43205,0.856644,0.929468,-1.47687,0.11859,27,29,0.0819777,0.111626,-0.13725,1.68271,0,9.91237
9.93201,0.852363,1.00887,-1.43615,0,0,0,0,27,29,0,0,0,0,0,traj_sz=100
9.93213,0.852363,1.00887,-1.43615,0.856644,0.929468,-1.47687,0.11859,27,29,0.0792548,0.111274,-0.11196,1.68258,0,9.93213
9.95201,0.852512,1.00753,-1.43616,0,0,0,0,27,29,0,0,0,0,0,traj_sz=100
9.9521,0.852512,1.00753,-1.43616,0.856644,0.929468,-1.47687,0.11859,27,29,0.0779148,0.112361,-0.111065,1.68271,0,9.9521
9.97199,0.85302,1.00375,-1.44008,0,0,0,0,27,29,0,0,0,0,0,traj_sz=100
9.97215,0.85302,1.00375,-1.44008,0.856644,0.929468,-1.47687,0.11859,27,29,0.0741195,0.110973,-0.0819691,1.68298,0,9.97215
9.99198,0.85365,1.00258,-1.44401,0,0,0,0,27,29,0,0,0,0,0,traj_sz=100
9.99209,0.85365,1.00258,-1.44401,0.856644,0.929468,-1.47687,0.11859,27,29,0.0729031,0.112149,-0.0604153,1.68261,0,9.99209
10.012,0.853657,1.00002,-1.4432,0,0,0,0,27,29,0,0,0,0,0,traj_sz=100
10.0121,0.853657,1.00002,-1.4432,0.856644,0.929468,-1.47687,0.11859,27,29,0.0703634,0.112054,-0.0606899,1.68313,0,10.0121
10.0319,0.854164,0.997409,-1.44728,0,0,0,0,27,29,0,0,0,0,0,traj_sz=100
10.0321,0.854164,0.997409,-1.44728,0.856644,0.929468,-1.47687,0.11859,27,29,0.0677294,0.111814,-0.0329381,1.68318,0,10.0321
10.052,0.854342,0.996116,-1.4478,0,0,0,0,27,29,0,0,0,0,0,traj_sz=100
10.0521,0.854342,0.996116,-1.4478,0.856644,0.929468,-1.47687,0.11859,27,29,0.0664267,0.112937,-0.0290147,1.68328,0,10.0521
10.072,0.854954,0.992326,-1.45269,0,0,0,0,27,29,0,0,0,0,0,traj_sz=100
10.0721,0.854954,0.992326,-1.45269,0.856644,0.929468,-1.47687,0.11859,28,29,0.062619,0.111533,-0.183211,1.68348,0,10.0721
10.092,0.855355,0.990977,-1.45573,0,0,0,0,28,29,0,0,0,0,0,traj_sz=100
10.0921,0.855355,0.990977,-1.45573,0.856644,0.929468,-1.47687,0.11859,28,29,0.0612501,0.112566,-0.164891,1.68338,0,10.0921
10.1121,0.855575,0.988318,-1.45659,0,0,0,0,28,29,0,0,0,0,0,traj_sz=100
10.1122,0.855575,0.988318,-1.45659,0.856644,0.929468,-1.47687,0.11859,28,29,0.0585886,0.112341,-0.1573,1.68373,0,10.1122
10.1321,0.856057,0.985979,-1.45829,0,0,0,0,28,29,0,0,0,0,0,traj_sz=100
10.1323,0.856057,0.985979,-1.45829,0.860725,0.886153,-1.49249,0.121082,28,30,0.0997194,0.112402,-0.148114,1.68376,0,10.1323
10.1521,0.85643,0.984943,-1.46108,0,0,0,0,28,30,0,0,0,0,0,traj_sz=100
10.1523,0.85643,0.984943,-1.46108,0.860725,0.886153,-1.49249,0.121082,28,30,0.0986658,0.113749,-0.13178,1.68362,0,10.1523
10.1721,0.856605,0.981445,-1.46047,0,0,0,0,28,30,0,0,0,0,0,traj_sz=100
10.1722,0.856605,0.981445,-1.46047,0.860725,0.886153,-1.49249,0.121082,28,30,0.0951659,0.112677,-0.132655,1.68421,0,10.1722
10.192,0.857189,0.980392,-1.46348,0,0,0,0,28,30,0,0,0,0,0,traj_sz=100
10.1922,0.857189,0.980392,-1.46348,0.860725,0.886153,-1.49249,0.121082,28,30,0.0940752,0.113985,-0.117776,1.68388,0,10.1922
10.2121,0.857449,0.977887,-1.46466,0,0,0,0,28,30,0,0,0,0,0,traj_sz=100
10.2122,0.857449,0.977887,-1.46466,0.860725,0.886153,-1.49249,0.121082,28,30,0.0915648,0.113901,-0.108754,1.68417,0,10.2122
10.232,0.857832,0.975225,-1.46741,0,0,0,0,28,30,0,0,0,0,0,traj_sz=100
10.2322,0.857832,0.975225,-1.46741,0.860725,0.886153,-1.49249,0.121082,28,30,0.0888952,0.113643,-0.0899903,1.68439,0,10.2322
10.2521,0.857886,0.973935,-1.46708,0,0,0,0,28,30,0,0,0,0,0,traj_sz=100
10.2522,0.857886,0.973935,-1.46708,0.860725,0.886153,-1.49249,0.121082,28,30,0.0876042,0.114782,-0.0908669,1.68463,0,10.2522
10.2719,0.858562,0.969973,-1.4714,0,0,0,0,28,30,0,0,0,0,0,traj_sz=100
10.272,0.858562,0.969973,-1.4714,0.860725,0.886153,-1.49249,0.121082,28,30,0.0836208,0.113174,-0.0628407,1.68486,0,10.272
10.292,0.858572,0.968592,-1.47151,0,0,0,0,28,30,0,0,0,0,0,traj_sz=100
10.2922,0.858572,0.968592,-1.47151,0.860725,0.886153,-1.49249,0.121082,28,30,0.0822467,0.114304,-0.0598175,1.68516,0,10.2922
10.3121,0.859173,0.965898,-1.47511,0,0,0,0,28,30,0,0,0,0,0,traj_sz=100
10.3122,0.859173,0.965898,-1.47511,0.860725,0.886153,-1.49249,0.121082,28,30,0.0795289,0.114038,-0.0380678,1.68518,0,10.3122
10.332,0.859256,0.963118,-1.47602,0,0,0,0,28,30,0,0,0,0,0,traj_sz=100
10.3321,0.859256,0.963118,-1.47602,0.860725,0.886153,-1.49249,0.121082,28,30,0.0767588,0.11374,-0.0278612,1.68574,0,10.3321
10.352,0.859258,0.961855,-1.47604,0,0,0,0,28,30,0,0,0,0,0,traj_sz=100
10.3521,0.859258,0.961855,-1.47604,0.860725,0.886153,-1.49249,0.121082,28,30,0.0755013,0.11497,-0.0255341,1.68603,0,10.3521
10.3721,0.860056,0.957873,-1.4812,0,0,0,0,28,30,0,0,0,0,0,traj_sz=100
10.3723,0.860056,0.957873,-1.4812,0.860725,0.886153,-1.49249,0.121082,28,30,0.0714924,0.113429,0.00675246,1.68617,0,10.3723
10.3921,0.860115,0.956486,-1.48184,0,0,0,0,28,30,0,0,0,0,0,traj_sz=100
10.3922,0.860115,0.956486,-1.48184,0.860725,0.886153,-1.49249,0.121082,28,30,0.0701092,0.114517,0.0129785,1.68644,0,10.3922
10.4121,0.86062,0.953905,-1.48578,0,0,0,0,28,30,0,0,0,0,0,traj_sz=100
10.4122,0.86062,0.953905,-1.48578,0.860725,0.886153,-1.49249,0.121082,28,30,0.0675164,0.114373,0.0383176,1.68655,0,10.4122
10.432,0.860613,0.951319,-1.4857,0,0,0,0,28,30,0,0,0,0,0,traj_sz=100
10.4321,0.860613,0.951319,-1.4857,0.860725,0.886153,-1.49249,0.121082,28,30,0.0649399,0.114275,0.0424038,1.68717,0,10.4321
10.452,0.861184,0.950001,-1.48771,0,0,0,0,28,30,0,0,0,0,0,traj_sz=100
10.4522,0.861184,0.950001,-1.48771,0.860725,0.886153,-1.49249,0.121082,29,30,0.0635895,0.115398,-0.0848561,1.68693,0,10.4522
10.4721,0.861661,0.946291,-1.49016,0,0,0,0,29,30,0,0,0,0,0,traj_sz=100
10.4721,0.861661,0.946291,-1.49016,0.860725,0.886153,-1.49249,0.121082,29,30,0.059867,0.114133,-0.0691723,1.68735,0,10.4721
10.4921,0.861655,0.944985,-1.49009,0,0,0,0,29,30,0,0,0,0,0,traj_sz=100
10.4921,0.861655,0.944985,-1.49009,0.864199,0.841868,-1.49933,0.12281,29,31,0.102987,0.115318,-0.0676987,1.68766,0,10.4921
10.512,0.861711,0.94262,-1.48982,0,0,0,0,29,31,0,0,0,0,0,traj_sz=100
10.5121,0.861711,0.94262,-1.48982,0.864199,0.841868,-1.49933,0.12281,29,31,0.100623,0.11544,-0.0671964,1.68818,0,10.5121
10.5321,0.861992,0.940286,-1.4909,0,0,0,0,29,31,0,0,0,0,0,traj_sz=100
10.5322,0.861992,0.940286,-1.4909,0.864199,0.841868,-1.49933,0.12281,29,31,0.0982806,0.115575,-0.0603228,1.68847,0,10.5322
10.552,0.862476,0.93907,-1.4934,0,0,0,0,29,31,0,0,0,0,0,traj_sz=100
10.5521,0.862476,0.93907,-1.4934,0.864199,0.841868,-1.49933,0.12281,29,31,0.0970445,0.116794,-0.047811,1.6883,0,10.5521
10.5721,0.862419,0.935533,-1.49061,0,0,0,0,29,31,0,0,0,0,0,traj_sz=100
10.5722,0.862419,0.935533,-1.49061,0.864199,0.841868,-1.49933,0.12281,29,31,0.0935065,0.115769,-0.0621085,1.68922,0,10.5722
10.592,0.862525,0.934288,-1.49179,0,0,0,0,29,31,0,0,0,0,0,traj_sz=100
10.5921,0.862525,0.934288,-1.49179,0.864199,0.841868,-1.49933,0.12281,29,31,0.0922633,0.116991,-0.0534338,1.68942,0,10.5921
10.612,0.86291,0.931932,-1.4945,0,0,0,0,29,31,0,0,0,0,0,traj_sz=100
10.6123,0.86291,0.931932,-1.4945,0.864199,0.841868,-1.49933,0.12281,29,31,0.0898999,0.117117,-0.0363752,1.68963,0,10.6123
10.632,0.863124,0.929463,-1.49267,0,0,0,0,29,31,0,0,0,0,0,traj_sz=100
10.6322,0.863124,0.929463,-1.49267,0.864199,0.841868,-1.49933,0.12281,29,31,0.0874121,0.117101,-0.0492316,1.69003,0,10.6322
10.6521,0.863188,0.928278,-1.49338,0,0,0,0,29,31,0,0,0,0,0,traj_sz=100
10.6522,0.863188,0.928278,-1.49338,0.864199,0.841868,-1.49933,0.12281,29,31,0.0862294,0.118423,-0.0434115,1.69027,0,10.6522
10.6721,0.863695,0.924466,-1.49639,0,0,0,0,29,31,0,0,0,0,0,traj_sz=100
10.6722,0.863695,0.924466,-1.49639,0.864199,0.841868,-1.49933,0.12281,29,31,0.0824065,0.117094,-0.0239414,1.69073,0,10.6722
10.6921,0.863669,0.923193,-1.4961,0,0,0,0,29,31,0,0,0,0,0,traj_sz=100
10.6922,0.863669,0.923193,-1.4961,0.864199,0.841868,-1.49933,0.12281,29,31,0.0811382,0.118342,-0.0238648,1.69108,0,10.6922
10.7121,0.864226,0.920579,-1.49948,0,0,0,0,29,31,0,0,0,0,0,traj_sz=100
10.7122,0.864226,0.920579,-1.49948,0.864199,0.841868,-1.49933,0.12281,29,31,0.0785086,0.118197,-0.00415253,1.6912,0,10.7122
10.732,0.864238,0.919283,-1.49826,0,0,0,0,29,31,0,0,0,0,0,traj_sz=100
10.7321,0.864238,0.919283,-1.49826,0.864199,0.841868,-1.49933,0.12281,29,31,0.0772091,0.119405,-0.0112968,1.69152,0,10.7321
10.7522,0.864666,0.916512,-1.50148,0,0,0,0,29,31,0,0,0,0,0,traj_sz=100
10.7523,0.864666,0.916512,-1.50148,0.864199,0.841868,-1.49933,0.12281,29,31,0.074432,0.119152,0.00936337,1.69181,0,10.7523
10.7721,0.864852,0.912583,-1.50071,0,0,0,0,29,31,0,0,0,0,0,traj_sz=100
10.7723,0.864852,0.912583,-1.50071,0.864199,0.841868,-1.49933,0.12281,29,31,0.070496,0.117727,0.00660027,1.69264,0,10.7723
10.7921,0.864888,0.911162,-1.50112,0,0,0,0,29,31,0,0,0,0,0,traj_sz=100
10.7922,0.864888,0.911162,-1.50112,0.864199,0.841868,-1.49933,0.12281,29,31,0.0690781,0.118813,0.0109758,1.69298,0,10.7922
10.8119,0.865331,0.90849,-1.50227,0,0,0,0,29,31,0,0,0,0,0,traj_sz=100
10.812,0.865331,0.90849,-1.50227,0.864199,0.841868,-1.49933,0.12281,29,31,0.0663885,0.118607,0.0164347,1.69324,0,10.812
10.8321,0.865402,0.905892,-1.50305,0,0,0,0,29,31,0,0,0,0,0,traj_sz=100
10.8323,0.865402,0.905892,-1.50305,0.864199,0.841868,-1.49933,0.12281,30,31,0.0637957,0.118548,-0.0539416,1.69385,0,10.8323
10.852,0.865893,0.904513,-1.50465,0,0,0,0,30,31,0,0,0,0,0,traj_sz=100
10.8521,0.865893,0.904513,-1.50465,0.864199,0.841868,-1.49933,0.12281,30,31,0.0623961,0.119632,-0.0481396,1.69374,0,10.8521
10.8722,0.865939,0.900598,-1.50515,0,0,0,0,30,31,0,0,0,0,0,traj_sz=100
10.8724,0.865939,0.900598,-1.50515,0.867417,0.796928,-1.49689,0.123515,30,32,0.103544,0.118266,-0.0406277,1.69473,0,10.8724
10.892,0.865951,0.899393,-1.50437,0,0,0,0,30,32,0,0,0,0,0,traj_sz=100
10.8921,0.865951,0.899393,-1.50437,0.867417,0.796928,-1.49689,0.123515,30,32,0.102336,0.119545,-0.0450711,1.69504,0,10.8921
10.9121,0.866603,0.896786,-1.5072,0,0,0,0,30,32,0,0,0,0,0,traj_sz=100
10.9122,0.866603,0.896786,-1.5072,0.867417,0.796928,-1.49689,0.123515,30,32,0.0997083,0.11942,-0.0313455,1.69511,0,10.9122
10.932,0.866596,0.894119,-1.50712,0,0,0,0,30,32,0,0,0,0,0,traj_sz=100
10.9321,0.866596,0.894119,-1.50712,0.867417,0.796928,-1.49689,0.123515,30,32,0.0970467,0.119269,-0.0286909,1.69583,0,10.9321
10.9521,0.866621,0.892923,-1.5074,0,0,0,0,30,32,0,0,0,0,0,traj_sz=100
10.9522,0.866621,0.892923,-1.5074,0.867417,0.796928,-1.49689,0.123515,30,32,0.0958528,0.120592,-0.0256688,1.69613,0,10.9522
10.972,0.867157,0.889042,-1.50976,0,0,0,0,30,32,0,0,0,0,0,traj_sz=100
10.9721,0.867157,0.889042,-1.50976,0.867417,0.796928,-1.49689,0.123515,30,32,0.091958,0.119181,-0.0121172,1.69666,0,10.9721
10.9921,0.867155,0.887764,-1.50973,0,0,0,0,30,32,0,0,0,0,0,traj_sz=100
10.9922,0.867155,0.887764,-1.50973,0.867417,0.796928,-1.49689,0.123515,30,32,0.0906825,0.120437,-0.0107796,1.69701,0,10.9922
11.012,0.867563,0.885259,-1.51025,0,0,0,0,30,32,0,0,0,0,0,traj_sz=100
11.0122,0.867563,0.885259,-1.51025,0.867417,0.796928,-1.49689,0.123515,30,32,0.0881599,0.120419,-0.0102336,1.6973,0,11.0122
11.0321,0.86758,0.882809,-1.51044,0,0,0,0,30,32,0,0,0,0,0,traj_sz=100
11.0323,0.86758,0.882809,-1.51044,0.867417,0.796928,-1.49689,0.123515,30,32,0.0857148,0.120494,-0.00626104,1.69796,0,11.0323
11.0521,0.867792,0.881512,-1.51121,0,0,0,0,30,32,0,0,0,0,0,traj_sz=100
11.0522,0.867792,0.881512,-1.51121,0.867417,0.796928,-1.49689,0.123515,30,32,0.084412,0.121711,-0.002315,1.69811,0,11.0522
11.0721,0.868227,0.877579,-1.51419,0,0,0,0,30,32,0,0,0,0,0,traj_sz=100
11.0721,0.868227,0.877579,-1.51419,0.867417,0.796928,-1.49689,0.123515,30,32,0.0804759,0.120262,0.0172062,1.69878,0,11.0721
11.092,0.868284,0.876147,-1.51482,0,0,0,0,30,32,0,0,0,0,0,traj_sz=100
11.0925,0.868284,0.876147,-1.51482,0.867417,0.796928,-1.49689,0.123515,30,32,0.0790459,0.121372,0.0225745,1.69913,0,11.0925
11.1121,0.868818,0.873296,-1.51682,0,0,0,0,30,32,0,0,0,0,0,traj_sz=100
11.1123,0.868818,0.873296,-1.51682,0.867417,0.796928,-1.49689,0.123515,30,32,0.0761815,0.120996,0.032343,1.69941,0,11.1123
11.132,0.868835,0.87038,-1.51583,0,0,0,0,30,32,0,0,0,0,0,traj_sz=100
11.1321,0.868835,0.87038,-1.51583,0.867417,0.796928,-1.49689,0.123515,30,32,0.0732629,0.120587,0.0283787,1.70022,0,11.1321
11.1521,0.868885,0.868966,-1.51639,0,0,0,0,30,32,0,0,0,0,0,traj_sz=100
11.1522,0.868885,0.868966,-1.51639,0.867417,0.796928,-1.49689,0.123515,30,32,0.0718513,0.121702,0.0333101,1.70057,0,11.1522
11.1721,0.869257,0.864401,-1.51914,0,0,0,0,30,32,0,0,0,0,0,traj_sz=100
11.1722,0.869257,0.864401,-1.51914,0.867417,0.796928,-1.49689,0.123515,31,32,0.0672876,0.119649,0.0357203,1.70151,0,11.1722
11.1921,0.86927,0.86293,-1.51776,0,0,0,0,31,32,0,0,0,0,0,traj_sz=100
11.1923,0.86927,0.86293,-1.51776,0.867417,0.796928,-1.49689,0.123515,31,32,0.0658111,0.120706,0.0271599,1.70192,0,11.1923
11.2121,0.869874,0.860065,-1.52186,0,0,0,0,31,32,0,0,0,0,0,traj_sz=100
11.2125,0.869874,0.860065,-1.52186,0.867417,0.796928,-1.49689,0.123515,31,32,0.0629417,0.120352,0.050742,1.70216,0,11.2125
11.232,0.869934,0.857183,-1.52252,0,0,0,0,31,32,0,0,0,0,0,traj_sz=100
11.2321,0.869934,0.857183,-1.52252,0.870763,0.751737,-1.48488,0.123038,31,33,0.105363,0.119946,0.0576375,1.70293,0,11.2321
11.2519,0.869924,0.855656,-1.52109,0,0,0,0,31,33,0,0,0,0,0,traj_sz=100
11.2521,0.869924,0.855656,-1.52109,0.870763,0.751737,-1.48488,0.123038,31,33,0.103832,0.120937,0.0491666,1.70339,0,11.2521
11.272,0.87035,0.851403,-1.52326,0,0,0,0,31,33,0,0,0,0,0,traj_sz=100
11.2722,0.87035,0.851403,-1.52326,0.870763,0.751737,-1.48488,0.123038,31,33,0.0995726,0.119194,0.0629576,1.70422,0,11.2722
11.292,0.870555,0.84993,-1.52401,0,0,0,0,31,33,0,0,0,0,0,traj_sz=100
11.2923,0.870555,0.84993,-1.52401,0.870763,0.751737,-1.48488,0.123038,31,33,0.0980956,0.120228,0.0668539,1.70445,0,11.2923
11.312,0.870908,0.8471,-1.52561,0,0,0,0,31,33,0,0,0,0,0,traj_sz=100
11.3122,0.870908,0.8471,-1.52561,0.870763,0.751737,-1.48488,0.123038,31,33,0.0952594,0.1199,0.0760972,1.70495,0,11.3122
11.332,0.870953,0.844461,-1.5261,0,0,0,0,31,33,0,0,0,0,0,traj_sz=100
11.3322,0.870953,0.844461,-1.5261,0.870763,0.751737,-1.48488,0.123038,31,33,0.0926226,0.119776,0.0817886,1.70569,0,11.3322
11.352,0.870956,0.84312,-1.52613,0,0,0,0,31,33,0,0,0,0,0,traj_sz=100
11.3522,0.870956,0.84312,-1.52613,0.870763,0.751737,-1.48488,0.123038,31,33,0.0912829,0.120967,0.0834184,1.70608,0,11.3522
11.372,0.871523,0.839297,-1.52661,0,0,0,0,31,33,0,0,0,0,0,traj_sz=100
11.3721,0.871523,0.839297,-1.52661,0.870763,0.751737,-1.48488,0.123038,31,33,0.0874409,0.119621,0.0824549,1.70668,0,11.3721
11.3921,0.871541,0.837996,-1.52585,0,0,0,0,31,33,0,0,0,0,0,traj_sz=100
11.3922,0.871541,0.837996,-1.52585,0.870763,0.751737,-1.48488,0.123038,31,33,0.0861371,0.120832,0.0781561,1.70705,0,11.3922
11.4121,0.871557,0.835458,-1.52479,0,0,0,0,31,33,0,0,0,0,0,traj_sz=100
11.4123,0.871557,0.835458,-1.52479,0.870763,0.751737,-1.48488,0.123038,31,33,0.0835956,0.120802,0.0729968,1.7078,0,11.4123
11.432,0.872208,0.832905,-1.52773,0,0,0,0,31,33,0,0,0,0,0,traj_sz=100
11.4321,0.872208,0.832905,-1.52773,0.870763,0.751737,-1.48488,0.123038,31,33,0.0810302,0.120678,0.0871445,1.70795,0,11.4321
11.4519,0.87219,0.831616,-1.52753,0,0,0,0,31,33,0,0,0,0,0,traj_sz=100
11.452,0.87219,0.831616,-1.52753,0.870763,0.751737,-1.48488,0.123038,31,33,0.0797425,0.121876,0.0873555,1.70836,0,11.452
11.472,0.872334,0.827739,-1.52408,0,0,0,0,31,33,0,0,0,0,0,traj_sz=100
11.4721,0.872334,0.827739,-1.52408,0.870763,0.751737,-1.48488,0.123038,31,33,0.0758461,0.120507,0.0645192,1.7094,0,11.4721
11.492,0.872335,0.826535,-1.52409,0,0,0,0,31,33,0,0,0,0,0,traj_sz=100
11.4921,0.872335,0.826535,-1.52409,0.870763,0.751737,-1.48488,0.123038,31,33,0.0746433,0.121799,0.0658763,1.70977,0,11.4921
11.512,0.87266,0.823836,-1.52546,0,0,0,0,31,33,0,0,0,0,0,traj_sz=100
11.5122,0.87266,0.823836,-1.52546,0.870763,0.751737,-1.48488,0.123038,31,33,0.0719384,0.121586,0.0737331,1.71029,0,11.5122
11.532,0.872721,0.821179,-1.52385,0,0,0,0,31,33,0,0,0,0,0,traj_sz=100
11.5322,0.872721,0.821179,-1.52385,0.870763,0.751737,-1.48488,0.123038,31,33,0.0692734,0.121422,0.0640927,1.71105,0,11.5322
11.5519,0.872851,0.819803,-1.52255,0,0,0,0,31,33,0,0,0,0,0,traj_sz=100
11.552,0.872851,0.819803,-1.52255,0.870763,0.751737,-1.48488,0.123038,32,33,0.0678857,0.122515,0.101203,1.71135,0,11.552
11.572,0.873232,0.81575,-1.52284,0,0,0,0,32,33,0,0,0,0,0,traj_sz=100
11.5723,0.873232,0.81575,-1.52284,0.870763,0.751737,-1.48488,0.123038,32,33,0.0638215,0.120959,0.102069,1.71225,0,11.5723
11.592,0.873373,0.814345,-1.52207,0,0,0,0,32,33,0,0,0,0,0,traj_sz=100
11.5921,0.873373,0.814345,-1.52207,0.870763,0.751737,-1.48488,0.123038,32,33,0.0624069,0.122031,0.0960353,1.71255,0,11.5921
11.6119,0.873317,0.811616,-1.52145,0,0,0,0,32,33,0,0,0,0,0,traj_sz=100
11.612,0.873317,0.811616,-1.52145,0.874636,0.706765,-1.46326,0.121328,32,34,0.104788,0.121796,0.09543,1.71346,0,11.612
11.6319,0.873862,0.808776,-1.52128,0,0,0,0,32,34,0,0,0,0,0,traj_sz=100
11.6321,0.873862,0.808776,-1.52128,0.874636,0.706765,-1.46326,0.121328,32,34,0.101924,0.12142,0.089195,1.71384,0,11.6321
11.6519,0.873848,0.807442,-1.52113,0,0,0,0,32,34,0,0,0,0,0,traj_sz=100
11.652,0.873848,0.807442,-1.52113,0.874636,0.706765,-1.46326,0.121328,32,34,0.100591,0.122575,0.0897949,1.71428,0,11.652
11.6719,0.874011,0.803137,-1.51763,0,0,0,0,32,34,0,0,0,0,0,traj_sz=100
11.6721,0.874011,0.803137,-1.51763,0.874636,0.706765,-1.46326,0.121328,32,34,0.0962693,0.120774,0.0669049,1.71549,0,11.6721
11.6919,0.87438,0.801705,-1.5203,0,0,0,0,32,34,0,0,0,0,0,traj_sz=100
11.692,0.87438,0.801705,-1.5203,0.874636,0.706765,-1.46326,0.121328,32,34,0.0948323,0.121806,0.0822451,1.7156,0,11.692
11.7121,0.874315,0.798884,-1.51612,0,0,0,0,32,34,0,0,0,0,0,traj_sz=100
11.7122,0.874315,0.798884,-1.51612,0.874636,0.706765,-1.46326,0.121328,32,34,0.0919987,0.121509,0.0561961,1.71656,0,11.7122
11.7321,0.874509,0.796015,-1.51678,0,0,0,0,32,34,0,0,0,0,0,traj_sz=100
11.7323,0.874509,0.796015,-1.51678,0.874636,0.706765,-1.46326,0.121328,32,34,0.0891265,0.12114,0.0612298,1.7173,0,11.7323
11.7519,0.874864,0.794668,-1.51813,0,0,0,0,32,34,0,0,0,0,0,traj_sz=100
11.752,0.874864,0.794668,-1.51813,0.874636,0.706765,-1.46326,0.121328,32,34,0.0877688,0.1222,0.067152,1.7174,0,11.752
11.7719,0.874962,0.790293,-1.51439,0,0,0,0,32,34,0,0,0,0,0,traj_sz=100
11.772,0.874962,0.790293,-1.51439,0.874636,0.706765,-1.46326,0.121328,32,34,0.0833769,0.120262,0.0435986,1.71873,0,11.772
11.792,0.875328,0.788828,-1.51709,0,0,0,0,32,34,0,0,0,0,0,traj_sz=100
11.7922,0.875328,0.788828,-1.51709,0.874636,0.706765,-1.46326,0.121328,32,34,0.0819077,0.121242,0.0591391,1.71886,0,11.7922
11.8119,0.875465,0.785961,-1.51479,0,0,0,0,32,34,0,0,0,0,0,traj_sz=100
11.812,0.875465,0.785961,-1.51479,0.874636,0.706765,-1.46326,0.121328,32,34,0.0790252,0.120786,0.0437477,1.71967,0,11.812
11.832,0.875829,0.783175,-1.51399,0,0,0,0,32,34,0,0,0,0,0,traj_sz=100
11.8321,0.875829,0.783175,-1.51399,0.874636,0.706765,-1.46326,0.121328,32,34,0.0762189,0.120434,0.0356604,1.72024,0,11.8321
11.8519,0.875817,0.781723,-1.51387,0,0,0,0,32,34,0,0,0,0,0,traj_sz=100
11.852,0.875817,0.781723,-1.51387,0.874636,0.706765,-1.46326,0.121328,32,34,0.074769,0.121418,0.0365123,1.72073,0,11.852
11.8719,0.876381,0.777439,-1.5132,0,0,0,0,32,34,0,0,0,0,0,traj_sz=100
11.8721,0.876381,0.777439,-1.5132,0.874636,0.706765,-1.46326,0.121328,32,34,0.0704568,0.119547,0.0279963,1.72162,0,11.8721
11.892,0.876377,0.776034,-1.51316,0,0,0,0,32,34,0,0,0,0,0,traj_sz=100
11.8922,0.876377,0.776034,-1.51316,0.874636,0.706765,-1.46326,0.121328,32,34,0.0690539,0.120598,0.0293242,1.72209,0,11.8922
11.912,0.876562,0.773266,-1.51117,0,0,0,0,32,34,0,0,0,0,0,traj_sz=100
11.9121,0.876562,0.773266,-1.51117,0.874636,0.706765,-1.46326,0.121328,33,34,0.0662678,0.120257,0.128578,1.72284,0,11.9121
11.932,0.876956,0.770376,-1.5129,0,0,0,0,33,34,0,0,0,0,0,traj_sz=100
11.9322,0.876956,0.770376,-1.5129,0.874636,0.706765,-1.46326,0.121328,33,34,0.0633701,0.119788,0.1389,1.72344,0,11.9322
11.952,0.877091,0.76897,-1.51159,0,0,0,0,33,34,0,0,0,0,0,traj_sz=100
11.9522,0.877091,0.76897,-1.51159,0.874636,0.706765,-1.46326,0.121328,33,34,0.0619512,0.12082,0.129262,1.72378,0,11.9522
11.972,0.877459,0.764855,-1.51226,0,0,0,0,33,34,0,0,0,0,0,traj_sz=100
11.9723,0.877459,0.764855,-1.51226,0.879414,0.66251,-1.43236,0.118562,33,35,0.102284,0.119132,0.133828,1.72483,0,11.9723
11.9921,0.877607,0.763461,-1.50913,0,0,0,0,33,35,0,0,0,0,0,traj_sz=100
11.9922,0.877607,0.763461,-1.50913,0.879414,0.66251,-1.43236,0.118562,33,35,0.100871,0.120164,0.110881,1.72516,0,11.9922
12.0121,0.877635,0.760671,-1.50943,0,0,0,0,33,35,0,0,0,0,0,traj_sz=100
12.0122,0.877635,0.760671,-1.50943,0.879414,0.66251,-1.43236,0.118562,33,35,0.0980849,0.119821,0.116238,1.72609,0,12.0122
12.032,0.878214,0.757971,-1.5092,0,0,0,0,33,35,0,0,0,0,0,traj_sz=100
12.0321,0.878214,0.757971,-1.5092,0.879414,0.66251,-1.43236,0.118562,33,35,0.0953541,0.119516,0.109407,1.72647,0,12.0321
12.0521,0.878213,0.756624,-1.50918,0,0,0,0,33,35,0,0,0,0,0,traj_sz=100
12.0524,0.878213,0.756624,-1.50918,0.879414,0.66251,-1.43236,0.118562,33,35,0.0940089,0.120638,0.111045,1.72693,0,12.0524
12.072,0.878742,0.75251,-1.50819,0,0,0,0,33,35,0,0,0,0,0,traj_sz=100
12.0721,0.878742,0.75251,-1.50819,0.879414,0.66251,-1.43236,0.118562,33,35,0.089866,0.118907,0.101267,1.72785,0,12.0721
12.0919,0.878756,0.751015,-1.5083,0,0,0,0,33,35,0,0,0,0,0,traj_sz=100
12.0921,0.878756,0.751015,-1.5083,0.879414,0.66251,-1.43236,0.118562,33,35,0.088373,0.119844,0.103766,1.72836,0,12.0921
12.112,0.878901,0.748437,-1.50422,0,0,0,0,33,35,0,0,0,0,0,traj_sz=100
12.1121,0.878901,0.748437,-1.50422,0.879414,0.66251,-1.43236,0.118562,33,35,0.085771,0.119688,0.0755286,1.72912,0,12.1121
12.132,0.879339,0.745729,-1.50526,0,0,0,0,33,35,0,0,0,0,0,traj_sz=100
12.1322,0.879339,0.745729,-1.50526,0.879414,0.66251,-1.43236,0.118562,33,35,0.0830448,0.11932,0.0799669,1.72965,0,12.1322
12.152,0.879509,0.744324,-1.50381,0,0,0,0,33,35,0,0,0,0,0,traj_sz=100
12.1522,0.879509,0.744324,-1.50381,0.879414,0.66251,-1.43236,0.118562,33,35,0.0816246,0.12026,0.0687839,1.72998,0,12.1522
12.172,0.880049,0.740383,-1.50286,0,0,0,0,33,35,0,0,0,0,0,traj_sz=100
12.172,0.880049,0.740383,-1.50286,0.879414,0.66251,-1.43236,0.118562,33,35,0.0776498,0.118631,0.0589925,1.73086,0,12.172
12.1922,0.880003,0.738987,-1.50152,0,0,0,0,33,35,0,0,0,0,0,traj_sz=100
12.1923,0.880003,0.738987,-1.50152,0.879414,0.66251,-1.43236,0.118562,33,35,0.0762529,0.119631,0.0517758,1.73139,0,12.1923
12.2121,0.880107,0.736369,-1.49864,0,0,0,0,33,35,0,0,0,0,0,traj_sz=100
12.2123,0.880107,0.736369,-1.49864,0.879414,0.66251,-1.43236,0.118562,33,35,0.0736172,0.119371,0.032894,1.73222,0,12.2123
12.232,0.880623,0.73371,-1.4997,0,0,0,0,33,35,0,0,0,0,0,traj_sz=100
12.2321,0.880623,0.73371,-1.4997,0.879414,0.66251,-1.43236,0.118562,33,35,0.0709338,0.119016,0.0362437,1.73268,0,12.2321
12.2521,0.880711,0.732332,-1.49799,0,0,0,0,33,35,0,0,0,0,0,traj_sz=100
12.2522,0.880711,0.732332,-1.49799,0.879414,0.66251,-1.43236,0.118562,33,35,0.0695427,0.120003,0.0243561,1.73309,0,12.2522
12.272,0.880674,0.728306,-1.49433,0,0,0,0,33,35,0,0,0,0,0,traj_sz=100
12.2721,0.880674,0.728306,-1.49433,0.879414,0.66251,-1.43236,0.118562,34,35,0.0655077,0.118351,0.1834,1.73457,0,12.2721
12.292,0.881211,0.726968,-1.4959,0,0,0,0,34,35,0,0,0,0,0,traj_sz=100
12.2921,0.881211,0.726968,-1.4959,0.879414,0.66251,-1.43236,0.118562,34,35,0.0641431,0.119322,0.188883,1.73455,0,12.2921
12.312,0.881222,0.724307,-1.49394,0,0,0,0,34,35,0,0,0,0,0,traj_sz=100
12.3121,0.881222,0.724307,-1.49394,0.879414,0.66251,-1.43236,0.118562,34,35,0.0614754,0.119036,0.178902,1.73549,0,12.3121
12.3321,0.881327,0.721737,-1.49058,0,0,0,0,34,35,0,0,0,0,0,traj_sz=100
12.3322,0.881327,0.721737,-1.49058,0.885416,0.61943,-1.39284,0.115142,34,36,0.102306,0.118831,0.157288,1.73632,0,12.3322
12.3521,0.881837,0.720318,-1.49435,0,0,0,0,34,36,0,0,0,0,0,traj_sz=100
12.3521,0.881837,0.720318,-1.49435,0.885416,0.61943,-1.39284,0.115142,34,36,0.100867,0.119724,0.179068,1.73636,0,12.3521
12.372,0.88206,0.716329,-1.49123,0,0,0,0,34,36,0,0,0,0,0,traj_sz=100
12.3722,0.88206,0.716329,-1.49123,0.885416,0.61943,-1.39284,0.115142,34,36,0.0968596,0.118088,0.159697,1.7376,0,12.3722
12.392,0.88244,0.714938,-1.49295,0,0,0,0,34,36,0,0,0,0,0,traj_sz=100
12.3921,0.88244,0.714938,-1.49295,0.885416,0.61943,-1.39284,0.115142,34,36,0.0954505,0.119024,0.168665,1.73776,0,12.3921
12.4119,0.882563,0.712286,-1.49006,0,0,0,0,34,36,0,0,0,0,0,traj_sz=100
12.412,0.882563,0.712286,-1.49006,0.885416,0.61943,-1.39284,0.115142,34,36,0.0927831,0.11872,0.1503,1.73861,0,12.412
12.4321,0.882511,0.709721,-1.48541,0,0,0,0,34,36,0,0,0,0,0,traj_sz=100
12.4322,0.882511,0.709721,-1.48541,0.885416,0.61943,-1.39284,0.115142,34,36,0.0902095,0.118551,0.121719,1.73961,0,12.4322
12.452,0.883114,0.708431,-1.48799,0,0,0,0,34,36,0,0,0,0,0,traj_sz=100
12.4522,0.883114,0.708431,-1.48799,0.885416,0.61943,-1.39284,0.115142,34,36,0.0888861,0.119561,0.133403,1.73952,0,12.4522
12.4721,0.883041,0.705871,-1.48378,0,0,0,0,34,36,0,0,0,0,0,traj_sz=100
12.4723,0.883041,0.705871,-1.48378,0.885416,0.61943,-1.39284,0.115142,34,36,0.0863208,0.119392,0.108297,1.74053,0,12.4723
12.4919,0.883584,0.703379,-1.48298,0,0,0,0,34,36,0,0,0,0,0,traj_sz=100
12.492,0.883584,0.703379,-1.48298,0.885416,0.61943,-1.39284,0.115142,34,36,0.0837864,0.119095,0.0984624,1.74095,0,12.492
12.512,0.883719,0.700684,-1.47963,0,0,0,0,34,36,0,0,0,0,0,traj_sz=100
12.5121,0.883719,0.700684,-1.47963,0.885416,0.61943,-1.39284,0.115142,34,36,0.0810714,0.118665,0.0766786,1.74183,0,12.5121
12.532,0.884093,0.698167,-1.47885,0,0,0,0,34,36,0,0,0,0,0,traj_sz=100
12.5324,0.884093,0.698167,-1.47885,0.885416,0.61943,-1.39284,0.115142,34,36,0.0785263,0.118396,0.0694981,1.74242,0,12.5324
12.552,0.884293,0.696845,-1.47605,0,0,0,0,34,36,0,0,0,0,0,traj_sz=100
12.5522,0.884293,0.696845,-1.47605,0.885416,0.61943,-1.39284,0.115142,34,36,0.0771744,0.119319,0.0484973,1.74273,0,12.5522
12.572,0.884874,0.69291,-1.4737,0,0,0,0,34,36,0,0,0,0,0,traj_sz=100
12.5721,0.884874,0.69291,-1.4737,0.885416,0.61943,-1.39284,0.115142,34,36,0.0731865,0.117601,0.0292329,1.74367,0,12.5721
12.5921,0.884927,0.691676,-1.4728,0,0,0,0,34,36,0,0,0,0,0,traj_sz=100
12.5923,0.884927,0.691676,-1.4728,0.885416,0.61943,-1.39284,0.115142,34,36,0.0719471,0.118646,0.0239799,1.74409,0,12.5923
12.612,0.885022,0.689174,-1.46876,0,0,0,0,34,36,0,0,0,0,0,traj_sz=100
12.6121,0.885022,0.689174,-1.46876,0.885416,0.61943,-1.39284,0.115142,34,36,0.0694212,0.118392,-0.00248292,1.74495,0,12.6121
12.632,0.885551,0.686626,-1.46844,0,0,0,0,34,36,0,0,0,0,0,traj_sz=100
12.6322,0.885551,0.686626,-1.46844,0.885416,0.61943,-1.39284,0.115142,34,36,0.0668308,0.118067,-0.00863876,1.74543,0,12.6322
12.6521,0.885694,0.685389,-1.46766,0,0,0,0,34,36,0,0,0,0,0,traj_sz=100
12.6522,0.885694,0.685389,-1.46766,0.885416,0.61943,-1.39284,0.115142,35,36,0.0655803,0.119087,0.228619,1.74576,0,12.6522
12.672,0.88629,0.68158,-1.46714,0,0,0,0,35,36,0,0,0,0,0,traj_sz=100
12.6721,0.88629,0.68158,-1.46714,0.885416,0.61943,-1.39284,0.115142,35,36,0.0617259,0.117487,0.223922,1.74667,0,12.6721
12.692,0.88629,0.680341,-1.4634,0,0,0,0,35,36,0,0,0,0,0,traj_sz=100
12.6922,0.88629,0.680341,-1.4634,0.885416,0.61943,-1.39284,0.115142,35,36,0.0604666,0.118522,0.199537,1.74714,0,12.6922
12.712,0.886938,0.677909,-1.46497,0,0,0,0,35,36,0,0,0,0,0,traj_sz=100
12.7121,0.886938,0.677909,-1.46497,0.892893,0.577855,-1.34577,0.111627,35,37,0.100123,0.118286,0.206285,1.74748,0,12.7121
12.7319,0.886949,0.676581,-1.46409,0,0,0,0,35,37,0,0,0,0,0,traj_sz=100
12.732,0.886949,0.676581,-1.46409,0.892893,0.577855,-1.34577,0.111627,35,37,0.0987973,0.11921,0.202495,1.74798,0,12.732
12.752,0.886919,0.674525,-1.46025,0,0,0,0,35,37,0,0,0,0,0,traj_sz=100
12.7521,0.886919,0.674525,-1.46025,0.892893,0.577855,-1.34577,0.111627,35,37,0.0967393,0.119442,0.179575,1.7488,0,12.7521
12.772,0.887624,0.671076,-1.46338,0,0,0,0,35,37,0,0,0,0,0,traj_sz=100
12.7722,0.887624,0.671076,-1.46338,0.892893,0.577855,-1.34577,0.111627,35,37,0.0932481,0.118201,0.198784,1.74948,0,12.7722
12.7919,0.887772,0.669944,-1.45984,0,0,0,0,35,37,0,0,0,0,0,traj_sz=100
12.7922,0.887772,0.669944,-1.45984,0.892893,0.577855,-1.34577,0.111627,35,37,0.0920899,0.119318,0.173394,1.74979,0,12.7922
12.812,0.88839,0.667331,-1.46027,0,0,0,0,35,37,0,0,0,0,0,traj_sz=100
12.8121,0.88839,0.667331,-1.46027,0.892893,0.577855,-1.34577,0.111627,35,37,0.0894271,0.118901,0.172751,1.75024,0,12.8121
12.832,0.888468,0.664853,-1.45553,0,0,0,0,35,37,0,0,0,0,0,traj_sz=100
12.8322,0.888468,0.664853,-1.45553,0.892893,0.577855,-1.34577,0.111627,35,37,0.0869293,0.118691,0.142565,1.75113,0,12.8322
12.852,0.888905,0.663556,-1.45739,0,0,0,0,35,37,0,0,0,0,0,traj_sz=100
12.8523,0.888905,0.663556,-1.45739,0.892893,0.577855,-1.34577,0.111627,35,37,0.085602,0.119566,0.152149,1.75124,0,12.8523
12.8721,0.889146,0.659605,-1.44931,0,0,0,0,35,37,0,0,0,0,0,traj_sz=100
12.8722,0.889146,0.659605,-1.44931,0.892893,0.577855,-1.34577,0.111627,35,37,0.0816015,0.117783,0.0986179,1.75257,0,12.8722
12.892,0.889662,0.658339,-1.45313,0,0,0,0,35,37,0,0,0,0,0,traj_sz=100
12.8923,0.889662,0.658339,-1.45313,0.892893,0.577855,-1.34577,0.111627,35,37,0.0803073,0.11862,0.121078,1.75259,0,12.8923
12.9121,0.88977,0.655621,-1.44825,0,0,0,0,35,37,0,0,0,0,0,traj_sz=100
12.9123,0.88977,0.655621,-1.44825,0.892893,0.577855,-1.34577,0.111627,35,37,0.0775642,0.118082,0.089919,1.75357,0,12.9123
12.932,0.890383,0.652929,-1.44635,0,0,0,0,35,37,0,0,0,0,0,traj_sz=100
12.9321,0.890383,0.652929,-1.44635,0.892893,0.577855,-1.34577,0.111627,35,37,0.0748053,0.117485,0.0727165,1.75407,0,12.9321
12.952,0.890498,0.651595,-1.44329,0,0,0,0,35,37,0,0,0,0,0,traj_sz=100
12.9522,0.890498,0.651595,-1.44329,0.892893,0.577855,-1.34577,0.111627,35,37,0.0734459,0.118314,0.0517357,1.7545,0,12.9522
12.972,0.891152,0.647661,-1.4403,0,0,0,0,35,37,0,0,0,0,0,traj_sz=100
12.9721,0.891152,0.647661,-1.4403,0.892893,0.577855,-1.34577,0.111627,35,37,0.0694389,0.116483,0.0286376,1.75547,0,12.9721
12.992,0.89173,0.645069,-1.43902,0,0,0,0,35,37,0,0,0,0,0,traj_sz=100
12.9921,0.89173,0.645069,-1.43902,0.892893,0.577855,-1.34577,0.111627,35,37,0.0667838,0.115991,0.0161971,1.75598,0,12.9921
13.0121,0.891774,0.643718,-1.43778,0,0,0,0,35,37,0,0,0,0,0,traj_sz=100
13.0124,0.891774,0.643718,-1.43778,0.892893,0.577855,-1.34577,0.111627,35,37,0.06543,0.116839,0.00943417,1.75648,0,13.0124
13.0321,0.891919,0.642342,-1.43495,0,0,0,0,35,37,0,0,0,0,0,traj_sz=100
13.0323,0.891919,0.642342,-1.43495,0.892893,0.577855,-1.34577,0.111627,35,37,0.0640249,0.117615,-0.0102222,1.7569,0,13.0323
13.052,0.892533,0.639876,-1.43357,0,0,0,0,35,37,0,0,0,0,0,traj_sz=100
13.0522,0.892533,0.639876,-1.43357,0.892893,0.577855,-1.34577,0.111627,36,37,0.0614868,0.117242,0.278869,1.75733,0,13.0522
13.0721,0.893197,0.635958,-1.43339,0,0,0,0,36,37,0,0,0,0,0,traj_sz=100
13.0724,0.893197,0.635958,-1.43339,0.892893,0.577855,-1.34577,0.111627,36,37,0.0575134,0.115427,0.278183,1.75832,0,13.0724
13.0919,0.893087,0.634648,-1.43018,0,0,0,0,36,37,0,0,0,0,0,traj_sz=100
13.092,0.893087,0.634648,-1.43018,0.902031,0.537935,-1.29264,0.108629,36,38,0.0970121,0.116299,0.260144,1.75895,0,13.092
13.112,0.893742,0.632032,-1.43148,0,0,0,0,36,38,0,0,0,0,0,traj_sz=100
13.1123,0.893742,0.632032,-1.43148,0.902031,0.537935,-1.29264,0.108629,36,38,0.094336,0.115797,0.266766,1.75942,0,13.1123
13.132,0.893852,0.629691,-1.42661,0,0,0,0,36,38,0,0,0,0,0,traj_sz=100
13.1321,0.893852,0.629691,-1.42661,0.902031,0.537935,-1.29264,0.108629,36,38,0.0919786,0.115617,0.236329,1.76027,0,13.1321
13.152,0.894491,0.628517,-1.43025,0,0,0,0,36,38,0,0,0,0,0,traj_sz=100
13.1521,0.894491,0.628517,-1.43025,0.902031,0.537935,-1.29264,0.108629,36,38,0.090745,0.116509,0.256184,1.76017,0,13.1521
13.1719,0.895051,0.624969,-1.42931,0,0,0,0,36,38,0,0,0,0,0,traj_sz=100
13.1721,0.895051,0.624969,-1.42931,0.902031,0.537935,-1.29264,0.108629,36,38,0.0871484,0.11508,0.250579,1.76112,0,13.1721
13.1921,0.895197,0.623682,-1.42679,0,0,0,0,36,38,0,0,0,0,0,traj_sz=100
13.1922,0.895197,0.623682,-1.42679,0.902031,0.537935,-1.29264,0.108629,36,38,0.08584,0.115962,0.233697,1.76151,0,13.1922
13.2119,0.895773,0.621055,-1.42591,0,0,0,0,36,38,0,0,0,0,0,traj_sz=100
13.2122,0.895773,0.621055,-1.42591,0.902031,0.537935,-1.29264,0.108629,36,38,0.0831524,0.115406,0.225795,1.76207,0,13.2122
13.232,0.896231,0.618474,-1.42196,0,0,0,0,36,38,0,0,0,0,0,traj_sz=100
13.2322,0.896231,0.618474,-1.42196,0.902031,0.537935,-1.29264,0.108629,36,38,0.0805085,0.114877,0.1975,1.76273,0,13.2322
13.252,0.896275,0.617315,-1.42053,0,0,0,0,36,38,0,0,0,0,0,traj_sz=100
13.2521,0.896275,0.617315,-1.42053,0.902031,0.537935,-1.29264,0.108629,36,38,0.0793476,0.115802,0.18959,1.76317,0,13.2521
13.272,0.896922,0.613412,-1.41358,0,0,0,0,36,38,0,0,0,0,0,traj_sz=100
13.2723,0.896922,0.613412,-1.41358,0.902031,0.537935,-1.29264,0.108629,36,38,0.0753464,0.11395,0.140372,1.76421,0,13.2723
13.2922,0.897349,0.612181,-1.41479,0,0,0,0,36,38,0,0,0,0,0,traj_sz=100
13.2923,0.897349,0.612181,-1.41479,0.902031,0.537935,-1.29264,0.108629,36,38,0.0740721,0.114755,0.146092,1.76433,0,13.2923
13.312,0.897521,0.609366,-1.40788,0,0,0,0,36,38,0,0,0,0,0,traj_sz=100
13.3122,0.897521,0.609366,-1.40788,0.902031,0.537935,-1.29264,0.108629,36,38,0.0712166,0.114025,0.101273,1.76535,0,13.3122
13.3321,0.898188,0.606824,-1.4048,0,0,0,0,36,38,0,0,0,0,0,traj_sz=100
13.3325,0.898188,0.606824,-1.4048,0.902031,0.537935,-1.29264,0.108629,36,38,0.0685776,0.113507,0.0759806,1.76582,0,13.3325
13.352,0.898416,0.605387,-1.40222,0,0,0,0,36,38,0,0,0,0,0,traj_sz=100
13.3521,0.898416,0.605387,-1.40222,0.902031,0.537935,-1.29264,0.108629,36,38,0.0671028,0.114119,0.0578231,1.76622,0,13.3521
13.3721,0.89902,0.601331,-1.39441,0,0,0,0,36,38,0,0,0,0,0,traj_sz=100
13.3722,0.89902,0.601331,-1.39441,0.902031,0.537935,-1.29264,0.108629,36,38,0.0629408,0.112109,0.00346845,1.76738,0,13.3722
13.392,0.899667,0.600113,-1.39511,0,0,0,0,36,38,0,0,0,0,0,traj_sz=100
13.3923,0.899667,0.600113,-1.39511,0.902031,0.537935,-1.29264,0.108629,37,38,0.0616346,0.112875,0.3491,1.76731,0,13.3923
13.412,0.899798,0.597548,-1.38983,0,0,0,0,37,38,0,0,0,0,0,traj_sz=100
13.4122,0.899798,0.597548,-1.38983,0.902031,0.537935,-1.29264,0.108629,37,38,0.0590414,0.112422,0.322706,1.76828,0,13.4122
13.4321,0.900476,0.595106,-1.38968,0,0,0,0,37,38,0,0,0,0,0,traj_sz=100
13.4324,0.900476,0.595106,-1.38968,0.902031,0.537935,-1.29264,0.108629,37,38,0.0565158,0.111987,0.319878,1.76871,0,13.4324
13.4521,0.900973,0.593791,-1.38958,0,0,0,0,37,38,0,0,0,0,0,traj_sz=100
13.4522,0.900973,0.593791,-1.38958,0.902031,0.537935,-1.29264,0.108629,37,38,0.0551318,0.112666,0.316306,1.76882,0,13.4522
13.472,0.901541,0.590265,-1.3861,0,0,0,0,37,38,0,0,0,0,0,traj_sz=100
13.4721,0.901541,0.590265,-1.3861,0.912974,0.499614,-1.2357,0.106604,37,39,0.0912089,0.111173,0.29475,1.76982,0,13.4721
13.4921,0.90165,0.589211,-1.38408,0,0,0,0,37,39,0,0,0,0,0,traj_sz=100
13.4923,0.90165,0.589211,-1.38408,0.912974,0.499614,-1.2357,0.106604,37,39,0.0901417,0.112223,0.282147,1.77018,0,13.4923
13.512,0.902378,0.586833,-1.38634,0,0,0,0,37,39,0,0,0,0,0,traj_sz=100
13.5121,0.902378,0.586833,-1.38634,0.912974,0.499614,-1.2357,0.106604,37,39,0.0876824,0.111806,0.295762,1.77054,0,13.5121
13.5321,0.902333,0.585588,-1.38176,0,0,0,0,37,39,0,0,0,0,0,traj_sz=100
13.5323,0.902333,0.585588,-1.38176,0.912974,0.499614,-1.2357,0.106604,37,39,0.0864423,0.112705,0.267552,1.77112,0,13.5323
13.5519,0.902997,0.583092,-1.37976,0,0,0,0,37,39,0,0,0,0,0,traj_sz=100
13.5521,0.902997,0.583092,-1.37976,0.912974,0.499614,-1.2357,0.106604,37,39,0.0838542,0.112188,0.251847,1.7716,0,13.5521
13.572,0.904191,0.579019,-1.37765,0,0,0,0,37,39,0,0,0,0,0,traj_sz=100
13.5722,0.904191,0.579019,-1.37765,0.912974,0.499614,-1.2357,0.106604,37,39,0.079614,0.11004,0.232816,1.77229,0,13.5722
13.5921,0.904361,0.577636,-1.37263,0,0,0,0,37,39,0,0,0,0,0,traj_sz=100
13.5923,0.904361,0.577636,-1.37263,0.912974,0.499614,-1.2357,0.106604,37,39,0.0781905,0.1107,0.198787,1.77274,0,13.5923
13.6121,0.905083,0.57494,-1.36835,0,0,0,0,37,39,0,0,0,0,0,traj_sz=100
13.6122,0.905083,0.57494,-1.36835,0.912974,0.499614,-1.2357,0.106604,37,39,0.0753738,0.109946,0.166433,1.77327,0,13.6122
13.632,0.905757,0.572322,-1.36406,0,0,0,0,37,39,0,0,0,0,0,traj_sz=100
13.6321,0.905757,0.572322,-1.36406,0.912974,0.499614,-1.2357,0.106604,37,39,0.0726413,0.109269,0.134482,1.77381,0,13.6321
13.652,0.905706,0.571076,-1.35969,0,0,0,0,37,39,0,0,0,0,0,traj_sz=100
13.6521,0.905706,0.571076,-1.35969,0.912974,0.499614,-1.2357,0.106604,37,39,0.0713982,0.110106,0.107908,1.7744,0,13.6521
13.672,0.907094,0.56718,-1.35861,0,0,0,0,37,39,0,0,0,0,0,traj_sz=100
13.6721,0.907094,0.56718,-1.35861,0.912974,0.499614,-1.2357,0.106604,37,39,0.0672893,0.108028,0.092878,1.77487,0,13.6721
13.6919,0.907076,0.56598,-1.35418,0,0,0,0,37,39,0,0,0,0,0,traj_sz=100
13.692,0.907076,0.56598,-1.35418,0.912974,0.499614,-1.2357,0.106604,37,39,0.0660825,0.10889,0.0652885,1.77541,0,13.692
13.712,0.908046,0.563443,-1.35139,0,0,0,0,37,39,0,0,0,0,0,traj_sz=100
13.7122,0.908046,0.563443,-1.35139,0.912974,0.499614,-1.2357,0.106604,37,39,0.0633714,0.108243,0.0394744,1.77567,0,13.7122
13.732,0.908241,0.560844,-1.34488,0,0,0,0,37,39,0,0,0,0,0,traj_sz=100
13.7322,0.908241,0.560844,-1.34488,0.912974,0.499614,-1.2357,0.106604,37,39,0.0607343,0.107717,-0.00150322,1.77664,0,13.7322
13.752,0.908639,0.559595,-1.34296,0,0,0,0,37,39,0,0,0,0,0,traj_sz=100
13.7522,0.908639,0.559595,-1.34296,0.912974,0.499614,-1.2357,0.106604,38,39,0.0594103,0.108444,0.3491,1.77684,0,13.7522
13.772,0.909406,0.556199,-1.3374,0,0,0,0,38,39,0,0,0,0,0,traj_sz=100
13.7721,0.909406,0.556199,-1.3374,0.912974,0.499614,-1.2357,0.106604,38,39,0.0558758,0.106988,0.335109,1.77767,0,13.7721
13.792,0.910016,0.555167,-1.33955,0,0,0,0,38,39,0,0,0,0,0,traj_sz=100
13.7921,0.910016,0.555167,-1.33955,0.912974,0.499614,-1.2357,0.106604,38,39,0.0547521,0.107869,0.346039,1.77759,0,13.7921
13.812,0.910643,0.552831,-1.33836,0,0,0,0,38,39,0,0,0,0,0,traj_sz=100
13.8122,0.910643,0.552831,-1.33836,0.925836,0.46268,-1.17559,0.105878,38,40,0.0912264,0.1075,0.338013,1.77807,0,13.8122
13.8319,0.910605,0.551621,-1.33302,0,0,0,0,38,40,0,0,0,0,0,traj_sz=100
13.8321,0.910605,0.551621,-1.33302,0.925836,0.46268,-1.17559,0.105878,38,40,0.0900264,0.108357,0.305136,1.77865,0,13.8321
13.8521,0.91135,0.549652,-1.33315,0,0,0,0,38,40,0,0,0,0,0,traj_sz=100
13.8522,0.91135,0.549652,-1.33315,0.925836,0.46268,-1.17559,0.105878,38,40,0.087938,0.108314,0.303446,1.77887,0,13.8522
13.872,0.912014,0.546927,-1.33274,0,0,0,0,38,40,0,0,0,0,0,traj_sz=100
13.8722,0.912014,0.546927,-1.33274,0.925836,0.46268,-1.17559,0.105878,38,40,0.0851309,0.107538,0.302084,1.7795,0,13.8722
13.892,0.912293,0.545841,-1.32865,0,0,0,0,38,40,0,0,0,0,0,traj_sz=100
13.8922,0.912293,0.545841,-1.32865,0.925836,0.46268,-1.17559,0.105878,38,40,0.0839824,0.10845,0.273115,1.77974,0,13.8922
13.912,0.912932,0.543836,-1.32758,0,0,0,0,38,40,0,0,0,0,0,traj_sz=100
13.9121,0.912932,0.543836,-1.32758,0.925836,0.46268,-1.17559,0.105878,38,40,0.0818746,0.10837,0.264476,1.78008,0,13.9121
13.932,0.913662,0.541803,-1.32507,0,0,0,0,38,40,0,0,0,0,0,traj_sz=100
13.9321,0.913662,0.541803,-1.32507,0.925836,0.46268,-1.17559,0.105878,38,40,0.0797073,0.108245,0.244236,1.78035,0,13.9321
13.9521,0.913615,0.540582,-1.32227,0,0,0,0,38,40,0,0,0,0,0,traj_sz=100
13.9522,0.913615,0.540582,-1.32227,0.925836,0.46268,-1.17559,0.105878,38,40,0.0785144,0.109121,0.229801,1.78095,0,13.9522
13.9721,0.914542,0.537478,-1.31574,0,0,0,0,38,40,0,0,0,0,0,traj_sz=100
13.9722,0.914542,0.537478,-1.31574,0.925836,0.46268,-1.17559,0.105878,38,40,0.0752274,0.10791,0.182204,1.78154,0,13.9722
13.9919,0.915116,0.536266,-1.31596,0,0,0,0,38,40,0,0,0,0,0,traj_sz=100
13.992,0.915116,0.536266,-1.31596,0.925836,0.46268,-1.17559,0.105878,38,40,0.0739118,0.108594,0.1805,1.78158,0,13.992
14.0121,0.91574,0.534114,-1.31081,0,0,0,0,38,40,0,0,0,0,0,traj_sz=100
14.0122,0.91574,0.534114,-1.31081,0.925836,0.46268,-1.17559,0.105878,38,40,0.0716285,0.108392,0.143238,1.78201,0,14.0122
14.032,0.916254,0.531793,-1.30599,0,0,0,0,38,40,0,0,0,0,0,traj_sz=100
14.0321,0.916254,0.531793,-1.30599,0.925836,0.46268,-1.17559,0.105878,38,40,0.0692121,0.108036,0.110659,1.78261,0,14.0321
14.0521,0.91638,0.530634,-1.30404,0,0,0,0,38,40,0,0,0,0,0,traj_sz=100
14.0522,0.91638,0.530634,-1.30404,0.925836,0.46268,-1.17559,0.105878,38,40,0.0680431,0.108929,0.0995859,1.78303,0,14.0522
14.0719,0.9178,0.527253,-1.29928,0,0,0,0,38,40,0,0,0,0,0,traj_sz=100
14.0721,0.9178,0.527253,-1.29928,0.925836,0.46268,-1.17559,0.105878,38,40,0.0643625,0.107293,0.0588023,1.78333,0,14.0721
14.092,0.917777,0.525993,-1.29571,0,0,0,0,38,40,0,0,0,0,0,traj_sz=100
14.0923,0.917777,0.525993,-1.29571,0.925836,0.46268,-1.17559,0.105878,38,40,0.0631215,0.108125,0.0385844,1.78393,0,14.0923
14.112,0.918599,0.523516,-1.29085,0,0,0,0,38,40,0,0,0,0,0,traj_sz=100
14.1121,0.918599,0.523516,-1.29085,0.925836,0.46268,-1.17559,0.105878,38,40,0.0604673,0.10754,0.00195095,1.78435,0,14.1121
14.132,0.919369,0.521152,-1.28779,0,0,0,0,38,40,0,0,0,0,0,traj_sz=100
14.1323,0.919369,0.521152,-1.28779,0.925836,0.46268,-1.17559,0.105878,39,40,0.0579521,0.107093,0.3491,1.78476,0,14.1323
14.1521,0.919922,0.519935,-1.28643,0,0,0,0,39,40,0,0,0,0,0,traj_sz=100
14.1522,0.919922,0.519935,-1.28643,0.925836,0.46268,-1.17559,0.105878,39,40,0.0566144,0.107776,0.3491,1.78484,0,14.1522
14.1721,0.920872,0.516242,-1.28392,0,0,0,0,39,40,0,0,0,0,0,traj_sz=100
14.1722,0.920872,0.516242,-1.28392,0.925836,0.46268,-1.17559,0.105878,39,40,0.0527781,0.105997,0.3491,1.78572,0,14.1722
14.1922,0.921408,0.515057,-1.28163,0,0,0,0,39,40,0,0,0,0,0,traj_sz=100
14.1924,0.921408,0.515057,-1.28163,0.94079,0.426831,-1.11196,0.106611,39,41,0.0900897,0.10674,0.346137,1.7858,0,14.1924
14.2121,0.922081,0.512858,-1.27996,0,0,0,0,39,41,0,0,0,0,0,traj_sz=100
14.2122,0.922081,0.512858,-1.27996,0.94079,0.426831,-1.11196,0.106611,39,41,0.0877797,0.106451,0.335456,1.78624,0,14.2122
14.232,0.922757,0.510789,-1.27834,0,0,0,0,39,41,0,0,0,0,0,traj_sz=100
14.2321,0.922757,0.510789,-1.27834,0.94079,0.426831,-1.11196,0.106611,39,41,0.0855918,0.106284,0.324376,1.78661,0,14.2321
14.252,0.922774,0.509764,-1.27646,0,0,0,0,39,41,0,0,0,0,0,traj_sz=100
14.2521,0.922774,0.509764,-1.27646,0.94079,0.426831,-1.11196,0.106611,39,41,0.0845925,0.107328,0.315693,1.78708,0,14.2521
14.272,0.924168,0.506865,-1.27664,0,0,0,0,39,41,0,0,0,0,0,traj_sz=100
14.2721,0.924168,0.506865,-1.27664,0.94079,0.426831,-1.11196,0.106611,39,41,0.0814153,0.106154,0.311493,1.78721,0,14.2721
14.2921,0.924159,0.50567,-1.27226,0,0,0,0,39,41,0,0,0,0,0,traj_sz=100
14.2924,0.924159,0.50567,-1.27226,0.94079,0.426831,-1.11196,0.106611,39,41,0.0802429,0.107073,0.28599,1.78778,0,14.2924
14.312,0.924994,0.503723,-1.2706,0,0,0,0,39,41,0,0,0,0,0,traj_sz=100
14.3122,0.924994,0.503723,-1.2706,0.94079,0.426831,-1.11196,0.106611,39,41,0.0781238,0.106964,0.271858,1.78797,0,14.3122
14.332,0.92551,0.501699,-1.26543,0,0,0,0,39,41,0,0,0,0,0,traj_sz=100
14.3321,0.92551,0.501699,-1.26543,0.94079,0.426831,-1.11196,0.106611,39,41,0.0759979,0.106933,0.237288,1.78847,0,14.3321
14.3521,0.926284,0.500712,-1.26659,0,0,0,0,39,41,0,0,0,0,0,traj_sz=100
14.3524,0.926284,0.500712,-1.26659,0.94079,0.426831,-1.11196,0.106611,39,41,0.0748338,0.1078,0.239545,1.78826,0,14.3524
14.372,0.927084,0.497613,-1.25782,0,0,0,0,39,41,0,0,0,0,0,traj_sz=100
14.3721,0.927084,0.497613,-1.25782,0.94079,0.426831,-1.11196,0.106611,39,41,0.0715636,0.106654,0.180365,1.78903,0,14.3721
14.392,0.927693,0.496479,-1.25737,0,0,0,0,39,41,0,0,0,0,0,traj_sz=100
14.3922,0.927693,0.496479,-1.25737,0.94079,0.426831,-1.11196,0.106611,39,41,0.0702933,0.107439,0.17409,1.78903,0,14.3922
14.412,0.928323,0.494389,-1.25316,0,0,0,0,39,41,0,0,0,0,0,traj_sz=100
14.4121,0.928323,0.494389,-1.25316,0.94079,0.426831,-1.11196,0.106611,39,41,0.0680722,0.107303,0.145139,1.78948,0,14.4121
14.4321,0.929327,0.492199,-1.24967,0,0,0,0,39,41,0,0,0,0,0,traj_sz=100
14.4323,0.929327,0.492199,-1.24967,0.94079,0.426831,-1.11196,0.106611,39,41,0.0656445,0.106965,0.116611,1.78965,0,14.4323
14.4521,0.929881,0.490942,-1.24851,0,0,0,0,39,41,0,0,0,0,0,traj_sz=100
14.4523,0.929881,0.490942,-1.24851,0.94079,0.426831,-1.11196,0.106611,39,41,0.0642654,0.107647,0.106581,1.78976,0,14.4523
14.472,0.931116,0.487604,-1.24113,0,0,0,0,39,41,0,0,0,0,0,traj_sz=100
14.472,0.931116,0.487604,-1.24113,0.94079,0.426831,-1.11196,0.106611,39,41,0.0606324,0.106112,0.0524073,1.79029,0,14.472
14.492,0.931262,0.486413,-1.23684,0,0,0,0,39,41,0,0,0,0,0,traj_sz=100
14.4921,0.931262,0.486413,-1.23684,0.94079,0.426831,-1.11196,0.106611,39,41,0.0594139,0.107002,0.0253692,1.79073,0,14.4921
14.5121,0.932268,0.483975,-1.23356,0,0,0,0,39,41,0,0,0,0,0,traj_sz=100
14.5122,0.932268,0.483975,-1.23356,0.94079,0.426831,-1.11196,0.106611,40,41,0.0567451,0.106422,0.3491,1.79103,0,14.5122
14.5321,0.933094,0.481643,-1.23013,0,0,0,0,40,41,0,0,0,0,0,traj_sz=100
14.5321,0.933094,0.481643,-1.23013,0.94079,0.426831,-1.11196,0.106611,40,41,0.0542334,0.105992,0.3491,1.79144,0,14.5321
14.552,0.933778,0.480556,-1.23068,0,0,0,0,40,41,0,0,0,0,0,traj_sz=100
14.5521,0.933778,0.480556,-1.23068,0.94079,0.426831,-1.11196,0.106611,40,41,0.0529863,0.106774,0.3491,1.79136,0,14.5521
14.5719,0.93491,0.477087,-1.2266,0,0,0,0,40,41,0,0,0,0,0,traj_sz=100
14.572,0.93491,0.477087,-1.2266,0.958113,0.391764,-1.04394,0.108666,40,42,0.0881479,0.105165,0.3491,1.79206,0,14.572
14.592,0.935609,0.475979,-1.22583,0,0,0,0,40,42,0,0,0,0,0,traj_sz=100
14.5922,0.935609,0.475979,-1.22583,0.958113,0.391764,-1.04394,0.108666,40,42,0.0868639,0.105944,0.3491,1.79199,0,14.5922
14.6122,0.936316,0.473595,-1.22468,0,0,0,0,40,42,0,0,0,0,0,traj_sz=100
14.6123,0.936316,0.473595,-1.22468,0.958113,0.391764,-1.04394,0.108666,40,42,0.0843725,0.105526,0.3491,1.79254,0,14.6123
14.6321,0.937079,0.471438,-1.22125,0,0,0,0,40,42,0,0,0,0,0,traj_sz=100
14.6322,0.937079,0.471438,-1.22125,0.958113,0.391764,-1.04394,0.108666,40,42,0.0820595,0.105279,0.3481,1.79293,0,14.6322
14.652,0.937872,0.470514,-1.22153,0,0,0,0,40,42,0,0,0,0,0,traj_sz=100
14.6521,0.937872,0.470514,-1.22153,0.958113,0.391764,-1.04394,0.108666,40,42,0.0809223,0.106155,0.344455,1.79269,0,14.6521
14.6722,0.93891,0.467574,-1.21873,0,0,0,0,40,42,0,0,0,0,0,traj_sz=100
14.6723,0.93891,0.467574,-1.21873,0.958113,0.391764,-1.04394,0.108666,40,42,0.077782,0.105101,0.326918,1.79323,0,14.6723
14.692,0.939458,0.466656,-1.21678,0,0,0,0,40,42,0,0,0,0,0,traj_sz=100
14.6921,0.939458,0.466656,-1.21678,0.958113,0.391764,-1.04394,0.108666,40,42,0.0767151,0.106125,0.310596,1.79321,0,14.6921
14.712,0.940164,0.464636,-1.21254,0,0,0,0,40,42,0,0,0,0,0,traj_sz=100
14.7121,0.940164,0.464636,-1.21254,0.958113,0.391764,-1.04394,0.108666,40,42,0.0745389,0.106102,0.281951,1.79359,0,14.7121
14.7319,0.940933,0.462488,-1.20821,0,0,0,0,40,42,0,0,0,0,0,traj_sz=100
14.732,0.940933,0.462488,-1.20821,0.958113,0.391764,-1.04394,0.108666,40,42,0.072219,0.105923,0.252514,1.79398,0,14.732
14.752,0.941666,0.4614,-1.20773,0,0,0,0,40,42,0,0,0,0,0,traj_sz=100
14.7521,0.941666,0.4614,-1.20773,0.958113,0.391764,-1.04394,0.108666,40,42,0.0709381,0.106749,0.245246,1.79388,0,14.7521
14.7721,0.94309,0.457994,-1.20061,0,0,0,0,40,42,0,0,0,0,0,traj_sz=100
14.7723,0.94309,0.457994,-1.20061,0.958113,0.391764,-1.04394,0.108666,40,42,0.0671787,0.105191,0.193932,1.79434,0,14.7723
14.7919,0.943618,0.456786,-1.19819,0,0,0,0,40,42,0,0,0,0,0,traj_sz=100
14.792,0.943618,0.456786,-1.19819,0.958113,0.391764,-1.04394,0.108666,40,42,0.0658375,0.105953,0.176127,1.79448,0,14.792
14.8121,0.944585,0.454378,-1.19223,0,0,0,0,40,42,0,0,0,0,0,traj_sz=100
14.8122,0.944585,0.454378,-1.19223,0.958113,0.391764,-1.04394,0.108666,40,42,0.0631802,0.105479,0.133754,1.79484,0,14.8122
14.8321,0.94573,0.452062,-1.18826,0,0,0,0,40,42,0,0,0,0,0,traj_sz=100
14.8323,0.94573,0.452062,-1.18826,0.958113,0.391764,-1.04394,0.108666,40,42,0.0605621,0.105016,0.102717,1.79501,0,14.8323
14.8519,0.945918,0.450767,-1.18374,0,0,0,0,40,42,0,0,0,0,0,traj_sz=100
14.8523,0.945918,0.450767,-1.18374,0.958113,0.391764,-1.04394,0.108666,40,42,0.0592413,0.105847,0.0750529,1.79549,0,14.8523
14.872,0.947751,0.447373,-1.17891,0,0,0,0,40,42,0,0,0,0,0,traj_sz=100
14.8721,0.947751,0.447373,-1.17891,0.958113,0.391764,-1.04394,0.108666,41,42,0.055351,0.10411,0.3491,1.79561,0,14.8721
14.892,0.94824,0.446255,-1.17681,0,0,0,0,41,42,0,0,0,0,0,traj_sz=100
14.8921,0.94824,0.446255,-1.17681,0.958113,0.391764,-1.04394,0.108666,41,42,0.0541058,0.104999,0.3491,1.79575,0,14.8921
14.912,0.949344,0.443898,-1.17303,0,0,0,0,41,42,0,0,0,0,0,traj_sz=100
14.9121,0.949344,0.443898,-1.17303,0.978159,0.357304,-0.970446,0.111763,41,43,0.0909958,0.104499,0.3491,1.79598,0,14.9121
14.9321,0.949972,0.441501,-1.16598,0,0,0,0,41,43,0,0,0,0,0,traj_sz=100
14.9323,0.949972,0.441501,-1.16598,0.978159,0.357304,-0.970446,0.111763,41,43,0.088493,0.104189,0.3491,1.79665,0,14.9323
14.9519,0.950694,0.440374,-1.1658,0,0,0,0,41,43,0,0,0,0,0,traj_sz=100
14.952,0.950694,0.440374,-1.1658,0.978159,0.357304,-0.970446,0.111763,41,43,0.0871718,0.104944,0.3491,1.7966,0,14.952
14.972,0.952127,0.437419,-1.16108,0,0,0,0,41,43,0,0,0,0,0,traj_sz=100
14.9721,0.952127,0.437419,-1.16108,0.978159,0.357304,-0.970446,0.111763,41,43,0.0838538,0.103773,0.3491,1.79686,0,14.9721
14.9922,0.952382,0.436264,-1.1582,0,0,0,0,41,43,0,0,0,0,0,traj_sz=100
14.9923,0.952382,0.436264,-1.1582,0.978159,0.357304,-0.970446,0.111763,41,43,0.0826705,0.104744,0.3491,1.79723,0,14.9923
15.012,0.953475,0.434269,-1.15962,0,0,0,0,41,43,0,0,0,0,0,traj_sz=100
15.0122,0.953475,0.434269,-1.15962,0.978159,0.357304,-0.970446,0.111763,41,43,0.080416,0.104562,0.3491,1.7973,0,15.0122
15.0321,0.954452,0.432424,-1.15662,0,0,0,0,41,43,0,0,0,0,0,traj_sz=100
15.0323,0.954452,0.432424,-1.15662,0.978159,0.357304,-0.970446,0.111763,41,43,0.0783091,0.104589,0.340105,1.79741,0,15.0323
15.0522,0.95452,0.431357,-1.15387,0,0,0,0,41,43,0,0,0,0,0,traj_sz=100
15.0523,0.95452,0.431357,-1.15387,0.978159,0.357304,-0.970446,0.111763,41,43,0.0772821,0.105759,0.326469,1.79789,0,15.0523
15.072,0.95612,0.428327,-1.14866,0,0,0,0,41,43,0,0,0,0,0,traj_sz=100
15.0721,0.95612,0.428327,-1.14866,0.978159,0.357304,-0.970446,0.111763,41,43,0.0738176,0.104499,0.287602,1.79807,0,15.0721
15.0921,0.956673,0.427362,-1.14835,0,0,0,0,41,43,0,0,0,0,0,traj_sz=100
15.0922,0.956673,0.427362,-1.14835,0.978159,0.357304,-0.970446,0.111763,41,43,0.072708,0.105596,0.284322,1.79809,0,15.0922
15.112,0.957753,0.425395,-1.14477,0,0,0,0,41,43,0,0,0,0,0,traj_sz=100
15.1121,0.957753,0.425395,-1.14477,0.978159,0.357304,-0.970446,0.111763,41,43,0.0704376,0.105525,0.257111,1.79817,0,15.1121
15.132,0.958633,0.423102,-1.13854,0,0,0,0,41,43,0,0,0,0,0,traj_sz=100
15.1321,0.958633,0.423102,-1.13854,0.978159,0.357304,-0.970446,0.111763,41,43,0.067926,0.105275,0.215686,1.7986,0,15.1321
15.152,0.959425,0.422111,-1.13825,0,0,0,0,41,43,0,0,0,0,0,traj_sz=100
15.1522,0.959425,0.422111,-1.13825,0.978159,0.357304,-0.970446,0.111763,41,43,0.0666908,0.106228,0.209493,1.79843,0,15.1522
15.1721,0.960978,0.418991,-1.1302,0,0,0,0,41,43,0,0,0,0,0,traj_sz=100
15.1723,0.960978,0.418991,-1.1302,0.978159,0.357304,-0.970446,0.111763,41,43,0.0631231,0.104944,0.151355,1.79871,0,15.1723
15.192,0.961541,0.417928,-1.12891,0,0,0,0,41,43,0,0,0,0,0,traj_sz=100
15.1922,0.961541,0.417928,-1.12891,0.978159,0.357304,-0.970446,0.111763,41,43,0.0619072,0.10592,0.141557,1.79878,0,15.1922
15.212,0.962623,0.415735,-1.12297,0,0,0,0,41,43,0,0,0,0,0,traj_sz=100
15.212,0.962623,0.415735,-1.12297,0.978159,0.357304,-0.970446,0.111763,42,43,0.0593966,0.105653,0.3491,1.79899,0,15.212
15.232,0.963208,0.414647,-1.12092,0,0,0,0,42,43,0,0,0,0,0,traj_sz=100
15.2321,0.963208,0.414647,-1.12092,0.978159,0.357304,-0.970446,0.111763,42,43,0.058139,0.106612,0.3491,1.79906,0,15.2321
15.2521,0.964254,0.4126,-1.115,0,0,0,0,42,43,0,0,0,0,0,traj_sz=100
15.2523,0.964254,0.4126,-1.115,0.978159,0.357304,-0.970446,0.111763,42,43,0.0557715,0.106526,0.3491,1.79923,0,15.2523
15.272,0.965568,0.409342,-1.10674,0,0,0,0,42,43,0,0,0,0,0,traj_sz=100
15.2721,0.965568,0.409342,-1.10674,1.00132,0.323471,-0.890435,0.115506,42,44,0.0927918,0.105197,0.3491,1.79981,0,15.2721
15.2919,0.966412,0.408363,-1.10615,0,0,0,0,42,44,0,0,0,0,0,traj_sz=100
15.292,0.966412,0.408363,-1.10615,1.00132,0.323471,-0.890435,0.115506,42,44,0.0915342,0.106117,0.3491,1.7996,0,15.292
15.312,0.967626,0.406261,-1.10393,0,0,0,0,42,44,0,0,0,0,0,traj_sz=100
15.3122,0.967626,0.406261,-1.10393,1.00132,0.323471,-0.890435,0.115506,42,44,0.0890954,0.105891,0.3491,1.79967,0,15.3122
15.332,0.968816,0.404146,-1.1003,0,0,0,0,42,44,0,0,0,0,0,traj_sz=100
15.3322,0.968816,0.404146,-1.1003,1.00132,0.323471,-0.890435,0.115506,42,44,0.0866437,0.105649,0.3491,1.79977,0,15.3322
15.352,0.969452,0.40322,-1.09916,0,0,0,0,42,44,0,0,0,0,0,traj_sz=100
15.3521,0.969452,0.40322,-1.09916,1.00132,0.323471,-0.890435,0.115506,42,44,0.0855214,0.10671,0.3491,1.79971,0,15.3521
15.372,0.971067,0.400197,-1.09175,0,0,0,0,42,44,0,0,0,0,0,traj_sz=100
15.3721,0.971067,0.400197,-1.09175,1.00132,0.323471,-0.890435,0.115506,42,44,0.0820339,0.105469,0.3491,1.79993,0,15.3721
15.392,0.971694,0.399271,-1.09015,0,0,0,0,42,44,0,0,0,0,0,traj_sz=100
15.3922,0.971694,0.399271,-1.09015,1.00132,0.323471,-0.890435,0.115506,42,44,0.080909,0.106543,0.3491,1.79989,0,15.3922
15.4121,0.972433,0.397246,-1.0831,0,0,0,0,42,44,0,0,0,0,0,traj_sz=100
15.4122,0.972433,0.397246,-1.0831,1.00132,0.323471,-0.890435,0.115506,42,44,0.0787099,0.106627,0.308432,1.80033,0,15.4122
15.4319,0.973936,0.395395,-1.08061,0,0,0,0,42,44,0,0,0,0,0,traj_sz=100
15.432,0.973936,0.395395,-1.08061,1.00132,0.323471,-0.890435,0.115506,42,44,0.0763469,0.106527,0.285004,1.80004,0,15.432
15.452,0.974413,0.394349,-1.07792,0,0,0,0,42,44,0,0,0,0,0,traj_sz=100
15.4521,0.974413,0.394349,-1.07792,1.00132,0.323471,-0.890435,0.115506,42,44,0.075173,0.107677,0.267294,1.80019,0,15.4521
15.472,0.976278,0.391235,-1.07048,0,0,0,0,42,44,0,0,0,0,0,traj_sz=100
15.4722,0.976278,0.391235,-1.07048,1.00132,0.323471,-0.890435,0.115506,42,44,0.0714706,0.10633,0.213025,1.80027,0,15.4722
15.4919,0.976804,0.390133,-1.06694,0,0,0,0,42,44,0,0,0,0,0,traj_sz=100
15.492,0.976804,0.390133,-1.06694,1.00132,0.323471,-0.890435,0.115506,42,44,0.0702139,0.107378,0.189046,1.80041,0,15.492
15.512,0.978003,0.388162,-1.06209,0,0,0,0,42,44,0,0,0,0,0,traj_sz=100
15.5122,0.978003,0.388162,-1.06209,1.00132,0.323471,-0.890435,0.115506,42,44,0.067856,0.107368,0.153446,1.80045,0,15.5122
15.532,0.979266,0.386102,-1.057,0,0,0,0,42,44,0,0,0,0,0,traj_sz=100
15.5321,0.979266,0.386102,-1.057,1.00132,0.323471,-0.890435,0.115506,42,44,0.0653832,0.107223,0.115923,1.80048,0,15.5321
15.552,0.979848,0.385155,-1.05415,0,0,0,0,42,44,0,0,0,0,0,traj_sz=100
15.5521,0.979848,0.385155,-1.05415,1.00132,0.323471,-0.890435,0.115506,42,44,0.064239,0.108394,0.0950041,1.8005,0,15.5521
15.5722,0.9815,0.382156,-1.04399,0,0,0,0,42,44,0,0,0,0,0,traj_sz=100
15.5724,0.9815,0.382156,-1.04399,1.00132,0.323471,-0.890435,0.115506,43,44,0.0606932,0.107287,0.3491,1.80071,0,15.5724
15.592,0.982175,0.381162,-1.04209,0,0,0,0,43,44,0,0,0,0,0,traj_sz=100
15.5921,0.982175,0.381162,-1.04209,1.00132,0.323471,-0.890435,0.115506,43,44,0.059471,0.108332,0.3491,1.80068,0,15.5921
15.6121,0.983483,0.379228,-1.03888,0,0,0,0,43,44,0,0,0,0,0,traj_sz=100
15.6122,0.983483,0.379228,-1.03888,1.00132,0.323471,-0.890435,0.115506,43,44,0.0571005,0.10829,0.3491,1.80062,0,15.6122
15.6319,0.984558,0.377237,-1.03339,0,0,0,0,43,44,0,0,0,0,0,traj_sz=100
15.6321,0.984558,0.377237,-1.03339,1.00132,0.323471,-0.890435,0.115506,43,44,0.0547676,0.108296,0.3491,1.80079,0,15.6321
15.652,0.985328,0.376295,-1.03294,0,0,0,0,43,44,0,0,0,0,0,traj_sz=100
15.6521,0.985328,0.376295,-1.03294,1.02798,0.290531,-0.803099,0.119279,43,45,0.0955051,0.109365,0.3491,1.80065,0,15.6521
15.672,0.986507,0.374235,-1.03072,0,0,0,0,43,45,0,0,0,0,0,traj_sz=100
15.6723,0.986507,0.374235,-1.03072,1.02798,0.290531,-0.803099,0.119279,43,45,0.0931158,0.109297,0.3491,1.80077,0,15.6723
15.692,0.987951,0.372151,-1.02871,0,0,0,0,43,45,0,0,0,0,0,traj_sz=100
15.6921,0.987951,0.372151,-1.02871,1.02798,0.290531,-0.803099,0.119279,43,45,0.0905702,0.109012,0.3491,1.80069,0,15.6921
15.712,0.989143,0.370011,-1.02491,0,0,0,0,43,45,0,0,0,0,0,traj_sz=100
15.7121,0.989143,0.370011,-1.02491,1.02798,0.290531,-0.803099,0.119279,43,45,0.0880926,0.108847,0.3491,1.80085,0,15.7121
15.7321,0.990427,0.368069,-1.02223,0,0,0,0,43,45,0,0,0,0,0,traj_sz=100
15.7323,0.990427,0.368069,-1.02223,1.02798,0.290531,-0.803099,0.119279,43,45,0.085744,0.108811,0.3491,1.80083,0,15.7323
15.752,0.991035,0.367125,-1.02078,0,0,0,0,43,45,0,0,0,0,0,traj_sz=100
15.7521,0.991035,0.367125,-1.02078,1.02798,0.290531,-0.803099,0.119279,43,45,0.0846087,0.109943,0.3491,1.80084,0,15.7521
15.772,0.992904,0.364352,-1.01637,0,0,0,0,43,45,0,0,0,0,0,traj_sz=100
15.7721,0.992904,0.364352,-1.01637,1.02798,0.290531,-0.803099,0.119279,43,45,0.0812291,0.108867,0.3491,1.80079,0,15.7721
15.792,0.993563,0.36342,-1.01406,0,0,0,0,43,45,0,0,0,0,0,traj_sz=100
15.7922,0.993563,0.36342,-1.01406,1.02798,0.290531,-0.803099,0.119279,43,45,0.0800681,0.110092,0.339403,1.80075,0,15.7922
15.812,0.994668,0.361573,-1.00855,0,0,0,0,43,45,0,0,0,0,0,traj_sz=100
15.8121,0.994668,0.361573,-1.00855,1.02798,0.290531,-0.803099,0.119279,43,45,0.0778634,0.1103,0.301728,1.80084,0,15.8121
15.832,0.996012,0.35971,-1.0047,0,0,0,0,43,45,0,0,0,0,0,traj_sz=100
15.8322,0.996012,0.35971,-1.0047,1.02798,0.290531,-0.803099,0.119279,43,45,0.075533,0.110391,0.273155,1.80074,0,15.8322
15.852,0.996634,0.358805,-1.00293,0,0,0,0,43,45,0,0,0,0,0,traj_sz=100
15.8522,0.996634,0.358805,-1.00293,1.02798,0.290531,-0.803099,0.119279,43,45,0.0744181,0.11166,0.260412,1.80072,0,15.8522
15.872,0.998614,0.355848,-0.994586,0,0,0,0,43,45,0,0,0,0,0,traj_sz=100
15.8722,0.998614,0.355848,-0.994586,1.02798,0.290531,-0.803099,0.119279,43,45,0.0707706,0.11046,0.200852,1.80069,0,15.8722
15.892,0.999339,0.354897,-0.992701,0,0,0,0,43,45,0,0,0,0,0,traj_sz=100
15.8922,0.999339,0.354897,-0.992701,1.02798,0.290531,-0.803099,0.119279,43,45,0.0695574,0.111644,0.186368,1.80061,0,15.8922
15.912,1.00079,0.352813,-0.986636,0,0,0,0,43,45,0,0,0,0,0,traj_sz=100
15.9121,1.00079,0.352813,-0.986636,1.02798,0.290531,-0.803099,0.119279,43,45,0.0669488,0.111465,0.142396,1.80056,0,15.9121
15.932,1.00223,0.350586,-0.981646,0,0,0,0,43,45,0,0,0,0,0,traj_sz=100
15.932,1.00223,0.350586,-0.981646,1.02798,0.290531,-0.803099,0.119279,43,45,0.0642398,0.11118,0.107548,1.8006,0,15.932
15.952,1.0029,0.349453,-0.977788,0,0,0,0,43,45,0,0,0,0,0,traj_sz=100
15.9522,1.0029,0.349453,-0.977788,1.02798,0.290531,-0.803099,0.119279,43,45,0.062876,0.112249,0.081002,1.80066,0,15.9522
15.972,1.00525,0.346269,-0.968024,0,0,0,0,43,45,0,0,0,0,0,traj_sz=100
15.9722,1.00525,0.346269,-0.968024,1.02798,0.290531,-0.803099,0.119279,44,45,0.0588012,0.110667,0.3491,1.80049,0,15.9722
15.992,1.00599,0.345107,-0.964723,0,0,0,0,44,45,0,0,0,0,0,traj_sz=100
15.9922,1.00599,0.345107,-0.964723,1.02798,0.290531,-0.803099,0.119279,44,45,0.057381,0.111662,0.3491,1.80052,0,15.9922
16.012,1.00754,0.342973,-0.959944,0,0,0,0,44,45,0,0,0,0,0,traj_sz=100
16.0121,1.00754,0.342973,-0.959944,1.05837,0.259045,-0.708179,0.122489,44,46,0.0979057,0.111387,0.3491,1.80043,0,16.0121
16.032,1.00917,0.340695,-0.954985,0,0,0,0,44,46,0,0,0,0,0,traj_sz=100
16.0321,1.00917,0.340695,-0.954985,1.05837,0.259045,-0.708179,0.122489,44,46,0.0950733,0.110948,0.3491,1.80036,0,16.0321
16.052,1.00994,0.33981,-0.954173,0,0,0,0,44,46,0,0,0,0,0,traj_sz=100
16.0522,1.00994,0.33981,-0.954173,1.05837,0.259045,-0.708179,0.122489,44,46,0.0938979,0.112157,0.3491,1.80021,0,16.0522
16.072,1.01237,0.336433,-0.949219,0,0,0,0,44,46,0,0,0,0,0,traj_sz=100
16.0721,1.01237,0.336433,-0.949219,1.05837,0.259045,-0.708179,0.122489,44,46,0.0896972,0.11035,0.3491,1.8001,0,16.0721
16.092,1.01325,0.33535,-0.947766,0,0,0,0,44,46,0,0,0,0,0,traj_sz=100
16.0922,1.01325,0.33535,-0.947766,1.05837,0.259045,-0.708179,0.122489,44,46,0.0882937,0.111321,0.3491,1.79998,0,16.0922
16.1122,1.01481,0.333366,-0.944485,0,0,0,0,44,46,0,0,0,0,0,traj_sz=100
16.1124,1.01481,0.333366,-0.944485,1.05837,0.259045,-0.708179,0.122489,44,46,0.0857462,0.111184,0.3491,1.79981,0,16.1124
16.1321,1.0156,0.332395,-0.943888,0,0,0,0,44,46,0,0,0,0,0,traj_sz=100
16.1323,1.0156,0.332395,-0.943888,1.05837,0.259045,-0.708179,0.122489,44,46,0.0844953,0.112295,0.3491,1.79972,0,16.1323
16.152,1.01712,0.330662,-0.94247,0,0,0,0,44,46,0,0,0,0,0,traj_sz=100
16.1522,1.01712,0.330662,-0.94247,1.05837,0.259045,-0.708179,0.122489,44,46,0.082186,0.112368,0.3491,1.79944,0,16.1522
16.172,1.01911,0.32779,-0.933898,0,0,0,0,44,46,0,0,0,0,0,traj_sz=100
16.1721,1.01911,0.32779,-0.933898,1.05837,0.259045,-0.708179,0.122489,44,46,0.0786174,0.111318,0.347286,1.79943,0,16.1721
16.1921,1.01959,0.32686,-0.929017,0,0,0,0,44,46,0,0,0,0,0,traj_sz=100
16.1922,1.01959,0.32686,-0.929017,1.05837,0.259045,-0.708179,0.122489,44,46,0.0775379,0.112744,0.315307,1.79957,0,16.1922
16.2121,1.02123,0.325124,-0.927777,0,0,0,0,44,46,0,0,0,0,0,traj_sz=100
16.2122,1.02123,0.325124,-0.927777,1.05837,0.259045,-0.708179,0.122489,44,46,0.0751515,0.112795,0.303591,1.7992,0,16.2122
16.2321,1.02286,0.323257,-0.922108,0,0,0,0,44,46,0,0,0,0,0,traj_sz=100
16.2322,1.02286,0.323257,-0.922108,1.05837,0.259045,-0.708179,0.122489,44,46,0.0726204,0.112747,0.261372,1.79893,0,16.2322
16.252,1.02339,0.322316,-0.917976,0,0,0,0,44,46,0,0,0,0,0,traj_sz=100
16.2521,1.02339,0.322316,-0.917976,1.05837,0.259045,-0.708179,0.122489,44,46,0.0715093,0.114122,0.234367,1.79903,0,16.2521
16.2722,1.02595,0.319282,-0.911639,0,0,0,0,44,46,0,0,0,0,0,traj_sz=100
16.2724,1.02595,0.319282,-0.911639,1.05837,0.259045,-0.708179,0.122489,44,46,0.067471,0.112611,0.187444,1.79866,0,16.2724
16.2921,1.02676,0.318335,-0.90855,0,0,0,0,44,46,0,0,0,0,0,traj_sz=100
16.2923,1.02676,0.318335,-0.90855,1.05837,0.259045,-0.708179,0.122489,44,46,0.0661943,0.113797,0.16477,1.79855,0,16.2923
16.3121,1.02859,0.316312,-0.903234,0,0,0,0,44,46,0,0,0,0,0,traj_sz=100
16.3124,1.02859,0.316312,-0.903234,1.05837,0.259045,-0.708179,0.122489,45,46,0.0634115,0.113514,0.3491,1.79821,0,16.3124
16.332,1.03032,0.31408,-0.896845,0,0,0,0,45,46,0,0,0,0,0,traj_sz=100
16.3321,1.03032,0.31408,-0.896845,1.05837,0.259045,-0.708179,0.122489,45,46,0.0605065,0.113101,0.3491,1.79808,0,16.3321
16.352,1.03127,0.313098,-0.89482,0,0,0,0,45,46,0,0,0,0,0,traj_sz=100
16.3522,1.03127,0.313098,-0.89482,1.05837,0.259045,-0.708179,0.122489,45,46,0.0591213,0.114173,0.3491,1.79787,0,16.3522
16.3721,1.03402,0.3098,-0.885701,0,0,0,0,45,46,0,0,0,0,0,traj_sz=100
16.3723,1.03402,0.3098,-0.885701,1.0925,0.229816,-0.606101,0.124696,45,47,0.0989374,0.112328,0.3491,1.79753,0,16.3723
16.392,1.03498,0.308809,-0.88335,0,0,0,0,45,47,0,0,0,0,0,traj_sz=100
16.3923,1.03498,0.308809,-0.88335,1.0925,0.229816,-0.606101,0.124696,45,47,0.0975546,0.113384,0.3491,1.79732,0,16.3923
16.412,1.03665,0.306662,-0.876419,0,0,0,0,45,47,0,0,0,0,0,traj_sz=100
16.4121,1.03665,0.306662,-0.876419,1.0925,0.229816,-0.606101,0.124696,45,47,0.0947908,0.113086,0.3491,1.7972,0,16.4121
16.4321,1.03822,0.304654,-0.871488,0,0,0,0,45,47,0,0,0,0,0,traj_sz=100
16.4322,1.03822,0.304654,-0.871488,1.0925,0.229816,-0.606101,0.124696,45,47,0.0922145,0.11299,0.3491,1.7971,0,16.4322
16.452,1.0391,0.303778,-0.869888,0,0,0,0,45,47,0,0,0,0,0,traj_sz=100
16.4521,1.0391,0.303778,-0.869888,1.0925,0.229816,-0.606101,0.124696,45,47,0.0909663,0.114169,0.3491,1.79689,0,16.4521
16.4723,1.04156,0.301103,-0.865482,0,0,0,0,45,47,0,0,0,0,0,traj_sz=100
16.4725,1.04156,0.301103,-0.865482,1.0925,0.229816,-0.606101,0.124696,45,47,0.0873025,0.113005,0.3491,1.79645,0,16.4725
16.4921,1.04241,0.300174,-0.863125,0,0,0,0,45,47,0,0,0,0,0,traj_sz=100
16.4922,1.04241,0.300174,-0.863125,1.0925,0.229816,-0.606101,0.124696,45,47,0.0860235,0.114145,0.3491,1.7963,0,16.4922
16.5121,1.04386,0.298542,-0.85783,0,0,0,0,45,47,0,0,0,0,0,traj_sz=100
16.5122,1.04386,0.298542,-0.85783,1.0925,0.229816,-0.606101,0.124696,45,47,0.0838,0.114393,0.3491,1.79608,0,16.5122
16.532,1.04553,0.296815,-0.853357,0,0,0,0,45,47,0,0,0,0,0,traj_sz=100
16.5322,1.04553,0.296815,-0.853357,1.0925,0.229816,-0.606101,0.124696,45,47,0.0813669,0.11447,0.3491,1.79574,0,16.5322
16.552,1.04642,0.295841,-0.850686,0,0,0,0,45,47,0,0,0,0,0,traj_sz=100
16.5521,1.04642,0.295841,-0.850686,1.0925,0.229816,-0.606101,0.124696,45,47,0.0800186,0.115609,0.3491,1.79559,0,16.5521
16.5721,1.04891,0.293153,-0.841542,0,0,0,0,45,47,0,0,0,0,0,traj_sz=100
16.5722,1.04891,0.293153,-0.841542,1.0925,0.229816,-0.606101,0.124696,45,47,0.076272,0.114429,0.320555,1.79516,0,16.5722
16.5922,1.04979,0.292195,-0.839443,0,0,0,0,45,47,0,0,0,0,0,traj_sz=100
16.5923,1.04979,0.292195,-0.839443,1.0925,0.229816,-0.606101,0.124696,45,47,0.0749542,0.11562,0.305976,1.79501,0,16.5923
16.612,1.05142,0.29028,-0.831388,0,0,0,0,45,47,0,0,0,0,0,traj_sz=100
16.6121,1.05142,0.29028,-0.831388,1.0925,0.229816,-0.606101,0.124696,45,47,0.0723585,0.115562,0.250338,1.79483,0,16.6121
16.6321,1.05312,0.288515,-0.825632,0,0,0,0,45,47,0,0,0,0,0,traj_sz=100
16.6323,1.05312,0.288515,-0.825632,1.0925,0.229816,-0.606101,0.124696,45,47,0.069846,0.115608,0.208901,1.7945,0,16.6323
16.652,1.05426,0.287641,-0.824431,0,0,0,0,45,47,0,0,0,0,0,traj_sz=100
16.6521,1.05426,0.287641,-0.824431,1.0925,0.229816,-0.606101,0.124696,45,47,0.0684183,0.116633,0.19708,1.7941,0,16.6521
16.672,1.05715,0.284547,-0.817102,0,0,0,0,45,47,0,0,0,0,0,traj_sz=100
16.6721,1.05715,0.284547,-0.817102,1.0925,0.229816,-0.606101,0.124696,46,47,0.0640967,0.114877,0.3491,1.7936,0,16.6721
16.692,1.05827,0.283664,-0.815756,0,0,0,0,46,47,0,0,0,0,0,traj_sz=100
16.6922,1.05827,0.283664,-0.815756,1.0925,0.229816,-0.606101,0.124696,46,47,0.0626718,0.115934,0.3491,1.79322,0,16.6922
16.7121,1.06019,0.281532,-0.8089,0,0,0,0,46,47,0,0,0,0,0,traj_sz=100
16.7122,1.06019,0.281532,-0.8089,1.1301,0.203755,-0.497972,0.12563,46,48,0.104535,0.115547,0.3491,1.79296,0,16.7122
16.732,1.06219,0.279485,-0.801076,0,0,0,0,46,48,0,0,0,0,0,traj_sz=100
16.7321,1.06219,0.279485,-0.801076,1.1301,0.203755,-0.497972,0.12563,46,48,0.101642,0.115154,0.3491,1.79257,0,16.7321
16.7521,1.06307,0.278401,-0.796726,0,0,0,0,46,48,0,0,0,0,0,traj_sz=100
16.7522,1.06307,0.278401,-0.796726,1.1301,0.203755,-0.497972,0.12563,46,48,0.100236,0.116257,0.3491,1.79251,0,16.7522
16.7719,1.06493,0.27683,-0.790331,0,0,0,0,46,48,0,0,0,0,0,traj_sz=100
16.772,1.06493,0.27683,-0.790331,1.1301,0.203755,-0.497972,0.12563,46,48,0.0977802,0.116265,0.3491,1.79196,0,16.772
16.792,1.06681,0.274696,-0.784378,0,0,0,0,46,48,0,0,0,0,0,traj_sz=100
16.7922,1.06681,0.274696,-0.784378,1.1301,0.203755,-0.497972,0.12563,46,48,0.0949129,0.115937,0.3491,1.79174,0,16.7922
16.812,1.06863,0.273132,-0.782264,0,0,0,0,46,48,0,0,0,0,0,traj_sz=100
16.8122,1.06863,0.273132,-0.782264,1.1301,0.203755,-0.497972,0.12563,46,48,0.0925041,0.115996,0.3491,1.79122,0,16.8122
16.832,1.06949,0.272193,-0.778881,0,0,0,0,46,48,0,0,0,0,0,traj_sz=100
16.8321,1.06949,0.272193,-0.778881,1.1301,0.203755,-0.497972,0.12563,46,48,0.0912103,0.117184,0.3491,1.79109,0,16.8321
16.852,1.07123,0.270583,-0.774167,0,0,0,0,46,48,0,0,0,0,0,traj_sz=100
16.8521,1.07123,0.270583,-0.774167,1.1301,0.203755,-0.497972,0.12563,46,48,0.0888152,0.117287,0.3491,1.79068,0,16.8521
16.872,1.074,0.268299,-0.768241,0,0,0,0,46,48,0,0,0,0,0,traj_sz=100
16.8721,1.074,0.268299,-0.768241,1.1301,0.203755,-0.497972,0.12563,46,48,0.0851922,0.11615,0.3491,1.78985,0,16.8721
16.8921,1.07491,0.267267,-0.765186,0,0,0,0,46,48,0,0,0,0,0,traj_sz=100
16.8922,1.07491,0.267267,-0.765186,1.1301,0.203755,-0.497972,0.12563,46,48,0.0837982,0.117276,0.3491,1.78975,0,16.8922
16.9121,1.07661,0.26573,-0.758397,0,0,0,0,46,48,0,0,0,0,0,traj_sz=100
16.9123,1.07661,0.26573,-0.758397,1.1301,0.203755,-0.497972,0.12563,46,48,0.0814563,0.117476,0.3491,1.78933,0,16.9123
16.932,1.07866,0.264052,-0.754827,0,0,0,0,46,48,0,0,0,0,0,traj_sz=100
16.9321,1.07866,0.264052,-0.754827,1.1301,0.203755,-0.497972,0.12563,46,48,0.0787819,0.117283,0.3491,1.78871,0,16.9321
16.952,1.07959,0.263078,-0.751009,0,0,0,0,46,48,0,0,0,0,0,traj_sz=100
16.9521,1.07959,0.263078,-0.751009,1.1301,0.203755,-0.497972,0.12563,46,48,0.0774041,0.118417,0.3491,1.78857,0,16.9521
16.9721,1.08224,0.260695,-0.739701,0,0,0,0,46,48,0,0,0,0,0,traj_sz=100
16.9722,1.08224,0.260695,-0.739701,1.1301,0.203755,-0.497972,0.12563,46,48,0.0737349,0.117343,0.286155,1.78791,0,16.9722
16.992,1.08337,0.259762,-0.73883,0,0,0,0,46,48,0,0,0,0,0,traj_sz=100
16.9922,1.08337,0.259762,-0.73883,1.1301,0.203755,-0.497972,0.12563,46,48,0.0722648,0.118354,0.279528,1.78759,0,16.9922
17.012,1.08532,0.257836,-0.731383,0,0,0,0,46,48,0,0,0,0,0,traj_sz=100
17.0122,1.08532,0.257836,-0.731383,1.1301,0.203755,-0.497972,0.12563,46,48,0.0694515,0.118113,0.228832,1.78722,0,17.0122
17.032,1.08619,0.257202,-0.726671,0,0,0,0,46,48,0,0,0,0,0,traj_sz=100
17.0322,1.08619,0.257202,-0.726671,1.1301,0.203755,-0.497972,0.12563,46,48,0.0683291,0.119507,0.193621,1.78692,0,17.0322
17.052,1.08846,0.255537,-0.723881,0,0,0,0,46,48,0,0,0,0,0,traj_sz=100
17.0521,1.08846,0.255537,-0.723881,1.1301,0.203755,-0.497972,0.12563,47,48,0.0654941,0.119165,0.3491,1.78614,0,17.0521
17.0722,1.09156,0.252813,-0.71526,0,0,0,0,47,48,0,0,0,0,0,traj_sz=100
17.0723,1.09156,0.252813,-0.71526,1.1301,0.203755,-0.497972,0.12563,47,48,0.0612699,0.117545,0.3491,1.78537,0,17.0723
17.0919,1.09267,0.251911,-0.712906,0,0,0,0,47,48,0,0,0,0,0,traj_sz=100
17.0921,1.09267,0.251911,-0.712906,1.17059,0.181741,-0.385489,0.12563,47,49,0.104836,0.118553,0.3491,1.78504,0,17.0921
17.1121,1.0951,0.250124,-0.709089,0,0,0,0,47,49,0,0,0,0,0,traj_sz=100
17.1122,1.0951,0.250124,-0.709089,1.17059,0.181741,-0.385489,0.12563,47,49,0.101819,0.118026,0.3491,1.78423,0,17.1122
17.1321,1.09699,0.248249,-0.697468,0,0,0,0,47,49,0,0,0,0,0,traj_sz=100
17.1322,1.09699,0.248249,-0.697468,1.17059,0.181741,-0.385489,0.12563,47,49,0.0991309,0.117873,0.3491,1.7839,0,17.1322
17.1522,1.09808,0.247548,-0.695755,0,0,0,0,47,49,0,0,0,0,0,traj_sz=100
17.1524,1.09808,0.247548,-0.695755,1.17059,0.181741,-0.385489,0.12563,47,49,0.0978341,0.119057,0.3491,1.78347,0,17.1524
17.1722,1.10121,0.244949,-0.687853,0,0,0,0,47,49,0,0,0,0,0,traj_sz=100
17.1726,1.10121,0.244949,-0.687853,1.17059,0.181741,-0.385489,0.12563,47,49,0.0937362,0.117478,0.3491,1.78263,0,17.1726
17.192,1.10198,0.244193,-0.683035,0,0,0,0,47,49,0,0,0,0,0,traj_sz=100
17.1921,1.10198,0.244193,-0.683035,1.17059,0.181741,-0.385489,0.12563,47,49,0.0926321,0.118844,0.3491,1.78249,0,17.1921
17.212,1.10388,0.242615,-0.677972,0,0,0,0,47,49,0,0,0,0,0,traj_sz=100
17.2122,1.10388,0.242615,-0.677972,1.17059,0.181741,-0.385489,0.12563,47,49,0.0901405,0.118856,0.3491,1.78198,0,17.2122
17.232,1.10579,0.241202,-0.672282,0,0,0,0,47,49,0,0,0,0,0,traj_sz=100
17.2321,1.10579,0.241202,-0.672282,1.17059,0.181741,-0.385489,0.12563,47,49,0.0877342,0.118945,0.3491,1.78137,0,17.2321
17.252,1.10688,0.240383,-0.671668,0,0,0,0,47,49,0,0,0,0,0,traj_sz=100
17.2521,1.10688,0.240383,-0.671668,1.17059,0.181741,-0.385489,0.12563,47,49,0.0863672,0.12003,0.3491,1.78102,0,17.2521
17.272,1.10965,0.238213,-0.661858,0,0,0,0,47,49,0,0,0,0,0,traj_sz=100
17.2721,1.10965,0.238213,-0.661858,1.17059,0.181741,-0.385489,0.12563,47,49,0.0827791,0.118969,0.3491,1.78021,0,17.2721
17.292,1.11085,0.237477,-0.661104,0,0,0,0,47,49,0,0,0,0,0,traj_sz=100
17.2921,1.11085,0.237477,-0.661104,1.17059,0.181741,-0.385489,0.12563,47,49,0.0813718,0.120004,0.3491,1.77973,0,17.2921
17.3121,1.11276,0.236137,-0.655136,0,0,0,0,47,49,0,0,0,0,0,traj_sz=100
17.3122,1.11276,0.236137,-0.655136,1.17059,0.181741,-0.385489,0.12563,47,49,0.0790017,0.120137,0.3491,1.77908,0,17.3122
17.332,1.11373,0.23516,-0.650329,0,0,0,0,47,49,0,0,0,0,0,traj_sz=100
17.3321,1.11373,0.23516,-0.650329,1.17059,0.181741,-0.385489,0.12563,47,49,0.0775972,0.12122,0.3491,1.77894,0,17.3321
17.352,1.11616,0.233503,-0.646138,0,0,0,0,47,49,0,0,0,0,0,traj_sz=100
17.3521,1.11616,0.233503,-0.646138,1.17059,0.181741,-0.385489,0.12563,47,49,0.0746202,0.120717,0.3491,1.77808,0,17.3521
17.3719,1.11945,0.231126,-0.636898,0,0,0,0,47,49,0,0,0,0,0,traj_sz=100
17.372,1.11945,0.231126,-0.636898,1.17059,0.181741,-0.385489,0.12563,47,49,0.0704868,0.119116,0.298945,1.77702,0,17.372
17.392,1.12062,0.230295,-0.633939,0,0,0,0,47,49,0,0,0,0,0,traj_sz=100
17.3921,1.12062,0.230295,-0.633939,1.17059,0.181741,-0.385489,0.12563,47,49,0.069024,0.120137,0.277885,1.77664,0,17.3921
17.412,1.1229,0.228609,-0.62664,0,0,0,0,47,49,0,0,0,0,0,traj_sz=100
17.4122,1.1229,0.228609,-0.62664,1.17059,0.181741,-0.385489,0.12563,48,49,0.0661155,0.119759,0.3491,1.77593,0,17.4122
17.4321,1.12529,0.227218,-0.620662,0,0,0,0,48,49,0,0,0,0,0,traj_sz=100
17.4324,1.12529,0.227218,-0.620662,1.17059,0.181741,-0.385489,0.12563,48,49,0.0632989,0.119462,0.3491,1.77495,0,17.4324
17.452,1.12646,0.226226,-0.617652,0,0,0,0,48,49,0,0,0,0,0,traj_sz=100
17.4522,1.12646,0.226226,-0.617652,1.2133,0.16441,-0.270356,0.12563,48,50,0.106595,0.12037,0.3491,1.77468,0,17.4522
17.472,1.13027,0.224139,-0.612206,0,0,0,0,48,50,0,0,0,0,0,traj_sz=100
17.4721,1.13027,0.224139,-0.612206,1.2133,0.16441,-0.270356,0.12563,48,50,0.102276,0.118468,0.3491,1.77306,0,17.4721
17.492,1.13132,0.223112,-0.606544,0,0,0,0,48,50,0,0,0,0,0,traj_sz=100
17.4922,1.13132,0.223112,-0.606544,1.2133,0.16441,-0.270356,0.12563,48,50,0.100821,0.1195,0.3491,1.7729,0,17.4922
17.512,1.13338,0.221662,-0.597286,0,0,0,0,48,50,0,0,0,0,0,traj_sz=100
17.5121,1.13338,0.221662,-0.597286,1.2133,0.16441,-0.270356,0.12563,48,50,0.0982792,0.11941,0.3491,1.77223,0,17.5121
17.5321,1.13572,0.220061,-0.591416,0,0,0,0,48,50,0,0,0,0,0,traj_sz=100
17.5322,1.13572,0.220061,-0.591416,1.2133,0.16441,-0.270356,0.12563,48,50,0.0954317,0.119038,0.3491,1.77145,0,17.5322
17.552,1.13687,0.219602,-0.590753,0,0,0,0,48,50,0,0,0,0,0,traj_sz=100
17.5521,1.13687,0.219602,-0.590753,1.2133,0.16441,-0.270356,0.12563,48,50,0.0942143,0.12024,0.3491,1.77085,0,17.5521
17.5721,1.13874,0.218399,-0.584051,0,0,0,0,48,50,0,0,0,0,0,traj_sz=100
17.5723,1.13874,0.218399,-0.584051,1.2133,0.16441,-0.270356,0.12563,48,50,0.0919693,0.120475,0.3491,1.77018,0,17.5723
17.5921,1.14079,0.217205,-0.579553,0,0,0,0,48,50,0,0,0,0,0,traj_sz=100
17.5923,1.14079,0.217205,-0.579553,1.2133,0.16441,-0.270356,0.12563,48,50,0.0895856,0.12054,0.3491,1.76937,0,17.5923
17.612,1.14289,0.215914,-0.574393,0,0,0,0,48,50,0,0,0,0,0,traj_sz=100
17.6121,1.14289,0.215914,-0.574393,1.2133,0.16441,-0.270356,0.12563,48,50,0.0870943,0.120487,0.3491,1.76859,0,17.6121
17.6319,1.14472,0.214747,-0.568638,0,0,0,0,48,50,0,0,0,0,0,traj_sz=100
17.632,1.14472,0.214747,-0.568638,1.2133,0.16441,-0.270356,0.12563,48,50,0.0848894,0.12072,0.3491,1.76793,0,17.632
17.6519,1.14589,0.214001,-0.566648,0,0,0,0,48,50,0,0,0,0,0,traj_sz=100
17.6521,1.14589,0.214001,-0.566648,1.2133,0.16441,-0.270356,0.12563,48,50,0.0834983,0.121765,0.3491,1.76752,0,17.6521
17.672,1.14956,0.211989,-0.558743,0,0,0,0,48,50,0,0,0,0,0,traj_sz=100
17.6721,1.14956,0.211989,-0.558743,1.2133,0.16441,-0.270356,0.12563,48,50,0.0792666,0.119989,0.3491,1.766,0,17.6721
17.692,1.15082,0.211086,-0.555812,0,0,0,0,48,50,0,0,0,0,0,traj_sz=100
17.6921,1.15082,0.211086,-0.555812,1.2133,0.16441,-0.270356,0.12563,48,50,0.0777027,0.120868,0.3491,1.76562,0,17.6921
17.7119,1.1532,0.209544,-0.5467,0,0,0,0,48,50,0,0,0,0,0,traj_sz=100
17.7121,1.1532,0.209544,-0.5467,1.2133,0.16441,-0.270356,0.12563,48,50,0.0748025,0.120454,0.3491,1.7648,0,17.7121
17.7321,1.15581,0.208315,-0.542551,0,0,0,0,48,50,0,0,0,0,0,traj_sz=100
17.7322,1.15581,0.208315,-0.542551,1.2133,0.16441,-0.270356,0.12563,48,50,0.0719056,0.120003,0.3491,1.7636,0,17.7322
17.752,1.15695,0.207531,-0.538622,0,0,0,0,48,50,0,0,0,0,0,traj_sz=100
17.7523,1.15695,0.207531,-0.538622,1.2133,0.16441,-0.270356,0.12563,48,50,0.0704921,0.121045,0.3491,1.76324,0,17.7523
17.772,1.16061,0.205345,-0.527608,0,0,0,0,48,50,0,0,0,0,0,traj_sz=100
17.7721,1.16061,0.205345,-0.527608,1.2133,0.16441,-0.270356,0.12563,49,50,0.0661318,0.119196,0.3491,1.76187,0,17.7721
17.7921,1.16164,0.204786,-0.52241,0,0,0,0,49,50,0,0,0,0,0,traj_sz=100
17.7922,1.16164,0.204786,-0.52241,1.2133,0.16441,-0.270356,0.12563,49,50,0.064916,0.120453,0.3491,1.76145,0,17.7922
17.812,1.16421,0.203546,-0.517813,0,0,0,0,49,50,0,0,0,0,0,traj_sz=100
17.8122,1.16421,0.203546,-0.517813,1.25772,0.152101,-0.153599,0.12563,49,51,0.106714,0.120006,0.3491,1.76031,0,17.8122
17.8322,1.16672,0.202083,-0.511689,0,0,0,0,49,51,0,0,0,0,0,traj_sz=100
17.8323,1.16672,0.202083,-0.511689,1.25772,0.152101,-0.153599,0.12563,49,51,0.103823,0.119541,0.3491,1.75936,0,17.8323
17.8519,1.1678,0.201651,-0.509971,0,0,0,0,49,51,0,0,0,0,0,traj_sz=100
17.852,1.1678,0.201651,-0.509971,1.25772,0.152101,-0.153599,0.12563,49,51,0.10267,0.120757,0.3491,1.75883,0,17.852
17.8721,1.17138,0.199626,-0.49855,0,0,0,0,49,51,0,0,0,0,0,traj_sz=100
17.8722,1.17138,0.199626,-0.49855,1.25772,0.152101,-0.153599,0.12563,49,51,0.0985583,0.119095,0.3491,1.75744,0,17.8722
17.8921,1.17277,0.198973,-0.497394,0,0,0,0,49,51,0,0,0,0,0,traj_sz=100
17.8922,1.17277,0.198973,-0.497394,1.25772,0.152101,-0.153599,0.12563,49,51,0.0970209,0.119956,0.3491,1.75682,0,17.8922
17.912,1.175,0.197713,-0.489466,0,0,0,0,49,51,0,0,0,0,0,traj_sz=100
17.9122,1.175,0.197713,-0.489466,1.25772,0.152101,-0.153599,0.12563,49,51,0.0944536,0.119813,0.3491,1.75596,0,17.9122
17.9319,1.17757,0.196411,-0.484718,0,0,0,0,49,51,0,0,0,0,0,traj_sz=100
17.932,1.17757,0.196411,-0.484718,1.25772,0.152101,-0.153599,0.12563,49,51,0.0915632,0.119325,0.3491,1.75488,0,17.932
17.952,1.1789,0.19583,-0.48132,0,0,0,0,49,51,0,0,0,0,0,traj_sz=100
17.9521,1.1789,0.19583,-0.48132,1.25772,0.152101,-0.153599,0.12563,49,51,0.0901085,0.12029,0.3491,1.75426,0,17.9521
17.9721,1.18234,0.193873,-0.473055,0,0,0,0,49,51,0,0,0,0,0,traj_sz=100
17.9722,1.18234,0.193873,-0.473055,1.25772,0.152101,-0.153599,0.12563,49,51,0.0861354,0.118777,0.3491,1.75296,0,17.9722
17.9921,1.18358,0.193372,-0.470066,0,0,0,0,49,51,0,0,0,0,0,traj_sz=100
17.9923,1.18358,0.193372,-0.470066,1.25772,0.152101,-0.153599,0.12563,49,51,0.0847932,0.119864,0.3491,1.75236,0,17.9923
18.0121,1.18616,0.192595,-0.468688,0,0,0,0,49,51,0,0,0,0,0,traj_sz=100
18.0122,1.18616,0.192595,-0.468688,1.25772,0.152101,-0.153599,0.12563,49,51,0.082138,0.119585,0.3491,1.75093,0,18.0122
18.032,1.18839,0.19109,-0.459864,0,0,0,0,49,51,0,0,0,0,0,traj_sz=100
18.0322,1.18839,0.19109,-0.459864,1.25772,0.152101,-0.153599,0.12563,49,51,0.0794276,0.119361,0.3491,1.75025,0,18.0322
18.052,1.1898,0.190792,-0.459244,0,0,0,0,49,51,0,0,0,0,0,traj_sz=100
18.0521,1.1898,0.190792,-0.459244,1.25772,0.152101,-0.153599,0.12563,49,51,0.0780334,0.120348,0.3491,1.7494,0,18.0521
18.0719,1.1933,0.188818,-0.44735,0,0,0,0,49,51,0,0,0,0,0,traj_sz=100
18.072,1.1933,0.188818,-0.44735,1.25772,0.152101,-0.153599,0.12563,49,51,0.0739623,0.118783,0.3491,1.74809,0,18.072
18.092,1.1945,0.18821,-0.444733,0,0,0,0,49,51,0,0,0,0,0,traj_sz=100
18.0922,1.1945,0.18821,-0.444733,1.25772,0.152101,-0.153599,0.12563,49,51,0.0726047,0.119884,0.3491,1.74759,0,18.0922
18.112,1.19691,0.187461,-0.440455,0,0,0,0,49,51,0,0,0,0,0,traj_sz=100
18.1121,1.19691,0.187461,-0.440455,1.25772,0.152101,-0.153599,0.12563,49,51,0.0700829,0.119777,0.3491,1.74629,0,18.1121
18.1321,1.19927,0.186122,-0.432099,0,0,0,0,49,51,0,0,0,0,0,traj_sz=100
18.1323,1.19927,0.186122,-0.432099,1.25772,0.152101,-0.153599,0.12563,50,51,0.0673251,0.119541,0.3491,1.74543,0,18.1323
18.152,1.20056,0.185534,-0.4283,0,0,0,0,50,51,0,0,0,0,0,traj_sz=100
18.1522,1.20056,0.185534,-0.4283,1.25772,0.152101,-0.153599,0.12563,50,51,0.0658819,0.120544,0.3491,1.74486,0,18.1522
18.1721,1.20415,0.183748,-0.418185,0,0,0,0,50,51,0,0,0,0,0,traj_sz=100
18.1722,1.20415,0.183748,-0.418185,1.30326,0.145049,-0.0362771,0.12563,50,52,0.106287,0.118989,0.3491,1.74338,0,18.1722
18.192,1.20537,0.183702,-0.417649,0,0,0,0,50,52,0,0,0,0,0,traj_sz=100
18.1921,1.20537,0.183702,-0.417649,1.30326,0.145049,-0.0362771,0.12563,50,52,0.105156,0.120222,0.3491,1.74251,0,18.1921
18.212,1.20763,0.182299,-0.409972,0,0,0,0,50,52,0,0,0,0,0,traj_sz=100
18.2121,1.20763,0.182299,-0.409972,1.30326,0.145049,-0.0362771,0.12563,50,52,0.102549,0.12005,0.3491,1.74176,0,18.2121
18.2321,1.21041,0.181245,-0.405828,0,0,0,0,50,52,0,0,0,0,0,traj_sz=100
18.2322,1.21041,0.181245,-0.405828,1.30326,0.145049,-0.0362771,0.12563,50,52,0.0996018,0.119518,0.3491,1.74041,0,18.2322
18.2521,1.21173,0.180808,-0.402271,0,0,0,0,50,52,0,0,0,0,0,traj_sz=100
18.2522,1.21173,0.180808,-0.402271,1.30326,0.145049,-0.0362771,0.12563,50,52,0.0982278,0.120546,0.3491,1.73973,0,18.2522
18.272,1.21573,0.179161,-0.39296,0,0,0,0,50,52,0,0,0,0,0,traj_sz=100
18.2722,1.21573,0.179161,-0.39296,1.30326,0.145049,-0.0362771,0.12563,50,52,0.0939224,0.118645,0.3491,1.73788,0,18.2722
18.2922,1.21707,0.178686,-0.388856,0,0,0,0,50,52,0,0,0,0,0,traj_sz=100
18.2924,1.21707,0.178686,-0.388856,1.30326,0.145049,-0.0362771,0.12563,50,52,0.092505,0.119663,0.3491,1.7372,0,18.2924
18.3121,1.21973,0.17795,-0.385122,0,0,0,0,50,52,0,0,0,0,0,traj_sz=100
18.3122,1.21973,0.17795,-0.385122,1.30326,0.145049,-0.0362771,0.12563,50,52,0.0897716,0.119293,0.3491,1.73574,0,18.3122
18.3322,1.22105,0.177261,-0.380663,0,0,0,0,50,52,0,0,0,0,0,traj_sz=100
18.3323,1.22105,0.177261,-0.380663,1.30326,0.145049,-0.0362771,0.12563,50,52,0.0882963,0.120257,0.3491,1.73523,0,18.3323
18.352,1.22353,0.176538,-0.375318,0,0,0,0,50,52,0,0,0,0,0,traj_sz=100
18.3522,1.22353,0.176538,-0.375318,1.30326,0.145049,-0.0362771,0.12563,50,52,0.085727,0.120075,0.3491,1.7339,0,18.3522
18.3721,1.22714,0.174992,-0.365102,0,0,0,0,50,52,0,0,0,0,0,traj_sz=100
18.3722,1.22714,0.174992,-0.365102,1.30326,0.145049,-0.0362771,0.12563,50,52,0.0817981,0.118611,0.3491,1.73229,0,18.3722
18.3919,1.22845,0.174908,-0.364354,0,0,0,0,50,52,0,0,0,0,0,traj_sz=100
18.3921,1.22845,0.174908,-0.364354,1.30326,0.145049,-0.0362771,0.12563,50,52,0.0805389,0.119727,0.3491,1.73138,0,18.3921
18.412,1.23092,0.174015,-0.358788,0,0,0,0,50,52,0,0,0,0,0,traj_sz=100
18.4121,1.23092,0.174015,-0.358788,1.30326,0.145049,-0.0362771,0.12563,50,52,0.0779048,0.119535,0.3491,1.73018,0,18.4121
18.432,1.23217,0.173211,-0.351877,0,0,0,0,50,52,0,0,0,0,0,traj_sz=100
18.4321,1.23217,0.173211,-0.351877,1.30326,0.145049,-0.0362771,0.12563,50,52,0.0764415,0.120561,0.3491,1.72981,0,18.4321
18.4521,1.23494,0.1723,-0.346967,0,0,0,0,50,52,0,0,0,0,0,traj_sz=100
18.4523,1.23494,0.1723,-0.346967,1.30326,0.145049,-0.0362771,0.12563,50,52,0.0735196,0.120099,0.3491,1.7284,0,18.4523
18.4721,1.23882,0.171462,-0.342173,0,0,0,0,50,52,0,0,0,0,0,traj_sz=100
18.4722,1.23882,0.171462,-0.342173,1.30326,0.145049,-0.0362771,0.12563,50,52,0.0695657,0.118541,0.3491,1.72613,0,18.4722
18.492,1.24007,0.170682,-0.335302,0,0,0,0,50,52,0,0,0,0,0,traj_sz=100
18.4922,1.24007,0.170682,-0.335302,1.30326,0.145049,-0.0362771,0.12563,51,52,0.0681083,0.119579,0.3491,1.72575,0,18.4922
18.512,1.24289,0.16991,-0.329966,0,0,0,0,51,52,0,0,0,0,0,traj_sz=100
18.5122,1.24289,0.16991,-0.329966,1.30326,0.145049,-0.0362771,0.12563,51,52,0.0651648,0.119079,0.3491,1.72422,0,18.5122
18.532,1.24582,0.168973,-0.325529,0,0,0,0,51,52,0,0,0,0,0,traj_sz=100
18.5321,1.24582,0.168973,-0.325529,1.34932,0.143378,0.0807032,0.12563,51,53,0.10625,0.118437,0.3491,1.72273,0,18.5321
18.552,1.24726,0.168645,-0.32087,0,0,0,0,51,53,0,0,0,0,0,traj_sz=100
18.5521,1.24726,0.168645,-0.32087,1.34932,0.143378,0.0807032,0.12563,51,53,0.104821,0.119391,0.3491,1.72191,0,18.5521
18.572,1.25104,0.16703,-0.30688,0,0,0,0,51,53,0,0,0,0,0,traj_sz=100
18.5721,1.25104,0.16703,-0.30688,1.34932,0.143378,0.0807032,0.12563,51,53,0.100833,0.117796,0.3491,1.72027,0,18.5721
18.5921,1.25247,0.167026,-0.306854,0,0,0,0,51,53,0,0,0,0,0,traj_sz=100
18.5922,1.25247,0.167026,-0.306854,1.34932,0.143378,0.0807032,0.12563,51,53,0.099469,0.118832,0.3491,1.71923,0,18.5922
18.6121,1.25509,0.166163,-0.300533,0,0,0,0,51,53,0,0,0,0,0,traj_sz=100
18.6123,1.25509,0.166163,-0.300533,1.34932,0.143378,0.0807032,0.12563,51,53,0.096755,0.11853,0.3491,1.71793,0,18.6123
18.6321,1.25763,0.165574,-0.295639,0,0,0,0,51,53,0,0,0,0,0,traj_sz=100
18.6322,1.25763,0.165574,-0.295639,1.34932,0.143378,0.0807032,0.12563,51,53,0.0941835,0.118338,0.3491,1.7165,0,18.6322
18.652,1.25879,0.164949,-0.290573,0,0,0,0,51,53,0,0,0,0,0,traj_sz=100
18.6521,1.25879,0.164949,-0.290573,1.34932,0.143378,0.0807032,0.12563,51,53,0.0929111,0.119499,0.3491,1.71608,0,18.6521
18.672,1.26263,0.163738,-0.280677,0,0,0,0,51,53,0,0,0,0,0,traj_sz=100
18.6721,1.26263,0.163738,-0.280677,1.34932,0.143378,0.0807032,0.12563,51,53,0.0889365,0.117931,0.3491,1.71415,0,18.6721
18.692,1.26395,0.163659,-0.279778,0,0,0,0,51,53,0,0,0,0,0,traj_sz=100
18.6921,1.26395,0.163659,-0.279778,1.34932,0.143378,0.0807032,0.12563,51,53,0.0876507,0.119043,0.3491,1.71325,0,18.6921
18.7121,1.26626,0.162728,-0.271076,0,0,0,0,51,53,0,0,0,0,0,traj_sz=100
18.7122,1.26626,0.162728,-0.271076,1.34932,0.143378,0.0807032,0.12563,51,53,0.0852083,0.119042,0.3491,1.71223,0,18.7122
18.732,1.26885,0.162605,-0.269696,0,0,0,0,51,53,0,0,0,0,0,traj_sz=100
18.7322,1.26885,0.162605,-0.269696,1.34932,0.143378,0.0807032,0.12563,51,53,0.0826843,0.118896,0.3491,1.71045,0,18.7322
18.7521,1.26998,0.161675,-0.262007,0,0,0,0,51,53,0,0,0,0,0,traj_sz=100
18.7522,1.26998,0.161675,-0.262007,1.34932,0.143378,0.0807032,0.12563,51,53,0.081374,0.120092,0.3491,1.71028,0,18.7522
18.772,1.27376,0.160908,-0.254719,0,0,0,0,51,53,0,0,0,0,0,traj_sz=100
18.7722,1.27376,0.160908,-0.254719,1.34932,0.143378,0.0807032,0.12563,51,53,0.0775413,0.118681,0.3491,1.7081,0,18.7722
18.792,1.27516,0.160822,-0.253748,0,0,0,0,51,53,0,0,0,0,0,traj_sz=100
18.7921,1.27516,0.160822,-0.253748,1.34932,0.143378,0.0807032,0.12563,51,53,0.0761603,0.119702,0.3491,1.70715,0,18.7921
18.812,1.2777,0.159959,-0.24664,0,0,0,0,51,53,0,0,0,0,0,traj_sz=100
18.812,1.2777,0.159959,-0.24664,1.34932,0.143378,0.0807032,0.12563,51,53,0.0735009,0.119516,0.3491,1.70594,0,18.812
18.8321,1.28022,0.159286,-0.237441,0,0,0,0,51,53,0,0,0,0,0,traj_sz=100
18.8323,1.28022,0.159286,-0.237441,1.34932,0.143378,0.0807032,0.12563,51,53,0.0709003,0.1194,0.3491,1.7046,0,18.8323
18.852,1.28156,0.159205,-0.236516,0,0,0,0,51,53,0,0,0,0,0,traj_sz=100
18.8521,1.28156,0.159205,-0.236516,1.34932,0.143378,0.0807032,0.12563,51,53,0.069584,0.120492,0.3491,1.7037,0,18.8521
18.872,1.28525,0.158573,-0.229063,0,0,0,0,51,53,0,0,0,0,0,traj_sz=100
18.8721,1.28525,0.158573,-0.229063,1.34932,0.143378,0.0807032,0.12563,52,53,0.0658435,0.119188,0.3491,1.7015,0,18.8721
18.892,1.28649,0.158087,-0.224977,0,0,0,0,52,53,0,0,0,0,0,traj_sz=100
18.8921,1.28649,0.158087,-0.224977,1.34932,0.143378,0.0807032,0.12563,52,53,0.0645278,0.120349,0.3491,1.70096,0,18.8921
18.912,1.28887,0.157516,-0.216932,0,0,0,0,52,53,0,0,0,0,0,traj_sz=100
18.9121,1.28887,0.157516,-0.216932,1.39526,0.147093,0.195903,0.12563,52,54,0.106144,0.120385,0.3491,1.69967,0,18.9121
18.9322,1.2916,0.157325,-0.213779,0,0,0,0,52,54,0,0,0,0,0,traj_sz=100
18.9323,1.2916,0.157325,-0.213779,1.39526,0.147093,0.195903,0.12563,52,54,0.103473,0.120109,0.3491,1.69785,0,18.9323
18.952,1.29299,0.156884,-0.210344,0,0,0,0,52,54,0,0,0,0,0,traj_sz=100
18.9521,1.29299,0.156884,-0.210344,1.39526,0.147093,0.195903,0.12563,52,54,0.102065,0.121109,0.3491,1.69718,0,18.9521
18.9721,1.2967,0.156253,-0.202455,0,0,0,0,52,54,0,0,0,0,0,traj_sz=100
18.9722,1.2967,0.156253,-0.202455,1.39526,0.147093,0.195903,0.12563,52,54,0.0983889,0.119814,0.3491,1.69498,0,18.9722
18.992,1.29813,0.156177,-0.199569,0,0,0,0,52,54,0,0,0,0,0,traj_sz=100
18.9922,1.29813,0.156177,-0.199569,1.39526,0.147093,0.195903,0.12563,52,54,0.0970062,0.120818,0.3491,1.69402,0,18.9922
19.0121,1.3011,0.155616,-0.194877,0,0,0,0,52,54,0,0,0,0,0,traj_sz=100
19.0123,1.3011,0.155616,-0.194877,1.39526,0.147093,0.195903,0.12563,52,54,0.0940299,0.120276,0.3491,1.69231,0,19.0123
19.0321,1.30383,0.154956,-0.185259,0,0,0,0,52,54,0,0,0,0,0,traj_sz=100
19.0323,1.30383,0.154956,-0.185259,1.39526,0.147093,0.195903,0.12563,52,54,0.0913095,0.119943,0.3491,1.69084,0,19.0323
19.052,1.30512,0.154771,-0.181865,0,0,0,0,52,54,0,0,0,0,0,traj_sz=100
19.0521,1.30512,0.154771,-0.181865,1.39526,0.147093,0.195903,0.12563,52,54,0.0900428,0.121063,0.3491,1.69006,0,19.0521
19.072,1.30923,0.154247,-0.17414,0,0,0,0,52,54,0,0,0,0,0,traj_sz=100
19.0721,1.30923,0.154247,-0.17414,1.39526,0.147093,0.195903,0.12563,52,54,0.0859635,0.119369,0.3491,1.68753,0,19.0721
19.092,1.31067,0.154187,-0.173627,0,0,0,0,52,54,0,0,0,0,0,traj_sz=100
19.0922,1.31067,0.154187,-0.173627,1.39526,0.147093,0.195903,0.12563,52,54,0.084541,0.12039,0.3491,1.68656,0,19.0922
19.112,1.3133,0.153601,-0.164138,0,0,0,0,52,54,0,0,0,0,0,traj_sz=100
19.1121,1.3133,0.153601,-0.164138,1.39526,0.147093,0.195903,0.12563,52,54,0.0819212,0.120185,0.3491,1.68512,0,19.1121
19.132,1.31463,0.153665,-0.162371,0,0,0,0,52,54,0,0,0,0,0,traj_sz=100
19.1321,1.31463,0.153665,-0.162371,1.39526,0.147093,0.195903,0.12563,52,54,0.080627,0.121314,0.3491,1.68413,0,19.1321
19.1521,1.31748,0.153154,-0.154266,0,0,0,0,52,54,0,0,0,0,0,traj_sz=100
19.1523,1.31748,0.153154,-0.154266,1.39526,0.147093,0.195903,0.12563,52,54,0.0777847,0.120936,0.3491,1.68249,0,19.1523
19.172,1.32162,0.152458,-0.14405,0,0,0,0,52,54,0,0,0,0,0,traj_sz=100
19.1722,1.32162,0.152458,-0.14405,1.39526,0.147093,0.195903,0.12563,52,54,0.0736518,0.119244,0.3491,1.68009,0,19.1722
19.192,1.32314,0.152464,-0.144125,0,0,0,0,52,54,0,0,0,0,0,traj_sz=100
19.1924,1.32314,0.152464,-0.144125,1.39526,0.147093,0.195903,0.12563,52,54,0.0721418,0.120181,0.3491,1.67901,0,19.1924
19.212,1.32599,0.152449,-0.138432,0,0,0,0,52,54,0,0,0,0,0,traj_sz=100
19.2121,1.32599,0.152449,-0.138432,1.39526,0.147093,0.195903,0.12563,52,54,0.0693425,0.11978,0.3491,1.67703,0,19.2121
19.2321,1.32868,0.151783,-0.128931,0,0,0,0,52,54,0,0,0,0,0,traj_sz=100
19.2322,1.32868,0.151783,-0.128931,1.39526,0.147093,0.195903,0.12563,53,54,0.0666283,0.119575,0.3491,1.67562,0,19.2322
19.252,1.32999,0.151792,-0.125432,0,0,0,0,53,54,0,0,0,0,0,traj_sz=100
19.2522,1.32999,0.151792,-0.125432,1.39526,0.147093,0.195903,0.12563,53,54,0.0653479,0.120729,0.3491,1.6747,0,19.2522
19.2719,1.33389,0.151184,-0.11634,0,0,0,0,53,54,0,0,0,0,0,traj_sz=100
19.2721,1.33389,0.151184,-0.11634,1.44047,0.156065,0.307557,0.12469,53,55,0.105289,0.119286,0.3491,1.67241,0,19.2721
19.2921,1.33523,0.151155,-0.113143,0,0,0,0,53,55,0,0,0,0,0,traj_sz=100
19.2923,1.33523,0.151155,-0.113143,1.44047,0.156065,0.307557,0.12469,53,55,0.104012,0.120423,0.3491,1.6715,0,19.2923
19.312,1.33779,0.150736,-0.105561,0,0,0,0,53,55,0,0,0,0,0,traj_sz=100
19.3121,1.33779,0.150736,-0.105561,1.44047,0.156065,0.307557,0.12469,53,55,0.101544,0.120338,0.3491,1.67002,0,19.3121
19.3322,1.34048,0.150644,-0.100695,0,0,0,0,53,55,0,0,0,0,0,traj_sz=100
19.3323,1.34048,0.150644,-0.100695,1.44047,0.156065,0.307557,0.12469,53,55,0.0989382,0.12014,0.3491,1.66821,0,19.3323
19.352,1.34181,0.150578,-0.0988769,0,0,0,0,53,55,0,0,0,0,0,traj_sz=100
19.3521,1.34181,0.150578,-0.0988769,1.44047,0.156065,0.307557,0.12469,53,55,0.0976413,0.121261,0.3491,1.66734,0,19.3521
19.372,1.3458,0.150163,-0.0868377,0,0,0,0,53,55,0,0,0,0,0,traj_sz=100
19.3721,1.3458,0.150163,-0.0868377,1.44047,0.156065,0.307557,0.12469,53,55,0.0937982,0.119753,0.3491,1.66487,0,19.3721
19.392,1.34732,0.150095,-0.0849658,0,0,0,0,53,55,0,0,0,0,0,traj_sz=100
19.3921,1.34732,0.150095,-0.0849658,1.44047,0.156065,0.307557,0.12469,53,55,0.0923109,0.120711,0.3491,1.66387,0,19.3921
19.4121,1.35031,0.150211,-0.0818299,0,0,0,0,53,55,0,0,0,0,0,traj_sz=100
19.4122,1.35031,0.150211,-0.0818299,1.44047,0.156065,0.307557,0.12469,53,55,0.0893805,0.120183,0.3491,1.66171,0,19.4122
19.432,1.3518,0.150122,-0.0793529,0,0,0,0,53,55,0,0,0,0,0,traj_sz=100
19.4321,1.3518,0.150122,-0.0793529,1.44047,0.156065,0.307557,0.12469,53,55,0.0879214,0.121154,0.3491,1.66075,0,19.4321
19.4521,1.35447,0.150127,-0.0705478,0,0,0,0,53,55,0,0,0,0,0,traj_sz=100
19.4522,1.35447,0.150127,-0.0705478,1.44047,0.156065,0.307557,0.12469,53,55,0.085364,0.120964,0.3491,1.65889,0,19.4522
19.4721,1.35837,0.149619,-0.0596462,0,0,0,0,53,55,0,0,0,0,0,traj_sz=100
19.4723,1.35837,0.149619,-0.0596462,1.44047,0.156065,0.307557,0.12469,53,55,0.0815683,0.11961,0.3491,1.65657,0,19.4723
19.492,1.35978,0.149585,-0.0553698,0,0,0,0,53,55,0,0,0,0,0,traj_sz=100
19.4921,1.35978,0.149585,-0.0553698,1.44047,0.156065,0.307557,0.12469,53,55,0.0802069,0.120664,0.3491,1.65563,0,19.4921
19.5121,1.36266,0.149581,-0.0517945,0,0,0,0,53,55,0,0,0,0,0,traj_sz=100
19.5122,1.36266,0.149581,-0.0517945,1.44047,0.156065,0.307557,0.12469,53,55,0.0773713,0.120294,0.3491,1.65365,0,19.5122
19.5321,1.36416,0.149725,-0.0491563,0,0,0,0,53,55,0,0,0,0,0,traj_sz=100
19.5322,1.36416,0.149725,-0.0491563,1.44047,0.156065,0.307557,0.12469,53,55,0.0759025,0.121266,0.3491,1.65251,0,19.5322
19.552,1.36695,0.149575,-0.0415012,0,0,0,0,53,55,0,0,0,0,0,traj_sz=100
19.5522,1.36695,0.149575,-0.0415012,1.44047,0.156065,0.307557,0.12469,53,55,0.0731876,0.120989,0.3491,1.6507,0,19.5522
19.572,1.3695,0.149559,-0.0353342,0,0,0,0,53,55,0,0,0,0,0,traj_sz=100
19.5721,1.3695,0.149559,-0.0353342,1.44047,0.156065,0.307557,0.12469,53,55,0.0706937,0.120927,0.3491,1.64896,0,19.5721
19.592,1.37237,0.149638,-0.0305041,0,0,0,0,53,55,0,0,0,0,0,traj_sz=100
19.592,1.37237,0.149638,-0.0305041,1.44047,0.156065,0.307557,0.12469,54,55,0.0678768,0.120549,0.3491,1.64695,0,19.592
19.612,1.37532,0.149282,-0.0207629,0,0,0,0,54,55,0,0,0,0,0,traj_sz=100
19.6121,1.37532,0.149282,-0.0207629,1.44047,0.156065,0.307557,0.12469,54,55,0.0649903,0.120159,0.3491,1.64518,0,19.6121
19.632,1.37803,0.149074,-0.0134089,0,0,0,0,54,55,0,0,0,0,0,traj_sz=100
19.6323,1.37803,0.149074,-0.0134089,1.44047,0.156065,0.307557,0.12469,54,55,0.0623444,0.12001,0.3491,1.64349,0,19.6323
19.652,1.37925,0.149254,-0.00848244,0,0,0,0,54,55,0,0,0,0,0,traj_sz=100
19.6521,1.37925,0.149254,-0.00848244,1.48407,0.169913,0.412957,0.120722,54,56,0.104641,0.121244,0.3491,1.64252,0,19.6521
19.672,1.38326,0.149212,-0.00133664,0,0,0,0,54,56,0,0,0,0,0,traj_sz=100
19.6721,1.38326,0.149212,-0.00133664,1.48407,0.169913,0.412957,0.120722,54,56,0.100781,0.119778,0.3491,1.63982,0,19.6721
19.692,1.38464,0.149186,0.00327154,0,0,0,0,54,56,0,0,0,0,0,traj_sz=100
19.6921,1.38464,0.149186,0.00327154,1.48407,0.169913,0.412957,0.120722,54,56,0.0994932,0.120899,0.3491,1.63889,0,19.6921
19.712,1.38766,0.149333,0.00815952,0,0,0,0,54,56,0,0,0,0,0,traj_sz=100
19.7121,1.38766,0.149333,0.00815952,1.48407,0.169913,0.412957,0.120722,54,56,0.0965782,0.120389,0.3491,1.63674,0,19.7121
19.732,1.39041,0.149329,0.0166102,0,0,0,0,54,56,0,0,0,0,0,traj_sz=100
19.7322,1.39041,0.149329,0.0166102,1.48407,0.169913,0.412957,0.120722,54,56,0.0939914,0.120184,0.3491,1.63487,0,19.7322
19.7521,1.39176,0.149432,0.0195333,0,0,0,0,54,56,0,0,0,0,0,traj_sz=100
19.7523,1.39176,0.149432,0.0195333,1.48407,0.169913,0.412957,0.120722,54,56,0.0926933,0.121328,0.3491,1.63388,0,19.7523
19.772,1.39592,0.149846,0.0272634,0,0,0,0,54,56,0,0,0,0,0,traj_sz=100
19.7721,1.39592,0.149846,0.0272634,1.48407,0.169913,0.412957,0.120722,54,56,0.0886636,0.119625,0.3491,1.63075,0,19.7721
19.792,1.39741,0.149979,0.0274387,0,0,0,0,54,56,0,0,0,0,0,traj_sz=100
19.7921,1.39741,0.149979,0.0274387,1.48407,0.169913,0.412957,0.120722,54,56,0.0871784,0.120632,0.3491,1.62965,0,19.7921
19.812,1.40032,0.150159,0.036019,0,0,0,0,54,56,0,0,0,0,0,traj_sz=100
19.812,1.40032,0.150159,0.036019,1.48407,0.169913,0.412957,0.120722,54,56,0.084411,0.120211,0.3491,1.62755,0,19.812
19.832,1.40312,0.150811,0.0398709,0,0,0,0,54,56,0,0,0,0,0,traj_sz=100
19.8321,1.40312,0.150811,0.0398709,1.48407,0.169913,0.412957,0.120722,54,56,0.0816467,0.119788,0.3491,1.62518,0,19.8321
19.852,1.40445,0.150658,0.0438886,0,0,0,0,54,56,0,0,0,0,0,traj_sz=100
19.8521,1.40445,0.150658,0.0438886,1.48407,0.169913,0.412957,0.120722,54,56,0.0803872,0.120969,0.3491,1.62439,0,19.8521
19.872,1.40857,0.150814,0.0563955,0,0,0,0,54,56,0,0,0,0,0,traj_sz=100
19.8722,1.40857,0.150814,0.0563955,1.48407,0.169913,0.412957,0.120722,54,56,0.0764539,0.119371,0.3491,1.6215,0,19.8722
19.892,1.41013,0.15083,0.0599702,0,0,0,0,54,56,0,0,0,0,0,traj_sz=100
19.8923,1.41013,0.15083,0.0599702,1.48407,0.169913,0.412957,0.120722,54,56,0.0749494,0.120304,0.3491,1.62044,0,19.8923
19.912,1.41283,0.151346,0.0628769,0,0,0,0,54,56,0,0,0,0,0,traj_sz=100
19.9121,1.41283,0.151346,0.0628769,1.48407,0.169913,0.412957,0.120722,54,56,0.0722684,0.120003,0.3491,1.61824,0,19.9121
19.932,1.41559,0.151398,0.0723182,0,0,0,0,54,56,0,0,0,0,0,traj_sz=100
19.9321,1.41559,0.151398,0.0723182,1.48407,0.169913,0.412957,0.120722,54,56,0.0696414,0.119756,0.3491,1.61635,0,19.9321
19.9521,1.4172,0.151148,0.0786365,0,0,0,0,54,56,0,0,0,0,0,traj_sz=100
19.9522,1.4172,0.151148,0.0786365,1.48407,0.169913,0.412957,0.120722,54,56,0.0681394,0.120723,0.3491,1.61546,0,19.9522
19.9719,1.41983,0.15157,0.0851897,0,0,0,0,54,56,0,0,0,0,0,traj_sz=100
19.972,1.41983,0.15157,0.0851897,1.48407,0.169913,0.412957,0.120722,55,56,0.0655635,0.120503,0.3491,1.61338,0,19.972
19.992,1.42283,0.152137,0.0896938,0,0,0,0,55,56,0,0,0,0,0,traj_sz=100
19.9922,1.42283,0.152137,0.0896938,1.48407,0.169913,0.412957,0.120722,55,56,0.0625868,0.119943,0.3491,1.61095,0,19.9922
20.012,1.42548,0.152341,0.0970843,0,0,0,0,55,56,0,0,0,0,0,traj_sz=100
20.012,1.42548,0.152341,0.0970843,1.52463,0.187687,0.507946,0.113196,55,57,0.102111,0.119774,0.3491,1.60903,0,20.012
20.032,1.42806,0.152404,0.104624,0,0,0,0,55,57,0,0,0,0,0,traj_sz=100
20.0321,1.42806,0.152404,0.104624,1.52463,0.187687,0.507946,0.113196,55,57,0.0997308,0.119739,0.3491,1.60726,0,20.0321
20.0521,1.42946,0.152842,0.105412,0,0,0,0,55,57,0,0,0,0,0,traj_sz=100
20.0523,1.42946,0.152842,0.105412,1.52463,0.187687,0.507946,0.113196,55,57,0.0983119,0.120759,0.3491,1.606,0,20.0523
20.072,1.4336,0.153071,0.117788,0,0,0,0,55,57,0,0,0,0,0,traj_sz=100
20.0721,1.4336,0.153071,0.117788,1.52463,0.187687,0.507946,0.113196,55,57,0.0944633,0.119141,0.3491,1.60307,0,20.0721
20.0919,1.4349,0.153373,0.120022,0,0,0,0,55,57,0,0,0,0,0,traj_sz=100
20.092,1.4349,0.153373,0.120022,1.52463,0.187687,0.507946,0.113196,55,57,0.0931973,0.12027,0.3491,1.60199,0,20.092
20.1121,1.43746,0.153512,0.126872,0,0,0,0,55,57,0,0,0,0,0,traj_sz=100
20.1122,1.43746,0.153512,0.126872,1.52463,0.187687,0.507946,0.113196,55,57,0.0907966,0.120259,0.3491,1.60018,0,20.1122
20.132,1.44012,0.154055,0.130963,0,0,0,0,55,57,0,0,0,0,0,traj_sz=100
20.1322,1.44012,0.154055,0.130963,1.52463,0.187687,0.507946,0.113196,55,57,0.0881805,0.120016,0.3491,1.59801,0,20.1322
20.152,1.44155,0.154146,0.136201,0,0,0,0,55,57,0,0,0,0,0,traj_sz=100
20.1522,1.44155,0.154146,0.136201,1.52463,0.187687,0.507946,0.113196,55,57,0.0868623,0.121085,0.3491,1.59699,0,20.1522
20.172,1.44564,0.154614,0.145697,0,0,0,0,55,57,0,0,0,0,0,traj_sz=100
20.1721,1.44564,0.154614,0.145697,1.52463,0.187687,0.507946,0.113196,55,57,0.0829515,0.119493,0.3491,1.59393,0,20.1721
20.192,1.44709,0.155263,0.14766,0,0,0,0,55,57,0,0,0,0,0,traj_sz=100
20.1921,1.44709,0.155263,0.14766,1.52463,0.187687,0.507946,0.113196,55,57,0.0814648,0.12026,0.3491,1.59249,0,20.1921
20.2121,1.44982,0.155436,0.156658,0,0,0,0,55,57,0,0,0,0,0,traj_sz=100
20.2122,1.44982,0.155436,0.156658,1.52463,0.187687,0.507946,0.113196,55,57,0.0789257,0.119915,0.3491,1.59055,0,20.2122
20.232,1.45246,0.156041,0.162505,0,0,0,0,55,57,0,0,0,0,0,traj_sz=100
20.2321,1.45246,0.156041,0.162505,1.52463,0.187687,0.507946,0.113196,55,57,0.0763386,0.119509,0.3491,1.58836,0,20.2321
20.2519,1.45394,0.156282,0.165175,0,0,0,0,55,57,0,0,0,0,0,traj_sz=100
20.252,1.45394,0.156282,0.165175,1.52463,0.187687,0.507946,0.113196,55,57,0.0748898,0.120319,0.3491,1.5872,0,20.252
20.272,1.458,0.157152,0.174045,0,0,0,0,55,57,0,0,0,0,0,traj_sz=100
20.2721,1.458,0.157152,0.174045,1.52463,0.187687,0.507946,0.113196,55,57,0.0709145,0.118509,0.3491,1.58387,0,20.2721
20.2921,1.45921,0.157042,0.180329,0,0,0,0,55,57,0,0,0,0,0,traj_sz=100
20.2923,1.45921,0.157042,0.180329,1.52463,0.187687,0.507946,0.113196,55,57,0.069857,0.119722,0.3491,1.58316,0,20.2923
20.312,1.4616,0.157538,0.185871,0,0,0,0,55,57,0,0,0,0,0,traj_sz=100
20.3122,1.4616,0.157538,0.185871,1.52463,0.187687,0.507946,0.113196,55,57,0.0675119,0.119594,0.3491,1.58121,0,20.3122
20.332,1.46416,0.158213,0.190623,0,0,0,0,55,57,0,0,0,0,0,traj_sz=100
20.3321,1.46416,0.158213,0.190623,1.52463,0.187687,0.507946,0.113196,56,57,0.0649568,0.119259,0.3491,1.57902,0,20.3321
20.352,1.46532,0.158414,0.19496,0,0,0,0,56,57,0,0,0,0,0,traj_sz=100
20.3521,1.46532,0.158414,0.19496,1.52463,0.187687,0.507946,0.113196,56,57,0.0638621,0.120409,0.3491,1.57812,0,20.3521
20.372,1.46896,0.159068,0.203559,0,0,0,0,56,57,0,0,0,0,0,traj_sz=100
20.3722,1.46896,0.159068,0.203559,1.52463,0.187687,0.507946,0.113196,56,57,0.0603031,0.119082,0.3491,1.57523,0,20.3722
20.3921,1.47004,0.159294,0.207149,0,0,0,0,56,57,0,0,0,0,0,traj_sz=100
20.3922,1.47004,0.159294,0.207149,1.52463,0.187687,0.507946,0.113196,56,57,0.0592627,0.120308,0.3491,1.57436,0,20.3922
20.412,1.47239,0.159788,0.213616,0,0,0,0,56,57,0,0,0,0,0,traj_sz=100
20.4121,1.47239,0.159788,0.213616,1.56092,0.207886,0.588907,0.102933,56,58,0.0967191,0.120239,0.3491,1.57245,0,20.4121
20.4322,1.47506,0.160503,0.218151,0,0,0,0,56,58,0,0,0,0,0,traj_sz=100
20.4323,1.47506,0.160503,0.218151,1.56092,0.207886,0.588907,0.102933,56,58,0.0940847,0.119825,0.3491,1.57016,0,20.4323
20.4519,1.47636,0.160886,0.220005,0,0,0,0,56,58,0,0,0,0,0,traj_sz=100
20.452,1.47636,0.160886,0.220005,1.56092,0.207886,0.588907,0.102933,56,58,0.0927792,0.120748,0.3491,1.56902,0,20.452
20.4719,1.4803,0.161915,0.230133,0,0,0,0,56,58,0,0,0,0,0,traj_sz=100
20.472,1.4803,0.161915,0.230133,1.56092,0.207886,0.588907,0.102933,56,58,0.0889843,0.119021,0.3491,1.56568,0,20.472
20.4919,1.4818,0.162399,0.231775,0,0,0,0,56,58,0,0,0,0,0,traj_sz=100
20.4919,1.4818,0.162399,0.231775,1.56092,0.207886,0.588907,0.102933,56,58,0.0874487,0.119738,0.3491,1.56433,0,20.4919
20.512,1.48443,0.163088,0.239701,0,0,0,0,56,58,0,0,0,0,0,traj_sz=100
20.5121,1.48443,0.163088,0.239701,1.56092,0.207886,0.588907,0.102933,56,58,0.0849427,0.119374,0.3491,1.5621,0,20.5121
20.532,1.48693,0.163958,0.245012,0,0,0,0,56,58,0,0,0,0,0,traj_sz=100
20.5321,1.48693,0.163958,0.245012,1.56092,0.207886,0.588907,0.102933,56,58,0.0824378,0.119046,0.3491,1.55981,0,20.5321
20.552,1.48825,0.163864,0.250127,0,0,0,0,56,58,0,0,0,0,0,traj_sz=100
20.552,1.48825,0.163864,0.250127,1.56092,0.207886,0.588907,0.102933,56,58,0.0813032,0.120067,0.3491,1.55902,0,20.552
20.572,1.49176,0.165199,0.258045,0,0,0,0,56,58,0,0,0,0,0,traj_sz=100
20.5721,1.49176,0.165199,0.258045,1.56092,0.207886,0.588907,0.102933,56,58,0.0777629,0.118366,0.3491,1.55573,0,20.5721
20.5919,1.49297,0.165408,0.259838,0,0,0,0,56,58,0,0,0,0,0,traj_sz=100
20.592,1.49297,0.165408,0.259838,1.56092,0.207886,0.588907,0.102933,56,58,0.0765796,0.119211,0.3491,1.55479,0,20.592
20.612,1.49541,0.166014,0.268206,0,0,0,0,56,58,0,0,0,0,0,traj_sz=100
20.6121,1.49541,0.166014,0.268206,1.56092,0.207886,0.588907,0.102933,56,58,0.0742655,0.118794,0.3491,1.55275,0,20.6121
20.632,1.49784,0.166855,0.274236,0,0,0,0,56,58,0,0,0,0,0,traj_sz=100
20.6322,1.49784,0.166855,0.274236,1.56092,0.207886,0.588907,0.102933,56,58,0.0718367,0.118295,0.3491,1.55054,0,20.6322
20.652,1.49904,0.167327,0.275355,0,0,0,0,56,58,0,0,0,0,0,traj_sz=100
20.6521,1.49904,0.167327,0.275355,1.56092,0.207886,0.588907,0.102933,56,58,0.0705788,0.119039,0.3491,1.5494,0,20.6521
20.672,1.50287,0.168468,0.28492,0,0,0,0,56,58,0,0,0,0,0,traj_sz=100
20.6721,1.50287,0.168468,0.28492,1.56092,0.207886,0.588907,0.102933,56,58,0.0667931,0.117139,0.3491,1.54606,0,20.6721
20.692,1.50408,0.169099,0.285878,0,0,0,0,56,58,0,0,0,0,0,traj_sz=100
20.6921,1.50408,0.169099,0.285878,1.56092,0.207886,0.588907,0.102933,56,58,0.0654728,0.117828,0.3491,1.54479,0,20.6921
20.7119,1.50663,0.169973,0.291615,0,0,0,0,56,58,0,0,0,0,0,traj_sz=100
20.712,1.50663,0.169973,0.291615,1.56092,0.207886,0.588907,0.102933,56,58,0.062894,0.117184,0.3491,1.54248,0,20.712
20.732,1.50921,0.170559,0.299193,0,0,0,0,56,58,0,0,0,0,0,traj_sz=100
20.732,1.50921,0.170559,0.299193,1.56092,0.207886,0.588907,0.102933,57,58,0.0604177,0.116672,0.3491,1.54037,0,20.732
20.7522,1.51045,0.170846,0.303545,0,0,0,0,57,58,0,0,0,0,0,traj_sz=100
20.7524,1.51045,0.170846,0.303545,1.56092,0.207886,0.588907,0.102933,57,58,0.0592366,0.117519,0.3491,1.53936,0,20.7524
20.7719,1.5142,0.172543,0.309257,0,0,0,0,57,58,0,0,0,0,0,traj_sz=100
20.772,1.5142,0.172543,0.309257,1.56092,0.207886,0.588907,0.102933,57,58,0.055264,0.115425,0.3491,1.53565,0,20.772
20.792,1.5155,0.172718,0.313916,0,0,0,0,57,58,0,0,0,0,0,traj_sz=100
20.7921,1.5155,0.172718,0.313916,1.56092,0.207886,0.588907,0.102933,57,58,0.05406,0.116243,0.3491,1.53468,0,20.7921
20.812,1.51811,0.173753,0.319921,0,0,0,0,57,58,0,0,0,0,0,traj_sz=100
20.8121,1.51811,0.173753,0.319921,1.59232,0.228861,0.654207,0.091664,57,59,0.0877715,0.115496,0.3491,1.53221,0,20.8121
20.832,1.52053,0.174819,0.32402,0,0,0,0,57,59,0,0,0,0,0,traj_sz=100
20.8322,1.52053,0.174819,0.32402,1.59232,0.228861,0.654207,0.091664,57,59,0.0852563,0.114914,0.3491,1.52984,0,20.8322
20.852,1.52191,0.174917,0.330317,0,0,0,0,57,59,0,0,0,0,0,traj_sz=100
20.8522,1.52191,0.174917,0.330317,1.59232,0.228861,0.654207,0.091664,57,59,0.0841003,0.115704,0.3491,1.52888,0,20.8522
20.8721,1.52556,0.176615,0.336848,0,0,0,0,57,59,0,0,0,0,0,traj_sz=100
20.8722,1.52556,0.176615,0.336848,1.59232,0.228861,0.654207,0.091664,57,59,0.080276,0.113738,0.3491,1.52524,0,20.8722
20.892,1.52694,0.176775,0.341444,0,0,0,0,57,59,0,0,0,0,0,traj_sz=100
20.8921,1.52694,0.176775,0.341444,1.59232,0.228861,0.654207,0.091664,57,59,0.0790468,0.114494,0.3491,1.52424,0,20.8921
20.9121,1.5294,0.177614,0.350053,0,0,0,0,57,59,0,0,0,0,0,traj_sz=100
20.9122,1.5294,0.177614,0.350053,1.59232,0.228861,0.654207,0.091664,57,59,0.0766766,0.113985,0.3491,1.52202,0,20.9122
20.9321,1.53185,0.178643,0.354965,0,0,0,0,57,59,0,0,0,0,0,traj_sz=100
20.9322,1.53185,0.178643,0.354965,1.59232,0.228861,0.654207,0.091664,57,59,0.0741497,0.113096,0.3491,1.51967,0,20.9322
20.952,1.53301,0.179418,0.355534,0,0,0,0,57,59,0,0,0,0,0,traj_sz=100
20.9523,1.53301,0.179418,0.355534,1.59232,0.228861,0.654207,0.091664,57,59,0.0728145,0.11347,0.3491,1.51833,0,20.9523
20.9721,1.53679,0.180718,0.365759,0,0,0,0,57,59,0,0,0,0,0,traj_sz=100
20.9722,1.53679,0.180718,0.365759,1.59232,0.228861,0.654207,0.091664,57,59,0.069072,0.111287,0.3491,1.51492,0,20.9722
20.992,1.53793,0.181568,0.366697,0,0,0,0,57,59,0,0,0,0,0,traj_sz=100
20.9922,1.53793,0.181568,0.366697,1.59232,0.228861,0.654207,0.091664,57,59,0.0677305,0.111634,0.3491,1.51354,0,20.9922
21.0119,1.54049,0.182619,0.372531,0,0,0,0,57,59,0,0,0,0,0,traj_sz=100
21.0121,1.54049,0.182619,0.372531,1.59232,0.228861,0.654207,0.091664,57,59,0.0651101,0.110649,0.3491,1.51111,0,21.0121
21.0319,1.54305,0.183347,0.381144,0,0,0,0,57,59,0,0,0,0,0,traj_sz=100
21.032,1.54305,0.183347,0.381144,1.59232,0.228861,0.654207,0.091664,57,59,0.0626618,0.109816,0.3491,1.50892,0,21.032
21.052,1.54414,0.184141,0.382305,0,0,0,0,57,59,0,0,0,0,0,traj_sz=100
21.0521,1.54414,0.184141,0.382305,1.59232,0.228861,0.654207,0.091664,57,59,0.0613813,0.110242,0.3491,1.50761,0,21.0521
21.0721,1.548,0.185355,0.393788,0,0,0,0,57,59,0,0,0,0,0,traj_sz=100
21.0722,1.548,0.185355,0.393788,1.59232,0.228861,0.654207,0.091664,57,59,0.0576194,0.108082,0.3491,1.50423,0,21.0722
21.092,1.54911,0.186198,0.394564,0,0,0,0,57,59,0,0,0,0,0,traj_sz=100
21.0921,1.54911,0.186198,0.394564,1.59232,0.228861,0.654207,0.091664,57,59,0.0562924,0.108454,0.3491,1.50287,0,21.0921
21.112,1.55147,0.187231,0.399623,0,0,0,0,57,59,0,0,0,0,0,traj_sz=100
21.1121,1.55147,0.187231,0.399623,1.59232,0.228861,0.654207,0.091664,58,59,0.0538317,0.107659,0.3491,1.50058,0,21.1121
21.132,1.55383,0.188156,0.407689,0,0,0,0,58,59,0,0,0,0,0,traj_sz=100
21.1321,1.55383,0.188156,0.407689,1.59232,0.228861,0.654207,0.091664,58,59,0.0514706,0.106919,0.3491,1.49837,0,21.1321
21.1521,1.5549,0.188817,0.408928,0,0,0,0,58,59,0,0,0,0,0,traj_sz=100
21.1523,1.5549,0.188817,0.408928,1.59232,0.228861,0.654207,0.091664,58,59,0.0502578,0.107443,0.3491,1.49718,0,21.1523
21.172,1.5582,0.190415,0.415768,0,0,0,0,58,59,0,0,0,0,0,traj_sz=100
21.1722,1.5582,0.190415,0.415768,1.61901,0.249325,0.704714,0.0813587,58,60,0.0794193,0.105552,0.3491,1.49386,0,21.1722
21.1919,1.55926,0.190682,0.420177,0,0,0,0,58,60,0,0,0,0,0,traj_sz=100
21.192,1.55926,0.190682,0.420177,1.61901,0.249325,0.704714,0.0813587,58,60,0.0784715,0.106264,0.3491,1.49299,0,21.192
21.212,1.56137,0.191649,0.427366,0,0,0,0,58,60,0,0,0,0,0,traj_sz=100
21.2121,1.56137,0.191649,0.427366,1.61901,0.249325,0.704714,0.0813587,58,60,0.0763582,0.105736,0.3491,1.4909,0,21.2121
21.2321,1.5623,0.192472,0.426861,0,0,0,0,58,60,0,0,0,0,0,traj_sz=100
21.2321,1.5623,0.192472,0.426861,1.61901,0.249325,0.704714,0.0813587,58,60,0.075155,0.106274,0.3491,1.48968,0,21.2321
21.2519,1.56432,0.193535,0.433046,0,0,0,0,58,60,0,0,0,0,0,traj_sz=100
21.252,1.56432,0.193535,0.433046,1.61901,0.249325,0.704714,0.0813587,58,60,0.0730531,0.105753,0.3491,1.48758,0,21.252
21.2719,1.56758,0.195038,0.44134,0,0,0,0,58,60,0,0,0,0,0,traj_sz=100
21.272,1.56758,0.195038,0.44134,1.61901,0.249325,0.704714,0.0813587,58,60,0.0696937,0.103968,0.3491,1.48437,0,21.272
21.2919,1.56865,0.195668,0.443761,0,0,0,0,58,60,0,0,0,0,0,traj_sz=100
21.292,1.56865,0.195668,0.443761,1.61901,0.249325,0.704714,0.0813587,58,60,0.068519,0.104308,0.3491,1.4832,0,21.292
21.312,1.57091,0.196463,0.450518,0,0,0,0,58,60,0,0,0,0,0,traj_sz=100
21.3122,1.57091,0.196463,0.450518,1.61901,0.249325,0.704714,0.0813587,58,60,0.0663158,0.103495,0.3491,1.48117,0,21.3122
21.3321,1.57296,0.197892,0.453797,0,0,0,0,58,60,0,0,0,0,0,traj_sz=100
21.3322,1.57296,0.197892,0.453797,1.61901,0.249325,0.704714,0.0813587,58,60,0.0639405,0.102504,0.3491,1.47877,0,21.3322
21.3521,1.57399,0.198483,0.456104,0,0,0,0,58,60,0,0,0,0,0,traj_sz=100
21.3522,1.57399,0.198483,0.456104,1.61901,0.249325,0.704714,0.0813587,58,60,0.0628102,0.102811,0.3491,1.47766,0,21.3522
21.372,1.57721,0.200104,0.464395,0,0,0,0,58,60,0,0,0,0,0,traj_sz=100
21.3721,1.57721,0.200104,0.464395,1.61901,0.249325,0.704714,0.0813587,58,60,0.0594189,0.100731,0.3491,1.47438,0,21.3721
21.392,1.57817,0.200767,0.465883,0,0,0,0,58,60,0,0,0,0,0,traj_sz=100
21.3921,1.57817,0.200767,0.465883,1.61901,0.249325,0.704714,0.0813587,58,60,0.058304,0.101068,0.3491,1.47327,0,21.3921
21.412,1.58025,0.201821,0.47149,0,0,0,0,58,60,0,0,0,0,0,traj_sz=100
21.4121,1.58025,0.201821,0.47149,1.61901,0.249325,0.704714,0.0813587,58,60,0.0561046,0.100249,0.3491,1.47114,0,21.4121
21.432,1.58234,0.203082,0.474689,0,0,0,0,58,60,0,0,0,0,0,traj_sz=100
21.4321,1.58234,0.203082,0.474689,1.61901,0.249325,0.704714,0.0813587,58,60,0.0537491,0.0993186,0.3491,1.46885,0,21.4321
21.452,1.58356,0.203363,0.4799,0,0,0,0,58,60,0,0,0,0,0,traj_sz=100
21.4521,1.58356,0.203363,0.4799,1.61901,0.249325,0.704714,0.0813587,58,60,0.0526617,0.0996584,0.3491,1.46787,0,21.4521
21.4719,1.58648,0.205404,0.485051,0,0,0,0,58,60,0,0,0,0,0,traj_sz=100
21.4721,1.58648,0.205404,0.485051,1.64174,0.268661,0.743437,0.0738064,59,61,0.0783781,0.0975982,0.3491,1.46445,0,21.4721
21.492,1.58772,0.206012,0.488522,0,0,0,0,59,61,0,0,0,0,0,traj_sz=100
21.4923,1.58772,0.206012,0.488522,1.64174,0.268661,0.743437,0.0738064,59,61,0.0771028,0.0977479,0.3491,1.4632,0,21.4923
21.512,1.58982,0.207278,0.492445,0,0,0,0,59,61,0,0,0,0,0,traj_sz=100
21.5122,1.58982,0.207278,0.492445,1.64174,0.268661,0.743437,0.0738064,59,61,0.074768,0.0968017,0.3491,1.4609,0,21.5122
21.532,1.59176,0.208253,0.499269,0,0,0,0,59,61,0,0,0,0,0,traj_sz=100
21.5323,1.59176,0.208253,0.499269,1.66168,0.286988,0.775003,0.0700587,59,62,0.0990811,0.0961692,0.3491,1.45893,0,21.5323
21.552,1.59283,0.208824,0.502272,0,0,0,0,59,62,0,0,0,0,0,traj_sz=100
21.5522,1.59283,0.208824,0.502272,1.66168,0.286988,0.775003,0.0700587,59,62,0.0979785,0.0964705,0.3491,1.45782,0,21.5522
21.572,1.59554,0.210308,0.510346,0,0,0,0,59,62,0,0,0,0,0,traj_sz=100
21.5723,1.59554,0.210308,0.510346,1.66168,0.286988,0.775003,0.0700587,59,62,0.0951646,0.0949023,0.3491,1.45497,0,21.5723
21.592,1.59635,0.210957,0.511232,0,0,0,0,59,62,0,0,0,0,0,traj_sz=100
21.5923,1.59635,0.210957,0.511232,1.66168,0.286988,0.775003,0.0700587,59,62,0.0941714,0.0953747,0.3491,1.45396,0,21.5923
21.612,1.5983,0.212146,0.514196,0,0,0,0,59,62,0,0,0,0,0,traj_sz=100
21.6121,1.5983,0.212146,0.514196,1.66168,0.286988,0.775003,0.0700587,59,62,0.091996,0.0945978,0.3491,1.45182,0,21.6121
21.632,1.60001,0.213177,0.520671,0,0,0,0,59,62,0,0,0,0,0,traj_sz=100
21.6321,1.60001,0.213177,0.520671,1.66168,0.286988,0.775003,0.0700587,59,62,0.090218,0.0941165,0.3491,1.44995,0,21.6321
21.652,1.60108,0.213229,0.525623,0,0,0,0,59,62,0,0,0,0,0,traj_sz=100
21.6522,1.60108,0.213229,0.525623,1.66168,0.286988,0.775003,0.0700587,59,62,0.0894309,0.0946817,0.3491,1.44924,0,21.6522
21.672,1.60372,0.215411,0.5273,0,0,0,0,59,62,0,0,0,0,0,traj_sz=100
21.6721,1.60372,0.215411,0.5273,1.66168,0.286988,0.775003,0.0700587,59,62,0.0861011,0.0925683,0.3491,1.44589,0,21.6721
21.6921,1.60467,0.215797,0.532275,0,0,0,0,59,62,0,0,0,0,0,traj_sz=100
21.6922,1.60467,0.215797,0.532275,1.66168,0.286988,0.775003,0.0700587,59,62,0.0852544,0.0929101,0.3491,1.445,0,21.6922
21.7121,1.60631,0.216747,0.537806,0,0,0,0,59,62,0,0,0,0,0,traj_sz=100
21.7122,1.60631,0.216747,0.537806,1.66168,0.286988,0.775003,0.0700587,59,62,0.0835387,0.0923582,0.3491,1.44324,0,21.7122
21.7319,1.60804,0.21806,0.539946,0,0,0,0,59,62,0,0,0,0,0,traj_sz=100
21.7321,1.60804,0.21806,0.539946,1.66168,0.286988,0.775003,0.0700587,59,62,0.0814421,0.0914916,0.3491,1.44114,0,21.7321
21.752,1.60908,0.218268,0.544401,0,0,0,0,59,62,0,0,0,0,0,traj_sz=100
21.7523,1.60908,0.218268,0.544401,1.66168,0.286988,0.775003,0.0700587,59,62,0.0805886,0.0918849,0.3491,1.44033,0,21.7523
21.7719,1.61169,0.220348,0.549092,0,0,0,0,59,62,0,0,0,0,0,traj_sz=100
21.772,1.61169,0.220348,0.549092,1.66168,0.286988,0.775003,0.0700587,59,62,0.0774212,0.089855,0.3491,1.43708,0,21.772
21.7919,1.61255,0.22085,0.551458,0,0,0,0,59,62,0,0,0,0,0,traj_sz=100
21.792,1.61255,0.22085,0.551458,1.66168,0.286988,0.775003,0.0700587,59,62,0.0765028,0.0901969,0.3491,1.43616,0,21.792
21.812,1.61409,0.221751,0.558312,0,0,0,0,59,62,0,0,0,0,0,traj_sz=100
21.8123,1.61409,0.221751,0.558312,1.66168,0.286988,0.775003,0.0700587,59,62,0.0749225,0.0897632,0.3491,1.4345,0,21.8123
21.832,1.61601,0.222817,0.562305,0,0,0,0,59,62,0,0,0,0,0,traj_sz=100
21.8322,1.61601,0.222817,0.562305,1.68004,0.304972,0.808348,0.069991,59,63,0.0979708,0.0889221,0.3491,1.43247,0,21.8322
21.852,1.61668,0.223676,0.561569,0,0,0,0,59,63,0,0,0,0,0,traj_sz=100
21.8521,1.61668,0.223676,0.561569,1.68004,0.304972,0.808348,0.069991,59,63,0.096923,0.0891807,0.3491,1.43139,0,21.8521
21.8721,1.61942,0.225084,0.571929,0,0,0,0,59,63,0,0,0,0,0,traj_sz=100
21.8722,1.61942,0.225084,0.571929,1.68004,0.304972,0.808348,0.069991,60,63,0.094216,0.0874961,0.3491,1.42859,0,21.8722
21.8922,1.62022,0.226077,0.570654,0,0,0,0,60,63,0,0,0,0,0,traj_sz=100
21.8923,1.62022,0.226077,0.570654,1.68004,0.304972,0.808348,0.069991,60,63,0.0929573,0.0875758,0.3491,1.42731,0,21.8923
21.912,1.62195,0.226995,0.577469,0,0,0,0,60,63,0,0,0,0,0,traj_sz=100
21.9121,1.62195,0.226995,0.577469,1.68004,0.304972,0.808348,0.069991,60,63,0.0912373,0.0869678,0.3491,1.42552,0,21.9121
21.9321,1.62353,0.228407,0.580029,0,0,0,0,60,63,0,0,0,0,0,traj_sz=100
21.9322,1.62353,0.228407,0.580029,1.68004,0.304972,0.808348,0.069991,60,63,0.0892302,0.0861835,0.3491,1.42344,0,21.9322
21.952,1.6244,0.228317,0.586241,0,0,0,0,60,63,0,0,0,0,0,traj_sz=100
21.9522,1.6244,0.228317,0.586241,1.68004,0.304972,0.808348,0.069991,60,63,0.0887602,0.0868936,0.3491,1.42297,0,21.9522
21.9719,1.62662,0.230434,0.589617,0,0,0,0,60,63,0,0,0,0,0,traj_sz=100
21.9721,1.62662,0.230434,0.589617,1.68004,0.304972,0.808348,0.069991,60,63,0.0858486,0.08515,0.3491,1.41994,0,21.9721
21.9919,1.62732,0.230874,0.590537,0,0,0,0,60,63,0,0,0,0,0,traj_sz=100
21.9921,1.62732,0.230874,0.590537,1.68004,0.304972,0.808348,0.069991,60,63,0.0850516,0.0856549,0.3491,1.41916,0,21.9921
22.0121,1.62866,0.23194,0.595943,0,0,0,0,60,63,0,0,0,0,0,traj_sz=100
22.0122,1.62866,0.23194,0.595943,1.68004,0.304972,0.808348,0.069991,60,63,0.083514,0.0852747,0.3491,1.41749,0,22.0122
22.0321,1.63015,0.232708,0.601361,0,0,0,0,60,63,0,0,0,0,0,traj_sz=100
22.0323,1.63015,0.232708,0.601361,1.68004,0.304972,0.808348,0.069991,60,63,0.0820185,0.0848962,0.3491,1.41597,0,22.0323
22.052,1.6308,0.233444,0.601781,0,0,0,0,60,63,0,0,0,0,0,traj_sz=100
22.0521,1.6308,0.233444,0.601781,1.68004,0.304972,0.808348,0.069991,60,63,0.0810794,0.0851746,0.3491,1.41499,0,22.0521
22.072,1.63289,0.23483,0.607969,0,0,0,0,60,63,0,0,0,0,0,traj_sz=100
22.0722,1.63289,0.23483,0.607969,1.68004,0.304972,0.808348,0.069991,60,63,0.0787624,0.0839462,0.3491,1.41261,0,22.0722
22.0921,1.63349,0.235664,0.608779,0,0,0,0,60,63,0,0,0,0,0,traj_sz=100
22.0923,1.63349,0.235664,0.608779,1.68004,0.304972,0.808348,0.069991,60,63,0.0778242,0.084214,0.3491,1.41159,0,22.0923
22.112,1.63486,0.236673,0.611117,0,0,0,0,60,63,0,0,0,0,0,traj_sz=100
22.1122,1.63486,0.236673,0.611117,1.68004,0.304972,0.808348,0.069991,60,63,0.0761905,0.0837699,0.3491,1.40995,0,22.1122
22.132,1.63592,0.237151,0.617852,0,0,0,0,60,63,0,0,0,0,0,traj_sz=100
22.1324,1.63592,0.237151,0.617852,1.68004,0.304972,0.808348,0.069991,60,63,0.0752484,0.0839165,0.3491,1.40892,0,22.1324
22.1519,1.63721,0.238133,0.621011,0,0,0,0,60,63,0,0,0,0,0,traj_sz=100
22.152,1.63721,0.238133,0.621011,1.69777,0.323541,0.84166,0.0734641,60,64,0.0989445,0.0835402,0.3491,1.40735,0,22.152
22.1719,1.63917,0.239932,0.625806,0,0,0,0,60,64,0,0,0,0,0,traj_sz=100
22.172,1.63917,0.239932,0.625806,1.69777,0.323541,0.84166,0.0734641,60,64,0.0964727,0.0821437,0.3491,1.40474,0,22.172
22.192,1.63994,0.240315,0.626745,0,0,0,0,60,64,0,0,0,0,0,traj_sz=100
22.1921,1.63994,0.240315,0.626745,1.69777,0.323541,0.84166,0.0734641,60,64,0.0956512,0.0825705,0.3491,1.40396,0,22.1921
22.2121,1.6416,0.241409,0.632744,0,0,0,0,60,64,0,0,0,0,0,traj_sz=100
22.2122,1.6416,0.241409,0.632744,1.69777,0.323541,0.84166,0.0734641,60,64,0.0938688,0.0818697,0.3491,1.40208,0,22.2122
22.2321,1.64302,0.242781,0.636316,0,0,0,0,60,64,0,0,0,0,0,traj_sz=100
22.2324,1.64302,0.242781,0.636316,1.69777,0.323541,0.84166,0.0734641,60,64,0.092029,0.081165,0.3491,1.40013,0,22.2324
22.2521,1.64371,0.243293,0.639295,0,0,0,0,60,64,0,0,0,0,0,traj_sz=100
22.2523,1.64371,0.243293,0.639295,1.69777,0.323541,0.84166,0.0734641,60,64,0.0912633,0.0815566,0.3491,1.3993,0,22.2523
22.272,1.64565,0.245026,0.643216,0,0,0,0,60,64,0,0,0,0,0,traj_sz=100
22.2723,1.64565,0.245026,0.643216,1.69777,0.323541,0.84166,0.0734641,61,64,0.0887947,0.0802032,0.3491,1.39674,0,22.2723
22.292,1.64655,0.245496,0.646948,0,0,0,0,61,64,0,0,0,0,0,traj_sz=100
22.2922,1.64655,0.245496,0.646948,1.69777,0.323541,0.84166,0.0734641,61,64,0.0879128,0.0804839,0.3491,1.39582,0,22.2922
22.3121,1.64782,0.246508,0.650804,0,0,0,0,61,64,0,0,0,0,0,traj_sz=100
22.3122,1.64782,0.246508,0.650804,1.69777,0.323541,0.84166,0.0734641,61,64,0.0864121,0.0801262,0.3491,1.39424,0,22.3122
22.332,1.64866,0.247349,0.651566,0,0,0,0,61,64,0,0,0,0,0,traj_sz=100
22.3322,1.64866,0.247349,0.651566,1.69777,0.323541,0.84166,0.0734641,61,64,0.0852557,0.0801925,0.3491,1.39306,0,22.3322
22.352,1.65017,0.248507,0.657411,0,0,0,0,61,64,0,0,0,0,0,traj_sz=100
22.3522,1.65017,0.248507,0.657411,1.69777,0.323541,0.84166,0.0734641,61,64,0.0835259,0.0795496,0.3491,1.39122,0,22.3522
22.372,1.65226,0.250369,0.66168,0,0,0,0,61,64,0,0,0,0,0,traj_sz=100
22.372,1.65226,0.250369,0.66168,1.69777,0.323541,0.84166,0.0734641,61,64,0.0808622,0.0780001,0.3491,1.38847,0,22.372
22.392,1.6531,0.250733,0.665237,0,0,0,0,61,64,0,0,0,0,0,traj_sz=100
22.3921,1.6531,0.250733,0.665237,1.69777,0.323541,0.84166,0.0734641,61,64,0.0800823,0.0784311,0.3491,1.38767,0,22.3921
22.412,1.65444,0.251852,0.670167,0,0,0,0,61,64,0,0,0,0,0,traj_sz=100
22.4121,1.65444,0.251852,0.670167,1.69777,0.323541,0.84166,0.0734641,61,64,0.078485,0.0779957,0.3491,1.38597,0,22.4121
22.432,1.65494,0.252505,0.671186,0,0,0,0,61,64,0,0,0,0,0,traj_sz=100
22.4322,1.65494,0.252505,0.671186,1.69777,0.323541,0.84166,0.0734641,61,64,0.0777177,0.0784992,0.3491,1.38514,0,22.4322
22.4523,1.65613,0.25351,0.676526,0,0,0,0,61,64,0,0,0,0,0,traj_sz=100
22.4525,1.65613,0.25351,0.676526,1.69777,0.323541,0.84166,0.0734641,61,64,0.0763114,0.0782701,0.3491,1.38362,0,22.4525
22.472,1.65781,0.254858,0.68012,0,0,0,0,61,64,0,0,0,0,0,traj_sz=100
22.4721,1.65781,0.254858,0.68012,1.71573,0.34364,0.87308,0.0804185,61,65,0.100864,0.0774043,0.3491,1.38153,0,22.4721
22.492,1.65838,0.255333,0.682192,0,0,0,0,61,65,0,0,0,0,0,traj_sz=100
22.4921,1.65838,0.255333,0.682192,1.71573,0.34364,0.87308,0.0804185,61,65,0.100192,0.0779763,0.3491,1.3808,0,22.4921
22.5122,1.65944,0.256231,0.684725,0,0,0,0,61,65,0,0,0,0,0,traj_sz=100
22.5123,1.65944,0.256231,0.684725,1.71573,0.34364,0.87308,0.0804185,61,65,0.0988848,0.0779106,0.3491,1.37945,0,22.5123
22.532,1.66011,0.25709,0.683618,0,0,0,0,61,65,0,0,0,0,0,traj_sz=100
22.5321,1.66011,0.25709,0.683618,1.71573,0.34364,0.87308,0.0804185,61,65,0.0977852,0.0781263,0.3491,1.37836,0,22.5321
22.5521,1.66109,0.258129,0.686457,0,0,0,0,61,65,0,0,0,0,0,traj_sz=100
22.5521,1.66109,0.258129,0.686457,1.71573,0.34364,0.87308,0.0804185,61,65,0.0964571,0.0780067,0.3491,1.37693,0,22.5521
22.572,1.66303,0.259434,0.694132,0,0,0,0,61,65,0,0,0,0,0,traj_sz=100
22.572,1.66303,0.259434,0.694132,1.71573,0.34364,0.87308,0.0804185,61,65,0.09437,0.0770035,0.3491,1.37472,0,22.572
22.5919,1.66382,0.25958,0.699443,0,0,0,0,61,65,0,0,0,0,0,traj_sz=100
22.592,1.66382,0.25958,0.699443,1.71573,0.34364,0.87308,0.0804185,61,65,0.0938386,0.0776395,0.3491,1.37412,0,22.592
22.612,1.66476,0.260871,0.700837,0,0,0,0,61,65,0,0,0,0,0,traj_sz=100
22.6121,1.66476,0.260871,0.700837,1.71573,0.34364,0.87308,0.0804185,61,65,0.092327,0.0773814,0.3491,1.37252,0,22.6121
22.632,1.66586,0.261593,0.705574,0,0,0,0,61,65,0,0,0,0,0,traj_sz=100
22.6321,1.66586,0.261593,0.705574,1.71573,0.34364,0.87308,0.0804185,61,65,0.0911679,0.0773954,0.3491,1.37128,0,22.6321
22.6521,1.66653,0.262254,0.706131,0,0,0,0,61,65,0,0,0,0,0,traj_sz=100
22.6521,1.66653,0.262254,0.706131,1.71573,0.34364,0.87308,0.0804185,62,65,0.0902474,0.0777686,0.3491,1.37035,0,22.6521
22.672,1.66791,0.263785,0.710516,0,0,0,0,62,65,0,0,0,0,0,traj_sz=100
22.6722,1.66791,0.263785,0.710516,1.71573,0.34364,0.87308,0.0804185,62,65,0.0883353,0.0770234,0.3491,1.3683,0,22.6722
22.692,1.6686,0.264337,0.711769,0,0,0,0,62,65,0,0,0,0,0,traj_sz=100
22.6922,1.6686,0.264337,0.711769,1.71573,0.34364,0.87308,0.0804185,62,65,0.0874846,0.0774476,0.3491,1.36744,0,22.6922
22.712,1.67011,0.265165,0.717522,0,0,0,0,62,65,0,0,0,0,0,traj_sz=100
22.7121,1.67011,0.265165,0.717522,1.71573,0.34364,0.87308,0.0804185,62,65,0.0859729,0.0770957,0.3491,1.36587,0,22.7121
22.732,1.67116,0.266155,0.720358,0,0,0,0,62,65,0,0,0,0,0,traj_sz=100
22.7322,1.67116,0.266155,0.720358,1.71573,0.34364,0.87308,0.0804185,62,65,0.0846097,0.0769657,0.3491,1.36444,0,22.7322
22.7522,1.67144,0.266802,0.722736,0,0,0,0,62,65,0,0,0,0,0,traj_sz=100
22.7523,1.67144,0.266802,0.722736,1.71573,0.34364,0.87308,0.0804185,62,65,0.0840403,0.0776696,0.3491,1.36375,0,22.7523
22.7722,1.67244,0.26779,0.725786,0,0,0,0,62,65,0,0,0,0,0,traj_sz=100
22.7724,1.67244,0.26779,0.725786,1.71573,0.34364,0.87308,0.0804185,62,65,0.082725,0.0777039,0.3491,1.36236,0,22.7724
22.7919,1.67408,0.268892,0.729495,0,0,0,0,62,65,0,0,0,0,0,traj_sz=100
22.792,1.67408,0.268892,0.729495,1.71573,0.34364,0.87308,0.0804185,62,65,0.0808724,0.0771752,0.3491,1.36049,0,22.792
22.8119,1.67507,0.270109,0.732254,0,0,0,0,62,65,0,0,0,0,0,traj_sz=100
22.812,1.67507,0.270109,0.732254,1.71573,0.34364,0.87308,0.0804185,62,65,0.0793964,0.0770517,0.3491,1.35892,0,22.812
22.8319,1.67648,0.270876,0.739277,0,0,0,0,62,65,0,0,0,0,0,traj_sz=100
22.832,1.67648,0.270876,0.739277,1.71573,0.34364,0.87308,0.0804185,62,65,0.0780272,0.0769448,0.3491,1.35746,0,22.832
22.852,1.67654,0.271752,0.737644,0,0,0,0,62,65,0,0,0,0,0,traj_sz=100
22.8522,1.67654,0.271752,0.737644,1.71573,0.34364,0.87308,0.0804185,62,65,0.0773504,0.0777273,0.3491,1.35673,0,22.8522
22.872,1.67838,0.273387,0.742979,0,0,0,0,62,65,0,0,0,0,0,traj_sz=100
22.8721,1.67838,0.273387,0.742979,1.73469,0.366249,0.911356,0.0899453,62,66,0.104291,0.0767061,0.3491,1.35431,0,22.8721
22.892,1.67921,0.27407,0.743289,0,0,0,0,62,66,0,0,0,0,0,traj_sz=100
22.8921,1.67921,0.27407,0.743289,1.73469,0.366249,0.911356,0.0899453,62,66,0.103225,0.0770746,0.3491,1.35326,0,22.8921
22.9119,1.68044,0.274943,0.747243,0,0,0,0,62,66,0,0,0,0,0,traj_sz=100
22.912,1.68044,0.274943,0.747243,1.73469,0.366249,0.911356,0.0899453,62,66,0.101847,0.0770168,0.3491,1.35182,0,22.912
22.9321,1.68163,0.276341,0.751854,0,0,0,0,62,66,0,0,0,0,0,traj_sz=100
22.9322,1.68163,0.276341,0.751854,1.73469,0.366249,0.911356,0.0899453,62,66,0.100162,0.0766372,0.3491,1.34999,0,22.9322
22.952,1.68234,0.27709,0.752724,0,0,0,0,62,66,0,0,0,0,0,traj_sz=100
22.9521,1.68234,0.27709,0.752724,1.73469,0.366249,0.911356,0.0899453,62,66,0.0991545,0.077031,0.3491,1.34896,0,22.9521
22.972,1.68327,0.278329,0.754562,0,0,0,0,62,66,0,0,0,0,0,traj_sz=100
22.9721,1.68327,0.278329,0.754562,1.73469,0.366249,0.911356,0.0899453,62,66,0.0976887,0.0769397,0.3491,1.34742,0,22.9721
22.992,1.68481,0.279508,0.760287,0,0,0,0,62,66,0,0,0,0,0,traj_sz=100
22.9922,1.68481,0.279508,0.760287,1.73469,0.366249,0.911356,0.0899453,62,66,0.0959204,0.0764561,0.3491,1.34554,0,22.9922
23.0122,1.68595,0.280587,0.764947,0,0,0,0,62,66,0,0,0,0,0,traj_sz=100
23.0123,1.68595,0.280587,0.764947,1.73469,0.366249,0.911356,0.0899453,63,66,0.0944823,0.0763347,0.3491,1.34399,0,23.0123
23.0321,1.68728,0.28155,0.769613,0,0,0,0,63,66,0,0,0,0,0,traj_sz=100
23.0322,1.68728,0.28155,0.769613,1.73469,0.366249,0.911356,0.0899453,63,66,0.0929899,0.0761505,0.3491,1.34242,0,23.0322
23.0521,1.6877,0.282399,0.769907,0,0,0,0,63,66,0,0,0,0,0,traj_sz=100
23.0522,1.6877,0.282399,0.769907,1.73469,0.366249,0.911356,0.0899453,63,66,0.0921043,0.0766786,0.3491,1.34149,0,23.0522
23.0721,1.68944,0.284195,0.775188,0,0,0,0,63,66,0,0,0,0,0,traj_sz=100
23.0722,1.68944,0.284195,0.775188,1.73469,0.366249,0.911356,0.0899453,63,66,0.0897489,0.0756186,0.3491,1.33901,0,23.0722
23.0919,1.69031,0.284805,0.77781,0,0,0,0,63,66,0,0,0,0,0,traj_sz=100
23.0922,1.69031,0.284805,0.77781,1.73469,0.366249,0.911356,0.0899453,63,66,0.0887712,0.0760074,0.3491,1.338,0,23.0922
23.1121,1.69157,0.285616,0.784133,0,0,0,0,63,66,0,0,0,0,0,traj_sz=100
23.1122,1.69157,0.285616,0.784133,1.73469,0.366249,0.911356,0.0899453,63,66,0.0874757,0.0759886,0.3491,1.33659,0,23.1122
23.132,1.69184,0.286658,0.782421,0,0,0,0,63,66,0,0,0,0,0,traj_sz=100
23.1321,1.69184,0.286658,0.782421,1.73469,0.366249,0.911356,0.0899453,63,66,0.0864991,0.076661,0.3491,1.3356,0,23.1321
23.1519,1.6931,0.287796,0.785951,0,0,0,0,63,66,0,0,0,0,0,traj_sz=100
23.1521,1.6931,0.287796,0.785951,1.73469,0.366249,0.911356,0.0899453,63,66,0.0848979,0.0765915,0.3491,1.33393,0,23.1521
23.1722,1.69453,0.289649,0.791072,0,0,0,0,63,66,0,0,0,0,0,traj_sz=100
23.1723,1.69453,0.289649,0.791072,1.73469,0.366249,0.911356,0.0899453,63,66,0.0827092,0.0759134,0.3491,1.33159,0,23.1723
23.1919,1.69553,0.289919,0.795818,0,0,0,0,63,66,0,0,0,0,0,traj_sz=100
23.1921,1.69553,0.289919,0.795818,1.73469,0.366249,0.911356,0.0899453,63,66,0.0819301,0.0766363,0.3491,1.33077,0,23.1921
23.212,1.69645,0.291209,0.797883,0,0,0,0,63,66,0,0,0,0,0,traj_sz=100
23.2121,1.69645,0.291209,0.797883,1.73469,0.366249,0.911356,0.0899453,63,66,0.080418,0.0766969,0.3491,1.32918,0,23.2121
23.2321,1.69672,0.29186,0.798577,0,0,0,0,63,66,0,0,0,0,0,traj_sz=100
23.2322,1.69672,0.29186,0.798577,1.73469,0.366249,0.911356,0.0899453,63,66,0.0797799,0.0776681,0.3491,1.3285,0,23.2322
23.252,1.69822,0.292669,0.804926,0,0,0,0,63,66,0,0,0,0,0,traj_sz=100
23.2522,1.69822,0.292669,0.804926,1.73469,0.366249,0.911356,0.0899453,63,66,0.0783119,0.0776799,0.3491,1.32695,0,23.2522
23.272,1.69952,0.294822,0.808497,0,0,0,0,63,66,0,0,0,0,0,traj_sz=100
23.2721,1.69952,0.294822,0.808497,1.7549,0.392328,0.954166,0.10115,63,67,0.108766,0.0768461,0.3491,1.32445,0,23.2721
23.292,1.69996,0.295487,0.809276,0,0,0,0,63,67,0,0,0,0,0,traj_sz=100
23.2921,1.69996,0.295487,0.809276,1.7549,0.392328,0.954166,0.10115,63,67,0.108,0.0776806,0.3491,1.32365,0,23.2921
23.312,1.7012,0.29659,0.814448,0,0,0,0,63,67,0,0,0,0,0,traj_sz=100
23.3121,1.7012,0.29659,0.814448,1.7549,0.392328,0.954166,0.10115,63,67,0.106489,0.0776592,0.3491,1.32203,0,23.3121
23.3321,1.70222,0.297606,0.817452,0,0,0,0,63,67,0,0,0,0,0,traj_sz=100
23.3322,1.70222,0.297606,0.817452,1.7549,0.392328,0.954166,0.10115,63,67,0.10513,0.0778566,0.3491,1.3206,0,23.3322
23.352,1.70258,0.298369,0.818149,0,0,0,0,63,67,0,0,0,0,0,traj_sz=100
23.3523,1.70258,0.298369,0.818149,1.7549,0.392328,0.954166,0.10115,63,67,0.104346,0.0786793,0.3491,1.31978,0,23.3523
23.3721,1.7044,0.300165,0.824638,0,0,0,0,63,67,0,0,0,0,0,traj_sz=100
23.3722,1.7044,0.300165,0.824638,1.7549,0.392328,0.954166,0.10115,64,67,0.101957,0.0777491,0.3491,1.31725,0,23.3722
23.392,1.7049,0.300586,0.826922,0,0,0,0,64,67,0,0,0,0,0,traj_sz=100
23.3922,1.7049,0.300586,0.826922,1.7549,0.392328,0.954166,0.10115,64,67,0.101367,0.0787232,0.3491,1.31661,0,23.3922
23.412,1.70605,0.302156,0.829063,0,0,0,0,64,67,0,0,0,0,0,traj_sz=100
23.4122,1.70605,0.302156,0.829063,1.7549,0.392328,0.954166,0.10115,64,67,0.0994878,0.07842,0.3491,1.31466,0,23.4122
23.4319,1.70715,0.303395,0.833098,0,0,0,0,64,67,0,0,0,0,0,traj_sz=100
23.432,1.70715,0.303395,0.833098,1.7549,0.392328,0.954166,0.10115,64,67,0.0979302,0.0783736,0.3491,1.31301,0,23.432
23.452,1.70759,0.304088,0.835417,0,0,0,0,64,67,0,0,0,0,0,traj_sz=100
23.4521,1.70759,0.304088,0.835417,1.7549,0.392328,0.954166,0.10115,64,67,0.0971744,0.0791922,0.3491,1.31219,0,23.4521
23.472,1.70924,0.305669,0.842572,0,0,0,0,64,67,0,0,0,0,0,traj_sz=100
23.4721,1.70924,0.305669,0.842572,1.7549,0.392328,0.954166,0.10115,64,67,0.0950691,0.0785404,0.3491,1.30994,0,23.4721
23.4921,1.70966,0.306556,0.84271,0,0,0,0,64,67,0,0,0,0,0,traj_sz=100
23.4922,1.70966,0.306556,0.84271,1.7549,0.392328,0.954166,0.10115,64,67,0.0941275,0.0793885,0.3491,1.30897,0,23.4922
23.512,1.711,0.307734,0.845997,0,0,0,0,64,67,0,0,0,0,0,traj_sz=100
23.5122,1.711,0.307734,0.845997,1.7549,0.392328,0.954166,0.10115,64,67,0.092432,0.0795001,0.3491,1.30722,0,23.5122
23.532,1.71203,0.309111,0.851106,0,0,0,0,64,67,0,0,0,0,0,traj_sz=100
23.5321,1.71203,0.309111,0.851106,1.7549,0.392328,0.954166,0.10115,64,67,0.0908344,0.0796584,0.3491,1.3055,0,23.5321
23.5522,1.71251,0.309785,0.853383,0,0,0,0,64,67,0,0,0,0,0,traj_sz=100
23.5523,1.71251,0.309785,0.853383,1.7549,0.392328,0.954166,0.10115,64,67,0.0900659,0.0807448,0.3491,1.30468,0,23.5523
23.5721,1.71416,0.311673,0.859399,0,0,0,0,64,67,0,0,0,0,0,traj_sz=100
23.5723,1.71416,0.311673,0.859399,1.7549,0.392328,0.954166,0.10115,64,67,0.0876937,0.0801201,0.3491,1.30218,0,23.5723
23.592,1.71463,0.312339,0.85932,0,0,0,0,64,67,0,0,0,0,0,traj_sz=100
23.5921,1.71463,0.312339,0.85932,1.7549,0.392328,0.954166,0.10115,64,67,0.0868788,0.0811745,0.3491,1.30136,0,23.5921
23.612,1.71546,0.313552,0.862777,0,0,0,0,64,67,0,0,0,0,0,traj_sz=100
23.6121,1.71546,0.313552,0.862777,1.7549,0.392328,0.954166,0.10115,64,67,0.0854892,0.0815938,0.321621,1.29989,0,23.6121
23.6322,1.71687,0.314984,0.867728,0,0,0,0,64,67,0,0,0,0,0,traj_sz=100
23.6329,1.71687,0.314984,0.867728,1.7549,0.392328,0.954166,0.10115,64,67,0.0835943,0.0815511,0.287347,1.2979,0,23.6329
23.6521,1.71728,0.315932,0.867916,0,0,0,0,64,67,0,0,0,0,0,traj_sz=100
23.6522,1.71728,0.315932,0.867916,1.7549,0.392328,0.954166,0.10115,64,67,0.0826089,0.0823806,0.281137,1.2969,0,23.6522
23.672,1.71925,0.318015,0.875026,0,0,0,0,64,67,0,0,0,0,0,traj_sz=100
23.6722,1.71925,0.318015,0.875026,1.7549,0.392328,0.954166,0.10115,64,67,0.0798916,0.0813935,0.231161,1.29405,0,23.6722
23.692,1.71944,0.319061,0.874656,0,0,0,0,64,67,0,0,0,0,0,traj_sz=100
23.6921,1.71944,0.319061,0.874656,1.7549,0.392328,0.954166,0.10115,64,67,0.0789555,0.0823528,0.225566,1.2931,0,23.6921
23.7121,1.7212,0.320524,0.881016,0,0,0,0,64,67,0,0,0,0,0,traj_sz=100
23.7122,1.7212,0.320524,0.881016,1.77636,0.422603,0.997427,0.1128,64,68,0.113843,0.0819857,0.184829,1.29087,0,23.7122
23.732,1.72207,0.321927,0.885352,0,0,0,0,64,68,0,0,0,0,0,traj_sz=100
23.7323,1.72207,0.321927,0.885352,1.77636,0.422603,0.997427,0.1128,65,68,0.112301,0.0822367,0.3491,1.28923,0,23.7323
23.7521,1.72247,0.322689,0.886622,0,0,0,0,65,68,0,0,0,0,0,traj_sz=100
23.7523,1.72247,0.322689,0.886622,1.77636,0.422603,0.997427,0.1128,65,68,0.111489,0.0832867,0.3491,1.28838,0,23.7523
23.7719,1.72468,0.325247,0.892792,0,0,0,0,65,68,0,0,0,0,0,traj_sz=100
23.772,1.72468,0.325247,0.892792,1.77636,0.422603,0.997427,0.1128,65,68,0.108241,0.0817649,0.314692,1.28501,0,23.772
23.792,1.72541,0.325902,0.896296,0,0,0,0,65,68,0,0,0,0,0,traj_sz=100
23.7922,1.72541,0.325902,0.896296,1.77636,0.422603,0.997427,0.1128,65,68,0.107342,0.0826824,0.291614,1.28404,0,23.7922
23.8121,1.72669,0.327548,0.901771,0,0,0,0,65,68,0,0,0,0,0,traj_sz=100
23.8123,1.72669,0.327548,0.901771,1.77636,0.422603,0.997427,0.1128,65,68,0.105371,0.0824891,0.251012,1.28196,0,23.8123
23.832,1.72784,0.329019,0.906181,0,0,0,0,65,68,0,0,0,0,0,traj_sz=100
23.8321,1.72784,0.329019,0.906181,1.77636,0.422603,0.997427,0.1128,65,68,0.10359,0.0824895,0.218311,1.28009,0,23.8321
23.8521,1.72816,0.329804,0.906764,0,0,0,0,65,68,0,0,0,0,0,traj_sz=100
23.8522,1.72816,0.329804,0.906764,1.77636,0.422603,0.997427,0.1128,65,68,0.102784,0.0836497,0.210268,1.27927,0,23.8522
23.8721,1.72995,0.331915,0.911375,0,0,0,0,65,68,0,0,0,0,0,traj_sz=100
23.8723,1.72995,0.331915,0.911375,1.77636,0.422603,0.997427,0.1128,65,68,0.100106,0.0830513,0.177311,1.27651,0,23.8723
23.892,1.73039,0.332488,0.914507,0,0,0,0,65,68,0,0,0,0,0,traj_sz=100
23.8922,1.73039,0.332488,0.914507,1.77636,0.422603,0.997427,0.1128,65,68,0.0994459,0.0844936,0.154231,1.27579,0,23.8922
23.9119,1.73159,0.333988,0.916889,0,0,0,0,65,68,0,0,0,0,0,traj_sz=100
23.912,1.73159,0.333988,0.916889,1.77636,0.422603,0.997427,0.1128,65,68,0.0975675,0.08472,0.136449,1.27387,0,23.912
23.9321,1.73267,0.335724,0.918093,0,0,0,0,65,68,0,0,0,0,0,traj_sz=100
23.9322,1.73267,0.335724,0.918093,1.77636,0.422603,0.997427,0.1128,65,68,0.0955538,0.0848784,0.12348,1.27183,0,23.9322
23.9522,1.73319,0.336418,0.919679,0,0,0,0,65,68,0,0,0,0,0,traj_sz=100
23.9523,1.73319,0.336418,0.919679,1.77636,0.422603,0.997427,0.1128,65,68,0.0947158,0.0861926,0.111344,1.27096,0,23.9523
23.972,1.73418,0.338259,0.92215,0,0,0,0,65,68,0,0,0,0,0,traj_sz=100
23.9722,1.73418,0.338259,0.92215,1.77636,0.422603,0.997427,0.1128,65,68,0.092695,0.0862911,0.0871632,1.2689,0,23.9722
23.992,1.73538,0.339916,0.925846,0,0,0,0,65,68,0,0,0,0,0,traj_sz=100
23.9921,1.73538,0.339916,0.925846,1.77636,0.422603,0.997427,0.1128,65,68,0.0907107,0.0864041,0.0584323,1.26685,0,23.9921
24.0119,1.73684,0.341474,0.931378,0,0,0,0,65,68,0,0,0,0,0,traj_sz=100
24.012,1.73684,0.341474,0.931378,1.77636,0.422603,0.997427,0.1128,65,68,0.0886835,0.0864309,0.0203238,1.26473,0,24.012
24.032,1.73766,0.342973,0.933584,0,0,0,0,65,68,0,0,0,0,0,traj_sz=100
24.0321,1.73766,0.342973,0.933584,1.77636,0.422603,0.997427,0.1128,65,68,0.0870275,0.0869206,-0.000582877,1.26304,0,24.0321
24.052,1.73844,0.343391,0.938819,0,0,0,0,65,68,0,0,0,0,0,traj_sz=100
24.0522,1.73844,0.343391,0.938819,1.77636,0.422603,0.997427,0.1128,65,68,0.0863111,0.0882794,-0.0332826,1.26223,0,24.0522
24.072,1.73997,0.34602,0.9386,0,0,0,0,65,68,0,0,0,0,0,traj_sz=100
24.0721,1.73997,0.34602,0.9386,1.77636,0.422603,0.997427,0.1128,66,68,0.083285,0.0874282,0.237713,1.25921,0,24.0721
24.092,1.74034,0.346674,0.938961,0,0,0,0,66,68,0,0,0,0,0,traj_sz=100
24.0921,1.74034,0.346674,0.938961,1.77636,0.422603,0.997427,0.1128,66,68,0.082543,0.0888459,0.23351,1.25847,0,24.0921
24.112,1.74155,0.348187,0.942743,0,0,0,0,66,68,0,0,0,0,0,traj_sz=100
24.1122,1.74155,0.348187,0.942743,1.77636,0.422603,0.997427,0.1128,66,68,0.0806662,0.0890801,0.206741,1.25653,0,24.1122
24.1321,1.74256,0.350056,0.939838,0,0,0,0,66,68,0,0,0,0,0,traj_sz=100
24.1322,1.74256,0.350056,0.939838,1.77636,0.422603,0.997427,0.1128,66,68,0.0785151,0.0891541,0.222452,1.25443,0,24.1322
24.152,1.74332,0.350572,0.943331,0,0,0,0,66,68,0,0,0,0,0,traj_sz=100
24.1522,1.74332,0.350572,0.943331,1.79881,0.457368,1.05111,0.122114,66,69,0.11903,0.0904418,0.201549,1.25356,0,24.1522
24.1721,1.74475,0.353207,0.94078,0,0,0,0,66,69,0,0,0,0,0,traj_sz=100
24.1722,1.74475,0.353207,0.94078,1.79881,0.457368,1.05111,0.122114,66,69,0.116012,0.0896404,0.212663,1.2506,0,24.1722
24.192,1.74528,0.353646,0.944871,0,0,0,0,66,69,0,0,0,0,0,traj_sz=100
24.1921,1.74528,0.353646,0.944871,1.79881,0.457368,1.05111,0.122114,66,69,0.115419,0.0911267,0.185413,1.24993,0,24.1921
24.2121,1.74614,0.355203,0.944042,0,0,0,0,66,69,0,0,0,0,0,traj_sz=100
24.2122,1.74614,0.355203,0.944042,1.79881,0.457368,1.05111,0.122114,66,69,0.11364,0.0915433,0.187245,1.24817,0,24.2122
24.2321,1.74713,0.356865,0.942798,0,0,0,0,66,69,0,0,0,0,0,traj_sz=100
24.2322,1.74713,0.356865,0.942798,1.79881,0.457368,1.05111,0.122114,66,69,0.111692,0.0920473,0.192666,1.24625,0,24.2322
24.2521,1.7479,0.357404,0.947008,0,0,0,0,66,69,0,0,0,0,0,traj_sz=100
24.2522,1.7479,0.357404,0.947008,1.79881,0.457368,1.05111,0.122114,66,69,0.110878,0.0936007,0.1665,1.24535,0,24.2522
24.2721,1.74965,0.359998,0.949223,0,0,0,0,66,69,0,0,0,0,0,traj_sz=100
24.2723,1.74965,0.359998,0.949223,1.79881,0.457368,1.05111,0.122114,66,69,0.107786,0.0929295,0.14749,1.24223,0,24.2723
24.292,1.74987,0.360886,0.948684,0,0,0,0,66,69,0,0,0,0,0,traj_sz=100
24.2921,1.74987,0.360886,0.948684,1.79881,0.457368,1.05111,0.122114,66,69,0.106924,0.0945116,0.145868,1.24139,0,24.2921
24.312,1.75124,0.362445,0.952312,0,0,0,0,66,69,0,0,0,0,0,traj_sz=100
24.3121,1.75124,0.362445,0.952312,1.79881,0.457368,1.05111,0.122114,66,69,0.104918,0.0948912,0.121668,1.23931,0,24.3121
24.332,1.75211,0.364192,0.953186,0,0,0,0,66,69,0,0,0,0,0,traj_sz=100
24.3321,1.75211,0.364192,0.953186,1.79881,0.457368,1.05111,0.122114,66,69,0.103009,0.0954133,0.109543,1.2374,0,24.3321
24.352,1.7529,0.365105,0.954752,0,0,0,0,66,69,0,0,0,0,0,traj_sz=100
24.3521,1.7529,0.365105,0.954752,1.79881,0.457368,1.05111,0.122114,66,69,0.101832,0.0966575,0.0992506,1.2362,0,24.3521
24.372,1.75463,0.367735,0.957761,0,0,0,0,66,69,0,0,0,0,0,traj_sz=100
24.3722,1.75463,0.367735,0.957761,1.79881,0.457368,1.05111,0.122114,66,69,0.0987294,0.0959641,0.0739988,1.23305,0,24.3722
24.392,1.75531,0.368631,0.958818,0,0,0,0,66,69,0,0,0,0,0,traj_sz=100
24.3921,1.75531,0.368631,0.958818,1.79881,0.457368,1.05111,0.122114,66,69,0.0976206,0.0972747,0.0662338,1.23193,0,24.3921
24.4121,1.75648,0.370385,0.961479,0,0,0,0,66,69,0,0,0,0,0,traj_sz=100
24.4122,1.75648,0.370385,0.961479,1.79881,0.457368,1.05111,0.122114,67,69,0.0955532,0.0976217,0.332686,1.22982,0,24.4122
24.432,1.75773,0.372192,0.96418,0,0,0,0,67,69,0,0,0,0,0,traj_sz=100
24.4322,1.75773,0.372192,0.96418,1.79881,0.457368,1.05111,0.122114,67,69,0.0934007,0.0978709,0.312767,1.22763,0,24.4322
24.4522,1.75781,0.373253,0.962267,0,0,0,0,67,69,0,0,0,0,0,traj_sz=100
24.4523,1.75781,0.373253,0.962267,1.79881,0.457368,1.05111,0.122114,67,69,0.0924549,0.0994234,0.318334,1.22674,0,24.4523
24.472,1.75984,0.375853,0.967277,0,0,0,0,67,69,0,0,0,0,0,traj_sz=100
24.4721,1.75984,0.375853,0.967277,1.79881,0.457368,1.05111,0.122114,67,69,0.0892328,0.0985459,0.284564,1.22344,0,24.4721
24.492,1.7604,0.376856,0.966244,0,0,0,0,67,69,0,0,0,0,0,traj_sz=100
24.4921,1.7604,0.376856,0.966244,1.79881,0.457368,1.05111,0.122114,67,69,0.0880744,0.099838,0.290159,1.2223,0,24.4921
24.512,1.76131,0.378689,0.966634,0,0,0,0,67,69,0,0,0,0,0,traj_sz=100
24.5121,1.76131,0.378689,0.966634,1.79881,0.457368,1.05111,0.122114,67,69,0.0860534,0.100261,0.282624,1.22029,0,24.5121
24.5321,1.76238,0.38036,0.968659,0,0,0,0,67,69,0,0,0,0,0,traj_sz=100
24.5322,1.76238,0.38036,0.968659,1.79881,0.457368,1.05111,0.122114,67,69,0.0840986,0.100731,0.266613,1.21831,0,24.5322
24.5521,1.76342,0.381009,0.972391,0,0,0,0,67,69,0,0,0,0,0,traj_sz=100
24.5523,1.76342,0.381009,0.972391,1.79881,0.457368,1.05111,0.122114,67,69,0.0830285,0.102048,0.246816,1.21717,0,24.5523
24.572,1.76435,0.382682,0.973123,0,0,0,0,67,69,0,0,0,0,0,traj_sz=100
24.5721,1.76435,0.382682,0.973123,1.79881,0.457368,1.05111,0.122114,67,69,0.0811285,0.10256,0.238487,1.21527,0,24.5721
24.5921,1.76528,0.384499,0.975268,0,0,0,0,67,69,0,0,0,0,0,traj_sz=100
24.5922,1.76528,0.384499,0.975268,1.79881,0.457368,1.05111,0.122114,67,69,0.079135,0.103142,0.218584,1.21326,0,24.5922
24.6121,1.76679,0.386436,0.979125,0,0,0,0,67,69,0,0,0,0,0,traj_sz=100
24.6122,1.76679,0.386436,0.979125,1.79881,0.457368,1.05111,0.122114,67,69,0.0767343,0.103377,0.192519,1.21081,0,24.6122
24.6321,1.76793,0.388506,0.981792,0,0,0,0,67,69,0,0,0,0,0,traj_sz=100
24.6322,1.76793,0.388506,0.981792,1.79881,0.457368,1.05111,0.122114,67,69,0.0744119,0.10372,0.169363,1.20847,0,24.6322
24.652,1.76864,0.389628,0.982108,0,0,0,0,67,69,0,0,0,0,0,traj_sz=100
24.6522,1.76864,0.389628,0.982108,1.79881,0.457368,1.05111,0.122114,67,69,0.0730896,0.105076,0.166003,1.20715,0,24.6522
24.672,1.7705,0.392743,0.987934,0,0,0,0,67,69,0,0,0,0,0,traj_sz=100
24.6721,1.7705,0.392743,0.987934,1.79881,0.457368,1.05111,0.122114,67,69,0.0695391,0.104131,0.119746,1.20354,0,24.6721
24.692,1.77132,0.393957,0.990259,0,0,0,0,67,69,0,0,0,0,0,traj_sz=100
24.6921,1.77132,0.393957,0.990259,1.79881,0.457368,1.05111,0.122114,67,69,0.0681001,0.105361,0.102565,1.20208,0,24.6921
24.712,1.77204,0.395971,0.99093,0,0,0,0,67,69,0,0,0,0,0,traj_sz=100
24.7122,1.77204,0.395971,0.99093,1.79881,0.457368,1.05111,0.122114,67,69,0.0660299,0.105987,0.0890387,1.20004,0,24.7122
24.732,1.77358,0.397962,0.996685,0,0,0,0,67,69,0,0,0,0,0,traj_sz=100
24.732,1.77358,0.397962,0.996685,1.79881,0.457368,1.05111,0.122114,67,69,0.0635823,0.106141,0.0492465,1.19752,0,24.732
24.752,1.77443,0.399026,0.997776,0,0,0,0,67,69,0,0,0,0,0,traj_sz=100
24.7522,1.77443,0.399026,0.997776,1.79881,0.457368,1.05111,0.122114,67,69,0.0622389,0.107485,0.042587,1.19616,0,24.7522
24.772,1.7762,0.402096,1.00256,0,0,0,0,67,69,0,0,0,0,0,traj_sz=100
24.772,1.7762,0.402096,1.00256,1.79881,0.457368,1.05111,0.122114,68,69,0.0587507,0.106619,0.304589,1.19264,0,24.772
24.7921,1.77689,0.403187,1.00481,0,0,0,0,68,69,0,0,0,0,0,traj_sz=100
24.7922,1.77689,0.403187,1.00481,1.79881,0.457368,1.05111,0.122114,68,69,0.0574867,0.108033,0.288185,1.19136,0,24.7922
24.8121,1.77798,0.405161,1.00671,0,0,0,0,68,69,0,0,0,0,0,traj_sz=100
24.8122,1.77798,0.405161,1.00671,1.82106,0.496253,1.10923,0.128346,68,70,0.10001,0.108471,0.272212,1.18913,0,24.8122
24.832,1.77914,0.407244,1.00893,0,0,0,0,68,70,0,0,0,0,0,traj_sz=100
24.8322,1.77914,0.407244,1.00893,1.82106,0.496253,1.10923,0.128346,68,70,0.0976585,0.108774,0.253835,1.18677,0,24.8322
24.8519,1.77999,0.408058,1.01263,0,0,0,0,68,70,0,0,0,0,0,traj_sz=100
24.8521,1.77999,0.408058,1.01263,1.82106,0.496253,1.10923,0.128346,68,70,0.096561,0.110302,0.231271,1.18561,0,24.8521
24.872,1.78138,0.41091,1.01147,0,0,0,0,68,70,0,0,0,0,0,traj_sz=100
24.8722,1.78138,0.41091,1.01147,1.82106,0.496253,1.10923,0.128346,68,70,0.093395,0.10985,0.233896,1.1825,0,24.8722
24.8922,1.78203,0.411707,1.01342,0,0,0,0,68,70,0,0,0,0,0,traj_sz=100
24.8923,1.78203,0.411707,1.01342,1.82106,0.496253,1.10923,0.128346,68,70,0.0923952,0.111523,0.221596,1.18147,0,24.8923
24.9119,1.78285,0.413483,1.01457,0,0,0,0,68,70,0,0,0,0,0,traj_sz=100
24.912,1.78285,0.413483,1.01457,1.82106,0.496253,1.10923,0.128346,68,70,0.0904683,0.112231,0.209148,1.17956,0,24.912
24.932,1.78411,0.41547,1.01772,0,0,0,0,68,70,0,0,0,0,0,traj_sz=100
24.9321,1.78411,0.41547,1.01772,1.82106,0.496253,1.10923,0.128346,68,70,0.088151,0.112581,0.186196,1.17722,0,24.9321
24.952,1.7847,0.416643,1.01779,0,0,0,0,68,70,0,0,0,0,0,traj_sz=100
24.9522,1.7847,0.416643,1.01779,1.82106,0.496253,1.10923,0.128346,68,70,0.0868394,0.113987,0.183668,1.17593,0,24.9522
24.9719,1.78674,0.419865,1.02424,0,0,0,0,68,70,0,0,0,0,0,traj_sz=100
24.972,1.78674,0.419865,1.02424,1.82106,0.496253,1.10923,0.128346,68,70,0.0830978,0.112945,0.136648,1.17213,0,24.972
24.992,1.78738,0.421024,1.02509,0,0,0,0,68,70,0,0,0,0,0,traj_sz=100
24.9921,1.78738,0.421024,1.02509,1.82106,0.496253,1.10923,0.128346,68,70,0.0817829,0.114431,0.129228,1.17082,0,24.9921
25.012,1.78878,0.423499,1.02821,0,0,0,0,68,70,0,0,0,0,0,traj_sz=100
25.0122,1.78878,0.423499,1.02821,1.82106,0.496253,1.10923,0.128346,68,70,0.0789749,0.114395,0.104148,1.16801,0,25.0122
25.0319,1.78991,0.425967,1.03188,0,0,0,0,68,70,0,0,0,0,0,traj_sz=100
25.032,1.78991,0.425967,1.03188,1.82106,0.496253,1.10923,0.128346,68,70,0.0763099,0.114479,0.0719865,1.16536,0,25.032
25.052,1.79085,0.427092,1.0346,0,0,0,0,68,70,0,0,0,0,0,traj_sz=100
25.0521,1.79085,0.427092,1.0346,1.82106,0.496253,1.10923,0.128346,68,70,0.0748878,0.115831,0.0550861,1.1639,0,25.0521
25.0721,1.79243,0.430581,1.03824,0,0,0,0,68,70,0,0,0,0,0,traj_sz=100
25.0723,1.79243,0.430581,1.03824,1.82106,0.496253,1.10923,0.128346,68,70,0.0711154,0.114848,0.0203217,1.16017,0,25.0723
25.0919,1.79336,0.431745,1.04065,0,0,0,0,68,70,0,0,0,0,0,traj_sz=100
25.0921,1.79336,0.431745,1.04065,1.82106,0.496253,1.10923,0.128346,68,70,0.0696575,0.116133,0.00531554,1.15867,0,25.0921
25.112,1.79461,0.434248,1.0412,0,0,0,0,68,70,0,0,0,0,0,traj_sz=100
25.1121,1.79461,0.434248,1.0412,1.82106,0.496253,1.10923,0.128346,68,70,0.0668752,0.116146,-0.00335695,1.15593,0,25.1121
25.132,1.79603,0.436554,1.04602,0,0,0,0,68,70,0,0,0,0,0,traj_sz=100
25.1321,1.79603,0.436554,1.04602,1.82106,0.496253,1.10923,0.128346,69,70,0.0642077,0.116223,0.340837,1.15324,0,25.1321
25.152,1.79606,0.4376,1.04638,0,0,0,0,69,70,0,0,0,0,0,traj_sz=100
25.1521,1.79606,0.4376,1.04638,1.82106,0.496253,1.10923,0.128346,69,70,0.0632896,0.118098,0.330814,1.15239,0,25.1521
25.172,1.79833,0.441119,1.04851,0,0,0,0,69,70,0,0,0,0,0,traj_sz=100
25.1722,1.79833,0.441119,1.04851,1.84203,0.538412,1.16413,0.131707,69,71,0.106124,0.116706,0.318878,1.14822,0,25.1722
25.192,1.79896,0.442192,1.04947,0,0,0,0,69,71,0,0,0,0,0,traj_sz=100
25.1921,1.79896,0.442192,1.04947,1.84203,0.538412,1.16413,0.131707,69,71,0.104887,0.11824,0.312203,1.14698,0,25.1921
25.212,1.8001,0.444804,1.04997,0,0,0,0,69,71,0,0,0,0,0,traj_sz=100
25.2121,1.8001,0.444804,1.04997,1.84203,0.538412,1.16413,0.131707,69,71,0.102058,0.118196,0.304057,1.14422,0,25.2121
25.2321,1.8008,0.445829,1.0507,0,0,0,0,69,71,0,0,0,0,0,traj_sz=100
25.2322,1.8008,0.445829,1.0507,1.84203,0.538412,1.16413,0.131707,69,71,0.100831,0.119763,0.300144,1.14298,0,25.2322
25.252,1.80152,0.447979,1.05097,0,0,0,0,69,71,0,0,0,0,0,traj_sz=100
25.252,1.80152,0.447979,1.05097,1.84203,0.538412,1.16413,0.131707,69,71,0.0986101,0.12031,0.291598,1.14084,0,25.252
25.272,1.80315,0.450223,1.05225,0,0,0,0,69,71,0,0,0,0,0,traj_sz=100
25.2722,1.80315,0.450223,1.05225,1.84203,0.538412,1.16413,0.131707,69,71,0.0958634,0.120345,0.286946,1.13807,0,25.2722
25.292,1.80403,0.452393,1.05199,0,0,0,0,69,71,0,0,0,0,0,traj_sz=100
25.292,1.80403,0.452393,1.05199,1.84203,0.538412,1.16413,0.131707,69,71,0.0935425,0.120796,0.284009,1.13581,0,25.292
25.312,1.80495,0.454433,1.05388,0,0,0,0,69,71,0,0,0,0,0,traj_sz=100
25.3121,1.80495,0.454433,1.05388,1.84203,0.538412,1.16413,0.131707,69,71,0.0913328,0.121361,0.26717,1.13364,0,25.3121
25.3323,1.80638,0.456479,1.05842,0,0,0,0,69,71,0,0,0,0,0,traj_sz=100
25.3325,1.80638,0.456479,1.05842,1.84203,0.538412,1.16413,0.131707,69,71,0.0888874,0.121723,0.237971,1.13114,0,25.3325
25.352,1.80679,0.457652,1.06164,0,0,0,0,69,71,0,0,0,0,0,traj_sz=100
25.3521,1.80679,0.457652,1.06164,1.84203,0.538412,1.16413,0.131707,69,71,0.0876939,0.123255,0.211335,1.12997,0,25.3521
25.372,1.80887,0.461326,1.06567,0,0,0,0,69,71,0,0,0,0,0,traj_sz=100
25.3721,1.80887,0.461326,1.06567,1.84203,0.538412,1.16413,0.131707,69,71,0.0835057,0.121835,0.182031,1.12579,0,25.3721
25.392,1.8094,0.462594,1.06922,0,0,0,0,69,71,0,0,0,0,0,traj_sz=100
25.3921,1.8094,0.462594,1.06922,1.84203,0.538412,1.16413,0.131707,69,71,0.0821696,0.123276,0.1539,1.12447,0,25.3921
25.4121,1.81085,0.465217,1.0742,0,0,0,0,69,71,0,0,0,0,0,traj_sz=100
25.4122,1.81085,0.465217,1.0742,1.84203,0.538412,1.16413,0.131707,69,71,0.0792108,0.123094,0.117373,1.12151,0,25.4122
25.432,1.81224,0.467874,1.07842,0,0,0,0,69,71,0,0,0,0,0,traj_sz=100
25.4322,1.81224,0.467874,1.07842,1.84203,0.538412,1.16413,0.131707,69,71,0.0762422,0.122896,0.0853174,1.11855,0,25.4322
25.4519,1.81278,0.469125,1.08132,0,0,0,0,69,71,0,0,0,0,0,traj_sz=100
25.452,1.81278,0.469125,1.08132,1.84203,0.538412,1.16413,0.131707,69,71,0.0749022,0.124316,0.0621581,1.11723,0,25.452
25.472,1.81493,0.473322,1.08562,0,0,0,0,69,71,0,0,0,0,0,traj_sz=100
25.4721,1.81493,0.473322,1.08562,1.84203,0.538412,1.16413,0.131707,69,71,0.0702167,0.122414,0.0279508,1.1126,0,25.4721
25.492,1.81539,0.474558,1.08919,0,0,0,0,69,71,0,0,0,0,0,traj_sz=100
25.4922,1.81539,0.474558,1.08919,1.84203,0.538412,1.16413,0.131707,70,71,0.0689322,0.123924,0.3491,1.11135,0,25.4922
25.512,1.81674,0.477423,1.09273,0,0,0,0,70,71,0,0,0,0,0,traj_sz=100
25.5121,1.81674,0.477423,1.09273,1.84203,0.538412,1.16413,0.131707,70,71,0.065785,0.123546,0.3491,1.10826,0,25.5121
25.5319,1.81837,0.480282,1.09814,0,0,0,0,70,71,0,0,0,0,0,traj_sz=100
25.5321,1.81837,0.480282,1.09814,1.86114,0.58279,1.21269,0.132753,70,72,0.11074,0.123048,0.326345,1.105,0,25.5321
25.5521,1.81881,0.481791,1.09802,0,0,0,0,70,72,0,0,0,0,0,traj_sz=100
25.5522,1.81881,0.481791,1.09802,1.86114,0.58279,1.21269,0.132753,70,72,0.109196,0.124329,0.323014,1.10354,0,25.5522
25.572,1.82078,0.485634,1.10348,0,0,0,0,70,72,0,0,0,0,0,traj_sz=100
25.5722,1.82078,0.485634,1.10348,1.86114,0.58279,1.21269,0.132753,70,72,0.104921,0.122803,0.284513,1.0993,0,25.5722
25.5921,1.82172,0.486892,1.10972,0,0,0,0,70,72,0,0,0,0,0,traj_sz=100
25.5924,1.82172,0.486892,1.10972,1.86114,0.58279,1.21269,0.132753,70,72,0.10342,0.124042,0.243892,1.09773,0,25.5924
25.612,1.82302,0.48943,1.1109,0,0,0,0,70,72,0,0,0,0,0,traj_sz=100
25.6121,1.82302,0.48943,1.1109,1.86114,0.58279,1.21269,0.132753,70,72,0.100582,0.123982,0.23575,1.09494,0,25.6121
25.632,1.82405,0.491846,1.11418,0,0,0,0,70,72,0,0,0,0,0,traj_sz=100
25.6321,1.82405,0.491846,1.11418,1.86114,0.58279,1.21269,0.132753,70,72,0.0979809,0.124159,0.209903,1.0924,0,25.6321
25.652,1.82453,0.493066,1.11493,0,0,0,0,70,72,0,0,0,0,0,traj_sz=100
25.6522,1.82453,0.493066,1.11493,1.86114,0.58279,1.21269,0.132753,70,72,0.0966797,0.125651,0.202814,1.09115,0,25.6522
25.672,1.82634,0.496748,1.12083,0,0,0,0,70,72,0,0,0,0,0,traj_sz=100
25.6721,1.82634,0.496748,1.12083,1.86114,0.58279,1.21269,0.132753,70,72,0.0926139,0.124331,0.160042,1.08713,0,25.6721
25.692,1.8271,0.498151,1.12107,0,0,0,0,70,72,0,0,0,0,0,traj_sz=100
25.6921,1.8271,0.498151,1.12107,1.86114,0.58279,1.21269,0.132753,70,72,0.0910226,0.125512,0.15912,1.08556,0,25.6921
25.712,1.82814,0.50058,1.12648,0,0,0,0,70,72,0,0,0,0,0,traj_sz=100
25.7121,1.82814,0.50058,1.12648,1.86114,0.58279,1.21269,0.132753,70,72,0.0884121,0.125643,0.118004,1.08301,0,25.7121
25.732,1.82939,0.503258,1.12899,0,0,0,0,70,72,0,0,0,0,0,traj_sz=100
25.7322,1.82939,0.503258,1.12899,1.86114,0.58279,1.21269,0.132753,70,72,0.0854731,0.125457,0.0987341,1.08014,0,25.7322
25.752,1.82993,0.504357,1.13374,0,0,0,0,70,72,0,0,0,0,0,traj_sz=100
25.7522,1.82993,0.504357,1.13374,1.86114,0.58279,1.21269,0.132753,70,72,0.0842706,0.127003,0.0644718,1.07894,0,25.7522
25.772,1.83159,0.508564,1.13671,0,0,0,0,70,72,0,0,0,0,0,traj_sz=100
25.7721,1.83159,0.508564,1.13671,1.86114,0.58279,1.21269,0.132753,70,72,0.0797706,0.125239,0.0372491,1.07461,0,25.7721
25.7919,1.83234,0.509798,1.14117,0,0,0,0,70,72,0,0,0,0,0,traj_sz=100
25.792,1.83234,0.509798,1.14117,1.86114,0.58279,1.21269,0.132753,70,72,0.0783532,0.126554,0.00703067,1.07317,0,25.792
25.812,1.83331,0.512567,1.14362,0,0,0,0,70,72,0,0,0,0,0,traj_sz=100
25.8122,1.83331,0.512567,1.14362,1.86114,0.58279,1.21269,0.132753,70,72,0.0754433,0.126414,-0.016113,1.07041,0,25.8122
25.8319,1.83446,0.515466,1.14586,0,0,0,0,70,72,0,0,0,0,0,traj_sz=100
25.8321,1.83446,0.515466,1.14586,1.86114,0.58279,1.21269,0.132753,70,72,0.0723336,0.126051,-0.0360732,1.06742,0,25.8321
25.852,1.83533,0.516693,1.14924,0,0,0,0,70,72,0,0,0,0,0,traj_sz=100
25.8521,1.83533,0.516693,1.14924,1.86114,0.58279,1.21269,0.132753,71,72,0.070873,0.12733,0.299214,1.06592,0,25.8521
25.872,1.83704,0.520856,1.1514,0,0,0,0,71,72,0,0,0,0,0,traj_sz=100
25.8721,1.83704,0.520856,1.1514,1.86114,0.58279,1.21269,0.132753,71,72,0.0663806,0.125596,0.282545,1.0616,0,25.8721
25.892,1.83721,0.522323,1.15067,0,0,0,0,71,72,0,0,0,0,0,traj_sz=100
25.8921,1.83721,0.522323,1.15067,1.87821,0.628403,1.25261,0.132183,71,73,0.113576,0.126957,0.281555,1.06035,0,25.8921
25.9121,1.83867,0.525065,1.15315,0,0,0,0,71,73,0,0,0,0,0,traj_sz=100
25.9122,1.83867,0.525065,1.15315,1.87821,0.628403,1.25261,0.132183,71,73,0.110493,0.12662,0.26742,1.0573,0,25.9122
25.932,1.83955,0.52751,1.1536,0,0,0,0,71,73,0,0,0,0,0,traj_sz=100
25.9321,1.83955,0.52751,1.1536,1.87821,0.628403,1.25261,0.132183,71,73,0.107905,0.126779,0.261808,1.05484,0,25.9321
25.952,1.84012,0.528538,1.1554,0,0,0,0,71,73,0,0,0,0,0,traj_sz=100
25.9521,1.84012,0.528538,1.1554,1.87821,0.628403,1.25261,0.132183,71,73,0.106745,0.128358,0.25058,1.05368,0,25.9521
25.9721,1.84129,0.530781,1.1571,0,0,0,0,71,73,0,0,0,0,0,traj_sz=100
25.9723,1.84129,0.530781,1.1571,1.87821,0.628403,1.25261,0.132183,71,73,0.104228,0.128619,0.241175,1.0512,0,25.9723
25.9919,1.84226,0.533071,1.15842,0,0,0,0,71,73,0,0,0,0,0,traj_sz=100
25.9921,1.84226,0.533071,1.15842,1.87821,0.628403,1.25261,0.132183,71,73,0.10175,0.12886,0.231418,1.04881,0,25.9921
26.012,1.84307,0.535202,1.15967,0,0,0,0,71,73,0,0,0,0,0,traj_sz=100
26.0121,1.84307,0.535202,1.15967,1.87821,0.628403,1.25261,0.132183,71,73,0.0994775,0.129338,0.221026,1.04664,0,26.0121
26.032,1.8439,0.537733,1.16058,0,0,0,0,71,73,0,0,0,0,0,traj_sz=100
26.0322,1.8439,0.537733,1.16058,1.87821,0.628403,1.25261,0.132183,71,73,0.0968316,0.129458,0.210806,1.04415,0,26.0322
26.052,1.84464,0.539083,1.16225,0,0,0,0,71,73,0,0,0,0,0,traj_sz=100
26.0521,1.84464,0.539083,1.16225,1.87821,0.628403,1.25261,0.132183,71,73,0.0953074,0.130655,0.200964,1.04264,0,26.0521
26.0719,1.84528,0.541416,1.16542,0,0,0,0,71,73,0,0,0,0,0,traj_sz=100
26.072,1.84528,0.541416,1.16542,1.87821,0.628403,1.25261,0.132183,71,73,0.0929253,0.130937,0.173076,1.04042,0,26.072
26.092,1.84646,0.543874,1.16955,0,0,0,0,71,73,0,0,0,0,0,traj_sz=100
26.0921,1.84646,0.543874,1.16955,1.87821,0.628403,1.25261,0.132183,71,73,0.0902139,0.130916,0.145144,1.03776,0,26.0921
26.112,1.84748,0.546302,1.17301,0,0,0,0,71,73,0,0,0,0,0,traj_sz=100
26.1122,1.84748,0.546302,1.17301,1.87821,0.628403,1.25261,0.132183,71,73,0.0875928,0.130987,0.119916,1.03523,0,26.1122
26.132,1.84851,0.548973,1.17573,0,0,0,0,71,73,0,0,0,0,0,traj_sz=100
26.1322,1.84851,0.548973,1.17573,1.87821,0.628403,1.25261,0.132183,71,73,0.0847406,0.130826,0.0986231,1.03251,0,26.1322
26.1521,1.84897,0.550437,1.17703,0,0,0,0,71,73,0,0,0,0,0,traj_sz=100
26.1523,1.84897,0.550437,1.17703,1.87821,0.628403,1.25261,0.132183,71,73,0.0832183,0.132009,0.086891,1.03109,0,26.1523
26.172,1.85053,0.554771,1.18143,0,0,0,0,71,73,0,0,0,0,0,traj_sz=100
26.172,1.85053,0.554771,1.18143,1.87821,0.628403,1.25261,0.132183,71,73,0.0786296,0.130071,0.050908,1.02675,0,26.172
26.192,1.85125,0.556343,1.18455,0,0,0,0,71,73,0,0,0,0,0,traj_sz=100
26.1921,1.85125,0.556343,1.18455,1.87821,0.628403,1.25261,0.132183,71,73,0.0769089,0.131046,0.0290889,1.02507,0,26.1921
26.212,1.852,0.559535,1.18551,0,0,0,0,71,73,0,0,0,0,0,traj_sz=100
26.2121,1.852,0.559535,1.18551,1.87821,0.628403,1.25261,0.132183,71,73,0.0736686,0.130492,0.0136203,1.02212,0,26.2121
26.232,1.85357,0.56244,1.19276,0,0,0,0,71,73,0,0,0,0,0,traj_sz=100
26.2323,1.85357,0.56244,1.19276,1.87821,0.628403,1.25261,0.132183,72,73,0.0704002,0.129923,0.275234,1.01888,0,26.2323
26.2521,1.85364,0.563768,1.19351,0,0,0,0,72,73,0,0,0,0,0,traj_sz=100
26.2522,1.85364,0.563768,1.19351,1.87821,0.628403,1.25261,0.132183,72,73,0.0691407,0.131349,0.263813,1.01781,0,26.2522
26.2721,1.85529,0.568159,1.1952,0,0,0,0,72,73,0,0,0,0,0,traj_sz=100
26.2723,1.85529,0.568159,1.1952,1.89338,0.674463,1.28241,0.130748,72,74,0.112865,0.129363,0.251788,1.01337,0,26.2723
26.2921,1.85598,0.56961,1.19587,0,0,0,0,72,74,0,0,0,0,0,traj_sz=100
26.2923,1.85598,0.56961,1.19587,1.89338,0.674463,1.28241,0.130748,72,74,0.111266,0.130459,0.248901,1.01182,0,26.2923
26.3121,1.85718,0.572686,1.19903,0,0,0,0,72,74,0,0,0,0,0,traj_sz=100
26.3122,1.85718,0.572686,1.19903,1.89338,0.674463,1.28241,0.130748,72,74,0.107976,0.129835,0.226813,1.00868,0,26.3122
26.332,1.85825,0.575293,1.20192,0,0,0,0,72,74,0,0,0,0,0,traj_sz=100
26.3321,1.85825,0.575293,1.20192,1.89338,0.674463,1.28241,0.130748,72,74,0.105167,0.129698,0.207345,1.00599,0,26.3321
26.3521,1.85848,0.576676,1.20125,0,0,0,0,72,74,0,0,0,0,0,traj_sz=100
26.3522,1.85848,0.576676,1.20125,1.89338,0.674463,1.28241,0.130748,72,74,0.103791,0.131026,0.208203,1.00478,0,26.3522
26.372,1.8601,0.580852,1.20342,0,0,0,0,72,74,0,0,0,0,0,traj_sz=100
26.3721,1.8601,0.580852,1.20342,1.89338,0.674463,1.28241,0.130748,72,74,0.0993197,0.129216,0.193316,1.00053,0,26.3721
26.392,1.8604,0.582497,1.20266,0,0,0,0,72,74,0,0,0,0,0,traj_sz=100
26.3921,1.8604,0.582497,1.20266,1.89338,0.674463,1.28241,0.130748,72,74,0.0976746,0.130266,0.194404,0.999077,0,26.3921
26.412,1.86165,0.585047,1.2075,0,0,0,0,72,74,0,0,0,0,0,traj_sz=100
26.4121,1.86165,0.585047,1.2075,1.89338,0.674463,1.28241,0.130748,72,74,0.094855,0.130126,0.163701,0.996315,0,26.4121
26.4319,1.86253,0.587794,1.20983,0,0,0,0,72,74,0,0,0,0,0,traj_sz=100
26.4321,1.86253,0.587794,1.20983,1.89338,0.674463,1.28241,0.130748,72,74,0.091981,0.129864,0.144846,0.993646,0,26.4321
26.4519,1.8628,0.58919,1.21159,0,0,0,0,72,74,0,0,0,0,0,traj_sz=100
26.4521,1.8628,0.58919,1.21159,1.89338,0.674463,1.28241,0.130748,72,74,0.0905819,0.131094,0.128594,0.992402,0,26.4521
26.472,1.86453,0.59339,1.21726,0,0,0,0,72,74,0,0,0,0,0,traj_sz=100
26.472,1.86453,0.59339,1.21726,1.89338,0.674463,1.28241,0.130748,72,74,0.0860465,0.129169,0.0901274,0.988067,0,26.472
26.4921,1.86457,0.595041,1.21768,0,0,0,0,72,74,0,0,0,0,0,traj_sz=100
26.4922,1.86457,0.595041,1.21768,1.89338,0.674463,1.28241,0.130748,72,74,0.0844851,0.130251,0.078918,0.98678,0,26.4922
26.5155,1.86557,0.597943,1.22062,0,0,0,0,72,74,0,0,0,0,0,traj_sz=100
26.5158,1.86557,0.597943,1.22062,1.89338,0.674463,1.28241,0.130748,72,74,0.0814179,0.130261,0.0564868,0.983919,0,26.5158
26.532,1.86683,0.600911,1.22509,0,0,0,0,72,74,0,0,0,0,0,traj_sz=100
26.5323,1.86683,0.600911,1.22509,1.89338,0.674463,1.28241,0.130748,72,74,0.0781982,0.129209,0.026397,0.980837,0,26.5323
26.5519,1.86714,0.602408,1.22523,0,0,0,0,72,74,0,0,0,0,0,traj_sz=100
26.5521,1.86714,0.602408,1.22523,1.89338,0.674463,1.28241,0.130748,72,74,0.0766847,0.130294,0.0218811,0.979494,0,26.5521
26.5719,1.86867,0.606811,1.23062,0,0,0,0,72,74,0,0,0,0,0,traj_sz=100
26.572,1.86867,0.606811,1.23062,1.89338,0.674463,1.28241,0.130748,73,74,0.0720187,0.128248,0.227063,0.975142,0,26.572
26.5919,1.86933,0.608357,1.2328,0,0,0,0,73,74,0,0,0,0,0,traj_sz=100
26.5921,1.86933,0.608357,1.2328,1.89338,0.674463,1.28241,0.130748,73,74,0.0703419,0.129199,0.213412,0.973542,0,26.5921
26.612,1.8703,0.61149,1.23395,0,0,0,0,73,74,0,0,0,0,0,traj_sz=100
26.6124,1.8703,0.61149,1.23395,1.89338,0.674463,1.28241,0.130748,73,74,0.067063,0.128572,0.204251,0.970527,0,26.6124
26.632,1.87089,0.612905,1.23739,0,0,0,0,73,74,0,0,0,0,0,traj_sz=100
26.6321,1.87089,0.612905,1.23739,1.90702,0.72045,1.30131,0.129076,73,75,0.113447,0.129638,0.181289,0.969067,0,26.6321
26.6521,1.87183,0.615634,1.24014,0,0,0,0,73,75,0,0,0,0,0,traj_sz=100
26.6522,1.87183,0.615634,1.24014,1.90702,0.72045,1.30131,0.129076,73,75,0.110562,0.12938,0.162132,0.966378,0,26.6522
26.672,1.87263,0.619308,1.24008,0,0,0,0,73,75,0,0,0,0,0,traj_sz=100
26.6721,1.87263,0.619308,1.24008,1.90702,0.72045,1.30131,0.129076,73,75,0.106827,0.128251,0.156781,0.963068,0,26.6721
26.692,1.87336,0.620438,1.24322,0,0,0,0,73,75,0,0,0,0,0,traj_sz=100
26.6921,1.87336,0.620438,1.24322,1.90702,0.72045,1.30131,0.129076,73,75,0.105524,0.129572,0.139186,0.961737,0,26.6921
26.7119,1.8741,0.622835,1.2446,0,0,0,0,73,75,0,0,0,0,0,traj_sz=100
26.712,1.8741,0.622835,1.2446,1.90702,0.72045,1.30131,0.129076,73,75,0.103017,0.129674,0.128521,0.959438,0,26.712
26.7319,1.8748,0.625304,1.24692,0,0,0,0,73,75,0,0,0,0,0,traj_sz=100
26.7321,1.8748,0.625304,1.24692,1.90702,0.72045,1.30131,0.129076,73,75,0.100452,0.129731,0.110308,0.957108,0,26.7321
26.752,1.87493,0.626541,1.24639,0,0,0,0,73,75,0,0,0,0,0,traj_sz=100
26.7522,1.87493,0.626541,1.24639,1.90702,0.72045,1.30131,0.129076,73,75,0.099241,0.131151,0.110004,0.956092,0,26.7522
26.7719,1.87559,0.629165,1.24764,0,0,0,0,73,75,0,0,0,0,0,traj_sz=100
26.7721,1.87559,0.629165,1.24764,1.90702,0.72045,1.30131,0.129076,73,75,0.0965413,0.131055,0.098182,0.953673,0,26.7721
26.792,1.87642,0.631871,1.25116,0,0,0,0,73,75,0,0,0,0,0,traj_sz=100
26.7921,1.87642,0.631871,1.25116,1.90702,0.72045,1.30131,0.129076,73,75,0.0937079,0.130817,0.0719708,0.951085,0,26.7921
26.812,1.87746,0.634632,1.25492,0,0,0,0,73,75,0,0,0,0,0,traj_sz=100
26.8121,1.87746,0.634632,1.25492,1.90702,0.72045,1.30131,0.129076,73,75,0.0907549,0.130423,0.0467564,0.948318,0,26.8121
26.832,1.87807,0.637659,1.25516,0,0,0,0,73,75,0,0,0,0,0,traj_sz=100
26.8321,1.87807,0.637659,1.25516,1.90702,0.72045,1.30131,0.129076,73,75,0.0876875,0.129928,0.0394984,0.945635,0,26.8321
26.852,1.87896,0.639081,1.25866,0,0,0,0,73,75,0,0,0,0,0,traj_sz=100
26.8521,1.87896,0.639081,1.25866,1.90702,0.72045,1.30131,0.129076,73,75,0.0860546,0.130857,0.0202906,0.94398,0,26.8521
26.8719,1.87973,0.643827,1.25948,0,0,0,0,73,75,0,0,0,0,0,traj_sz=100
26.872,1.87973,0.643827,1.25948,1.90702,0.72045,1.30131,0.129076,73,75,0.0812991,0.128648,0.003137,0.939902,0,26.872
26.892,1.88051,0.645266,1.26449,0,0,0,0,73,75,0,0,0,0,0,traj_sz=100
26.8921,1.88051,0.645266,1.26449,1.90702,0.72045,1.30131,0.129076,73,75,0.0796777,0.129615,-0.0285396,0.938304,0,26.8921
26.912,1.88131,0.648142,1.26519,0,0,0,0,73,75,0,0,0,0,0,traj_sz=100
26.9121,1.88131,0.648142,1.26519,1.90702,0.72045,1.30131,0.129076,73,75,0.0766922,0.129193,-0.0357006,0.935616,0,26.9121
26.932,1.88172,0.649448,1.26751,0,0,0,0,73,75,0,0,0,0,0,traj_sz=100
26.9322,1.88172,0.649448,1.26751,1.90702,0.72045,1.30131,0.129076,73,75,0.0753161,0.130392,-0.0526725,0.934365,0,26.9322
26.952,1.88242,0.652422,1.26734,0,0,0,0,73,75,0,0,0,0,0,traj_sz=100
26.952,1.88242,0.652422,1.26734,1.90702,0.72045,1.30131,0.129076,73,75,0.0722719,0.12989,-0.0555714,0.931678,0,26.952
26.9719,1.88349,0.656929,1.26632,0,0,0,0,73,75,0,0,0,0,0,traj_sz=100
26.972,1.88349,0.656929,1.26632,1.90702,0.72045,1.30131,0.129076,74,75,0.0676533,0.127818,0.121231,0.927595,0,26.972
26.9921,1.88401,0.658361,1.26792,0,0,0,0,74,75,0,0,0,0,0,traj_sz=100
26.9923,1.88401,0.658361,1.26792,1.90702,0.72045,1.30131,0.129076,74,75,0.0661265,0.128887,0.111122,0.92618,0,26.9923
27.012,1.8848,0.661363,1.26865,0,0,0,0,74,75,0,0,0,0,0,traj_sz=100
27.0121,1.8848,0.661363,1.26865,1.91963,0.766095,1.30894,0.127646,74,76,0.110351,0.128325,0.104454,0.92341,0,27.0121
27.032,1.88569,0.664189,1.2699,0,0,0,0,74,76,0,0,0,0,0,traj_sz=100
27.0321,1.88569,0.664189,1.2699,1.91963,0.766095,1.30894,0.127646,74,76,0.107385,0.127928,0.0962172,0.920711,0,27.0321
27.0521,1.88641,0.665598,1.27079,0,0,0,0,74,76,0,0,0,0,0,traj_sz=100
27.0522,1.88641,0.665598,1.27079,1.91963,0.766095,1.30894,0.127646,74,76,0.105826,0.128937,0.0941068,0.919183,0,27.0522
27.072,1.88712,0.66983,1.26987,0,0,0,0,74,76,0,0,0,0,0,traj_sz=100
27.0721,1.88712,0.66983,1.26987,1.91963,0.766095,1.30894,0.127646,74,76,0.101576,0.127231,0.0927906,0.915565,0,27.0721
27.092,1.88793,0.671237,1.27057,0,0,0,0,74,76,0,0,0,0,0,traj_sz=100
27.0923,1.88793,0.671237,1.27057,1.91963,0.766095,1.30894,0.127646,74,76,0.0999887,0.128214,0.0934766,0.913972,0,27.0923
27.1121,1.88859,0.674066,1.26914,0,0,0,0,74,76,0,0,0,0,0,traj_sz=100
27.1122,1.88859,0.674066,1.26914,1.91963,0.766095,1.30894,0.127646,74,76,0.0970941,0.127873,0.101252,0.911429,0,27.1122
27.1319,1.88938,0.676888,1.27046,0,0,0,0,74,76,0,0,0,0,0,traj_sz=100
27.132,1.88938,0.676888,1.27046,1.91963,0.766095,1.30894,0.127646,74,76,0.0941625,0.127478,0.0910479,0.90881,0,27.132
27.152,1.88963,0.678117,1.27116,0,0,0,0,74,76,0,0,0,0,0,traj_sz=100
27.1521,1.88963,0.678117,1.27116,1.91963,0.766095,1.30894,0.127646,74,76,0.0929135,0.128793,0.0842997,0.907733,0,27.1521
27.172,1.89114,0.682295,1.27309,0,0,0,0,74,76,0,0,0,0,0,traj_sz=100
27.1721,1.89114,0.682295,1.27309,1.91963,0.766095,1.30894,0.127646,74,76,0.0884705,0.126868,0.0743251,0.903626,0,27.1721
27.192,1.89132,0.683684,1.27342,0,0,0,0,74,76,0,0,0,0,0,traj_sz=100
27.1921,1.89132,0.683684,1.27342,1.91963,0.766095,1.30894,0.127646,74,76,0.0870889,0.128006,0.0685863,0.902479,0,27.1921
27.212,1.89197,0.686436,1.27332,0,0,0,0,74,76,0,0,0,0,0,traj_sz=100
27.2121,1.89197,0.686436,1.27332,1.91963,0.766095,1.30894,0.127646,74,76,0.0842686,0.127701,0.0669163,0.900011,0,27.2121
27.2321,1.8926,0.687754,1.27407,0,0,0,0,74,76,0,0,0,0,0,traj_sz=100
27.2322,1.8926,0.687754,1.27407,1.91963,0.766095,1.30894,0.127646,74,76,0.0828194,0.128793,0.0650305,0.89861,0,27.2322
27.2519,1.89356,0.690469,1.2764,0,0,0,0,74,76,0,0,0,0,0,traj_sz=100
27.2521,1.89356,0.690469,1.2764,1.91963,0.766095,1.30894,0.127646,74,76,0.0799359,0.128419,0.0504279,0.895962,0,27.2521
27.272,1.89436,0.694672,1.27581,0,0,0,0,74,76,0,0,0,0,0,traj_sz=100
27.2721,1.89436,0.694672,1.27581,1.91963,0.766095,1.30894,0.127646,74,76,0.0756829,0.126679,0.0483104,0.892328,0,27.2721
27.292,1.89509,0.695913,1.27826,0,0,0,0,74,76,0,0,0,0,0,traj_sz=100
27.2921,1.89509,0.695913,1.27826,1.91963,0.766095,1.30894,0.127646,74,76,0.0742782,0.127805,0.0357889,0.890926,0,27.2921
27.312,1.89583,0.698651,1.27783,0,0,0,0,74,76,0,0,0,0,0,traj_sz=100
27.3121,1.89583,0.698651,1.27783,1.91963,0.766095,1.30894,0.127646,74,76,0.0714445,0.127491,0.0377752,0.888415,0,27.3121
27.332,1.8959,0.70007,1.27751,0,0,0,0,74,76,0,0,0,0,0,traj_sz=100
27.3321,1.8959,0.70007,1.27751,1.91963,0.766095,1.30894,0.127646,75,76,0.0700668,0.128629,0.132082,0.887327,0,27.3321
27.3519,1.89667,0.702733,1.27877,0,0,0,0,75,76,0,0,0,0,0,traj_sz=100
27.3521,1.89667,0.702733,1.27877,1.91963,0.766095,1.30894,0.127646,75,76,0.0672883,0.128365,0.123635,0.884849,0,27.3521
27.3719,1.89818,0.706901,1.28137,0,0,0,0,75,76,0,0,0,0,0,traj_sz=100
27.372,1.89818,0.706901,1.28137,1.93176,0.811328,1.30519,0.126669,75,77,0.109666,0.126453,0.110137,0.880772,0,27.372
27.3921,1.89828,0.708158,1.2819,0,0,0,0,75,77,0,0,0,0,0,traj_sz=100
27.3921,1.89828,0.708158,1.2819,1.93176,0.811328,1.30519,0.126669,75,77,0.108432,0.127755,0.102677,0.879788,0,27.3921
27.4122,1.8989,0.710896,1.28155,0,0,0,0,75,77,0,0,0,0,0,traj_sz=100
27.4124,1.8989,0.710896,1.28155,1.93176,0.811328,1.30519,0.126669,75,77,0.105633,0.127498,0.103227,0.877369,0,27.4124
27.4319,1.89971,0.713649,1.28266,0,0,0,0,75,77,0,0,0,0,0,traj_sz=100
27.4321,1.89971,0.713649,1.28266,1.93176,0.811328,1.30519,0.126669,75,77,0.102761,0.127113,0.0958776,0.874811,0,27.4321
27.4521,1.90033,0.715005,1.28343,0,0,0,0,75,77,0,0,0,0,0,traj_sz=100
27.4522,1.90033,0.715005,1.28343,1.93176,0.811328,1.30519,0.126669,75,77,0.101283,0.128175,0.0938643,0.873401,0,27.4522
27.472,1.90122,0.719038,1.28449,0,0,0,0,75,77,0,0,0,0,0,traj_sz=100
27.4722,1.90122,0.719038,1.28449,1.93176,0.811328,1.30519,0.126669,75,77,0.0971578,0.12656,0.0831169,0.869856,0,27.4722
27.4921,1.90185,0.720312,1.28726,0,0,0,0,75,77,0,0,0,0,0,traj_sz=100
27.4922,1.90185,0.720312,1.28726,1.93176,0.811328,1.30519,0.126669,75,77,0.0957505,0.127687,0.0671186,0.868502,0,27.4922
27.5121,1.90241,0.722952,1.28888,0,0,0,0,75,77,0,0,0,0,0,traj_sz=100
27.5122,1.90241,0.722952,1.28888,1.93176,0.811328,1.30519,0.126669,75,77,0.0930509,0.127508,0.0531249,0.866197,0,27.5122
27.532,1.90307,0.725634,1.2887,0,0,0,0,75,77,0,0,0,0,0,traj_sz=100
27.5321,1.90307,0.725634,1.2887,1.93176,0.811328,1.30519,0.126669,75,77,0.0902941,0.127238,0.0531427,0.863807,0,27.5321
27.5521,1.90331,0.726996,1.28752,0,0,0,0,75,77,0,0,0,0,0,traj_sz=100
27.5522,1.90331,0.726996,1.28752,1.93176,0.811328,1.30519,0.126669,75,77,0.0889235,0.128381,0.0596427,0.862656,0,27.5522
27.572,1.90446,0.731064,1.29039,0,0,0,0,75,77,0,0,0,0,0,traj_sz=100
27.5721,1.90446,0.731064,1.29039,1.93176,0.811328,1.30519,0.126669,75,77,0.0846834,0.126642,0.0394434,0.858922,0,27.5721
27.5919,1.90465,0.732327,1.2909,0,0,0,0,75,77,0,0,0,0,0,traj_sz=100
27.592,1.90465,0.732327,1.2909,1.93176,0.811328,1.30519,0.126669,75,77,0.0834164,0.127863,0.0333956,0.857884,0,27.592
27.612,1.90544,0.734885,1.29257,0,0,0,0,75,77,0,0,0,0,0,traj_sz=100
27.6121,1.90544,0.734885,1.29257,1.93176,0.811328,1.30519,0.126669,75,77,0.0807314,0.127701,0.0226369,0.855492,0,27.6121
27.6322,1.90606,0.737689,1.29296,0,0,0,0,75,77,0,0,0,0,0,traj_sz=100
27.6323,1.90606,0.737689,1.29296,1.93176,0.811328,1.30519,0.126669,75,77,0.0778631,0.127363,0.0175981,0.853045,0,27.6323
27.652,1.90656,0.738934,1.29663,0,0,0,0,75,77,0,0,0,0,0,traj_sz=100
27.6521,1.90656,0.738934,1.29663,1.93176,0.811328,1.30519,0.126669,75,77,0.0765138,0.128511,-0.00662198,0.851808,0,27.6521
27.672,1.90746,0.742991,1.29628,0,0,0,0,75,77,0,0,0,0,0,traj_sz=100
27.6721,1.90746,0.742991,1.29628,1.93176,0.811328,1.30519,0.126669,75,77,0.0723645,0.126854,-0.00718921,0.848269,0,27.6721
27.6923,1.90785,0.744382,1.29779,0,0,0,0,75,77,0,0,0,0,0,traj_sz=100
27.6923,1.90785,0.744382,1.29779,1.93176,0.811328,1.30519,0.126669,75,77,0.0709142,0.127941,-0.0180436,0.847006,0,27.6923
27.7121,1.90865,0.746984,1.29863,0,0,0,0,75,77,0,0,0,0,0,traj_sz=100
27.7122,1.90865,0.746984,1.29863,1.93176,0.811328,1.30519,0.126669,76,77,0.0681872,0.127702,-0.00466334,0.844583,0,27.7122
27.732,1.90938,0.749764,1.30081,0,0,0,0,76,77,0,0,0,0,0,traj_sz=100
27.7322,1.90938,0.749764,1.30081,1.93176,0.811328,1.30519,0.126669,76,77,0.0653037,0.127327,-0.0206874,0.842092,0,27.7322
27.752,1.90944,0.75124,1.29866,0,0,0,0,76,77,0,0,0,0,0,traj_sz=100
27.7521,1.90944,0.75124,1.29866,1.93176,0.811328,1.30519,0.126669,76,77,0.0638768,0.128387,-0.0100267,0.840998,0,27.7521
27.7721,1.9107,0.755396,1.30212,0,0,0,0,76,77,0,0,0,0,0,traj_sz=100
27.7722,1.9107,0.755396,1.30212,1.94395,0.856169,1.28997,0.126136,76,78,0.105984,0.12656,-0.0327903,0.837155,0,27.7722
27.792,1.91092,0.756864,1.30134,0,0,0,0,76,78,0,0,0,0,0,traj_sz=100
27.7921,1.91092,0.756864,1.30134,1.94395,0.856169,1.28997,0.126136,76,78,0.104514,0.127572,-0.0296468,0.835957,0,27.7921
27.8119,1.91156,0.759802,1.30102,0,0,0,0,76,78,0,0,0,0,0,traj_sz=100
27.8121,1.91156,0.759802,1.30102,1.94395,0.856169,1.28997,0.126136,76,78,0.101513,0.127066,-0.0294665,0.83342,0,27.8121
27.832,1.91232,0.762618,1.30146,0,0,0,0,76,78,0,0,0,0,0,traj_sz=100
27.8321,1.91232,0.762618,1.30146,1.94395,0.856169,1.28997,0.126136,76,78,0.0985939,0.126654,-0.0326038,0.830893,0,27.8321
27.852,1.91277,0.764133,1.30234,0,0,0,0,76,78,0,0,0,0,0,traj_sz=100
27.8522,1.91277,0.764133,1.30234,1.94395,0.856169,1.28997,0.126136,76,78,0.0970102,0.127584,-0.0383694,0.829507,0,27.8522
27.872,1.9137,0.768365,1.30169,0,0,0,0,76,78,0,0,0,0,0,traj_sz=100
27.8722,1.9137,0.768365,1.30169,1.94395,0.856169,1.28997,0.126136,76,78,0.0926862,0.125758,-0.0365482,0.82586,0,27.8722
27.8921,1.9141,0.769911,1.30206,0,0,0,0,76,78,0,0,0,0,0,traj_sz=100
27.8923,1.9141,0.769911,1.30206,1.94395,0.856169,1.28997,0.126136,76,78,0.0910865,0.126673,-0.0394014,0.824487,0,27.8923
27.9119,1.91473,0.772634,1.30115,0,0,0,0,76,78,0,0,0,0,0,traj_sz=100
27.912,1.91473,0.772634,1.30115,1.94395,0.856169,1.28997,0.126136,76,78,0.0883003,0.126351,-0.0343643,0.822127,0,27.912
27.932,1.91536,0.775617,1.2989,0,0,0,0,76,78,0,0,0,0,0,traj_sz=100
27.9321,1.91536,0.775617,1.2989,1.94395,0.856169,1.28997,0.126136,76,78,0.0852716,0.125812,-0.0206522,0.819587,0,27.9321
27.952,1.91601,0.77688,1.30259,0,0,0,0,76,78,0,0,0,0,0,traj_sz=100
27.9522,1.91601,0.77688,1.30259,1.94395,0.856169,1.28997,0.126136,76,78,0.0838595,0.126941,-0.0427263,0.818239,0,27.9522
27.972,1.91671,0.781245,1.2983,0,0,0,0,76,78,0,0,0,0,0,traj_sz=100
27.9722,1.91671,0.781245,1.2983,1.94395,0.856169,1.28997,0.126136,76,78,0.0794896,0.125039,-0.0185263,0.814681,0,27.9722
27.992,1.91741,0.782576,1.30248,0,0,0,0,76,78,0,0,0,0,0,traj_sz=100
27.9921,1.91741,0.782576,1.30248,1.94395,0.856169,1.28997,0.126136,76,78,0.0779955,0.126069,-0.0437103,0.813253,0,27.9921
28.0121,1.91796,0.785473,1.29904,0,0,0,0,76,78,0,0,0,0,0,traj_sz=100
28.0122,1.91796,0.785473,1.29904,1.94395,0.856169,1.28997,0.126136,76,78,0.0750775,0.125641,-0.0221677,0.810838,0,28.0122
28.032,1.91819,0.786813,1.29867,0,0,0,0,76,78,0,0,0,0,0,traj_sz=100
28.0321,1.91819,0.786813,1.29867,1.94395,0.856169,1.28997,0.126136,76,78,0.0737287,0.126773,-0.0214863,0.809745,0,28.0321
28.052,1.91871,0.789517,1.29914,0,0,0,0,76,78,0,0,0,0,0,traj_sz=100
28.0522,1.91871,0.789517,1.29914,1.94395,0.856169,1.28997,0.126136,76,78,0.0709809,0.126537,-0.027796,0.807491,0,28.0522
28.072,1.9194,0.79216,1.29818,0,0,0,0,76,78,0,0,0,0,0,traj_sz=100
28.0721,1.9194,0.79216,1.29818,1.94395,0.856169,1.28997,0.126136,77,78,0.0682557,0.126294,-0.08236,0.805161,0,28.0721
28.092,1.92017,0.794849,1.29886,0,0,0,0,77,78,0,0,0,0,0,traj_sz=100
28.0921,1.92017,0.794849,1.29886,1.94395,0.856169,1.28997,0.126136,77,78,0.0654535,0.126005,-0.0866835,0.802742,0,28.0921
28.1119,1.92079,0.797617,1.29743,0,0,0,0,77,78,0,0,0,0,0,traj_sz=100
28.112,1.92079,0.797617,1.29743,1.95678,0.900632,1.26323,0.12591,77,79,0.108906,0.125655,-0.0782605,0.800381,0,28.112
28.132,1.92151,0.800483,1.29753,0,0,0,0,77,79,0,0,0,0,0,traj_sz=100
28.1322,1.92151,0.800483,1.29753,1.95678,0.900632,1.26323,0.12591,77,79,0.105953,0.125221,-0.0799269,0.797887,0,28.1322
28.152,1.92207,0.801897,1.29753,0,0,0,0,77,79,0,0,0,0,0,traj_sz=100
28.1524,1.92207,0.801897,1.29753,1.95678,0.900632,1.26323,0.12591,77,79,0.104438,0.126216,-0.0772989,0.796502,0,28.1524
28.1719,1.92285,0.806268,1.29578,0,0,0,0,77,79,0,0,0,0,0,traj_sz=100
28.172,1.92285,0.806268,1.29578,1.95678,0.900632,1.26323,0.12591,77,79,0.100034,0.124273,-0.0707151,0.792939,0,28.172
28.1919,1.92353,0.807648,1.29598,0,0,0,0,77,79,0,0,0,0,0,traj_sz=100
28.192,1.92353,0.807648,1.29598,1.95678,0.900632,1.26323,0.12591,77,79,0.0985165,0.125265,-0.0676383,0.791492,0,28.192
28.2119,1.92413,0.810514,1.29562,0,0,0,0,77,79,0,0,0,0,0,traj_sz=100
28.2121,1.92413,0.810514,1.29562,1.95678,0.900632,1.26323,0.12591,77,79,0.0955999,0.124851,-0.0677028,0.789097,0,28.2121
28.232,1.92475,0.811929,1.29579,0,0,0,0,77,79,0,0,0,0,0,traj_sz=100
28.2322,1.92475,0.811929,1.29579,1.95678,0.900632,1.26323,0.12591,77,79,0.0940688,0.125834,-0.0655993,0.787678,0,28.2322
28.2519,1.92545,0.814698,1.29508,0,0,0,0,77,79,0,0,0,0,0,traj_sz=100
28.252,1.92545,0.814698,1.29508,1.95678,0.900632,1.26323,0.12591,77,79,0.0912176,0.125459,-0.0611432,0.785274,0,28.252
28.2721,1.92615,0.818959,1.29282,0,0,0,0,77,79,0,0,0,0,0,traj_sz=100
28.2723,1.92615,0.818959,1.29282,1.95678,0.900632,1.26323,0.12591,77,79,0.0869426,0.123705,-0.0515891,0.781862,0,28.2723
28.292,1.9268,0.820364,1.29175,0,0,0,0,77,79,0,0,0,0,0,traj_sz=100
28.2921,1.9268,0.820364,1.29175,1.95678,0.900632,1.26323,0.12591,77,79,0.0854192,0.124672,-0.039918,0.780427,0,28.2921
28.312,1.92759,0.822973,1.29206,0,0,0,0,77,79,0,0,0,0,0,traj_sz=100
28.3122,1.92759,0.822973,1.29206,1.95678,0.900632,1.26323,0.12591,77,79,0.0826933,0.124461,-0.0410721,0.778082,0,28.3122
28.332,1.9283,0.825595,1.29123,0,0,0,0,77,79,0,0,0,0,0,traj_sz=100
28.3321,1.9283,0.825595,1.29123,1.95678,0.900632,1.26323,0.12591,77,79,0.0799841,0.124249,-0.03516,0.775788,0,28.3321
28.352,1.9282,0.827049,1.28858,0,0,0,0,77,79,0,0,0,0,0,traj_sz=100
28.3521,1.9282,0.827049,1.28858,1.95678,0.900632,1.26323,0.12591,77,79,0.0786325,0.125379,-0.0232414,0.774879,0,28.3521
28.3719,1.92964,0.831044,1.28978,0,0,0,0,77,79,0,0,0,0,0,traj_sz=100
28.3721,1.92964,0.831044,1.28978,1.95678,0.900632,1.26323,0.12591,77,79,0.0743846,0.123654,-0.0266953,0.771118,0,28.3721
28.392,1.92958,0.83248,1.28565,0,0,0,0,77,79,0,0,0,0,0,traj_sz=100
28.3921,1.92958,0.83248,1.28565,1.95678,0.900632,1.26323,0.12591,77,79,0.0730516,0.124806,-0.00349646,0.770199,0,28.3921
28.4119,1.93022,0.83503,1.28482,0,0,0,0,77,79,0,0,0,0,0,traj_sz=100
28.412,1.93022,0.83503,1.28482,1.95678,0.900632,1.26323,0.12591,77,79,0.0704303,0.124669,0.00165424,0.768013,0,28.412
28.432,1.93082,0.837684,1.28337,0,0,0,0,77,79,0,0,0,0,0,traj_sz=100
28.4322,1.93082,0.837684,1.28337,1.95678,0.900632,1.26323,0.12591,78,79,0.0677252,0.124489,-0.130167,0.76579,0,28.4322
28.452,1.93152,0.838803,1.28599,0,0,0,0,78,79,0,0,0,0,0,traj_sz=100
28.4522,1.93152,0.838803,1.28599,1.95678,0.900632,1.26323,0.12591,78,79,0.0664348,0.125727,-0.143535,0.764519,0,28.4522
28.472,1.93224,0.843027,1.28244,0,0,0,0,78,79,0,0,0,0,0,traj_sz=100
28.4721,1.93224,0.843027,1.28244,1.97076,0.944656,1.225,0.125779,78,80,0.108388,0.123971,-0.125204,0.761167,0,28.4721
28.492,1.93304,0.844274,1.28414,0,0,0,0,78,80,0,0,0,0,0,traj_sz=100
28.4921,1.93304,0.844274,1.28414,1.97076,0.944656,1.225,0.125779,78,80,0.106951,0.125063,-0.131114,0.759737,0,28.4921
28.5119,1.93369,0.847168,1.28196,0,0,0,0,78,80,0,0,0,0,0,traj_sz=100
28.512,1.93369,0.847168,1.28196,1.97076,0.944656,1.225,0.125779,78,80,0.104008,0.124595,-0.118054,0.757327,0,28.512
28.5319,1.93442,0.849875,1.28215,0,0,0,0,78,80,0,0,0,0,0,traj_sz=100
28.5322,1.93442,0.849875,1.28215,1.97076,0.944656,1.225,0.125779,78,80,0.101204,0.124323,-0.120142,0.754986,0,28.5322
28.552,1.93435,0.851306,1.28026,0,0,0,0,78,80,0,0,0,0,0,traj_sz=100
28.5522,1.93435,0.851306,1.28026,1.97076,0.944656,1.225,0.125779,78,80,0.0998668,0.125487,-0.113431,0.75409,0,28.5522
28.5719,1.93581,0.855498,1.28073,0,0,0,0,78,80,0,0,0,0,0,traj_sz=100
28.572,1.93581,0.855498,1.28073,1.97076,0.944656,1.225,0.125779,78,80,0.0954304,0.123541,-0.113338,0.750231,0,28.572
28.5919,1.9361,0.856992,1.27737,0,0,0,0,78,80,0,0,0,0,0,traj_sz=100
28.592,1.9361,0.856992,1.27737,1.97076,0.944656,1.225,0.125779,78,80,0.0939415,0.124527,-0.0910908,0.749025,0,28.592
28.6119,1.93676,0.859806,1.2754,0,0,0,0,78,80,0,0,0,0,0,traj_sz=100
28.612,1.93676,0.859806,1.2754,1.97076,0.944656,1.225,0.125779,78,80,0.0910742,0.124154,-0.0792033,0.746682,0,28.612
28.6319,1.93751,0.862641,1.27247,0,0,0,0,78,80,0,0,0,0,0,traj_sz=100
28.632,1.93751,0.862641,1.27247,1.97076,0.944656,1.225,0.125779,78,80,0.0881649,0.123748,-0.0589979,0.744252,0,28.632
28.6521,1.93806,0.864089,1.27342,0,0,0,0,78,80,0,0,0,0,0,traj_sz=100
28.6522,1.93806,0.864089,1.27342,1.97076,0.944656,1.225,0.125779,78,80,0.0866131,0.124747,-0.0639451,0.742891,0,28.6522
28.6721,1.93904,0.868207,1.26939,0,0,0,0,78,80,0,0,0,0,0,traj_sz=100
28.6722,1.93904,0.868207,1.26939,1.97076,0.944656,1.225,0.125779,78,80,0.0824201,0.123043,-0.0379756,0.739463,0,28.6722
28.6921,1.93979,0.869529,1.26941,0,0,0,0,78,80,0,0,0,0,0,traj_sz=100
28.6923,1.93979,0.869529,1.26941,1.97076,0.944656,1.225,0.125779,78,80,0.0809328,0.124094,-0.0326773,0.738027,0,28.6923
28.712,1.94046,0.872117,1.26878,0,0,0,0,78,80,0,0,0,0,0,traj_sz=100
28.7122,1.94046,0.872117,1.26878,1.97076,0.944656,1.225,0.125779,78,80,0.0782697,0.12393,-0.0293747,0.735841,0,28.7122
28.732,1.94106,0.874993,1.26445,0,0,0,0,78,80,0,0,0,0,0,traj_sz=100
28.7321,1.94106,0.874993,1.26445,1.97076,0.944656,1.225,0.125779,78,80,0.0753775,0.12352,-0.00149968,0.733519,0,28.7321
28.7522,1.94176,0.876354,1.26426,0,0,0,0,78,80,0,0,0,0,0,traj_sz=100
28.7523,1.94176,0.876354,1.26426,1.97076,0.944656,1.225,0.125779,78,80,0.0738684,0.124561,0.00437064,0.7321,0,28.7523
28.7721,1.94262,0.880458,1.2604,0,0,0,0,78,80,0,0,0,0,0,traj_sz=100
28.7722,1.94262,0.880458,1.2604,1.97076,0.944656,1.225,0.125779,78,80,0.0697256,0.122892,0.0274421,0.728796,0,28.7722
28.792,1.94322,0.881752,1.26079,0,0,0,0,78,80,0,0,0,0,0,traj_sz=100
28.7922,1.94322,0.881752,1.26079,1.97076,0.944656,1.225,0.125779,79,80,0.0683069,0.124001,-0.191709,0.727502,0,28.7922
28.8119,1.94396,0.884573,1.25934,0,0,0,0,79,80,0,0,0,0,0,traj_sz=100
28.8121,1.94396,0.884573,1.25934,1.97076,0.944656,1.225,0.125779,79,80,0.065406,0.123593,-0.183581,0.725126,0,28.8121
28.832,1.94515,0.887168,1.26079,0,0,0,0,79,80,0,0,0,0,0,traj_sz=100
28.8321,1.94515,0.887168,1.26079,1.9864,0.988069,1.17559,0.125636,79,81,0.108674,0.12329,-0.188685,0.722543,0,28.8321
28.852,1.94512,0.888699,1.25767,0,0,0,0,79,81,0,0,0,0,0,traj_sz=100
28.8522,1.94512,0.888699,1.25767,1.9864,0.988069,1.17559,0.125636,79,81,0.107254,0.124366,-0.173681,0.72159,0,28.8522
28.872,1.94645,0.892821,1.25747,0,0,0,0,79,81,0,0,0,0,0,traj_sz=100
28.8755,1.94645,0.892821,1.25747,1.9864,0.988069,1.17559,0.125636,79,81,0.102923,0.122976,-0.171926,0.717933,0,28.8755
28.892,1.94675,0.894266,1.25409,0,0,0,0,79,81,0,0,0,0,0,traj_sz=100
28.8922,1.94675,0.894266,1.25409,1.9864,0.988069,1.17559,0.125636,79,81,0.101486,0.123612,-0.149879,0.716783,0,28.8922
28.9119,1.94765,0.896905,1.25471,0,0,0,0,79,81,0,0,0,0,0,traj_sz=100
28.912,1.94765,0.896905,1.25471,1.9864,0.988069,1.17559,0.125636,79,81,0.0986946,0.123328,-0.153512,0.714417,0,28.912
28.932,1.94809,0.898222,1.25442,0,0,0,0,79,81,0,0,0,0,0,traj_sz=100
28.9322,1.94809,0.898222,1.25442,1.9864,0.988069,1.17559,0.125636,79,81,0.0973079,0.12448,-0.151097,0.71324,0,28.9322
28.9521,1.94913,0.900961,1.25331,0,0,0,0,79,81,0,0,0,0,0,traj_sz=100
28.9523,1.94913,0.900961,1.25331,1.9864,0.988069,1.17559,0.125636,79,81,0.09439,0.124085,-0.140685,0.710701,0,28.9523
28.9721,1.95035,0.905096,1.24968,0,0,0,0,79,81,0,0,0,0,0,traj_sz=100
28.9722,1.95035,0.905096,1.24968,1.9864,0.988069,1.17559,0.125636,79,81,0.0901105,0.122285,-0.115843,0.707147,0,28.9722
28.992,1.95064,0.906477,1.24819,0,0,0,0,79,81,0,0,0,0,0,traj_sz=100
28.9921,1.95064,0.906477,1.24819,1.9864,0.988069,1.17559,0.125636,79,81,0.0887208,0.123399,-0.107285,0.706053,0,28.9921
29.012,1.95153,0.909096,1.24847,0,0,0,0,79,81,0,0,0,0,0,traj_sz=100
29.0122,1.95153,0.909096,1.24847,1.9864,0.988069,1.17559,0.125636,79,81,0.0859524,0.12317,-0.108461,0.703717,0,29.0122
29.032,1.95246,0.911867,1.24325,0,0,0,0,79,81,0,0,0,0,0,traj_sz=100
29.0321,1.95246,0.911867,1.24325,1.9864,0.988069,1.17559,0.125636,79,81,0.0830694,0.122763,-0.0701072,0.701255,0,29.0321
29.0521,1.95245,0.913238,1.23905,0,0,0,0,79,81,0,0,0,0,0,traj_sz=100
29.0522,1.95245,0.913238,1.23905,1.9864,0.988069,1.17559,0.125636,79,81,0.0818092,0.124002,-0.046282,0.700412,0,29.0522
29.0721,1.95403,0.917136,1.23762,0,0,0,0,79,81,0,0,0,0,0,traj_sz=100
29.0722,1.95403,0.917136,1.23762,1.9864,0.988069,1.17559,0.125636,79,81,0.0776172,0.122327,-0.0310314,0.696742,0,29.0722
29.092,1.95432,0.918505,1.23492,0,0,0,0,79,81,0,0,0,0,0,traj_sz=100
29.0921,1.95432,0.918505,1.23492,1.9864,0.988069,1.17559,0.125636,79,81,0.0762494,0.123451,-0.0136736,0.695666,0,29.0921
29.112,1.95528,0.921133,1.23235,0,0,0,0,79,81,0,0,0,0,0,traj_sz=100
29.1122,1.95528,0.921133,1.23235,1.9864,0.988069,1.17559,0.125636,79,81,0.073471,0.123191,0.00661395,0.693287,0,29.1122
29.1322,1.95611,0.92374,1.22656,0,0,0,0,79,81,0,0,0,0,0,traj_sz=100
29.1323,1.95611,0.92374,1.22656,1.9864,0.988069,1.17559,0.125636,79,81,0.0707772,0.122996,0.0482863,0.691024,0,29.1323
29.152,1.95624,0.92514,1.22416,0,0,0,0,79,81,0,0,0,0,0,traj_sz=100
29.1522,1.95624,0.92514,1.22416,1.9864,0.988069,1.17559,0.125636,80,81,0.0694322,0.124138,-0.235963,0.690058,0,29.1522
29.1719,1.95707,0.927859,1.22064,0,0,0,0,80,81,0,0,0,0,0,traj_sz=100
29.1721,1.95707,0.927859,1.22064,1.9864,0.988069,1.17559,0.125636,80,81,0.0666171,0.123817,-0.212688,0.68773,0,29.1721
29.192,1.95785,0.930473,1.21989,0,0,0,0,80,81,0,0,0,0,0,traj_sz=100
29.1921,1.95785,0.930473,1.21989,1.9864,0.988069,1.17559,0.125636,80,81,0.0638991,0.123613,-0.209576,0.685512,0,29.1921
29.212,1.95872,0.933331,1.21682,0,0,0,0,80,81,0,0,0,0,0,traj_sz=100
29.2121,1.95872,0.933331,1.21682,2.00415,1.03061,1.1158,0.125631,80,82,0.106994,0.123158,-0.18972,0.683076,0,29.2121
29.2319,1.96008,0.935837,1.21784,0,0,0,0,80,82,0,0,0,0,0,traj_sz=100
29.232,1.96008,0.935837,1.21784,2.00415,1.03061,1.1158,0.125631,80,82,0.104165,0.122864,-0.190658,0.680475,0,29.232
29.252,1.96004,0.937126,1.21741,0,0,0,0,80,82,0,0,0,0,0,traj_sz=100
29.2522,1.96004,0.937126,1.21741,2.00415,1.03061,1.1158,0.125631,80,82,0.102972,0.1242,-0.194679,0.67972,0,29.2522
29.272,1.96176,0.940984,1.21541,0,0,0,0,80,82,0,0,0,0,0,traj_sz=100
29.2721,1.96176,0.940984,1.21541,2.00415,1.03061,1.1158,0.125631,80,82,0.0987768,0.12251,-0.175698,0.676018,0,29.2721
29.2919,1.96201,0.942286,1.2151,0,0,0,0,80,82,0,0,0,0,0,traj_sz=100
29.292,1.96201,0.942286,1.2151,2.00415,1.03061,1.1158,0.125631,80,82,0.0974687,0.123707,-0.176434,0.675025,0,29.292
29.312,1.96279,0.944802,1.21397,0,0,0,0,80,82,0,0,0,0,0,traj_sz=100
29.3121,1.96279,0.944802,1.21397,2.00415,1.03061,1.1158,0.125631,80,82,0.09485,0.123617,-0.170169,0.67289,0,29.3121
29.332,1.96402,0.947467,1.21252,0,0,0,0,80,82,0,0,0,0,0,traj_sz=100
29.3323,1.96402,0.947467,1.21252,2.00415,1.03061,1.1158,0.125631,80,82,0.0919373,0.12324,-0.155941,0.670308,0,29.3323
29.352,1.96421,0.948811,1.21051,0,0,0,0,80,82,0,0,0,0,0,traj_sz=100
29.3522,1.96421,0.948811,1.21051,2.00415,1.03061,1.1158,0.125631,80,82,0.0906292,0.124415,-0.145611,0.669349,0,29.3522
29.372,1.96571,0.952779,1.20639,0,0,0,0,80,82,0,0,0,0,0,traj_sz=100
29.3721,1.96571,0.952779,1.20639,2.00415,1.03061,1.1158,0.125631,80,82,0.0864213,0.122708,-0.114916,0.665773,0,29.3721
29.392,1.96584,0.954134,1.2027,0,0,0,0,80,82,0,0,0,0,0,traj_sz=100
29.3922,1.96584,0.954134,1.2027,2.00415,1.03061,1.1158,0.125631,80,82,0.0851376,0.123918,-0.0933088,0.664856,0,29.3922
29.412,1.96717,0.956837,1.20253,0,0,0,0,80,82,0,0,0,0,0,traj_sz=100
29.4122,1.96717,0.956837,1.20253,2.00415,1.03061,1.1158,0.125631,80,82,0.0821397,0.12345,-0.0871484,0.662183,0,29.4122
29.432,1.96787,0.959535,1.19887,0,0,0,0,80,82,0,0,0,0,0,traj_sz=100
29.4322,1.96787,0.959535,1.19887,2.00415,1.03061,1.1158,0.125631,80,82,0.0794003,0.123211,-0.0646192,0.660019,0,29.4322
29.4521,1.96854,0.960852,1.19796,0,0,0,0,80,82,0,0,0,0,0,traj_sz=100
29.4522,1.96854,0.960852,1.19796,2.00415,1.03061,1.1158,0.125631,80,82,0.0779381,0.124275,-0.0553561,0.658703,0,29.4522
29.4722,1.9698,0.964992,1.19209,0,0,0,0,80,82,0,0,0,0,0,traj_sz=100
29.4723,1.9698,0.964992,1.19209,2.00415,1.03061,1.1158,0.125631,80,82,0.0736669,0.122489,-0.0162635,0.655239,0,29.4723
29.492,1.97033,0.96615,1.19192,0,0,0,0,80,82,0,0,0,0,0,traj_sz=100
29.4921,1.97033,0.96615,1.19192,2.00415,1.03061,1.1158,0.125631,80,82,0.0723967,0.123728,-0.0134993,0.654132,0,29.4921
29.512,1.97103,0.969035,1.18704,0,0,0,0,80,82,0,0,0,0,0,traj_sz=100
29.5121,1.97103,0.969035,1.18704,2.00415,1.03061,1.1158,0.125631,80,82,0.069496,0.123314,0.0168438,0.651876,0,29.5121
29.532,1.97173,0.970343,1.18679,0,0,0,0,80,82,0,0,0,0,0,traj_sz=100
29.5321,1.97173,0.970343,1.18679,2.00415,1.03061,1.1158,0.125631,81,82,0.068024,0.124367,-0.3491,0.650546,0,29.5321
29.5521,1.97239,0.973047,1.18201,0,0,0,0,81,82,0,0,0,0,0,traj_sz=100
29.5522,1.97239,0.973047,1.18201,2.00415,1.03061,1.1158,0.125631,81,82,0.0653045,0.124149,-0.322872,0.64843,0,29.5522
29.572,1.9739,0.977158,1.17908,0,0,0,0,81,82,0,0,0,0,0,traj_sz=100
29.5722,1.9739,0.977158,1.17908,2.0244,1.07201,1.04715,0.125631,81,83,0.106949,0.122293,-0.304727,0.644823,0,29.5722
29.5919,1.97477,0.97859,1.18148,0,0,0,0,81,83,0,0,0,0,0,traj_sz=100
29.592,1.97477,0.97859,1.18148,2.0244,1.07201,1.04715,0.125631,81,83,0.105268,0.123156,-0.318214,0.643285,0,29.592
29.612,1.97574,0.981337,1.17835,0,0,0,0,81,83,0,0,0,0,0,traj_sz=100
29.6121,1.97574,0.981337,1.17835,2.0244,1.07201,1.04715,0.125631,81,83,0.102389,0.122781,-0.298019,0.640906,0,29.6121
29.6321,1.97666,0.984148,1.17694,0,0,0,0,81,83,0,0,0,0,0,traj_sz=100
29.6322,1.97666,0.984148,1.17694,2.0244,1.07201,1.04715,0.125631,81,83,0.0994545,0.122369,-0.291352,0.638538,0,29.6322
29.652,1.97729,0.985592,1.17544,0,0,0,0,81,83,0,0,0,0,0,traj_sz=100
29.6522,1.97729,0.985592,1.17544,2.0244,1.07201,1.04715,0.125631,81,83,0.0978944,0.123314,-0.280188,0.637193,0,29.6522
29.672,1.97865,0.989771,1.17064,0,0,0,0,81,83,0,0,0,0,0,traj_sz=100
29.6721,1.97865,0.989771,1.17064,2.0244,1.07201,1.04715,0.125631,81,83,0.0935661,0.121449,-0.250976,0.633699,0,29.6721
29.6919,1.97949,0.991026,1.17145,0,0,0,0,81,83,0,0,0,0,0,traj_sz=100
29.692,1.97949,0.991026,1.17145,2.0244,1.07201,1.04715,0.125631,81,83,0.0920734,0.122487,-0.252382,0.632292,0,29.692
29.7122,1.98056,0.993871,1.16883,0,0,0,0,81,83,0,0,0,0,0,traj_sz=100
29.7124,1.98056,0.993871,1.16883,2.0244,1.07201,1.04715,0.125631,81,83,0.0890616,0.122018,-0.23516,0.629797,0,29.7124
29.7321,1.98139,0.996656,1.16268,0,0,0,0,81,83,0,0,0,0,0,traj_sz=100
29.7323,1.98139,0.996656,1.16268,2.0244,1.07201,1.04715,0.125631,81,83,0.0862365,0.121651,-0.195498,0.627544,0,29.7323
29.752,1.98219,0.997881,1.16298,0,0,0,0,81,83,0,0,0,0,0,traj_sz=100
29.7522,1.98219,0.997881,1.16298,2.0244,1.07201,1.04715,0.125631,81,83,0.0847894,0.122738,-0.193628,0.626189,0,29.7522
29.772,1.98373,1.0021,1.15496,0,0,0,0,81,83,0,0,0,0,0,traj_sz=100
29.7721,1.98373,1.0021,1.15496,2.0244,1.07201,1.04715,0.125631,81,83,0.0803765,0.12078,-0.138903,0.622546,0,29.7721
29.7921,1.98425,1.00337,1.15266,0,0,0,0,81,83,0,0,0,0,0,traj_sz=100
29.7922,1.98425,1.00337,1.15266,2.0244,1.07201,1.04715,0.125631,81,83,0.0790264,0.121962,-0.122532,0.621408,0,29.7922
29.812,1.98511,1.00606,1.14575,0,0,0,0,81,83,0,0,0,0,0,traj_sz=100
29.8122,1.98511,1.00606,1.14575,2.0244,1.07201,1.04715,0.125631,81,83,0.076288,0.121693,-0.0763555,0.619201,0,29.8122
29.832,1.98599,1.00724,1.14732,0,0,0,0,81,83,0,0,0,0,0,traj_sz=100
29.8322,1.98599,1.00724,1.14732,2.0244,1.07201,1.04715,0.125631,81,83,0.0748341,0.122798,-0.0822302,0.61781,0,29.8322
29.852,1.98705,1.00998,1.14228,0,0,0,0,81,83,0,0,0,0,0,traj_sz=100
29.8521,1.98705,1.00998,1.14228,2.0244,1.07201,1.04715,0.125631,81,83,0.0719452,0.122389,-0.0471465,0.615415,0,29.8521
29.8721,1.98864,1.01385,1.13549,0,0,0,0,81,83,0,0,0,0,0,traj_sz=100
29.8722,1.98864,1.01385,1.13549,2.0244,1.07201,1.04715,0.125631,82,83,0.0678117,0.120755,-0.3491,0.611949,0,29.8722
29.892,1.98883,1.01529,1.13063,0,0,0,0,82,83,0,0,0,0,0,traj_sz=100
29.8922,1.98883,1.01529,1.13063,2.0244,1.07201,1.04715,0.125631,82,83,0.0664677,0.121893,-0.3491,0.611003,0,29.8922
29.912,1.99046,1.01785,1.13086,0,0,0,0,82,83,0,0,0,0,0,traj_sz=100
29.912,1.99046,1.01785,1.13086,2.0244,1.07201,1.04715,0.125631,82,83,0.0634606,0.121421,-0.3491,0.60824,0,29.912
29.932,1.99154,1.0204,1.12732,0,0,0,0,82,83,0,0,0,0,0,traj_sz=100
29.9321,1.99154,1.0204,1.12732,2.04745,1.11192,0.970749,0.12563,82,84,0.106653,0.121192,-0.3491,0.60594,0,29.9321
29.9519,1.99209,1.02174,1.12587,0,0,0,0,82,84,0,0,0,0,0,traj_sz=100
29.952,1.99209,1.02174,1.12587,2.04745,1.11192,0.970749,0.12563,82,84,0.105227,0.122273,-0.3491,0.604756,0,29.952
29.9721,1.99393,1.02562,1.12252,0,0,0,0,82,84,0,0,0,0,0,traj_sz=100
29.9723,1.99393,1.02562,1.12252,2.04745,1.11192,0.970749,0.12563,82,84,0.100971,0.120553,-0.3491,0.60111,0,29.9723
29.992,1.99451,1.02701,1.12103,0,0,0,0,82,84,0,0,0,0,0,traj_sz=100
29.9923,1.99451,1.02701,1.12103,2.04745,1.11192,0.970749,0.12563,82,84,0.0994788,0.121566,-0.342585,0.599867,0,29.9923
30.012,1.99555,1.02982,1.11701,0,0,0,0,82,84,0,0,0,0,0,traj_sz=100
30.0122,1.99555,1.02982,1.11701,2.04745,1.11192,0.970749,0.12563,82,84,0.0965364,0.121113,-0.318098,0.597476,0,30.0122
30.0319,1.99664,1.03241,1.11324,0,0,0,0,82,84,0,0,0,0,0,traj_sz=100
30.032,1.99664,1.03241,1.11324,2.04745,1.11192,0.970749,0.12563,82,84,0.0937813,0.120831,-0.29346,0.595181,0,30.032
30.052,1.99729,1.03373,1.11212,0,0,0,0,82,84,0,0,0,0,0,traj_sz=100
30.0521,1.99729,1.03373,1.11212,2.04745,1.11192,0.970749,0.12563,82,84,0.0923168,0.121894,-0.285337,0.593924,0,30.0521
30.0719,1.9986,1.03746,1.10215,0,0,0,0,82,84,0,0,0,0,0,traj_sz=100
30.0722,1.9986,1.03746,1.10215,2.04745,1.11192,0.970749,0.12563,82,84,0.0884987,0.120513,-0.220451,0.590835,0,30.0722
30.092,1.99965,1.0385,1.10419,0,0,0,0,82,84,0,0,0,0,0,traj_sz=100
30.0921,1.99965,1.0385,1.10419,2.04745,1.11192,0.970749,0.12563,82,84,0.0870729,0.121643,-0.227907,0.589393,0,30.0921
30.1122,2.00066,1.04103,1.09782,0,0,0,0,82,84,0,0,0,0,0,traj_sz=100
30.1123,2.00066,1.04103,1.09782,2.04745,1.11192,0.970749,0.12563,82,84,0.0844198,0.121497,-0.185054,0.587198,0,30.1123
30.1322,2.00177,1.04342,1.09276,0,0,0,0,82,84,0,0,0,0,0,traj_sz=100
30.1324,2.00177,1.04342,1.09276,2.04745,1.11192,0.970749,0.12563,82,84,0.0818337,0.12141,-0.149353,0.584996,0,30.1324
30.1521,2.00248,1.04473,1.09071,0,0,0,0,82,84,0,0,0,0,0,traj_sz=100
30.1522,2.00248,1.04473,1.09071,2.04745,1.11192,0.970749,0.12563,82,84,0.0803609,0.122438,-0.133691,0.583706,0,30.1522
30.172,2.00341,1.04724,1.08375,0,0,0,0,82,84,0,0,0,0,0,traj_sz=100
30.1721,2.00341,1.04724,1.08375,2.04745,1.11192,0.970749,0.12563,82,84,0.0777755,0.122319,-0.0876228,0.58161,0,30.1721
30.1922,2.00466,1.04972,1.07928,0,0,0,0,82,84,0,0,0,0,0,traj_sz=100
30.1923,2.00466,1.04972,1.07928,2.04745,1.11192,0.970749,0.12563,82,84,0.0750339,0.122108,-0.0548367,0.579248,0,30.1923
30.212,2.00558,1.05219,1.07196,0,0,0,0,82,84,0,0,0,0,0,traj_sz=100
30.2121,2.00558,1.05219,1.07196,2.04745,1.11192,0.970749,0.12563,82,84,0.0724841,0.122011,-0.00613345,0.577188,0,30.2121
30.232,2.00708,1.05453,1.07004,0,0,0,0,82,84,0,0,0,0,0,traj_sz=100
30.2321,2.00708,1.05453,1.07004,2.04745,1.11192,0.970749,0.12563,82,84,0.0697226,0.121782,0.0125801,0.57469,0,30.2321
30.252,2.00773,1.05573,1.06874,0,0,0,0,82,84,0,0,0,0,0,traj_sz=100
30.2521,2.00773,1.05573,1.06874,2.04745,1.11192,0.970749,0.12563,83,84,0.0683683,0.12295,-0.3491,0.573519,0,30.2521
30.2721,2.00958,1.05929,1.06303,0,0,0,0,83,84,0,0,0,0,0,traj_sz=100
30.2721,2.00958,1.05929,1.06303,2.04745,1.11192,0.970749,0.12563,83,84,0.0644035,0.121488,-0.3491,0.57011,0,30.2721
30.2919,2.01029,1.06069,1.06118,0,0,0,0,83,84,0,0,0,0,0,traj_sz=100
30.2921,2.01029,1.06069,1.06118,2.04745,1.11192,0.970749,0.12563,83,84,0.0628475,0.122455,-0.3491,0.568787,0,30.2921
30.312,2.01158,1.06301,1.05822,0,0,0,0,83,84,0,0,0,0,0,traj_sz=100
30.3121,2.01158,1.06301,1.05822,2.07348,1.14996,0.88752,0.12563,83,85,0.106131,0.122333,-0.3491,0.566495,0,30.3121
30.332,2.01284,1.0657,1.05439,0,0,0,0,83,85,0,0,0,0,0,traj_sz=100
30.3321,2.01284,1.0657,1.05439,2.07348,1.14996,0.88752,0.12563,83,85,0.103217,0.121922,-0.3491,0.564051,0,30.3321
30.3521,2.01364,1.067,1.05365,0,0,0,0,83,85,0,0,0,0,0,traj_sz=100
30.3522,2.01364,1.067,1.05365,2.07348,1.14996,0.88752,0.12563,83,85,0.1017,0.122938,-0.3491,0.562706,0,30.3522
30.372,2.01563,1.07101,1.04943,0,0,0,0,83,85,0,0,0,0,0,traj_sz=100
30.3721,2.01563,1.07101,1.04943,2.07348,1.14996,0.88752,0.12563,83,85,0.0972751,0.120989,-0.346472,0.558971,0,30.3721
30.392,2.01641,1.07224,1.04826,0,0,0,0,83,85,0,0,0,0,0,traj_sz=100
30.3921,2.01641,1.07224,1.04826,2.07348,1.14996,0.88752,0.12563,83,85,0.09583,0.122078,-0.337317,0.557684,0,30.3921
30.4121,2.0177,1.07468,1.04531,0,0,0,0,83,85,0,0,0,0,0,traj_sz=100
30.4122,2.0177,1.07468,1.04531,2.07348,1.14996,0.88752,0.12563,83,85,0.0931098,0.121866,-0.317596,0.555357,0,30.4122
30.432,2.01839,1.07604,1.04408,0,0,0,0,83,85,0,0,0,0,0,traj_sz=100
30.4322,2.01839,1.07604,1.04408,2.07348,1.14996,0.88752,0.12563,83,85,0.0915928,0.122869,-0.309896,0.554075,0,30.4322
30.4519,2.01929,1.07857,1.03661,0,0,0,0,83,85,0,0,0,0,0,traj_sz=100
30.4522,2.01929,1.07857,1.03661,2.07348,1.14996,0.88752,0.12563,83,85,0.0890406,0.122768,-0.263426,0.552054,0,30.4522
30.4719,2.02171,1.08216,1.03236,0,0,0,0,83,85,0,0,0,0,0,traj_sz=100
30.472,2.02171,1.08216,1.03236,2.07348,1.14996,0.88752,0.12563,83,85,0.0847584,0.120976,-0.228295,0.548181,0,30.472
30.4919,2.02206,1.08347,1.02716,0,0,0,0,83,85,0,0,0,0,0,traj_sz=100
30.492,2.02206,1.08347,1.02716,2.07348,1.14996,0.88752,0.12563,83,85,0.0835027,0.122212,-0.196141,0.547235,0,30.492
30.512,2.02359,1.08568,1.02584,0,0,0,0,83,85,0,0,0,0,0,traj_sz=100
30.5121,2.02359,1.08568,1.02584,2.07348,1.14996,0.88752,0.12563,83,85,0.0808302,0.122076,-0.18329,0.544819,0,30.5121
30.532,2.02521,1.08811,1.02328,0,0,0,0,83,85,0,0,0,0,0,traj_sz=100
30.5321,2.02521,1.08811,1.02328,2.07348,1.14996,0.88752,0.12563,83,85,0.0779405,0.121705,-0.162132,0.542233,0,30.5321
30.552,2.02583,1.0894,1.02039,0,0,0,0,83,85,0,0,0,0,0,traj_sz=100
30.5521,2.02583,1.0894,1.02039,2.07348,1.14996,0.88752,0.12563,83,85,0.0765424,0.122824,-0.142928,0.541067,0,30.5521
30.572,2.02821,1.09322,1.01218,0,0,0,0,83,85,0,0,0,0,0,traj_sz=100
30.5721,2.02821,1.09322,1.01218,2.07348,1.14996,0.88752,0.12563,83,85,0.0721094,0.120863,-0.0814485,0.537141,0,30.5721
30.5921,2.02883,1.09447,1.008,0,0,0,0,83,85,0,0,0,0,0,traj_sz=100
30.5922,2.02883,1.09447,1.008,2.07348,1.14996,0.88752,0.12563,83,85,0.0707519,0.122032,-0.0528512,0.536,0,30.5922
30.6123,2.03039,1.09707,1.0033,0,0,0,0,83,85,0,0,0,0,0,traj_sz=100
30.6124,2.03039,1.09707,1.0033,2.07348,1.14996,0.88752,0.12563,84,85,0.0677599,0.121564,-0.3491,0.533391,0,30.6124
30.632,2.03208,1.09967,0.99914,0,0,0,0,84,85,0,0,0,0,0,traj_sz=100
30.6321,2.03208,1.09967,0.99914,2.07348,1.14996,0.88752,0.12563,84,85,0.0646933,0.120969,-0.3491,0.530672,0,30.6321
30.652,2.03274,1.10079,0.997073,0,0,0,0,84,85,0,0,0,0,0,traj_sz=100
30.6521,2.03274,1.10079,0.997073,2.07348,1.14996,0.88752,0.12563,84,85,0.0634109,0.122216,-0.3491,0.529566,0,30.6521
30.672,2.03499,1.10453,0.991078,0,0,0,0,84,85,0,0,0,0,0,traj_sz=100
30.6721,2.03499,1.10453,0.991078,2.10257,1.1857,0.798442,0.12563,84,86,0.10493,0.12039,-0.3491,0.525827,0,30.6721
30.6921,2.03569,1.10584,0.989133,0,0,0,0,84,86,0,0,0,0,0,traj_sz=100
30.6922,2.03569,1.10584,0.989133,2.10257,1.1857,0.798442,0.12563,84,86,0.103475,0.12146,-0.3491,0.524596,0,30.6922
30.712,2.03734,1.10827,0.984741,0,0,0,0,84,86,0,0,0,0,0,traj_sz=100
30.7121,2.03734,1.10827,0.984741,2.10257,1.1857,0.798442,0.12563,84,86,0.100586,0.121047,-0.3491,0.522002,0,30.7121
30.7321,2.03858,1.11048,0.981394,0,0,0,0,84,86,0,0,0,0,0,traj_sz=100
30.7322,2.03858,1.11048,0.981394,2.10257,1.1857,0.798442,0.12563,84,86,0.098099,0.121079,-0.3491,0.519884,0,30.7322
30.7521,2.03959,1.11158,0.982791,0,0,0,0,84,86,0,0,0,0,0,traj_sz=100
30.7522,2.03959,1.11158,0.982791,2.10257,1.1857,0.798442,0.12563,84,86,0.0966017,0.12213,-0.3491,0.518475,0,30.7522
30.772,2.04158,1.11491,0.976153,0,0,0,0,84,86,0,0,0,0,0,traj_sz=100
30.7721,2.04158,1.11491,0.976153,2.10257,1.1857,0.798442,0.12563,84,86,0.0928093,0.120793,-0.3491,0.515188,0,30.7721
30.7919,2.04226,1.11602,0.974604,0,0,0,0,84,86,0,0,0,0,0,traj_sz=100
30.792,2.04226,1.11602,0.974604,2.10257,1.1857,0.798442,0.12563,84,86,0.0915165,0.122007,-0.3491,0.514069,0,30.792
30.812,2.04375,1.1183,0.970915,0,0,0,0,84,86,0,0,0,0,0,traj_sz=100
30.8123,2.04375,1.1183,0.970915,2.10257,1.1857,0.798442,0.12563,84,86,0.0888377,0.121846,-0.346438,0.511712,0,30.8123
30.8321,2.04534,1.12035,0.965781,0,0,0,0,84,86,0,0,0,0,0,traj_sz=100
30.8324,2.04534,1.12035,0.965781,2.10257,1.1857,0.798442,0.12563,84,86,0.0862949,0.121817,-0.307112,0.509362,0,30.8324
30.8519,2.04587,1.12156,0.962616,0,0,0,0,84,86,0,0,0,0,0,traj_sz=100
30.852,2.04587,1.12156,0.962616,2.10257,1.1857,0.798442,0.12563,84,86,0.0850356,0.123017,-0.288096,0.508351,0,30.852
30.872,2.04813,1.12532,0.951808,0,0,0,0,84,86,0,0,0,0,0,traj_sz=100
30.8722,2.04813,1.12532,0.951808,2.10257,1.1857,0.798442,0.12563,84,86,0.0807621,0.121205,-0.214046,0.504643,0,30.8722
30.8923,2.04903,1.12652,0.947406,0,0,0,0,84,86,0,0,0,0,0,traj_sz=100
30.8924,2.04903,1.12652,0.947406,2.10257,1.1857,0.798442,0.12563,84,86,0.0793046,0.122282,-0.181355,0.503305,0,30.8924
30.912,2.05064,1.12843,0.946167,0,0,0,0,84,86,0,0,0,0,0,traj_sz=100
30.9121,2.05064,1.12843,0.946167,2.10257,1.1857,0.798442,0.12563,84,86,0.0768224,0.1223,-0.168754,0.501015,0,30.9121
30.932,2.05198,1.13093,0.937997,0,0,0,0,84,86,0,0,0,0,0,traj_sz=100
30.9322,2.05198,1.13093,0.937997,2.10257,1.1857,0.798442,0.12563,84,86,0.074086,0.122039,-0.11455,0.498715,0,30.9322
30.952,2.05282,1.13199,0.936376,0,0,0,0,84,86,0,0,0,0,0,traj_sz=100
30.9521,2.05282,1.13199,0.936376,2.10257,1.1857,0.798442,0.12563,84,86,0.0727481,0.123229,-0.101389,0.497493,0,30.9521
30.972,2.05515,1.13554,0.926993,0,0,0,0,84,86,0,0,0,0,0,traj_sz=100
30.9721,2.05515,1.13554,0.926993,2.10257,1.1857,0.798442,0.12563,85,86,0.0685811,0.121517,-0.3491,0.493844,0,30.9721
30.992,2.05598,1.13669,0.924546,0,0,0,0,85,86,0,0,0,0,0,traj_sz=100
30.9921,2.05598,1.13669,0.924546,2.10257,1.1857,0.798442,0.12563,85,86,0.0671844,0.122651,-0.3491,0.492598,0,30.9921
31.0119,2.05758,1.13894,0.917977,0,0,0,0,85,86,0,0,0,0,0,traj_sz=100
31.012,2.05758,1.13894,0.917977,2.10257,1.1857,0.798442,0.12563,85,86,0.0644745,0.122427,-0.3491,0.490186,0,31.012
31.032,2.05916,1.14138,0.91301,0,0,0,0,85,86,0,0,0,0,0,traj_sz=100
31.0322,2.05916,1.14138,0.91301,2.13474,1.21872,0.70467,0.12563,85,87,0.107406,0.122087,-0.3491,0.487706,0,31.0322
31.052,2.0601,1.14252,0.912538,0,0,0,0,85,87,0,0,0,0,0,traj_sz=100
31.0521,2.0601,1.14252,0.912538,2.13474,1.21872,0.70467,0.12563,85,87,0.10594,0.123144,-0.3491,0.486373,0,31.0521
31.072,2.06258,1.14611,0.905018,0,0,0,0,85,87,0,0,0,0,0,traj_sz=100
31.0721,2.06258,1.14611,0.905018,2.13474,1.21872,0.70467,0.12563,85,87,0.101674,0.121332,-0.3491,0.482603,0,31.0721
31.0921,2.06343,1.14703,0.903325,0,0,0,0,85,87,0,0,0,0,0,traj_sz=100
31.0923,2.06343,1.14703,0.903325,2.13474,1.21872,0.70467,0.12563,85,87,0.100441,0.122634,-0.3491,0.48144,0,31.0923
31.1121,2.0652,1.14935,0.900154,0,0,0,0,85,87,0,0,0,0,0,traj_sz=100
31.1123,2.0652,1.14935,0.900154,2.13474,1.21872,0.70467,0.12563,85,87,0.0975651,0.122262,-0.3491,0.478867,0,31.1123
31.1319,2.06669,1.15157,0.894576,0,0,0,0,85,87,0,0,0,0,0,traj_sz=100
31.132,2.06669,1.15157,0.894576,2.13474,1.21872,0.70467,0.12563,85,87,0.0949634,0.122104,-0.3491,0.476583,0,31.132
31.1519,2.06739,1.15278,0.890866,0,0,0,0,85,87,0,0,0,0,0,traj_sz=100
31.152,2.06739,1.15278,0.890866,2.13474,1.21872,0.70467,0.12563,85,87,0.0936171,0.12325,-0.3491,0.475441,0,31.152
31.172,2.0701,1.15615,0.884836,0,0,0,0,85,87,0,0,0,0,0,traj_sz=100
31.1721,2.0701,1.15615,0.884836,2.13474,1.21872,0.70467,0.12563,85,87,0.0893562,0.121477,-0.342643,0.471579,0,31.1721
31.1921,2.0709,1.15727,0.880792,0,0,0,0,85,87,0,0,0,0,0,traj_sz=100
31.1923,2.0709,1.15727,0.880792,2.13474,1.21872,0.70467,0.12563,85,87,0.0880317,0.122667,-0.31479,0.470396,0,31.1923
31.212,2.07241,1.15932,0.874515,0,0,0,0,85,87,0,0,0,0,0,traj_sz=100
31.212,2.07241,1.15932,0.874515,2.13474,1.21872,0.70467,0.12563,85,87,0.0855464,0.122633,-0.271503,0.468177,0,31.212
31.2319,2.07398,1.16142,0.869421,0,0,0,0,85,87,0,0,0,0,0,traj_sz=100
31.232,2.07398,1.16142,0.869421,2.13474,1.21872,0.70467,0.12563,85,87,0.0829826,0.122556,-0.236424,0.465893,0,31.232
31.2519,2.07478,1.16262,0.865775,0,0,0,0,85,87,0,0,0,0,0,traj_sz=100
31.2521,2.07478,1.16262,0.865775,2.13474,1.21872,0.70467,0.12563,85,87,0.0815833,0.12368,-0.21217,0.464674,0,31.2521
31.272,2.07768,1.16612,0.859983,0,0,0,0,85,87,0,0,0,0,0,traj_sz=100
31.2722,2.07768,1.16612,0.859983,2.13474,1.21872,0.70467,0.12563,85,87,0.0770899,0.121689,-0.169888,0.460612,0,31.2722
31.2919,2.0785,1.16721,0.854595,0,0,0,0,85,87,0,0,0,0,0,traj_sz=100
31.292,2.0785,1.16721,0.854595,2.13474,1.21872,0.70467,0.12563,85,87,0.0757801,0.122859,-0.131884,0.459429,0,31.292
31.312,2.08049,1.16937,0.849811,0,0,0,0,85,87,0,0,0,0,0,traj_sz=100
31.3121,2.08049,1.16937,0.849811,2.13474,1.21872,0.70467,0.12563,85,87,0.0728824,0.122474,-0.0948639,0.456747,0,31.3121
31.332,2.08244,1.17173,0.846401,0,0,0,0,85,87,0,0,0,0,0,traj_sz=100
31.3321,2.08244,1.17173,0.846401,2.13474,1.21872,0.70467,0.12563,85,87,0.0698467,0.121957,-0.0698597,0.454019,0,31.3321
31.3519,2.08323,1.17283,0.842627,0,0,0,0,85,87,0,0,0,0,0,traj_sz=100
31.352,2.08323,1.17283,0.842627,2.13474,1.21872,0.70467,0.12563,86,87,0.0685264,0.123143,-0.3491,0.452859,0,31.352
31.372,2.08627,1.17643,0.835021,0,0,0,0,86,87,0,0,0,0,0,traj_sz=100
31.372,2.08627,1.17643,0.835021,2.13474,1.21872,0.70467,0.12563,86,87,0.0638805,0.120983,-0.3491,0.448664,0,31.372
31.3919,2.08735,1.17757,0.832758,0,0,0,0,86,87,0,0,0,0,0,traj_sz=100
31.3922,2.08735,1.17757,0.832758,2.16985,1.24857,0.607622,0.12563,86,88,0.108034,0.12196,-0.3491,0.447225,0,31.3922
31.412,2.08929,1.17999,0.827587,0,0,0,0,86,88,0,0,0,0,0,traj_sz=100
31.4121,2.08929,1.17999,0.827587,2.16985,1.24857,0.607622,0.12563,86,88,0.105009,0.121412,-0.3491,0.444506,0,31.4121
31.432,2.09097,1.18199,0.818561,0,0,0,0,86,88,0,0,0,0,0,traj_sz=100
31.4321,2.09097,1.18199,0.818561,2.16985,1.24857,0.607622,0.12563,86,88,0.102513,0.121344,-0.3491,0.442191,0,31.4321
31.452,2.09188,1.18319,0.816497,0,0,0,0,86,88,0,0,0,0,0,traj_sz=100
31.4521,2.09188,1.18319,0.816497,2.16985,1.24857,0.607622,0.12563,86,88,0.101032,0.122383,-0.3491,0.440889,0,31.4521
31.4719,2.09483,1.18641,0.811605,0,0,0,0,86,88,0,0,0,0,0,traj_sz=100
31.472,2.09483,1.18641,0.811605,2.16985,1.24857,0.607622,0.12563,86,88,0.0967298,0.120543,-0.3491,0.43695,0,31.472
31.4919,2.0955,1.18742,0.808234,0,0,0,0,86,88,0,0,0,0,0,traj_sz=100
31.492,2.0955,1.18742,0.808234,2.16985,1.24857,0.607622,0.12563,86,88,0.0955733,0.121887,-0.3491,0.435949,0,31.492
31.512,2.09732,1.18939,0.804929,0,0,0,0,86,88,0,0,0,0,0,traj_sz=100
31.5123,2.09732,1.18939,0.804929,2.16985,1.24857,0.607622,0.12563,86,88,0.0929255,0.121768,-0.3491,0.433524,0,31.5123
31.532,2.09915,1.19139,0.800963,0,0,0,0,86,88,0,0,0,0,0,traj_sz=100
31.5322,2.09915,1.19139,0.800963,2.16985,1.24857,0.607622,0.12563,86,88,0.0902625,0.121586,-0.3491,0.431085,0,31.5322
31.552,2.10002,1.19236,0.798293,0,0,0,0,86,88,0,0,0,0,0,traj_sz=100
31.5521,2.10002,1.19236,0.798293,2.16985,1.24857,0.607622,0.12563,86,88,0.0889956,0.122818,-0.3491,0.429927,0,31.5521
31.572,2.10167,1.1942,0.79074,0,0,0,0,86,88,0,0,0,0,0,traj_sz=100
31.5723,2.10167,1.1942,0.79074,2.16985,1.24857,0.607622,0.12563,86,88,0.0866024,0.12291,-0.322664,0.427717,0,31.5723
31.592,2.10334,1.19613,0.787194,0,0,0,0,86,88,0,0,0,0,0,traj_sz=100
31.5921,2.10334,1.19613,0.787194,2.16985,1.24857,0.607622,0.12563,86,88,0.0840918,0.122894,-0.299356,0.425459,0,31.5921
31.6119,2.10554,1.19804,0.784302,0,0,0,0,86,88,0,0,0,0,0,traj_sz=100
31.612,2.10554,1.19804,0.784302,2.16985,1.24857,0.607622,0.12563,86,88,0.0812181,0.122528,-0.274832,0.422721,0,31.612
31.6322,2.10711,1.19992,0.775128,0,0,0,0,86,88,0,0,0,0,0,traj_sz=100
31.6324,2.10711,1.19992,0.775128,2.16985,1.24857,0.607622,0.12563,86,88,0.0788622,0.122678,-0.211616,0.420578,0,31.6324
31.652,2.10816,1.20102,0.773272,0,0,0,0,86,88,0,0,0,0,0,traj_sz=100
31.6521,2.10816,1.20102,0.773272,2.16985,1.24857,0.607622,0.12563,86,88,0.0773641,0.123676,-0.198481,0.41921,0,31.6521
31.672,2.11139,1.20422,0.766032,0,0,0,0,86,88,0,0,0,0,0,traj_sz=100
31.6721,2.11139,1.20422,0.766032,2.16985,1.24857,0.607622,0.12563,86,88,0.0728748,0.121666,-0.145158,0.415052,0,31.6721
31.692,2.11233,1.20523,0.76316,0,0,0,0,86,88,0,0,0,0,0,traj_sz=100
31.6921,2.11233,1.20523,0.76316,2.16985,1.24857,0.607622,0.12563,86,88,0.0715237,0.122832,-0.124862,0.413817,0,31.6921
31.712,2.11433,1.2073,0.755195,0,0,0,0,86,88,0,0,0,0,0,traj_sz=100
31.7122,2.11433,1.2073,0.755195,2.16985,1.24857,0.607622,0.12563,87,88,0.0687131,0.12252,-0.3491,0.41122,0,31.7122
31.7321,2.11538,1.20823,0.752795,0,0,0,0,87,88,0,0,0,0,0,traj_sz=100
31.7322,2.11538,1.20823,0.752795,2.16985,1.24857,0.607622,0.12563,87,88,0.0673314,0.123666,-0.3491,0.409918,0,31.7322
31.752,2.11754,1.21024,0.748875,0,0,0,0,87,88,0,0,0,0,0,traj_sz=100
31.7521,2.11754,1.21024,0.748875,2.16985,1.24857,0.607622,0.12563,87,88,0.0644107,0.123245,-0.3491,0.407196,0,31.7521
31.7719,2.12089,1.2135,0.742017,0,0,0,0,87,88,0,0,0,0,0,traj_sz=100
31.772,2.12089,1.2135,0.742017,2.20769,1.27489,0.50903,0.12563,87,89,0.105469,0.121105,-0.3491,0.402939,0,31.772
31.792,2.12201,1.21451,0.739165,0,0,0,0,87,89,0,0,0,0,0,traj_sz=100
31.7921,2.12201,1.21451,0.739165,2.20769,1.27489,0.50903,0.12563,87,89,0.103995,0.122148,-0.3491,0.40154,0,31.7921
31.812,2.12386,1.21669,0.731368,0,0,0,0,87,89,0,0,0,0,0,traj_sz=100
31.8121,2.12386,1.21669,0.731368,2.20769,1.27489,0.50903,0.12563,87,89,0.101259,0.121854,-0.3491,0.399062,0,31.8121
31.832,2.12593,1.2185,0.72836,0,0,0,0,87,89,0,0,0,0,0,traj_sz=100
31.8322,2.12593,1.2185,0.72836,2.20769,1.27489,0.50903,0.12563,87,89,0.0985558,0.121656,-0.3491,0.396515,0,31.8322
31.8519,2.12692,1.2195,0.726845,0,0,0,0,87,89,0,0,0,0,0,traj_sz=100
31.852,2.12692,1.2195,0.726845,2.20769,1.27489,0.50903,0.12563,87,89,0.0971687,0.122774,-0.3491,0.39525,0,31.852
31.872,2.12968,1.22234,0.717532,0,0,0,0,87,89,0,0,0,0,0,traj_sz=100
31.8721,2.12968,1.22234,0.717532,2.20769,1.27489,0.50903,0.12563,87,89,0.0933298,0.121372,-0.3491,0.391709,0,31.8721
31.892,2.13085,1.22312,0.717424,0,0,0,0,87,89,0,0,0,0,0,traj_sz=100
31.8921,2.13085,1.22312,0.717424,2.20769,1.27489,0.50903,0.12563,87,89,0.091936,0.122513,-0.3491,0.390346,0,31.8921
31.912,2.13293,1.22497,0.713153,0,0,0,0,87,89,0,0,0,0,0,traj_sz=100
31.9121,2.13293,1.22497,0.713153,2.20769,1.27489,0.50903,0.12563,87,89,0.0891997,0.122255,-0.3491,0.387781,0,31.9121
31.932,2.13368,1.22599,0.706632,0,0,0,0,87,89,0,0,0,0,0,traj_sz=100
31.9321,2.13368,1.22599,0.706632,2.20769,1.27489,0.50903,0.12563,87,89,0.0880392,0.123576,-0.3491,0.386743,0,31.9321
31.9519,2.13589,1.22774,0.703936,0,0,0,0,87,89,0,0,0,0,0,traj_sz=100
31.952,2.13589,1.22774,0.703936,2.20769,1.27489,0.50903,0.12563,87,89,0.0852491,0.123286,-0.3491,0.384086,0,31.952
31.972,2.13909,1.23049,0.697052,0,0,0,0,87,89,0,0,0,0,0,traj_sz=100
31.9722,2.13909,1.23049,0.697052,2.20769,1.27489,0.50903,0.12563,87,89,0.0811004,0.121627,-0.328373,0.380183,0,31.9722
31.9919,2.13987,1.23138,0.690927,0,0,0,0,87,89,0,0,0,0,0,traj_sz=100
31.9921,2.13987,1.23138,0.690927,2.20769,1.27489,0.50903,0.12563,87,89,0.0799946,0.122996,-0.286755,0.379163,0,31.9921
32.0119,2.14217,1.23332,0.687669,0,0,0,0,87,89,0,0,0,0,0,traj_sz=100
32.012,2.14217,1.23332,0.687669,2.20769,1.27489,0.50903,0.12563,87,89,0.0770184,0.122531,-0.263168,0.376375,0,32.012
32.0321,2.14333,1.23437,0.684806,0,0,0,0,87,89,0,0,0,0,0,traj_sz=100
32.0322,2.14333,1.23437,0.684806,2.20769,1.27489,0.50903,0.12563,87,89,0.0754779,0.123532,-0.243254,0.374943,0,32.0322
32.052,2.14527,1.23607,0.67664,0,0,0,0,87,89,0,0,0,0,0,traj_sz=100
32.0522,2.14527,1.23607,0.67664,2.20769,1.27489,0.50903,0.12563,87,89,0.07298,0.123503,-0.185114,0.372581,0,32.0522
32.0719,2.14863,1.23894,0.669705,0,0,0,0,87,89,0,0,0,0,0,traj_sz=100
32.072,2.14863,1.23894,0.669705,2.20769,1.27489,0.50903,0.12563,88,89,0.0686184,0.121607,-0.3491,0.368504,0,32.072
32.0919,2.1496,1.23986,0.665914,0,0,0,0,88,89,0,0,0,0,0,traj_sz=100
32.092,2.1496,1.23986,0.665914,2.20769,1.27489,0.50903,0.12563,88,89,0.0673205,0.122823,-0.3491,0.367305,0,32.092
32.112,2.15194,1.24179,0.660445,0,0,0,0,88,89,0,0,0,0,0,traj_sz=100
32.1124,2.15194,1.24179,0.660445,2.20769,1.27489,0.50903,0.12563,88,89,0.064326,0.122349,-0.3491,0.364487,0,32.1124
32.132,2.15398,1.24359,0.652392,0,0,0,0,88,89,0,0,0,0,0,traj_sz=100
32.1322,2.15398,1.24359,0.652392,2.24794,1.29735,0.410949,0.12563,88,90,0.107299,0.12218,-0.3491,0.362011,0,32.1322
32.152,2.15528,1.24443,0.651415,0,0,0,0,88,90,0,0,0,0,0,traj_sz=100
32.152,2.15528,1.24443,0.651415,2.24794,1.29735,0.410949,0.12563,88,90,0.105776,0.123172,-0.3491,0.360527,0,32.152
32.172,2.15847,1.24711,0.641479,0,0,0,0,88,90,0,0,0,0,0,traj_sz=100
32.1721,2.15847,1.24711,0.641479,2.24794,1.29735,0.410949,0.12563,88,90,0.101741,0.12155,-0.3491,0.356686,0,32.1721
32.192,2.15942,1.24813,0.638317,0,0,0,0,88,90,0,0,0,0,0,traj_sz=100
32.1921,2.15942,1.24813,0.638317,2.24794,1.29735,0.410949,0.12563,88,90,0.100417,0.122722,-0.3491,0.355489,0,32.1921
32.212,2.1619,1.24969,0.636224,0,0,0,0,88,90,0,0,0,0,0,traj_sz=100
32.2122,2.1619,1.24969,0.636224,2.24794,1.29735,0.410949,0.12563,88,90,0.0975227,0.122355,-0.3491,0.352665,0,32.2122
32.232,2.16301,1.25051,0.634603,0,0,0,0,88,90,0,0,0,0,0,traj_sz=100
32.2321,2.16301,1.25051,0.634603,2.24794,1.29735,0.410949,0.12563,88,90,0.0961671,0.123499,-0.3491,0.351374,0,32.2321
32.2519,2.16506,1.2522,0.625922,0,0,0,0,88,90,0,0,0,0,0,traj_sz=100
32.252,2.16506,1.2522,0.625922,2.24794,1.29735,0.410949,0.12563,88,90,0.0936232,0.123376,-0.3491,0.348931,0,32.252
32.2721,2.16862,1.25501,0.618383,0,0,0,0,88,90,0,0,0,0,0,traj_sz=100
32.2722,2.16862,1.25501,0.618383,2.24794,1.29735,0.410949,0.12563,88,90,0.0891731,0.121401,-0.3491,0.344721,0,32.2722
32.292,2.16996,1.25589,0.616203,0,0,0,0,88,90,0,0,0,0,0,traj_sz=100
32.2924,2.16996,1.25589,0.616203,2.24794,1.29735,0.410949,0.12563,88,90,0.087595,0.122361,-0.3491,0.343191,0,32.2924
32.312,2.17189,1.25762,0.604844,0,0,0,0,88,90,0,0,0,0,0,traj_sz=100
32.3121,2.17189,1.25762,0.604844,2.24794,1.29735,0.410949,0.12563,88,90,0.0851522,0.122298,-0.3491,0.34087,0,32.3121
32.332,2.1743,1.25954,0.600316,0,0,0,0,88,90,0,0,0,0,0,traj_sz=100
32.3321,2.1743,1.25954,0.600316,2.24794,1.29735,0.410949,0.12563,88,90,0.08212,0.121766,-0.342344,0.338026,0,32.3321
32.352,2.17556,1.26037,0.59898,0,0,0,0,88,90,0,0,0,0,0,traj_sz=100
32.3521,2.17556,1.26037,0.59898,2.24794,1.29735,0.410949,0.12563,88,90,0.0806302,0.122815,-0.3322,0.336596,0,32.3521
32.372,2.17867,1.26311,0.582925,0,0,0,0,88,90,0,0,0,0,0,traj_sz=100
32.3721,2.17867,1.26311,0.582925,2.24794,1.29735,0.410949,0.12563,88,90,0.0766748,0.121252,-0.223672,0.332868,0,32.3721
32.392,2.17979,1.26383,0.578957,0,0,0,0,88,90,0,0,0,0,0,traj_sz=100
32.3921,2.17979,1.26383,0.578957,2.24794,1.29735,0.410949,0.12563,88,90,0.0753854,0.122472,-0.194423,0.331605,0,32.3921
32.412,2.18248,1.26547,0.578118,0,0,0,0,88,90,0,0,0,0,0,traj_sz=100
32.4121,2.18248,1.26547,0.578118,2.24794,1.29735,0.410949,0.12563,88,90,0.0722446,0.121874,-0.185458,0.328581,0,32.4121
32.432,2.18464,1.26736,0.568148,0,0,0,0,88,90,0,0,0,0,0,traj_sz=100
32.4322,2.18464,1.26736,0.568148,2.24794,1.29735,0.410949,0.12563,88,90,0.0694954,0.121602,-0.118439,0.326011,0,32.4322
32.452,2.18578,1.26797,0.565759,0,0,0,0,88,90,0,0,0,0,0,traj_sz=100
32.4522,2.18578,1.26797,0.565759,2.24794,1.29735,0.410949,0.12563,89,90,0.068218,0.122846,-0.3491,0.324746,0,32.4522
32.472,2.18817,1.26962,0.560822,0,0,0,0,89,90,0,0,0,0,0,traj_sz=100
32.4722,2.18817,1.26962,0.560822,2.24794,1.29735,0.410949,0.12563,89,90,0.0653675,0.122507,-0.3491,0.322027,0,32.4722
32.4919,2.19075,1.27127,0.556378,0,0,0,0,89,90,0,0,0,0,0,traj_sz=100
32.492,2.19075,1.27127,0.556378,2.24794,1.29735,0.410949,0.12563,89,90,0.0623402,0.121973,-0.3491,0.319118,0,32.492
32.512,2.1931,1.27298,0.548572,0,0,0,0,89,90,0,0,0,0,0,traj_sz=100
32.5121,2.1931,1.27298,0.548572,2.29019,1.31576,0.315719,0.12563,89,91,0.105152,0.121628,-0.3491,0.316417,0,32.5121
32.532,2.1956,1.27465,0.543231,0,0,0,0,89,91,0,0,0,0,0,traj_sz=100
32.5322,2.1956,1.27465,0.543231,2.29019,1.31576,0.315719,0.12563,89,91,0.102229,0.121179,-0.3491,0.313592,0,32.5322
32.552,2.19682,1.27541,0.539456,0,0,0,0,89,91,0,0,0,0,0,traj_sz=100
32.5522,2.19682,1.27541,0.539456,2.29019,1.31576,0.315719,0.12563,89,91,0.100838,0.122289,-0.3491,0.312224,0,32.5522
32.572,2.19932,1.27697,0.535953,0,0,0,0,89,91,0,0,0,0,0,traj_sz=100
32.5721,2.19932,1.27697,0.535953,2.29019,1.31576,0.315719,0.12563,89,91,0.0979373,0.121866,-0.3491,0.309423,0,32.5721
32.592,2.20148,1.27877,0.52907,0,0,0,0,89,91,0,0,0,0,0,traj_sz=100
32.5922,2.20148,1.27877,0.52907,2.29019,1.31576,0.315719,0.12563,89,91,0.0952546,0.121654,-0.3491,0.306904,0,32.5922
32.612,2.20411,1.28015,0.525664,0,0,0,0,89,91,0,0,0,0,0,traj_sz=100
32.6121,2.20411,1.28015,0.525664,2.29019,1.31576,0.315719,0.12563,89,91,0.0923295,0.12122,-0.3491,0.304024,0,32.6121
32.632,2.20641,1.28158,0.520241,0,0,0,0,89,91,0,0,0,0,0,traj_sz=100
32.6321,2.20641,1.28158,0.520241,2.29019,1.31576,0.315719,0.12563,89,91,0.089686,0.121048,-0.3491,0.301455,0,32.6321
32.652,2.20751,1.28226,0.51666,0,0,0,0,89,91,0,0,0,0,0,traj_sz=100
32.6521,2.20751,1.28226,0.51666,2.29019,1.31576,0.315719,0.12563,89,91,0.0884349,0.122298,-0.3491,0.300229,0,32.6521
32.672,2.21021,1.28369,0.511325,0,0,0,0,89,91,0,0,0,0,0,traj_sz=100
32.6722,2.21021,1.28369,0.511325,2.29019,1.31576,0.315719,0.12563,89,91,0.085447,0.121805,-0.3491,0.297284,0,32.6722
32.692,2.21252,1.28526,0.5043,0,0,0,0,89,91,0,0,0,0,0,traj_sz=100
32.6922,2.21252,1.28526,0.5043,2.29019,1.31576,0.315719,0.12563,89,91,0.0827424,0.121572,-0.3491,0.294683,0,32.6922
32.712,2.21492,1.28674,0.498444,0,0,0,0,89,91,0,0,0,0,0,traj_sz=100
32.7121,2.21492,1.28674,0.498444,2.29019,1.31576,0.315719,0.12563,89,91,0.0799831,0.121285,-0.325542,0.292013,0,32.7121
32.732,2.2175,1.28815,0.493612,0,0,0,0,89,91,0,0,0,0,0,traj_sz=100
32.7321,2.2175,1.28815,0.493612,2.29019,1.31576,0.315719,0.12563,89,91,0.0770946,0.120901,-0.290294,0.28919,0,32.7321
32.752,2.2188,1.28869,0.493429,0,0,0,0,89,91,0,0,0,0,0,traj_sz=100
32.7522,2.2188,1.28869,0.493429,2.29019,1.31576,0.315719,0.12563,89,91,0.0756924,0.122049,-0.286651,0.287804,0,32.7522
32.7721,2.22238,1.29106,0.48213,0,0,0,0,89,91,0,0,0,0,0,traj_sz=100
32.7722,2.22238,1.29106,0.48213,2.29019,1.31576,0.315719,0.12563,89,91,0.0715354,0.120335,-0.210066,0.283809,0,32.7722
32.792,2.22364,1.29167,0.478111,0,0,0,0,89,91,0,0,0,0,0,traj_sz=100
32.7922,2.22364,1.29167,0.478111,2.29019,1.31576,0.315719,0.12563,89,91,0.0701675,0.12148,-0.179988,0.282445,0,32.7922
32.8121,2.22623,1.29313,0.474022,0,0,0,0,89,91,0,0,0,0,0,traj_sz=100
32.8122,2.22623,1.29313,0.474022,2.29019,1.31576,0.315719,0.12563,90,91,0.0672353,0.121058,-0.3491,0.279612,0,32.8122
32.8321,2.22751,1.29383,0.470938,0,0,0,0,90,91,0,0,0,0,0,traj_sz=100
32.8323,2.22751,1.29383,0.470938,2.29019,1.31576,0.315719,0.12563,90,91,0.0658088,0.12216,-0.3491,0.278221,0,32.8323
32.852,2.23,1.29507,0.46675,0,0,0,0,90,91,0,0,0,0,0,traj_sz=100
32.8522,2.23,1.29507,0.46675,2.29019,1.31576,0.315719,0.12563,90,91,0.0630632,0.121913,-0.3491,0.275531,0,32.8522
32.872,2.234,1.29702,0.460041,0,0,0,0,90,91,0,0,0,0,0,traj_sz=100
32.8722,2.234,1.29702,0.460041,2.334,1.33007,0.225883,0.120914,90,92,0.104275,0.120005,-0.3491,0.271222,0,32.8722
32.8921,2.23536,1.29737,0.460047,0,0,0,0,90,92,0,0,0,0,0,traj_sz=100
32.8923,2.23536,1.29737,0.460047,2.334,1.33007,0.225883,0.120914,90,92,0.102902,0.121187,-0.3491,0.269821,0,32.8923
32.912,2.23795,1.29896,0.453794,0,0,0,0,90,92,0,0,0,0,0,traj_sz=100
32.9122,2.23795,1.29896,0.453794,2.334,1.33007,0.225883,0.120914,90,92,0.0999658,0.120698,-0.3491,0.266972,0,32.9122
32.9319,2.23911,1.29984,0.449182,0,0,0,0,90,92,0,0,0,0,0,traj_sz=100
32.932,2.23911,1.29984,0.449182,2.334,1.33007,0.225883,0.120914,90,92,0.0986068,0.121798,-0.3491,0.26567,0,32.932
32.952,2.24175,1.30087,0.443026,0,0,0,0,90,92,0,0,0,0,0,traj_sz=100
32.9522,2.24175,1.30087,0.443026,2.334,1.33007,0.225883,0.120914,90,92,0.0958663,0.12153,-0.3491,0.262887,0,32.9522
32.9719,2.24556,1.30331,0.434534,0,0,0,0,90,92,0,0,0,0,0,traj_sz=100
32.972,2.24556,1.30331,0.434534,2.334,1.33007,0.225883,0.120914,90,92,0.0914877,0.119564,-0.3491,0.258688,0,32.972
32.9919,2.2468,1.30379,0.430308,0,0,0,0,90,92,0,0,0,0,0,traj_sz=100
32.992,2.2468,1.30379,0.430308,2.334,1.33007,0.225883,0.120914,90,92,0.0902129,0.120779,-0.3491,0.257382,0,32.992
33.012,2.24925,1.30507,0.425238,0,0,0,0,90,92,0,0,0,0,0,traj_sz=100
33.0122,2.24925,1.30507,0.425238,2.334,1.33007,0.225883,0.120914,90,92,0.0875157,0.120577,-0.3491,0.254743,0,33.0122
33.032,2.25178,1.30641,0.418212,0,0,0,0,90,92,0,0,0,0,0,traj_sz=100
33.0321,2.25178,1.30641,0.418212,2.334,1.33007,0.225883,0.120914,90,92,0.0847425,0.120252,-0.3491,0.252017,0,33.0321
33.0519,2.2529,1.30711,0.416147,0,0,0,0,90,92,0,0,0,0,0,traj_sz=100
33.052,2.2529,1.30711,0.416147,2.334,1.33007,0.225883,0.120914,90,92,0.0834622,0.121493,-0.3491,0.250799,0,33.052
33.0719,2.2565,1.30859,0.409146,0,0,0,0,90,92,0,0,0,0,0,traj_sz=100
33.072,2.2565,1.30859,0.409146,2.334,1.33007,0.225883,0.120914,90,92,0.0796516,0.120147,-0.3491,0.246999,0,33.072
33.092,2.25782,1.30888,0.409742,0,0,0,0,90,92,0,0,0,0,0,traj_sz=100
33.0921,2.25782,1.30888,0.409742,2.334,1.33007,0.225883,0.120914,90,92,0.0783138,0.12137,-0.3491,0.245645,0,33.0921
33.112,2.2603,1.3104,0.399734,0,0,0,0,90,92,0,0,0,0,0,traj_sz=100
33.112,2.2603,1.3104,0.399734,2.334,1.33007,0.225883,0.120914,90,92,0.0755447,0.121044,-0.319273,0.24295,0,33.112
33.1321,2.26273,1.31164,0.392984,0,0,0,0,90,92,0,0,0,0,0,traj_sz=100
33.1322,2.26273,1.31164,0.392984,2.334,1.33007,0.225883,0.120914,90,92,0.0728913,0.120887,-0.273108,0.240347,0,33.1322
33.152,2.26421,1.312,0.394643,0,0,0,0,90,92,0,0,0,0,0,traj_sz=100
33.1522,2.26421,1.312,0.394643,2.334,1.33007,0.225883,0.120914,90,92,0.0713759,0.121932,-0.281105,0.238835,0,33.1522
33.172,2.26814,1.314,0.384261,0,0,0,0,90,92,0,0,0,0,0,traj_sz=100
33.1722,2.26814,1.314,0.384261,2.334,1.33007,0.225883,0.120914,91,92,0.0670847,0.120098,-0.3491,0.234642,0,33.1722
33.192,2.26934,1.31464,0.380031,0,0,0,0,91,92,0,0,0,0,0,traj_sz=100
33.1921,2.26934,1.31464,0.380031,2.334,1.33007,0.225883,0.120914,91,92,0.0657667,0.121281,-0.3491,0.23335,0,33.1921
33.212,2.27198,1.31589,0.375167,0,0,0,0,91,92,0,0,0,0,0,traj_sz=100
33.2121,2.27198,1.31589,0.375167,2.334,1.33007,0.225883,0.120914,91,92,0.0629055,0.120917,-0.3491,0.230561,0,33.2121
33.2321,2.27477,1.31656,0.373673,0,0,0,0,91,92,0,0,0,0,0,traj_sz=100
33.2323,2.27477,1.31656,0.373673,2.37723,1.34001,0.147081,0.109024,91,93,0.103947,0.120636,-0.3491,0.227697,0,33.2323
33.252,2.27597,1.31748,0.367609,0,0,0,0,91,93,0,0,0,0,0,traj_sz=100
33.2521,2.27597,1.31748,0.367609,2.37723,1.34001,0.147081,0.109024,91,93,0.102595,0.121721,-0.3491,0.22638,0,33.2521
33.272,2.27993,1.31925,0.356921,0,0,0,0,91,93,0,0,0,0,0,traj_sz=100
33.2722,2.27993,1.31925,0.356921,2.37723,1.34001,0.147081,0.109024,91,93,0.0984198,0.119946,-0.3491,0.222207,0,33.2722
33.292,2.28132,1.31952,0.355778,0,0,0,0,91,93,0,0,0,0,0,traj_sz=100
33.2921,2.28132,1.31952,0.355778,2.37723,1.34001,0.147081,0.109024,91,93,0.0970424,0.121081,-0.3491,0.220797,0,33.2921
33.3122,2.28406,1.32093,0.349885,0,0,0,0,91,93,0,0,0,0,0,traj_sz=100
33.3123,2.28406,1.32093,0.349885,2.37723,1.34001,0.147081,0.109024,91,93,0.0940686,0.120607,-0.3491,0.217892,0,33.3123
33.3322,2.28687,1.32176,0.346225,0,0,0,0,91,93,0,0,0,0,0,traj_sz=100
33.3323,2.28687,1.32176,0.346225,2.37723,1.34001,0.147081,0.109024,91,93,0.0911912,0.120223,-0.3491,0.214992,0,33.3323
33.3521,2.28808,1.32268,0.339039,0,0,0,0,91,93,0,0,0,0,0,traj_sz=100
33.3522,2.28808,1.32268,0.339039,2.37723,1.34001,0.147081,0.109024,91,93,0.0898375,0.121301,-0.3491,0.213673,0,33.3522
33.372,2.29204,1.32372,0.334177,0,0,0,0,91,93,0,0,0,0,0,traj_sz=100
33.372,2.29204,1.32372,0.334177,2.37723,1.34001,0.147081,0.109024,91,93,0.0858213,0.119743,-0.3491,0.209616,0,33.372
33.392,2.29336,1.32452,0.327808,0,0,0,0,91,93,0,0,0,0,0,traj_sz=100
33.3921,2.29336,1.32452,0.327808,2.37723,1.34001,0.147081,0.109024,91,93,0.0843945,0.1207,-0.3491,0.208208,0,33.3921
33.4121,2.29626,1.32523,0.324902,0,0,0,0,91,93,0,0,0,0,0,traj_sz=100
33.4124,2.29626,1.32523,0.324902,2.37723,1.34001,0.147081,0.109024,91,93,0.0814492,0.120022,-0.3491,0.205238,0,33.4124
33.432,2.29878,1.32664,0.314888,0,0,0,0,91,93,0,0,0,0,0,traj_sz=100
33.4322,2.29878,1.32664,0.314888,2.37723,1.34001,0.147081,0.109024,91,93,0.0787284,0.119482,-0.3491,0.202567,0,33.4322
33.452,2.30004,1.32705,0.311539,0,0,0,0,91,93,0,0,0,0,0,traj_sz=100
33.4521,2.30004,1.32705,0.311539,2.37723,1.34001,0.147081,0.109024,91,93,0.0774479,0.120439,-0.3491,0.201274,0,33.4521
33.472,2.30391,1.32863,0.302018,0,0,0,0,91,93,0,0,0,0,0,traj_sz=100
33.4721,2.30391,1.32863,0.302018,2.37723,1.34001,0.147081,0.109024,91,93,0.0733922,0.118584,-0.303609,0.197256,0,33.4721
33.4921,2.30547,1.3287,0.301109,0,0,0,0,91,93,0,0,0,0,0,traj_sz=100
33.4922,2.30547,1.3287,0.301109,2.37723,1.34001,0.147081,0.109024,91,93,0.0718852,0.119368,-0.290894,0.195693,0,33.4922
33.5121,2.30793,1.32982,0.294979,0,0,0,0,91,93,0,0,0,0,0,traj_sz=100
33.5122,2.30793,1.32982,0.294979,2.37723,1.34001,0.147081,0.109024,91,93,0.0692636,0.118972,-0.251226,0.193122,0,33.5122
33.5321,2.30935,1.33055,0.290185,0,0,0,0,91,93,0,0,0,0,0,traj_sz=100
33.5322,2.30935,1.33055,0.290185,2.37723,1.34001,0.147081,0.109024,91,93,0.0677449,0.119708,-0.220434,0.191635,0,33.5322
33.5521,2.31235,1.33122,0.287128,0,0,0,0,91,93,0,0,0,0,0,traj_sz=100
33.5523,2.31235,1.33122,0.287128,2.37723,1.34001,0.147081,0.109024,92,93,0.0647165,0.118946,-0.3491,0.188592,0,33.5523
33.572,2.31609,1.33255,0.277471,0,0,0,0,92,93,0,0,0,0,0,traj_sz=100
33.5722,2.31609,1.33255,0.277471,2.37723,1.34001,0.147081,0.109024,92,93,0.0608439,0.117265,-0.3491,0.184734,0,33.5722
33.5921,2.31726,1.33324,0.273283,0,0,0,0,92,93,0,0,0,0,0,traj_sz=100
33.5923,2.31726,1.33324,0.273283,2.4168,1.34587,0.0849195,0.0902084,92,94,0.0992579,0.118263,-0.3491,0.183511,0,33.5923
33.6121,2.3197,1.33376,0.269145,0,0,0,0,92,94,0,0,0,0,0,traj_sz=100
33.6122,2.3197,1.33376,0.269145,2.4168,1.34587,0.0849195,0.0902084,92,94,0.0968231,0.118052,-0.3491,0.181029,0,33.6122
33.632,2.32227,1.33471,0.261204,0,0,0,0,92,94,0,0,0,0,0,traj_sz=100
33.6321,2.32227,1.33471,0.261204,2.4168,1.34587,0.0849195,0.0902084,92,94,0.0942024,0.117607,-0.3491,0.178383,0,33.6321
33.652,2.32348,1.33494,0.260337,0,0,0,0,92,94,0,0,0,0,0,traj_sz=100
33.6523,2.32348,1.33494,0.260337,2.4168,1.34587,0.0849195,0.0902084,92,94,0.0929862,0.11868,-0.3491,0.177159,0,33.6523
33.6721,2.32709,1.33595,0.252237,0,0,0,0,92,94,0,0,0,0,0,traj_sz=100
33.6722,2.32709,1.33595,0.252237,2.4168,1.34587,0.0849195,0.0902084,92,94,0.0893431,0.117213,-0.3491,0.173476,0,33.6722
33.692,2.32836,1.33613,0.25121,0,0,0,0,92,94,0,0,0,0,0,traj_sz=100
33.6921,2.32836,1.33613,0.25121,2.4168,1.34587,0.0849195,0.0902084,92,94,0.0880846,0.118221,-0.3491,0.172199,0,33.6921
33.712,2.33054,1.33706,0.246039,0,0,0,0,92,94,0,0,0,0,0,traj_sz=100
33.7121,2.33054,1.33706,0.246039,2.4168,1.34587,0.0849195,0.0902084,92,94,0.0858032,0.11817,-0.3491,0.169949,0,33.7121
33.7321,2.3317,1.3375,0.24139,0,0,0,0,92,94,0,0,0,0,0,traj_sz=100
33.7322,2.3317,1.3375,0.24139,2.4168,1.34587,0.0849195,0.0902084,92,94,0.0846327,0.119236,-0.3491,0.168763,0,33.7322
33.7521,2.33412,1.33832,0.234546,0,0,0,0,92,94,0,0,0,0,0,traj_sz=100
33.7522,2.33412,1.33832,0.234546,2.4168,1.34587,0.0849195,0.0902084,92,94,0.0821715,0.118972,-0.3491,0.166291,0,33.7522
33.7721,2.33783,1.33896,0.228795,0,0,0,0,92,94,0,0,0,0,0,traj_sz=100
33.7722,2.33783,1.33896,0.228795,2.4168,1.34587,0.0849195,0.0902084,92,94,0.0784805,0.117017,-0.3491,0.162547,0,33.7722
33.792,2.33904,1.33964,0.223337,0,0,0,0,92,94,0,0,0,0,0,traj_sz=100
33.7921,2.33904,1.33964,0.223337,2.4168,1.34587,0.0849195,0.0902084,92,94,0.077211,0.117487,-0.3491,0.161296,0,33.7921
33.8121,2.34152,1.34016,0.218566,0,0,0,0,92,94,0,0,0,0,0,traj_sz=100
33.8123,2.34152,1.34016,0.218566,2.4168,1.34587,0.0849195,0.0902084,92,94,0.0747232,0.11677,-0.333032,0.158782,0,33.8123
33.8321,2.34436,1.34091,0.212136,0,0,0,0,92,94,0,0,0,0,0,traj_sz=100
33.8323,2.34436,1.34091,0.212136,2.4168,1.34587,0.0849195,0.0902084,92,94,0.0718567,0.115639,-0.288088,0.155901,0,33.8323
33.852,2.3454,1.34105,0.21052,0,0,0,0,92,94,0,0,0,0,0,traj_sz=100
33.8521,2.3454,1.34105,0.21052,2.4168,1.34587,0.0849195,0.0902084,92,94,0.0708276,0.116383,-0.275023,0.154856,0,33.8521
33.8721,2.34942,1.34224,0.199999,0,0,0,0,92,94,0,0,0,0,0,traj_sz=100
33.8722,2.34942,1.34224,0.199999,2.4168,1.34587,0.0849195,0.0902084,92,94,0.06676,0.114025,-0.203202,0.150782,0,33.8722
33.8921,2.35067,1.34227,0.199629,0,0,0,0,92,94,0,0,0,0,0,traj_sz=100
33.8922,2.35067,1.34227,0.199629,2.4168,1.34587,0.0849195,0.0902084,92,94,0.0655273,0.114595,-0.196791,0.149527,0,33.8922
33.9121,2.35322,1.34301,0.193901,0,0,0,0,92,94,0,0,0,0,0,traj_sz=100
33.9123,2.35322,1.34301,0.193901,2.4168,1.34587,0.0849195,0.0902084,92,94,0.0629383,0.113758,-0.157725,0.146945,0,33.9123
33.932,2.35596,1.34357,0.189529,0,0,0,0,92,94,0,0,0,0,0,traj_sz=100
33.9321,2.35596,1.34357,0.189529,2.4168,1.34587,0.0849195,0.0902084,93,94,0.0601807,0.11275,-0.3491,0.14418,0,33.9321
33.9521,2.35745,1.34362,0.189485,0,0,0,0,93,94,0,0,0,0,0,traj_sz=100
33.9522,2.35745,1.34362,0.189485,2.4168,1.34587,0.0849195,0.0902084,93,94,0.0587159,0.113095,-0.3491,0.142697,0,33.9522
33.9719,2.36143,1.34505,0.176569,0,0,0,0,93,94,0,0,0,0,0,traj_sz=100
33.9722,2.36143,1.34505,0.176569,2.4168,1.34587,0.0849195,0.0902084,93,94,0.0546499,0.110713,-0.3491,0.138655,0,33.9722
33.992,2.363,1.34506,0.176396,0,0,0,0,93,94,0,0,0,0,0,traj_sz=100
33.9922,2.363,1.34506,0.176396,2.44977,1.34867,0.0419845,0.0668114,93,95,0.0860579,0.110974,-0.3491,0.13709,0,33.9922
34.0121,2.36546,1.34566,0.171244,0,0,0,0,93,95,0,0,0,0,0,traj_sz=100
34.0121,2.36546,1.34566,0.171244,2.44977,1.34867,0.0419845,0.0668114,93,95,0.0835888,0.110248,-0.3491,0.134609,0,34.0121
34.0319,2.36819,1.34635,0.16514,0,0,0,0,93,95,0,0,0,0,0,traj_sz=100
34.032,2.36819,1.34635,0.16514,2.44977,1.34867,0.0419845,0.0668114,93,95,0.080854,0.109237,-0.3491,0.131863,0,34.032
34.052,2.36953,1.34645,0.164074,0,0,0,0,93,95,0,0,0,0,0,traj_sz=100
34.0522,2.36953,1.34645,0.164074,2.44977,1.34867,0.0419845,0.0668114,93,95,0.0795239,0.109703,-0.3491,0.130517,0,34.0522
34.0719,2.37341,1.34733,0.15668,0,0,0,0,93,95,0,0,0,0,0,traj_sz=100
34.0721,2.37341,1.34733,0.15668,2.44977,1.34867,0.0419845,0.0668114,93,95,0.0756312,0.107526,-0.3491,0.126615,0,34.0721
34.092,2.37471,1.34772,0.153666,0,0,0,0,93,95,0,0,0,0,0,traj_sz=100
34.0921,2.37471,1.34772,0.153666,2.44977,1.34867,0.0419845,0.0668114,93,95,0.0743226,0.107991,-0.3491,0.125312,0,34.0921
34.112,2.37718,1.34778,0.152994,0,0,0,0,93,95,0,0,0,0,0,traj_sz=100
34.1121,2.37718,1.34778,0.152994,2.44977,1.34867,0.0419845,0.0668114,93,95,0.0718811,0.107334,-0.3491,0.122844,0,34.1121
34.1319,2.37951,1.34862,0.146563,0,0,0,0,93,95,0,0,0,0,0,traj_sz=100
34.132,2.37951,1.34862,0.146563,2.44977,1.34867,0.0419845,0.0668114,93,95,0.0695087,0.10628,-0.3491,0.120493,0,34.132
34.152,2.38069,1.3487,0.144665,0,0,0,0,93,95,0,0,0,0,0,traj_sz=100
34.152,2.38069,1.3487,0.144665,2.44977,1.34867,0.0419845,0.0668114,93,95,0.0683569,0.106294,-0.341056,0.11932,0,34.152
34.1721,2.38417,1.34943,0.135263,0,0,0,0,93,95,0,0,0,0,0,traj_sz=100
34.1722,2.38417,1.34943,0.135263,2.44977,1.34867,0.0419845,0.0668114,93,95,0.0648975,0.103935,-0.276486,0.11583,0,34.1722
34.192,2.38532,1.34941,0.135416,0,0,0,0,93,95,0,0,0,0,0,traj_sz=100
34.1922,2.38532,1.34941,0.135416,2.44977,1.34867,0.0419845,0.0668114,93,95,0.0637645,0.103984,-0.274853,0.114686,0,34.1922
34.2121,2.38772,1.35008,0.127299,0,0,0,0,93,95,0,0,0,0,0,traj_sz=100
34.2124,2.38772,1.35008,0.127299,2.44977,1.34867,0.0419845,0.0668114,93,95,0.061373,0.102703,-0.221104,0.112285,0,34.2124
34.232,2.39004,1.35025,0.124402,0,0,0,0,93,95,0,0,0,0,0,traj_sz=100
34.2323,2.39004,1.35025,0.124402,2.44977,1.34867,0.0419845,0.0668114,93,95,0.0590754,0.101564,-0.197581,0.109963,0,34.2323
34.2522,2.39128,1.35063,0.121636,0,0,0,0,93,95,0,0,0,0,0,traj_sz=100
34.2524,2.39128,1.35063,0.121636,2.44977,1.34867,0.0419845,0.0668114,93,95,0.0578179,0.101473,-0.180608,0.10872,0,34.2524
34.272,2.39487,1.35128,0.113691,0,0,0,0,93,95,0,0,0,0,0,traj_sz=100
34.2722,2.39487,1.35128,0.113691,2.44977,1.34867,0.0419845,0.0668114,93,95,0.05425,0.0990016,-0.125124,0.105138,0,34.2722
34.292,2.39603,1.35141,0.109861,0,0,0,0,93,95,0,0,0,0,0,traj_sz=100
34.2922,2.39603,1.35141,0.109861,2.48984,1.34996,0.00460975,0.0212049,94,97,0.0930901,0.0990226,-0.3491,0.103984,0,34.2922
34.3121,2.3984,1.35146,0.110049,0,0,0,0,94,97,0,0,0,0,0,traj_sz=100
34.3122,2.3984,1.35146,0.110049,2.48984,1.34996,0.00460975,0.0212049,94,97,0.0907231,0.0978411,-0.3491,0.101611,0,34.3122
34.332,2.40081,1.35202,0.104585,0,0,0,0,94,97,0,0,0,0,0,traj_sz=100
34.3321,2.40081,1.35202,0.104585,2.48984,1.34996,0.00460975,0.0212049,94,97,0.0883271,0.0965593,-0.3491,0.0992093,0,34.3321
34.352,2.40198,1.35219,0.101815,0,0,0,0,94,97,0,0,0,0,0,traj_sz=100
34.3521,2.40198,1.35219,0.101815,2.48984,1.34996,0.00460975,0.0212049,94,97,0.0871777,0.0965596,-0.3491,0.0980434,0,34.3521
34.372,2.40512,1.35286,0.0914102,0,0,0,0,94,97,0,0,0,0,0,traj_sz=100
34.3721,2.40512,1.35286,0.0914102,2.48984,1.34996,0.00460975,0.0212049,94,97,0.0841028,0.0945504,-0.3491,0.0949245,0,34.3721
34.3921,2.40635,1.35272,0.0916468,0,0,0,0,94,97,0,0,0,0,0,traj_sz=100
34.3923,2.40635,1.35272,0.0916468,2.48984,1.34996,0.00460975,0.0212049,94,97,0.0828856,0.0945296,-0.3491,0.0936876,0,34.3923
34.412,2.40855,1.3528,0.0906749,0,0,0,0,94,97,0,0,0,0,0,traj_sz=100
34.4121,2.40855,1.3528,0.0906749,2.48984,1.34996,0.00460975,0.0212049,94,97,0.080697,0.0935041,-0.3491,0.0914915,0,34.4121
34.432,2.41091,1.35339,0.0837494,0,0,0,0,94,97,0,0,0,0,0,traj_sz=100
34.4323,2.41091,1.35339,0.0837494,2.49762,1.35,0.000610924,0.00648794,94,98,0.0861204,0.0922824,-0.316462,0.0891527,0,34.4323
34.452,2.41205,1.35343,0.0827621,0,0,0,0,94,98,0,0,0,0,0,traj_sz=100
34.4522,2.41205,1.35343,0.0827621,2.49762,1.35,0.000610924,0.00648794,94,98,0.084993,0.0923262,-0.308509,0.0880167,0,34.4522
34.4721,2.41528,1.35388,0.078078,0,0,0,0,94,98,0,0,0,0,0,traj_sz=100
34.4722,2.41528,1.35388,0.078078,2.49762,1.35,0.000610924,0.00648794,94,98,0.0817872,0.0902478,-0.277354,0.0848095,0,34.4722
34.492,2.41624,1.35393,0.0774982,0,0,0,0,94,98,0,0,0,0,0,traj_sz=100
34.4922,2.41624,1.35393,0.0774982,2.49762,1.35,0.000610924,0.00648794,94,98,0.0808305,0.0902587,-0.272741,0.0838516,0,34.4922
34.512,2.41833,1.35396,0.0738987,0,0,0,0,94,98,0,0,0,0,0,traj_sz=100
34.5121,2.41833,1.35396,0.0738987,2.5,1.35,0,0,94,99,0.0811588,0.0887229,-0.244586,0.08177,0,34.5121
34.5321,2.42051,1.35451,0.0694708,0,0,0,0,94,99,0,0,0,0,0,traj_sz=100
34.5321,2.42051,1.35451,0.0694708,2.5,1.35,0,0,94,99,0.0789891,0.0870544,-0.218186,0.0796221,0,34.5321
34.552,2.42127,1.35462,0.0657369,0,0,0,0,94,99,0,0,0,0,0,traj_sz=100
34.5521,2.42127,1.35462,0.0657369,2.5,1.35,0,0,94,99,0.078257,0.0868317,-0.191967,0.0788663,0,34.5521
34.572,2.42447,1.35446,0.0636194,0,0,0,0,94,99,0,0,0,0,0,traj_sz=100
34.5721,2.42447,1.35446,0.0636194,2.5,1.35,0,0,94,99,0.0750983,0.0842043,-0.17023,0.0756662,0,34.5721
34.5919,2.42542,1.35449,0.0632427,0,0,0,0,94,99,0,0,0,0,0,traj_sz=100
34.592,2.42542,1.35449,0.0632427,2.5,1.35,0,0,94,99,0.0741457,0.0837928,-0.166823,0.0747142,0,34.592
34.6119,2.42747,1.35458,0.0585353,0,0,0,0,94,99,0,0,0,0,0,traj_sz=100
34.6121,2.42747,1.35458,0.0585353,2.5,1.35,0,0,94,99,0.0721355,0.0822898,-0.131565,0.0726719,0,34.6121
34.6319,2.42964,1.35464,0.0578969,0,0,0,0,94,99,0,0,0,0,0,traj_sz=100
34.632,2.42964,1.35464,0.0578969,2.5,1.35,0,0,94,99,0.0699745,0.0806678,-0.12507,0.0705131,0,34.632
34.6521,2.43054,1.35518,0.0537008,0,0,0,0,94,99,0,0,0,0,0,traj_sz=100
34.6522,2.43054,1.35518,0.0537008,2.5,1.35,0,0,94,99,0.0690789,0.0802813,-0.10178,0.0696494,0,34.6522
34.672,2.43311,1.35524,0.0459174,0,0,0,0,94,99,0,0,0,0,0,traj_sz=100
34.6721,2.43311,1.35524,0.0459174,2.5,1.35,0,0,95,99,0.0665814,0.0782641,-0.306913,0.0670972,0,34.6721
34.692,2.43416,1.35525,0.0449778,0,0,0,0,95,99,0,0,0,0,0,traj_sz=100
34.6923,2.43416,1.35525,0.0449778,2.5,1.35,0,0,95,99,0.0655364,0.0777582,-0.299589,0.0660475,0,34.6923
34.7119,2.43612,1.3553,0.0437955,0,0,0,0,95,99,0,0,0,0,0,traj_sz=100
34.7121,2.43612,1.3553,0.0437955,2.5,1.35,0,0,95,99,0.0635911,0.0763477,-0.290698,0.0641042,0,34.7121
34.7319,2.43804,1.35541,0.0415915,0,0,0,0,95,99,0,0,0,0,0,traj_sz=100
34.732,2.43804,1.35541,0.0415915,2.5,1.35,0,0,95,99,0.0616784,0.0749627,-0.275266,0.062193,0,34.732
34.7519,2.43891,1.35582,0.0368761,0,0,0,0,95,99,0,0,0,0,0,traj_sz=100
34.752,2.43891,1.35582,0.0368761,2.5,1.35,0,0,95,99,0.0608294,0.074616,-0.246866,0.0613621,0,34.752
34.7719,2.44139,1.35573,0.035955,0,0,0,0,95,99,0,0,0,0,0,traj_sz=100
34.7721,2.44139,1.35573,0.035955,2.5,1.35,0,0,95,99,0.0583645,0.072693,-0.237337,0.0588879,0,34.7721
34.792,2.44213,1.35581,0.0340039,0,0,0,0,95,99,0,0,0,0,0,traj_sz=100
34.7921,2.44213,1.35581,0.0340039,2.5,1.35,0,0,95,99,0.057643,0.0725023,-0.224029,0.058165,0,34.7921
34.8119,2.44383,1.35576,0.0343291,0,0,0,0,95,99,0,0,0,0,0,traj_sz=100
34.812,2.44383,1.35576,0.0343291,2.5,1.35,0,0,95,99,0.0559352,0.0713414,-0.224547,0.0564607,0,34.812
34.832,2.44543,1.35574,0.032131,0,0,0,0,95,99,0,0,0,0,0,traj_sz=100
34.8321,2.44543,1.35574,0.032131,2.5,1.35,0,0,95,99,0.0543554,0.0702923,-0.207372,0.0548687,0,34.8321
34.852,2.44634,1.35579,0.0315469,0,0,0,0,95,99,0,0,0,0,0,traj_sz=100
34.8522,2.44634,1.35579,0.0315469,2.5,1.35,0,0,95,99,0.0534471,0.0699268,-0.203383,0.0539681,0,34.8522
34.8719,2.44904,1.3562,0.0251358,0,0,0,0,95,99,0,0,0,0,0,traj_sz=100
34.872,2.44904,1.3562,0.0251358,2.5,1.35,0,0,95,99,0.0507911,0.0672467,-0.161592,0.0513381,0,34.872
34.892,2.4498,1.35626,0.0234405,0,0,0,0,95,99,0,0,0,0,0,traj_sz=100
34.8921,2.4498,1.35626,0.0234405,2.5,1.35,0,0,95,99,0.0500404,0.0665023,-0.149866,0.0505897,0,34.8921
34.9119,2.45161,1.35614,0.0220688,0,0,0,0,95,99,0,0,0,0,0,traj_sz=100
34.912,2.45161,1.35614,0.0220688,2.5,1.35,0,0,95,99,0.0482425,0.0647164,-0.137114,0.0487783,0,34.912
34.932,2.453,1.35622,0.0188276,0,0,0,0,95,99,0,0,0,0,0,traj_sz=100
34.9322,2.453,1.35622,0.0188276,2.5,1.35,0,0,95,99,0.0468741,0.0633436,-0.113996,0.0474089,0,34.9322
34.9519,2.45366,1.35618,0.0192047,0,0,0,0,95,99,0,0,0,0,0,traj_sz=100
34.952,2.45366,1.35618,0.0192047,2.5,1.35,0,0,95,99,0.0462082,0.0627002,-0.115786,0.0467461,0,34.952
34.9719,2.45568,1.35644,0.0152682,0,0,0,0,95,99,0,0,0,0,0,traj_sz=100
34.972,2.45568,1.35644,0.0152682,2.5,1.35,0,0,95,99,0.044216,0.0606958,-0.0900859,0.0447856,0,34.972
34.9922,2.45594,1.35645,0.0143536,0,0,0,0,95,99,0,0,0,0,0,traj_sz=100
34.9923,2.45594,1.35645,0.0143536,2.5,1.35,0,0,95,99,0.0439608,0.0604537,-0.0833707,0.0445269,0,34.9923
35.0119,2.4575,1.35621,0.0155934,0,0,0,0,95,99,0,0,0,0,0,traj_sz=100
35.0121,2.4575,1.35621,0.0155934,2.5,1.35,0,0,95,99,0.0423968,0.0589218,-0.0877647,0.04295,0,35.0121
35.032,2.45849,1.35627,0.0129717,0,0,0,0,95,99,0,0,0,0,0,traj_sz=100
35.0321,2.45849,1.35627,0.0129717,2.5,1.35,0,0,95,99,0.0414211,0.0579464,-0.0691399,0.0419764,0,35.0321
35.052,2.45928,1.35629,0.0127088,0,0,0,0,95,99,0,0,0,0,0,traj_sz=100
35.0521,2.45928,1.35629,0.0127088,2.5,1.35,0,0,95,99,0.0406348,0.0571771,-0.067104,0.0412012,0,35.0521
35.0719,2.46151,1.35665,0.00854838,0,0,0,0,95,99,0,0,0,0,0,traj_sz=100
35.072,2.46151,1.35665,0.00854838,2.5,1.35,0,0,95,99,0.0384349,0.0549621,-0.041112,0.0390632,0,35.072
35.0921,2.46204,1.35662,0.00884868,0,0,0,0,95,99,0,0,0,0,0,traj_sz=100
35.0923,2.46204,1.35662,0.00884868,2.5,1.35,0,0,96,99,0.0378984,0.0544476,-0.18461,0.0385318,0,35.0923
35.112,2.4634,1.35671,0.0068394,0,0,0,0,96,99,0,0,0,0,0,traj_sz=100
35.1121,2.4634,1.35671,0.0068394,2.5,1.35,0,0,96,99,0.0365555,0.0531086,-0.171119,0.0372122,0,35.1121
35.132,2.46407,1.35684,0.00352757,0,0,0,0,96,99,0,0,0,0,0,traj_sz=100
35.1321,2.46407,1.35684,0.00352757,2.5,1.35,0,0,96,99,0.0359036,0.0524505,-0.148999,0.0365725,0,35.1321
35.1519,2.46455,1.35699,0.00060641,0,0,0,0,96,99,0,0,0,0,0,traj_sz=100
35.1521,2.46455,1.35699,0.00060641,2.5,1.35,0,0,96,99,0.0354457,0.0519884,-0.130101,0.0361318,0,35.1521
35.172,2.46625,1.35666,0.00506305,0,0,0,0,96,99,0,0,0,0,0,traj_sz=100
35.1721,2.46625,1.35666,0.00506305,2.5,1.35,0,0,96,99,0.0337112,0.0503099,-0.156902,0.0343967,0,35.1721
35.1919,2.46699,1.35686,0.00284387,0,0,0,0,96,99,0,0,0,0,0,traj_sz=100
35.192,2.46699,1.35686,0.00284387,2.5,1.35,0,0,96,99,0.0329865,0.0495855,-0.143742,0.0337119,0,35.192
35.2119,2.46828,1.35678,0.00372592,0,0,0,0,96,99,0,0,0,0,0,traj_sz=100
35.212,2.46828,1.35678,0.00372592,2.5,1.35,0,0,96,99,0.031695,0.0483202,-0.148558,0.0324372,0,35.212
35.232,2.46896,1.35689,-9.33746e-05,0,0,0,0,96,99,0,0,0,0,0,traj_sz=100
35.232,2.46896,1.35689,-9.33746e-05,2.5,1.35,0,0,96,99,0.0310448,0.0474565,-0.122466,0.0317988,0,35.232
35.2522,2.4696,1.35684,-0.000580546,0,0,0,0,96,99,0,0,0,0,0,traj_sz=100
35.2524,2.4696,1.35684,-0.000580546,2.5,1.35,0,0,96,99,0.030408,0.0465085,-0.118145,0.0311646,0,35.2524
35.2719,2.47041,1.35687,-0.0011182,0,0,0,0,96,99,0,0,0,0,0,traj_sz=100
35.2721,2.47041,1.35687,-0.0011182,2.5,1.35,0,0,96,99,0.0295929,0.0453878,-0.114465,0.0303722,0,35.2721
35.2919,2.4708,1.3567,0.000763332,0,0,0,0,96,99,0,0,0,0,0,traj_sz=100
35.292,2.4708,1.3567,0.000763332,2.5,1.35,0,0,96,99,0.0291956,0.0447027,-0.125364,0.0299593,0,35.292
35.3121,2.47175,1.35674,0.000190101,0,0,0,0,96,99,0,0,0,0,0,traj_sz=100
35.3122,2.47175,1.35674,0.000190101,2.5,1.35,0,0,96,99,0.0282458,0.0434405,-0.12161,0.02904,0,35.3122
35.332,2.47231,1.35667,0.00125804,0,0,0,0,96,99,0,0,0,0,0,traj_sz=100
35.3321,2.47231,1.35667,0.00125804,2.5,1.35,0,0,96,99,0.0276786,0.0425778,-0.128127,0.0284793,0,35.3321
35.352,2.47261,1.35683,-0.00178622,0,0,0,0,96,99,0,0,0,0,0,traj_sz=100
35.3522,2.47261,1.35683,-0.00178622,2.5,1.35,0,0,96,99,0.0273981,0.0419687,-0.108495,0.0282245,0,35.3522
35.3719,2.47345,1.35676,-0.00154859,0,0,0,0,96,99,0,0,0,0,0,traj_sz=100
35.372,2.47345,1.35676,-0.00154859,2.5,1.35,0,0,96,99,0.0265578,0.0408289,-0.108987,0.0273948,0,35.372
35.3919,2.47421,1.35668,-0.00252267,0,0,0,0,96,99,0,0,0,0,0,traj_sz=100
35.3921,2.47421,1.35668,-0.00252267,2.5,1.35,0,0,96,99,0.0258029,0.0397629,-0.100546,0.026637,0,35.3921
35.4121,2.47497,1.35662,-0.00192571,0,0,0,0,96,99,0,0,0,0,0,traj_sz=100
35.4123,2.47497,1.35662,-0.00192571,2.5,1.35,0,0,96,99,0.0250401,0.0386963,-0.103844,0.0258893,0,35.4123
35.4321,2.47574,1.35681,-0.00496338,0,0,0,0,96,99,0,0,0,0,0,traj_sz=100
35.4322,2.47574,1.35681,-0.00496338,2.5,1.35,0,0,96,99,0.0242935,0.0376229,-0.0846095,0.0251986,0,35.4322
35.452,2.4763,1.35691,-0.00600678,0,0,0,0,96,99,0,0,0,0,0,traj_sz=100
35.4521,2.4763,1.35691,-0.00600678,2.5,1.35,0,0,96,99,0.0237427,0.0367612,-0.0783746,0.0246878,0,35.4521
35.4721,2.47736,1.35676,-0.00520114,0,0,0,0,96,99,0,0,0,0,0,traj_sz=100
35.4722,2.47736,1.35676,-0.00520114,2.5,1.35,0,0,96,99,0.0226747,0.035394,-0.0816234,0.0236262,0,35.4722
35.492,2.47774,1.35692,-0.00823223,0,0,0,0,96,99,0,0,0,0,0,traj_sz=100
35.4921,2.47774,1.35692,-0.00823223,2.5,1.35,0,0,96,99,0.0223123,0.0347054,-0.0621717,0.023307,0,35.4921
35.512,2.47837,1.35722,-0.010193,0,0,0,0,96,99,0,0,0,0,0,traj_sz=100
35.5122,2.47837,1.35722,-0.010193,2.5,1.35,0,0,96,99,0.0217033,0.0337727,-0.0523596,0.0228031,0,35.5122
35.532,2.47847,1.35735,-0.0116789,0,0,0,0,96,99,0,0,0,0,0,traj_sz=100
35.5321,2.47847,1.35735,-0.0116789,2.5,1.35,0,0,96,99,0.0216117,0.0333641,-0.0436488,0.022748,0,35.5321
35.552,2.47923,1.35702,-0.00796569,0,0,0,0,96,99,0,0,0,0,0,traj_sz=100
35.5521,2.47923,1.35702,-0.00796569,2.5,1.35,0,0,96,99,0.0208209,0.0322998,-0.0652234,0.0219202,0,35.5521
35.572,2.48018,1.35722,-0.0120184,0,0,0,0,96,99,0,0,0,0,0,traj_sz=100
35.5722,2.48018,1.35722,-0.0120184,2.5,1.35,0,0,96,99,0.0199027,0.0310446,-0.0387434,0.0210902,0,35.5722
35.592,2.48041,1.35755,-0.0144047,0,0,0,0,96,99,0,0,0,0,0,traj_sz=100
35.592,2.48041,1.35755,-0.0144047,2.5,1.35,0,0,96,99,0.0196919,0.0304873,-0.0265356,0.0209906,0,35.592
35.612,2.48113,1.35712,-0.0128449,0,0,0,0,96,99,0,0,0,0,0,traj_sz=100
35.6121,2.48113,1.35712,-0.0128449,2.5,1.35,0,0,96,99,0.0189608,0.0293964,-0.0311579,0.0201703,0,35.6121
35.632,2.48171,1.35746,-0.0137959,0,0,0,0,96,99,0,0,0,0,0,traj_sz=100
35.6321,2.48171,1.35746,-0.0137959,2.5,1.35,0,0,96,99,0.0183886,0.0284355,-0.0292509,0.0197511,0,35.6321
35.6519,2.48233,1.35725,-0.0148324,0,0,0,0,96,99,0,0,0,0,0,traj_sz=100
35.6521,2.48233,1.35725,-0.0148324,2.5,1.35,0,0,97,99,0.017777,0.0274446,-0.0687817,0.0191013,0,35.6521
35.672,2.48322,1.3572,-0.0159689,0,0,0,0,97,99,0,0,0,0,0,traj_sz=100
35.6721,2.48322,1.3572,-0.0159689,2.5,1.35,0,0,97,99,0.0168948,0.0261781,-0.0597769,0.0182616,0,35.6721
35.692,2.4834,1.35721,-0.0160157,0,0,0,0,97,99,0,0,0,0,0,traj_sz=100
35.692,2.4834,1.35721,-0.0160157,2.5,1.35,0,0,97,99,0.0167156,0.0256226,-0.059497,0.0180984,0,35.692
35.7121,2.48394,1.35724,-0.017426,0,0,0,0,97,99,0,0,0,0,0,traj_sz=100
35.7122,2.48394,1.35724,-0.017426,2.5,1.35,0,0,97,99,0.0161814,0.0246977,-0.049866,0.0176154,0,35.7122
35.7321,2.48446,1.35736,-0.01964,0,0,0,0,97,99,0,0,0,0,0,traj_sz=100
35.7323,2.48446,1.35736,-0.01964,2.5,1.35,0,0,97,99,0.0156835,0.0238037,-0.0356603,0.0171969,0,35.7323
35.752,2.48454,1.35721,-0.0171544,0,0,0,0,97,99,0,0,0,0,0,traj_sz=100
35.7521,2.48454,1.35721,-0.0171544,2.5,1.35,0,0,97,99,0.0155779,0.023346,-0.0512748,0.017055,0,35.7521
35.7721,2.48515,1.35744,-0.0163592,0,0,0,0,97,99,0,0,0,0,0,traj_sz=100
35.7722,2.48515,1.35744,-0.0163592,2.5,1.35,0,0,97,99,0.0149715,0.0223612,-0.0604388,0.0166116,0,35.7722
35.7921,2.48547,1.35716,-0.0169265,0,0,0,0,97,99,0,0,0,0,0,traj_sz=100
35.7923,2.48547,1.35716,-0.0169265,2.5,1.35,0,0,97,99,0.0146486,0.0216624,-0.0521003,0.0161975,0,35.7923
35.812,2.48561,1.35757,-0.0176097,0,0,0,0,97,99,0,0,0,0,0,traj_sz=100
35.8121,2.48561,1.35757,-0.0176097,2.5,1.35,0,0,97,99,0.0145236,0.0211518,-0.0533353,0.0162619,0,35.8121
35.832,2.4861,1.3573,-0.0181581,0,0,0,0,97,99,0,0,0,0,0,traj_sz=100
35.8321,2.4861,1.3573,-0.0181581,2.5,1.35,0,0,97,99,0.0140308,0.0202832,-0.0452383,0.0156988,0,35.8321
35.8521,2.4861,1.3573,-0.0181581,0,0,0,0,97,99,0,0,0,0,0,traj_sz=100
35.8522,2.4861,1.3573,-0.0181581,2.5,1.35,0,0,97,99,0.0140308,0.0199045,-0.0452383,0.0156988,0,35.8522
35.8721,2.48646,1.35759,-0.0178663,0,0,0,0,97,99,0,0,0,0,0,traj_sz=100
35.8722,2.48646,1.35759,-0.0178663,2.5,1.35,0,0,97,99,0.0136761,0.0191694,-0.0516781,0.0155229,0,35.8722
35.892,2.48675,1.35728,-0.0183021,0,0,0,0,97,99,0,0,0,0,0,traj_sz=100
35.8923,2.48675,1.35728,-0.0183021,2.5,1.35,0,0,97,99,0.0133808,0.0185008,-0.0439736,0.0151196,0,35.8923
35.9119,2.48695,1.35756,-0.0191565,0,0,0,0,97,99,0,0,0,0,0,traj_sz=100
35.912,2.48695,1.35756,-0.0191565,2.5,1.35,0,0,97,99,0.0131925,0.0179269,-0.0419809,0.0150825,0,35.912
35.932,2.48695,1.35755,-0.0179003,0,0,0,0,97,99,0,0,0,0,0,traj_sz=100
35.9323,2.48695,1.35755,-0.0179003,2.5,1.35,0,0,97,99,0.0131851,0.0175485,-0.0508978,0.0150799,0,35.9323
35.9522,2.48693,1.35755,-0.018412,0,0,0,0,97,99,0,0,0,0,0,traj_sz=100
35.9523,2.48693,1.35755,-0.018412,2.5,1.35,0,0,97,99,0.0132053,0.0171871,-0.0471139,0.0150909,0,35.9523
35.9719,2.48758,1.35755,-0.0182834,0,0,0,0,97,99,0,0,0,0,0,traj_sz=100
35.9721,2.48758,1.35755,-0.0182834,2.5,1.35,0,0,97,99,0.0125588,0.0163143,-0.0480204,0.0145361,0,35.9721
35.992,2.48758,1.35755,-0.0182834,0,0,0,0,97,99,0,0,0,0,0,traj_sz=100
35.9921,2.48758,1.35755,-0.0182834,2.5,1.35,0,0,97,99,0.0125588,0.0160904,-0.0480204,0.0145361,0,35.9921
36.012,2.48758,1.35755,-0.0182834,0,0,0,0,97,99,0,0,0,0,0,traj_sz=100
36.0121,2.48758,1.35755,-0.0182834,2.5,1.35,0,0,97,99,0.0125588,0.0158669,-0.0480204,0.0145361,0,36.0121
36.0321,2.48781,1.35757,-0.0175493,0,0,0,0,97,99,0,0,0,0,0,traj_sz=100
36.0322,2.48781,1.35757,-0.0175493,2.5,1.35,0,0,97,99,0.012318,0.0154055,-0.0536599,0.0143481,0,36.0322
36.052,2.48792,1.35745,-0.0161579,0,0,0,0,97,99,0,0,0,0,0,traj_sz=100
36.0522,2.48792,1.35745,-0.0161579,2.5,1.35,0,0,97,99,0.0121971,0.0150734,-0.0617751,0.0141892,0,36.0522
36.072,2.48819,1.35759,-0.0200831,0,0,0,0,97,99,0,0,0,0,0,traj_sz=100
36.0723,2.48819,1.35759,-0.0200831,2.5,1.35,0,0,97,99,0.0119573,0.0145773,-0.035588,0.0140342,0,36.0723
36.0919,2.48819,1.35758,-0.0189478,0,0,0,0,97,99,0,0,0,0,0,traj_sz=100
36.092,2.48819,1.35758,-0.0189478,2.5,1.35,0,0,97,99,0.011951,0.0143592,-0.0436448,0.0140318,0,36.092
36.1121,2.48831,1.35747,-0.0183644,0,0,0,0,97,99,0,0,0,0,0,traj_sz=100
36.1123,2.48831,1.35747,-0.0183644,2.5,1.35,0,0,97,99,0.0118218,0.01401,-0.0462534,0.0138713,0,36.1123
36.132,2.48866,1.35765,-0.0203384,0,0,0,0,97,99,0,0,0,0,0,traj_sz=100
36.1321,2.48866,1.35765,-0.0203384,2.5,1.35,0,0,97,99,0.0114897,0.0134376,-0.0346987,0.0136768,0,36.1321
36.152,2.48897,1.35733,-0.0207636,0,0,0,0,97,99,0,0,0,0,0,traj_sz=100
36.1522,2.48897,1.35733,-0.0207636,2.5,1.35,0,0,97,99,0.0111776,0.0129048,-0.0267578,0.0132402,0,36.1522
36.1721,2.48872,1.35762,-0.0204436,0,0,0,0,97,99,0,0,0,0,0,traj_sz=100
36.1722,2.48872,1.35762,-0.0204436,2.5,1.35,0,0,97,99,0.011432,0.0129315,-0.0334699,0.0136115,0,36.1722
36.1919,2.48872,1.35762,-0.0204436,0,0,0,0,97,99,0,0,0,0,0,traj_sz=100
36.192,2.48872,1.35762,-0.0204436,2.5,1.35,0,0,97,99,0.011432,0.0127098,-0.0334699,0.0136115,0,36.192
36.2121,2.48883,1.35758,-0.0199636,0,0,0,0,97,99,0,0,0,0,0,traj_sz=100
36.2123,2.48883,1.35758,-0.0199636,2.5,1.35,0,0,97,99,0.0113231,0.0123794,-0.036269,0.0135006,0,36.2123
36.232,2.48883,1.35758,-0.0199636,0,0,0,0,97,99,0,0,0,0,0,traj_sz=100
36.2321,2.48883,1.35758,-0.0199636,2.5,1.35,0,0,97,99,0.0113231,0.0121572,-0.036269,0.0135006,0,36.2321
36.252,2.48883,1.35758,-0.0199636,0,0,0,0,97,99,0,0,0,0,0,traj_sz=100
36.2521,2.48883,1.35758,-0.0199636,2.5,1.35,0,0,97,99,0.0113231,0.011934,-0.036269,0.0135006,0,36.2521
36.2722,2.48904,1.35772,-0.0215469,0,0,0,0,97,99,0,0,0,0,0,traj_sz=100
36.2723,2.48904,1.35772,-0.0215469,2.5,1.35,0,0,97,99,0.0111208,0.011491,-0.0269982,0.0134034,0,36.2723
36.292,2.48928,1.3576,-0.0216105,0,0,0,0,97,99,0,0,0,0,0,traj_sz=100
36.2922,2.48928,1.3576,-0.0216105,2.5,1.35,0,0,97,99,0.0108847,0.0110344,-0.024772,0.0131448,0,36.2922
36.312,2.48951,1.35756,-0.0210971,0,0,0,0,97,99,0,0,0,0,0,traj_sz=100
36.3122,2.48951,1.35756,-0.0210971,2.5,1.35,0,0,97,99,0.0106493,0.0105798,-0.0277636,0.0129304,0,36.3122
36.3321,2.48959,1.35768,-0.0237517,0,0,0,0,97,99,0,0,0,0,0,traj_sz=100
36.3322,2.48959,1.35768,-0.0237517,2.5,1.35,0,0,97,99,0.0105896,0.0104102,-0.0104763,0.012936,0,36.3322
36.3521,2.48959,1.3577,-0.0247827,0,0,0,0,97,99,0,0,0,0,0,traj_sz=100
36.3522,2.48959,1.3577,-0.0247827,2.5,1.35,0,0,97,99,0.0105953,0.0104077,-0.00333882,0.0129453,0,36.3522
36.3719,2.48959,1.3577,-0.0247827,0,0,0,0,97,99,0,0,0,0,0,traj_sz=100
36.3722,2.48959,1.3577,-0.0247827,2.5,1.35,0,0,97,99,0.0105953,0.0104077,-0.00333882,0.0129453,0,36.3722
36.392,2.48959,1.3577,-0.0247827,0,0,0,0,97,99,0,0,0,0,0,traj_sz=100
36.3922,2.48959,1.3577,-0.0247827,2.5,1.35,0,0,97,99,0.0105953,0.0104077,-0.00333882,0.0129453,0,36.3922
36.4119,2.48981,1.35786,-0.0265211,0,0,0,0,97,99,0,0,0,0,0,traj_sz=100
36.412,2.48981,1.35786,-0.0265211,2.5,1.35,0,0,97,99,0.0103983,0.0101936,0.0068325,0.0128693,0,36.412
36.432,2.49013,1.3577,-0.0248406,0,0,0,0,97,99,0,0,0,0,0,traj_sz=100
36.4322,2.49013,1.3577,-0.0248406,2.5,1.35,0,0,97,99,0.0100565,0.00986816,-0.00296289,0.0125189,0,36.4322
36.4521,2.49024,1.35773,-0.0251378,0,0,0,0,97,99,0,0,0,0,0,traj_sz=100
36.4522,2.49024,1.35773,-0.0251378,2.5,1.35,0,0,97,99,0.00995075,0.00975952,-0.00122594,0.0124504,0,36.4522
36.472,2.4908,1.35773,-0.0251232,0,0,0,0,97,99,0,0,0,0,0,traj_sz=100
36.4721,2.4908,1.35773,-0.0251232,2.5,1.35,0,0,97,99,0.00938975,0.00919849,-0.0012717,0.0120148,0,36.4721
36.4922,2.4908,1.35773,-0.0251232,0,0,0,0,97,99,0,0,0,0,0,traj_sz=100
36.4923,2.4908,1.35773,-0.0251232,2.5,1.35,0,0,97,99,0.00938975,0.00919849,-0.0012717,0.0120148,0,36.4923
36.5121,2.49114,1.35781,-0.0273559,0,0,0,0,97,99,0,0,0,0,0,traj_sz=100
36.5122,2.49114,1.35781,-0.0273559,2.5,1.35,0,0,97,99,0.00907453,0.00886426,0.0136341,0.0118133,0,36.5122
36.5319,2.49114,1.35781,-0.0273559,0,0,0,0,97,99,0,0,0,0,0,traj_sz=100
36.5321,2.49114,1.35781,-0.0273559,2.5,1.35,0,0,97,99,0.00907453,0.00886426,0.0136341,0.0118133,0,36.5321
36.5521,2.49123,1.3577,-0.0261142,0,0,0,0,97,99,0,0,0,0,0,traj_sz=100
36.5522,2.49123,1.3577,-0.0261142,2.5,1.35,0,0,97,99,0.00896676,0.0087688,0.00639668,0.0116669,0,36.5522
36.572,2.49123,1.3577,-0.0261142,0,0,0,0,97,99,0,0,0,0,0,traj_sz=100
36.5722,2.49123,1.3577,-0.0261142,2.5,1.35,0,0,97,99,0.00896676,0.0087688,0.00639668,0.0116669,0,36.5722
36.592,2.49123,1.3577,-0.0261142,0,0,0,0,97,99,0,0,0,0,0,traj_sz=100
36.5922,2.49123,1.3577,-0.0261142,2.5,1.35,0,0,97,99,0.00896676,0.0087688,0.00639668,0.0116669,0,36.5922
36.612,2.49123,1.3577,-0.0261142,0,0,0,0,97,99,0,0,0,0,0,traj_sz=100
36.6121,2.49123,1.3577,-0.0261142,2.5,1.35,0,0,97,99,0.00896676,0.0087688,0.00639668,0.0116669,0,36.6121
36.632,2.49123,1.35772,-0.0271974,0,0,0,0,97,99,0,0,0,0,0,traj_sz=100
36.6322,2.49123,1.35772,-0.0271974,2.5,1.35,0,0,97,99,0.00897245,0.00876587,0.0138951,0.0116779,0,36.6322
36.6519,2.49123,1.35772,-0.0271974,0,0,0,0,97,99,0,0,0,0,0,traj_sz=100
36.652,2.49123,1.35772,-0.0271974,2.5,1.35,0,0,97,99,0.00897245,0.00876587,0.0138951,0.0116779,0,36.652
36.672,2.49123,1.35772,-0.0271974,0,0,0,0,97,99,0,0,0,0,0,traj_sz=100
36.6721,2.49123,1.35772,-0.0271974,2.5,1.35,0,0,97,99,0.00897245,0.00876587,0.0138951,0.0116779,0,36.6721
36.692,2.49123,1.35772,-0.0271974,0,0,0,0,97,99,0,0,0,0,0,traj_sz=100
36.6922,2.49123,1.35772,-0.0271974,2.5,1.35,0,0,97,99,0.00897245,0.00876587,0.0138951,0.0116779,0,36.6922
36.712,2.49123,1.35772,-0.0271974,0,0,0,0,97,99,0,0,0,0,0,traj_sz=100
36.7121,2.49123,1.35772,-0.0271974,2.5,1.35,0,0,97,99,0.00897245,0.00876587,0.0138951,0.0116779,0,36.7121
36.7321,2.49123,1.35772,-0.0271974,0,0,0,0,97,99,0,0,0,0,0,traj_sz=100
36.7322,2.49123,1.35772,-0.0271974,2.5,1.35,0,0,97,99,0.00897245,0.00876587,0.0138951,0.0116779,0,36.7322
36.7519,2.49123,1.35772,-0.0271974,0,0,0,0,97,99,0,0,0,0,0,traj_sz=100
36.7521,2.49123,1.35772,-0.0271974,2.5,1.35,0,0,97,99,0.00897245,0.00876587,0.0138951,0.0116779,0,36.7521
36.772,2.49123,1.35772,-0.0271974,0,0,0,0,97,99,0,0,0,0,0,traj_sz=100
36.7721,2.49123,1.35772,-0.0271974,2.5,1.35,0,0,97,99,0.00897245,0.00876587,0.0138951,0.0116779,0,36.7721
36.7921,2.49123,1.35772,-0.0271974,0,0,0,0,97,99,0,0,0,0,0,traj_sz=100
36.7923,2.49123,1.35772,-0.0271974,2.5,1.35,0,0,97,99,0.00897245,0.00876587,0.0138951,0.0116779,0,36.7923
36.812,2.49123,1.35772,-0.0271974,0,0,0,0,97,99,0,0,0,0,0,traj_sz=100
36.8121,2.49123,1.35772,-0.0271974,2.5,1.35,0,0,97,99,0.00897245,0.00876587,0.0138951,0.0116779,0,36.8121
36.832,2.49123,1.35772,-0.0271974,0,0,0,0,97,99,0,0,0,0,0,traj_sz=100
36.8321,2.49123,1.35772,-0.0271974,2.5,1.35,0,0,97,99,0.00897245,0.00876587,0.0138951,0.0116779,0,36.8321
36.8521,2.49123,1.35772,-0.0271974,0,0,0,0,97,99,0,0,0,0,0,traj_sz=100
36.8523,2.49123,1.35772,-0.0271974,2.5,1.35,0,0,97,99,0.00897245,0.00876587,0.0138951,0.0116779,0,36.8523
36.8721,2.49123,1.35772,-0.0271974,0,0,0,0,97,99,0,0,0,0,0,traj_sz=100
36.8723,2.49123,1.35772,-0.0271974,2.5,1.35,0,0,97,99,0.00897245,0.00876587,0.0138951,0.0116779,0,36.8723
36.892,2.49123,1.35772,-0.0271974,0,0,0,0,97,99,0,0,0,0,0,traj_sz=100
36.8921,2.49123,1.35772,-0.0271974,2.5,1.35,0,0,97,99,0.00897245,0.00876587,0.0138951,0.0116779,0,36.8921
36.9121,2.49123,1.35772,-0.0271974,0,0,0,0,97,99,0,0,0,0,0,traj_sz=100
36.9123,2.49123,1.35772,-0.0271974,2.5,1.35,0,0,97,99,0.00897245,0.00876587,0.0138951,0.0116779,0,36.9123
36.9319,2.49123,1.35772,-0.0271974,0,0,0,0,97,99,0,0,0,0,0,traj_sz=100
36.932,2.49123,1.35772,-0.0271974,2.5,1.35,0,0,97,99,0.00897245,0.00876587,0.0138951,0.0116779,0,36.932
36.9519,2.49123,1.35772,-0.0271974,0,0,0,0,97,99,0,0,0,0,0,traj_sz=100
36.952,2.49123,1.35772,-0.0271974,2.5,1.35,0,0,97,99,0.00897245,0.00876587,0.0138951,0.0116779,0,36.952
36.972,2.49123,1.35772,-0.0271974,0,0,0,0,97,99,0,0,0,0,0,traj_sz=100
36.9721,2.49123,1.35772,-0.0271974,2.5,1.35,0,0,97,99,0.00897245,0.00876587,0.0138951,0.0116779,0,36.9721
36.9919,2.49123,1.35772,-0.0271974,0,0,0,0,97,99,0,0,0,0,0,traj_sz=100
36.9921,2.49123,1.35772,-0.0271974,2.5,1.35,0,0,97,99,0.00897245,0.00876587,0.0138951,0.0116779,0,36.9921
37.012,2.49123,1.35772,-0.0271974,0,0,0,0,97,99,0,0,0,0,0,traj_sz=100
37.0123,2.49123,1.35772,-0.0271974,2.5,1.35,0,0,97,99,0.00897245,0.00876587,0.0138951,0.0116779,0,37.0123
37.0319,2.49123,1.35772,-0.0271974,0,0,0,0,97,99,0,0,0,0,0,traj_sz=100
37.032,2.49123,1.35772,-0.0271974,2.5,1.35,0,0,97,99,0.00897245,0.00876587,0.0138951,0.0116779,0,37.032
37.0521,2.49123,1.35772,-0.0271974,0,0,0,0,97,99,0,0,0,0,0,traj_sz=100
37.0522,2.49123,1.35772,-0.0271974,2.5,1.35,0,0,97,99,0.00897245,0.00876587,0.0138951,0.0116779,0,37.0522
37.0719,2.49123,1.35772,-0.0271974,0,0,0,0,97,99,0,0,0,0,0,traj_sz=100
37.0721,2.49123,1.35772,-0.0271974,2.5,1.35,0,0,97,99,0.00897245,0.00876587,0.0138951,0.0116779,0,37.0721
37.092,2.49123,1.35772,-0.0271974,0,0,0,0,97,99,0,0,0,0,0,traj_sz=100
37.0921,2.49123,1.35772,-0.0271974,2.5,1.35,0,0,97,99,0.00897245,0.00876587,0.0138951,0.0116779,0,37.0921
37.1119,2.49123,1.35772,-0.0271974,0,0,0,0,97,99,0,0,0,0,0,traj_sz=100
37.1121,2.49123,1.35772,-0.0271974,2.5,1.35,0,0,97,99,0.00897245,0.00876587,0.0138951,0.0116779,0,37.1121
37.132,2.49123,1.35772,-0.0271974,0,0,0,0,97,99,0,0,0,0,0,traj_sz=100
37.1321,2.49123,1.35772,-0.0271974,2.5,1.35,0,0,97,99,0.00897245,0.00876587,0.0138951,0.0116779,0,37.1321
37.152,2.49123,1.35772,-0.0271974,0,0,0,0,97,99,0,0,0,0,0,traj_sz=100
37.1522,2.49123,1.35772,-0.0271974,2.5,1.35,0,0,97,99,0.00897245,0.00876587,0.0138951,0.0116779,0,37.1522
37.172,2.49123,1.35772,-0.0271974,0,0,0,0,97,99,0,0,0,0,0,traj_sz=100
37.1722,2.49123,1.35772,-0.0271974,2.5,1.35,0,0,97,99,0.00897245,0.00876587,0.0138951,0.0116779,0,37.1722
37.192,2.49123,1.35772,-0.0271974,0,0,0,0,97,99,0,0,0,0,0,traj_sz=100
37.1921,2.49123,1.35772,-0.0271974,2.5,1.35,0,0,97,99,0.00897245,0.00876587,0.0138951,0.0116779,0,37.1921
37.212,2.49123,1.35772,-0.0271974,0,0,0,0,97,99,0,0,0,0,0,traj_sz=100
37.2121,2.49123,1.35772,-0.0271974,2.5,1.35,0,0,97,99,0.00897245,0.00876587,0.0138951,0.0116779,0,37.2121
37.232,2.49123,1.35772,-0.0271974,0,0,0,0,97,99,0,0,0,0,0,traj_sz=100
37.2321,2.49123,1.35772,-0.0271974,2.5,1.35,0,0,97,99,0.00897245,0.00876587,0.0138951,0.0116779,0,37.2321
37.252,2.49123,1.35772,-0.0271974,0,0,0,0,97,99,0,0,0,0,0,traj_sz=100
37.2522,2.49123,1.35772,-0.0271974,2.5,1.35,0,0,97,99,0.00897245,0.00876587,0.0138951,0.0116779,0,37.2522
37.2719,2.49123,1.35772,-0.0271974,0,0,0,0,97,99,0,0,0,0,0,traj_sz=100
37.2722,2.49123,1.35772,-0.0271974,2.5,1.35,0,0,97,99,0.00897245,0.00876587,0.0138951,0.0116779,0,37.2722
37.292,2.49123,1.35772,-0.0271974,0,0,0,0,97,99,0,0,0,0,0,traj_sz=100
37.2921,2.49123,1.35772,-0.0271974,2.5,1.35,0,0,97,99,0.00897245,0.00876587,0.0138951,0.0116779,0,37.2921
37.312,2.49123,1.35772,-0.0271974,0,0,0,0,97,99,0,0,0,0,0,traj_sz=100
37.3122,2.49123,1.35772,-0.0271974,2.5,1.35,0,0,97,99,0.00897245,0.00876587,0.0138951,0.0116779,0,37.3122
37.332,2.49123,1.35772,-0.0271974,0,0,0,0,97,99,0,0,0,0,0,traj_sz=100
37.3322,2.49123,1.35772,-0.0271974,2.5,1.35,0,0,97,99,0.00897245,0.00876587,0.0138951,0.0116779,0,37.3322
37.352,2.49123,1.35772,-0.0271974,0,0,0,0,97,99,0,0,0,0,0,traj_sz=100
37.3521,2.49123,1.35772,-0.0271974,2.5,1.35,0,0,97,99,0.00897245,0.00876587,0.0138951,0.0116779,0,37.3521
37.372,2.49123,1.35772,-0.0271974,0,0,0,0,97,99,0,0,0,0,0,traj_sz=100
37.3721,2.49123,1.35772,-0.0271974,2.5,1.35,0,0,97,99,0.00897245,0.00876587,0.0138951,0.0116779,0,37.3721
37.392,2.49123,1.35772,-0.0271974,0,0,0,0,97,99,0,0,0,0,0,traj_sz=100
37.3921,2.49123,1.35772,-0.0271974,2.5,1.35,0,0,97,99,0.00897245,0.00876587,0.0138951,0.0116779,0,37.3921
37.412,2.49123,1.35772,-0.0271974,0,0,0,0,97,99,0,0,0,0,0,traj_sz=100
37.4121,2.49123,1.35772,-0.0271974,2.5,1.35,0,0,97,99,0.00897245,0.00876587,0.0138951,0.0116779,0,37.4121
37.4319,2.49123,1.35772,-0.0271974,0,0,0,0,97,99,0,0,0,0,0,traj_sz=100
37.432,2.49123,1.35772,-0.0271974,2.5,1.35,0,0,97,99,0.00897245,0.00876587,0.0138951,0.0116779,0,37.432
37.452,2.49123,1.35772,-0.0271974,0,0,0,0,97,99,0,0,0,0,0,traj_sz=100
37.4521,2.49123,1.35772,-0.0271974,2.5,1.35,0,0,97,99,0.00897245,0.00876587,0.0138951,0.0116779,0,37.4521
37.4721,2.49123,1.35772,-0.0271974,0,0,0,0,97,99,0,0,0,0,0,traj_sz=100
37.4722,2.49123,1.35772,-0.0271974,2.5,1.35,0,0,97,99,0.00897245,0.00876587,0.0138951,0.0116779,0,37.4722
37.4919,2.49123,1.35772,-0.0271974,0,0,0,0,97,99,0,0,0,0,0,traj_sz=100
37.4921,2.49123,1.35772,-0.0271974,2.5,1.35,0,0,97,99,0.00897245,0.00876587,0.0138951,0.0116779,0,37.4921
37.5119,2.49123,1.35772,-0.0271974,0,0,0,0,97,99,0,0,0,0,0,traj_sz=100
37.512,2.49123,1.35772,-0.0271974,2.5,1.35,0,0,97,99,0.00897245,0.00876587,0.0138951,0.0116779,0,37.512
37.532,2.49123,1.35772,-0.0271974,0,0,0,0,97,99,0,0,0,0,0,traj_sz=100
37.5321,2.49123,1.35772,-0.0271974,2.5,1.35,0,0,97,99,0.00897245,0.00876587,0.0138951,0.0116779,0,37.5321
37.552,2.49123,1.35772,-0.0271974,0,0,0,0,97,99,0,0,0,0,0,traj_sz=100
37.5521,2.49123,1.35772,-0.0271974,2.5,1.35,0,0,97,99,0.00897245,0.00876587,0.0138951,0.0116779,0,37.5521
37.572,2.49123,1.35772,-0.0271974,0,0,0,0,97,99,0,0,0,0,0,traj_sz=100
37.5721,2.49123,1.35772,-0.0271974,2.5,1.35,0,0,97,99,0.00897245,0.00876587,0.0138951,0.0116779,0,37.5721
37.592,2.49123,1.35772,-0.0271974,0,0,0,0,97,99,0,0,0,0,0,traj_sz=100
37.5922,2.49123,1.35772,-0.0271974,2.5,1.35,0,0,97,99,0.00897245,0.00876587,0.0138951,0.0116779,0,37.5922
37.6119,2.49123,1.35772,-0.0271974,0,0,0,0,97,99,0,0,0,0,0,traj_sz=100
37.612,2.49123,1.35772,-0.0271974,2.5,1.35,0,0,97,99,0.00897245,0.00876587,0.0138951,0.0116779,0,37.612
37.632,2.49123,1.35772,-0.0271974,0,0,0,0,97,99,0,0,0,0,0,traj_sz=100
37.6321,2.49123,1.35772,-0.0271974,2.5,1.35,0,0,97,99,0.00897245,0.00876587,0.0138951,0.0116779,0,37.6321
37.6519,2.49123,1.35772,-0.0271974,0,0,0,0,97,99,0,0,0,0,0,traj_sz=100
37.6521,2.49123,1.35772,-0.0271974,2.5,1.35,0,0,97,99,0.00897245,0.00876587,0.0138951,0.0116779,0,37.6521
37.672,2.49123,1.35772,-0.0271974,0,0,0,0,97,99,0,0,0,0,0,traj_sz=100
37.6721,2.49123,1.35772,-0.0271974,2.5,1.35,0,0,97,99,0.00897245,0.00876587,0.0138951,0.0116779,0,37.6721
37.6921,2.49123,1.35772,-0.0271974,0,0,0,0,97,99,0,0,0,0,0,traj_sz=100
37.6922,2.49123,1.35772,-0.0271974,2.5,1.35,0,0,97,99,0.00897245,0.00876587,0.0138951,0.0116779,0,37.6922
37.712,2.49123,1.35772,-0.0271974,0,0,0,0,97,99,0,0,0,0,0,traj_sz=100
37.7121,2.49123,1.35772,-0.0271974,2.5,1.35,0,0,97,99,0.00897245,0.00876587,0.0138951,0.0116779,0,37.7121
37.7319,2.49123,1.35772,-0.0271974,0,0,0,0,97,99,0,0,0,0,0,traj_sz=100
37.732,2.49123,1.35772,-0.0271974,2.5,1.35,0,0,97,99,0.00897245,0.00876587,0.0138951,0.0116779,0,37.732
37.752,2.49123,1.35772,-0.0271974,0,0,0,0,97,99,0,0,0,0,0,traj_sz=100
37.7521,2.49123,1.35772,-0.0271974,2.5,1.35,0,0,97,99,0.00897245,0.00876587,0.0138951,0.0116779,0,37.7521
37.772,2.49123,1.35772,-0.0271974,0,0,0,0,97,99,0,0,0,0,0,traj_sz=100
37.7721,2.49123,1.35772,-0.0271974,2.5,1.35,0,0,97,99,0.00897245,0.00876587,0.0138951,0.0116779,0,37.7721
37.7919,2.49123,1.35772,-0.0271974,0,0,0,0,97,99,0,0,0,0,0,traj_sz=100
37.7921,2.49123,1.35772,-0.0271974,2.5,1.35,0,0,97,99,0.00897245,0.00876587,0.0138951,0.0116779,0,37.7921
37.8121,2.49123,1.35772,-0.0271974,0,0,0,0,97,99,0,0,0,0,0,traj_sz=100
37.8122,2.49123,1.35772,-0.0271974,2.5,1.35,0,0,97,99,0.00897245,0.00876587,0.0138951,0.0116779,0,37.8122
37.8319,2.49123,1.35772,-0.0271974,0,0,0,0,97,99,0,0,0,0,0,traj_sz=100
37.8322,2.49123,1.35772,-0.0271974,2.5,1.35,0,0,97,99,0.00897245,0.00876587,0.0138951,0.0116779,0,37.8322
37.852,2.49123,1.35772,-0.0271974,0,0,0,0,97,99,0,0,0,0,0,traj_sz=100
37.8522,2.49123,1.35772,-0.0271974,2.5,1.35,0,0,97,99,0.00897245,0.00876587,0.0138951,0.0116779,0,37.8522
37.8719,2.49123,1.35772,-0.0271974,0,0,0,0,97,99,0,0,0,0,0,traj_sz=100
37.872,2.49123,1.35772,-0.0271974,2.5,1.35,0,0,97,99,0.00897245,0.00876587,0.0138951,0.0116779,0,37.872
37.8921,2.49123,1.35772,-0.0271974,0,0,0,0,97,99,0,0,0,0,0,traj_sz=100
37.8923,2.49123,1.35772,-0.0271974,2.5,1.35,0,0,97,99,0.00897245,0.00876587,0.0138951,0.0116779,0,37.8923
37.912,2.49123,1.35772,-0.0271974,0,0,0,0,97,99,0,0,0,0,0,traj_sz=100
37.9122,2.49123,1.35772,-0.0271974,2.5,1.35,0,0,97,99,0.00897245,0.00876587,0.0138951,0.0116779,0,37.9122
37.932,2.49123,1.35772,-0.0271974,0,0,0,0,97,99,0,0,0,0,0,traj_sz=100
37.9321,2.49123,1.35772,-0.0271974,2.5,1.35,0,0,97,99,0.00897245,0.00876587,0.0138951,0.0116779,0,37.9321
37.9521,2.49123,1.35772,-0.0271974,0,0,0,0,97,99,0,0,0,0,0,traj_sz=100
37.9522,2.49123,1.35772,-0.0271974,2.5,1.35,0,0,97,99,0.00897245,0.00876587,0.0138951,0.0116779,0,37.9522
37.9721,2.49123,1.35772,-0.0271974,0,0,0,0,97,99,0,0,0,0,0,traj_sz=100
37.9723,2.49123,1.35772,-0.0271974,2.5,1.35,0,0,97,99,0.00897245,0.00876587,0.0138951,0.0116779,0,37.9723
37.9921,2.49123,1.35772,-0.0271974,0,0,0,0,97,99,0,0,0,0,0,traj_sz=100
37.9922,2.49123,1.35772,-0.0271974,2.5,1.35,0,0,97,99,0.00897245,0.00876587,0.0138951,0.0116779,0,37.9922
38.012,2.49123,1.35772,-0.0271974,0,0,0,0,97,99,0,0,0,0,0,traj_sz=100
38.0121,2.49123,1.35772,-0.0271974,2.5,1.35,0,0,97,99,0.00897245,0.00876587,0.0138951,0.0116779,0,38.0121
38.032,2.49123,1.35772,-0.0271974,0,0,0,0,97,99,0,0,0,0,0,traj_sz=100
38.0321,2.49123,1.35772,-0.0271974,2.5,1.35,0,0,97,99,0.00897245,0.00876587,0.0138951,0.0116779,0,38.0321
38.0521,2.49123,1.35772,-0.0271974,0,0,0,0,97,99,0,0,0,0,0,traj_sz=100
38.0522,2.49123,1.35772,-0.0271974,2.5,1.35,0,0,97,99,0.00897245,0.00876587,0.0138951,0.0116779,0,38.0522
38.0721,2.49123,1.35772,-0.0271974,0,0,0,0,97,99,0,0,0,0,0,traj_sz=100
38.0722,2.49123,1.35772,-0.0271974,2.5,1.35,0,0,97,99,0.00897245,0.00876587,0.0138951,0.0116779,0,38.0722
38.0919,2.49123,1.35772,-0.0271974,0,0,0,0,97,99,0,0,0,0,0,traj_sz=100
38.0921,2.49123,1.35772,-0.0271974,2.5,1.35,0,0,97,99,0.00897245,0.00876587,0.0138951,0.0116779,0,38.0921
38.1119,2.49123,1.35772,-0.0271974,0,0,0,0,97,99,0,0,0,0,0,traj_sz=100
38.112,2.49123,1.35772,-0.0271974,2.5,1.35,0,0,97,99,0.00897245,0.00876587,0.0138951,0.0116779,0,38.112
38.132,2.49123,1.35772,-0.0271974,0,0,0,0,97,99,0,0,0,0,0,traj_sz=100
38.1322,2.49123,1.35772,-0.0271974,2.5,1.35,0,0,97,99,0.00897245,0.00876587,0.0138951,0.0116779,0,38.1322
38.152,2.49123,1.35772,-0.0271974,0,0,0,0,97,99,0,0,0,0,0,traj_sz=100
38.1522,2.49123,1.35772,-0.0271974,2.5,1.35,0,0,97,99,0.00897245,0.00876587,0.0138951,0.0116779,0,38.1522
38.172,2.49123,1.35772,-0.0271974,0,0,0,0,97,99,0,0,0,0,0,traj_sz=100
38.1722,2.49123,1.35772,-0.0271974,2.5,1.35,0,0,97,99,0.00897245,0.00876587,0.0138951,0.0116779,0,38.1722
38.1919,2.49123,1.35772,-0.0271974,0,0,0,0,97,99,0,0,0,0,0,traj_sz=100
38.1921,2.49123,1.35772,-0.0271974,2.5,1.35,0,0,97,99,0.00897245,0.00876587,0.0138951,0.0116779,0,38.1921
38.212,2.49123,1.35772,-0.0271974,0,0,0,0,97,99,0,0,0,0,0,traj_sz=100
38.2121,2.49123,1.35772,-0.0271974,2.5,1.35,0,0,97,99,0.00897245,0.00876587,0.0138951,0.0116779,0,38.2121
38.2321,2.49123,1.35772,-0.0271974,0,0,0,0,97,99,0,0,0,0,0,traj_sz=100
38.2322,2.49123,1.35772,-0.0271974,2.5,1.35,0,0,97,99,0.00897245,0.00876587,0.0138951,0.0116779,0,38.2322
38.252,2.49123,1.35772,-0.0271974,0,0,0,0,97,99,0,0,0,0,0,traj_sz=100
38.2521,2.49123,1.35772,-0.0271974,2.5,1.35,0,0,97,99,0.00897245,0.00876587,0.0138951,0.0116779,0,38.2521
38.2721,2.49123,1.35772,-0.0271974,0,0,0,0,97,99,0,0,0,0,0,traj_sz=100
38.2722,2.49123,1.35772,-0.0271974,2.5,1.35,0,0,97,99,0.00897245,0.00876587,0.0138951,0.0116779,0,38.2722
38.292,2.49123,1.35772,-0.0271974,0,0,0,0,97,99,0,0,0,0,0,traj_sz=100
38.2923,2.49123,1.35772,-0.0271974,2.5,1.35,0,0,97,99,0.00897245,0.00876587,0.0138951,0.0116779,0,38.2923
38.312,2.49123,1.35772,-0.0271974,0,0,0,0,97,99,0,0,0,0,0,traj_sz=100
38.3121,2.49123,1.35772,-0.0271974,2.5,1.35,0,0,97,99,0.00897245,0.00876587,0.0138951,0.0116779,0,38.3121
38.332,2.49123,1.35772,-0.0271974,0,0,0,0,97,99,0,0,0,0,0,traj_sz=100
38.3323,2.49123,1.35772,-0.0271974,2.5,1.35,0,0,97,99,0.00897245,0.00876587,0.0138951,0.0116779,0,38.3323
38.352,2.49123,1.35772,-0.0271974,0,0,0,0,97,99,0,0,0,0,0,traj_sz=100
38.3521,2.49123,1.35772,-0.0271974,2.5,1.35,0,0,97,99,0.00897245,0.00876587,0.0138951,0.0116779,0,38.3521
38.3721,2.49123,1.35772,-0.0271974,0,0,0,0,97,99,0,0,0,0,0,traj_sz=100
38.3722,2.49123,1.35772,-0.0271974,2.5,1.35,0,0,97,99,0.00897245,0.00876587,0.0138951,0.0116779,0,38.3722
38.3921,2.49123,1.35772,-0.0271974,0,0,0,0,97,99,0,0,0,0,0,traj_sz=100
38.3922,2.49123,1.35772,-0.0271974,2.5,1.35,0,0,97,99,0.00897245,0.00876587,0.0138951,0.0116779,0,38.3922
38.4121,2.49123,1.35772,-0.0271974,0,0,0,0,97,99,0,0,0,0,0,traj_sz=100
38.4122,2.49123,1.35772,-0.0271974,2.5,1.35,0,0,97,99,0.00897245,0.00876587,0.0138951,0.0116779,0,38.4122
38.432,2.49123,1.35772,-0.0271974,0,0,0,0,97,99,0,0,0,0,0,traj_sz=100
38.4321,2.49123,1.35772,-0.0271974,2.5,1.35,0,0,97,99,0.00897245,0.00876587,0.0138951,0.0116779,0,38.4321
38.4521,2.49123,1.35772,-0.0271974,0,0,0,0,97,99,0,0,0,0,0,traj_sz=100
38.4523,2.49123,1.35772,-0.0271974,2.5,1.35,0,0,97,99,0.00897245,0.00876587,0.0138951,0.0116779,0,38.4523
38.4721,2.49123,1.35772,-0.0271974,0,0,0,0,97,99,0,0,0,0,0,traj_sz=100
38.4721,2.49123,1.35772,-0.0271974,2.5,1.35,0,0,97,99,0.00897245,0.00876587,0.0138951,0.0116779,0,38.4721
38.492,2.49123,1.35772,-0.0271974,0,0,0,0,97,99,0,0,0,0,0,traj_sz=100
38.4921,2.49123,1.35772,-0.0271974,2.5,1.35,0,0,97,99,0.00897245,0.00876587,0.0138951,0.0116779,0,38.4921
38.5121,2.49123,1.35772,-0.0271974,0,0,0,0,97,99,0,0,0,0,0,traj_sz=100
38.5122,2.49123,1.35772,-0.0271974,2.5,1.35,0,0,97,99,0.00897245,0.00876587,0.0138951,0.0116779,0,38.5122
38.532,2.49123,1.35772,-0.0271974,0,0,0,0,97,99,0,0,0,0,0,traj_sz=100
38.5322,2.49123,1.35772,-0.0271974,2.5,1.35,0,0,97,99,0.00897245,0.00876587,0.0138951,0.0116779,0,38.5322
38.5521,2.49123,1.35772,-0.0271974,0,0,0,0,97,99,0,0,0,0,0,traj_sz=100
38.5523,2.49123,1.35772,-0.0271974,2.5,1.35,0,0,97,99,0.00897245,0.00876587,0.0138951,0.0116779,0,38.5523
38.572,2.49123,1.35772,-0.0271974,0,0,0,0,97,99,0,0,0,0,0,traj_sz=100
38.5721,2.49123,1.35772,-0.0271974,2.5,1.35,0,0,97,99,0.00897245,0.00876587,0.0138951,0.0116779,0,38.5721
38.592,2.49123,1.35772,-0.0271974,0,0,0,0,97,99,0,0,0,0,0,traj_sz=100
38.5921,2.49123,1.35772,-0.0271974,2.5,1.35,0,0,97,99,0.00897245,0.00876587,0.0138951,0.0116779,0,38.5921
38.612,2.49123,1.35772,-0.0271974,0,0,0,0,97,99,0,0,0,0,0,traj_sz=100
38.6122,2.49123,1.35772,-0.0271974,2.5,1.35,0,0,97,99,0.00897245,0.00876587,0.0138951,0.0116779,0,38.6122
38.632,2.49123,1.35772,-0.0271974,0,0,0,0,97,99,0,0,0,0,0,traj_sz=100
38.6321,2.49123,1.35772,-0.0271974,2.5,1.35,0,0,97,99,0.00897245,0.00876587,0.0138951,0.0116779,0,38.6321
38.6521,2.49123,1.35772,-0.0271974,0,0,0,0,97,99,0,0,0,0,0,traj_sz=100
38.6522,2.49123,1.35772,-0.0271974,2.5,1.35,0,0,97,99,0.00897245,0.00876587,0.0138951,0.0116779,0,38.6522
38.6721,2.49123,1.35772,-0.0271974,0,0,0,0,97,99,0,0,0,0,0,traj_sz=100
38.6722,2.49123,1.35772,-0.0271974,2.5,1.35,0,0,97,99,0.00897245,0.00876587,0.0138951,0.0116779,0,38.6722
38.692,2.49123,1.35772,-0.0271974,0,0,0,0,97,99,0,0,0,0,0,traj_sz=100
38.6922,2.49123,1.35772,-0.0271974,2.5,1.35,0,0,97,99,0.00897245,0.00876587,0.0138951,0.0116779,0,38.6922
38.712,2.49123,1.35772,-0.0271974,0,0,0,0,97,99,0,0,0,0,0,traj_sz=100
38.7122,2.49123,1.35772,-0.0271974,2.5,1.35,0,0,97,99,0.00897245,0.00876587,0.0138951,0.0116779,0,38.7122
38.732,2.49123,1.35772,-0.0271974,0,0,0,0,97,99,0,0,0,0,0,traj_sz=100
38.7321,2.49123,1.35772,-0.0271974,2.5,1.35,0,0,97,99,0.00897245,0.00876587,0.0138951,0.0116779,0,38.7321
38.752,2.49123,1.35772,-0.0271974,0,0,0,0,97,99,0,0,0,0,0,traj_sz=100
38.7523,2.49123,1.35772,-0.0271974,2.5,1.35,0,0,97,99,0.00897245,0.00876587,0.0138951,0.0116779,0,38.7523
38.7719,2.49123,1.35772,-0.0271974,0,0,0,0,97,99,0,0,0,0,0,traj_sz=100
38.7721,2.49123,1.35772,-0.0271974,2.5,1.35,0,0,97,99,0.00897245,0.00876587,0.0138951,0.0116779,0,38.7721
38.7919,2.49123,1.35772,-0.0271974,0,0,0,0,97,99,0,0,0,0,0,traj_sz=100
38.7921,2.49123,1.35772,-0.0271974,2.5,1.35,0,0,97,99,0.00897245,0.00876587,0.0138951,0.0116779,0,38.7921
38.812,2.49123,1.35772,-0.0271974,0,0,0,0,97,99,0,0,0,0,0,traj_sz=100
38.812,2.49123,1.35772,-0.0271974,2.5,1.35,0,0,97,99,0.00897245,0.00876587,0.0138951,0.0116779,0,38.812
38.832,2.49123,1.35772,-0.0271974,0,0,0,0,97,99,0,0,0,0,0,traj_sz=100
38.8322,2.49123,1.35772,-0.0271974,2.5,1.35,0,0,97,99,0.00897245,0.00876587,0.0138951,0.0116779,0,38.8322
38.8521,2.49123,1.35772,-0.0271974,0,0,0,0,97,99,0,0,0,0,0,traj_sz=100
38.8521,2.49123,1.35772,-0.0271974,2.5,1.35,0,0,97,99,0.00897245,0.00876587,0.0138951,0.0116779,0,38.8521
38.872,2.49123,1.35772,-0.0271974,0,0,0,0,97,99,0,0,0,0,0,traj_sz=100
38.8721,2.49123,1.35772,-0.0271974,2.5,1.35,0,0,97,99,0.00897245,0.00876587,0.0138951,0.0116779,0,38.8721
38.8919,2.49123,1.35772,-0.0271974,0,0,0,0,97,99,0,0,0,0,0,traj_sz=100
38.892,2.49123,1.35772,-0.0271974,2.5,1.35,0,0,97,99,0.00897245,0.00876587,0.0138951,0.0116779,0,38.892
38.9121,2.49123,1.35772,-0.0271974,0,0,0,0,97,99,0,0,0,0,0,traj_sz=100
38.9122,2.49123,1.35772,-0.0271974,2.5,1.35,0,0,97,99,0.00897245,0.00876587,0.0138951,0.0116779,0,38.9122
38.932,2.49123,1.35772,-0.0271974,0,0,0,0,97,99,0,0,0,0,0,traj_sz=100
38.9323,2.49123,1.35772,-0.0271974,2.5,1.35,0,0,97,99,0.00897245,0.00876587,0.0138951,0.0116779,0,38.9323
38.9521,2.49123,1.35772,-0.0271974,0,0,0,0,97,99,0,0,0,0,0,traj_sz=100
38.9522,2.49123,1.35772,-0.0271974,2.5,1.35,0,0,97,99,0.00897245,0.00876587,0.0138951,0.0116779,0,38.9522
38.9719,2.49123,1.35772,-0.0271974,0,0,0,0,97,99,0,0,0,0,0,traj_sz=100
38.9721,2.49123,1.35772,-0.0271974,2.5,1.35,0,0,97,99,0.00897245,0.00876587,0.0138951,0.0116779,0,38.9721
38.992,2.49123,1.35772,-0.0271974,0,0,0,0,97,99,0,0,0,0,0,traj_sz=100
38.9922,2.49123,1.35772,-0.0271974,2.5,1.35,0,0,97,99,0.00897245,0.00876587,0.0138951,0.0116779,0,38.9922
39.012,2.49123,1.35772,-0.0271974,0,0,0,0,97,99,0,0,0,0,0,traj_sz=100
39.0121,2.49123,1.35772,-0.0271974,2.5,1.35,0,0,97,99,0.00897245,0.00876587,0.0138951,0.0116779,0,39.0121
39.032,2.49123,1.35772,-0.0271974,0,0,0,0,97,99,0,0,0,0,0,traj_sz=100
39.0323,2.49123,1.35772,-0.0271974,2.5,1.35,0,0,97,99,0.00897245,0.00876587,0.0138951,0.0116779,0,39.0323
39.052,2.49123,1.35772,-0.0271974,0,0,0,0,97,99,0,0,0,0,0,traj_sz=100
39.0521,2.49123,1.35772,-0.0271974,2.5,1.35,0,0,97,99,0.00897245,0.00876587,0.0138951,0.0116779,0,39.0521
39.072,2.49123,1.35772,-0.0271974,0,0,0,0,97,99,0,0,0,0,0,traj_sz=100
39.0721,2.49123,1.35772,-0.0271974,2.5,1.35,0,0,97,99,0.00897245,0.00876587,0.0138951,0.0116779,0,39.0721
39.0921,2.49123,1.35772,-0.0271974,0,0,0,0,97,99,0,0,0,0,0,traj_sz=100
39.0924,2.49123,1.35772,-0.0271974,2.5,1.35,0,0,97,99,0.00897245,0.00876587,0.0138951,0.0116779,0,39.0924
39.1121,2.49123,1.35772,-0.0271974,0,0,0,0,97,99,0,0,0,0,0,traj_sz=100
39.1122,2.49123,1.35772,-0.0271974,2.5,1.35,0,0,97,99,0.00897245,0.00876587,0.0138951,0.0116779,0,39.1122
39.132,2.49123,1.35772,-0.0271974,0,0,0,0,97,99,0,0,0,0,0,traj_sz=100
39.1321,2.49123,1.35772,-0.0271974,2.5,1.35,0,0,97,99,0.00897245,0.00876587,0.0138951,0.0116779,0,39.1321
39.1522,2.49123,1.35772,-0.0271974,0,0,0,0,97,99,0,0,0,0,0,traj_sz=100
39.1526,2.49123,1.35772,-0.0271974,2.5,1.35,0,0,97,99,0.00897245,0.00876587,0.0138951,0.0116779,0,39.1526
39.1719,2.49123,1.35772,-0.0271974,0,0,0,0,97,99,0,0,0,0,0,traj_sz=100
39.172,2.49123,1.35772,-0.0271974,2.5,1.35,0,0,97,99,0.00897245,0.00876587,0.0138951,0.0116779,0,39.172
39.192,2.49123,1.35772,-0.0271974,0,0,0,0,97,99,0,0,0,0,0,traj_sz=100
39.1922,2.49123,1.35772,-0.0271974,2.5,1.35,0,0,97,99,0.00897245,0.00876587,0.0138951,0.0116779,0,39.1922
39.2121,2.49123,1.35772,-0.0271974,0,0,0,0,97,99,0,0,0,0,0,traj_sz=100
39.2123,2.49123,1.35772,-0.0271974,2.5,1.35,0,0,97,99,0.00897245,0.00876587,0.0138951,0.0116779,0,39.2123
39.232,2.49123,1.35772,-0.0271974,0,0,0,0,97,99,0,0,0,0,0,traj_sz=100
39.2321,2.49123,1.35772,-0.0271974,2.5,1.35,0,0,97,99,0.00897245,0.00876587,0.0138951,0.0116779,0,39.2321
39.2522,2.49123,1.35772,-0.0271974,0,0,0,0,97,99,0,0,0,0,0,traj_sz=100
39.2523,2.49123,1.35772,-0.0271974,2.5,1.35,0,0,97,99,0.00897245,0.00876587,0.0138951,0.0116779,0,39.2523
39.2721,2.49123,1.35772,-0.0271974,0,0,0,0,97,99,0,0,0,0,0,traj_sz=100
39.2722,2.49123,1.35772,-0.0271974,2.5,1.35,0,0,97,99,0.00897245,0.00876587,0.0138951,0.0116779,0,39.2722
39.2919,2.49123,1.35772,-0.0271974,0,0,0,0,97,99,0,0,0,0,0,traj_sz=100
39.292,2.49123,1.35772,-0.0271974,2.5,1.35,0,0,97,99,0.00897245,0.00876587,0.0138951,0.0116779,0,39.292
39.3121,2.49123,1.35772,-0.0271974,0,0,0,0,97,99,0,0,0,0,0,traj_sz=100
39.3122,2.49123,1.35772,-0.0271974,2.5,1.35,0,0,97,99,0.00897245,0.00876587,0.0138951,0.0116779,0,39.3122
39.332,2.49123,1.35772,-0.0271974,0,0,0,0,97,99,0,0,0,0,0,traj_sz=100
39.3321,2.49123,1.35772,-0.0271974,2.5,1.35,0,0,97,99,0.00897245,0.00876587,0.0138951,0.0116779,0,39.3321
39.3521,2.49123,1.35772,-0.0271974,0,0,0,0,97,99,0,0,0,0,0,traj_sz=100
39.3523,2.49123,1.35772,-0.0271974,2.5,1.35,0,0,97,99,0.00897245,0.00876587,0.0138951,0.0116779,0,39.3523
39.3719,2.49123,1.35772,-0.0271974,0,0,0,0,97,99,0,0,0,0,0,traj_sz=100
39.372,2.49123,1.35772,-0.0271974,2.5,1.35,0,0,97,99,0.00897245,0.00876587,0.0138951,0.0116779,0,39.372
39.392,2.49123,1.35772,-0.0271974,0,0,0,0,97,99,0,0,0,0,0,traj_sz=100
39.3921,2.49123,1.35772,-0.0271974,2.5,1.35,0,0,97,99,0.00897245,0.00876587,0.0138951,0.0116779,0,39.3921
39.4121,2.49123,1.35772,-0.0271974,0,0,0,0,97,99,0,0,0,0,0,traj_sz=100
39.4122,2.49123,1.35772,-0.0271974,2.5,1.35,0,0,97,99,0.00897245,0.00876587,0.0138951,0.0116779,0,39.4122
39.4319,2.49123,1.35772,-0.0271974,0,0,0,0,97,99,0,0,0,0,0,traj_sz=100
39.432,2.49123,1.35772,-0.0271974,2.5,1.35,0,0,97,99,0.00897245,0.00876587,0.0138951,0.0116779,0,39.432
39.452,2.49123,1.35772,-0.0271974,0,0,0,0,97,99,0,0,0,0,0,traj_sz=100
39.4521,2.49123,1.35772,-0.0271974,2.5,1.35,0,0,97,99,0.00897245,0.00876587,0.0138951,0.0116779,0,39.4521
39.472,2.49123,1.35772,-0.0271974,0,0,0,0,97,99,0,0,0,0,0,traj_sz=100
39.4721,2.49123,1.35772,-0.0271974,2.5,1.35,0,0,97,99,0.00897245,0.00876587,0.0138951,0.0116779,0,39.4721
39.492,2.49123,1.35772,-0.0271974,0,0,0,0,97,99,0,0,0,0,0,traj_sz=100
39.4921,2.49123,1.35772,-0.0271974,2.5,1.35,0,0,97,99,0.00897245,0.00876587,0.0138951,0.0116779,0,39.4921
39.512,2.49123,1.35772,-0.0271974,0,0,0,0,97,99,0,0,0,0,0,traj_sz=100
39.5123,2.49123,1.35772,-0.0271974,2.5,1.35,0,0,97,99,0.00897245,0.00876587,0.0138951,0.0116779,0,39.5123
39.532,2.49123,1.35772,-0.0271974,0,0,0,0,97,99,0,0,0,0,0,traj_sz=100
39.5322,2.49123,1.35772,-0.0271974,2.5,1.35,0,0,97,99,0.00897245,0.00876587,0.0138951,0.0116779,0,39.5322
39.552,2.49123,1.35772,-0.0271974,0,0,0,0,97,99,0,0,0,0,0,traj_sz=100
39.5522,2.49123,1.35772,-0.0271974,2.5,1.35,0,0,97,99,0.00897245,0.00876587,0.0138951,0.0116779,0,39.5522
39.572,2.49123,1.35772,-0.0271974,0,0,0,0,97,99,0,0,0,0,0,traj_sz=100
39.5722,2.49123,1.35772,-0.0271974,2.5,1.35,0,0,97,99,0.00897245,0.00876587,0.0138951,0.0116779,0,39.5722
39.5921,2.49123,1.35772,-0.0271974,0,0,0,0,97,99,0,0,0,0,0,traj_sz=100
39.5922,2.49123,1.35772,-0.0271974,2.5,1.35,0,0,97,99,0.00897245,0.00876587,0.0138951,0.0116779,0,39.5922
39.6121,2.49123,1.35772,-0.0271974,0,0,0,0,97,99,0,0,0,0,0,traj_sz=100
39.6123,2.49123,1.35772,-0.0271974,2.5,1.35,0,0,97,99,0.00897245,0.00876587,0.0138951,0.0116779,0,39.6123
39.6321,2.49123,1.35772,-0.0271974,0,0,0,0,97,99,0,0,0,0,0,traj_sz=100
39.6323,2.49123,1.35772,-0.0271974,2.5,1.35,0,0,97,99,0.00897245,0.00876587,0.0138951,0.0116779,0,39.6323
39.652,2.49123,1.35772,-0.0271974,0,0,0,0,97,99,0,0,0,0,0,traj_sz=100
39.6522,2.49123,1.35772,-0.0271974,2.5,1.35,0,0,97,99,0.00897245,0.00876587,0.0138951,0.0116779,0,39.6522
39.6719,2.49123,1.35772,-0.0271974,0,0,0,0,97,99,0,0,0,0,0,traj_sz=100
39.672,2.49123,1.35772,-0.0271974,2.5,1.35,0,0,97,99,0.00897245,0.00876587,0.0138951,0.0116779,0,39.672
39.6921,2.49123,1.35772,-0.0271974,0,0,0,0,97,99,0,0,0,0,0,traj_sz=100
39.6922,2.49123,1.35772,-0.0271974,2.5,1.35,0,0,97,99,0.00897245,0.00876587,0.0138951,0.0116779,0,39.6922
39.7119,2.49123,1.35772,-0.0271974,0,0,0,0,97,99,0,0,0,0,0,traj_sz=100
39.712,2.49123,1.35772,-0.0271974,2.5,1.35,0,0,97,99,0.00897245,0.00876587,0.0138951,0.0116779,0,39.712
39.732,2.49123,1.35772,-0.0271974,0,0,0,0,97,99,0,0,0,0,0,traj_sz=100
39.7324,2.49123,1.35772,-0.0271974,2.5,1.35,0,0,97,99,0.00897245,0.00876587,0.0138951,0.0116779,0,39.7324
39.7521,2.49123,1.35772,-0.0271974,0,0,0,0,97,99,0,0,0,0,0,traj_sz=100
39.7522,2.49123,1.35772,-0.0271974,2.5,1.35,0,0,97,99,0.00897245,0.00876587,0.0138951,0.0116779,0,39.7522
39.7719,2.49123,1.35772,-0.0271974,0,0,0,0,97,99,0,0,0,0,0,traj_sz=100
39.7721,2.49123,1.35772,-0.0271974,2.5,1.35,0,0,97,99,0.00897245,0.00876587,0.0138951,0.0116779,0,39.7721
39.7919,2.49123,1.35772,-0.0271974,0,0,0,0,97,99,0,0,0,0,0,traj_sz=100
39.7921,2.49123,1.35772,-0.0271974,2.5,1.35,0,0,97,99,0.00897245,0.00876587,0.0138951,0.0116779,0,39.7921
39.812,2.49123,1.35772,-0.0271974,0,0,0,0,97,99,0,0,0,0,0,traj_sz=100
39.8121,2.49123,1.35772,-0.0271974,2.5,1.35,0,0,97,99,0.00897245,0.00876587,0.0138951,0.0116779,0,39.8121
39.832,2.49123,1.35772,-0.0271974,0,0,0,0,97,99,0,0,0,0,0,traj_sz=100
39.8322,2.49123,1.35772,-0.0271974,2.5,1.35,0,0,97,99,0.00897245,0.00876587,0.0138951,0.0116779,0,39.8322
39.852,2.49123,1.35772,-0.0271974,0,0,0,0,97,99,0,0,0,0,0,traj_sz=100
39.8521,2.49123,1.35772,-0.0271974,2.5,1.35,0,0,97,99,0.00897245,0.00876587,0.0138951,0.0116779,0,39.8521
39.872,2.49123,1.35772,-0.0271974,0,0,0,0,97,99,0,0,0,0,0,traj_sz=100
39.8721,2.49123,1.35772,-0.0271974,2.5,1.35,0,0,97,99,0.00897245,0.00876587,0.0138951,0.0116779,0,39.8721
39.892,2.49123,1.35772,-0.0271974,0,0,0,0,97,99,0,0,0,0,0,traj_sz=100
39.8922,2.49123,1.35772,-0.0271974,2.5,1.35,0,0,97,99,0.00897245,0.00876587,0.0138951,0.0116779,0,39.8922
39.9119,2.49123,1.35772,-0.0271974,0,0,0,0,97,99,0,0,0,0,0,traj_sz=100
39.912,2.49123,1.35772,-0.0271974,2.5,1.35,0,0,97,99,0.00897245,0.00876587,0.0138951,0.0116779,0,39.912
39.932,2.49123,1.35772,-0.0271974,0,0,0,0,97,99,0,0,0,0,0,traj_sz=100
39.9321,2.49123,1.35772,-0.0271974,2.5,1.35,0,0,97,99,0.00897245,0.00876587,0.0138951,0.0116779,0,39.9321
39.952,2.49123,1.35772,-0.0271974,0,0,0,0,97,99,0,0,0,0,0,traj_sz=100
39.9521,2.49123,1.35772,-0.0271974,2.5,1.35,0,0,97,99,0.00897245,0.00876587,0.0138951,0.0116779,0,39.9521
39.972,2.49123,1.35772,-0.0271974,0,0,0,0,97,99,0,0,0,0,0,traj_sz=100
39.972,2.49123,1.35772,-0.0271974,2.5,1.35,0,0,97,99,0.00897245,0.00876587,0.0138951,0.0116779,0,39.972
39.992,2.49123,1.35772,-0.0271974,0,0,0,0,97,99,0,0,0,0,0,traj_sz=100
39.9921,2.49123,1.35772,-0.0271974,2.5,1.35,0,0,97,99,0.00897245,0.00876587,0.0138951,0.0116779,0,39.9921
40.012,2.49123,1.35772,-0.0271974,0,0,0,0,97,99,0,0,0,0,0,traj_sz=100
40.0121,2.49123,1.35772,-0.0271974,2.5,1.35,0,0,97,99,0.00897245,0.00876587,0.0138951,0.0116779,0,40.0121
40.032,2.49123,1.35772,-0.0271974,0,0,0,0,97,99,0,0,0,0,0,traj_sz=100
40.0321,2.49123,1.35772,-0.0271974,2.5,1.35,0,0,97,99,0.00897245,0.00876587,0.0138951,0.0116779,0,40.0321
40.0522,2.49123,1.35772,-0.0271974,0,0,0,0,97,99,0,0,0,0,0,traj_sz=100
40.0525,2.49123,1.35772,-0.0271974,2.5,1.35,0,0,97,99,0.00897245,0.00876587,0.0138951,0.0116779,0,40.0525
40.072,2.49123,1.35772,-0.0271974,0,0,0,0,97,99,0,0,0,0,0,traj_sz=100
40.0722,2.49123,1.35772,-0.0271974,2.5,1.35,0,0,97,99,0.00897245,0.00876587,0.0138951,0.0116779,0,40.0722
40.092,2.49123,1.35772,-0.0271974,0,0,0,0,97,99,0,0,0,0,0,traj_sz=100
40.0921,2.49123,1.35772,-0.0271974,2.5,1.35,0,0,97,99,0.00897245,0.00876587,0.0138951,0.0116779,0,40.0921
40.112,2.49123,1.35772,-0.0271974,0,0,0,0,97,99,0,0,0,0,0,traj_sz=100
40.1121,2.49123,1.35772,-0.0271974,2.5,1.35,0,0,97,99,0.00897245,0.00876587,0.0138951,0.0116779,0,40.1121
40.1322,2.49123,1.35772,-0.0271974,0,0,0,0,97,99,0,0,0,0,0,traj_sz=100
40.1323,2.49123,1.35772,-0.0271974,2.5,1.35,0,0,97,99,0.00897245,0.00876587,0.0138951,0.0116779,0,40.1323
40.152,2.49123,1.35772,-0.0271974,0,0,0,0,97,99,0,0,0,0,0,traj_sz=100
40.1523,2.49123,1.35772,-0.0271974,2.5,1.35,0,0,97,99,0.00897245,0.00876587,0.0138951,0.0116779,0,40.1523
40.1721,2.49123,1.35772,-0.0271974,0,0,0,0,97,99,0,0,0,0,0,traj_sz=100
40.1722,2.49123,1.35772,-0.0271974,2.5,1.35,0,0,97,99,0.00897245,0.00876587,0.0138951,0.0116779,0,40.1722
40.1921,2.49123,1.35772,-0.0271974,0,0,0,0,97,99,0,0,0,0,0,traj_sz=100
40.1922,2.49123,1.35772,-0.0271974,2.5,1.35,0,0,97,99,0.00897245,0.00876587,0.0138951,0.0116779,0,40.1922
40.212,2.49123,1.35772,-0.0271974,0,0,0,0,97,99,0,0,0,0,0,traj_sz=100
40.2122,2.49123,1.35772,-0.0271974,2.5,1.35,0,0,97,99,0.00897245,0.00876587,0.0138951,0.0116779,0,40.2122
