Ipopt 3.13.4: option_file_name=../public/solver/ipopt.opt

Using option file "../public/solver/ipopt.opt".


******************************************************************************
This program contains Ipopt, a library for large-scale nonlinear optimization.
 Ipopt is released as open source code under the Eclipse Public License (EPL).
         For more information visit https://github.com/coin-or/Ipopt
******************************************************************************

This is Ipopt version 3.13.4, running with linear solver ma27.

Number of nonzeros in equality constraint Jacobian...:    28508
Number of nonzeros in inequality constraint Jacobian.:    15208
Number of nonzeros in Lagrangian Hessian.............:    15307

Total number of variables............................:    11886
                     variables with only lower bounds:     6670
                variables with lower and upper bounds:     1885
                     variables with only upper bounds:        0
Total number of equality constraints.................:     6525
Total number of inequality constraints...............:     2465
        inequality constraints with only lower bounds:      870
   inequality constraints with lower and upper bounds:        0
        inequality constraints with only upper bounds:     1595

iter    objective    inf_pr   inf_du lg(mu)  ||d||  lg(rg) alpha_du alpha_pr  ls
   0  7.7718888e+00 3.14e+00 1.24e+00   0.0 0.00e+00    -  0.00e+00 0.00e+00   0
   1  7.7721233e+00 3.12e+00 9.91e+02   0.3 1.99e+00   4.0 9.93e-01 4.23e-03h  1
   2  7.7371043e+00 3.06e+00 3.52e+03   2.3 5.30e+00   3.5 4.27e-02 1.54e-02f  1
   3  7.7247312e+00 2.90e+00 3.41e+03   1.6 2.54e+01    -  3.97e-02 5.15e-02f  1
   4  7.7263911e+00 2.69e+00 2.82e+03   1.7 2.59e+01    -  1.42e-01 6.83e-02f  1
   5  7.7666164e+00 2.19e+00 2.49e+03   1.1 6.60e+00    -  1.16e-01 1.84e-01f  1
   6  7.7996222e+00 2.01e+00 2.29e+03  -4.9 2.12e+00    -  7.91e-02 8.09e-02h  1
   7  7.8031404e+00 1.75e+00 2.70e+03   1.4 1.54e+01    -  2.24e-01 1.19e-01f  1
   8  7.8131058e+00 1.47e+00 2.83e+03   1.1 8.66e+00    -  1.59e-01 1.52e-01f  1
   9  7.8075629e+00 1.27e+00 2.34e+04   1.4 1.43e+01    -  2.45e-01 1.24e-01f  1
iter    objective    inf_pr   inf_du lg(mu)  ||d||  lg(rg) alpha_du alpha_pr  ls
  10  7.8515375e+00 1.07e+00 2.34e+04  -0.5 2.91e+00    -  1.10e-01 1.47e-01h  1
  11  7.8632520e+00 1.03e+00 1.46e+04  -4.9 2.34e+00    -  9.56e-02 3.82e-02h  1
  12  7.8951712e+00 8.51e-01 1.35e+04   1.3 9.91e+00    -  1.60e-01 1.45e-01f  1
  13  7.9629794e+00 6.77e-01 1.02e+04   1.0 2.98e+00    -  1.25e-01 1.75e-01f  1
  14  7.9974219e+00 5.56e-01 8.19e+03   1.0 1.35e+01    -  2.34e-02 1.46e-01f  1
  15  7.9981547e+00 5.51e-01 5.30e+04   1.0 6.53e-01   5.8 3.04e-02 6.71e-03h  1
  16  7.9991518e+00 5.45e-01 1.06e+05   1.0 4.07e-01   5.3 2.91e-03 9.06e-03h  1
  17  7.9999807e+00 5.41e-01 1.11e+05   1.0 7.33e-01   4.8 3.55e-02 7.02e-03h  1
  18  8.0030476e+00 5.26e-01 1.07e+05   1.0 6.74e-01   4.3 3.00e-02 2.31e-02h  1
  19  8.0043401e+00 5.18e-01 2.46e+06   3.1 2.88e+00   6.6 1.89e-03 1.24e-02h  1
iter    objective    inf_pr   inf_du lg(mu)  ||d||  lg(rg) alpha_du alpha_pr  ls
  20  8.0052310e+00 5.14e-01 2.45e+06   3.2 6.58e-01   6.1 1.32e-02 7.41e-03h  1
  21  8.0069472e+00 5.07e-01 7.97e+08   3.0 1.13e+00   5.6 1.00e+00 1.18e-02h  1
  22  8.0205279e+00 4.66e-01 7.31e+08   3.5 2.36e+00   5.1 3.68e-01 6.28e-02f  1
  23  8.0382154e+00 4.25e-01 6.92e+08  -2.7 2.87e+00   4.6 3.24e-02 7.43e-02h  1
  24  8.0438036e+00 4.12e-01 6.81e+08  -2.8 2.06e+00   5.1 6.35e-02 2.44e-02h  1
  25  8.0624959e+00 3.66e-01 6.53e+08   3.5 1.66e+00   5.5 1.13e-01 8.75e-02h  1
  26  8.0741006e+00 3.35e-01 1.17e+09   3.5 1.30e+00   5.9 1.88e-01 6.44e-02h  1
  27  8.0744884e+00 3.33e-01 4.50e+09   3.5 2.49e-01   9.1 1.48e-02 4.71e-03h  1
  28  8.0750722e+00 3.30e-01 3.22e+09   3.5 5.15e-01   8.6 4.69e-03 6.54e-03h  1
  29  8.0751363e+00 3.30e-01 1.39e+10  -2.7 3.27e-01   9.9 1.87e-03 7.33e-04h  1
iter    objective    inf_pr   inf_du lg(mu)  ||d||  lg(rg) alpha_du alpha_pr  ls
  30  8.0753428e+00 3.29e-01 2.57e+09   3.5 5.96e-01   9.4 7.85e-05 2.49e-03h  1
  31  8.0756499e+00 3.27e-01 3.23e+08   2.1 8.12e-01   9.0 2.22e-03 4.12e-03h  1
  32  8.0757007e+00 3.23e-01 1.35e+10   3.5 2.83e+00   8.5 1.97e-03 1.08e-02h  1
  33  8.0766154e+00 3.18e-01 1.45e+10   3.5 8.97e-01   8.0 5.58e-03 1.20e-02h  1
  34  8.0768157e+00 3.17e-01 1.51e+10   3.5 6.75e-01   9.3 3.62e-03 2.25e-03h  1
  35  8.0769090e+00 3.16e-01 2.76e+10   3.5 6.84e-01   9.8 1.03e-02 1.01e-03h  1
  36  8.0775561e+00 3.14e-01 2.56e+10   3.5 7.58e-01   9.3 2.70e-03 6.79e-03h  1
  37  8.0780672e+00 3.11e-01 2.54e+10   3.5 7.97e-01   8.8 9.07e-03 6.48e-03h  1
  38  8.0786962e+00 3.07e-01 2.48e+10   3.5 8.18e-01   8.3 1.22e-02 9.38e-03h  1
  39  8.0798959e+00 3.00e-01 2.54e+10  -2.7 8.62e-01   7.9 1.17e-02 1.80e-02h  1
iter    objective    inf_pr   inf_du lg(mu)  ||d||  lg(rg) alpha_du alpha_pr  ls
  40  8.0805342e+00 2.96e-01 1.72e+10   3.5 7.64e-01   8.3 9.20e-02 9.25e-03h  1
  41  8.0809754e+00 2.94e-01 1.53e+10   3.5 7.75e-01   7.8 2.24e-02 4.70e-03h  1
  42  8.0812779e+00 2.93e-01 1.47e+10   3.5 1.01e+00   8.2 9.20e-03 3.07e-03h  1
  43  8.0813495e+00 2.92e-01 1.39e+10   3.5 3.47e+00   7.7 1.13e-02 2.77e-03h  1
  44  8.0815578e+00 2.89e-01 1.30e+10   3.5 3.24e+00   8.2 1.81e-02 6.85e-03h  1
  45  8.0817339e+00 2.89e-01 1.23e+10   3.5 2.90e+00   7.7 8.95e-03 1.29e-03h  1
  46  8.0827700e+00 2.86e-01 1.27e+10   3.5 2.87e+00   8.1 1.89e-04 6.63e-03h  1
  47  8.0828322e+00 2.86e-01 1.66e+10   3.5 3.08e+00   7.6 4.02e-02 4.28e-04h  1
  48  8.0834587e+00 2.84e-01 1.67e+10   3.5 3.09e+00   8.1 5.47e-03 5.22e-03h  1
  49  8.0837958e+00 2.81e-01 3.56e+10   3.5 3.92e+00   7.6 6.99e-02 6.28e-03h  1
iter    objective    inf_pr   inf_du lg(mu)  ||d||  lg(rg) alpha_du alpha_pr  ls
  50  8.0838174e+00 2.80e-01 5.46e+10   3.5 4.13e+00   8.0 2.76e-02 3.91e-03h  1
  51  8.0841315e+00 2.76e-01 5.09e+10   3.5 5.13e+00   7.5 8.81e-04 9.42e-03h  1
  52  8.0841565e+00 2.76e-01 6.29e+10   2.8 4.64e+00   8.0 1.09e-02 2.67e-04h  1
  53  8.0845396e+00 2.75e-01 6.14e+10  -2.6 1.38e+01   7.5 9.41e-05 3.75e-03h  1
  54  8.0870500e+00 2.67e-01 1.99e+11   3.5 2.23e+01   7.9 8.28e-05 2.15e-02f  1
  55  8.0871374e+00 2.66e-01 1.85e+11   3.5 4.10e+00   9.2 3.41e-02 9.50e-04h  1
  56  8.0871618e+00 2.66e-01 1.97e+11   3.5 6.57e-01   9.7 2.07e-02 2.64e-04h  1
  57  8.0880638e+00 2.64e-01 2.03e+11   3.5 1.02e+01   9.2 9.23e-05 5.24e-03h  1
  58  8.0880937e+00 2.64e-01 2.18e+11   2.1 6.80e-01   9.6 2.05e-02 3.07e-04h  1
  59  8.0886249e+00 2.62e-01 2.06e+11   3.5 6.60e-01  10.0 2.17e-04 5.89e-03h  1
iter    objective    inf_pr   inf_du lg(mu)  ||d||  lg(rg) alpha_du alpha_pr  ls
  60  8.0889094e+00 2.61e-01 2.03e+11   3.5 8.55e-01   9.6 1.22e-03 3.48e-03h  1
  61  8.0889263e+00 2.61e-01 6.96e+11   3.5 6.56e-01  10.9 4.23e-02 2.20e-04h  1
  62  8.0892899e+00 2.59e-01 7.00e+11   3.5 7.85e-01  10.4 6.28e-03 4.69e-03h  1
  63  8.0893512e+00 2.59e-01 7.35e+11   3.5 7.33e-01   9.9 2.96e-02 8.75e-04h  1
  64  8.0915487e+00 2.48e-01 7.11e+11   3.5 8.52e-01   9.5 1.14e-02 3.01e-02h  1
  65  8.0915668e+00 2.48e-01 6.80e+11   3.5 2.15e+00   9.0 7.05e-02 2.72e-04h  1
  66  8.0927053e+00 2.43e-01 6.70e+11   3.5 6.83e-01   9.4 1.53e-02 1.41e-02h  1
  67  8.0958818e+00 2.30e-01 6.38e+11   3.5 1.15e+00   8.9 5.39e-02 3.87e-02h  1
  68  8.0959518e+00 2.29e-01 6.06e+11   3.5 8.61e-01   9.4 1.13e-01 8.46e-04h  1
  69  8.0991196e+00 2.17e-01 4.88e+11   3.5 8.77e-01   8.9 2.68e-01 3.62e-02h  1
iter    objective    inf_pr   inf_du lg(mu)  ||d||  lg(rg) alpha_du alpha_pr  ls
  70  8.0998400e+00 2.15e-01 7.93e+12   3.5 7.33e-01   9.3 1.24e-01 8.70e-03h  1
  71  8.1003924e+00 2.12e-01 8.18e+12   3.5 6.97e-01  10.6 3.17e-02 7.38e-03h  1
  72  8.1004530e+00 2.12e-01 1.07e+13   3.5 6.85e-01  11.1 6.97e-02 8.11e-04h  1
  73  8.1035383e+00 2.01e-01 1.04e+13   3.5 7.36e-01  10.6 4.00e-02 3.65e-02h  1
  74  8.1037854e+00 2.00e-01 2.35e+13   2.7 6.43e-01  10.1 9.34e-02 2.77e-03h  1
  75  8.1073498e+00 1.88e-01 7.43e+13   3.5 6.80e-01   9.6 2.51e-01 4.01e-02h  1
  76  8.1082247e+00 1.85e-01 7.30e+13   3.5 9.62e-01   9.2 3.56e-03 1.02e-02h  1
  77  8.1083840e+00 1.84e-01 7.29e+13   3.5 6.57e-01   9.6 1.90e-03 1.78e-03h  1
  78  8.1115222e+00 1.75e-01 9.25e+13   3.5 9.84e-01   9.1 1.45e-01 3.15e-02h  1
  79  8.1122270e+00 1.73e-01 3.27e+14   3.5 6.12e-01   9.5 1.02e-01 8.11e-03h  1
iter    objective    inf_pr   inf_du lg(mu)  ||d||  lg(rg) alpha_du alpha_pr  ls
  80  8.1123124e+00 1.73e-01 1.23e+16   3.5 9.29e-01   9.1 3.42e-02 1.02e-03h  1
  81  8.1163503e+00 1.60e-01 3.99e+16   3.5 6.14e-01   9.5 5.97e-01 4.74e-02h  1
  82  8.1175320e+00 1.56e-01 3.55e+16   3.5 4.83e-01   9.9 1.40e-01 1.60e-02h  1
  83  8.1209274e+00 1.43e-01 3.05e+16   3.5 5.54e-01   9.4 1.89e-01 5.09e-02h  1
  84  8.1210477e+00 1.42e-01 3.04e+16   3.5 4.27e-01  10.8 4.84e-03 1.60e-03h  1
  85  8.1211953e+00 1.42e-01 3.04e+16   3.5 4.20e-01  11.2 4.33e-03 1.89e-03h  1
  86  8.1223657e+00 1.38e-01 3.01e+16   2.7 4.39e-01  10.7 6.51e-02 1.58e-02h  1
  87  8.1258687e+00 1.24e-01 2.90e+16   3.5 5.01e-01  10.2 7.65e-02 5.65e-02h  1
  88  8.1268113e+00 1.21e-01 4.61e+17   3.5 4.83e-01   9.8 2.09e-01 1.61e-02h  1
  89  8.1304422e+00 1.12e-01 5.41e+17   3.5 5.84e-01   9.3 2.64e-01 5.44e-02h  1
iter    objective    inf_pr   inf_du lg(mu)  ||d||  lg(rg) alpha_du alpha_pr  ls
  90  8.1309927e+00 1.11e-01 5.29e+18   3.5 4.46e-01   9.7 1.82e-01 9.69e-03h  1
  91  8.1337558e+00 1.06e-01 1.00e+19   2.9 5.66e-01   9.2 2.26e-01 4.04e-02h  1
  92  8.1346310e+00 1.05e-01 9.82e+18   3.5 3.32e-01   9.7 7.65e-03 1.43e-02h  1
  93  8.1347896e+00 1.04e-01 1.38e+19   3.4 4.95e-01  10.1 1.42e-01 2.24e-03h  1
  94  8.1417995e+00 9.51e-02 9.99e+18   3.5 5.10e-01   9.6 3.99e-03 8.86e-02h  1
  95  8.1419298e+00 9.50e-02 9.88e+18   3.5 8.79e-01   9.1 1.61e-04 1.22e-03h  1
  96  8.1419343e+00 9.50e-02 1.03e+19   3.5 4.82e-01   9.6 4.17e-03 5.37e-05h  1
  97  8.1436904e+00 9.28e-02 7.95e+18   3.5 4.78e-01  10.0 2.30e-03 2.33e-02h  1
  98  8.1437140e+00 9.27e-02 9.17e+18   3.5 5.00e-01   9.5 2.44e-03 2.55e-04h  1
  99  8.1437169e+00 9.27e-02 9.14e+19   3.5 4.45e-01   9.9 1.40e-01 3.54e-05h  1
iter    objective    inf_pr   inf_du lg(mu)  ||d||  lg(rg) alpha_du alpha_pr  ls
 100  8.1526374e+00 8.53e-02 8.15e+19   3.5 6.41e-01   9.5 1.56e-03 7.98e-02h  1
 101  8.1527299e+00 8.52e-02 8.14e+19   3.5 4.19e-01   9.9 1.33e-01 1.10e-03h  1
 102  8.1538805e+00 8.44e-02 8.05e+19   3.5 7.10e-01   9.4 1.04e-01 9.76e-03h  1
 103  8.1540657e+00 8.42e-02 8.03e+19   3.5 5.75e-01   9.8 9.87e-02 2.32e-03h  1
 104  8.1550796e+00 8.35e-02 7.96e+19   3.5 1.24e+00   9.3 6.86e-02 7.80e-03h  1
 105  8.1551887e+00 8.34e-02 7.95e+19   3.5 4.58e-01   9.8 4.09e-02 1.99e-03h  1
 106  8.1578555e+00 7.90e-02 7.10e+19   3.5 6.86e-01   9.3 3.94e-03 5.25e-02h  1
 107  8.1580532e+00 7.86e-02 9.77e+19   3.5 4.63e-01   9.7 7.67e-02 4.57e-03h  1
 108  8.1605328e+00 7.52e-02 1.38e+20   3.5 6.71e-01   9.2 1.50e-01 4.38e-02h  1
 109  8.1608737e+00 7.46e-02 1.59e+20   3.5 4.62e-01   9.7 1.89e-02 7.28e-03h  1
iter    objective    inf_pr   inf_du lg(mu)  ||d||  lg(rg) alpha_du alpha_pr  ls
 110  8.1628157e+00 7.23e-02 4.91e+19   3.5 7.03e-01   9.2 8.39e-04 3.20e-02h  1
In iteration 110, 1 Slack too small, adjusting variable bound
 111  8.1628309e+00 7.22e-02 9.84e+21   3.5 4.35e-01   9.6 1.18e-02 3.15e-04h  1
In iteration 111, 1 Slack too small, adjusting variable bound
 112  8.1628334e+00 7.22e-02 2.84e+23   3.5 6.89e-01   9.1 6.48e-03 1.68e-04h  1
In iteration 112, 1 Slack too small, adjusting variable bound
 113  8.1628912e+00 7.20e-02 2.77e+23   3.5 9.71e-01   9.6 6.95e-04 2.76e-03h  1
In iteration 113, 1 Slack too small, adjusting variable bound
 114  8.1629543e+00 7.18e-02 2.20e+23   3.5 1.11e+00   9.1 2.18e-03 2.70e-03f  1
In iteration 114, 1 Slack too small, adjusting variable bound
 115  8.1635996e+00 6.99e-02 1.13e+23   3.5 9.65e-01   9.5 1.32e-02 2.70e-02h  1
In iteration 115, 1 Slack too small, adjusting variable bound
 116  8.1637458e+00 6.96e-02 4.49e+23   3.5 1.68e+00   9.0 3.47e-04 3.81e-03f  1
In iteration 116, 1 Slack too small, adjusting variable bound
 117  8.1637485e+00 6.96e-02 1.43e+27   3.5 8.45e-01   9.5 1.78e-01 8.37e-05h  1
In iteration 117, 1 Slack too small, adjusting variable bound
 118  8.1642561e+00 6.84e-02 4.07e+27   3.5 2.65e+00   9.0 5.92e-04 1.79e-02h  1
In iteration 118, 1 Slack too small, adjusting variable bound
 119  8.1650259e+00 6.69e-02 3.98e+27   3.5 8.29e-01   9.4 9.35e-02 2.16e-02h  1
In iteration 119, 1 Slack too small, adjusting variable bound
iter    objective    inf_pr   inf_du lg(mu)  ||d||  lg(rg) alpha_du alpha_pr  ls
 120  8.1660569e+00 6.54e-02 3.89e+27   3.5 2.82e+00   8.9 2.71e-02 2.22e-02h  1
In iteration 120, 1 Slack too small, adjusting variable bound
 121  8.1663174e+00 6.49e-02 3.86e+27   3.5 7.36e-01   9.4 2.92e-01 6.91e-03h  1
In iteration 121, 1 Slack too small, adjusting variable bound
 122  8.1725847e+00 6.02e-02 3.59e+27   3.5 2.77e+00   8.9 4.20e-02 7.10e-02h  1
In iteration 122, 1 Slack too small, adjusting variable bound
 123  8.1726963e+00 6.01e-02 3.58e+27   3.5 6.32e-01   9.3 1.17e-01 2.01e-03h  1
In iteration 123, 1 Slack too small, adjusting variable bound
 124  8.1734774e+00 5.92e-02 3.53e+27   2.8 5.97e-01   9.7 1.01e-01 1.49e-02h  1
In iteration 124, 1 Slack too small, adjusting variable bound
 125  8.1768362e+00 5.58e-02 3.33e+27   3.5 6.62e-01   9.3 1.62e-03 5.70e-02h  1
In iteration 125, 1 Slack too small, adjusting variable bound
 126  8.1773011e+00 5.51e-02 3.29e+27   3.5 5.51e-01   9.7 1.62e-04 1.20e-02h  1
In iteration 126, 1 Slack too small, adjusting variable bound
 127  8.1765336e+00 5.50e-02 3.28e+27   3.5 1.76e+01   9.2 3.14e-04 1.46e-03h  1
In iteration 127, 1 Slack too small, adjusting variable bound
 128  8.1762744e+00 5.50e-02 3.28e+27   3.5 2.00e+01   9.6 7.17e-04 1.25e-04h  1
In iteration 128, 1 Slack too small, adjusting variable bound
 129  8.1763993e+00 5.50e-02 3.28e+27   3.5 7.63e+00  11.0 3.12e-04 5.14e-04h  1
In iteration 129, 1 Slack too small, adjusting variable bound
iter    objective    inf_pr   inf_du lg(mu)  ||d||  lg(rg) alpha_du alpha_pr  ls
 130  8.1774170e+00 5.48e-02 3.27e+27   3.5 5.48e+00  10.5 1.10e-04 4.28e-03h  1
In iteration 130, 1 Slack too small, adjusting variable bound
 131  8.1776768e+00 5.48e-02 3.27e+27   3.5 1.73e+02  10.9 1.17e-06 3.85e-05h  1
In iteration 131, 1 Slack too small, adjusting variable bound
 132  8.1777003e+00 5.48e-02 3.26e+27   3.5 4.56e+00  12.2 2.17e-04 9.76e-05h  1
In iteration 132, 2 Slacks too small, adjusting variable bounds
 133  8.1777124e+00 5.48e-02 3.26e+27   3.5 7.81e+00  12.7 8.88e-07 7.49e-05h  1
 134r 8.1777124e+00 5.48e-02 1.00e+03   3.5 0.00e+00  15.8 0.00e+00 1.42e-07R  2
 135r 8.1788664e+00 4.15e-02 2.03e+01  -2.6 3.23e+00    -  9.80e-01 9.80e-01f  1
 136  8.1721027e+00 4.15e-02 2.75e+02   0.4 5.54e+02    -  6.04e-05 2.88e-04f  1
 137  8.1720014e+00 3.91e-02 2.44e+02  -1.6 7.51e-01    -  1.65e-01 5.80e-02f  1
 138  8.1721783e+00 3.88e-02 8.42e+11  -1.2 4.93e-02  15.3 9.92e-01 8.01e-03h  1
 139  8.1721801e+00 3.88e-02 8.45e+11  -0.7 4.89e-02  14.9 1.00e+00 8.08e-05h  1
iter    objective    inf_pr   inf_du lg(mu)  ||d||  lg(rg) alpha_du alpha_pr  ls
 140  8.1721812e+00 3.88e-02 3.32e+12  -0.4 4.89e-02  14.4 1.00e+00 4.88e-05h  1
 141  8.1726942e+00 3.79e-02 1.09e+12  -0.1 4.89e-02  13.9 1.00e+00 2.33e-02h  1
 142  8.1726996e+00 3.79e-02 9.14e+11   0.4 4.77e-02  13.4 1.00e+00 2.48e-04h  1
 143  8.1728304e+00 3.76e-02 7.57e+11   1.0 3.96e-02  12.9 1.00e+00 5.71e-03h  1
 144  8.1731613e+00 3.72e-02 7.49e+11   1.7 4.71e-02  12.5 1.00e+00 1.28e-02h  1
 145  8.1736372e+00 3.67e-02 2.22e+12   2.6 6.13e-02  12.0 1.00e+00 1.34e-02h  1
 146  8.1737964e+00 3.65e-02 2.12e+14   3.2 5.65e-02  12.4 1.00e+00 4.66e-03h  1
 147  8.1742591e+00 3.61e-02 2.03e+14   3.5 1.27e-01  11.9 1.10e-01 9.79e-03h  1
 148  8.1743437e+00 3.60e-02 2.95e+14   3.5 1.13e-01  12.4 5.01e-01 2.21e-03h  1
 149  8.1750710e+00 3.55e-02 2.85e+14   3.5 1.30e-01  11.9 6.71e-02 1.62e-02h  1
iter    objective    inf_pr   inf_du lg(mu)  ||d||  lg(rg) alpha_du alpha_pr  ls
 150  8.1750844e+00 3.55e-02 3.98e+14   3.5 8.17e-02  12.3 3.79e-01 3.32e-04h  1
 151  8.1758756e+00 3.49e-02 3.82e+14   3.5 9.28e-02  11.8 6.68e-02 1.61e-02h  1
 152  8.1760128e+00 3.48e-02 4.70e+14   3.5 8.75e-02  12.3 4.75e-01 3.18e-03h  1
 153  8.1768972e+00 3.42e-02 4.50e+14   3.5 1.14e-01  11.8 6.15e-02 1.73e-02h  1
 154  8.1770624e+00 3.40e-02 5.02e+14   3.5 1.11e-01  12.2 6.24e-01 3.83e-03h  1
 155  8.1779578e+00 3.34e-02 4.72e+14   3.5 1.20e-01  11.7 8.51e-02 1.80e-02h  1
 156  8.1782317e+00 3.32e-02 4.86e+14   3.5 1.19e-01  12.2 5.55e-01 6.78e-03h  1
 157  8.1791873e+00 3.25e-02 3.55e+14   3.5 1.21e-01  11.7 3.85e-01 2.15e-02h  1
 158  8.1795705e+00 3.21e-02 3.68e+14   3.5 1.17e-01  12.1 2.05e-01 1.15e-02h  1
 159  8.1806375e+00 3.09e-02 1.10e+15   3.5 1.17e-01  12.5 9.31e-01 3.70e-02h  1
iter    objective    inf_pr   inf_du lg(mu)  ||d||  lg(rg) alpha_du alpha_pr  ls
 160  8.1810488e+00 3.05e-02 9.77e+14   3.5 1.11e-01  12.1 1.61e-01 1.34e-02h  1
 161  8.1812489e+00 3.03e-02 1.03e+15   3.5 1.10e-01  12.5 3.37e-01 6.94e-03h  1
 162  8.1817407e+00 2.98e-02 8.57e+14   3.5 1.09e-01  12.0 2.64e-01 1.58e-02h  1
 163  8.1819605e+00 2.96e-02 1.28e+15   3.5 1.07e-01  12.4 1.00e+00 7.66e-03h  1
 164  8.1825672e+00 2.90e-02 1.04e+15   3.2 1.72e-01  12.0 3.54e-01 1.83e-02h  1
 165  8.1825725e+00 2.90e-02 1.07e+15   3.5 1.54e-01  12.4 4.41e-02 1.77e-04h  1
 166  8.1828067e+00 2.88e-02 1.05e+15   3.5 2.95e-01  11.9 2.44e-02 7.54e-03h  1
 167  8.1828113e+00 2.88e-02 1.17e+15   3.5 1.59e-01  12.3 2.65e-01 1.51e-04h  1
 168  8.1833815e+00 2.83e-02 1.14e+15   3.5 4.17e-01  11.9 3.11e-02 1.95e-02h  1
 169  8.1833885e+00 2.82e-02 1.18e+15   3.5 3.33e-01  12.3 1.93e-01 2.44e-04h  1
iter    objective    inf_pr   inf_du lg(mu)  ||d||  lg(rg) alpha_du alpha_pr  ls
 170  8.1834236e+00 2.82e-02 1.13e+15   3.5 3.60e-01  11.8 5.83e-02 1.18e-03h  1
 171  8.1845031e+00 2.72e-02 1.11e+15   3.5 2.85e-01  12.2 3.65e-01 3.61e-02h  1
 172  8.1855661e+00 2.62e-02 1.03e+15   3.5 3.49e-01  11.8 7.90e-02 3.53e-02h  1
 173  8.1857013e+00 2.61e-02 9.90e+14   3.5 2.89e-01  12.2 2.31e-01 4.75e-03h  1
 174  8.1870558e+00 2.49e-02 8.81e+14   3.5 3.27e-01  11.7 1.26e-01 4.49e-02h  1
 175  8.1875471e+00 2.45e-02 8.65e+14   3.5 2.76e-01  12.1 1.24e-01 1.66e-02h  1
 176  8.1878622e+00 2.43e-02 8.33e+14   3.5 2.95e-01  11.6 4.71e-02 9.36e-03h  1
 177  8.1879686e+00 2.42e-02 8.37e+14   3.5 2.79e-01  12.1 2.64e-01 3.12e-03h  1
 178  8.1888432e+00 2.36e-02 7.29e+14   3.5 3.23e-01  11.6 1.77e-01 2.52e-02h  1
 179  8.1902343e+00 2.27e-02 7.56e+14   3.5 2.95e-01  12.0 3.28e-01 4.02e-02h  1
iter    objective    inf_pr   inf_du lg(mu)  ||d||  lg(rg) alpha_du alpha_pr  ls
 180  8.1902507e+00 2.27e-02 6.43e+14   3.5 2.85e-01  11.5 1.97e-01 4.72e-04h  1
 181  8.1913772e+00 2.19e-02 6.73e+14   3.5 2.82e-01  12.0 2.96e-01 3.29e-02h  1
 182  8.1927148e+00 2.10e-02 6.67e+14   3.5 2.49e-01  12.4 5.39e-02 4.01e-02h  1
 183  8.1930540e+00 2.08e-02 6.56e+14   3.5 2.58e-01  11.9 6.52e-02 9.48e-03h  1
 184  8.1935793e+00 2.05e-02 8.12e+14   3.5 2.42e-01  12.3 1.33e-01 1.57e-02h  1
 185  8.1951739e+00 1.96e-02 6.16e+14   3.5 2.49e-01  11.9 4.76e-01 4.43e-02h  1
 186  8.1954851e+00 1.94e-02 7.85e+14   3.5 2.29e-01  12.3 1.68e-01 9.41e-03h  1
 187  8.1962250e+00 1.90e-02 5.95e+14   3.5 2.30e-01  11.8 3.87e-01 2.03e-02h  1
 188  8.1966152e+00 1.88e-02 8.11e+14   3.5 2.22e-01  12.2 2.21e-01 1.12e-02h  1
 189  8.1979878e+00 1.82e-02 5.97e+14   3.5 2.17e-01  11.8 5.68e-01 3.42e-02h  1
iter    objective    inf_pr   inf_du lg(mu)  ||d||  lg(rg) alpha_du alpha_pr  ls
 190  8.1988200e+00 1.77e-02 8.39e+14   3.5 2.12e-01  12.2 2.06e-01 2.46e-02h  1
 191  8.2010824e+00 1.66e-02 7.87e+14   3.5 3.04e-01  11.7 5.70e-02 6.36e-02h  1
 192  8.2011561e+00 1.65e-02 1.00e+15   3.5 2.60e-01  12.1 1.84e-01 2.35e-03h  1
 193  8.2016139e+00 1.63e-02 8.33e+14   3.5 3.34e-01  11.7 3.14e-01 1.40e-02h  1
 194  8.2033296e+00 1.54e-02 9.48e+14   3.5 2.96e-01  12.1 2.00e-01 5.81e-02h  1
 195  8.2033547e+00 1.54e-02 4.87e+14   3.3 3.28e-01  11.6 6.30e-01 8.27e-04h  1
 196  8.2051038e+00 1.43e-02 4.11e+14   3.5 3.15e-01  12.0 2.87e-02 6.61e-02h  1
 197  8.2099247e+00 1.19e-02 3.81e+14   3.5 3.30e-01  11.6 6.66e-02 1.71e-01h  1
 198  8.2099822e+00 1.19e-02 4.73e+14   3.5 2.59e-01  12.0 1.70e-01 2.66e-03h  1
 199  8.2120689e+00 1.10e-02 3.72e+14   3.5 2.83e-01  11.5 1.80e-01 7.55e-02h  1
iter    objective    inf_pr   inf_du lg(mu)  ||d||  lg(rg) alpha_du alpha_pr  ls
 200  8.2121200e+00 1.09e-02 6.74e+14   3.5 2.43e-01  11.9 1.00e+00 2.65e-03h  1
 201  8.2173162e+00 9.92e-03 5.33e+14   3.5 7.00e-01  11.5 1.80e-01 9.20e-02h  1
 202  8.2182258e+00 9.48e-03 4.78e+14   3.5 2.26e-01  11.9 4.95e-01 4.44e-02h  1
 203  8.2188099e+00 9.17e-03 1.96e+15   3.3 1.93e-01  12.3 1.00e+00 3.35e-02h  1
 204  8.2188211e+00 9.16e-03 3.49e+15   3.5 1.76e-01  13.6 6.10e-02 8.20e-04h  1
 205  8.2188594e+00 9.13e-03 8.85e+15   3.5 1.61e-01  13.2 4.31e-01 2.62e-03h  1
 206  8.2193527e+00 8.87e-03 7.00e+15   3.5 2.09e-01  12.7 6.38e-01 2.91e-02h  1
 207  8.2219343e+00 7.53e-03 2.79e+15   3.5 2.11e-01  12.2 7.11e-01 1.51e-01h  1
 208  8.2219695e+00 7.51e-03 1.50e+16   3.5 9.97e-02  13.5 5.61e-01 3.49e-03h  1
 209  8.2227687e+00 6.94e-03 2.36e+16   3.5 1.75e-01  13.1 5.19e-01 7.54e-02h  1
iter    objective    inf_pr   inf_du lg(mu)  ||d||  lg(rg) alpha_du alpha_pr  ls
 210  8.2228111e+00 6.90e-03 2.33e+16   3.5 3.61e-01  13.5 1.15e-02 5.70e-03h  1
 211  8.2233852e+00 6.57e-03 1.33e+16   3.5 1.64e-01  13.0 4.00e-01 4.75e-02h  1
 212  8.2233966e+00 6.57e-03 7.32e+15   3.5 1.65e-01  12.5 4.98e-01 9.90e-04h  1
 213  8.2247191e+00 5.90e-03 6.52e+15   3.5 1.73e-01  12.1 9.51e-01 1.02e-01h  1
 214  8.2267353e+00 4.74e-03 4.90e+15   3.5 1.32e-01  12.5 1.00e+00 1.96e-01h  1
 215  8.2286537e+00 3.84e-03 2.97e+15   3.5 1.23e-01  12.0 1.00e+00 1.89e-01h  1
 216  8.2286721e+00 3.82e-03 4.71e+16   3.5 8.22e-02  12.4 1.00e+00 5.04e-03h  1
 217  8.2282022e+00 3.70e-03 4.67e+16   3.5 1.80e-01  12.0 1.31e-01 3.24e-02h  1
 218  8.2281773e+00 3.69e-03 4.66e+16   3.5 1.90e-01  12.4 2.47e-03 2.35e-03h  1
 219  8.2279641e+00 3.68e-03 4.55e+16   3.5 1.71e+00  11.9 5.35e-04 2.21e-03h  1
iter    objective    inf_pr   inf_du lg(mu)  ||d||  lg(rg) alpha_du alpha_pr  ls
 220  8.2261591e+00 3.54e-03 6.33e+16   3.5 1.01e+00  12.3 5.02e-03 3.86e-02h  1
 221  8.2260948e+00 3.54e-03 6.32e+16   3.5 1.11e+00  12.8 3.90e-02 6.66e-04h  1
 222  8.2249127e+00 3.51e-03 1.65e+17   3.5 2.75e+00  13.2 4.18e-02 6.91e-03h  1
 223  8.2248060e+00 3.45e-03 1.63e+17   3.5 2.01e-01  12.7 3.37e-03 1.93e-02h  1
 224  8.2246220e+00 3.41e-03 1.61e+17   3.5 1.09e+00  12.2 2.23e-05 1.07e-02h  1
 225  8.2246245e+00 3.38e-03 1.60e+17   3.5 4.43e-01  12.7 1.05e-02 7.81e-03h  1
 226  8.2261933e+00 3.35e-03 1.57e+17   3.5 2.83e+00  12.2 4.70e-03 1.03e-02h  1
 227  8.2262174e+00 3.35e-03 1.66e+17   3.5 1.13e+00  12.6 3.44e-02 2.52e-04h  1
 228r 8.2262174e+00 3.35e-03 1.00e+03   3.5 0.00e+00  12.1 0.00e+00 2.78e-07R  6
 229r 8.2261422e+00 2.30e-03 1.20e+01  -2.6 3.15e+00    -  9.88e-01 9.89e-01f  1
iter    objective    inf_pr   inf_du lg(mu)  ||d||  lg(rg) alpha_du alpha_pr  ls
 230  8.2233444e+00 2.05e-03 3.21e+00  -5.5 6.04e-02    -  3.55e-01 1.10e-01h  1
 231  8.2160640e+00 1.67e-03 8.22e+01  -5.7 9.24e-02    -  9.54e-03 1.85e-01h  1
 232  8.2160650e+00 1.67e-03 9.58e+05  -1.8 3.05e-03  11.6 9.91e-01 7.14e-04h  1
 233  8.2160650e+00 1.67e-03 5.17e+08   0.3 2.91e-03  11.2 1.00e+00 2.05e-05h  1
 234  8.2160716e+00 1.66e-03 5.13e+08   0.2 2.63e-03  10.7 1.27e-02 4.33e-03h  1
 235  8.2160818e+00 1.65e-03 4.16e+08   1.6 5.92e-03  10.2 2.88e-01 5.67e-03h  1
 236  8.2161504e+00 1.60e-03 3.60e+08   2.5 9.67e-03   9.7 1.57e-01 3.27e-02h  1
 237  8.2162401e+00 1.57e-03 5.14e+08   3.5 4.95e-02   9.3 1.29e-01 2.06e-02f  1
 238  8.2166399e+00 1.34e-03 4.13e+08   3.0 8.80e-03   8.8 1.02e-01 1.45e-01f  1
 239  8.2177337e+00 7.16e-04 7.19e+08   2.8 2.32e-02   8.3 2.21e-01 4.65e-01f  1
iter    objective    inf_pr   inf_du lg(mu)  ||d||  lg(rg) alpha_du alpha_pr  ls
 240  8.2178378e+00 6.29e-04 1.69e+09   3.5 9.57e-03   9.6 3.24e-02 1.22e-01h  1
 241  8.2185810e+00 2.30e-04 7.11e+09   3.5 1.21e-02   9.2 5.64e-02 6.34e-01f  1
 242  8.2188423e+00 2.69e-06 9.30e+08   1.4 3.43e-03   8.7 2.57e-01 1.00e+00h  1
 243  8.2188488e+00 9.23e-10 1.81e+07   1.2 3.70e-05   8.2 9.90e-01 1.00e+00f  1
 244  8.2188526e+00 5.01e-08 6.64e+03   0.7 1.24e-04   7.7 1.00e+00 1.00e+00f  1
 245  8.2188822e+00 8.02e-07 8.83e+03   0.6 4.96e-04   7.3 1.00e+00 1.00e+00f  1
 246  8.2189499e+00 4.04e-05 1.08e+05   0.6 1.15e-03   6.8 1.00e+00 1.00e+00f  1
 247  8.2191489e+00 3.35e-06 2.47e+03   0.6 1.25e-03   6.3 1.00e+00 1.00e+00f  1
 248  8.2195340e+00 9.45e-06 1.64e+03   0.6 2.49e-03   5.8 1.00e+00 1.00e+00f  1
 249  8.2202687e+00 3.14e-05 1.28e+03   0.6 5.82e-03   5.3 1.00e+00 1.00e+00f  1
iter    objective    inf_pr   inf_du lg(mu)  ||d||  lg(rg) alpha_du alpha_pr  ls
 250  8.2216845e+00 8.89e-05 1.04e+03   0.6 1.43e-02   4.9 1.00e+00 1.00e+00f  1
 251  8.2246600e+00 2.46e-04 6.12e+02   0.6 2.58e-02   4.4 1.00e+00 1.00e+00f  1
 252  8.2304555e+00 5.73e-04 3.36e+02   0.6 4.41e-02   3.9 1.00e+00 1.00e+00f  1
 253  8.2434044e+00 1.73e-03 1.63e+02   0.6 6.97e-02   3.4 1.00e+00 1.00e+00f  1
 254  8.2707306e+00 4.12e-03 5.79e+03   0.6 1.02e-01   3.0 7.90e-01 1.00e+00f  1
 255  8.2894042e+00 1.80e-03 6.22e+03   0.6 1.53e-01   2.5 1.00e+00 5.83e-01f  1
 256  8.3000298e+00 2.34e-03 2.77e+03   0.6 2.38e-01   2.0 1.00e+00 7.84e-01f  1
 257  8.2629148e+00 4.39e-03 7.69e+01   0.6 3.85e-01   1.5 1.00e+00 1.00e+00f  1
 258  8.1988759e+00 2.33e-01 4.12e+02   0.6 2.31e+01    -  3.01e-02 5.22e-02f  1
 259  8.0623018e+00 8.07e-02 9.09e+02   0.6 1.14e+01    -  7.90e-02 1.38e-01f  1
iter    objective    inf_pr   inf_du lg(mu)  ||d||  lg(rg) alpha_du alpha_pr  ls
 260  7.9078922e+00 5.49e-02 5.73e+02   0.6 1.41e+00   1.0 3.53e-01 4.60e-01f  1
 261  7.9137770e+00 7.64e-03 8.50e+03  -0.7 4.41e-01    -  7.99e-01 1.00e+00f  1
 262  7.9021654e+00 1.34e-03 4.97e+03  -6.0 4.97e-02    -  5.29e-01 1.00e+00h  1
 263  7.8851139e+00 2.67e-04 2.42e+02  -2.2 1.25e-01    -  9.51e-01 1.00e+00f  1
 264  7.7025041e+00 1.73e-02 8.36e+01  -1.9 4.99e+00    -  6.97e-01 5.51e-01f  1
 265  7.3841348e+00 3.00e-02 8.79e+01  -2.8 1.41e+00    -  4.72e-01 1.00e+00h  1
 266  7.1436221e+00 1.33e-02 2.65e+01  -2.7 2.63e+00    -  6.85e-01 1.00e+00h  1
 267  7.0717180e+00 4.79e-03 4.24e+00  -2.5 6.91e+00    -  1.00e+00 7.14e-01h  1
 268  6.6948608e+00 5.21e-02 1.26e+01  -3.4 2.17e+00    -  4.11e-01 7.66e-01h  1
 269  6.7308816e+00 5.03e-04 2.76e-01  -2.4 7.41e-02   0.6 1.00e+00 1.00e+00h  1
iter    objective    inf_pr   inf_du lg(mu)  ||d||  lg(rg) alpha_du alpha_pr  ls
 270  6.7070843e+00 1.53e-05 1.97e-01  -2.8 3.72e-02   0.1 9.92e-01 1.00e+00h  1
 271  6.6113012e+00 8.72e-05 7.14e-02  -3.3 1.73e-01  -0.4 9.99e-01 1.00e+00f  1
 272  6.4548382e+00 3.83e-04 3.62e-01  -3.9 3.80e-01  -0.9 9.94e-01 8.96e-01f  1
 273  6.4007788e+00 3.67e-04 3.97e-01  -4.0 3.27e-01  -1.3 1.00e+00 4.19e-01h  1
 274  6.3682820e+00 5.70e-04 6.85e-01  -3.6 3.69e-01  -1.8 1.00e+00 3.89e-01h  1
 275  6.3340094e+00 1.87e-03 7.44e-01  -3.4 5.60e-01  -2.3 7.14e-01 6.80e-01h  1
 276  6.4149032e+00 2.27e-02 5.08e+00  -2.9 1.15e+00  -2.8 8.73e-01 4.22e-01h  1
 277  6.4078276e+00 2.03e-01 4.91e+00  -3.0 1.84e+01  -3.2 3.38e-02 3.02e-02h  1
 278  6.3033189e+00 6.31e-02 4.04e+00  -3.0 4.07e+00  -3.7 1.94e-01 1.58e-01h  1
 279  6.5777927e+00 1.84e-01 6.87e+00  -2.4 3.40e+00    -  5.14e-01 3.57e-01f  1
iter    objective    inf_pr   inf_du lg(mu)  ||d||  lg(rg) alpha_du alpha_pr  ls
 280  6.5434561e+00 1.09e-01 4.78e+00  -2.7 5.43e+00  -3.3 3.34e-01 1.78e-01h  1
 281  6.4512965e+00 8.12e-02 4.48e+00  -2.7 6.51e+00  -3.8 5.72e-02 8.16e-02h  1
 282  6.3577574e+00 7.15e-02 4.33e+00  -2.7 1.59e+01  -3.3 3.42e-02 2.96e-02h  1
 283  6.1911471e+00 2.32e-01 4.05e+00  -2.7 7.86e+00  -2.9 5.14e-02 1.16e-01h  1
 284  6.3052683e+00 2.99e-01 4.56e+00  -2.2 2.70e+00  -3.4 1.88e-01 3.29e-01f  1
 285  6.0444862e+00 1.84e-01 3.50e+00  -2.6 1.06e+01  -3.0 4.00e-02 1.16e-01h  1
 286  6.1068729e+00 1.45e-01 3.51e+01  -2.0 8.64e-01  -1.6 8.54e-01 3.26e-01f  1
 287  6.0139037e+00 2.39e-02 8.24e-02  -2.1 6.67e-01  -1.2 9.98e-01 1.00e+00h  1
 288  5.7202809e+00 1.71e-02 2.93e+01  -2.6 1.05e+00  -1.7 5.30e-01 1.00e+00h  1
 289  5.5975253e+00 1.31e-02 2.16e+01  -2.4 5.32e+00    -  4.13e-01 1.96e-01h  1
iter    objective    inf_pr   inf_du lg(mu)  ||d||  lg(rg) alpha_du alpha_pr  ls
 290  5.4978159e+00 1.11e-02 1.39e+01  -8.3 1.86e+00    -  2.40e-01 1.57e-01h  1
 291  5.2302703e+00 9.14e-03 6.92e-02  -2.8 9.51e-01  -2.2 1.00e+00 1.00e+00h  1
 292  5.1383962e+00 1.06e-02 4.05e-01  -8.8 3.34e+00    -  7.63e-02 1.01e-01h  1
 293  4.9962214e+00 1.42e-02 1.23e+00  -4.0 7.36e+00    -  1.04e-01 1.67e-01h  1
 294  4.9451424e+00 1.41e-02 7.93e-01  -3.0 1.07e+01    -  2.31e-01 8.24e-02h  1
 295  4.9340200e+00 1.37e-02 6.01e-01  -3.0 4.34e+00    -  1.33e-01 8.10e-02h  1
 296  4.8576654e+00 1.36e-02 7.29e-01  -3.3 8.12e+00    -  1.05e-01 1.32e-01h  1
 297  4.7862724e+00 1.63e-02 4.77e-01  -3.0 3.11e+00    -  1.11e-01 3.63e-01h  1
 298  4.7551278e+00 8.49e-03 4.14e-01  -3.0 1.02e+00  -2.6 1.00e+00 4.81e-01h  1
 299  4.7379605e+00 1.68e-02 2.37e-01  -3.0 9.77e-01    -  6.38e-01 4.25e-01h  1
iter    objective    inf_pr   inf_du lg(mu)  ||d||  lg(rg) alpha_du alpha_pr  ls
 300  4.6563880e+00 4.43e-03 2.48e-02  -3.1 3.32e-01    -  9.89e-01 1.00e+00h  1
 301  4.6399320e+00 2.15e-03 9.79e-02  -3.1 7.39e-01    -  1.00e+00 7.01e-01H  1
 302  4.5470790e+00 2.87e-03 3.56e-02  -3.3 4.17e-01    -  9.90e-01 1.00e+00h  1
 303  4.4743649e+00 5.69e-03 1.33e-01  -3.5 6.98e-01    -  9.93e-01 9.10e-01h  1
 304  4.4555260e+00 6.08e-01 5.05e-02  -3.5 1.10e+00    -  1.00e+00 8.79e-01h  1
 305  4.4287527e+00 2.03e-03 8.75e-03  -3.6 5.04e-01    -  1.00e+00 1.00e+00h  1
 306  4.3980735e+00 1.85e-03 1.88e-02  -3.7 3.11e-01    -  1.00e+00 1.00e+00h  1
 307  4.3812234e+00 1.49e-03 2.98e-02  -3.8 2.65e-01    -  9.90e-01 1.00e+00h  1
 308  4.3569537e+00 4.01e-03 3.10e-01  -4.0 4.35e-01    -  9.81e-01 1.00e+00h  1
 309  4.3594733e+00 4.63e-05 4.34e+00  -3.7 1.50e-02   1.4 1.00e+00 1.00e+00h  1
iter    objective    inf_pr   inf_du lg(mu)  ||d||  lg(rg) alpha_du alpha_pr  ls
 310  4.3569520e+00 2.77e-05 5.13e-01  -4.2 3.45e-03   0.9 1.00e+00 1.00e+00h  1
 311  4.3574075e+00 1.11e-06 2.76e-01  -3.9 7.39e-04   1.3 1.00e+00 1.00e+00h  1
 312  4.3570881e+00 6.59e-09 1.64e-01  -5.1 3.53e-04   2.7 1.00e+00 1.00e+00h  1
 313  4.3560160e+00 7.27e-08 1.84e-01  -6.3 1.19e-03   2.2 1.00e+00 1.00e+00f  1
 314  4.3545009e+00 1.80e-07 1.83e-01  -6.7 3.53e-03   1.7 1.00e+00 4.88e-01f  1
 315  4.3533743e+00 1.87e-07 1.76e-01  -7.0 8.32e-03   1.2 1.00e+00 1.64e-01f  1
 316  4.3520889e+00 2.60e-07 1.68e-01  -6.8 1.67e-02   0.8 1.00e+00 1.04e-01f  1
 317  4.3507041e+00 5.76e-07 1.62e-01  -6.5 3.58e-02   0.3 1.00e+00 6.06e-02f  1
 318  4.3485645e+00 5.34e-06 5.36e-01  -6.2 7.24e-02  -0.2 1.00e+00 5.47e-02f  1
 319  4.3476615e+00 5.75e-05 2.15e+00  -4.3 8.10e-02  -0.7 9.90e-01 2.92e-02f  1
iter    objective    inf_pr   inf_du lg(mu)  ||d||  lg(rg) alpha_du alpha_pr  ls
 320  4.3476019e+00 5.64e-05 1.60e+00  -4.1 8.35e-02  -1.2 4.73e-01 1.91e-02h  1
 321  4.3439428e+00 5.11e-05 1.45e+00  -6.3 1.01e-01  -1.6 2.93e-02 9.50e-02h  1
 322  4.3280520e+00 2.28e-03 1.63e+00  -5.4 1.01e+00  -2.1 3.25e-02 1.79e-01h  1
 323  4.3196093e+00 2.78e-03 1.48e+00 -10.2 2.56e+00  -2.6 8.18e-02 5.84e-02h  1
 324  4.3187438e+00 2.75e-03 1.48e+00 -10.3 4.87e-01  -3.1 5.75e-03 1.08e-02h  1
 325  4.2984045e+00 2.31e-03 1.18e+00  -5.3 3.64e-01  -2.6 3.17e-01 4.43e-01h  1
 326  4.2975834e+00 5.00e-04 7.63e-01 -10.4 3.03e-03   1.4 9.97e-02 7.84e-01h  1
 327  4.2996149e+00 1.85e-05 1.71e+00  -4.5 2.68e-03   0.9 1.00e+00 1.00e+00h  1
 328  4.3000259e+00 9.01e-07 1.05e-01  -4.2 5.13e-04   2.3 1.00e+00 1.00e+00h  1
 329  4.2991619e+00 8.04e-06 6.21e-01  -5.1 1.01e-03   1.8 8.86e-01 1.00e+00h  1
iter    objective    inf_pr   inf_du lg(mu)  ||d||  lg(rg) alpha_du alpha_pr  ls
 330  4.2971643e+00 8.03e-07 4.87e-02  -5.5 2.42e-03   1.3 1.00e+00 1.00e+00h  1
 331  4.2959618e+00 1.46e-06 1.02e-01  -6.0 3.63e-03   0.8 1.00e+00 4.92e-01h  1
 332  4.2949404e+00 2.63e-06 2.91e-01  -6.1 6.87e-03   0.3 1.00e+00 2.61e-01h  1
 333  4.2938786e+00 4.23e-06 6.00e-01  -5.6 1.57e-02  -0.1 1.00e+00 1.57e-01h  1
 334  4.2907729e+00 2.42e-05 4.50e-01  -5.0 4.26e-02  -0.6 3.48e-01 2.77e-01h  1
 335  4.2900512e+00 6.92e-05 4.29e-01  -5.3 3.25e-02  -0.2 3.16e-01 1.24e-01h  1
 336  4.2896783e+00 6.74e-05 4.25e-01  -5.9 5.06e-02  -0.7 2.61e-01 2.70e-02h  1
 337  4.2888319e+00 6.78e-05 3.74e-01 -11.0 4.14e-02  -0.2 2.16e-03 1.16e-01h  1
 338  4.2870712e+00 5.98e-05 3.29e-01 -11.0 5.31e-02  -0.7 9.65e-02 1.20e-01h  1
 339  4.2856185e+00 7.99e-05 3.97e-01  -5.5 2.32e-02  -0.3 1.00e+00 2.34e-01h  1
iter    objective    inf_pr   inf_du lg(mu)  ||d||  lg(rg) alpha_du alpha_pr  ls
 340  4.2834656e+00 6.53e-05 2.68e-01  -5.0 4.92e-02  -0.8 6.61e-01 1.84e-01h  1
 341  4.2714352e+00 3.91e-04 2.36e-01  -5.3 1.65e-01  -1.2 2.39e-01 4.03e-01h  1
 342  4.2293758e+00 8.30e-03 1.13e-01  -4.9 5.60e-01  -1.7 2.60e-01 6.18e-01h  1
 343  4.2257660e+00 8.15e-03 1.80e-01  -4.4 1.15e+00  -2.2 2.75e-01 2.17e-02h  1
 344  4.2228802e+00 6.43e-03 9.35e-02  -6.3 3.63e-02  -0.9 6.01e-01 2.11e-01h  1
 345  4.2270190e+00 2.16e-03 3.44e-01  -4.2 4.60e-02   0.5 6.34e-01 6.63e-01h  1
 346  4.2257695e+00 1.63e-05 1.27e-02  -4.4 7.04e-03  -0.0 9.88e-01 1.00e+00h  1
 347  4.2214454e+00 7.75e-05 6.35e-03  -4.5 1.94e-02  -0.5 9.78e-01 1.00e+00h  1
 348  4.2087394e+00 3.33e-04 7.36e-03  -4.7 5.78e-02  -1.0 9.81e-01 9.33e-01h  1
 349  4.1908495e+00 7.12e-04 5.07e-02  -6.2 1.76e-01  -1.4 3.02e-01 5.29e-01h  1
iter    objective    inf_pr   inf_du lg(mu)  ||d||  lg(rg) alpha_du alpha_pr  ls
 350  4.1898739e+00 2.21e-07 2.91e-02  -5.4 1.70e-03   0.8 1.00e+00 1.00e+00h  1
 351  4.1892990e+00 1.04e-07 1.54e-02  -6.1 9.34e-04   1.2 1.00e+00 1.00e+00h  1
 352  4.1890226e+00 1.37e-07 1.53e-01  -7.0 1.67e-03   0.7 1.00e+00 3.59e-01h  1
 353  4.1887859e+00 1.15e-07 2.67e-01  -7.8 3.43e-03   0.3 1.00e+00 1.73e-01h  1
 354  4.1884639e+00 1.48e-07 2.84e-01  -8.2 1.11e-02  -0.2 1.00e+00 1.06e-01h  1
 355  4.1878226e+00 9.06e-06 2.68e-01  -8.6 3.26e-02  -0.7 1.00e+00 8.09e-02h  1
 356  4.1868930e+00 1.86e-05 2.76e-01  -6.1 9.51e-02  -1.2 1.00e+00 4.69e-02h  1
 357  4.1806267e+00 5.62e-05 3.31e-01  -5.7 2.74e-01  -1.6 1.00e+00 1.38e-01h  1
 358  4.1619678e+00 5.11e-04 2.76e-01  -5.2 8.07e-01  -2.1 9.13e-02 1.66e-01h  1
 359  4.1560738e+00 6.31e-04 2.80e-01  -3.8 3.63e+00  -2.6 7.42e-02 2.17e-02f  1
iter    objective    inf_pr   inf_du lg(mu)  ||d||  lg(rg) alpha_du alpha_pr  ls
 360  4.1464968e+00 7.64e-04 2.77e-01 -10.8 7.85e+00  -3.1 6.17e-03 1.13e-02h  1
 361  4.1455901e+00 7.62e-04 2.80e-01  -5.8 2.39e+00  -2.7 6.03e-02 3.91e-03h  1
 362  4.1327235e+00 8.95e-04 2.49e-01  -4.6 9.02e-01  -2.2 6.98e-02 1.05e-01h  1
 363  4.1208540e+00 9.85e-04 2.40e-01  -4.5 3.17e+00  -2.7 4.05e-02 3.91e-02h  1
 364  4.1172405e+00 2.17e-04 3.94e-02  -5.6 1.52e-02  -0.5 9.83e-01 7.82e-01h  1
 365  4.1128588e+00 1.22e-04 5.47e-02  -5.3 4.82e-02  -0.9 1.00e+00 5.24e-01h  1
 366  4.1089613e+00 1.20e-04 5.63e-02  -5.0 1.17e-01  -1.4 4.86e-01 1.91e-01h  1
 367  4.1051432e+00 1.27e-04 7.48e-02  -4.8 3.66e-01  -1.9 4.07e-01 7.33e-02h  1
 368  4.0879702e+00 8.02e-04 7.21e-02  -4.2 1.02e+00  -2.4 2.21e-01 1.77e-01h  1
 369  4.0781084e+00 1.70e-03 4.50e-01  -3.6 2.85e+00  -2.9 2.17e-01 6.81e-02f  1
iter    objective    inf_pr   inf_du lg(mu)  ||d||  lg(rg) alpha_du alpha_pr  ls
 370  4.0659836e+00 1.66e-03 4.05e-01 -10.1 3.92e+00  -3.3 7.35e-02 4.13e-02h  1
 371  4.0483892e+00 3.95e-03 3.59e-01  -4.2 1.94e+00  -2.9 3.28e-01 1.08e-01h  1
 372  4.0330840e+00 5.59e-03 4.61e-01  -3.9 8.34e-01  -2.5 6.16e-01 2.74e-01h  1
 373  4.0559914e+00 8.80e-03 1.74e+00  -3.1 2.02e+00  -3.0 2.83e-01 1.24e-01f  1
 374  4.0419666e+00 6.10e-03 1.25e+00  -3.6 1.61e+00    -  3.37e-01 2.44e-01h  1
 375  4.0376944e+00 5.77e-03 9.99e-01  -3.6 1.51e+00    -  1.76e-01 2.14e-01h  1
 376  4.0427641e+00 3.31e-04 2.81e-02  -3.6 1.50e-01  -0.7 1.00e+00 1.00e+00h  1
 377  4.0197471e+00 1.07e-04 2.14e-02  -4.0 5.92e-02  -1.2 9.86e-01 1.00e+00h  1
 378  4.0009031e+00 1.28e-04 1.35e-01  -4.6 5.13e-02  -0.8 9.95e-01 1.00e+00h  1
 379  4.0001956e+00 1.16e-04 4.33e+00  -5.0 1.87e-02  -0.4 9.99e-01 9.86e-02h  1
iter    objective    inf_pr   inf_du lg(mu)  ||d||  lg(rg) alpha_du alpha_pr  ls
 380  3.9996265e+00 1.11e-04 1.14e+00  -5.4 3.82e-02  -0.8 1.00e+00 4.06e-02h  1
 381  3.9929033e+00 8.82e-05 6.85e-01  -5.5 9.24e-02  -1.3 9.77e-01 2.83e-01h  1
 382  3.9928923e+00 8.60e-05 4.19e+01  -4.9 8.47e-03   0.9 1.00e+00 2.52e-02h  1
 383  3.9917430e+00 1.62e-04 6.87e+01  -4.9 6.74e-03   0.5 8.10e-01 5.35e-01h  1
 384  3.9911809e+00 1.39e-04 5.89e+01  -5.6 1.11e-02  -0.0 1.00e+00 1.43e-01h  1
 385  3.9892512e+00 9.81e-05 4.10e+01  -5.9 2.04e-02  -0.5 1.00e+00 3.00e-01h  1
 386  3.9888184e+00 3.97e-05 1.04e+01  -5.4 2.41e-03   0.8 1.00e+00 6.78e-01h  1
 387  3.9887853e+00 3.69e-05 3.59e+01  -5.7 2.02e-03   1.3 1.00e+00 8.51e-02h  1
 388  3.9880324e+00 8.09e-05 8.38e+01  -5.9 2.38e-03   0.8 1.00e+00 8.84e-01h  1
 389  3.9880520e+00 5.56e-05 9.54e+01  -5.1 2.88e-03   0.3 9.26e-01 3.30e-01h  1
iter    objective    inf_pr   inf_du lg(mu)  ||d||  lg(rg) alpha_du alpha_pr  ls
 390  3.9864275e+00 3.70e-05 5.21e+01  -5.6 8.45e-03  -0.2 5.19e-01 8.09e-01h  1
 391  3.9862334e+00 3.55e-05 4.38e+02  -5.5 2.68e-02  -0.7 1.00e+00 4.98e-02h  1
 392  3.9875854e+00 5.23e-04 5.42e+02  -4.2 1.04e-01  -1.1 1.00e+00 4.85e-01f  1
 393  3.9868589e+00 5.99e-05 7.37e+01  -4.3 2.65e-02  -0.7 9.07e-01 1.00e+00h  1
 394  3.9839104e+00 3.57e-04 8.98e+01  -4.3 1.97e-01  -1.2 8.75e-01 3.18e-01h  1
 395  3.9843882e+00 3.07e-04 9.02e+02  -4.1 5.11e-02  -0.8 1.00e+00 1.56e-01f  1
 396  4.0149542e+00 2.79e-02 7.84e+03  -3.5 4.62e-01  -1.2 1.00e+00 7.64e-01f  1
 397  4.0082074e+00 1.01e-02 7.13e+03  -3.6 9.58e-01  -1.7 1.98e-01 9.02e-02h  1
 398  3.9949441e+00 3.35e-03 1.75e+03  -3.6 2.57e-01  -1.3 1.00e+00 6.52e-01f  1
 399  3.9897336e+00 2.88e-03 1.11e+03  -3.6 6.96e-01  -1.8 2.84e-01 1.35e-01h  1
iter    objective    inf_pr   inf_du lg(mu)  ||d||  lg(rg) alpha_du alpha_pr  ls
 400  3.9867487e+00 2.81e-03 9.67e+02  -3.6 3.20e+00  -2.2 7.37e-02 2.54e-02h  1
 401  3.9844706e+00 2.66e-03 4.60e+04  -3.6 7.46e-01  -2.7 4.96e-01 5.47e-02h  1
 402  3.9790239e+00 7.51e-04 3.59e+05  -3.6 5.90e-02  -1.4 1.00e+00 1.00e+00f  1
 403  3.9863354e+00 5.08e-03 2.69e+05  -3.3 2.29e+00    -  3.32e-01 2.49e-01h  1
 404  3.9747992e+00 3.12e-02 2.17e+05  -3.6 3.26e+00    -  1.72e-01 1.89e-01h  1
 405  4.0015407e+00 1.81e-02 1.54e+05  -3.2 1.63e+00    -  3.95e-01 2.78e-01h  1
 406  3.9872654e+00 1.77e-02 2.75e+04  -3.5 6.06e-01    -  9.06e-01 6.00e-01h  1
 407  3.9867618e+00 1.70e-02 1.71e+05  -3.5 3.49e-01    -  3.15e-01 4.16e-02h  1
 408  3.9801066e+00 5.93e-04 6.31e+07  -3.5 1.02e-01  -1.9 1.00e+00 1.00e+00h  1
 409  4.0926941e+00 1.39e-02 2.30e+06  -3.2 8.09e-01    -  8.92e-01 1.00e+00h  1
iter    objective    inf_pr   inf_du lg(mu)  ||d||  lg(rg) alpha_du alpha_pr  ls
 410  4.0853568e+00 1.23e-02 1.89e+07  -3.3 4.11e-01    -  1.00e+00 1.13e-01h  1
 411  4.0271162e+00 3.01e-03 8.62e+05  -3.3 4.13e-01    -  1.00e+00 1.00e+00h  1
 412  4.0253200e+00 8.59e-04 6.51e+06  -3.3 1.93e-01  -2.3 1.00e+00 1.00e+00h  1
 413  4.0268282e+00 1.60e-04 8.62e+05  -3.3 8.03e-02    -  1.00e+00 1.00e+00h  1
 414  4.0268582e+00 1.10e-04 1.36e+06  -3.3 4.51e-02    -  1.00e+00 3.60e-01h  1
 415  4.0277424e+00 1.10e-04 2.50e+07  -3.3 5.75e-02    -  1.00e+00 1.00e+00f  1
 416  4.0273288e+00 3.50e-05 1.36e+06  -3.3 3.29e-03    -  1.00e+00 1.00e+00h  1
 417  4.0241861e+00 3.30e-05 7.06e+06  -3.4 2.12e-01    -  1.00e+00 8.81e-02h  2
 418  4.0222561e+00 3.55e-05 1.44e+08  -3.5 8.95e-02  -1.9 1.00e+00 5.94e-02h  1
 419  3.9932205e+00 1.14e-03 1.22e+08  -3.5 2.60e-01  -2.4 6.95e-01 7.22e-01h  1
iter    objective    inf_pr   inf_du lg(mu)  ||d||  lg(rg) alpha_du alpha_pr  ls
 420  3.9935412e+00 1.12e-03 1.20e+08  -3.5 5.53e-01   0.7 1.04e-04 1.82e-02f  2
 421  3.9906581e+00 3.87e-05 3.12e+07  -3.5 1.18e-02   0.3 1.00e+00 1.00e+00h  1
 422  3.9745330e+00 6.05e-05 1.20e+08  -3.9 3.88e-02  -0.2 1.00e+00 1.00e+00h  1
 423  3.9468904e+00 7.27e-05 2.88e+07  -4.5 8.10e-02  -0.7 1.00e+00 9.46e-01h  1
 424  3.9391213e+00 7.01e-05 4.15e+07  -5.1 8.38e-02  -1.2 1.00e+00 2.75e-01h  1
 425  3.9366801e+00 6.72e-05 1.43e+09  -5.6 1.84e-01  -1.6 1.00e+00 5.83e-02h  1
 426  3.9206633e+00 1.41e-04 5.11e+09  -6.1 7.33e-02  -1.2 1.00e+00 7.74e-01h  1
 427  3.9208047e+00 1.18e-04 4.28e+09  -4.7 2.83e-03   1.9 1.00e+00 1.62e-01h  1
 428  3.9238657e+00 8.97e-05 3.22e+09  -3.6 1.83e-02   1.4 1.00e+00 2.41e-01f  1
 429  3.9236323e+00 3.79e-05 9.65e+08  -5.0 3.87e-03   1.0 8.98e-01 5.78e-01h  1
iter    objective    inf_pr   inf_du lg(mu)  ||d||  lg(rg) alpha_du alpha_pr  ls
 430  3.9235542e+00 3.31e-05 1.60e+09  -4.6 4.40e-03   1.4 1.00e+00 1.39e-01h  1
 431  3.9233318e+00 4.35e-05 1.21e+10  -4.9 5.17e-03   0.9 6.04e-01 1.92e-01h  1
 432  3.9273583e+00 3.81e-05 1.14e+10  -3.9 1.31e-02   1.3 1.00e+00 7.42e-01f  1
 433  3.9268450e+00 3.27e-05 8.04e+09  -6.0 5.58e-03   0.9 8.65e-01 2.32e-01h  1
 434  3.9267952e+00 3.27e-05 1.34e+12  -4.8 1.14e-02   0.4 1.00e+00 1.33e-02h  1
 435  3.9252422e+00 1.43e-04 5.26e+12  -4.5 1.28e-02  -0.1 8.54e-01 2.93e-01h  1
 436  3.9240049e+00 1.26e-04 4.64e+12  -5.6 2.39e-02  -0.6 4.50e-01 1.18e-01h  1
 437  3.9155753e+00 1.57e-04 2.06e+12  -5.0 6.83e-02  -1.1 1.00e+00 5.33e-01h  1
 438  3.9114865e+00 8.83e-05 5.01e+11  -4.7 2.05e-02  -0.6 1.00e+00 1.00e+00h  1
 439  3.9066618e+00 1.11e-04 4.27e+11  -5.1 5.69e-02  -1.1 1.00e+00 4.09e-01h  1
iter    objective    inf_pr   inf_du lg(mu)  ||d||  lg(rg) alpha_du alpha_pr  ls
 440  3.8996837e+00 2.34e-04 4.21e+12  -5.2 1.98e-01  -1.6 1.00e+00 2.92e-01h  1
 441  3.8996433e+00 5.15e-05 7.67e+12  -4.9 1.69e-03   0.7 1.00e+00 1.00e+00h  1
 442  3.8994278e+00 3.95e-05 5.10e+12  -5.3 1.98e-03   1.1 1.00e+00 2.64e-01h  1
 443  3.8992428e+00 3.31e-05 2.66e+12  -6.1 2.02e-03   1.5 1.00e+00 2.42e-01h  1
 444  3.8991920e+00 3.28e-05 1.35e+14  -6.3 6.29e-03   1.0 1.00e+00 4.50e-02h  1
 445  3.8997096e+00 2.29e-04 5.31e+14  -4.2 1.24e-01   0.6 7.42e-01 6.28e-02h  1
 446  3.9012151e+00 8.49e-05 5.18e+14  -4.5 1.13e-02   0.1 4.52e-01 6.32e-01h  1
 447  3.9009633e+00 4.08e-05 2.68e+14  -4.5 1.92e-02  -0.4 2.13e-01 1.00e+00f  1
 448  3.8978520e+00 1.42e-04 5.18e+14  -4.5 3.74e-02  -0.9 4.84e-01 1.00e+00h  1
 449  3.8829300e+00 5.46e-04 2.02e+14  -6.5 9.13e-02  -1.4 4.42e-01 9.44e-01h  1
iter    objective    inf_pr   inf_du lg(mu)  ||d||  lg(rg) alpha_du alpha_pr  ls
 450  3.8829035e+00 3.22e-04 1.62e+14  -5.5 1.46e-03   1.8 1.00e+00 4.10e-01h  1
 451  3.8849101e+00 2.56e-04 1.98e+15  -4.0 1.42e-02   1.3 1.00e+00 2.07e-01f  1
 452  3.8848887e+00 2.33e-04 1.69e+15  -4.9 2.14e-03   0.8 1.00e+00 8.95e-02h  1
 453  3.8848428e+00 2.04e-04 7.14e+15  -5.2 3.12e-03   2.2 1.00e+00 1.25e-01h  1
In iteration 453, 1 Slack too small, adjusting variable bound
 454  3.8876887e+00 1.84e-04 7.75e+16  -3.2 7.38e-02   1.7 7.10e-01 9.88e-02f  1
 455  3.8881019e+00 1.42e-04 1.61e+16  -3.4 7.14e-03   2.1 9.33e-01 2.29e-01h  1
In iteration 455, 1 Slack too small, adjusting variable bound
 456  3.8881177e+00 1.31e-04 3.86e+17  -4.2 4.74e-03   2.5 1.00e+00 7.67e-02h  1
In iteration 456, 1 Slack too small, adjusting variable bound
 457  3.8894851e+00 1.09e-04 7.45e+17  -2.2 2.32e-02   3.0 6.50e-01 1.64e-01f  1
 458  3.8896576e+00 4.17e-05 7.22e+17  -3.6 2.92e-03   2.5 9.49e-01 6.18e-01h  1
In iteration 458, 1 Slack too small, adjusting variable bound
 459  3.8902229e+00 3.76e-05 1.13e+18  -3.0 3.54e-03   2.9 1.00e+00 5.64e-01f  1
In iteration 459, 1 Slack too small, adjusting variable bound
iter    objective    inf_pr   inf_du lg(mu)  ||d||  lg(rg) alpha_du alpha_pr  ls
 460  3.8902522e+00 3.55e-05 1.67e+18  -4.1 2.13e-03   2.4 9.49e-01 4.26e-01h  1
In iteration 460, 1 Slack too small, adjusting variable bound
 461  3.8902783e+00 3.47e-05 3.34e+18  -3.9 4.09e-03   1.9 6.86e-01 2.80e-01h  1
In iteration 461, 1 Slack too small, adjusting variable bound
 462  3.8901711e+00 3.53e-05 1.70e+19  -4.2 3.64e-03   1.5 1.00e+00 2.43e-01h  1
Scaling factors are invalid - setting them all to 1.
Scaling factors are invalid - setting them all to 1.
In iteration 462, 1 Slack too small, adjusting variable bound
 463  3.8902404e+00 4.53e-05 6.19e+19  -4.1 8.51e-03   1.0 1.00e+00 4.74e-01h  1
Scaling factors are invalid - setting them all to 1.
Scaling factors are invalid - setting them all to 1.
In iteration 463, 1 Slack too small, adjusting variable bound
 464  3.8911296e+00 3.84e-05 4.75e+19  -3.9 1.43e-02   0.5 8.89e-01 1.73e-01h  1
Scaling factors are invalid - setting them all to 1.
Scaling factors are invalid - setting them all to 1.
In iteration 464, 1 Slack too small, adjusting variable bound
 465  3.8909344e+00 3.46e-05 5.04e+19  -4.2 1.30e-02   0.0 1.00e+00 4.28e-01f  1
Scaling factors are invalid - setting them all to 1.
Scaling factors are invalid - setting them all to 1.
In iteration 465, 1 Slack too small, adjusting variable bound
 466  3.8893299e+00 3.37e-05 2.47e+20  -5.2 2.15e-02  -0.4 8.09e-01 1.83e-01h  1
Scaling factors are invalid - setting them all to 1.
Scaling factors are invalid - setting them all to 1.
In iteration 466, 1 Slack too small, adjusting variable bound
 467  3.8874179e+00 3.71e-05 1.53e+21  -5.1 2.95e-02  -0.9 1.00e+00 1.84e-01h  1
Scaling factors are invalid - setting them all to 1.
Scaling factors are invalid - setting them all to 1.
Scaling factors are invalid - setting them all to 1.
In iteration 467, 1 Slack too small, adjusting variable bound
 468  3.8797309e+00 6.90e-05 4.20e+21  -5.4 1.95e-02  -0.5 1.00e+00 1.00e+00h  1
Scaling factors are invalid - setting them all to 1.
Scaling factors are invalid - setting them all to 1.
In iteration 468, 1 Slack too small, adjusting variable bound
 469  3.8764848e+00 4.20e-04 6.55e+20  -5.1 3.50e-02  -1.0 1.00e+00 1.00e+00h  1
Scaling factors are invalid - setting them all to 1.
Scaling factors are invalid - setting them all to 1.
In iteration 469, 1 Slack too small, adjusting variable bound
iter    objective    inf_pr   inf_du lg(mu)  ||d||  lg(rg) alpha_du alpha_pr  ls
 470  3.8746121e+00 5.70e-04 5.87e+20  -4.7 9.21e-02  -1.4 7.99e-01 2.87e-01h  1
Scaling factors are invalid - setting them all to 1.
Scaling factors are invalid - setting them all to 1.
In iteration 470, 1 Slack too small, adjusting variable bound
 471  3.8740598e+00 5.80e-04 3.37e+22  -4.4 2.69e-01  -1.9 1.00e+00 3.82e-02h  1
Scaling factors are invalid - setting them all to 1.
Scaling factors are invalid - setting them all to 1.
In iteration 471, 1 Slack too small, adjusting variable bound
 472  3.8750484e+00 5.74e-03 9.60e+22  -3.7 8.02e-01  -2.4 2.12e-01 2.12e-01f  1
Scaling factors are invalid - setting them all to 1.
In iteration 472, 2 Slacks too small, adjusting variable bounds
 473  3.9047120e+00 6.54e-03 9.60e+22  -0.8 1.46e+03    -  3.84e-04 3.08e-04f  1
Scaling factors are invalid - setting them all to 1.
In iteration 473, 1 Slack too small, adjusting variable bound
 474  3.9178472e+00 1.94e-02 9.59e+22  -0.8 1.72e+03    -  9.31e-04 3.20e-04f  1
Scaling factors are invalid - setting them all to 1.
In iteration 474, 1 Slack too small, adjusting variable bound
 475  3.9953180e+00 2.71e-02 9.58e+22  -0.8 3.51e+02    -  1.73e-03 1.27e-03f  1
Scaling factors are invalid - setting them all to 1.
In iteration 475, 1 Slack too small, adjusting variable bound
 476  4.0908613e+00 4.27e-02 9.56e+22  -0.8 4.99e+02    -  8.62e-03 2.07e-03f  1
Scaling factors are invalid - setting them all to 1.
In iteration 476, 1 Slack too small, adjusting variable bound
 477  4.2787554e+00 4.99e-02 9.51e+22  -0.8 2.10e+02    -  1.39e-02 5.31e-03f  1
Scaling factors are invalid - setting them all to 1.
In iteration 477, 1 Slack too small, adjusting variable bound
 478  4.7137855e+00 6.15e-02 9.36e+22  -0.8 8.58e+01    -  2.48e-02 1.58e-02f  1
Scaling factors are invalid - setting them all to 1.
In iteration 478, 1 Slack too small, adjusting variable bound
 479  5.1588928e+00 6.26e-02 9.12e+22  -0.8 5.48e+01    -  1.00e+00 2.50e-02f  1
In iteration 479, 1 Slack too small, adjusting variable bound
iter    objective    inf_pr   inf_du lg(mu)  ||d||  lg(rg) alpha_du alpha_pr  ls
 480  6.0614737e+00 5.24e-02 9.85e+21  -0.8 3.94e+00    -  1.00e+00 6.65e-01f  1
Scaling factors are invalid - setting them all to 1.
In iteration 480, 1 Slack too small, adjusting variable bound
 481  6.0640851e+00 5.15e-02 7.30e+23  -0.8 9.08e-01    -  1.00e+00 1.66e-02h  1
Scaling factors are invalid - setting them all to 1.
Scaling factors are invalid - setting them all to 1.
Scaling factors are invalid - setting them all to 1.
Scaling factors are invalid - setting them all to 1.
In iteration 481, 2 Slacks too small, adjusting variable bounds
 482  6.0738227e+00 4.72e-02 8.32e+24  -0.8 9.05e-01  -1.1 1.00e+00 8.30e-02h  1
Scaling factors are invalid - setting them all to 1.
Scaling factors are invalid - setting them all to 1.
Scaling factors are invalid - setting them all to 1.
In iteration 482, 1 Slack too small, adjusting variable bound
 483  6.1691826e+00 3.34e-02 7.97e+23  -0.8 4.51e-01  -0.6 1.00e+00 1.00e+00f  1
Scaling factors are invalid - setting them all to 1.
Scaling factors are invalid - setting them all to 1.
Scaling factors are invalid - setting them all to 1.
In iteration 483, 1 Slack too small, adjusting variable bound
 484  6.1767080e+00 7.18e-03 7.28e+23  -0.8 3.03e-01  -0.2 1.00e+00 5.64e-01h  1
Scaling factors are invalid - setting them all to 1.
Scaling factors are invalid - setting them all to 1.
In iteration 484, 2 Slacks too small, adjusting variable bounds
 485  6.1824981e+00 1.21e-02 2.02e+24  -0.8 1.23e+00  -0.7 7.40e-01 1.85e-01H  1
Scaling factors are invalid - setting them all to 1.
In iteration 485, 2 Slacks too small, adjusting variable bounds
 486  6.1952721e+00 1.12e-02 2.51e+25  -0.8 2.70e+00    -  7.18e-01 8.23e-02f  1
Scaling factors are invalid - setting them all to 1.
Scaling factors are invalid - setting them all to 1.
In iteration 486, 2 Slacks too small, adjusting variable bounds
 487  6.2210702e+00 5.03e-03 8.06e+25  -0.8 2.77e-01  -1.2 1.00e+00 5.54e-01h  1
Scaling factors are invalid - setting them all to 1.
In iteration 487, 2 Slacks too small, adjusting variable bounds
 488  6.2424940e+00 8.16e-03 7.12e+25  -0.8 5.16e+00    -  3.71e-01 1.12e-01f  3
Scaling factors are invalid - setting them all to 1.
Scaling factors are invalid - setting them all to 1.
In iteration 488, 2 Slacks too small, adjusting variable bounds
 489  6.3009853e+00 5.26e-02 9.51e+25  -0.8 1.48e+00  -1.6 9.41e-01 7.29e-01F  1
Scaling factors are invalid - setting them all to 1.
In iteration 489, 2 Slacks too small, adjusting variable bounds
iter    objective    inf_pr   inf_du lg(mu)  ||d||  lg(rg) alpha_du alpha_pr  ls
 490  6.3213940e+00 5.56e-02 9.17e+25  -0.8 2.67e+01    -  7.04e-02 3.57e-02f  2
Scaling factors are invalid - setting them all to 1.
Scaling factors are invalid - setting them all to 1.
In iteration 490, 2 Slacks too small, adjusting variable bounds
 491  6.4000879e+00 1.15e-01 7.79e+25  -0.8 9.22e+00  -2.1 1.35e-01 1.49e-01f  1
Scaling factors are invalid - setting them all to 1.
Scaling factors are invalid - setting them all to 1.
In iteration 491, 2 Slacks too small, adjusting variable bounds
 492  6.4508841e+00 1.25e-01 7.51e+25  -0.8 1.49e+01  -2.6 6.28e-02 3.64e-02f  1
Scaling factors are invalid - setting them all to 1.
In iteration 492, 2 Slacks too small, adjusting variable bounds
 493  6.5081961e+00 1.32e-01 7.08e+25  -0.8 9.71e+00    -  9.41e-02 5.65e-02f  1
Scaling factors are invalid - setting them all to 1.
In iteration 493, 2 Slacks too small, adjusting variable bounds
 494  6.6093980e+00 1.10e-01 5.19e+25  -0.8 2.49e+00    -  6.11e-01 2.53e-01f  1
Scaling factors are invalid - setting them all to 1.
In iteration 494, 2 Slacks too small, adjusting variable bounds
 495  6.8494610e+00 3.51e-02 1.66e+25  -0.8 1.38e+00    -  1.00e+00 1.00e+00f  1
Scaling factors are invalid - setting them all to 1.
In iteration 495, 2 Slacks too small, adjusting variable bounds
 496  6.8347839e+00 1.87e-02 1.33e+25  -0.8 2.53e-01    -  1.00e+00 4.63e-01h  1
Scaling factors are invalid - setting them all to 1.
In iteration 496, 2 Slacks too small, adjusting variable bounds
 497  6.8331237e+00 1.62e-02 1.61e+25  -0.8 1.52e-01    -  1.00e+00 1.33e-01h  1
Scaling factors are invalid - setting them all to 1.
In iteration 497, 2 Slacks too small, adjusting variable bounds
 498  6.8327544e+00 1.56e-02 3.26e+25  -0.8 1.35e-01    -  1.00e+00 3.38e-02h  1
Scaling factors are invalid - setting them all to 1.
In iteration 498, 2 Slacks too small, adjusting variable bounds
 499  6.8327382e+00 1.56e-02 7.70e+25  -0.8 1.24e-01    -  1.00e+00 1.71e-03h  1
Scaling factors are invalid - setting them all to 1.
In iteration 499, 2 Slacks too small, adjusting variable bounds
iter    objective    inf_pr   inf_du lg(mu)  ||d||  lg(rg) alpha_du alpha_pr  ls
 500  6.8327366e+00 1.56e-02 1.22e+26  -0.8 1.46e-01    -  1.00e+00 1.95e-04h  1
Scaling factors are invalid - setting them all to 1.
In iteration 500, 2 Slacks too small, adjusting variable bounds
 501  6.8327362e+00 1.56e-02 1.66e+26  -0.8 1.73e-01    -  1.00e+00 5.74e-05h  1
Scaling factors are invalid - setting them all to 1.
In iteration 501, 2 Slacks too small, adjusting variable bounds
 502  6.8327360e+00 1.56e-02 2.11e+26  -0.8 2.00e-01    -  1.00e+00 2.43e-05h  1
Scaling factors are invalid - setting them all to 1.
In iteration 502, 2 Slacks too small, adjusting variable bounds
 503  6.8327360e+00 1.56e-02 2.55e+26  -0.8 2.27e-01    -  1.00e+00 1.25e-05h  1
Scaling factors are invalid - setting them all to 1.
In iteration 503, 2 Slacks too small, adjusting variable bounds
 504  6.8327359e+00 1.56e-02 3.00e+26  -0.8 2.54e-01    -  1.00e+00 7.25e-06h  1
Scaling factors are invalid - setting them all to 1.
In iteration 504, 2 Slacks too small, adjusting variable bounds
 505  6.8327359e+00 1.56e-02 3.44e+26  -0.8 2.80e-01    -  1.00e+00 4.58e-06h  1
Scaling factors are invalid - setting them all to 1.
In iteration 505, 2 Slacks too small, adjusting variable bounds
 506  6.8327359e+00 1.56e-02 3.89e+26  -0.8 3.06e-01    -  1.00e+00 3.07e-06h  1
Scaling factors are invalid - setting them all to 1.
In iteration 506, 2 Slacks too small, adjusting variable bounds
 507  6.8327359e+00 1.56e-02 4.34e+26  -0.8 3.31e-01    -  1.00e+00 2.16e-06h  1
Scaling factors are invalid - setting them all to 1.
In iteration 507, 2 Slacks too small, adjusting variable bounds
 508  6.8327359e+00 1.56e-02 4.78e+26  -0.8 3.56e-01    -  1.00e+00 1.58e-06h  1
Scaling factors are invalid - setting them all to 1.
In iteration 508, 2 Slacks too small, adjusting variable bounds
 509  6.8327359e+00 1.56e-02 5.23e+26  -0.8 3.79e-01    -  1.00e+00 1.19e-06h  1
Scaling factors are invalid - setting them all to 1.
In iteration 509, 2 Slacks too small, adjusting variable bounds
iter    objective    inf_pr   inf_du lg(mu)  ||d||  lg(rg) alpha_du alpha_pr  ls
 510  6.8327359e+00 1.56e-02 5.67e+26  -0.8 4.00e-01    -  1.00e+00 9.16e-07h  1
Scaling factors are invalid - setting them all to 1.
In iteration 510, 2 Slacks too small, adjusting variable bounds
 511  6.8327359e+00 1.56e-02 6.12e+26  -0.8 4.20e-01    -  1.00e+00 7.21e-07h  1
Scaling factors are invalid - setting them all to 1.
In iteration 511, 2 Slacks too small, adjusting variable bounds
 512  6.8327359e+00 1.56e-02 6.57e+26  -0.8 4.37e-01    -  1.00e+00 5.78e-07h  1
Scaling factors are invalid - setting them all to 1.
In iteration 512, 2 Slacks too small, adjusting variable bounds
 513  6.8327359e+00 1.56e-02 7.01e+26  -0.8 4.51e-01    -  1.00e+00 4.70e-07h  1
Scaling factors are invalid - setting them all to 1.
In iteration 513, 2 Slacks too small, adjusting variable bounds
 514  6.8327359e+00 1.56e-02 7.46e+26  -0.8 4.58e-01    -  1.00e+00 3.88e-07h  1
Scaling factors are invalid - setting them all to 1.
In iteration 514, 2 Slacks too small, adjusting variable bounds
 515  6.8327358e+00 1.56e-02 7.90e+26  -0.8 4.59e-01    -  1.00e+00 3.23e-07h  1
Scaling factors are invalid - setting them all to 1.
In iteration 515, 2 Slacks too small, adjusting variable bounds
 516  6.8327358e+00 1.56e-02 8.35e+26  -0.8 4.31e-01    -  9.89e-01 2.73e-07h  1
Scaling factors are invalid - setting them all to 1.
In iteration 516, 2 Slacks too small, adjusting variable bounds
 517  6.8327358e+00 1.56e-02 8.80e+26  -0.8 5.43e-01    -  1.00e+00 2.32e-07h  1
Scaling factors are invalid - setting them all to 1.
In iteration 517, 2 Slacks too small, adjusting variable bounds
 518  6.8327358e+00 1.56e-02 9.24e+26  -0.8 1.57e+00    -  3.59e-01 1.99e-07h  1
Scaling factors are invalid - setting them all to 1.
Scaling factors are invalid - setting them all to 1.
Scaling factors are invalid - setting them all to 1.
In iteration 518, 2 Slacks too small, adjusting variable bounds
 519  6.8327356e+00 1.56e-02 9.69e+26  -0.8 5.31e+00  -2.2 7.64e-02 1.72e-07h  1
Scaling factors are invalid - setting them all to 1.
Scaling factors are invalid - setting them all to 1.
Scaling factors are invalid - setting them all to 1.
Scaling factors are invalid - setting them all to 1.
Scaling factors are invalid - setting them all to 1.
In iteration 519, 2 Slacks too small, adjusting variable bounds
iter    objective    inf_pr   inf_du lg(mu)  ||d||  lg(rg) alpha_du alpha_pr  ls
 520  6.8327356e+00 1.56e-02 1.01e+27  -0.8 3.38e-01   0.1 7.12e-01 1.50e-07h  1
Scaling factors are invalid - setting them all to 1.
In iteration 520, 2 Slacks too small, adjusting variable bounds
 521  6.8327356e+00 1.56e-02 1.06e+27  -0.8 5.43e-01    -  3.95e-01 1.31e-07h  1
Scaling factors are invalid - setting them all to 1.
In iteration 521, 2 Slacks too small, adjusting variable bounds
 522  6.8327356e+00 1.56e-02 1.10e+27  -0.8 5.76e-01    -  1.00e+00 1.15e-07h  1
Scaling factors are invalid - setting them all to 1.
In iteration 522, 2 Slacks too small, adjusting variable bounds
 523  6.8327356e+00 1.56e-02 1.15e+27  -0.8 2.59e+00    -  2.61e-01 1.02e-07h  1
Scaling factors are invalid - setting them all to 1.
Scaling factors are invalid - setting them all to 1.
In iteration 523, 2 Slacks too small, adjusting variable bounds
 524  6.8327356e+00 1.56e-02 1.19e+27  -0.8 4.40e-01  -0.4 8.13e-01 9.07e-08h  1
Scaling factors are invalid - setting them all to 1.
In iteration 524, 2 Slacks too small, adjusting variable bounds
 525  6.8327356e+00 1.56e-02 1.24e+27  -0.8 6.43e-01    -  9.14e-01 8.10e-08h  1
Scaling factors are invalid - setting them all to 1.
In iteration 525, 2 Slacks too small, adjusting variable bounds
 526  6.8327356e+00 1.56e-02 1.28e+27  -0.8 2.10e+00    -  3.69e-01 7.27e-08h  1
Scaling factors are invalid - setting them all to 1.
Scaling factors are invalid - setting them all to 1.
Scaling factors are invalid - setting them all to 1.
In iteration 526, 2 Slacks too small, adjusting variable bounds
 527  6.8327356e+00 1.56e-02 1.33e+27  -0.8 4.16e-01   0.0 6.00e-01 6.54e-08h  1
Scaling factors are invalid - setting them all to 1.
In iteration 527, 2 Slacks too small, adjusting variable bounds
 528  6.8327356e+00 1.56e-02 1.37e+27  -0.8 6.03e-01    -  1.00e+00 5.91e-08h  1
Scaling factors are invalid - setting them all to 1.
In iteration 528, 2 Slacks too small, adjusting variable bounds
 529  6.8327355e+00 1.56e-02 1.41e+27  -0.8 1.28e+00    -  2.03e-01 5.36e-08h  1
Scaling factors are invalid - setting them all to 1.
In iteration 529, 2 Slacks too small, adjusting variable bounds
iter    objective    inf_pr   inf_du lg(mu)  ||d||  lg(rg) alpha_du alpha_pr  ls
 530  6.8327355e+00 1.56e-02 1.46e+27  -0.8 2.32e+00    -  3.52e-01 4.87e-08h  1
Scaling factors are invalid - setting them all to 1.
Scaling factors are invalid - setting them all to 1.
Scaling factors are invalid - setting them all to 1.
In iteration 530, 2 Slacks too small, adjusting variable bounds
 531  6.8327355e+00 1.56e-02 1.50e+27  -0.8 4.16e-01   0.4 3.72e-01 4.44e-08h  1
Scaling factors are invalid - setting them all to 1.
In iteration 531, 2 Slacks too small, adjusting variable bounds
 532  6.8327354e+00 1.56e-02 1.55e+27  -0.8 2.45e+01    -  2.39e-02 4.06e-08h  1
Scaling factors are invalid - setting them all to 1.
Scaling factors are invalid - setting them all to 1.
In iteration 532, 2 Slacks too small, adjusting variable bounds
 533  6.8327354e+00 1.56e-02 1.59e+27  -0.8 3.49e-01  -0.0 1.00e+00 3.73e-08h  1
Scaling factors are invalid - setting them all to 1.
In iteration 533, 2 Slacks too small, adjusting variable bounds
 534  6.8327354e+00 1.56e-02 1.64e+27  -0.8 1.02e+00    -  1.81e-01 3.43e-08h  1
Scaling factors are invalid - setting them all to 1.
In iteration 534, 2 Slacks too small, adjusting variable bounds
 535  6.8327354e+00 1.56e-02 1.68e+27  -0.8 1.17e+00    -  8.28e-01 3.16e-08h  1
Scaling factors are invalid - setting them all to 1.
In iteration 535, 2 Slacks too small, adjusting variable bounds
 536  6.8327354e+00 1.56e-02 1.73e+27  -0.8 9.24e-01    -  1.48e-01 2.91e-08h  1
Scaling factors are invalid - setting them all to 1.
In iteration 536, 2 Slacks too small, adjusting variable bounds
 537  6.8327354e+00 1.56e-02 1.77e+27  -0.8 1.06e+00    -  1.00e+00 2.69e-08h  1
Scaling factors are invalid - setting them all to 1.
In iteration 537, 2 Slacks too small, adjusting variable bounds
 538  6.8327354e+00 1.56e-02 1.82e+27  -0.8 8.84e-01    -  1.46e-01 2.50e-08h  1
Scaling factors are invalid - setting them all to 1.
In iteration 538, 2 Slacks too small, adjusting variable bounds
 539  6.8327354e+00 1.56e-02 1.86e+27  -0.8 9.65e-01    -  7.74e-01 2.32e-08h  1
Scaling factors are invalid - setting them all to 1.
In iteration 539, 2 Slacks too small, adjusting variable bounds
iter    objective    inf_pr   inf_du lg(mu)  ||d||  lg(rg) alpha_du alpha_pr  ls
 540  6.8327354e+00 1.56e-02 1.90e+27  -0.8 8.02e-01    -  1.28e-01 2.16e-08h  1
Scaling factors are invalid - setting them all to 1.
In iteration 540, 2 Slacks too small, adjusting variable bounds
 541  6.8327354e+00 1.56e-02 1.95e+27  -0.8 9.38e-01    -  1.00e+00 2.01e-08h  1
Scaling factors are invalid - setting them all to 1.
In iteration 541, 1 Slack too small, adjusting variable bound
 542  6.8327354e+00 1.56e-02 1.99e+27  -0.8 1.05e+00    -  1.21e-01 1.88e-08h  1
Scaling factors are invalid - setting them all to 1.
In iteration 542, 1 Slack too small, adjusting variable bound
 543  6.8327354e+00 1.56e-02 2.04e+27  -0.8 1.10e+00    -  7.25e-01 1.76e-08h  1
Scaling factors are invalid - setting them all to 1.
In iteration 543, 1 Slack too small, adjusting variable bound
 544  6.8327354e+00 1.56e-02 2.08e+27  -0.8 1.47e+00    -  1.14e-01 1.64e-08h  1
Scaling factors are invalid - setting them all to 1.
In iteration 544, 1 Slack too small, adjusting variable bound
 545  6.8327354e+00 1.56e-02 2.13e+27  -0.8 1.01e+00    -  1.00e+00 1.54e-08h  1
Scaling factors are invalid - setting them all to 1.
Scaling factors are invalid - setting them all to 1.
In iteration 545, 1 Slack too small, adjusting variable bound
 546  6.8327354e+00 1.56e-02 2.17e+27  -0.8 2.10e+00  -0.5 8.75e-02 1.45e-08h  1
Scaling factors are invalid - setting them all to 1.
Scaling factors are invalid - setting them all to 1.
Scaling factors are invalid - setting them all to 1.
In iteration 546, 1 Slack too small, adjusting variable bound
 547  6.8327354e+00 1.56e-02 2.22e+27  -0.8 7.84e-01  -0.1 1.72e-01 1.36e-08h  1
Scaling factors are invalid - setting them all to 1.
In iteration 547, 1 Slack too small, adjusting variable bound
 548  6.8327354e+00 1.56e-02 2.26e+27  -0.8 1.18e+00    -  3.47e-01 1.28e-08h  1
Scaling factors are invalid - setting them all to 1.
Scaling factors are invalid - setting them all to 1.
Scaling factors are invalid - setting them all to 1.
In iteration 548, 1 Slack too small, adjusting variable bound
 549  6.8327355e+00 1.56e-02 2.31e+27  -0.8 7.59e-01   0.3 9.28e-02 1.21e-08h  1
Scaling factors are invalid - setting them all to 1.
Scaling factors are invalid - setting them all to 1.
In iteration 549, 1 Slack too small, adjusting variable bound
iter    objective    inf_pr   inf_du lg(mu)  ||d||  lg(rg) alpha_du alpha_pr  ls
 550  6.8327355e+00 1.56e-02 2.35e+27  -0.8 1.15e+00  -0.1 2.22e-01 1.14e-08h  1
Scaling factors are invalid - setting them all to 1.
Scaling factors are invalid - setting them all to 1.
Scaling factors are invalid - setting them all to 1.
In iteration 550, 1 Slack too small, adjusting variable bound
 551  6.8327355e+00 1.56e-02 2.40e+27  -0.8 1.15e+00   0.3 1.29e-01 1.08e-08h  1
Scaling factors are invalid - setting them all to 1.
In iteration 551, 1 Slack too small, adjusting variable bound
 552  6.8327355e+00 1.56e-02 2.44e+27  -0.8 1.14e+00    -  5.61e-01 1.02e-08h  1
Scaling factors are invalid - setting them all to 1.
In iteration 552, 1 Slack too small, adjusting variable bound
 553  6.8327355e+00 1.56e-02 2.48e+27  -0.8 3.70e+00    -  9.35e-02 9.62e-09h  1
Scaling factors are invalid - setting them all to 1.
Scaling factors are invalid - setting them all to 1.
In iteration 553, 1 Slack too small, adjusting variable bound
 554  6.8327355e+00 1.56e-02 2.53e+27  -0.8 1.11e+00  -0.2 3.39e-01 9.12e-09h  1
Scaling factors are invalid - setting them all to 1.
In iteration 554, 1 Slack too small, adjusting variable bound
 555  6.8327355e+00 1.56e-02 2.57e+27  -0.8 1.00e+00    -  3.81e-01 8.65e-09h  1
Scaling factors are invalid - setting them all to 1.
In iteration 555, 1 Slack too small, adjusting variable bound
 556  6.8327355e+00 1.56e-02 2.62e+27  -0.8 1.16e+00    -  1.09e-01 8.21e-09h  1
Scaling factors are invalid - setting them all to 1.
In iteration 556, 1 Slack too small, adjusting variable bound
 557  6.8327355e+00 1.56e-02 2.66e+27  -0.8 1.20e+00    -  1.00e+00 7.80e-09h  1
Scaling factors are invalid - setting them all to 1.
Scaling factors are invalid - setting them all to 1.
Scaling factors are invalid - setting them all to 1.
In iteration 557, 1 Slack too small, adjusting variable bound
 558  6.8327355e+00 1.56e-02 2.71e+27  -0.8 8.66e-01   0.2 8.63e-02 7.41e-09h  1
Scaling factors are invalid - setting them all to 1.
Scaling factors are invalid - setting them all to 1.
In iteration 558, 1 Slack too small, adjusting variable bound
 559  6.8327355e+00 1.56e-02 2.75e+27  -0.8 1.19e+00  -0.3 4.13e-01 7.06e-09h  1
Scaling factors are invalid - setting them all to 1.
Scaling factors are invalid - setting them all to 1.
Scaling factors are invalid - setting them all to 1.
In iteration 559, 1 Slack too small, adjusting variable bound
iter    objective    inf_pr   inf_du lg(mu)  ||d||  lg(rg) alpha_du alpha_pr  ls
 560  6.8327355e+00 1.56e-02 2.80e+27  -0.8 1.65e+00   0.2 8.10e-02 6.72e-09h  1
Scaling factors are invalid - setting them all to 1.
Scaling factors are invalid - setting them all to 1.
Scaling factors are invalid - setting them all to 1.
In iteration 560, 1 Slack too small, adjusting variable bound
 561  6.8327355e+00 1.56e-02 2.84e+27  -0.8 1.16e+00   0.6 2.13e-01 6.41e-09h  1
Scaling factors are invalid - setting them all to 1.
In iteration 561, 1 Slack too small, adjusting variable bound
 562  6.8327355e+00 1.56e-02 2.89e+27  -0.8 3.40e+00    -  4.65e-02 6.11e-09h  1
Scaling factors are invalid - setting them all to 1.
Scaling factors are invalid - setting them all to 1.
In iteration 562, 1 Slack too small, adjusting variable bound
 563  6.8327355e+00 1.56e-02 2.93e+27  -0.8 2.16e+00   0.1 4.12e-02 5.83e-09h  1
Scaling factors are invalid - setting them all to 1.
Scaling factors are invalid - setting them all to 1.
Scaling factors are invalid - setting them all to 1.
In iteration 563, 1 Slack too small, adjusting variable bound
 564  6.8327355e+00 1.56e-02 2.98e+27  -0.8 1.43e+00   0.6 9.21e-02 5.57e-09h  1
Scaling factors are invalid - setting them all to 1.
In iteration 564, 1 Slack too small, adjusting variable bound
 565  6.8327355e+00 1.56e-02 3.02e+27  -0.8 1.47e+02    -  2.75e-03 5.33e-09h  1
Scaling factors are invalid - setting them all to 1.
In iteration 565, 1 Slack too small, adjusting variable bound
 566  6.8327355e+00 1.56e-02 3.06e+27  -0.8 2.17e+00    -  1.75e-02 5.09e-09h  1
Scaling factors are invalid - setting them all to 1.
In iteration 566, 1 Slack too small, adjusting variable bound
 567  6.8327355e+00 1.56e-02 3.11e+27  -0.8 6.06e+00    -  7.06e-03 4.88e-09h  1
Scaling factors are invalid - setting them all to 1.
In iteration 567, 1 Slack too small, adjusting variable bound
 568  6.8327355e+00 1.56e-02 3.15e+27  -0.8 1.80e+01    -  2.11e-03 4.67e-09h  1
Scaling factors are invalid - setting them all to 1.
Scaling factors are invalid - setting them all to 1.
In iteration 568, 1 Slack too small, adjusting variable bound
 569  6.8327355e+00 1.56e-02 3.20e+27  -0.8 1.41e+00   0.1 6.19e-01 4.48e-09h  1
Scaling factors are invalid - setting them all to 1.
In iteration 569, 1 Slack too small, adjusting variable bound
iter    objective    inf_pr   inf_du lg(mu)  ||d||  lg(rg) alpha_du alpha_pr  ls
 570  6.8327355e+00 1.56e-02 3.24e+27  -0.8 2.04e+00    -  1.35e-01 4.29e-09h  1
Scaling factors are invalid - setting them all to 1.
 571r 6.8327355e+00 1.56e-02 1.00e+03  -0.8 0.00e+00    -  0.00e+00 2.06e-09R  2
 572r 6.8324068e+00 1.16e-02 1.80e+03   0.0 1.99e+01    -  3.02e-01 2.85e-03f  1
 573  6.8083012e+00 1.82e-02 8.02e+03  -0.8 9.98e-01    -  1.19e-04 1.90e-01f  1
 574  6.8097982e+00 1.99e-04 1.31e+02  -0.8 8.11e-02   3.2 9.95e-01 1.00e+00f  1
 575  6.8097015e+00 2.45e-06 2.96e+00  -0.8 5.43e-03   2.7 1.00e+00 1.00e+00f  1
 576  6.8092022e+00 1.89e-05 1.57e+00  -0.8 8.71e-03   2.3 1.00e+00 1.00e+00f  1
 577  6.8075289e+00 1.83e-06 1.86e-01  -1.5 3.30e-03   1.8 1.00e+00 1.00e+00h  1
 578  6.8012603e+00 1.07e-06 2.40e-01  -2.2 1.20e-02   1.3 1.00e+00 1.00e+00f  1
 579  6.3864717e+00 2.07e-02 1.55e-01  -2.2 2.93e+00    -  3.66e-01 3.54e-01f  1
iter    objective    inf_pr   inf_du lg(mu)  ||d||  lg(rg) alpha_du alpha_pr  ls
 580  6.0466530e+00 2.33e-02 2.51e-01  -2.2 2.86e+00    -  2.87e-01 3.35e-01h  1
 581  5.7075090e+00 1.88e-02 3.60e-01  -2.2 1.89e+00    -  6.95e-01 5.41e-01h  1
 582  5.4019687e+00 1.02e-01 1.55e-01  -2.2 9.84e-01    -  1.00e+00 1.00e+00h  1
 583  5.4470891e+00 7.79e-03 2.58e-03  -2.2 3.04e-01    -  1.00e+00 1.00e+00h  1
 584  5.4498490e+00 8.68e-05 1.17e-04  -2.2 4.72e-02    -  1.00e+00 1.00e+00h  1
 585  4.8616778e+00 6.45e-02 2.37e+01  -3.4 2.39e+00    -  3.59e-01 7.61e-01f  1
 586  4.5895727e+00 3.78e-02 1.33e+01  -3.4 1.43e+00    -  4.91e-01 5.84e-01h  1
 587  4.3821211e+00 3.85e-02 8.20e+00  -3.4 1.77e+00    -  3.98e-01 4.29e-01h  1
 588  4.2097448e+00 3.83e-02 6.04e+00  -3.4 1.79e+00    -  3.11e-01 4.29e-01h  1
 589  4.1141233e+00 2.87e-02 4.18e+00  -3.4 1.20e+00    -  3.29e-01 3.95e-01h  1
iter    objective    inf_pr   inf_du lg(mu)  ||d||  lg(rg) alpha_du alpha_pr  ls
 590  4.0630743e+00 2.71e-02 3.28e+00  -3.4 1.18e+00    -  2.29e-01 2.72e-01h  1
 591  4.0025302e+00 3.62e-02 1.08e+00  -3.4 1.29e+00    -  6.21e-01 4.28e-01h  1
 592  3.9893812e+00 6.35e-02 1.08e+00  -3.4 9.27e+00    -  2.46e-02 8.08e-02h  1
 593  3.9947303e+00 3.90e-02 8.76e-01  -3.4 5.17e-02   0.8 2.46e-01 3.86e-01h  1
 594  4.0018064e+00 1.61e-04 2.04e-01  -3.4 3.16e-02   0.3 8.38e-01 1.00e+00h  1
 595  3.9949683e+00 1.43e-05 1.78e-02  -3.4 2.41e-02  -0.1 1.00e+00 1.00e+00h  1
 596  3.9686623e+00 9.70e-04 1.92e-01  -3.4 8.01e-01    -  6.26e-01 2.31e-01f  1
 597  3.9648490e+00 2.95e-05 3.38e-03  -3.4 1.37e-02  -0.6 1.00e+00 1.00e+00h  1
 598  3.9008157e+00 2.18e-04 1.57e+00  -5.0 1.73e-01  -1.1 6.69e-01 1.00e+00f  1
 599  3.8885050e+00 1.66e-04 1.81e+00  -5.0 1.44e-01  -1.6 7.28e-01 2.60e-01h  1
iter    objective    inf_pr   inf_du lg(mu)  ||d||  lg(rg) alpha_du alpha_pr  ls
 600  3.8671962e+00 9.77e-05 7.21e-01  -5.0 7.39e-02  -1.1 1.00e+00 8.91e-01h  1
 601  3.8676959e+00 1.86e-05 1.39e+01  -4.5 3.24e-03   2.0 1.37e-01 1.00e+00h  1
 602  3.8676171e+00 2.88e-05 5.37e-01  -4.6 1.44e-03   1.5 1.00e+00 1.00e+00h  1
 603  3.8718244e+00 2.92e-05 2.20e+01  -3.1 8.43e-02   1.0 9.43e-01 7.91e-02f  1
 604  3.8767705e+00 8.74e-05 6.50e+00  -3.2 1.58e-02   1.5 7.76e-01 1.00e+00f  1
 605  3.8844292e+00 1.67e-05 2.77e+00  -3.2 2.14e-02   1.0 7.29e-01 1.00e+00h  1
 606  3.8819533e+00 9.17e-06 8.74e-01  -3.9 3.95e-03   0.5 8.58e-01 1.00e+00h  1
 607  3.8705760e+00 4.83e-05 3.97e-01  -4.4 2.23e-02   0.0 7.79e-01 1.00e+00h  1
 608  3.8615981e+00 1.49e-04 7.46e-03  -4.2 2.04e-02  -0.4 1.00e+00 1.00e+00h  1
 609  3.8436368e+00 2.98e-04 8.86e-02  -5.2 4.83e-02  -0.9 6.05e-01 7.56e-01h  1
iter    objective    inf_pr   inf_du lg(mu)  ||d||  lg(rg) alpha_du alpha_pr  ls
 610  3.8271200e+00 6.37e-04 3.70e-02  -4.6 1.09e-01  -1.4 1.00e+00 5.22e-01h  1
 611  3.8160501e+00 2.00e-04 4.53e-03  -4.7 4.18e-02  -1.0 9.99e-01 9.87e-01h  1
 612  3.8130386e+00 2.14e-04 4.04e-01  -4.2 2.45e-01  -1.4 1.00e+00 1.94e-01h  1
 613  3.8004676e+00 1.92e-04 5.34e-02  -4.9 4.67e-02  -1.0 9.12e-01 1.00e+00h  1
 614  3.7983937e+00 3.77e-04 2.41e-01  -4.3 5.95e-01  -1.5 5.87e-01 9.17e-02h  1
 615  3.7879045e+00 3.79e-04 6.80e-02  -5.1 7.29e-02  -1.1 1.00e+00 8.82e-01h  1
 616  3.7761274e+00 2.49e-03 3.77e-01  -4.6 3.84e-01  -1.5 1.26e-01 4.52e-01h  1
 617  3.7798506e+00 2.01e-03 1.07e+00  -3.8 1.39e-01  -1.1 1.00e+00 2.16e-01h  1
 618  3.7663260e+00 2.45e-03 9.10e-01  -4.9 4.58e-01  -1.6 1.95e-01 3.37e-01h  1
 619  3.7556797e+00 2.14e-03 1.32e-01  -4.4 1.24e-01  -1.2 9.99e-01 1.00e+00h  1
iter    objective    inf_pr   inf_du lg(mu)  ||d||  lg(rg) alpha_du alpha_pr  ls
 620  3.7515782e+00 3.74e-05 7.06e-01  -4.7 8.46e-03   0.2 1.00e+00 1.00e+00h  1
 621  3.7476334e+00 2.03e-05 3.45e-01  -6.3 1.80e-02  -0.3 8.95e-01 5.55e-01h  1
 622  3.7447690e+00 3.14e-05 4.29e-01  -5.9 4.61e-02  -0.8 1.00e+00 3.12e-01h  1
 623  3.7472464e+00 5.30e-06 2.37e+00  -4.4 3.45e-03   1.4 1.00e+00 1.00e+00h  1
 624  3.7468753e+00 7.53e-06 9.31e-01  -5.1 7.91e-04   1.9 8.14e-01 6.72e-01h  1
 625  3.7453514e+00 5.88e-06 9.12e-01  -6.0 2.18e-03   1.4 9.43e-01 9.36e-01h  1
 626  3.7443167e+00 5.45e-06 8.65e-01  -6.4 3.11e-03   0.9 1.00e+00 5.68e-01h  1
 627  3.7436687e+00 5.03e-06 3.73e+00  -6.5 4.61e-03   0.4 1.00e+00 3.11e-01h  1
 628  3.7432314e+00 5.48e-06 3.21e+01  -6.1 8.61e-03  -0.0 1.00e+00 1.92e-01h  1
 629  3.7422353e+00 2.85e-05 1.28e+01  -5.6 2.56e-02  -0.5 7.73e-01 2.45e-01h  1
iter    objective    inf_pr   inf_du lg(mu)  ||d||  lg(rg) alpha_du alpha_pr  ls
 630  3.7422113e+00 2.81e-05 3.80e+02 -11.0 9.54e-03  -0.1 3.12e-01 1.56e-02h  1
 631  3.7421337e+00 2.62e-05 2.26e+03  -6.8 3.64e-03   0.3 1.00e+00 7.12e-02h  1
 632  3.7424163e+00 1.59e-05 1.62e+03  -5.3 1.47e-03   0.8 1.00e+00 1.00e+00h  1
 633  3.7416749e+00 5.58e-06 2.99e+02  -5.4 4.07e-03   0.3 7.85e-01 1.00e+00h  1
 634  3.7400759e+00 1.09e-05 1.31e+03  -5.7 1.21e-02  -0.2 1.00e+00 8.20e-01h  1
 635  3.7399033e+00 5.94e-06 4.77e+02  -6.3 5.83e-04   1.1 1.00e+00 4.54e-01h  1
 636  3.7399928e+00 8.81e-06 5.00e+03  -5.4 1.04e-03   1.6 1.00e+00 6.48e-01h  1
 637  3.7399802e+00 7.67e-06 4.29e+03  -5.5 1.23e-03   1.1 8.05e-01 1.34e-01h  1
 638  3.7399851e+00 5.46e-06 2.26e+03  -5.5 7.02e-04   1.5 1.00e+00 3.46e-01f  2
 639  3.7399615e+00 4.87e-06 3.92e+03  -5.7 9.02e-04   1.0 1.00e+00 1.73e-01h  1
iter    objective    inf_pr   inf_du lg(mu)  ||d||  lg(rg) alpha_du alpha_pr  ls
 640  3.7399632e+00 4.86e-06 2.43e+05  -5.4 4.95e-03   0.5 1.00e+00 1.68e-02h  2
 641  3.7397360e+00 1.31e-05 6.36e+05  -5.5 6.60e-03   0.1 5.31e-01 1.92e-01h  1
 642  3.7377115e+00 2.26e-05 7.57e+04  -5.7 1.96e-02  -0.4 1.00e+00 7.53e-01h  1
 643  3.7363070e+00 1.39e-04 7.91e+05  -4.8 5.74e-02  -0.9 1.00e+00 3.79e-01h  1
 644  3.7317510e+00 1.71e-04 3.96e+05  -4.8 1.53e-01  -1.4 4.32e-01 3.12e-01h  1
 645  3.7285255e+00 3.73e-03 1.98e+06  -4.1 3.21e-01  -1.8 6.88e-01 3.59e-01h  1
 646  3.7089802e+00 3.43e-03 5.99e+05  -5.4 4.55e-01  -2.3 3.38e-01 2.79e-01h  1
 647  3.7073466e+00 3.39e-03 5.70e+07  -4.1 9.01e-01  -2.8 4.33e-01 1.61e-02h  1
 648  3.6998080e+00 3.38e-03 1.84e+08  -4.3 1.84e+00  -3.3 1.46e-01 4.68e-02h  1
 649  3.6970166e+00 4.43e-03 1.47e+08  -3.4 6.65e+00    -  2.30e-01 3.06e-02f  1
iter    objective    inf_pr   inf_du lg(mu)  ||d||  lg(rg) alpha_du alpha_pr  ls
 650  3.6832402e+00 7.59e-03 9.67e+07  -3.6 1.71e+00    -  3.95e-01 1.97e-01h  1
 651  3.6610332e+00 1.31e-02 7.15e+08  -3.8 9.61e-01    -  4.06e-01 5.44e-01h  1
 652  3.6445288e+00 4.91e-04 3.96e+08  -4.1 7.90e-02  -1.9 1.00e+00 1.00e+00h  1
 653  3.6647334e+00 4.77e-02 2.20e+08  -3.4 2.11e+00  -2.4 1.00e+00 2.40e-01h  1
 654  3.6659595e+00 1.53e-02 4.72e+08  -3.5 8.65e-01    -  4.07e-01 1.85e-01h  1
 655  3.6662280e+00 1.18e-02 6.50e+09  -3.5 1.24e+00    -  7.37e-01 3.60e-01h  1
 656  3.6707902e+00 2.18e-02 1.38e+09  -3.5 7.59e-01    -  4.90e-01 6.01e-01h  1
 657  3.6709112e+00 2.13e-02 1.75e+11  -3.5 1.97e-01  -2.0 9.68e-01 2.20e-02h  1
 658  3.6720906e+00 1.66e-02 9.67e+11  -3.5 3.85e-01  -2.5 5.57e-01 2.21e-01h  1
 659  3.6761634e+00 1.91e-03 2.82e+10  -3.5 1.69e-01  -2.0 1.00e+00 1.00e+00h  1
iter    objective    inf_pr   inf_du lg(mu)  ||d||  lg(rg) alpha_du alpha_pr  ls
 660  3.6750110e+00 4.76e-03 6.79e+11  -3.5 2.73e-01  -2.5 1.00e+00 7.09e-01h  1
 661  3.6649188e+00 1.97e-01 2.36e+11  -3.5 1.09e+00    -  2.94e-01 5.66e-01h  1
 662  3.6619296e+00 8.88e-03 3.73e+11  -3.5 4.96e-01    -  5.28e-01 6.42e-01h  1
 663  3.6620704e+00 2.80e-03 8.59e+11  -3.5 1.91e-01  -3.0 1.00e+00 7.09e-01h  1
 664  3.6617198e+00 1.49e-02 8.14e+11  -3.5 5.90e-01  -3.5 1.00e+00 7.38e-01h  1
 665  3.6612470e+00 4.69e-03 2.45e+12  -3.5 1.56e-01    -  1.00e+00 7.06e-01h  1
 666  3.6611335e+00 2.70e-04 2.54e+12  -3.5 6.36e-02    -  1.00e+00 1.00e+00h  1
 667  3.6611932e+00 6.92e-06 2.45e+12  -3.5 6.48e-03    -  1.00e+00 1.00e+00h  1
 668  3.6235211e+00 8.40e-04 5.16e+11  -3.9 3.73e-01    -  1.00e+00 5.68e-01h  1
 669  3.6224986e+00 8.22e-04 5.19e+13  -4.0 4.42e-01    -  1.00e+00 2.20e-02h  1
iter    objective    inf_pr   inf_du lg(mu)  ||d||  lg(rg) alpha_du alpha_pr  ls
 670  3.6224552e+00 8.21e-04 6.30e+16  -4.7 6.06e-01    -  6.11e-01 5.21e-04h  1
 671  3.5775537e+00 3.75e-03 1.14e+16  -4.2 3.64e-01  -3.9 1.00e+00 7.46e-01h  1
 672  3.5815732e+00 2.24e-03 3.18e+13  -4.0 1.61e-01    -  1.00e+00 1.00e+00h  1
In iteration 672, 1 Slack too small, adjusting variable bound
 673  3.5809815e+00 2.18e-03 3.66e+15  -4.3 2.06e-01    -  1.00e+00 2.80e-02h  1
In iteration 673, 1 Slack too small, adjusting variable bound
 674  3.5786977e+00 2.00e-03 4.27e+16  -4.4 3.51e-01    -  1.00e+00 8.16e-02h  1
 675  3.5491231e+00 2.72e-03 4.76e+15  -4.6 2.76e-01  -4.4 1.00e+00 1.00e+00h  1
In iteration 675, 1 Slack too small, adjusting variable bound
 676  3.5515463e+00 1.47e-03 1.36e+15  -3.9 8.35e-03   1.4 1.00e+00 4.60e-01h  1
In iteration 676, 2 Slacks too small, adjusting variable bounds
 677  3.5518397e+00 1.43e-03 1.48e+17  -3.1 2.52e-02   1.8 1.00e+00 2.83e-02h  1
In iteration 677, 1 Slack too small, adjusting variable bound
 678  3.5517984e+00 1.33e-03 9.32e+17  -5.0 7.23e-03   1.4 4.49e-01 6.87e-02h  1
Scaling factors are invalid - setting them all to 1.
Scaling factors are invalid - setting them all to 1.
In iteration 678, 1 Slack too small, adjusting variable bound
 679  3.5519059e+00 6.59e-06 2.70e+17  -4.5 2.25e-03   0.9 7.21e-01 1.00e+00h  1
In iteration 679, 1 Slack too small, adjusting variable bound
iter    objective    inf_pr   inf_du lg(mu)  ||d||  lg(rg) alpha_du alpha_pr  ls
 680  3.5518034e+00 7.49e-06 3.63e+17  -4.4 4.47e-04   2.2 1.00e+00 1.00e+00h  1
In iteration 680, 1 Slack too small, adjusting variable bound
 681  3.5510994e+00 6.61e-06 2.49e+17  -4.7 1.12e-03   1.7 1.00e+00 1.00e+00h  1
In iteration 681, 2 Slacks too small, adjusting variable bounds
 682  3.5511555e+00 3.05e-05 2.79e+17  -4.4 2.15e-03   1.3 1.00e+00 8.11e-01h  1
In iteration 682, 2 Slacks too small, adjusting variable bounds
 683  3.5508385e+00 1.30e-05 3.00e+17  -4.5 1.83e-03   0.8 9.81e-01 6.00e-01h  1
In iteration 683, 2 Slacks too small, adjusting variable bounds
 684  3.5499579e+00 1.13e-05 4.89e+17  -4.9 6.12e-03   0.3 1.00e+00 2.92e-01h  1
In iteration 684, 2 Slacks too small, adjusting variable bounds
 685  3.5502359e+00 1.09e-05 6.18e+18  -4.1 3.37e-03   1.6 1.00e+00 1.22e-01h  1
Scaling factors are invalid - setting them all to 1.
Scaling factors are invalid - setting them all to 1.
In iteration 685, 2 Slacks too small, adjusting variable bounds
 686  3.5496279e+00 1.08e-05 2.03e+19  -5.3 2.09e-03   1.2 7.69e-01 5.17e-01h  1
Scaling factors are invalid - setting them all to 1.
Scaling factors are invalid - setting them all to 1.
In iteration 686, 2 Slacks too small, adjusting variable bounds
 687  3.5473522e+00 5.89e-06 5.15e+18  -5.4 4.18e-03   0.7 1.00e+00 1.00e+00h  1
Scaling factors are invalid - setting them all to 1.
Scaling factors are invalid - setting them all to 1.
In iteration 687, 2 Slacks too small, adjusting variable bounds
 688  3.5461809e+00 8.04e-06 3.65e+18  -5.6 7.70e-03   0.2 1.00e+00 3.97e-01h  1
Scaling factors are invalid - setting them all to 1.
Scaling factors are invalid - setting them all to 1.
Scaling factors are invalid - setting them all to 1.
In iteration 688, 2 Slacks too small, adjusting variable bounds
 689  3.5461114e+00 7.71e-06 7.27e+19  -5.3 2.29e-03   0.6 1.00e+00 9.31e-02h  1
Scaling factors are invalid - setting them all to 1.
Scaling factors are invalid - setting them all to 1.
Scaling factors are invalid - setting them all to 1.
In iteration 689, 2 Slacks too small, adjusting variable bounds
iter    objective    inf_pr   inf_du lg(mu)  ||d||  lg(rg) alpha_du alpha_pr  ls
 690  3.5463216e+00 7.30e-06 4.10e+20  -4.7 2.04e-03   1.1 1.00e+00 1.67e-01h  1
Scaling factors are invalid - setting them all to 1.
Scaling factors are invalid - setting them all to 1.
In iteration 690, 2 Slacks too small, adjusting variable bounds
 691  3.5513828e+00 2.47e-04 2.63e+20  -3.8 3.36e-02   0.6 3.62e-01 3.11e-01f  1
Scaling factors are invalid - setting them all to 1.
Scaling factors are invalid - setting them all to 1.
In iteration 691, 2 Slacks too small, adjusting variable bounds
 692  3.5542607e+00 1.84e-04 5.53e+20  -3.8 4.22e-02   0.1 6.17e-01 2.57e-01f  1
Scaling factors are invalid - setting them all to 1.
Scaling factors are invalid - setting them all to 1.
In iteration 692, 2 Slacks too small, adjusting variable bounds
 693  3.5624643e+00 5.19e-04 2.03e+21  -3.8 6.59e-02  -0.4 4.55e-01 8.74e-01f  1
Scaling factors are invalid - setting them all to 1.
Scaling factors are invalid - setting them all to 1.
In iteration 693, 2 Slacks too small, adjusting variable bounds
 694  3.5671014e+00 9.28e-04 8.50e+20  -3.8 7.92e-02  -0.8 6.57e-01 1.00e+00h  1
Scaling factors are invalid - setting them all to 1.
In iteration 694, 2 Slacks too small, adjusting variable bounds
 695  3.5569515e+00 3.63e-03 8.04e+20  -3.8 5.15e+00    -  3.41e-02 4.57e-02h  1
Scaling factors are invalid - setting them all to 1.
In iteration 695, 2 Slacks too small, adjusting variable bounds
 696  3.5456534e+00 3.49e-03 6.49e+20  -3.8 3.96e+00    -  1.08e-01 1.08e-01h  1
Scaling factors are invalid - setting them all to 1.
In iteration 696, 2 Slacks too small, adjusting variable bounds
 697  3.5414447e+00 4.57e-03 5.45e+20  -3.6 1.15e+00    -  2.82e-01 1.06e-01h  1
Scaling factors are invalid - setting them all to 1.
In iteration 697, 2 Slacks too small, adjusting variable bounds
 698  3.5432244e+00 4.61e-03 1.05e+22  -3.1 3.58e+00    -  1.92e-01 2.28e-02h  1
Scaling factors are invalid - setting them all to 1.
In iteration 698, 2 Slacks too small, adjusting variable bounds
 699  3.6621366e+00 3.06e-02 1.00e+22  -0.9 3.69e+02    -  1.38e-03 2.82e-03f  1
Scaling factors are invalid - setting them all to 1.
Scaling factors are invalid - setting them all to 1.
In iteration 699, 2 Slacks too small, adjusting variable bounds
iter    objective    inf_pr   inf_du lg(mu)  ||d||  lg(rg) alpha_du alpha_pr  ls
 700  3.7937049e+00 3.04e-02 7.28e+23  -0.9 5.92e+01  -1.3 3.68e-01 6.55e-03f  1
Scaling factors are invalid - setting them all to 1.
In iteration 700, 2 Slacks too small, adjusting variable bounds
 701  3.8953873e+00 2.93e-02 7.31e+23  -0.9 5.79e+00    -  1.59e-01 4.74e-02f  1
Scaling factors are invalid - setting them all to 1.
In iteration 701, 2 Slacks too small, adjusting variable bounds
 702  4.3291883e+00 2.66e-02 6.03e+23  -0.9 5.91e+00    -  3.55e-01 2.02e-01f  1
Scaling factors are invalid - setting them all to 1.
In iteration 702, 2 Slacks too small, adjusting variable bounds
 703  4.6880772e+00 2.39e-02 5.05e+23  -0.9 7.11e+00    -  1.56e-01 1.62e-01f  1
Scaling factors are invalid - setting them all to 1.
In iteration 703, 2 Slacks too small, adjusting variable bounds
 704  4.7947515e+00 2.30e-02 1.07e+25  -0.9 6.26e+00    -  7.42e-01 5.33e-02f  1
Scaling factors are invalid - setting them all to 1.
In iteration 704, 2 Slacks too small, adjusting variable bounds
 705  5.4126864e+00 4.78e-02 2.19e+25  -0.9 5.44e+00    -  4.74e-01 3.56e-01f  1
Scaling factors are invalid - setting them all to 1.
In iteration 705, 2 Slacks too small, adjusting variable bounds
 706  6.0198233e+00 3.10e-02 3.97e+24  -0.9 3.00e+00    -  1.00e+00 5.73e-01f  1
Scaling factors are invalid - setting them all to 1.
Scaling factors are invalid - setting them all to 1.
In iteration 706, 2 Slacks too small, adjusting variable bounds
 707  6.0276263e+00 3.01e-02 3.48e+25  -0.9 3.36e+00  -1.8 5.08e-01 3.20e-02h  1
Scaling factors are invalid - setting them all to 1.
Scaling factors are invalid - setting them all to 1.
Scaling factors are invalid - setting them all to 1.
In iteration 707, 2 Slacks too small, adjusting variable bounds
 708  6.0311787e+00 2.96e-02 4.25e+25  -0.9 8.94e-01  -1.4 1.00e+00 1.70e-02h  1
Scaling factors are invalid - setting them all to 1.
Scaling factors are invalid - setting them all to 1.
In iteration 708, 2 Slacks too small, adjusting variable bounds
 709  6.0397473e+00 2.85e-02 5.23e+25  -0.9 2.52e+00  -1.9 6.75e-01 3.60e-02h  1
Scaling factors are invalid - setting them all to 1.
Scaling factors are invalid - setting them all to 1.
Scaling factors are invalid - setting them all to 1.
In iteration 709, 2 Slacks too small, adjusting variable bounds
iter    objective    inf_pr   inf_du lg(mu)  ||d||  lg(rg) alpha_du alpha_pr  ls
 710  6.0398371e+00 2.85e-02 9.68e+25  -0.9 8.71e-01  -1.4 1.00e+00 4.48e-04h  1
Scaling factors are invalid - setting them all to 1.
Scaling factors are invalid - setting them all to 1.
In iteration 710, 2 Slacks too small, adjusting variable bounds
 711  6.0398576e+00 2.85e-02 1.41e+26  -0.9 2.95e+00  -1.9 6.81e-01 9.01e-05h  1
Scaling factors are invalid - setting them all to 1.
Scaling factors are invalid - setting them all to 1.
Scaling factors are invalid - setting them all to 1.
In iteration 711, 2 Slacks too small, adjusting variable bounds
 712  6.0398641e+00 2.85e-02 1.86e+26  -0.9 9.88e-01  -1.5 1.00e+00 3.22e-05h  1
Scaling factors are invalid - setting them all to 1.
Scaling factors are invalid - setting them all to 1.
In iteration 712, 2 Slacks too small, adjusting variable bounds
 713  6.0398676e+00 2.85e-02 2.31e+26  -0.9 2.92e+00  -2.0 7.21e-01 1.51e-05h  1
Scaling factors are invalid - setting them all to 1.
Scaling factors are invalid - setting them all to 1.
Scaling factors are invalid - setting them all to 1.
In iteration 713, 2 Slacks too small, adjusting variable bounds
 714  6.0398693e+00 2.85e-02 2.75e+26  -0.9 1.12e+00  -1.5 1.00e+00 8.22e-06h  1
Scaling factors are invalid - setting them all to 1.
Scaling factors are invalid - setting them all to 1.
In iteration 714, 2 Slacks too small, adjusting variable bounds
 715  6.0398704e+00 2.85e-02 3.20e+26  -0.9 3.08e+00  -2.0 6.95e-01 4.97e-06h  1
Scaling factors are invalid - setting them all to 1.
Scaling factors are invalid - setting them all to 1.
Scaling factors are invalid - setting them all to 1.
In iteration 715, 2 Slacks too small, adjusting variable bounds
 716  6.0398711e+00 2.85e-02 3.64e+26  -0.9 1.26e+00  -1.6 1.00e+00 3.23e-06h  1
Scaling factors are invalid - setting them all to 1.
Scaling factors are invalid - setting them all to 1.
In iteration 716, 2 Slacks too small, adjusting variable bounds
 717  6.0398716e+00 2.85e-02 4.09e+26  -0.9 3.27e+00  -2.1 6.68e-01 2.22e-06h  1
Scaling factors are invalid - setting them all to 1.
Scaling factors are invalid - setting them all to 1.
Scaling factors are invalid - setting them all to 1.
In iteration 717, 2 Slacks too small, adjusting variable bounds
 718  6.0398719e+00 2.85e-02 4.53e+26  -0.9 1.42e+00  -1.6 1.00e+00 1.59e-06h  1
Scaling factors are invalid - setting them all to 1.
Scaling factors are invalid - setting them all to 1.
In iteration 718, 2 Slacks too small, adjusting variable bounds
 719  6.0398722e+00 2.85e-02 4.98e+26  -0.9 3.41e+00  -2.1 6.51e-01 1.18e-06h  1
Scaling factors are invalid - setting them all to 1.
Scaling factors are invalid - setting them all to 1.
Scaling factors are invalid - setting them all to 1.
In iteration 719, 2 Slacks too small, adjusting variable bounds
iter    objective    inf_pr   inf_du lg(mu)  ||d||  lg(rg) alpha_du alpha_pr  ls
 720  6.0398724e+00 2.85e-02 5.43e+26  -0.9 1.59e+00  -1.7 1.00e+00 8.95e-07h  1
Scaling factors are invalid - setting them all to 1.
In iteration 720, 2 Slacks too small, adjusting variable bounds
 721  6.0398725e+00 2.85e-02 5.87e+26  -0.9 5.77e+01    -  3.55e-02 6.97e-07h  1
Scaling factors are invalid - setting them all to 1.
Scaling factors are invalid - setting them all to 1.
In iteration 721, 2 Slacks too small, adjusting variable bounds
 722  6.0398726e+00 2.85e-02 6.32e+26  -0.9 5.74e+00  -2.2 6.43e-01 5.53e-07h  1
Scaling factors are invalid - setting them all to 1.
In iteration 722, 2 Slacks too small, adjusting variable bounds
 723  6.0398727e+00 2.85e-02 6.76e+26  -0.9 9.84e+00    -  1.10e-01 4.47e-07h  1
Scaling factors are invalid - setting them all to 1.
In iteration 723, 2 Slacks too small, adjusting variable bounds
 724  6.0398728e+00 2.85e-02 7.21e+26  -0.9 1.31e+01    -  1.67e-01 3.66e-07h  1
Scaling factors are invalid - setting them all to 1.
In iteration 724, 2 Slacks too small, adjusting variable bounds
 725  6.0398729e+00 2.85e-02 7.66e+26  -0.9 6.44e+00    -  9.72e-01 3.03e-07h  1
Scaling factors are invalid - setting them all to 1.
In iteration 725, 2 Slacks too small, adjusting variable bounds
 726  6.0398729e+00 2.85e-02 8.10e+26  -0.9 1.83e+00    -  9.99e-01 2.54e-07h  1
Scaling factors are invalid - setting them all to 1.
In iteration 726, 2 Slacks too small, adjusting variable bounds
 727  6.0398730e+00 2.85e-02 8.55e+26  -0.9 7.67e+00    -  2.00e-01 2.15e-07h  1
Scaling factors are invalid - setting them all to 1.
In iteration 727, 2 Slacks too small, adjusting variable bounds
 728  6.0398730e+00 2.85e-02 8.99e+26  -0.9 1.29e+01    -  7.30e-02 1.84e-07h  1
Scaling factors are invalid - setting them all to 1.
In iteration 728, 2 Slacks too small, adjusting variable bounds
 729  6.0398731e+00 2.85e-02 9.44e+26  -0.9 1.49e+01    -  4.83e-02 1.58e-07h  1
Scaling factors are invalid - setting them all to 1.
In iteration 729, 2 Slacks too small, adjusting variable bounds
iter    objective    inf_pr   inf_du lg(mu)  ||d||  lg(rg) alpha_du alpha_pr  ls
 730  6.0398731e+00 2.85e-02 9.88e+26  -0.9 8.47e+00    -  3.93e-01 1.37e-07h  1
Scaling factors are invalid - setting them all to 1.
In iteration 730, 2 Slacks too small, adjusting variable bounds
 731  6.0398731e+00 2.85e-02 1.03e+27  -0.9 4.89e+00    -  9.30e-01 1.20e-07h  1
Scaling factors are invalid - setting them all to 1.
In iteration 731, 2 Slacks too small, adjusting variable bounds
 732  6.0398732e+00 2.85e-02 1.08e+27  -0.9 1.90e+00    -  1.00e+00 1.05e-07h  1
Scaling factors are invalid - setting them all to 1.
In iteration 732, 2 Slacks too small, adjusting variable bounds
 733  6.0398732e+00 2.85e-02 1.12e+27  -0.9 8.58e+00    -  2.07e-01 9.26e-08h  1
Scaling factors are invalid - setting them all to 1.
In iteration 733, 2 Slacks too small, adjusting variable bounds
 734  6.0398732e+00 2.85e-02 1.17e+27  -0.9 1.70e+01    -  8.66e-02 8.21e-08h  1
Scaling factors are invalid - setting them all to 1.
In iteration 734, 2 Slacks too small, adjusting variable bounds
 735  6.0398732e+00 2.85e-02 1.21e+27  -0.9 1.67e+01    -  1.13e-01 7.32e-08h  1
Scaling factors are invalid - setting them all to 1.
In iteration 735, 2 Slacks too small, adjusting variable bounds
 736  6.0398732e+00 2.85e-02 1.26e+27  -0.9 6.14e+00    -  1.00e+00 6.55e-08h  1
Scaling factors are invalid - setting them all to 1.
In iteration 736, 2 Slacks too small, adjusting variable bounds
 737  6.0398733e+00 2.85e-02 1.30e+27  -0.9 1.54e+00    -  9.11e-01 5.88e-08h  1
Scaling factors are invalid - setting them all to 1.
In iteration 737, 2 Slacks too small, adjusting variable bounds
 738  6.0398733e+00 2.85e-02 1.35e+27  -0.9 6.73e+00    -  2.30e-01 5.30e-08h  1
Scaling factors are invalid - setting them all to 1.
Scaling factors are invalid - setting them all to 1.
Scaling factors are invalid - setting them all to 1.
In iteration 738, 2 Slacks too small, adjusting variable bounds
 739  6.0398733e+00 2.85e-02 1.39e+27  -0.9 3.86e+00  -1.7 3.27e-01 4.80e-08h  1
Scaling factors are invalid - setting them all to 1.
In iteration 739, 2 Slacks too small, adjusting variable bounds
iter    objective    inf_pr   inf_du lg(mu)  ||d||  lg(rg) alpha_du alpha_pr  ls
 740  6.0398733e+00 2.85e-02 1.43e+27  -0.9 9.83e+00    -  2.19e-01 4.36e-08h  1
Scaling factors are invalid - setting them all to 1.
In iteration 740, 2 Slacks too small, adjusting variable bounds
 741  6.0398733e+00 2.85e-02 1.48e+27  -0.9 2.22e+01    -  5.25e-02 3.97e-08h  1
Scaling factors are invalid - setting them all to 1.
In iteration 741, 2 Slacks too small, adjusting variable bounds
 742  6.0398733e+00 2.85e-02 1.52e+27  -0.9 1.23e+01    -  1.94e-01 3.62e-08h  1
Scaling factors are invalid - setting them all to 1.
In iteration 742, 2 Slacks too small, adjusting variable bounds
 743  6.0398733e+00 2.85e-02 1.57e+27  -0.9 3.54e+00    -  7.78e-01 3.32e-08h  1
Scaling factors are invalid - setting them all to 1.
In iteration 743, 2 Slacks too small, adjusting variable bounds
 744  6.0398733e+00 2.85e-02 1.61e+27  -0.9 1.88e+00    -  1.00e+00 3.04e-08h  1
Scaling factors are invalid - setting them all to 1.
In iteration 744, 2 Slacks too small, adjusting variable bounds
 745  6.0398733e+00 2.85e-02 1.66e+27  -0.9 1.04e+01    -  1.65e-01 2.80e-08h  1
Scaling factors are invalid - setting them all to 1.
In iteration 745, 2 Slacks too small, adjusting variable bounds
 746  6.0398733e+00 2.85e-02 1.70e+27  -0.9 2.79e+01    -  3.97e-02 2.58e-08h  1
Scaling factors are invalid - setting them all to 1.
In iteration 746, 2 Slacks too small, adjusting variable bounds
 747  6.0398733e+00 2.85e-02 1.75e+27  -0.9 1.95e+01    -  9.06e-02 2.39e-08h  1
Scaling factors are invalid - setting them all to 1.
In iteration 747, 2 Slacks too small, adjusting variable bounds
 748  6.0398733e+00 2.85e-02 1.79e+27  -0.9 7.74e+00    -  2.86e-01 2.21e-08h  1
Scaling factors are invalid - setting them all to 1.
In iteration 748, 2 Slacks too small, adjusting variable bounds
 749  6.0398733e+00 2.85e-02 1.84e+27  -0.9 2.64e+00    -  1.00e+00 2.05e-08h  1
Scaling factors are invalid - setting them all to 1.
In iteration 749, 2 Slacks too small, adjusting variable bounds
iter    objective    inf_pr   inf_du lg(mu)  ||d||  lg(rg) alpha_du alpha_pr  ls
 750  6.0398734e+00 2.85e-02 1.88e+27  -0.9 2.77e+00    -  3.61e-01 1.91e-08h  1
Scaling factors are invalid - setting them all to 1.
In iteration 750, 2 Slacks too small, adjusting variable bounds
 751  6.0398734e+00 2.85e-02 1.92e+27  -0.9 3.12e+00    -  5.30e-01 1.77e-08h  1
Scaling factors are invalid - setting them all to 1.
In iteration 751, 2 Slacks too small, adjusting variable bounds
 752  6.0398734e+00 2.85e-02 1.97e+27  -0.9 1.06e+01    -  1.31e-01 1.65e-08h  1
Scaling factors are invalid - setting them all to 1.
In iteration 752, 2 Slacks too small, adjusting variable bounds
 753  6.0398734e+00 2.85e-02 2.01e+27  -0.9 6.53e+00    -  3.30e-01 1.55e-08h  1
Scaling factors are invalid - setting them all to 1.
 754r 6.0398734e+00 2.85e-02 1.00e+03  -0.8 0.00e+00    -  0.00e+00 7.23e-09R  2
 755r 6.0537695e+00 2.41e-02 2.17e+03   0.8 1.44e+02    -  4.35e-02 1.03e-03f  1
 756  6.0960517e+00 1.97e-02 2.24e+03  -0.9 6.63e-01    -  2.74e-04 1.82e-01f  1
 757  6.0984674e+00 1.66e-02 1.89e+03  -0.9 1.29e-01   1.4 6.81e-01 1.57e-01f  1
 758  6.1282821e+00 1.43e-03 2.84e+01  -0.9 1.09e-01   0.9 1.00e+00 1.00e+00f  1
 759  6.1487193e+00 4.00e-04 2.14e-01  -0.9 6.38e-02   0.4 1.00e+00 1.00e+00f  1
iter    objective    inf_pr   inf_du lg(mu)  ||d||  lg(rg) alpha_du alpha_pr  ls
 760  6.1137364e+00 1.47e-05 7.87e-02  -1.6 8.45e-02  -0.0 1.00e+00 1.00e+00h  1
 761  5.9442791e+00 2.68e-04 1.30e-01  -2.4 4.17e-01  -0.5 1.00e+00 1.00e+00f  1
 762  5.4433248e+00 2.47e-03 1.29e-01  -2.4 1.24e+00  -1.0 1.00e+00 1.00e+00f  1
 763  5.0166125e+00 6.21e-03 4.41e-02  -2.4 1.28e+00  -1.5 1.00e+00 1.00e+00h  1
 764  4.7665152e+00 6.25e-03 1.47e-02  -2.4 8.79e-01  -1.9 1.00e+00 1.00e+00h  1
 765  4.3170833e+00 1.56e-02 1.01e+01  -3.5 1.93e+00  -2.4 5.14e-01 7.44e-01h  1
 766  4.1031962e+00 1.46e-02 6.00e+00  -3.5 2.08e+00    -  3.69e-01 3.33e-01h  1
 767  3.8772151e+00 9.13e-02 6.53e+00  -3.5 4.17e+00    -  1.76e-01 3.87e-01h  1
 768  3.7848730e+00 6.12e-02 1.94e+00  -3.5 1.22e+00    -  5.50e-01 3.33e-01h  1
 769  3.7007359e+00 3.58e-02 6.12e-01  -3.5 9.64e-01    -  5.31e-01 4.33e-01h  1
iter    objective    inf_pr   inf_du lg(mu)  ||d||  lg(rg) alpha_du alpha_pr  ls
 770  3.6895731e+00 3.34e-02 5.41e-01  -3.5 6.83e+00    -  1.00e-01 9.49e-02h  1
 771  3.6511764e+00 2.11e-02 5.26e-02  -3.5 5.95e-01    -  5.09e-01 3.74e-01h  1
 772  3.5779032e+00 1.19e-02 1.45e-02  -3.5 5.67e-01    -  1.00e+00 9.85e-01h  1
 773  3.5769949e+00 3.83e-03 5.08e-03  -3.5 2.33e-01  -2.9 1.00e+00 1.00e+00h  1
 774  3.5779411e+00 2.87e-03 2.37e-03  -3.5 2.88e-01    -  1.00e+00 1.00e+00H  1
 775  3.5789997e+00 2.83e-04 3.49e-04  -3.5 7.47e-02    -  1.00e+00 1.00e+00h  1
 776  3.5789947e+00 4.13e-07 1.07e-06  -3.5 4.06e-03    -  1.00e+00 1.00e+00h  1
 777  3.5407217e+00 8.54e-04 7.04e-01  -9.5 7.05e-01    -  5.40e-01 3.13e-01f  1
 778  3.4957993e+00 3.18e-03 4.07e-02  -4.0 4.23e-01    -  9.99e-01 1.00e+00h  1
 779  3.4841782e+00 4.72e-04 1.55e-01  -4.2 1.35e-01    -  1.00e+00 9.90e-01h  1
iter    objective    inf_pr   inf_du lg(mu)  ||d||  lg(rg) alpha_du alpha_pr  ls
 780  3.4812275e+00 1.38e-04 1.25e+00  -4.6 1.00e-02   0.2 1.00e+00 7.08e-01h  1
 781  3.4765390e+00 6.05e-05 5.52e-01  -5.9 2.48e-02  -0.2 1.00e+00 5.61e-01h  1
 782  3.4775613e+00 2.06e-05 8.48e+00  -4.3 2.25e-03   2.0 1.00e+00 1.00e+00h  1
 783  3.4768970e+00 7.56e-06 2.54e+00  -5.2 1.13e-03   1.5 1.00e+00 1.00e+00h  1
 784  3.4779463e+00 5.62e-06 7.35e-01  -4.2 1.44e-03   1.9 1.00e+00 1.00e+00h  1
 785  3.4776804e+00 1.59e-06 9.65e-02  -4.6 4.20e-04   1.5 1.00e+00 1.00e+00h  1
 786  3.4764451e+00 3.36e-06 3.17e-02  -4.8 2.26e-03   1.0 9.99e-01 1.00e+00h  1
 787  3.4754479e+00 3.42e-07 6.09e-02  -5.6 1.69e-03   1.4 1.00e+00 1.00e+00h  1
 788  3.4745680e+00 6.60e-07 3.40e-02  -6.0 3.12e-03   0.9 1.00e+00 6.02e-01h  1
 789  3.4738168e+00 1.20e-05 1.57e-01  -6.3 5.82e-03   0.5 1.00e+00 3.81e-01h  1
iter    objective    inf_pr   inf_du lg(mu)  ||d||  lg(rg) alpha_du alpha_pr  ls
 790  3.4731016e+00 1.52e-05 1.14e-01 -11.0 1.17e-02  -0.0 1.79e-01 2.15e-01h  1
 791  3.4728518e+00 1.26e-05 2.86e-01  -6.0 4.00e-03   0.4 1.00e+00 2.53e-01h  1
 792  3.4721731e+00 5.60e-05 2.21e-01  -5.4 8.15e-03  -0.1 1.00e+00 3.74e-01h  1
 793  3.4739481e+00 5.34e-05 3.76e-01  -4.3 3.65e-02  -0.5 1.00e+00 2.58e-01f  1
 794  3.4727964e+00 6.29e-04 1.42e-01  -4.4 6.12e-02  -1.0 4.03e-01 1.00e+00h  1
 795  3.4666611e+00 1.20e-03 1.37e-01  -4.4 5.11e+00    -  2.48e-02 3.13e-02h  1
 796  3.4631820e+00 1.58e-03 1.46e-01  -3.6 2.55e+00    -  7.99e-02 4.25e-02f  1
 797  3.4646017e+00 3.63e-03 8.95e-01  -3.1 6.35e+00    -  1.45e-01 4.15e-02f  1
 798  3.4577895e+00 4.50e-03 7.72e-01  -3.9 1.93e+00    -  1.53e-01 1.27e-01h  1
 799  3.4518412e+00 4.12e-03 5.00e-01  -9.8 9.27e-01    -  2.12e-01 9.04e-02h  1
iter    objective    inf_pr   inf_du lg(mu)  ||d||  lg(rg) alpha_du alpha_pr  ls
 800  3.4360062e+00 3.60e-03 5.06e-01  -4.8 2.04e+00    -  1.64e-01 3.01e-01h  1
 801  3.4463238e+00 1.34e-02 1.09e-01  -4.0 4.50e-01    -  8.17e-01 7.88e-01h  1
 802  3.4418027e+00 6.86e-03 6.11e-02  -4.1 5.21e-01    -  8.75e-01 5.28e-01h  1
 803  3.4185348e+00 1.17e-03 4.40e-01  -4.6 2.07e-01    -  6.41e-01 8.82e-01h  1
 804  3.4200101e+00 6.24e-04 8.17e-01  -4.1 5.63e-03   1.2 1.00e+00 4.67e-01h  1
 805  3.4189797e+00 1.87e-06 6.82e-02  -4.6 3.02e-03   0.7 1.00e+00 1.00e+00h  1
 806  3.4171195e+00 3.25e-06 1.86e-01  -5.6 3.06e-03   1.2 1.00e+00 1.00e+00h  1
 807  3.4151591e+00 1.42e-05 1.72e-01  -5.7 5.60e-03   0.7 1.00e+00 7.49e-01h  1
 808  3.4144599e+00 4.99e-05 3.04e-01  -5.3 6.93e-03   0.2 1.00e+00 3.59e-01h  1
 809  3.4168832e+00 1.99e-04 5.98e-02  -4.6 5.12e-03   0.6 9.47e-01 1.00e+00h  1
iter    objective    inf_pr   inf_du lg(mu)  ||d||  lg(rg) alpha_du alpha_pr  ls
 810  3.4159470e+00 3.96e-06 2.84e-01  -4.7 3.64e-03   0.2 6.23e-01 1.00e+00h  1
 811  3.4178430e+00 9.20e-05 7.05e-02  -4.5 2.17e-02  -0.3 1.00e+00 1.00e+00h  1
 812  3.4152080e+00 1.37e-04 9.32e-02  -4.5 2.39e-02  -0.8 6.73e-01 1.00e+00h  1
 813  3.4106552e+00 1.14e-03 6.24e-03  -4.5 7.96e-02  -1.3 9.23e-01 1.00e+00h  1
 814  3.3961091e+00 1.79e-03 2.26e-01  -5.7 1.15e-01  -1.8 5.34e-01 9.34e-01h  1
 815  3.3954807e+00 3.48e-05 9.74e-01  -6.3 2.63e-03   0.5 2.84e-01 1.00e+00h  1
 816  3.3953342e+00 1.69e-06 2.47e-02  -6.5 5.36e-04   0.9 1.00e+00 1.00e+00h  1
 817  3.3951811e+00 1.38e-06 2.02e-02  -6.5 1.15e-03   0.4 4.41e-01 6.58e-01h  1
 818  3.3949626e+00 1.67e-05 2.99e-02  -6.2 2.55e-03  -0.0 1.00e+00 5.67e-01h  1
 819  3.3970460e+00 2.04e-04 2.32e-01  -4.9 1.59e-02  -0.5 1.00e+00 7.19e-01f  1
iter    objective    inf_pr   inf_du lg(mu)  ||d||  lg(rg) alpha_du alpha_pr  ls
 820  3.3964034e+00 1.68e-03 1.32e+01  -5.0 1.47e-01  -1.0 2.13e-03 3.34e-01h  1
 821  3.3963507e+00 1.25e-03 5.64e+00  -5.0 4.65e-02   0.3 2.11e-01 5.71e-01f  1
 822  3.3962607e+00 1.02e-03 1.03e+01  -5.0 1.31e-01  -0.2 5.54e-04 3.29e-01f  1
 823  3.3959262e+00 1.19e-03 1.40e+01  -5.0 8.12e-02  -0.6 5.38e-04 4.14e-01f  1
 824  3.3939071e+00 1.16e-04 2.32e+00  -5.0 3.70e-02  -1.1 2.38e-01 1.00e+00f  1
 825  3.4006725e+00 5.57e-04 5.32e-01  -3.9 3.04e-01  -1.6 7.29e-01 3.10e-01f  1
 826  3.3942836e+00 1.44e-03 4.70e-01  -4.1 2.23e+00    -  1.09e-01 1.24e-01h  1
 827  3.3885953e+00 2.99e-03 3.89e-01  -4.1 1.73e+00    -  2.29e-01 1.31e-01h  1
 828  3.3813498e+00 4.63e-03 3.13e-01  -4.3 2.01e+00    -  1.92e-01 1.58e-01h  1
 829  3.3771110e+00 6.75e-03 2.68e-01  -4.1 2.22e+00    -  1.86e-01 1.29e-01h  1
iter    objective    inf_pr   inf_du lg(mu)  ||d||  lg(rg) alpha_du alpha_pr  ls
 830  3.3693752e+00 7.88e-03 3.07e-01  -6.2 1.33e+00    -  4.25e-02 1.27e-01h  1
 831  3.3564260e+00 1.41e-02 3.50e-01  -5.7 2.69e+00    -  6.84e-02 1.95e-01h  1
 832  3.3539617e+00 1.34e-02 2.92e-01 -10.1 2.37e+00    -  1.02e-01 5.03e-02h  1
 833  3.3475425e+00 1.55e-02 2.36e-01  -4.4 2.54e+00    -  1.90e-01 1.87e-01h  1
 834  3.3448535e+00 1.54e-02 2.11e-01  -4.2 3.31e+00    -  1.12e-01 1.08e-01h  1
 835  3.3392666e+00 1.47e-02 1.85e-01  -4.8 1.53e+00    -  1.98e-01 2.58e-01h  1
 836  3.3407089e+00 1.58e-05 1.06e-01  -4.4 2.38e-02   0.7 9.99e-01 1.00e+00h  1
 837  3.3396200e+00 6.22e-06 3.63e-02  -4.7 1.96e-03   1.1 9.97e-01 1.00e+00h  1
 838  3.3386064e+00 4.24e-07 7.51e-02  -5.3 1.65e-03   1.5 1.00e+00 1.00e+00h  1
 839  3.3370528e+00 8.31e-07 4.02e-02  -5.6 3.58e-03   1.0 1.00e+00 8.48e-01h  1
iter    objective    inf_pr   inf_du lg(mu)  ||d||  lg(rg) alpha_du alpha_pr  ls
 840  3.3361933e+00 1.39e-06 1.37e-01  -6.1 6.36e-03   0.5 1.00e+00 3.54e-01h  1
 841  3.3353606e+00 3.39e-06 3.13e-01  -6.4 1.26e-02   0.1 1.00e+00 2.35e-01h  1
 842  3.3347864e+00 5.15e-06 4.39e-01  -5.8 2.02e-02  -0.4 1.00e+00 1.21e-01h  1
 843  3.3334764e+00 7.76e-06 4.86e-01  -6.1 2.75e-02  -0.9 1.00e+00 1.88e-01h  1
 844  3.3315692e+00 4.29e-05 3.31e-01  -5.7 6.40e-02  -1.4 1.00e+00 2.37e-01h  1
 845  3.3297179e+00 3.75e-05 2.74e-01  -7.6 1.02e-01  -1.8 1.39e-01 1.73e-01h  1
 846  3.3274052e+00 1.92e-04 2.30e-01  -5.9 2.29e-01  -2.3 3.09e-01 1.49e-01h  1
 847  3.3243791e+00 6.06e-04 2.02e-01  -7.5 5.97e-01  -2.8 4.40e-02 1.21e-01h  1
 848  3.3220399e+00 8.71e-04 1.91e-01  -6.0 1.68e+00  -3.3 1.04e-01 5.10e-02h  1
 849  3.3179180e+00 1.59e-03 1.82e-01  -7.9 3.60e+00  -3.7 3.65e-02 4.75e-02h  1
iter    objective    inf_pr   inf_du lg(mu)  ||d||  lg(rg) alpha_du alpha_pr  ls
 850  3.3176197e+00 9.36e-04 1.04e-01  -6.1 1.29e-02  -0.6 1.67e-01 4.13e-01h  1
 851  3.3177368e+00 5.42e-04 1.25e-01  -5.5 1.08e-02  -0.2 1.00e+00 4.21e-01h  1
 852  3.3173486e+00 2.49e-05 2.43e-01  -5.7 8.59e-03  -0.7 3.87e-01 1.00e+00h  1
 853  3.3160227e+00 6.68e-05 2.79e-02  -5.8 2.08e-02  -1.1 7.27e-01 1.00e+00h  1
 854  3.3157017e+00 5.67e-05 4.53e-02  -6.2 7.54e-03  -0.7 8.30e-01 4.86e-01h  1
 855  3.3154423e+00 4.72e-05 3.74e-02 -11.0 1.88e-02  -1.2 2.72e-01 1.73e-01h  1
 856  3.3153783e+00 3.70e-05 2.87e-02  -7.9 1.36e-03   0.1 9.23e-02 2.23e-01h  1
 857  3.3150957e+00 9.94e-06 2.47e-02  -6.4 3.09e-03  -0.3 1.00e+00 1.00e+00h  1
 858  3.3149430e+00 7.63e-06 2.28e-02 -11.0 8.46e-03  -0.8 5.89e-01 2.43e-01h  1
 859  3.3147396e+00 1.75e-04 3.06e-02  -5.6 5.00e-02  -1.3 6.31e-01 2.85e-01h  1
iter    objective    inf_pr   inf_du lg(mu)  ||d||  lg(rg) alpha_du alpha_pr  ls
 860  3.3146360e+00 1.71e-04 2.98e-02 -11.0 9.96e-02  -1.8 1.84e-01 2.62e-02h  1
 861  3.3142396e+00 4.50e-05 1.43e-02  -6.9 3.51e-03  -0.4 6.58e-01 9.22e-01h  1
 862  3.3139103e+00 2.28e-05 6.23e-03  -8.3 1.13e-02  -0.9 3.83e-01 4.95e-01h  1
 863  3.3124367e+00 1.56e-04 1.65e-03  -6.2 2.62e-02  -1.4 1.00e+00 1.00e+00h  1
 864  3.3121932e+00 6.22e-04 5.85e-02  -4.9 1.27e-01  -1.9 9.71e-01 4.77e-01h  1
 865  3.3181563e+00 1.89e-03 5.61e-01  -4.0 5.26e-01  -2.3 8.49e-01 3.18e-01f  1
 866  3.3144414e+00 1.85e-03 5.13e-01  -4.2 1.63e+00    -  1.18e-01 6.90e-02h  1
 867  3.3074851e+00 6.69e-03 4.32e-01  -4.2 3.12e+00    -  1.81e-01 1.46e-01h  1
 868  3.3036329e+00 8.49e-03 3.61e-01  -4.2 2.39e+00    -  2.08e-01 1.36e-01h  1
 869  3.3041972e+00 9.72e-03 3.76e-01  -3.8 2.22e+00    -  1.64e-01 9.24e-02h  1
iter    objective    inf_pr   inf_du lg(mu)  ||d||  lg(rg) alpha_du alpha_pr  ls
 870  3.3028031e+00 1.16e-02 3.37e-01  -4.2 2.36e+00    -  8.92e-02 1.18e-01h  1
 871  3.2934954e+00 1.40e-02 3.22e-01  -4.3 1.67e+00    -  1.85e-01 5.65e-01h  1
 872  3.2895585e+00 5.06e-03 1.50e+00  -6.0 3.80e-02  -0.1 6.37e-02 6.39e-01h  1
 873  3.2872042e+00 6.43e-06 4.35e-03  -4.7 1.42e-02  -0.6 1.00e+00 1.00e+00h  1
 874  3.2820863e+00 1.19e-05 1.91e-02  -5.4 2.11e-02  -1.1 9.94e-01 8.65e-01h  1
 875  3.2798899e+00 2.19e-05 6.55e-02  -6.0 3.53e-02  -1.5 1.00e+00 3.91e-01h  1
 876  3.2802483e+00 6.99e-05 3.64e-01  -5.0 4.85e-03  -0.2 1.00e+00 3.75e-01h  1
 877  3.2802228e+00 3.73e-05 1.94e-01  -5.1 5.16e-03  -0.7 4.69e-01 5.34e-01h  1
 878  3.2794756e+00 3.22e-05 9.26e-02 -11.0 5.14e-03  -0.3 8.10e-01 5.15e-01h  1
 879  3.2788133e+00 4.99e-05 3.13e-01  -5.5 7.24e-03  -0.7 1.00e+00 1.00e+00f  1
iter    objective    inf_pr   inf_du lg(mu)  ||d||  lg(rg) alpha_du alpha_pr  ls
 880  3.2780345e+00 3.87e-05 1.58e-01  -6.2 2.04e-02  -1.2 7.90e-01 5.41e-01h  1
 881  3.2776715e+00 1.69e-05 1.07e-01  -6.6 1.34e-03   0.1 3.65e-01 1.00e+00h  1
 882  3.2776155e+00 5.96e-07 9.32e-03  -6.7 4.38e-04   0.5 1.00e+00 1.00e+00h  1
 883  3.2784142e+00 1.03e-04 1.47e-01  -5.5 6.06e-03   0.1 1.00e+00 1.00e+00h  1
 884  3.2780914e+00 5.90e-06 1.13e-01  -5.6 3.14e-03  -0.4 6.00e-01 1.00e+00h  1
 885  3.2782364e+00 6.14e-05 1.76e-02  -5.3 9.11e-03  -0.9 1.00e+00 1.00e+00h  1
 886  3.2769191e+00 9.51e-05 2.69e-02  -5.4 2.24e-02  -1.4 6.25e-01 1.00e+00h  1
 887  3.2754268e+00 1.96e-03 9.60e-04  -5.1 6.89e-02  -1.9 1.00e+00 1.00e+00h  1
 888  3.2693675e+00 2.55e-03 1.26e-02  -5.2 1.63e-01  -2.3 4.99e-01 9.61e-01h  1
 889  3.2688454e+00 2.41e-03 1.60e-01  -4.7 6.27e-01  -2.8 1.00e+00 7.90e-02h  1
iter    objective    inf_pr   inf_du lg(mu)  ||d||  lg(rg) alpha_du alpha_pr  ls
 890  3.2703450e+00 2.79e-03 3.14e-01  -3.7 2.71e+00    -  1.48e-01 5.71e-02f  1
 891  3.2668790e+00 2.28e-03 2.66e-01  -4.4 1.52e+00    -  9.17e-02 1.86e-01h  1
 892  3.2643150e+00 1.91e-03 2.26e-01  -6.4 1.09e+00  -3.3 1.56e-01 1.64e-01h  1
 893  3.2640640e+00 1.90e-03 2.35e-01  -3.8 4.72e+01    -  1.11e-02 2.58e-03h  1
 894  3.2595169e+00 1.11e-02 2.27e-01  -5.5 1.47e+00    -  1.22e-01 2.52e-01h  1
 895  3.2574690e+00 2.96e-06 2.34e-01  -5.6 5.94e-02  -0.2 4.46e-01 1.00e+00h  1
 896  3.2561614e+00 1.34e-06 1.52e-02  -5.9 5.63e-03  -0.6 1.00e+00 9.33e-01h  1
 897  3.2559018e+00 1.36e-06 5.26e-03  -6.9 8.92e-04   0.7 1.00e+00 9.75e-01h  1
 898  3.2561194e+00 4.67e-07 7.44e-03  -5.8 1.08e-03   0.2 1.00e+00 1.00e+00h  1
 899  3.2558964e+00 4.07e-07 1.21e-03  -5.8 2.18e-03  -0.3 9.95e-01 1.00e+00h  1
iter    objective    inf_pr   inf_du lg(mu)  ||d||  lg(rg) alpha_du alpha_pr  ls
 900  3.2560178e+00 2.11e-06 2.92e-03  -5.5 6.06e-03  -0.7 9.87e-01 1.00e+00h  1
 901  3.2557877e+00 7.62e-05 8.56e-02  -5.6 1.28e-02  -1.2 7.68e-01 3.77e-01h  1
 902  3.2592137e+00 2.55e-05 4.35e-01  -4.7 1.20e-02   0.1 3.57e-01 1.00e+00f  1
 903  3.2585872e+00 2.85e-07 3.41e-02  -5.2 1.06e-03   1.5 9.30e-01 1.00e+00h  1
 904  3.2575989e+00 2.53e-07 5.54e-02  -6.1 2.87e-03   1.0 1.00e+00 6.60e-01h  1
 905  3.2566465e+00 9.01e-07 7.43e-02  -6.3 4.83e-03   0.5 1.00e+00 5.28e-01h  1
 906  3.2561716e+00 1.65e-06 2.65e-01  -6.6 7.33e-03   0.0 1.00e+00 2.66e-01h  1
 907  3.2557983e+00 4.74e-06 2.43e-01  -6.8 1.10e-02  -0.5 1.00e+00 1.64e-01h  1
 908  3.2555357e+00 5.78e-06 2.17e-01  -6.2 1.75e-02  -0.9 1.00e+00 1.17e-01h  1
 909  3.2552435e+00 3.13e-05 1.55e-01  -5.6 3.31e-02  -1.4 6.83e-01 3.44e-01h  1
iter    objective    inf_pr   inf_du lg(mu)  ||d||  lg(rg) alpha_du alpha_pr  ls
 910  3.2548809e+00 2.94e-06 2.57e-03  -6.2 2.29e-03  -0.1 1.00e+00 1.00e+00h  1
 911  3.2547227e+00 5.00e-07 5.65e-03  -7.3 9.12e-04   0.3 1.00e+00 8.56e-01h  1
 912  3.2546564e+00 3.74e-07 4.49e-02  -8.5 1.75e-03  -0.1 1.00e+00 4.83e-01h  1
 913  3.2546016e+00 5.50e-07 5.31e-02  -9.5 4.15e-03  -0.6 1.00e+00 2.76e-01h  1
 914  3.2545499e+00 7.73e-07 5.30e-02  -9.3 1.03e-02  -1.1 1.00e+00 1.24e-01h  1
 915  3.2545059e+00 8.77e-07 6.27e-02  -9.1 3.25e-02  -1.6 1.00e+00 4.14e-02h  1
 916  3.2543830e+00 5.26e-06 8.34e-02  -7.7 9.94e-02  -2.0 1.00e+00 4.68e-02h  1
 917  3.2542894e+00 8.05e-06 7.59e-02  -7.3 3.76e-02  -1.6 1.00e+00 9.73e-02h  1
 918  3.2541547e+00 2.22e-05 7.72e-02  -6.3 1.09e-01  -2.1 1.00e+00 5.85e-02h  1
 919  3.2532032e+00 8.63e-04 6.11e-02  -5.5 2.82e-01  -2.6 2.06e-01 2.09e-01h  1
iter    objective    inf_pr   inf_du lg(mu)  ||d||  lg(rg) alpha_du alpha_pr  ls
 920  3.2525160e+00 1.12e-03 7.30e-02  -5.4 7.39e-01  -3.0 4.57e-01 6.54e-02h  1
 921  3.2509989e+00 5.40e-03 7.87e-02  -4.6 1.77e+00  -3.5 3.82e-01 1.44e-01h  1
 922  3.2504417e+00 4.72e-03 1.44e-01  -4.3 1.73e+00  -4.0 3.28e-01 1.25e-01h  1
 923  3.2498515e+00 4.28e-03 1.73e-01  -4.3 2.41e+00    -  2.36e-01 9.99e-02h  1
 924  3.2455244e+00 3.13e-03 1.64e-01  -5.2 5.86e-01    -  1.30e-01 2.75e-01h  1
 925  3.2426312e+00 7.45e-03 1.44e-01  -5.2 1.84e+00    -  1.67e-01 3.05e-01h  1
 926  3.2402739e+00 1.38e-02 1.40e+00  -5.0 9.21e-01    -  1.06e-02 6.22e-01h  1
 927  3.2397044e+00 1.40e-02 1.38e+00 -10.6 1.32e+01    -  1.43e-02 1.67e-02h  1
 928  3.2399087e+00 1.25e-02 1.23e+00  -4.7 1.14e-01  -0.9 8.23e-01 1.07e-01h  1
 929  3.2387068e+00 9.29e-03 9.41e-01  -6.1 2.42e-01    -  3.52e-01 2.34e-01h  1
iter    objective    inf_pr   inf_du lg(mu)  ||d||  lg(rg) alpha_du alpha_pr  ls
 930  3.2373690e+00 4.66e-03 5.23e-01  -5.4 2.36e-01    -  4.71e-01 4.40e-01h  1
 931  3.2420614e+00 1.08e-04 2.44e-01  -4.6 4.79e-02  -0.4 8.63e-01 1.00e+00h  1

Number of Iterations....: 931

                                   (scaled)                 (unscaled)
Objective...............:   3.2420614008613002e+00    3.2420614008613002e+00
Dual infeasibility......:   2.4426263257831587e-01    2.4426263257831587e-01
Constraint violation....:   1.0796191944728584e-04    1.0796191944728584e-04
Complementarity.........:   2.9747807779659593e-04    2.9747807779659593e-04
Overall NLP error.......:   2.4426263257831587e-01    2.4426263257831587e-01


Number of objective function evaluations             = 967
Number of objective gradient evaluations             = 932
Number of equality constraint evaluations            = 967
Number of inequality constraint evaluations          = 967
Number of equality constraint Jacobian evaluations   = 936
Number of inequality constraint Jacobian evaluations = 936
Number of Lagrangian Hessian evaluations             = 931
Total CPU secs in IPOPT (w/o function evaluations)   =     25.739
Total CPU secs in NLP function evaluations           =      4.268

EXIT: Maximum CPU time exceeded.
 
Ipopt 3.13.4: Maximum CPU Time Exceeded.

suffix ipopt_zU_out OUT;
suffix ipopt_zL_out OUT;
sum{i in 1 .. Nfe - 1} dt[i] = 21.2454

tf = 21.2454

