time,obj_x,obj_y,obj_yaw,ref_x,ref_y,ref_yaw,ref_v,car_idx,lk_idx,relative_x,throttle,steering,approach_dist,approached,elapsed
-1,0,0,0,0,0,0,0,0,0,0,0,0,0,0,traj_sz=0
-1,0,0,0,0,0,0,0,0,0,0,0,0,0,0,traj_sz=0
-1,0,0,0,0,0,0,0,0,0,0,0,0,0,0,traj_sz=0
-1,0,0,0,0,0,0,0,0,0,0,0,0,0,0,traj_sz=0
-1,0,0,0,0,0,0,0,0,0,0,0,0,0,0,traj_sz=0
-1,0,0,0,0,0,0,0,0,0,0,0,0,0,0,traj_sz=0
-1,0,0,0,0,0,0,0,0,0,0,0,0,0,0,traj_sz=0
-1,0,0,0,0,0,0,0,0,0,0,0,0,0,0,traj_sz=0
-1,0,0,0,0,0,0,0,0,0,0,0,0,0,0,traj_sz=0
-1,0,0,0,0,0,0,0,0,0,0,0,0,0,0,traj_sz=0
-1,0.251462,1.51824,-0.00445693,0,0,0,0,0,0,0,0,0,0,0,traj_sz=0
-1,0.251462,1.51824,-0.00445693,0,0,0,0,0,0,0,0,0,0,0,traj_sz=0
-1,0.251462,1.51824,-0.00445693,0,0,0,0,0,0,0,0,0,0,0,traj_sz=0
-1,0.251462,1.51824,-0.00445693,0,0,0,0,0,0,0,0,0,0,0,traj_sz=0
-1,0.251462,1.51824,-0.00445693,0,0,0,0,0,0,0,0,0,0,0,traj_sz=0
-1,0.251462,1.51824,-0.00445693,0,0,0,0,0,0,0,0,0,0,0,traj_sz=0
-1,0.251462,1.51824,-0.00445693,0,0,0,0,0,0,0,0,0,0,0,traj_sz=0
-1,0.251462,1.51824,-0.00445693,0,0,0,0,0,0,0,0,0,0,0,traj_sz=0
-1,0.251462,1.51824,-0.00445693,0,0,0,0,0,0,0,0,0,0,0,traj_sz=0
-1,0.251462,1.51824,-0.00445693,0,0,0,0,0,0,0,0,0,0,0,traj_sz=0
-1,0.251462,1.51824,-0.00445693,0,0,0,0,0,0,0,0,0,0,0,traj_sz=0
-1,0.251462,1.51824,-0.00445693,0,0,0,0,0,0,0,0,0,0,0,traj_sz=0
-1,0.251462,1.51824,-0.00445693,0,0,0,0,0,0,0,0,0,0,0,traj_sz=0
-1,0.251462,1.51824,-0.00445693,0,0,0,0,0,0,0,0,0,0,0,traj_sz=0
-1,0.251462,1.51824,-0.00445693,0,0,0,0,0,0,0,0,0,0,0,traj_sz=0
-1,0.251462,1.51824,-0.00445693,0,0,0,0,0,0,0,0,0,0,0,traj_sz=0
-1,0.251462,1.51824,-0.00445693,0,0,0,0,0,0,0,0,0,0,0,traj_sz=0
-1,0.251462,1.51824,-0.00445693,0,0,0,0,0,0,0,0,0,0,0,traj_sz=0
-1,0.251462,1.51824,-0.00445693,0,0,0,0,0,0,0,0,0,0,0,traj_sz=0
-1,0.251462,1.51824,-0.00445693,0,0,0,0,0,0,0,0,0,0,0,traj_sz=0
-1,0.251462,1.51824,-0.00445693,0,0,0,0,0,0,0,0,0,0,0,traj_sz=0
-1,0.251462,1.51824,-0.00445693,0,0,0,0,0,0,0,0,0,0,0,traj_sz=0
-1,0.251462,1.51824,-0.00445693,0,0,0,0,0,0,0,0,0,0,0,traj_sz=0
-1,0.251462,1.51824,-0.00445693,0,0,0,0,0,0,0,0,0,0,0,traj_sz=0
-1,0.251462,1.51824,-0.00445693,0,0,0,0,0,0,0,0,0,0,0,traj_sz=0
-1,0.251462,1.51824,-0.00445693,0,0,0,0,0,0,0,0,0,0,0,traj_sz=0
-1,0.251462,1.51824,-0.00445693,0,0,0,0,0,0,0,0,0,0,0,traj_sz=0
-1,0.251462,1.51824,-0.00445693,0,0,0,0,0,0,0,0,0,0,0,traj_sz=0
-1,0.251462,1.51824,-0.00445693,0,0,0,0,0,0,0,0,0,0,0,traj_sz=0
-1,0.251462,1.51824,-0.00445693,0,0,0,0,0,0,0,0,0,0,0,traj_sz=0
-1,0.251462,1.51824,-0.00445693,0,0,0,0,0,0,0,0,0,0,0,traj_sz=0
-1,0.251462,1.51824,-0.00445693,0,0,0,0,0,0,0,0,0,0,0,traj_sz=0
-1,0.251462,1.51824,-0.00445693,0,0,0,0,0,0,0,0,0,0,0,traj_sz=0
-1,0.251462,1.51824,-0.00445693,0,0,0,0,0,0,0,0,0,0,0,traj_sz=0
-1,0.251462,1.51824,-0.00445693,0,0,0,0,0,0,0,0,0,0,0,traj_sz=0
-1,0.251462,1.51824,-0.00445693,0,0,0,0,0,0,0,0,0,0,0,traj_sz=0
-1,0.251462,1.51824,-0.00445693,0,0,0,0,0,0,0,0,0,0,0,traj_sz=0
-1,0.251462,1.51824,-0.00445693,0,0,0,0,0,0,0,0,0,0,0,traj_sz=0
-1,0.251462,1.51824,-0.00445693,0,0,0,0,0,0,0,0,0,0,0,traj_sz=0
-1,0.251462,1.51824,-0.00445693,0,0,0,0,0,0,0,0,0,0,0,traj_sz=0
-1,0.251462,1.51824,-0.00445693,0,0,0,0,0,0,0,0,0,0,0,traj_sz=0
-1,0.251462,1.51824,-0.00445693,0,0,0,0,0,0,0,0,0,0,0,traj_sz=0
-1,0.251462,1.51824,-0.00445693,0,0,0,0,0,0,0,0,0,0,0,traj_sz=0
-1,0.251462,1.51824,-0.00445693,0,0,0,0,0,0,0,0,0,0,0,traj_sz=0
-1,0.251462,1.51824,-0.00445693,0,0,0,0,0,0,0,0,0,0,0,traj_sz=0
-1,0.251462,1.51824,-0.00445693,0,0,0,0,0,0,0,0,0,0,0,traj_sz=0
-1,0.251462,1.51824,-0.00445693,0,0,0,0,0,0,0,0,0,0,0,traj_sz=0
-1,0.251462,1.51824,-0.00445693,0,0,0,0,0,0,0,0,0,0,0,traj_sz=0
-1,0.251462,1.51824,-0.00445693,0,0,0,0,0,0,0,0,0,0,0,traj_sz=0
-1,0.251462,1.51824,-0.00445693,0,0,0,0,0,0,0,0,0,0,0,traj_sz=0
-1,0.251462,1.51824,-0.00445693,0,0,0,0,0,0,0,0,0,0,0,traj_sz=0
-1,0.251462,1.51824,-0.00445693,0,0,0,0,0,0,0,0,0,0,0,traj_sz=0
-1,0.251462,1.51824,-0.00445693,0,0,0,0,0,0,0,0,0,0,0,traj_sz=0
-1,0.251462,1.51824,-0.00445693,0,0,0,0,0,0,0,0,0,0,0,traj_sz=0
-1,0.251462,1.51824,-0.00445693,0,0,0,0,0,0,0,0,0,0,0,traj_sz=0
-1,0.251462,1.51824,-0.00445693,0,0,0,0,0,0,0,0,0,0,0,traj_sz=0
-1,0.251462,1.51824,-0.00445693,0,0,0,0,0,0,0,0,0,0,0,traj_sz=0
-1,0.251462,1.51824,-0.00445693,0,0,0,0,0,0,0,0,0,0,0,traj_sz=0
-1,0.251462,1.51824,-0.00445693,0,0,0,0,0,0,0,0,0,0,0,traj_sz=0
-1,0.251462,1.51824,-0.00445693,0,0,0,0,0,0,0,0,0,0,0,traj_sz=0
-1,0.251462,1.51824,-0.00445693,0,0,0,0,0,0,0,0,0,0,0,traj_sz=0
-1,0.251462,1.51824,-0.00445693,0,0,0,0,0,0,0,0,0,0,0,traj_sz=0
-1,0.251462,1.51824,-0.00445693,0,0,0,0,0,0,0,0,0,0,0,traj_sz=0
-1,0.251462,1.51824,-0.00445693,0,0,0,0,0,0,0,0,0,0,0,traj_sz=0
-1,0.251462,1.51824,-0.00445693,0,0,0,0,0,0,0,0,0,0,0,traj_sz=0
-1,0.251462,1.51824,-0.00445693,0,0,0,0,0,0,0,0,0,0,0,traj_sz=0
-1,0.251462,1.51824,-0.00445693,0,0,0,0,0,0,0,0,0,0,0,traj_sz=0
-1,0.251462,1.51824,-0.00445693,0,0,0,0,0,0,0,0,0,0,0,traj_sz=0
-1,0.251462,1.51824,-0.00445693,0,0,0,0,0,0,0,0,0,0,0,traj_sz=0
-1,0.251462,1.51824,-0.00445693,0,0,0,0,0,0,0,0,0,0,0,traj_sz=0
-1,0.251462,1.51824,-0.00445693,0,0,0,0,0,0,0,0,0,0,0,traj_sz=0
-1,0.251462,1.51824,-0.00445693,0,0,0,0,0,0,0,0,0,0,0,traj_sz=0
-1,0.251462,1.51824,-0.00445693,0,0,0,0,0,0,0,0,0,0,0,traj_sz=0
-1,0.251462,1.51824,-0.00445693,0,0,0,0,0,0,0,0,0,0,0,traj_sz=0
-1,0.251462,1.51824,-0.00445693,0,0,0,0,0,0,0,0,0,0,0,traj_sz=0
-1,0.251462,1.51824,-0.00445693,0,0,0,0,0,0,0,0,0,0,0,traj_sz=0
-1,0.251462,1.51824,-0.00445693,0,0,0,0,0,0,0,0,0,0,0,traj_sz=0
-1,0.251462,1.51824,-0.00445693,0,0,0,0,0,0,0,0,0,0,0,traj_sz=0
-1,0.251462,1.51824,-0.00445693,0,0,0,0,0,0,0,0,0,0,0,traj_sz=0
-1,0.251462,1.51824,-0.00445693,0,0,0,0,0,0,0,0,0,0,0,traj_sz=0
-1,0.251462,1.51824,-0.00445693,0,0,0,0,0,0,0,0,0,0,0,traj_sz=0
-1,0.251462,1.51824,-0.00445693,0,0,0,0,0,0,0,0,0,0,0,traj_sz=0
-1,0.251462,1.51824,-0.00445693,0,0,0,0,0,0,0,0,0,0,0,traj_sz=0
-1,0.251462,1.51824,-0.00445693,0,0,0,0,0,0,0,0,0,0,0,traj_sz=0
-1,0.251462,1.51824,-0.00445693,0,0,0,0,0,0,0,0,0,0,0,traj_sz=0
-1,0.251462,1.51824,-0.00445693,0,0,0,0,0,0,0,0,0,0,0,traj_sz=0
-1,0.251462,1.51824,-0.00445693,0,0,0,0,0,0,0,0,0,0,0,traj_sz=0
-1,0.251462,1.51824,-0.00445693,0,0,0,0,0,0,0,0,0,0,0,traj_sz=0
-1,0.251462,1.51824,-0.00445693,0,0,0,0,0,0,0,0,0,0,0,traj_sz=0
-1,0.251462,1.51824,-0.00445693,0,0,0,0,0,0,0,0,0,0,0,traj_sz=0
-1,0.251462,1.51824,-0.00445693,0,0,0,0,0,0,0,0,0,0,0,traj_sz=0
-1,0.251462,1.51824,-0.00445693,0,0,0,0,0,0,0,0,0,0,0,traj_sz=0
-1,0.251462,1.51824,-0.00445693,0,0,0,0,0,0,0,0,0,0,0,traj_sz=0
-1,0.251462,1.51824,-0.00445693,0,0,0,0,0,0,0,0,0,0,0,traj_sz=0
-1,0.251462,1.51824,-0.00445693,0,0,0,0,0,0,0,0,0,0,0,traj_sz=0
-1,0.251462,1.51824,-0.00445693,0,0,0,0,0,0,0,0,0,0,0,traj_sz=0
-1,0.251462,1.51824,-0.00445693,0,0,0,0,0,0,0,0,0,0,0,traj_sz=0
-1,0.251462,1.51824,-0.00445693,0,0,0,0,0,0,0,0,0,0,0,traj_sz=0
-1,0.251462,1.51824,-0.00445693,0,0,0,0,0,0,0,0,0,0,0,traj_sz=0
-1,0.251462,1.51824,-0.00445693,0,0,0,0,0,0,0,0,0,0,0,traj_sz=0
-1,0.251462,1.51824,-0.00445693,0,0,0,0,0,0,0,0,0,0,0,traj_sz=0
-1,0.251462,1.51824,-0.00445693,0,0,0,0,0,0,0,0,0,0,0,traj_sz=0
-1,0.251462,1.51824,-0.00445693,0,0,0,0,0,0,0,0,0,0,0,traj_sz=0
-1,0.251462,1.51824,-0.00445693,0,0,0,0,0,0,0,0,0,0,0,traj_sz=0
-1,0.251462,1.51824,-0.00445693,0,0,0,0,0,0,0,0,0,0,0,traj_sz=0
-1,0.251462,1.51824,-0.00445693,0,0,0,0,0,0,0,0,0,0,0,traj_sz=0
-1,0.251462,1.51824,-0.00445693,0,0,0,0,0,0,0,0,0,0,0,traj_sz=0
-1,0.251462,1.51824,-0.00445693,0,0,0,0,0,0,0,0,0,0,0,traj_sz=0
-1,0.251462,1.51824,-0.00445693,0,0,0,0,0,0,0,0,0,0,0,traj_sz=0
-1,0.251462,1.51824,-0.00445693,0,0,0,0,0,0,0,0,0,0,0,traj_sz=0
-1,0.251462,1.51824,-0.00445693,0,0,0,0,0,0,0,0,0,0,0,traj_sz=0
-1,0.251462,1.51824,-0.00445693,0,0,0,0,0,0,0,0,0,0,0,traj_sz=0
-1,0.251462,1.51824,-0.00445693,0,0,0,0,0,0,0,0,0,0,0,traj_sz=0
-1,0.251462,1.51824,-0.00445693,0,0,0,0,0,0,0,0,0,0,0,traj_sz=0
-1,0.251462,1.51824,-0.00445693,0,0,0,0,0,0,0,0,0,0,0,traj_sz=0
-1,0.251462,1.51824,-0.00445693,0,0,0,0,0,0,0,0,0,0,0,traj_sz=0
-1,0.251462,1.51824,-0.00445693,0,0,0,0,0,0,0,0,0,0,0,traj_sz=0
-1,0.251462,1.51824,-0.00445693,0,0,0,0,0,0,0,0,0,0,0,traj_sz=0
-1,0.251462,1.51824,-0.00445693,0,0,0,0,0,0,0,0,0,0,0,traj_sz=0
-1,0.251462,1.51824,-0.00445693,0,0,0,0,0,0,0,0,0,0,0,traj_sz=0
-1,0.251462,1.51824,-0.00445693,0,0,0,0,0,0,0,0,0,0,0,traj_sz=0
-1,0.251462,1.51824,-0.00445693,0,0,0,0,0,0,0,0,0,0,0,traj_sz=0
-1,0.251462,1.51824,-0.00445693,0,0,0,0,0,0,0,0,0,0,0,traj_sz=0
-1,0.251462,1.51824,-0.00445693,0,0,0,0,0,0,0,0,0,0,0,traj_sz=0
-1,0.251462,1.51824,-0.00445693,0,0,0,0,0,0,0,0,0,0,0,traj_sz=0
-1,0.251462,1.51824,-0.00445693,0,0,0,0,0,0,0,0,0,0,0,traj_sz=0
-1,0.251462,1.51824,-0.00445693,0,0,0,0,0,0,0,0,0,0,0,traj_sz=0
-1,0.251462,1.51824,-0.00445693,0,0,0,0,0,0,0,0,0,0,0,traj_sz=0
-1,0.251462,1.51824,-0.00445693,0,0,0,0,0,0,0,0,0,0,0,traj_sz=0
-1,0.251462,1.51824,-0.00445693,0,0,0,0,0,0,0,0,0,0,0,traj_sz=0
-1,0.251462,1.51824,-0.00445693,0,0,0,0,0,0,0,0,0,0,0,traj_sz=0
-1,0.251462,1.51824,-0.00445693,0,0,0,0,0,0,0,0,0,0,0,traj_sz=0
-1,0.251462,1.51824,-0.00445693,0,0,0,0,0,0,0,0,0,0,0,traj_sz=0
-1,0.251462,1.51824,-0.00445693,0,0,0,0,0,0,0,0,0,0,0,traj_sz=0
-1,0.251462,1.51824,-0.00445693,0,0,0,0,0,0,0,0,0,0,0,traj_sz=0
-1,0.251462,1.51824,-0.00445693,0,0,0,0,0,0,0,0,0,0,0,traj_sz=0
-1,0.251462,1.51824,-0.00445693,0,0,0,0,0,0,0,0,0,0,0,traj_sz=0
-1,0.251462,1.51824,-0.00445693,0,0,0,0,0,0,0,0,0,0,0,traj_sz=0
-1,0.251462,1.51824,-0.00445693,0,0,0,0,0,0,0,0,0,0,0,traj_sz=0
-1,0.251462,1.51824,-0.00445693,0,0,0,0,0,0,0,0,0,0,0,traj_sz=0
-1,0.251462,1.51824,-0.00445693,0,0,0,0,0,0,0,0,0,0,0,traj_sz=0
-1,0.251462,1.51824,-0.00445693,0,0,0,0,0,0,0,0,0,0,0,traj_sz=0
-1,0.251462,1.51824,-0.00445693,0,0,0,0,0,0,0,0,0,0,0,traj_sz=0
-1,0.251462,1.51824,-0.00445693,0,0,0,0,0,0,0,0,0,0,0,traj_sz=0
-1,0.251462,1.51824,-0.00445693,0,0,0,0,0,0,0,0,0,0,0,traj_sz=0
-1,0.251462,1.51824,-0.00445693,0,0,0,0,0,0,0,0,0,0,0,traj_sz=0
-1,0.251462,1.51824,-0.00445693,0,0,0,0,0,0,0,0,0,0,0,traj_sz=0
-1,0.251462,1.51824,-0.00445693,0,0,0,0,0,0,0,0,0,0,0,traj_sz=0
-1,0.251462,1.51824,-0.00445693,0,0,0,0,0,0,0,0,0,0,0,traj_sz=0
-1,0.251462,1.51824,-0.00445693,0,0,0,0,0,0,0,0,0,0,0,traj_sz=0
-1,0.251462,1.51824,-0.00445693,0,0,0,0,0,0,0,0,0,0,0,traj_sz=0
-1,0.251462,1.51824,-0.00445693,0,0,0,0,0,0,0,0,0,0,0,traj_sz=0
-1,0.251462,1.51824,-0.00445693,0,0,0,0,0,0,0,0,0,0,0,traj_sz=0
-1,0.251462,1.51824,-0.00445693,0,0,0,0,0,0,0,0,0,0,0,traj_sz=0
-1,0.251462,1.51824,-0.00445693,0,0,0,0,0,0,0,0,0,0,0,traj_sz=0
-1,0.251462,1.51824,-0.00445693,0,0,0,0,0,0,0,0,0,0,0,traj_sz=0
-1,0.251462,1.51824,-0.00445693,0,0,0,0,0,0,0,0,0,0,0,traj_sz=0
-1,0.251462,1.51824,-0.00445693,0,0,0,0,0,0,0,0,0,0,0,traj_sz=0
-1,0.251462,1.51824,-0.00445693,0,0,0,0,0,0,0,0,0,0,0,traj_sz=0
-1,0.251462,1.51824,-0.00445693,0,0,0,0,0,0,0,0,0,0,0,traj_sz=0
-1,0.251462,1.51824,-0.00445693,0,0,0,0,0,0,0,0,0,0,0,traj_sz=0
-1,0.251462,1.51824,-0.00445693,0,0,0,0,0,0,0,0,0,0,0,traj_sz=0
-1,0.251462,1.51824,-0.00445693,0,0,0,0,0,0,0,0,0,0,0,traj_sz=0
-1,0.251462,1.51824,-0.00445693,0,0,0,0,0,0,0,0,0,0,0,traj_sz=0
-1,0.251462,1.51824,-0.00445693,0,0,0,0,0,0,0,0,0,0,0,traj_sz=0
-1,0.251462,1.51824,-0.00445693,0,0,0,0,0,0,0,0,0,0,0,traj_sz=0
-1,0.251462,1.51824,-0.00445693,0,0,0,0,0,0,0,0,0,0,0,traj_sz=0
-1,0.251462,1.51824,-0.00445693,0,0,0,0,0,0,0,0,0,0,0,traj_sz=0
-1,0.251462,1.51824,-0.00445693,0,0,0,0,0,0,0,0,0,0,0,traj_sz=0
-1,0.251462,1.51824,-0.00445693,0,0,0,0,0,0,0,0,0,0,0,traj_sz=0
-1,0.251462,1.51824,-0.00445693,0,0,0,0,0,0,0,0,0,0,0,traj_sz=0
-1,0.251462,1.51824,-0.00445693,0,0,0,0,0,0,0,0,0,0,0,traj_sz=0
-1,0.251462,1.51824,-0.00445693,0,0,0,0,0,0,0,0,0,0,0,traj_sz=0
-1,0.251462,1.51824,-0.00445693,0,0,0,0,0,0,0,0,0,0,0,traj_sz=0
-1,0.251462,1.51824,-0.00445693,0,0,0,0,0,0,0,0,0,0,0,traj_sz=0
-1,0.251462,1.51824,-0.00445693,0,0,0,0,0,0,0,0,0,0,0,traj_sz=0
-1,0.251462,1.51824,-0.00445693,0,0,0,0,0,0,0,0,0,0,0,traj_sz=0
-1,0.251462,1.51824,-0.00445693,0,0,0,0,0,0,0,0,0,0,0,traj_sz=0
-1,0.251462,1.51824,-0.00445693,0,0,0,0,0,0,0,0,0,0,0,traj_sz=0
-1,0.251462,1.51824,-0.00445693,0,0,0,0,0,0,0,0,0,0,0,traj_sz=0
-1,0.251462,1.51824,-0.00445693,0,0,0,0,0,0,0,0,0,0,0,traj_sz=0
-1,0.251462,1.51824,-0.00445693,0,0,0,0,0,0,0,0,0,0,0,traj_sz=0
-1,0.251462,1.51824,-0.00445693,0,0,0,0,0,0,0,0,0,0,0,traj_sz=0
-1,0.251462,1.51824,-0.00445693,0,0,0,0,0,0,0,0,0,0,0,traj_sz=0
-1,0.251462,1.51824,-0.00445693,0,0,0,0,0,0,0,0,0,0,0,traj_sz=0
-1,0.251462,1.51824,-0.00445693,0,0,0,0,0,0,0,0,0,0,0,traj_sz=0
-1,0.251462,1.51824,-0.00445693,0,0,0,0,0,0,0,0,0,0,0,traj_sz=0
-1,0.251462,1.51824,-0.00445693,0,0,0,0,0,0,0,0,0,0,0,traj_sz=0
-1,0.251462,1.51824,-0.00445693,0,0,0,0,0,0,0,0,0,0,0,traj_sz=0
-1,0.251462,1.51824,-0.00445693,0,0,0,0,0,0,0,0,0,0,0,traj_sz=0
-1,0.251462,1.51824,-0.00445693,0,0,0,0,0,0,0,0,0,0,0,traj_sz=0
-1,0.251462,1.51824,-0.00445693,0,0,0,0,0,0,0,0,0,0,0,traj_sz=0
-1,0.251462,1.51824,-0.00445693,0,0,0,0,0,0,0,0,0,0,0,traj_sz=0
-1,0.251462,1.51824,-0.00445693,0,0,0,0,0,0,0,0,0,0,0,traj_sz=0
-1,0.251462,1.51824,-0.00445693,0,0,0,0,0,0,0,0,0,0,0,traj_sz=0
-1,0.251462,1.51824,-0.00445693,0,0,0,0,0,0,0,0,0,0,0,traj_sz=0
-1,0.251462,1.51824,-0.00445693,0,0,0,0,0,0,0,0,0,0,0,traj_sz=0
-1,0.251462,1.51824,-0.00445693,0,0,0,0,0,0,0,0,0,0,0,traj_sz=0
-1,0.251462,1.51824,-0.00445693,0,0,0,0,0,0,0,0,0,0,0,traj_sz=0
-1,0.251462,1.51824,-0.00445693,0,0,0,0,0,0,0,0,0,0,0,traj_sz=0
-1,0.251462,1.51824,-0.00445693,0,0,0,0,0,0,0,0,0,0,0,traj_sz=0
-1,0.251462,1.51824,-0.00445693,0,0,0,0,0,0,0,0,0,0,0,traj_sz=0
-1,0.251462,1.51824,-0.00445693,0,0,0,0,0,0,0,0,0,0,0,traj_sz=0
-1,0.251462,1.51824,-0.00445693,0,0,0,0,0,0,0,0,0,0,0,traj_sz=0
-1,0.251462,1.51824,-0.00445693,0,0,0,0,0,0,0,0,0,0,0,traj_sz=0
-1,0.251462,1.51824,-0.00445693,0,0,0,0,0,0,0,0,0,0,0,traj_sz=0
-1,0.251462,1.51824,-0.00445693,0,0,0,0,0,0,0,0,0,0,0,traj_sz=0
-1,0.251462,1.51824,-0.00445693,0,0,0,0,0,0,0,0,0,0,0,traj_sz=0
-1,0.251462,1.51824,-0.00445693,0,0,0,0,0,0,0,0,0,0,0,traj_sz=0
-1,0.251462,1.51824,-0.00445693,0,0,0,0,0,0,0,0,0,0,0,traj_sz=0
-1,0.251462,1.51824,-0.00445693,0,0,0,0,0,0,0,0,0,0,0,traj_sz=0
-1,0.251462,1.51824,-0.00445693,0,0,0,0,0,0,0,0,0,0,0,traj_sz=0
-1,0.251462,1.51824,-0.00445693,0,0,0,0,0,0,0,0,0,0,0,traj_sz=0
-1,0.251462,1.51824,-0.00445693,0,0,0,0,0,0,0,0,0,0,0,traj_sz=0
-1,0.251462,1.51824,-0.00445693,0,0,0,0,0,0,0,0,0,0,0,traj_sz=0
-1,0.251462,1.51824,-0.00445693,0,0,0,0,0,0,0,0,0,0,0,traj_sz=0
-1,0.251462,1.51824,-0.00445693,0,0,0,0,0,0,0,0,0,0,0,traj_sz=0
-1,0.251462,1.51824,-0.00445693,0,0,0,0,0,0,0,0,0,0,0,traj_sz=0
-1,0.251462,1.51824,-0.00445693,0,0,0,0,0,0,0,0,0,0,0,traj_sz=0
-1,0.251462,1.51824,-0.00445693,0,0,0,0,0,0,0,0,0,0,0,traj_sz=0
-1,0.251462,1.51824,-0.00445693,0,0,0,0,0,0,0,0,0,0,0,traj_sz=0
-1,0.251462,1.51824,-0.00445693,0,0,0,0,0,0,0,0,0,0,0,traj_sz=0
-1,0.251462,1.51824,-0.00445693,0,0,0,0,0,0,0,0,0,0,0,traj_sz=0
-1,0.251462,1.51824,-0.00445693,0,0,0,0,0,0,0,0,0,0,0,traj_sz=0
-1,0.251462,1.51824,-0.00445693,0,0,0,0,0,0,0,0,0,0,0,traj_sz=0
-1,0.251462,1.51824,-0.00445693,0,0,0,0,0,0,0,0,0,0,0,traj_sz=0
0.00389433,0.251462,1.51824,-0.00445693,0,0,0,0,0,0,0,0,0,0,0,traj_sz=100
0.00410461,0.251462,1.51824,-0.00445693,0.357094,1.5162,-0.110055,0.139071,4,12,0.10564,0,-0.0033814,2.2527,0,0.00410461
0.0238316,0.251462,1.51824,-0.00445693,0,0,0,0,4,12,0,0,0,0,0,traj_sz=100
0.0239804,0.251462,1.51824,-0.00445693,0.357094,1.5162,-0.110055,0.139071,4,12,0.10564,0,-0.0033814,2.2527,0,0.0239804
0.0439992,0.251462,1.51824,-0.00445693,0,0,0,0,4,12,0,0,0,0,0,traj_sz=100
0.044131,0.251462,1.51824,-0.00445693,0.357094,1.5162,-0.110055,0.139071,4,12,0.10564,0,-0.0033814,2.2527,0,0.044131
0.0638866,0.251462,1.51824,-0.00445693,0,0,0,0,4,12,0,0,0,0,0,traj_sz=100
0.0641155,0.251462,1.51824,-0.00445693,0.357094,1.5162,-0.110055,0.139071,4,12,0.10564,0,-0.0033814,2.2527,0,0.0641155
0.0837958,0.251462,1.51824,-0.00445693,0,0,0,0,4,12,0,0,0,0,0,traj_sz=100
0.0839496,0.251462,1.51824,-0.00445693,0.357094,1.5162,-0.110055,0.139071,4,12,0.10564,0,-0.0033814,2.2527,0,0.0839496
0.103948,0.251462,1.51824,-0.00445693,0,0,0,0,4,12,0,0,0,0,0,traj_sz=100
0.104067,0.251462,1.51824,-0.00445693,0.357094,1.5162,-0.110055,0.139071,4,12,0.10564,0,-0.0033814,2.2527,0,0.104067
0.124093,0.251462,1.51824,-0.00445693,0,0,0,0,4,12,0,0,0,0,0,traj_sz=100
0.124252,0.251462,1.51824,-0.00445693,0.357094,1.5162,-0.110055,0.139071,4,12,0.10564,0,-0.0033814,2.2527,0,0.124252
0.143892,0.251462,1.51824,-0.00445693,0,0,0,0,4,12,0,0,0,0,0,traj_sz=100
0.143989,0.251462,1.51824,-0.00445693,0.357094,1.5162,-0.110055,0.139071,4,12,0.10564,0,-0.0033814,2.2527,0,0.143989
0.163903,0.251462,1.51824,-0.00445693,0,0,0,0,4,12,0,0,0,0,0,traj_sz=100
0.164101,0.251462,1.51824,-0.00445693,0.357094,1.5162,-0.110055,0.139071,4,12,0.10564,0,-0.0033814,2.2527,0,0.164101
0.183935,0.251462,1.51824,-0.00445693,0,0,0,0,4,12,0,0,0,0,0,traj_sz=100
0.184059,0.251462,1.51824,-0.00445693,0.357094,1.5162,-0.110055,0.139071,4,12,0.10564,0,-0.0033814,2.2527,0,0.184059
0.203882,0.251462,1.51824,-0.00445693,0,0,0,0,4,12,0,0,0,0,0,traj_sz=100
0.203974,0.251462,1.51824,-0.00445693,0.357094,1.5162,-0.110055,0.139071,4,12,0.10564,0,-0.0033814,2.2527,0,0.203974
0.223943,0.251462,1.51824,-0.00445693,0,0,0,0,4,12,0,0,0,0,0,traj_sz=100
0.224182,0.251462,1.51824,-0.00445693,0.357094,1.5162,-0.110055,0.139071,4,12,0.10564,0,-0.0033814,2.2527,0,0.224182
0.243881,0.251462,1.51824,-0.00445693,0,0,0,0,4,12,0,0,0,0,0,traj_sz=100
0.244059,0.251462,1.51824,-0.00445693,0.357094,1.5162,-0.110055,0.139071,4,12,0.10564,0,-0.0033814,2.2527,0,0.244059
0.263892,0.251462,1.51824,-0.00445693,0,0,0,0,4,12,0,0,0,0,0,traj_sz=100
0.263999,0.251462,1.51824,-0.00445693,0.357094,1.5162,-0.110055,0.139071,4,12,0.10564,0,-0.0033814,2.2527,0,0.263999
0.283977,0.251462,1.51824,-0.00445693,0,0,0,0,4,12,0,0,0,0,0,traj_sz=100
0.284186,0.251462,1.51824,-0.00445693,0.357094,1.5162,-0.110055,0.139071,4,12,0.10564,0,-0.0033814,2.2527,0,0.284186
0.303934,0.251462,1.51824,-0.00445693,0,0,0,0,4,12,0,0,0,0,0,traj_sz=100
0.304114,0.251462,1.51824,-0.00445693,0.357094,1.5162,-0.110055,0.139071,4,12,0.10564,0,-0.0033814,2.2527,0,0.304114
0.323913,0.251462,1.51824,-0.00445693,0,0,0,0,4,12,0,0,0,0,0,traj_sz=100
0.324142,0.251462,1.51824,-0.00445693,0.357094,1.5162,-0.110055,0.139071,4,12,0.10564,0,-0.0033814,2.2527,0,0.324142
0.344014,0.251462,1.51824,-0.00445693,0,0,0,0,4,12,0,0,0,0,0,traj_sz=100
0.344172,0.251462,1.51824,-0.00445693,0.357094,1.5162,-0.110055,0.139071,4,12,0.10564,0,-0.0033814,2.2527,0,0.344172
0.364017,0.251462,1.51824,-0.00445693,0,0,0,0,4,12,0,0,0,0,0,traj_sz=100
0.364156,0.251462,1.51824,-0.00445693,0.357094,1.5162,-0.110055,0.139071,4,12,0.10564,0,-0.0033814,2.2527,0,0.364156
0.383931,0.251462,1.51824,-0.00445693,0,0,0,0,4,12,0,0,0,0,0,traj_sz=100
0.384146,0.251462,1.51824,-0.00445693,0.357094,1.5162,-0.110055,0.139071,4,12,0.10564,0,-0.0033814,2.2527,0,0.384146
0.403961,0.251462,1.51824,-0.00445693,0,0,0,0,4,12,0,0,0,0,0,traj_sz=100
0.404073,0.251462,1.51824,-0.00445693,0.357094,1.5162,-0.110055,0.139071,4,12,0.10564,0.000114029,-0.0033814,2.2527,0,0.404073
0.424,0.251462,1.51824,-0.00445693,0,0,0,0,4,12,0,0,0,0,0,traj_sz=100
0.424098,0.251462,1.51824,-0.00445693,0.357094,1.5162,-0.110055,0.139071,4,12,0.10564,0.00028385,-0.0033814,2.2527,0,0.424098
0.444028,0.251462,1.51824,-0.00445693,0,0,0,0,4,12,0,0,0,0,0,traj_sz=100
0.444168,0.251462,1.51824,-0.00445693,0.357094,1.5162,-0.110055,0.139071,4,12,0.10564,0.000550047,-0.0033814,2.2527,0,0.444168
0.463963,0.251462,1.51824,-0.00445693,0,0,0,0,4,12,0,0,0,0,0,traj_sz=100
0.464077,0.251462,1.51824,-0.00445693,0.357094,1.5162,-0.110055,0.139071,4,12,0.10564,0.000968244,-0.0033814,2.2527,0,0.464077
0.48389,0.251462,1.51824,-0.00445693,0,0,0,0,4,12,0,0,0,0,0,traj_sz=100
0.484095,0.251462,1.51824,-0.00445693,0.357094,1.5162,-0.110055,0.139071,4,12,0.10564,0.00138824,-0.0033814,2.2527,0,0.484095
0.503987,0.251462,1.51824,-0.00445693,0,0,0,0,4,12,0,0,0,0,0,traj_sz=100
0.504095,0.251462,1.51824,-0.00445693,0.357094,1.5162,-0.110055,0.139071,4,12,0.10564,0.00180872,-0.0033814,2.2527,0,0.504095
0.523953,0.251462,1.51824,-0.00445693,0,0,0,0,4,12,0,0,0,0,0,traj_sz=100
0.524077,0.251462,1.51824,-0.00445693,0.357094,1.5162,-0.110055,0.139071,4,12,0.10564,0.00222806,-0.0033814,2.2527,0,0.524077
0.543963,0.251462,1.51824,-0.00445693,0,0,0,0,4,12,0,0,0,0,0,traj_sz=100
0.544141,0.251462,1.51824,-0.00445693,0.357094,1.5162,-0.110055,0.139071,4,12,0.10564,0.00264951,-0.0033814,2.2527,0,0.544141
0.563847,0.251462,1.51824,-0.00445693,0,0,0,0,4,12,0,0,0,0,0,traj_sz=100
0.56395,0.251462,1.51824,-0.00445693,0.357094,1.5162,-0.110055,0.139071,4,12,0.10564,0.00306575,-0.0033814,2.2527,0,0.56395
0.583836,0.251462,1.51824,-0.00445693,0,0,0,0,4,12,0,0,0,0,0,traj_sz=100
0.583934,0.251462,1.51824,-0.00445693,0.357094,1.5162,-0.110055,0.139071,4,12,0.10564,0.0034855,-0.0033814,2.2527,0,0.583934
0.60388,0.251462,1.51824,-0.00445693,0,0,0,0,4,12,0,0,0,0,0,traj_sz=100
0.603992,0.251462,1.51824,-0.00445693,0.357094,1.5162,-0.110055,0.139071,4,12,0.10564,0.0039067,-0.0033814,2.2527,0,0.603992
0.623917,0.251462,1.51824,-0.00445693,0,0,0,0,4,12,0,0,0,0,0,traj_sz=100
0.624018,0.251462,1.51824,-0.00445693,0.357094,1.5162,-0.110055,0.139071,4,12,0.10564,0.00432745,-0.0033814,2.2527,0,0.624018
0.643926,0.251462,1.51824,-0.00445693,0,0,0,0,4,12,0,0,0,0,0,traj_sz=100
0.644092,0.251462,1.51824,-0.00445693,0.357094,1.5162,-0.110055,0.139071,4,12,0.10564,0.00474866,-0.0033814,2.2527,0,0.644092
0.663899,0.251462,1.51824,-0.00445693,0,0,0,0,4,12,0,0,0,0,0,traj_sz=100
0.664022,0.251462,1.51824,-0.00445693,0.357094,1.5162,-0.110055,0.139071,4,12,0.10564,0.0053164,-0.0033814,2.2527,0,0.664022
0.68383,0.251462,1.51824,-0.00445693,0,0,0,0,4,12,0,0,0,0,0,traj_sz=100
0.68398,0.251462,1.51824,-0.00445693,0.357094,1.5162,-0.110055,0.139071,4,12,0.10564,0.00605525,-0.0033814,2.2527,0,0.68398
0.70388,0.251462,1.51824,-0.00445693,0,0,0,0,4,12,0,0,0,0,0,traj_sz=100
0.704059,0.251462,1.51824,-0.00445693,0.357094,1.5162,-0.110055,0.139071,4,12,0.10564,0.00679878,-0.0033814,2.2527,0,0.704059
0.723939,0.251462,1.51824,-0.00445693,0,0,0,0,4,12,0,0,0,0,0,traj_sz=100
0.724056,0.251462,1.51824,-0.00445693,0.357094,1.5162,-0.110055,0.139071,4,12,0.10564,0.00753976,-0.0033814,2.2527,0,0.724056
0.743931,0.251462,1.51824,-0.00445693,0,0,0,0,4,12,0,0,0,0,0,traj_sz=100
0.744031,0.251462,1.51824,-0.00445693,0.357094,1.5162,-0.110055,0.139071,4,12,0.10564,0.00827985,-0.0033814,2.2527,0,0.744031
0.76392,0.251462,1.51824,-0.00445693,0,0,0,0,4,12,0,0,0,0,0,traj_sz=100
0.764097,0.251462,1.51824,-0.00445693,0.357094,1.5162,-0.110055,0.139071,4,12,0.10564,0.0090226,-0.0033814,2.2527,0,0.764097
0.783946,0.251462,1.51824,-0.00445693,0,0,0,0,4,12,0,0,0,0,0,traj_sz=100
0.784126,0.251462,1.51824,-0.00445693,0.357094,1.5162,-0.110055,0.139071,4,12,0.10564,0.00976419,-0.0033814,2.2527,0,0.784126
0.803953,0.251462,1.51824,-0.00445693,0,0,0,0,4,12,0,0,0,0,0,traj_sz=100
0.804042,0.251462,1.51824,-0.00445693,0.357094,1.5162,-0.110055,0.139071,4,12,0.10564,0.0105026,-0.0033814,2.2527,0,0.804042
0.823921,0.251462,1.51824,-0.00445693,0,0,0,0,4,12,0,0,0,0,0,traj_sz=100
0.824022,0.251462,1.51824,-0.00445693,0.357094,1.5162,-0.110055,0.139071,4,12,0.10564,0.0112425,-0.0033814,2.2527,0,0.824022
0.843837,0.251462,1.51824,-0.00445693,0,0,0,0,4,12,0,0,0,0,0,traj_sz=100
0.843951,0.251462,1.51824,-0.00445693,0.357094,1.5162,-0.110055,0.139071,4,12,0.10564,0.0119804,-0.0033814,2.2527,0,0.843951
0.863956,0.251462,1.51824,-0.00445693,0,0,0,0,4,12,0,0,0,0,0,traj_sz=100
0.864188,0.251462,1.51824,-0.00445693,0.357094,1.5162,-0.110055,0.139071,4,12,0.10564,0.0127292,-0.0033814,2.2527,0,0.864188
0.883894,0.251462,1.51824,-0.00445693,0,0,0,0,4,12,0,0,0,0,0,traj_sz=100
0.884017,0.251462,1.51824,-0.00445693,0.357094,1.5162,-0.110055,0.139071,4,12,0.10564,0.0136711,-0.0033814,2.2527,0,0.884017
0.903884,0.251462,1.51824,-0.00445693,0,0,0,0,4,12,0,0,0,0,0,traj_sz=100
0.904066,0.251462,1.51824,-0.00445693,0.357094,1.5162,-0.110055,0.139071,4,12,0.10564,0.0147886,-0.0033814,2.2527,0,0.904066
0.9238,0.251462,1.51824,-0.00445693,0,0,0,0,4,12,0,0,0,0,0,traj_sz=100
0.923894,0.251462,1.51824,-0.00445693,0.357094,1.5162,-0.110055,0.139071,4,12,0.10564,0.015895,-0.0033814,2.2527,0,0.923894
0.944062,0.251462,1.51824,-0.00445693,0,0,0,0,4,12,0,0,0,0,0,traj_sz=100
0.944174,0.251462,1.51824,-0.00445693,0.357094,1.5162,-0.110055,0.139071,4,12,0.10564,0.0170259,-0.0033814,2.2527,0,0.944174
0.96393,0.251462,1.51824,-0.00445693,0,0,0,0,4,12,0,0,0,0,0,traj_sz=100
0.964128,0.251462,1.51824,-0.00445693,0.357094,1.5162,-0.110055,0.139071,4,12,0.10564,0.0181378,-0.0033814,2.2527,0,0.964128
0.983925,0.251462,1.51824,-0.00445693,0,0,0,0,4,12,0,0,0,0,0,traj_sz=100
0.984082,0.251462,1.51824,-0.00445693,0.357094,1.5162,-0.110055,0.139071,4,12,0.10564,0.0192518,-0.0033814,2.2527,0,0.984082
1.00394,0.251462,1.51824,-0.00445693,0,0,0,0,4,12,0,0,0,0,0,traj_sz=100
1.00404,0.251462,1.51824,-0.00445693,0.357094,1.5162,-0.110055,0.139071,4,12,0.10564,0.0203646,-0.0033814,2.2527,0,1.00404
1.0239,0.251462,1.51824,-0.00445693,0,0,0,0,4,12,0,0,0,0,0,traj_sz=100
1.02412,0.251462,1.51824,-0.00445693,0.357094,1.5162,-0.110055,0.139071,4,12,0.10564,0.0214832,-0.0033814,2.2527,0,1.02412
1.04394,0.251462,1.51824,-0.00445693,0,0,0,0,4,12,0,0,0,0,0,traj_sz=100
1.04404,0.251462,1.51824,-0.00445693,0.357094,1.5162,-0.110055,0.139071,4,12,0.10564,0.0225952,-0.0033814,2.2527,0,1.04404
1.06399,0.251462,1.51824,-0.00445693,0,0,0,0,4,12,0,0,0,0,0,traj_sz=100
1.06409,0.251462,1.51824,-0.00445693,0.357094,1.5162,-0.110055,0.139071,4,12,0.10564,0.023714,-0.0033814,2.2527,0,1.06409
1.08401,0.251462,1.51824,-0.00445693,0,0,0,0,4,12,0,0,0,0,0,traj_sz=100
1.08413,0.251462,1.51824,-0.00445693,0.357094,1.5162,-0.110055,0.139071,4,12,0.10564,0.0248308,-0.0033814,2.2527,0,1.08413
1.10408,0.251462,1.51824,-0.00445693,0,0,0,0,4,12,0,0,0,0,0,traj_sz=100
1.10418,0.251462,1.51824,-0.00445693,0.357094,1.5162,-0.110055,0.139071,4,12,0.10564,0.0262173,-0.0033814,2.2527,0,1.10418
1.12394,0.251462,1.51824,-0.00445693,0,0,0,0,4,12,0,0,0,0,0,traj_sz=100
1.12404,0.251462,1.51824,-0.00445693,0.357094,1.5162,-0.110055,0.139071,4,12,0.10564,0.0277355,-0.0033814,2.2527,0,1.12404
1.14384,0.251462,1.51824,-0.00445693,0,0,0,0,4,12,0,0,0,0,0,traj_sz=100
1.14393,0.251462,1.51824,-0.00445693,0.357094,1.5162,-0.110055,0.139071,4,12,0.10564,0.029256,-0.0033814,2.2527,0,1.14393
1.16391,0.251462,1.51824,-0.00445693,0,0,0,0,4,12,0,0,0,0,0,traj_sz=100
1.16401,0.251462,1.51824,-0.00445693,0.357094,1.5162,-0.110055,0.139071,4,12,0.10564,0.0307912,-0.0033814,2.2527,0,1.16401
1.18398,0.251462,1.51824,-0.00445693,0,0,0,0,4,12,0,0,0,0,0,traj_sz=100
1.18413,0.251462,1.51824,-0.00445693,0.357094,1.5162,-0.110055,0.139071,4,12,0.10564,0.0323284,-0.0033814,2.2527,0,1.18413
1.20384,0.251462,1.51824,-0.00445693,0,0,0,0,4,12,0,0,0,0,0,traj_sz=100
1.20402,0.251462,1.51824,-0.00445693,0.357094,1.5162,-0.110055,0.139071,4,12,0.10564,0.0338449,-0.0033814,2.2527,0,1.20402
1.22394,0.251575,1.51822,-0.00416374,0,0,0,0,4,12,0,0,0,0,0,traj_sz=100
1.22402,0.251575,1.51822,-0.00416374,0.357094,1.5162,-0.110055,0.139071,4,12,0.105527,0.0352652,-0.00361294,2.25259,0,1.22402
1.24397,0.25169,1.51821,-0.0040681,0,0,0,0,4,12,0,0,0,0,0,traj_sz=100
1.24412,0.25169,1.51821,-0.0040681,0.357094,1.5162,-0.110055,0.139071,4,12,0.105411,0.0366836,-0.00368847,2.25247,0,1.24412
1.26399,0.252393,1.51821,-0.00401881,0,0,0,0,4,12,0,0,0,0,0,traj_sz=100
1.26418,0.252393,1.51821,-0.00401881,0.357094,1.5162,-0.110055,0.139071,4,12,0.104708,0.0375147,-0.00372856,2.25177,0,1.26418
1.2839,0.252542,1.51805,-0.00159369,0,0,0,0,4,12,0,0,0,0,0,traj_sz=100
1.28411,0.252542,1.51805,-0.00159369,0.357094,1.5162,-0.110055,0.139071,4,12,0.104555,0.0388892,-0.00561691,2.25161,0,1.28411
1.30396,0.254051,1.51812,-0.00270614,0,0,0,0,4,12,0,0,0,0,0,traj_sz=100
1.30406,0.254051,1.51812,-0.00270614,0.357094,1.5162,-0.110055,0.139071,5,12,0.103048,0.0389069,-0.0255663,2.25011,0,1.30406
1.32394,0.254415,1.51831,-0.00549429,0,0,0,0,5,12,0,0,0,0,0,traj_sz=100
1.32403,0.254415,1.51831,-0.00549429,0.357094,1.5162,-0.110055,0.139071,5,12,0.102689,0.040393,-0.023399,2.24976,0,1.32403
1.34406,0.254856,1.51805,-0.00165551,0,0,0,0,5,12,0,0,0,0,0,traj_sz=100
1.34428,0.254856,1.51805,-0.00165551,0.357094,1.5162,-0.110055,0.139071,5,12,0.102241,0.0419443,-0.0263975,2.2493,0,1.34428
1.36392,0.255585,1.51813,-0.00276338,0,0,0,0,5,12,0,0,0,0,0,traj_sz=100
1.36404,0.255585,1.51813,-0.00276338,0.357094,1.5162,-0.110055,0.139071,5,12,0.101514,0.0431663,-0.0255432,2.24858,0,1.36404
1.38405,0.256133,1.51831,-0.00548784,0,0,0,0,5,12,0,0,0,0,0,traj_sz=100
1.38421,0.256133,1.51831,-0.00548784,0.357094,1.5162,-0.110055,0.139071,5,12,0.100971,0.0446068,-0.0234332,2.24805,0,1.38421
1.40392,0.257631,1.51832,-0.0051315,0,0,0,0,5,12,0,0,0,0,0,traj_sz=100
1.40406,0.257631,1.51832,-0.0051315,0.357094,1.5162,-0.110055,0.139071,6,12,0.0994726,0.045064,-0.0488899,2.24655,0,1.40406
1.4239,0.257921,1.51813,-0.00242265,0,0,0,0,6,12,0,0,0,0,0,traj_sz=100
1.42419,0.257921,1.51813,-0.00242265,0.357094,1.5162,-0.110055,0.139071,6,12,0.0991777,0.0467405,-0.0510169,2.24625,0,1.42419
1.4439,0.258538,1.5182,-0.00351367,0,0,0,0,6,12,0,0,0,0,0,traj_sz=100
1.44403,0.258538,1.5182,-0.00351367,0.357094,1.5162,-0.110055,0.139071,6,12,0.0985622,0.0480971,-0.0501927,2.24564,0,1.44403
1.46393,0.259365,1.51814,-0.00249961,0,0,0,0,6,12,0,0,0,0,0,traj_sz=100
1.46406,0.259365,1.51814,-0.00249961,0.357094,1.5162,-0.110055,0.139071,6,12,0.0977331,0.0492435,-0.0510274,2.24481,0,1.46406
1.48386,0.259616,1.51835,-0.00568133,0,0,0,0,6,12,0,0,0,0,0,traj_sz=100
1.48397,0.259616,1.51835,-0.00568133,0.357094,1.5162,-0.110055,0.139071,6,12,0.097489,0.0509574,-0.0485589,2.24458,0,1.48397
1.50394,0.261393,1.51843,-0.00512504,0,0,0,0,6,12,0,0,0,0,0,traj_sz=100
1.50412,0.261393,1.51843,-0.00512504,0.357094,1.5162,-0.110055,0.139071,6,12,0.0957109,0.0511658,-0.0508425,2.24281,0,1.50412
1.52398,0.262025,1.51821,-0.0018833,0,0,0,0,6,12,0,0,0,0,0,traj_sz=100
1.52406,0.262025,1.51821,-0.0018833,0.357094,1.5162,-0.110055,0.139071,6,12,0.0950728,0.0524999,-0.0534033,2.24216,0,1.52406
1.54396,0.262309,1.51837,-0.0042744,0,0,0,0,6,12,0,0,0,0,0,traj_sz=100
1.54406,0.262309,1.51837,-0.0042744,0.357094,1.5162,-0.110055,0.139071,6,12,0.094793,0.0545644,-0.0515467,2.24189,0,1.54406
1.56393,0.263353,1.51829,-0.00304168,0,0,0,0,6,12,0,0,0,0,0,traj_sz=100
1.56434,0.263353,1.51829,-0.00304168,0.357094,1.5162,-0.110055,0.139071,7,12,0.0937472,0.0559848,-0.0820182,2.24085,0,1.56434
1.58401,0.26388,1.51821,-0.0018875,0,0,0,0,7,12,0,0,0,0,0,traj_sz=100
1.58412,0.26388,1.51821,-0.0018875,0.357094,1.5162,-0.110055,0.139071,7,12,0.0932176,0.0578612,-0.0829866,2.24031,0,1.58412
1.60392,0.266488,1.51797,0.000792473,0,0,0,0,7,12,0,0,0,0,0,traj_sz=100
1.60415,0.266488,1.51797,0.000792473,0.357094,1.5162,-0.110055,0.139071,7,12,0.0906043,0.0576837,-0.0844678,2.2377,0,1.60415
1.62389,0.266731,1.51809,-0.00091534,0,0,0,0,7,12,0,0,0,0,0,traj_sz=100
1.624,0.266731,1.51809,-0.00091534,0.357094,1.5162,-0.110055,0.139071,7,12,0.0903642,0.0598582,-0.0831667,2.23746,0,1.624
1.64387,0.267476,1.51803,-9.19372e-05,0,0,0,0,7,12,0,0,0,0,0,traj_sz=100
1.64397,0.267476,1.51803,-9.19372e-05,0.357094,1.5162,-0.110055,0.139071,7,12,0.0896183,0.0615413,-0.0838943,2.23672,0,1.64397
1.66395,0.268651,1.51812,-0.00139135,0,0,0,0,7,12,0,0,0,0,0,traj_sz=100
1.66408,0.268651,1.51812,-0.00139135,0.357094,1.5162,-0.110055,0.139071,7,12,0.0884452,0.0628121,-0.0830221,2.23555,0,1.66408
1.68396,0.270038,1.51801,0.000369036,0,0,0,0,7,12,0,0,0,0,0,traj_sz=100
1.68404,0.270038,1.51801,0.000369036,0.357094,1.5162,-0.110055,0.139071,7,12,0.0870552,0.063851,-0.0846938,2.23416,0,1.68404
1.70396,0.271941,1.51835,-0.003011,0,0,0,0,7,12,0,0,0,0,0,traj_sz=100
1.70407,0.271941,1.51835,-0.003011,0.357094,1.5162,-0.110055,0.139071,7,12,0.0851592,0.0643883,-0.0838938,2.23229,0,1.70407
1.72404,0.272617,1.51834,-0.00296814,0,0,0,0,7,12,0,0,0,0,0,traj_sz=100
1.72422,0.272617,1.51834,-0.00296814,0.357094,1.5162,-0.110055,0.139071,8,12,0.0844829,0.0661578,-0.119405,2.23161,0,1.72422
1.74406,0.273401,1.51829,-0.00213466,0,0,0,0,8,12,0,0,0,0,0,traj_sz=100
1.74447,0.273401,1.51829,-0.00213466,0.357094,1.5162,-0.110055,0.139071,8,12,0.0836969,0.0678362,-0.120237,2.23083,0,1.74447
1.76402,0.274855,1.51835,-0.00305402,0,0,0,0,8,12,0,0,0,0,0,traj_sz=100
1.7642,0.274855,1.51835,-0.00305402,0.357094,1.5162,-0.110055,0.139071,8,12,0.0822447,0.0692029,-0.11986,2.22938,0,1.7642
1.78387,0.275524,1.51836,-0.00316211,0,0,0,0,8,12,0,0,0,0,0,traj_sz=100
1.78397,0.275524,1.51836,-0.00316211,0.357094,1.5162,-0.110055,0.139071,8,12,0.0815765,0.0713968,-0.119932,2.22871,0,1.78397
1.80391,0.278638,1.5187,-0.0070245,0,0,0,0,8,12,0,0,0,0,0,traj_sz=100
1.80408,0.278638,1.5187,-0.0070245,0.387261,1.51287,-0.156707,0.157752,8,13,0.108661,0.0712022,-0.118849,2.22563,0,1.80408
1.82404,0.279384,1.51859,-0.00549676,0,0,0,0,8,13,0,0,0,0,0,traj_sz=100
1.82422,0.279384,1.51859,-0.00549676,0.387261,1.51287,-0.156707,0.157752,8,13,0.107907,0.0733713,-0.120212,2.22488,0,1.82422
1.84395,0.280127,1.51871,-0.00722168,0,0,0,0,8,13,0,0,0,0,0,traj_sz=100
1.84404,0.280127,1.51871,-0.00722168,0.387261,1.51287,-0.156707,0.157752,8,13,0.107173,0.0755036,-0.119042,2.22415,0,1.84404
1.86388,0.281696,1.5187,-0.00709932,0,0,0,0,8,13,0,0,0,0,0,traj_sz=100
1.86401,0.281696,1.5187,-0.00709932,0.387261,1.51287,-0.156707,0.157752,8,13,0.105604,0.0768253,-0.119505,2.22259,0,1.86401
1.88393,0.282545,1.51873,-0.00742068,0,0,0,0,8,13,0,0,0,0,0,traj_sz=100
1.88407,0.282545,1.51873,-0.00742068,0.387261,1.51287,-0.156707,0.157752,8,13,0.104756,0.0788795,-0.119455,2.22174,0,1.88407
1.90393,0.286049,1.51873,-0.00752677,0,0,0,0,8,13,0,0,0,0,0,traj_sz=100
1.90404,0.286049,1.51873,-0.00752677,0.387261,1.51287,-0.156707,0.157752,9,13,0.101253,0.0782702,-0.163755,2.21825,0,1.90404
1.92385,0.286875,1.51871,-0.00720162,0,0,0,0,9,13,0,0,0,0,0,traj_sz=100
1.92394,0.286875,1.51871,-0.00720162,0.387261,1.51287,-0.156707,0.157752,9,13,0.100425,0.0803264,-0.164359,2.21742,0,1.92394
1.94386,0.287778,1.51871,-0.00712597,0,0,0,0,9,13,0,0,0,0,0,traj_sz=100
1.94395,0.287778,1.51871,-0.00712597,0.387261,1.51287,-0.156707,0.157752,9,13,0.0995217,0.0823202,-0.164802,2.21652,0,1.94395
1.96409,0.2894,1.51878,-0.00820688,0,0,0,0,9,13,0,0,0,0,0,traj_sz=100
1.96421,0.2894,1.51878,-0.00820688,0.387261,1.51287,-0.156707,0.157752,9,13,0.0979064,0.0836344,-0.164648,2.21491,0,1.96421
1.98398,0.290178,1.51875,-0.00783538,0,0,0,0,9,13,0,0,0,0,0,traj_sz=100
1.98416,0.290178,1.51875,-0.00783538,0.387261,1.51287,-0.156707,0.157752,9,13,0.0971265,0.0861951,-0.16527,2.21413,0,1.98416
2.00389,0.293805,1.51879,-0.00999674,0,0,0,0,9,13,0,0,0,0,0,traj_sz=100
2.00396,0.293805,1.51879,-0.00999674,0.387261,1.51287,-0.156707,0.157752,9,13,0.0935109,0.0858874,-0.163472,2.21052,0,2.00396
2.02388,0.294755,1.51875,-0.0108584,0,0,0,0,9,13,0,0,0,0,0,traj_sz=100
2.02395,0.294755,1.51875,-0.0108584,0.387261,1.51287,-0.156707,0.157752,9,13,0.0925639,0.0882861,-0.161648,2.20957,0,2.02395
2.04405,0.295671,1.51877,-0.0112489,0,0,0,0,9,13,0,0,0,0,0,traj_sz=100
2.04419,0.295671,1.51877,-0.0112489,0.387261,1.51287,-0.156707,0.157752,9,13,0.0916506,0.0907591,-0.161733,2.20866,0,2.04419
2.06382,0.297519,1.51887,-0.0141867,0,0,0,0,9,13,0,0,0,0,0,traj_sz=100
2.06393,0.297519,1.51887,-0.0141867,0.387261,1.51287,-0.156707,0.157752,9,13,0.089818,0.0922218,-0.158725,2.20682,0,2.06393
2.08394,0.298584,1.5189,-0.0146691,0,0,0,0,9,13,0,0,0,0,0,traj_sz=100
2.08403,0.298584,1.5189,-0.0146691,0.387261,1.51287,-0.156707,0.157752,9,13,0.0887556,0.0945265,-0.158801,2.20576,0,2.08403
2.1039,0.302292,1.51872,-0.0152525,0,0,0,0,9,13,0,0,0,0,0,traj_sz=100
2.104,0.302292,1.51872,-0.0152525,0.387261,1.51287,-0.156707,0.157752,10,13,0.0850481,0.0941572,-0.210762,2.20205,0,2.104
2.12393,0.304313,1.51876,-0.0190675,0,0,0,0,10,13,0,0,0,0,0,traj_sz=100
2.12406,0.304313,1.51876,-0.0190675,0.387261,1.51287,-0.156707,0.157752,10,13,0.0830449,0.0954996,-0.205891,2.20004,0,2.12406
2.14401,0.304313,1.51876,-0.0190675,0,0,0,0,10,13,0,0,0,0,0,traj_sz=100
2.14437,0.304313,1.51876,-0.0190675,0.387261,1.51287,-0.156707,0.157752,10,13,0.0830449,0.098894,-0.205891,2.20004,0,2.14437
2.16398,0.306286,1.51885,-0.0219005,0,0,0,0,10,13,0,0,0,0,0,traj_sz=100
2.16415,0.306286,1.51885,-0.0219005,0.387261,1.51287,-0.156707,0.157752,10,13,0.0810864,0.100245,-0.203504,2.19808,0,2.16415
2.184,0.307355,1.51887,-0.0222493,0,0,0,0,10,13,0,0,0,0,0,traj_sz=100
2.18408,0.307355,1.51887,-0.0222493,0.387261,1.51287,-0.156707,0.157752,10,13,0.0800199,0.102556,-0.203989,2.19702,0,2.18408
2.20393,0.311589,1.5188,-0.0250602,0,0,0,0,10,13,0,0,0,0,0,traj_sz=100
2.20406,0.311589,1.5188,-0.0250602,0.387261,1.51287,-0.156707,0.157752,10,13,0.0757973,0.102096,-0.200886,2.19279,0,2.20406
2.22398,0.312483,1.51882,-0.0252529,0,0,0,0,10,13,0,0,0,0,0,traj_sz=100
2.22413,0.312483,1.51882,-0.0252529,0.387261,1.51287,-0.156707,0.157752,10,13,0.0749042,0.104991,-0.201371,2.1919,0,2.22413
2.24386,0.313579,1.51875,-0.0279215,0,0,0,0,10,13,0,0,0,0,0,traj_sz=100
2.24395,0.313579,1.51875,-0.0279215,0.387261,1.51287,-0.156707,0.157752,10,13,0.0738178,0.107638,-0.19632,2.1908,0,2.24395
2.26397,0.315774,1.51877,-0.0295986,0,0,0,0,10,13,0,0,0,0,0,traj_sz=100
2.26408,0.315774,1.51877,-0.0295986,0.387261,1.51287,-0.156707,0.157752,10,13,0.0716298,0.109248,-0.195138,2.18861,0,2.26408
2.28398,0.316981,1.51876,-0.029467,0,0,0,0,10,13,0,0,0,0,0,traj_sz=100
2.28412,0.316981,1.51876,-0.029467,0.387261,1.51287,-0.156707,0.157752,10,13,0.0704233,0.111827,-0.196096,2.18741,0,2.28412
2.30387,0.321469,1.51884,-0.0365033,0,0,0,0,10,13,0,0,0,0,0,traj_sz=100
2.3042,0.321469,1.51884,-0.0365033,0.387261,1.51287,-0.156707,0.157752,11,13,0.065966,0.111132,-0.253967,2.18294,0,2.3042
2.32389,0.322579,1.51872,-0.038324,0,0,0,0,11,13,0,0,0,0,0,traj_sz=100
2.32395,0.322579,1.51872,-0.038324,0.387261,1.51287,-0.156707,0.157752,11,13,0.0648587,0.113764,-0.250039,2.18183,0,2.32395
2.34401,0.323715,1.51877,-0.0390795,0,0,0,0,11,13,0,0,0,0,0,traj_sz=100
2.34411,0.323715,1.51877,-0.0390795,0.387261,1.51287,-0.156707,0.157752,11,13,0.0637276,0.116441,-0.250709,2.1807,0,2.34411
2.36393,0.326041,1.51879,-0.0448858,0,0,0,0,11,13,0,0,0,0,0,traj_sz=100
2.36407,0.326041,1.51879,-0.0448858,0.387261,1.51287,-0.156707,0.157752,11,13,0.061424,0.117893,-0.243108,2.17838,0,2.36407
2.38393,0.327262,1.51878,-0.0448272,0,0,0,0,11,13,0,0,0,0,0,traj_sz=100
2.3841,0.327262,1.51878,-0.0448272,0.387261,1.51287,-0.156707,0.157752,11,13,0.0602032,0.120449,-0.244505,2.17716,0,2.3841
2.40384,0.332264,1.5184,-0.0497678,0,0,0,0,11,13,0,0,0,0,0,traj_sz=100
2.404,0.332264,1.5184,-0.0497678,0.421266,1.5075,-0.215016,0.175229,11,14,0.0894341,0.119261,-0.235484,2.17214,0,2.404
2.42383,0.333374,1.51843,-0.0502315,0,0,0,0,11,14,0,0,0,0,0,traj_sz=100
2.42392,0.333374,1.51843,-0.0502315,0.421266,1.5075,-0.215016,0.175229,11,14,0.08833,0.12231,-0.236356,2.17104,0,2.42392
2.4439,0.334688,1.51843,-0.0533654,0,0,0,0,11,14,0,0,0,0,0,traj_sz=100
2.44401,0.334688,1.51843,-0.0533654,0.421266,1.5075,-0.215016,0.175229,11,14,0.0870373,0.125183,-0.23212,2.16973,0,2.44401
2.46387,0.337324,1.51836,-0.0577245,0,0,0,0,11,14,0,0,0,0,0,traj_sz=100
2.46402,0.337324,1.51836,-0.0577245,0.421266,1.5075,-0.215016,0.175229,11,14,0.084429,0.126714,-0.226179,2.1671,0,2.46402
2.48387,0.338569,1.51827,-0.0583512,0,0,0,0,11,14,0,0,0,0,0,traj_sz=100
2.48396,0.338569,1.51827,-0.0583512,0.421266,1.5075,-0.215016,0.175229,11,14,0.083184,0.129623,-0.22506,2.16585,0,2.48396
2.50388,0.343932,1.51811,-0.0668582,0,0,0,0,11,14,0,0,0,0,0,traj_sz=100
2.50396,0.343932,1.51811,-0.0668582,0.421266,1.5075,-0.215016,0.175229,11,14,0.0778702,0.128432,-0.213347,2.16049,0,2.50396
2.52391,0.346524,1.51813,-0.0721762,0,0,0,0,11,14,0,0,0,0,0,traj_sz=100
2.52407,0.346524,1.51813,-0.0721762,0.421266,1.5075,-0.215016,0.175229,12,14,0.0753137,0.130034,-0.287917,2.15791,0,2.52407
2.54386,0.346524,1.51813,-0.0721762,0,0,0,0,12,14,0,0,0,0,0,traj_sz=100
2.54399,0.346524,1.51813,-0.0721762,0.421266,1.5075,-0.215016,0.175229,12,14,0.0753137,0.13419,-0.287917,2.15791,0,2.54399
2.56383,0.349307,1.51756,-0.073191,0,0,0,0,12,14,0,0,0,0,0,traj_sz=100
2.56394,0.349307,1.51756,-0.073191,0.421266,1.5075,-0.215016,0.175229,12,14,0.0725021,0.13552,-0.282208,2.15509,0,2.56394
2.58386,0.35198,1.51755,-0.0790169,0,0,0,0,12,14,0,0,0,0,0,traj_sz=100
2.58393,0.35198,1.51755,-0.0790169,0.421266,1.5075,-0.215016,0.175229,12,14,0.0698632,0.137021,-0.276033,2.15242,0,2.58393
2.60384,0.35617,1.51746,-0.0891265,0,0,0,0,12,14,0,0,0,0,0,traj_sz=100
2.60391,0.35617,1.51746,-0.0891265,0.458627,1.49934,-0.285336,0.190962,12,15,0.103663,0.137009,-0.263304,2.14824,0,2.60391
2.62391,0.357438,1.51739,-0.0897652,0,0,0,0,12,15,0,0,0,0,0,traj_sz=100
2.62405,0.357438,1.51739,-0.0897652,0.458627,1.49934,-0.285336,0.190962,12,15,0.1024,0.140021,-0.263298,2.14697,0,2.62405
2.64392,0.358808,1.51719,-0.0926462,0,0,0,0,12,15,0,0,0,0,0,traj_sz=100
2.64413,0.358808,1.51719,-0.0926462,0.458627,1.49934,-0.285336,0.190962,12,15,0.101042,0.143153,-0.257303,2.14559,0,2.64413
2.6639,0.361761,1.51664,-0.0940369,0,0,0,0,12,15,0,0,0,0,0,traj_sz=100
2.66401,0.361761,1.51664,-0.0940369,0.458627,1.49934,-0.285336,0.190962,12,15,0.0980622,0.144627,-0.251463,2.1426,0,2.66401
2.68381,0.364528,1.51651,-0.0989128,0,0,0,0,12,15,0,0,0,0,0,traj_sz=100
2.68395,0.364528,1.51651,-0.0989128,0.458627,1.49934,-0.285336,0.190962,12,15,0.095334,0.146349,-0.245313,2.13983,0,2.68395
2.70385,0.369194,1.51612,-0.106279,0,0,0,0,12,15,0,0,0,0,0,traj_sz=100
2.70395,0.369194,1.51612,-0.106279,0.458627,1.49934,-0.285336,0.190962,12,15,0.0907085,0.146171,-0.23394,2.13515,0,2.70395
2.72383,0.37076,1.51585,-0.108801,0,0,0,0,12,15,0,0,0,0,0,traj_sz=100
2.72399,0.37076,1.51585,-0.108801,0.458627,1.49934,-0.285336,0.190962,12,15,0.08914,0.149084,-0.228011,2.13357,0,2.72399
2.74391,0.372348,1.51603,-0.114456,0,0,0,0,12,15,0,0,0,0,0,traj_sz=100
2.74399,0.372348,1.51603,-0.114456,0.458627,1.49934,-0.285336,0.190962,13,15,0.0876207,0.152038,-0.318081,2.132,0,2.74399
2.7639,0.375454,1.51556,-0.116142,0,0,0,0,13,15,0,0,0,0,0,traj_sz=100
2.76403,0.375454,1.51556,-0.116142,0.458627,1.49934,-0.285336,0.190962,13,15,0.0844928,0.153402,-0.315341,2.12886,0,2.76403
2.78381,0.378693,1.51533,-0.121158,0,0,0,0,13,15,0,0,0,0,0,traj_sz=100
2.78397,0.378693,1.51533,-0.121158,0.458627,1.49934,-0.285336,0.190962,13,15,0.0812802,0.154642,-0.310405,2.12562,0,2.78397
2.804,0.383549,1.51471,-0.131449,0,0,0,0,13,15,0,0,0,0,0,traj_sz=100
2.80411,0.383549,1.51471,-0.131449,0.498617,1.48761,-0.367186,0.204503,13,16,0.117628,0.154284,-0.294161,2.12073,0,2.80411
2.82411,0.38518,1.51424,-0.128079,0,0,0,0,13,16,0,0,0,0,0,traj_sz=100
2.82426,0.38518,1.51424,-0.128079,0.498617,1.48761,-0.367186,0.204503,13,16,0.11591,0.157132,-0.297077,2.11907,0,2.82426
2.84403,0.386768,1.51416,-0.132574,0,0,0,0,13,16,0,0,0,0,0,traj_sz=100
2.84421,0.386768,1.51416,-0.132574,0.498617,1.48761,-0.367186,0.204503,13,16,0.114377,0.160125,-0.291478,2.11748,0,2.84421
2.86391,0.389892,1.51398,-0.138211,0,0,0,0,13,16,0,0,0,0,0,traj_sz=100
2.86403,0.389892,1.51398,-0.138211,0.498617,1.48761,-0.367186,0.204503,13,16,0.111321,0.161735,-0.285934,2.11435,0,2.86403
2.88393,0.391574,1.51357,-0.138618,0,0,0,0,13,16,0,0,0,0,0,traj_sz=100
2.88413,0.391574,1.51357,-0.138618,0.498617,1.48761,-0.367186,0.204503,13,16,0.109603,0.164793,-0.283038,2.11264,0,2.88413
2.90389,0.398324,1.51267,-0.151331,0,0,0,0,13,16,0,0,0,0,0,traj_sz=100
2.90398,0.398324,1.51267,-0.151331,0.498617,1.48761,-0.367186,0.204503,13,16,0.102924,0.16272,-0.262651,2.10584,0,2.90398
2.92395,0.400072,1.5126,-0.156383,0,0,0,0,13,16,0,0,0,0,0,traj_sz=100
2.92407,0.400072,1.5126,-0.156383,0.498617,1.48761,-0.367186,0.204503,13,16,0.101234,0.165773,-0.256588,2.10409,0,2.92407
2.94397,0.401888,1.51212,-0.153598,0,0,0,0,13,16,0,0,0,0,0,traj_sz=100
2.94416,0.401888,1.51212,-0.153598,0.498617,1.48761,-0.367186,0.204503,13,16,0.0993405,0.168685,-0.258783,2.10224,0,2.94416
2.96401,0.40547,1.51187,-0.164872,0,0,0,0,13,16,0,0,0,0,0,traj_sz=100
2.9641,0.40547,1.51187,-0.164872,0.498617,1.48761,-0.367186,0.204503,14,16,0.095866,0.169873,-0.3491,2.09865,0,2.9641
2.98388,0.407397,1.51156,-0.166462,0,0,0,0,14,16,0,0,0,0,0,traj_sz=100
2.98401,0.407397,1.51156,-0.166462,0.498617,1.48761,-0.367186,0.204503,14,16,0.0939273,0.172661,-0.3491,2.09671,0,2.98401
3.0039,0.414611,1.51065,-0.183288,0,0,0,0,14,16,0,0,0,0,0,traj_sz=100
3.00402,0.414611,1.51065,-0.183288,0.540272,1.47159,-0.459164,0.215491,14,17,0.130675,0.170175,-0.332435,2.08944,0,3.00402
3.02395,0.416319,1.51009,-0.185025,0,0,0,0,14,17,0,0,0,0,0,traj_sz=100
3.02404,0.416319,1.51009,-0.185025,0.540272,1.47159,-0.459164,0.215491,14,17,0.128921,0.173161,-0.326674,2.0877,0,3.02404
3.04396,0.418092,1.51019,-0.190269,0,0,0,0,14,17,0,0,0,0,0,traj_sz=100
3.04418,0.418092,1.51019,-0.190269,0.540272,1.47159,-0.459164,0.215491,14,17,0.127275,0.176235,-0.324321,2.08594,0,3.04418
3.06394,0.421347,1.50943,-0.191532,0,0,0,0,14,17,0,0,0,0,0,traj_sz=100
3.0641,0.421347,1.50943,-0.191532,0.540272,1.47159,-0.459164,0.215491,14,17,0.123954,0.177725,-0.321349,2.08264,0,3.0641
3.08388,0.422767,1.50927,-0.196516,0,0,0,0,14,17,0,0,0,0,0,traj_sz=100
3.08408,0.422767,1.50927,-0.196516,0.540272,1.47159,-0.459164,0.215491,14,17,0.122601,0.181259,-0.314589,2.08121,0,3.08408
3.10387,0.430476,1.50779,-0.213071,0,0,0,0,14,17,0,0,0,0,0,traj_sz=100
3.10398,0.430476,1.50779,-0.213071,0.540272,1.47159,-0.459164,0.215491,14,17,0.114968,0.178354,-0.287759,2.07341,0,3.10398
3.12397,0.432469,1.5073,-0.214172,0,0,0,0,14,17,0,0,0,0,0,traj_sz=100
3.12404,0.432469,1.5073,-0.214172,0.540272,1.47159,-0.459164,0.215491,14,17,0.112929,0.181277,-0.284908,2.07138,0,3.12404
3.14388,0.434489,1.50704,-0.220967,0,0,0,0,14,17,0,0,0,0,0,traj_sz=100
3.14398,0.434489,1.50704,-0.220967,0.540272,1.47159,-0.459164,0.215491,14,17,0.110981,0.184197,-0.275434,2.06935,0,3.14398
3.16399,0.438537,1.50577,-0.225314,0,0,0,0,14,17,0,0,0,0,0,traj_sz=100
3.16415,0.438537,1.50577,-0.225314,0.540272,1.47159,-0.459164,0.215491,14,17,0.1068,0.184959,-0.261933,2.06522,0,3.16415
3.18392,0.440606,1.50558,-0.231753,0,0,0,0,14,17,0,0,0,0,0,traj_sz=100
3.18407,0.440606,1.50558,-0.231753,0.540272,1.47159,-0.459164,0.215491,15,17,0.104808,0.187845,-0.3491,2.06314,0,3.18407
3.20387,0.449095,1.5034,-0.243979,0,0,0,0,15,17,0,0,0,0,0,traj_sz=100
3.20393,0.449095,1.5034,-0.243979,0.540272,1.47159,-0.459164,0.215491,15,17,0.0961615,0.184008,-0.3491,2.05451,0,3.20393
3.22388,0.451133,1.50283,-0.247728,0,0,0,0,15,17,0,0,0,0,0,traj_sz=100
3.22394,0.451133,1.50283,-0.247728,0.582429,1.45075,-0.558942,0.223641,15,18,0.140059,0.186847,-0.3491,2.05244,0,3.22394
3.24388,0.453276,1.50229,-0.25105,0,0,0,0,15,18,0,0,0,0,0,traj_sz=100
3.24398,0.453276,1.50229,-0.25105,0.582429,1.45075,-0.558942,0.223641,15,18,0.137907,0.189597,-0.3491,2.05026,0,3.24398
3.26391,0.457286,1.50147,-0.25851,0,0,0,0,15,18,0,0,0,0,0,traj_sz=100
3.26418,0.457286,1.50147,-0.25851,0.582429,1.45075,-0.558942,0.223641,15,18,0.133951,0.190501,-0.341941,2.0462,0,3.26418
3.28386,0.459167,1.50084,-0.261536,0,0,0,0,15,18,0,0,0,0,0,traj_sz=100
3.28404,0.459167,1.50084,-0.261536,0.582429,1.45075,-0.558942,0.223641,15,18,0.132023,0.193505,-0.335417,2.04428,0,3.28404
3.30388,0.466796,1.49938,-0.279197,0,0,0,0,15,18,0,0,0,0,0,traj_sz=100
3.30408,0.466796,1.49938,-0.279197,0.582429,1.45075,-0.558942,0.223641,15,18,0.124556,0.190867,-0.314727,2.03656,0,3.30408
3.32394,0.470597,1.49829,-0.287503,0,0,0,0,15,18,0,0,0,0,0,traj_sz=100
3.32408,0.470597,1.49829,-0.287503,0.582429,1.45075,-0.558942,0.223641,15,18,0.120723,0.191989,-0.30025,2.03269,0,3.32408
3.34399,0.470597,1.49829,-0.287503,0,0,0,0,15,18,0,0,0,0,0,traj_sz=100
3.34426,0.470597,1.49829,-0.287503,0.582429,1.45075,-0.558942,0.223641,15,18,0.120723,0.197115,-0.30025,2.03269,0,3.34426
3.36382,0.474749,1.49713,-0.296246,0,0,0,0,15,18,0,0,0,0,0,traj_sz=100
3.36392,0.474749,1.49713,-0.296246,0.582429,1.45075,-0.558942,0.223641,15,18,0.116529,0.197804,-0.285295,2.02846,0,3.36392
3.3838,0.476957,1.49693,-0.303669,0,0,0,0,15,18,0,0,0,0,0,traj_sz=100
3.38389,0.476957,1.49693,-0.303669,0.582429,1.45075,-0.558942,0.223641,15,18,0.114454,0.20071,-0.278336,2.02625,0,3.38389
3.40379,0.485121,1.49475,-0.321872,0,0,0,0,15,18,0,0,0,0,0,traj_sz=100
3.40387,0.485121,1.49475,-0.321872,0.663145,1.39412,-0.7687,0.230787,16,20,0.200716,0.197358,-0.3491,2.01795,0,3.40387
3.42389,0.48714,1.49409,-0.325542,0,0,0,0,16,20,0,0,0,0,0,traj_sz=100
3.42402,0.48714,1.49409,-0.325542,0.663145,1.39412,-0.7687,0.230787,16,20,0.198735,0.200347,-0.3491,2.01589,0,3.42402
3.44389,0.489219,1.4934,-0.329283,0,0,0,0,16,20,0,0,0,0,0,traj_sz=100
3.44399,0.489219,1.4934,-0.329283,0.663145,1.39412,-0.7687,0.230787,16,20,0.196685,0.203228,-0.3491,2.01376,0,3.44399
3.46385,0.493429,1.49207,-0.33726,0,0,0,0,16,20,0,0,0,0,0,traj_sz=100
3.46396,0.493429,1.49207,-0.33726,0.663145,1.39412,-0.7687,0.230787,16,20,0.192566,0.203877,-0.3491,2.00947,0,3.46396
3.48381,0.495593,1.49139,-0.341311,0,0,0,0,16,20,0,0,0,0,0,traj_sz=100
3.48395,0.495593,1.49139,-0.341311,0.663145,1.39412,-0.7687,0.230787,16,20,0.190445,0.206683,-0.3491,2.00726,0,3.48395
3.5038,0.503872,1.48875,-0.356859,0,0,0,0,16,20,0,0,0,0,0,traj_sz=100
3.504,0.503872,1.48875,-0.356859,0.663145,1.39412,-0.7687,0.230787,16,20,0.182295,0.203114,-0.346273,1.99882,0,3.504
3.52393,0.506059,1.48803,-0.361677,0,0,0,0,16,20,0,0,0,0,0,traj_sz=100
3.52412,0.506059,1.48803,-0.361677,0.663145,1.39412,-0.7687,0.230787,16,20,0.180152,0.20597,-0.339281,1.99659,0,3.52412
3.54391,0.508482,1.48714,-0.367579,0,0,0,0,16,20,0,0,0,0,0,traj_sz=100
3.54407,0.508482,1.48714,-0.367579,0.663145,1.39412,-0.7687,0.230787,16,20,0.177761,0.208486,-0.329339,1.99411,0,3.54407
3.56414,0.512971,1.48555,-0.377957,0,0,0,0,16,20,0,0,0,0,0,traj_sz=100
3.56429,0.512971,1.48555,-0.377957,0.663145,1.39412,-0.7687,0.230787,16,20,0.173313,0.208922,-0.31246,1.98952,0,3.56429
3.584,0.517358,1.48391,-0.38715,0,0,0,0,16,20,0,0,0,0,0,traj_sz=100
3.58438,0.517358,1.48391,-0.38715,0.663145,1.39412,-0.7687,0.230787,16,20,0.168897,0.209336,-0.296627,1.98503,0,3.58438
3.60404,0.523919,1.4812,-0.40053,0,0,0,0,16,20,0,0,0,0,0,traj_sz=100
3.60423,0.523919,1.4812,-0.40053,0.663145,1.39412,-0.7687,0.230787,17,20,0.162161,0.207356,-0.3491,1.97831,0,3.60423
3.62391,0.526076,1.48012,-0.403488,0,0,0,0,17,20,0,0,0,0,0,traj_sz=100
3.62401,0.526076,1.48012,-0.403488,0.663145,1.39412,-0.7687,0.230787,17,20,0.15983,0.210032,-0.3491,1.97608,0,3.62401
3.64405,0.528365,1.47929,-0.410839,0,0,0,0,17,20,0,0,0,0,0,traj_sz=100
3.64418,0.528365,1.47929,-0.410839,0.699349,1.35911,-0.871044,0.229822,17,21,0.204754,0.212761,-0.3491,1.97374,0,3.64418
3.66395,0.532536,1.47768,-0.421543,0,0,0,0,17,21,0,0,0,0,0,traj_sz=100
3.66426,0.532536,1.47768,-0.421543,0.699349,1.35911,-0.871044,0.229822,17,21,0.200724,0.213398,-0.3491,1.96948,0,3.66426
3.68394,0.536565,1.47598,-0.431529,0,0,0,0,17,21,0,0,0,0,0,traj_sz=100
3.68414,0.536565,1.47598,-0.431529,0.699349,1.35911,-0.871044,0.229822,17,21,0.196744,0.214141,-0.3491,1.96535,0,3.68414
3.70395,0.543007,1.47292,-0.44176,0,0,0,0,17,21,0,0,0,0,0,traj_sz=100
3.70406,0.543007,1.47292,-0.44176,0.699349,1.35911,-0.871044,0.229822,17,21,0.189992,0.212097,-0.3491,1.95872,0,3.70406
3.72398,0.545172,1.47212,-0.447481,0,0,0,0,17,21,0,0,0,0,0,traj_sz=100
3.7241,0.545172,1.47212,-0.447481,0.699349,1.35911,-0.871044,0.229822,17,21,0.187898,0.214898,-0.3491,1.95651,0,3.7241
3.74401,0.547313,1.47117,-0.452251,0,0,0,0,17,21,0,0,0,0,0,traj_sz=100
3.74426,0.547313,1.47117,-0.452251,0.699349,1.35911,-0.871044,0.229822,17,21,0.18572,0.217674,-0.347484,1.95432,0,3.74426
3.76393,0.551769,1.469,-0.460952,0,0,0,0,17,21,0,0,0,0,0,traj_sz=100
3.76412,0.551769,1.469,-0.460952,0.699349,1.35911,-0.871044,0.229822,17,21,0.181058,0.217766,-0.332288,1.94974,0,3.76412
3.78385,0.553988,1.46789,-0.466807,0,0,0,0,17,21,0,0,0,0,0,traj_sz=100
3.78398,0.553988,1.46789,-0.466807,0.699349,1.35911,-0.871044,0.229822,17,21,0.178766,0.220335,-0.321592,1.94745,0,3.78398
3.8041,0.562805,1.46383,-0.489128,0,0,0,0,17,21,0,0,0,0,0,traj_sz=100
3.80421,0.562805,1.46383,-0.489128,0.699349,1.35911,-0.871044,0.229822,18,21,0.169738,0.215788,-0.3491,1.93841,0,3.80421
3.82396,0.564927,1.46261,-0.492685,0,0,0,0,18,21,0,0,0,0,0,traj_sz=100
3.82407,0.564927,1.46261,-0.492685,0.699349,1.35911,-0.871044,0.229822,18,21,0.167389,0.218382,-0.3491,1.93622,0,3.82407
3.84396,0.567,1.46151,-0.497487,0,0,0,0,18,21,0,0,0,0,0,traj_sz=100
3.84404,0.567,1.46151,-0.497487,0.699349,1.35911,-0.871044,0.229822,18,21,0.165174,0.221109,-0.3491,1.93409,0,3.84404
3.86384,0.57143,1.4594,-0.508199,0,0,0,0,18,21,0,0,0,0,0,traj_sz=100
3.8639,0.57143,1.4594,-0.508199,0.699349,1.35911,-0.871044,0.229822,18,21,0.160553,0.221254,-0.3491,1.92954,0,3.8639
3.88379,0.573533,1.45826,-0.513063,0,0,0,0,18,21,0,0,0,0,0,traj_sz=100
3.88386,0.573533,1.45826,-0.513063,0.699349,1.35911,-0.871044,0.229822,18,21,0.158286,0.223925,-0.3491,1.92738,0,3.88386
3.90382,0.582035,1.45366,-0.535166,0,0,0,0,18,21,0,0,0,0,0,traj_sz=100
3.90399,0.582035,1.45366,-0.535166,0.73165,1.32074,-0.966866,0.226147,18,22,0.196484,0.219363,-0.3491,1.91864,0,3.90399
3.92391,0.584063,1.45244,-0.538347,0,0,0,0,18,22,0,0,0,0,0,traj_sz=100
3.92406,0.584063,1.45244,-0.538347,0.73165,1.32074,-0.966866,0.226147,18,22,0.194234,0.222072,-0.3491,1.91655,0,3.92406
3.94395,0.586339,1.45138,-0.544873,0,0,0,0,18,22,0,0,0,0,0,traj_sz=100
3.94404,0.586339,1.45138,-0.544873,0.73165,1.32074,-0.966866,0.226147,18,22,0.191981,0.224568,-0.3491,1.91422,0,3.94404
3.96393,0.590634,1.44875,-0.555038,0,0,0,0,18,22,0,0,0,0,0,traj_sz=100
3.96403,0.590634,1.44875,-0.555038,0.73165,1.32074,-0.966866,0.226147,18,22,0.187303,0.224495,-0.34582,1.90979,0,3.96403
3.98388,0.592688,1.44757,-0.560199,0,0,0,0,18,22,0,0,0,0,0,traj_sz=100
3.98397,0.592688,1.44757,-0.560199,0.73165,1.32074,-0.966866,0.226147,18,22,0.185115,0.227083,-0.337976,1.90768,0,3.98397
4.00398,0.601068,1.44239,-0.582011,0,0,0,0,18,22,0,0,0,0,0,traj_sz=100
4.00408,0.601068,1.44239,-0.582011,0.73165,1.32074,-0.966866,0.226147,18,22,0.175954,0.222233,-0.299436,1.89905,0,4.00408
4.02391,0.603152,1.44109,-0.586993,0,0,0,0,18,22,0,0,0,0,0,traj_sz=100
4.024,0.603152,1.44109,-0.586993,0.73165,1.32074,-0.966866,0.226147,18,22,0.173644,0.224724,-0.290495,1.89691,0,4.024
4.04398,0.605268,1.43962,-0.590964,0,0,0,0,18,22,0,0,0,0,0,traj_sz=100
4.04409,0.605268,1.43962,-0.590964,0.73165,1.32074,-0.966866,0.226147,19,22,0.171182,0.227133,-0.3491,1.89472,0,4.04409
4.06405,0.609525,1.43711,-0.60299,0,0,0,0,19,22,0,0,0,0,0,traj_sz=100
4.06421,0.609525,1.43711,-0.60299,0.73165,1.32074,-0.966866,0.226147,19,22,0.16658,0.227199,-0.3491,1.89035,0,4.06421
4.08396,0.611573,1.43574,-0.606146,0,0,0,0,19,22,0,0,0,0,0,traj_sz=100
4.08406,0.611573,1.43574,-0.606146,0.73165,1.32074,-0.966866,0.226147,19,22,0.1642,0.229658,-0.3491,1.88824,0,4.08406
4.10389,0.620324,1.43003,-0.625089,0,0,0,0,19,22,0,0,0,0,0,traj_sz=100
4.10402,0.620324,1.43003,-0.625089,0.759677,1.28012,-1.05361,0.220193,19,23,0.200723,0.22417,-0.3491,1.87925,0,4.10402
4.12389,0.624458,1.42712,-0.6322,0,0,0,0,19,23,0,0,0,0,0,traj_sz=100
4.12401,0.624458,1.42712,-0.6322,0.759677,1.28012,-1.05361,0.220193,19,23,0.195951,0.22407,-0.3491,1.875,0,4.12401
4.14397,0.624458,1.42712,-0.6322,0,0,0,0,19,23,0,0,0,0,0,traj_sz=100
4.14405,0.624458,1.42712,-0.6322,0.759677,1.28012,-1.05361,0.220193,19,23,0.195951,0.229027,-0.3491,1.875,0,4.14405
4.16395,0.628664,1.42413,-0.642202,0,0,0,0,19,23,0,0,0,0,0,traj_sz=100
4.16411,0.628664,1.42413,-0.642202,0.759677,1.28012,-1.05361,0.220193,19,23,0.191168,0.228683,-0.3491,1.87068,0,4.16411
4.18401,0.633013,1.42103,-0.652309,0,0,0,0,19,23,0,0,0,0,0,traj_sz=100
4.18407,0.633013,1.42103,-0.652309,0.759677,1.28012,-1.05361,0.220193,19,23,0.186196,0.228135,-0.3491,1.86621,0,4.18407
4.20391,0.639199,1.41672,-0.672268,0,0,0,0,19,23,0,0,0,0,0,traj_sz=100
4.20398,0.639199,1.41672,-0.672268,0.759677,1.28012,-1.05361,0.220193,19,23,0.179331,0.225378,-0.328131,1.85987,0,4.20398
4.22386,0.641284,1.41515,-0.678086,0,0,0,0,19,23,0,0,0,0,0,traj_sz=100
4.22398,0.641284,1.41515,-0.678086,0.759677,1.28012,-1.05361,0.220193,19,23,0.176905,0.22756,-0.318358,1.85773,0,4.22398
4.24396,0.643277,1.41372,-0.684661,0,0,0,0,19,23,0,0,0,0,0,traj_sz=100
4.24405,0.643277,1.41372,-0.684661,0.759677,1.28012,-1.05361,0.220193,19,23,0.174655,0.22992,-0.308032,1.85569,0,4.24405
4.26401,0.647166,1.41067,-0.69609,0,0,0,0,19,23,0,0,0,0,0,traj_sz=100
4.26417,0.647166,1.41067,-0.69609,0.759677,1.28012,-1.05361,0.220193,20,23,0.170049,0.229801,-0.3491,1.8517,0,4.26417
4.28397,0.64911,1.40901,-0.699853,0,0,0,0,20,23,0,0,0,0,0,traj_sz=100
4.2841,0.64911,1.40901,-0.699853,0.759677,1.28012,-1.05361,0.220193,20,23,0.167593,0.232004,-0.3491,1.8497,0,4.2841
4.30401,0.656864,1.40265,-0.719667,0,0,0,0,20,23,0,0,0,0,0,traj_sz=100
4.30411,0.656864,1.40265,-0.719667,0.783436,1.23835,-1.13032,0.212484,20,24,0.203478,0.226769,-0.3491,1.84176,0,4.30411
4.3239,0.658834,1.40117,-0.72649,0,0,0,0,20,24,0,0,0,0,0,traj_sz=100
4.32399,0.658834,1.40117,-0.72649,0.783436,1.23835,-1.13032,0.212484,20,24,0.201295,0.229068,-0.3491,1.83975,0,4.32399
4.34399,0.660674,1.39961,-0.732177,0,0,0,0,20,24,0,0,0,0,0,traj_sz=100
4.34408,0.660674,1.39961,-0.732177,0.783436,1.23835,-1.13032,0.212484,20,24,0.199103,0.231452,-0.3491,1.83787,0,4.34408
4.36398,0.6645,1.3962,-0.742301,0,0,0,0,20,24,0,0,0,0,0,traj_sz=100
4.36413,0.6645,1.3962,-0.742301,0.783436,1.23835,-1.13032,0.212484,20,24,0.194347,0.231098,-0.3491,1.83395,0,4.36413
4.3839,0.666441,1.39445,-0.747173,0,0,0,0,20,24,0,0,0,0,0,traj_sz=100
4.38409,0.666441,1.39445,-0.747173,0.783436,1.23835,-1.13032,0.212484,20,24,0.191911,0.233036,-0.3491,1.83197,0,4.38409
4.40404,0.673513,1.38792,-0.769588,0,0,0,0,20,24,0,0,0,0,0,traj_sz=100
4.40413,0.673513,1.38792,-0.769588,0.783436,1.23835,-1.13032,0.212484,20,24,0.18302,0.227978,-0.33076,1.82475,0,4.40413
4.42407,0.675446,1.38625,-0.774781,0,0,0,0,20,24,0,0,0,0,0,traj_sz=100
4.4242,0.675446,1.38625,-0.774781,0.783436,1.23835,-1.13032,0.212484,20,24,0.180629,0.229999,-0.323581,1.82278,0,4.4242
4.44391,0.677339,1.38454,-0.780181,0,0,0,0,20,24,0,0,0,0,0,traj_sz=100
4.44405,0.677339,1.38454,-0.780181,0.783436,1.23835,-1.13032,0.212484,20,24,0.178245,0.231974,-0.315207,1.82086,0,4.44405
4.46402,0.680913,1.38108,-0.790183,0,0,0,0,20,24,0,0,0,0,0,traj_sz=100
4.46412,0.680913,1.38108,-0.790183,0.783436,1.23835,-1.13032,0.212484,20,24,0.173555,0.231572,-0.297157,1.81722,0,4.46412
4.48387,0.68279,1.37952,-0.79769,0,0,0,0,20,24,0,0,0,0,0,traj_sz=100
4.48415,0.68279,1.37952,-0.79769,0.783436,1.23835,-1.13032,0.212484,20,24,0.171331,0.233678,-0.286424,1.81532,0,4.48415
4.50396,0.689611,1.37257,-0.816318,0,0,0,0,20,24,0,0,0,0,0,traj_sz=100
4.50408,0.689611,1.37257,-0.816318,0.783436,1.23835,-1.13032,0.212484,21,24,0.162061,0.228506,-0.3491,1.8084,0,4.50408
4.52387,0.691429,1.37074,-0.821272,0,0,0,0,21,24,0,0,0,0,0,traj_sz=100
4.52403,0.691429,1.37074,-0.821272,0.783436,1.23835,-1.13032,0.212484,21,24,0.159595,0.230451,-0.3491,1.80656,0,4.52403
4.54388,0.693173,1.36883,-0.825277,0,0,0,0,21,24,0,0,0,0,0,traj_sz=100
4.54405,0.693173,1.36883,-0.825277,0.803207,1.1964,-1.19693,0.203586,21,25,0.201332,0.23241,-0.3491,1.8048,0,4.54405
4.56402,0.696782,1.36498,-0.834884,0,0,0,0,21,25,0,0,0,0,0,traj_sz=100
4.56414,0.696782,1.36498,-0.834884,0.803207,1.1964,-1.19693,0.203586,21,25,0.196392,0.23169,-0.3491,1.80115,0,4.56414
4.58389,0.700601,1.36112,-0.846233,0,0,0,0,21,25,0,0,0,0,0,traj_sz=100
4.584,0.700601,1.36112,-0.846233,0.803207,1.1964,-1.19693,0.203586,21,25,0.191346,0.230758,-0.3491,1.7973,0,4.584
4.6039,0.705792,1.35585,-0.861428,0,0,0,0,21,25,0,0,0,0,0,traj_sz=100
4.60403,0.705792,1.35585,-0.861428,0.803207,1.1964,-1.19693,0.203586,21,25,0.18444,0.227678,-0.337638,1.79209,0,4.60403
4.62394,0.70758,1.35401,-0.868077,0,0,0,0,21,25,0,0,0,0,0,traj_sz=100
4.62403,0.70758,1.35401,-0.868077,0.803207,1.1964,-1.19693,0.203586,21,25,0.182071,0.229405,-0.328364,1.79029,0,4.62403
4.6439,0.70928,1.35207,-0.871463,0,0,0,0,21,25,0,0,0,0,0,traj_sz=100
4.644,0.70928,1.35207,-0.871463,0.803207,1.1964,-1.19693,0.203586,21,25,0.179589,0.231106,-0.323036,1.78859,0,4.644
4.66398,0.712694,1.34826,-0.883719,0,0,0,0,21,25,0,0,0,0,0,traj_sz=100
4.66408,0.712694,1.34826,-0.883719,0.803207,1.1964,-1.19693,0.203586,21,25,0.174814,0.230303,-0.303361,1.78518,0,4.66408
4.68392,0.714225,1.34629,-0.888036,0,0,0,0,21,25,0,0,0,0,0,traj_sz=100
4.68404,0.714225,1.34629,-0.888036,0.803207,1.1964,-1.19693,0.203586,21,25,0.172435,0.232086,-0.294184,1.78365,0,4.68404
4.70387,0.720875,1.33834,-0.908958,0,0,0,0,21,25,0,0,0,0,0,traj_sz=100
4.70413,0.720875,1.33834,-0.908958,0.803207,1.1964,-1.19693,0.203586,22,25,0.162572,0.226019,-0.3491,1.77703,0,4.70413
4.72388,0.722531,1.33632,-0.914806,0,0,0,0,22,25,0,0,0,0,0,traj_sz=100
4.72398,0.722531,1.33632,-0.914806,0.803207,1.1964,-1.19693,0.203586,22,25,0.160088,0.227667,-0.3491,1.77539,0,4.72398
4.7439,0.724024,1.33423,-0.919849,0,0,0,0,22,25,0,0,0,0,0,traj_sz=100
4.74399,0.724024,1.33423,-0.919849,0.819433,1.15504,-1.25372,0.194075,22,26,0.200363,0.229379,-0.3491,1.77392,0,4.74399
4.7639,0.727099,1.32996,-0.929753,0,0,0,0,22,26,0,0,0,0,0,traj_sz=100
4.76404,0.727099,1.32996,-0.929753,0.819433,1.15504,-1.25372,0.194075,22,26,0.195411,0.228389,-0.348576,1.77088,0,4.76404
4.78386,0.728727,1.32779,-0.935422,0,0,0,0,22,26,0,0,0,0,0,traj_sz=100
4.78413,0.728727,1.32779,-0.935422,0.819433,1.15504,-1.25372,0.194075,22,26,0.192868,0.229932,-0.339984,1.76928,0,4.78413
4.80383,0.734755,1.31976,-0.95256,0,0,0,0,22,26,0,0,0,0,0,traj_sz=100
4.80412,0.734755,1.31976,-0.95256,0.819433,1.15504,-1.25372,0.194075,22,26,0.183306,0.224137,-0.315141,1.76337,0,4.80412
4.82394,0.736248,1.31773,-0.957976,0,0,0,0,22,26,0,0,0,0,0,traj_sz=100
4.82412,0.736248,1.31773,-0.957976,0.819433,1.15504,-1.25372,0.194075,22,26,0.180932,0.225619,-0.306587,1.76192,0,4.82412
4.84393,0.737772,1.31578,-0.964532,0,0,0,0,22,26,0,0,0,0,0,traj_sz=100
4.84403,0.737772,1.31578,-0.964532,0.819433,1.15504,-1.25372,0.194075,22,26,0.178626,0.227131,-0.297,1.76043,0,4.84403
4.86384,0.740802,1.31175,-0.974739,0,0,0,0,22,26,0,0,0,0,0,traj_sz=100
4.86402,0.740802,1.31175,-0.974739,0.819433,1.15504,-1.25372,0.194075,22,26,0.17383,0.226087,-0.281698,1.75748,0,4.86402
4.88398,0.742325,1.30965,-0.980181,0,0,0,0,22,26,0,0,0,0,0,traj_sz=100
4.88417,0.742325,1.30965,-0.980181,0.819433,1.15504,-1.25372,0.194075,22,26,0.171361,0.227521,-0.272834,1.75601,0,4.88417
4.90387,0.74822,1.30112,-0.999341,0,0,0,0,22,26,0,0,0,0,0,traj_sz=100
4.904,0.74822,1.30112,-0.999341,0.819433,1.15504,-1.25372,0.194075,23,26,0.161386,0.221117,-0.342157,1.75033,0,4.904
4.92392,0.749714,1.29905,-1.00524,0,0,0,0,23,26,0,0,0,0,0,traj_sz=100
4.92407,0.749714,1.29905,-1.00524,0.819433,1.15504,-1.25372,0.194075,23,26,0.15895,0.222581,-0.33569,1.7489,0,4.92407
4.94395,0.751199,1.29709,-1.01106,0,0,0,0,23,26,0,0,0,0,0,traj_sz=100
4.94413,0.751199,1.29709,-1.01106,0.832638,1.1148,-1.3012,0.184516,23,27,0.197715,0.224135,-0.330036,1.74747,0,4.94413
4.964,0.753989,1.29297,-1.0212,0,0,0,0,23,27,0,0,0,0,0,traj_sz=100
4.96416,0.753989,1.29297,-1.0212,0.832638,1.1148,-1.3012,0.184516,23,27,0.193014,0.22316,-0.317589,1.74481,0,4.96416
4.98399,0.755306,1.2908,-1.02514,0,0,0,0,23,27,0,0,0,0,0,traj_sz=100
4.98416,0.755306,1.2908,-1.02514,0.832638,1.1148,-1.3012,0.184516,23,27,0.190577,0.224603,-0.311589,1.74357,0,4.98416
5.00398,0.760539,1.28283,-1.04424,0,0,0,0,23,27,0,0,0,0,0,traj_sz=100
5.00409,0.760539,1.28283,-1.04424,0.832638,1.1148,-1.3012,0.184516,23,27,0.181499,0.219052,-0.286289,1.73863,0,5.00409
5.02388,0.761765,1.2807,-1.04858,0,0,0,0,23,27,0,0,0,0,0,traj_sz=100
5.02408,0.761765,1.2807,-1.04858,0.832638,1.1148,-1.3012,0.184516,23,27,0.179138,0.220509,-0.278672,1.73749,0,5.02408
5.04393,0.763057,1.27857,-1.05347,0,0,0,0,23,27,0,0,0,0,0,traj_sz=100
5.04411,0.763057,1.27857,-1.05347,0.832638,1.1148,-1.3012,0.184516,23,27,0.176754,0.221744,-0.270949,1.73628,0,5.04411
5.06392,0.765644,1.27423,-1.06185,0,0,0,0,23,27,0,0,0,0,0,traj_sz=100
5.06415,0.765644,1.27423,-1.06185,0.832638,1.1148,-1.3012,0.184516,23,27,0.171864,0.220405,-0.257359,1.73388,0,5.06415
5.08402,0.766904,1.27219,-1.06732,0,0,0,0,23,27,0,0,0,0,0,traj_sz=100
5.08413,0.766904,1.27219,-1.06732,0.832638,1.1148,-1.3012,0.184516,23,27,0.169576,0.221726,-0.248858,1.73271,0,5.08413
5.10401,0.771658,1.2637,-1.08484,0,0,0,0,23,27,0,0,0,0,0,traj_sz=100
5.1041,0.771658,1.2637,-1.08484,0.832638,1.1148,-1.3012,0.184516,23,27,0.160141,0.215703,-0.216315,1.72837,0,5.1041
5.12391,0.77285,1.26151,-1.08906,0,0,0,0,23,27,0,0,0,0,0,traj_sz=100
5.12416,0.77285,1.26151,-1.08906,0.843363,1.07598,-1.34006,0.175455,23,28,0.197087,0.216932,-0.208045,1.72729,0,5.12416
5.14397,0.774098,1.2593,-1.09402,0,0,0,0,23,28,0,0,0,0,0,traj_sz=100
5.14408,0.774098,1.2593,-1.09402,0.843363,1.07598,-1.34006,0.175455,24,28,0.194662,0.218093,-0.288684,1.72616,0,5.14408
5.16379,0.776426,1.25466,-1.10154,0,0,0,0,24,28,0,0,0,0,0,traj_sz=100
5.1639,0.776426,1.25466,-1.10154,0.843363,1.07598,-1.34006,0.175455,24,28,0.189638,0.216576,-0.277069,1.72408,0,5.1639
5.18384,0.778725,1.25008,-1.10904,0,0,0,0,24,28,0,0,0,0,0,traj_sz=100
5.18401,0.778725,1.25008,-1.10904,0.843363,1.07598,-1.34006,0.175455,24,28,0.18466,0.215167,-0.265436,1.72205,0,5.18401
5.20389,0.782244,1.24349,-1.12329,0,0,0,0,24,28,0,0,0,0,0,traj_sz=100
5.20405,0.782244,1.24349,-1.12329,0.843363,1.07598,-1.34006,0.175455,24,28,0.177465,0.211414,-0.24542,1.71893,0,5.20405
5.2238,0.783318,1.24146,-1.13022,0,0,0,0,24,28,0,0,0,0,0,traj_sz=100
5.22389,0.783318,1.24146,-1.13022,0.843363,1.07598,-1.34006,0.175455,24,28,0.175287,0.212792,-0.234534,1.71798,0,5.22389
5.2438,0.784172,1.23931,-1.13126,0,0,0,0,24,28,0,0,0,0,0,traj_sz=100
5.24392,0.784172,1.23931,-1.13126,0.843363,1.07598,-1.34006,0.175455,24,28,0.172994,0.214104,-0.230495,1.71727,0,5.24392
5.2638,0.786257,1.23547,-1.13998,0,0,0,0,24,28,0,0,0,0,0,traj_sz=100
5.26392,0.786257,1.23547,-1.13998,0.843363,1.07598,-1.34006,0.175455,24,28,0.168769,0.213186,-0.218553,1.71544,0,5.26392
5.28385,0.787231,1.23349,-1.14572,0,0,0,0,24,28,0,0,0,0,0,traj_sz=100
5.28404,0.787231,1.23349,-1.14572,0.843363,1.07598,-1.34006,0.175455,24,28,0.166639,0.214435,-0.208731,1.7146,0,5.28404
5.30388,0.791148,1.22477,-1.15658,0,0,0,0,24,28,0,0,0,0,0,traj_sz=100
5.30396,0.791148,1.22477,-1.15658,0.852119,1.03871,-1.37107,0.167402,24,29,0.194861,0.208306,-0.186545,1.71131,0,5.30396
5.32389,0.792086,1.22257,-1.15941,0,0,0,0,24,29,0,0,0,0,0,traj_sz=100
5.32396,0.792086,1.22257,-1.15941,0.852119,1.03871,-1.37107,0.167402,24,29,0.192527,0.209359,-0.180139,1.71054,0,5.32396
5.34397,0.793187,1.22043,-1.16396,0,0,0,0,24,29,0,0,0,0,0,traj_sz=100
5.3441,0.793187,1.22043,-1.16396,0.852119,1.03871,-1.37107,0.167402,24,29,0.190211,0.210422,-0.173211,1.7096,0,5.3441
5.3639,0.795166,1.21587,-1.1701,0,0,0,0,24,29,0,0,0,0,0,traj_sz=100
5.36398,0.795166,1.21587,-1.1701,0.852119,1.03871,-1.37107,0.167402,25,29,0.185341,0.208864,-0.236688,1.70798,0,5.36398
5.38387,0.79626,1.21374,-1.17681,0,0,0,0,25,29,0,0,0,0,0,traj_sz=100
5.38397,0.79626,1.21374,-1.17681,0.852119,1.03871,-1.37107,0.167402,25,29,0.183064,0.209914,-0.228208,1.70706,0,5.38397
5.404,0.799994,1.20496,-1.18706,0,0,0,0,25,29,0,0,0,0,0,traj_sz=100
5.40413,0.799994,1.20496,-1.18706,0.852119,1.03871,-1.37107,0.167402,25,29,0.173675,0.203834,-0.213813,1.70406,0,5.40413
5.42393,0.800919,1.20279,-1.19156,0,0,0,0,25,29,0,0,0,0,0,traj_sz=100
5.42403,0.800919,1.20279,-1.19156,0.852119,1.03871,-1.37107,0.167402,25,29,0.171378,0.204895,-0.206746,1.70332,0,5.42403
5.44386,0.801892,1.20054,-1.19327,0,0,0,0,25,29,0,0,0,0,0,traj_sz=100
5.44395,0.801892,1.20054,-1.19327,0.852119,1.03871,-1.37107,0.167402,25,29,0.168949,0.205859,-0.20492,1.70255,0,5.44395
5.4639,0.803739,1.19609,-1.19882,0,0,0,0,25,29,0,0,0,0,0,traj_sz=100
5.464,0.803739,1.19609,-1.19882,0.852119,1.03871,-1.37107,0.167402,25,29,0.164197,0.204383,-0.196311,1.70111,0,5.464
5.48397,0.804479,1.19393,-1.20075,0,0,0,0,25,29,0,0,0,0,0,traj_sz=100
5.48407,0.804479,1.19393,-1.20075,0.852119,1.03871,-1.37107,0.167402,25,29,0.161946,0.205322,-0.191379,1.70057,0,5.48407
5.50389,0.807719,1.18612,-1.21426,0,0,0,0,25,29,0,0,0,0,0,traj_sz=100
5.50402,0.807719,1.18612,-1.21426,0.859367,1.0029,-1.39502,0.160825,25,30,0.189724,0.200058,-0.169496,1.69808,0,5.50402
5.5238,0.808523,1.18395,-1.21512,0,0,0,0,25,30,0,0,0,0,0,traj_sz=100
5.5239,0.808523,1.18395,-1.21512,0.859367,1.0029,-1.39502,0.160825,25,30,0.187422,0.200927,-0.167291,1.69749,0,5.5239
5.54382,0.80939,1.18191,-1.21765,0,0,0,0,25,30,0,0,0,0,0,traj_sz=100
5.54392,0.80939,1.18191,-1.21765,0.859367,1.0029,-1.39502,0.160825,25,30,0.185249,0.20192,-0.163687,1.69682,0,5.54392
5.56394,0.811025,1.17779,-1.22431,0,0,0,0,25,30,0,0,0,0,0,traj_sz=100
5.56409,0.811025,1.17779,-1.22431,0.859367,1.0029,-1.39502,0.160825,25,30,0.180909,0.200708,-0.151924,1.69561,0,5.56409
5.5838,0.811541,1.17559,-1.22366,0,0,0,0,25,30,0,0,0,0,0,traj_sz=100
5.5839,0.811541,1.17559,-1.22366,0.859367,1.0029,-1.39502,0.160825,26,30,0.17866,0.20164,-0.209715,1.69532,0,5.5839
5.60387,0.814706,1.16703,-1.23206,0,0,0,0,26,30,0,0,0,0,0,traj_sz=100
5.604,0.814706,1.16703,-1.23206,0.859367,1.0029,-1.39502,0.160825,26,30,0.169646,0.195729,-0.199671,1.69308,0,5.604
5.62378,0.815618,1.16491,-1.23524,0,0,0,0,26,30,0,0,0,0,0,traj_sz=100
5.62384,0.815618,1.16491,-1.23524,0.859367,1.0029,-1.39502,0.160825,26,30,0.167379,0.196598,-0.197017,1.6924,0,5.62384
5.64398,0.816442,1.16267,-1.23684,0,0,0,0,26,30,0,0,0,0,0,traj_sz=100
5.64407,0.816442,1.16267,-1.23684,0.859367,1.0029,-1.39502,0.160825,26,30,0.165018,0.197449,-0.195446,1.69183,0,5.64407
5.66399,0.818178,1.15841,-1.24411,0,0,0,0,26,30,0,0,0,0,0,traj_sz=100
5.66413,0.818178,1.15841,-1.24411,0.859367,1.0029,-1.39502,0.160825,26,30,0.160506,0.196059,-0.187152,1.69058,0,5.66413
5.68399,0.819096,1.15636,-1.24927,0,0,0,0,26,30,0,0,0,0,0,traj_sz=100
5.68409,0.819096,1.15636,-1.24927,0.859367,1.0029,-1.39502,0.160825,26,30,0.158321,0.196917,-0.18136,1.6899,0,5.68409
5.70393,0.822255,1.14778,-1.25835,0,0,0,0,26,30,0,0,0,0,0,traj_sz=100
5.70402,0.822255,1.14778,-1.25835,0.859367,1.0029,-1.39502,0.160825,26,30,0.149269,0.190773,-0.169876,1.68777,0,5.70402
5.724,0.822847,1.14578,-1.25926,0,0,0,0,26,30,0,0,0,0,0,traj_sz=100
5.72415,0.822847,1.14578,-1.25926,0.859367,1.0029,-1.39502,0.160825,26,30,0.147196,0.191716,-0.167354,1.68742,0,5.72415
5.74394,0.823645,1.14383,-1.26442,0,0,0,0,26,30,0,0,0,0,0,traj_sz=100
5.74404,0.823645,1.14383,-1.26442,0.859367,1.0029,-1.39502,0.160825,26,30,0.145141,0.192607,-0.160317,1.68687,0,5.74404
5.76395,0.825066,1.13971,-1.26841,0,0,0,0,26,30,0,0,0,0,0,traj_sz=100
5.76404,0.825066,1.13971,-1.26841,0.859367,1.0029,-1.39502,0.160825,26,30,0.14082,0.191264,-0.154136,1.68597,0,5.76404
5.78406,0.825766,1.13757,-1.27043,0,0,0,0,26,30,0,0,0,0,0,traj_sz=100
5.78416,0.825766,1.13757,-1.27043,0.859367,1.0029,-1.39502,0.160825,26,30,0.138578,0.192029,-0.150446,1.68554,0,5.78416
5.80398,0.828348,1.12932,-1.28002,0,0,0,0,26,30,0,0,0,0,0,traj_sz=100
5.80414,0.828348,1.12932,-1.28002,0.859367,1.0029,-1.39502,0.160825,27,30,0.13001,0.186394,-0.184035,1.68404,0,5.80414
5.82388,0.829752,1.12528,-1.28656,0,0,0,0,27,30,0,0,0,0,0,traj_sz=100
5.82406,0.829752,1.12528,-1.28656,0.859367,1.0029,-1.39502,0.160825,27,30,0.125779,0.185116,-0.176414,1.68318,0,5.82406
5.84397,0.829752,1.12528,-1.28656,0,0,0,0,27,30,0,0,0,0,0,traj_sz=100
5.84406,0.829752,1.12528,-1.28656,0.859367,1.0029,-1.39502,0.160825,27,30,0.125779,0.188124,-0.176414,1.68318,0,5.84406
5.86394,0.83099,1.12148,-1.29138,0,0,0,0,27,30,0,0,0,0,0,traj_sz=100
5.86405,0.83099,1.12148,-1.29138,0.859367,1.0029,-1.39502,0.160825,27,30,0.121812,0.187133,-0.170461,1.68247,0,5.86405
5.88382,0.83209,1.11747,-1.29401,0,0,0,0,27,30,0,0,0,0,0,traj_sz=100
5.88392,0.83209,1.11747,-1.29401,0.859367,1.0029,-1.39502,0.160825,27,30,0.117662,0.185951,-0.165589,1.68193,0,5.88392
5.90397,0.833716,1.11148,-1.29676,0,0,0,0,27,30,0,0,0,0,0,traj_sz=100
5.90406,0.833716,1.11148,-1.29676,0.859367,1.0029,-1.39502,0.160825,27,30,0.111471,0.18269,-0.160217,1.68116,0,5.90406
5.92399,0.834131,1.10946,-1.29767,0,0,0,0,27,30,0,0,0,0,0,traj_sz=100
5.92412,0.834131,1.10946,-1.29767,0.859367,1.0029,-1.39502,0.160825,27,30,0.109414,0.183497,-0.15651,1.68104,0,5.92412
5.94392,0.834981,1.10755,-1.3005,0,0,0,0,27,30,0,0,0,0,0,traj_sz=100
5.944,0.834981,1.10755,-1.3005,0.859367,1.0029,-1.39502,0.160825,27,30,0.107365,0.184281,-0.156088,1.68047,0,5.944
5.96393,0.836261,1.10364,-1.30463,0,0,0,0,27,30,0,0,0,0,0,traj_sz=100
5.96412,0.836261,1.10364,-1.30463,0.859367,1.0029,-1.39502,0.160825,27,30,0.103272,0.183048,-0.151543,1.67977,0,5.96412
5.98395,0.836314,1.10168,-1.30546,0,0,0,0,27,30,0,0,0,0,0,traj_sz=100
5.98434,0.836314,1.10168,-1.30546,0.859367,1.0029,-1.39502,0.160825,27,30,0.101366,0.184018,-0.142965,1.68001,0,5.98434
6.00397,0.838879,1.09387,-1.31614,0,0,0,0,27,30,0,0,0,0,0,traj_sz=100
6.00405,0.838879,1.09387,-1.31614,0.859367,1.0029,-1.39502,0.160825,28,30,0.0931981,0.178651,-0.16678,1.67865,0,6.00405
6.02393,0.839425,1.09185,-1.31582,0,0,0,0,28,30,0,0,0,0,0,traj_sz=100
6.02402,0.839425,1.09185,-1.31582,0.859367,1.0029,-1.39502,0.160825,28,30,0.0911033,0.179412,-0.168413,1.67842,0,6.02402
6.04392,0.840025,1.08997,-1.32068,0,0,0,0,28,30,0,0,0,0,0,traj_sz=100
6.04403,0.840025,1.08997,-1.32068,0.859367,1.0029,-1.39502,0.160825,28,30,0.0891524,0.180309,-0.161983,1.67811,0,6.04403
6.06394,0.840916,1.08609,-1.3225,0,0,0,0,28,30,0,0,0,0,0,traj_sz=100
6.06411,0.840916,1.08609,-1.3225,0.865504,0.968343,-1.41263,0.156132,28,31,0.120182,0.179199,-0.158409,1.67784,0,6.06411
6.0839,0.841136,1.08412,-1.32154,0,0,0,0,28,31,0,0,0,0,0,traj_sz=100
6.084,0.841136,1.08412,-1.32154,0.865504,0.968343,-1.41263,0.156132,28,31,0.118208,0.18007,-0.156573,1.67793,0,6.084
6.10393,0.84332,1.07672,-1.33008,0,0,0,0,28,31,0,0,0,0,0,traj_sz=100
6.10401,0.84332,1.07672,-1.33008,0.865504,0.968343,-1.41263,0.156132,28,31,0.110539,0.175228,-0.147706,1.67697,0,6.10401
6.12399,0.843586,1.0749,-1.33155,0,0,0,0,28,31,0,0,0,0,0,traj_sz=100
6.12409,0.843586,1.0749,-1.33155,0.865504,0.968343,-1.41263,0.156132,28,31,0.108712,0.176203,-0.1427,1.677,0,6.12409
6.14404,0.844303,1.07309,-1.33246,0,0,0,0,28,31,0,0,0,0,0,traj_sz=100
6.14425,0.844303,1.07309,-1.33246,0.865504,0.968343,-1.41263,0.156132,28,31,0.106788,0.177069,-0.145326,1.67659,0,6.14425
6.16399,0.845265,1.06946,-1.33805,0,0,0,0,28,31,0,0,0,0,0,traj_sz=100
6.16415,0.845265,1.06946,-1.33805,0.865504,0.968343,-1.41263,0.156132,28,31,0.103056,0.176075,-0.136848,1.67625,0,6.16415
6.18404,0.845512,1.06758,-1.33772,0,0,0,0,28,31,0,0,0,0,0,traj_sz=100
6.18426,0.845512,1.06758,-1.33772,0.865504,0.968343,-1.41263,0.156132,28,31,0.101171,0.176975,-0.134608,1.67632,0,6.18426
6.20397,0.847392,1.06065,-1.34642,0,0,0,0,28,31,0,0,0,0,0,traj_sz=100
6.20416,0.847392,1.06065,-1.34642,0.865504,0.968343,-1.41263,0.156132,28,31,0.0940249,0.172557,-0.122647,1.67565,0,6.20416
6.22409,0.847866,1.05883,-1.3498,0,0,0,0,28,31,0,0,0,0,0,traj_sz=100
6.22422,0.847866,1.05883,-1.3498,0.865504,0.968343,-1.41263,0.156132,28,31,0.0921543,0.173463,-0.117238,1.6755,0,6.22422
6.24397,0.848155,1.05688,-1.34794,0,0,0,0,28,31,0,0,0,0,0,traj_sz=100
6.24407,0.848155,1.05688,-1.34794,0.865504,0.968343,-1.41263,0.156132,29,31,0.0901784,0.174243,-0.143168,1.67555,0,6.24407
6.26399,0.848953,1.0531,-1.3495,0,0,0,0,29,31,0,0,0,0,0,traj_sz=100
6.26408,0.848953,1.0531,-1.3495,0.865504,0.968343,-1.41263,0.156132,29,31,0.0863198,0.173151,-0.140843,1.67543,0,6.26408
6.28396,0.849576,1.0513,-1.35413,0,0,0,0,29,31,0,0,0,0,0,traj_sz=100
6.28405,0.849576,1.0513,-1.35413,0.865504,0.968343,-1.41263,0.156132,29,31,0.0844418,0.174031,-0.136329,1.67514,0,6.28405
6.30394,0.850379,1.04751,-1.35657,0,0,0,0,29,31,0,0,0,0,0,traj_sz=100
6.30409,0.850379,1.04751,-1.35657,0.87087,0.934694,-1.42452,0.153655,29,32,0.114591,0.172928,-0.132465,1.67503,0,6.30409
6.32398,0.851782,1.04174,-1.36395,0,0,0,0,29,32,0,0,0,0,0,traj_sz=100
6.32408,0.851782,1.04174,-1.36395,0.87087,0.934694,-1.42452,0.153655,29,32,0.10868,0.169761,-0.122616,1.6747,0,6.32408
6.3439,0.852232,1.03976,-1.36488,0,0,0,0,29,32,0,0,0,0,0,traj_sz=100
6.34398,0.852232,1.03976,-1.36488,0.87087,0.934694,-1.42452,0.153655,29,32,0.106661,0.170478,-0.121698,1.67462,0,6.34398
6.36413,0.853064,1.036,-1.36747,0,0,0,0,29,32,0,0,0,0,0,traj_sz=100
6.36428,0.853064,1.036,-1.36747,0.87087,0.934694,-1.42452,0.153655,29,32,0.102814,0.169409,-0.118057,1.67451,0,6.36428
6.3839,0.853362,1.03407,-1.36983,0,0,0,0,29,32,0,0,0,0,0,traj_sz=100
6.38405,0.853362,1.03407,-1.36983,0.87087,0.934694,-1.42452,0.153655,29,32,0.100874,0.170177,-0.112471,1.67458,0,6.38405
6.4039,0.854847,1.02706,-1.37696,0,0,0,0,29,32,0,0,0,0,0,traj_sz=100
6.40427,0.854847,1.02706,-1.37696,0.87087,0.934694,-1.42452,0.153655,29,32,0.0937252,0.165785,-0.1006,1.67446,0,6.40427
6.42393,0.855377,1.02547,-1.38063,0,0,0,0,29,32,0,0,0,0,0,traj_sz=100
6.42401,0.855377,1.02547,-1.38063,0.87087,0.934694,-1.42452,0.153655,29,32,0.0920648,0.166833,-0.0970455,1.67425,0,6.42401
6.44397,0.855651,1.02369,-1.37919,0,0,0,0,29,32,0,0,0,0,0,traj_sz=100
6.44408,0.855651,1.02369,-1.37919,0.87087,0.934694,-1.42452,0.153655,29,32,0.0902686,0.167794,-0.0983786,1.67432,0,6.44408
6.46392,0.856249,1.02011,-1.37925,0,0,0,0,29,32,0,0,0,0,0,traj_sz=100
6.46412,0.856249,1.02011,-1.37925,0.87087,0.934694,-1.42452,0.153655,30,32,0.086635,0.16691,-0.111118,1.67444,0,6.46412
6.48401,0.856582,1.01831,-1.38226,0,0,0,0,30,32,0,0,0,0,0,traj_sz=100
6.48417,0.856582,1.01831,-1.38226,0.87087,0.934694,-1.42452,0.153655,30,32,0.0848155,0.16784,-0.105922,1.67447,0,6.48417
6.50399,0.858244,1.01121,-1.38949,0,0,0,0,30,32,0,0,0,0,0,traj_sz=100
6.50408,0.858244,1.01121,-1.38949,0.875757,0.901519,-1.43108,0.153628,30,33,0.111054,0.163291,-0.0988178,1.67426,0,6.50408
6.524,0.858218,1.00937,-1.3891,0,0,0,0,30,33,0,0,0,0,0,traj_sz=100
6.52412,0.858218,1.00937,-1.3891,0.875757,0.901519,-1.43108,0.153628,30,33,0.109245,0.164234,-0.0943126,1.67466,0,6.52412
6.54387,0.858881,1.00752,-1.38886,0,0,0,0,30,33,0,0,0,0,0,traj_sz=100
6.54398,0.858881,1.00752,-1.38886,0.875757,0.901519,-1.43108,0.153628,30,33,0.107308,0.165022,-0.0996845,1.67439,0,6.54398
6.56384,0.859696,1.00401,-1.3948,0,0,0,0,30,33,0,0,0,0,0,traj_sz=100
6.56395,0.859696,1.00401,-1.3948,0.875757,0.901519,-1.43108,0.153628,30,33,0.103715,0.164193,-0.0918007,1.67431,0,6.56395
6.58387,0.85969,1.00205,-1.39039,0,0,0,0,30,33,0,0,0,0,0,traj_sz=100
6.58396,0.85969,1.00205,-1.39039,0.875757,0.901519,-1.43108,0.153628,30,33,0.10178,0.165055,-0.0945233,1.67472,0,6.58396
6.60394,0.860844,0.994894,-1.39489,0,0,0,0,30,33,0,0,0,0,0,traj_sz=100
6.60404,0.860844,0.994894,-1.39489,0.875757,0.901519,-1.43108,0.153628,30,33,0.0945442,0.160608,-0.0847074,1.6751,0,6.60404
6.62392,0.861386,0.993162,-1.39861,0,0,0,0,30,33,0,0,0,0,0,traj_sz=100
6.62417,0.861386,0.993162,-1.39861,0.875757,0.901519,-1.43108,0.153628,30,33,0.0927505,0.16161,-0.081458,1.67493,0,6.62417
6.64394,0.861667,0.991402,-1.39909,0,0,0,0,30,33,0,0,0,0,0,traj_sz=100
6.6441,0.861667,0.991402,-1.39909,0.875757,0.901519,-1.43108,0.153628,30,33,0.0909684,0.162606,-0.0801201,1.67504,0,6.6441
6.66388,0.862319,0.987879,-1.40138,0,0,0,0,30,33,0,0,0,0,0,traj_sz=100
6.66404,0.862319,0.987879,-1.40138,0.875757,0.901519,-1.43108,0.153628,30,33,0.0873891,0.161799,-0.0763884,1.67516,0,6.66404
6.68389,0.862902,0.986092,-1.40368,0,0,0,0,30,33,0,0,0,0,0,traj_sz=100
6.68402,0.862902,0.986092,-1.40368,0.875757,0.901519,-1.43108,0.153628,30,33,0.0855329,0.162728,-0.0761788,1.67498,0,6.68402
6.70398,0.86369,0.978922,-1.40298,0,0,0,0,30,33,0,0,0,0,0,traj_sz=100
6.70408,0.86369,0.978922,-1.40298,0.875757,0.901519,-1.43108,0.153628,31,33,0.0783308,0.158321,-0.077056,1.67578,0,6.70408
6.72388,0.864441,0.977278,-1.40817,0,0,0,0,31,33,0,0,0,0,0,traj_sz=100
6.72399,0.864441,0.977278,-1.40817,0.880425,0.868318,-1.43253,0.156185,31,34,0.110111,0.159352,-0.0749462,1.67541,0,6.72399
6.74397,0.864797,0.97544,-1.40959,0,0,0,0,31,34,0,0,0,0,0,traj_sz=100
6.74412,0.864797,0.97544,-1.40959,0.880425,0.868318,-1.43253,0.156185,31,34,0.108242,0.160284,-0.0733198,1.67547,0,6.74412
6.76386,0.865062,0.971742,-1.40772,0,0,0,0,31,34,0,0,0,0,0,traj_sz=100
6.76394,0.865062,0.971742,-1.40772,0.880425,0.868318,-1.43253,0.156185,31,34,0.104546,0.159354,-0.0718609,1.67605,0,6.76394
6.78389,0.866058,0.968247,-1.41151,0,0,0,0,31,34,0,0,0,0,0,traj_sz=100
6.78414,0.866058,0.968247,-1.41151,0.880425,0.868318,-1.43253,0.156185,31,34,0.100943,0.15865,-0.0715387,1.67587,0,6.78414
6.80382,0.866791,0.963433,-1.41198,0,0,0,0,31,34,0,0,0,0,0,traj_sz=100
6.80397,0.866791,0.963433,-1.41198,0.880425,0.868318,-1.43253,0.156185,31,34,0.0960745,0.156662,-0.0701833,1.67626,0,6.80397
6.82378,0.867242,0.961853,-1.41618,0,0,0,0,31,34,0,0,0,0,0,traj_sz=100
6.82383,0.867242,0.961853,-1.41618,0.880425,0.868318,-1.43253,0.156185,31,34,0.0944496,0.157911,-0.065576,1.67619,0,6.82383
6.8441,0.867513,0.960058,-1.41679,0,0,0,0,31,34,0,0,0,0,0,traj_sz=100
6.84424,0.867513,0.960058,-1.41679,0.880425,0.868318,-1.43253,0.156185,31,34,0.0926345,0.159049,-0.0642458,1.67634,0,6.84424
6.8639,0.868194,0.956589,-1.41711,0,0,0,0,31,34,0,0,0,0,0,traj_sz=100
6.86399,0.868194,0.956589,-1.41711,0.880425,0.868318,-1.43253,0.156185,31,34,0.0891029,0.158378,-0.0655645,1.67649,0,6.86399
6.88395,0.868619,0.955033,-1.41997,0,0,0,0,31,34,0,0,0,0,0,traj_sz=100
6.88406,0.868619,0.955033,-1.41997,0.880425,0.868318,-1.43253,0.156185,31,34,0.0875042,0.159682,-0.0630396,1.67644,0,6.88406
6.90389,0.869909,0.948174,-1.42259,0,0,0,0,31,34,0,0,0,0,0,traj_sz=100
6.90398,0.869909,0.948174,-1.42259,0.880425,0.868318,-1.43253,0.156185,32,34,0.0805334,0.15559,-0.058096,1.67682,0,6.90398
6.92393,0.870546,0.944871,-1.42444,0,0,0,0,32,34,0,0,0,0,0,traj_sz=100
6.92403,0.870546,0.944871,-1.42444,0.880425,0.868318,-1.43253,0.156185,32,34,0.0771756,0.155135,-0.056993,1.67699,0,6.92403
6.9439,0.870546,0.944871,-1.42444,0,0,0,0,32,34,0,0,0,0,0,traj_sz=100
6.94404,0.870546,0.944871,-1.42444,0.880425,0.868318,-1.43253,0.156185,32,34,0.0771756,0.158033,-0.056993,1.67699,0,6.94404
6.96382,0.87109,0.941514,-1.42481,0,0,0,0,32,34,0,0,0,0,0,traj_sz=100
6.96391,0.87109,0.941514,-1.42481,0.885122,0.834558,-1.4288,0.161336,32,35,0.10786,0.157511,-0.0570703,1.67728,0,6.96391
6.98393,0.871466,0.938158,-1.42468,0,0,0,0,32,35,0,0,0,0,0,traj_sz=100
6.98406,0.871466,0.938158,-1.42468,0.885122,0.834558,-1.4288,0.161336,32,35,0.104484,0.157057,-0.0555444,1.67774,0,6.98406
7.00395,0.872358,0.933187,-1.42979,0,0,0,0,32,35,0,0,0,0,0,traj_sz=100
7.00408,0.872358,0.933187,-1.42979,0.885122,0.834558,-1.4288,0.161336,32,35,0.0994445,0.155083,-0.0487095,1.6781,0,7.00408
7.02381,0.872651,0.931493,-1.42649,0,0,0,0,32,35,0,0,0,0,0,traj_sz=100
7.0239,0.872651,0.931493,-1.42649,0.885122,0.834558,-1.4288,0.161336,32,35,0.0977214,0.15641,-0.055289,1.67824,0,7.0239
7.04379,0.872646,0.929801,-1.42642,0,0,0,0,32,35,0,0,0,0,0,traj_sz=100
7.04385,0.872646,0.929801,-1.42642,0.885122,0.834558,-1.4288,0.161336,32,35,0.0960468,0.1578,-0.0516464,1.67866,0,7.04385
7.064,0.873247,0.926456,-1.42653,0,0,0,0,32,35,0,0,0,0,0,traj_sz=100
7.0641,0.873247,0.926456,-1.42653,0.885122,0.834558,-1.4288,0.161336,32,35,0.0926504,0.157512,-0.053056,1.67892,0,7.0641
7.08405,0.87325,0.92479,-1.42658,0,0,0,0,32,35,0,0,0,0,0,traj_sz=100
7.08417,0.87325,0.92479,-1.42658,0.885122,0.834558,-1.4288,0.161336,32,35,0.0910019,0.158946,-0.0493755,1.67934,0,7.08417
7.10394,0.874573,0.918247,-1.43276,0,0,0,0,32,35,0,0,0,0,0,traj_sz=100
7.10411,0.874573,0.918247,-1.43276,0.885122,0.834558,-1.4288,0.161336,33,35,0.0843448,0.155339,-0.0315911,1.67973,0,7.10411
7.12395,0.874605,0.916577,-1.42993,0,0,0,0,33,35,0,0,0,0,0,traj_sz=100
7.12405,0.874605,0.916577,-1.42993,0.885122,0.834558,-1.4288,0.161336,33,35,0.0826832,0.156747,-0.0336619,1.68013,0,7.12405
7.14401,0.875003,0.914912,-1.43144,0,0,0,0,33,35,0,0,0,0,0,traj_sz=100
7.14412,0.875003,0.914912,-1.43144,0.885122,0.834558,-1.4288,0.161336,33,35,0.0809804,0.158124,-0.0333866,1.68018,0,7.14412
7.16389,0.87525,0.911603,-1.42965,0,0,0,0,33,35,0,0,0,0,0,traj_sz=100
7.16401,0.87525,0.911603,-1.42965,0.885122,0.834558,-1.4288,0.161336,33,35,0.0776677,0.157866,-0.0333532,1.6808,0,7.16401
7.18395,0.875567,0.910102,-1.43245,0,0,0,0,33,35,0,0,0,0,0,traj_sz=100
7.18404,0.875567,0.910102,-1.43245,0.890103,0.799703,-1.41957,0.168944,33,36,0.111349,0.159414,-0.0298958,1.68088,0,7.18404
7.20383,0.876553,0.903579,-1.43292,0,0,0,0,33,36,0,0,0,0,0,traj_sz=100
7.20393,0.876553,0.903579,-1.43292,0.890103,0.799703,-1.41957,0.168944,33,36,0.104753,0.155894,-0.0300778,1.68165,0,7.20393
7.22388,0.876934,0.901919,-1.43457,0,0,0,0,33,36,0,0,0,0,0,traj_sz=100
7.22397,0.876934,0.901919,-1.43457,0.890103,0.799703,-1.41957,0.168944,33,36,0.103058,0.157512,-0.0292945,1.68173,0,7.22397
7.24384,0.876972,0.900287,-1.43349,0,0,0,0,33,36,0,0,0,0,0,traj_sz=100
7.24396,0.876972,0.900287,-1.43349,0.890103,0.799703,-1.41957,0.168944,33,36,0.101435,0.159195,-0.0283891,1.68212,0,7.24396
7.26395,0.877638,0.897098,-1.43552,0,0,0,0,33,36,0,0,0,0,0,traj_sz=100
7.26418,0.877638,0.897098,-1.43552,0.890103,0.799703,-1.41957,0.168944,33,36,0.098186,0.159283,-0.0279663,1.68234,0,7.26418
7.28389,0.877755,0.895556,-1.43572,0,0,0,0,33,36,0,0,0,0,0,traj_sz=100
7.28398,0.877755,0.895556,-1.43572,0.890103,0.799703,-1.41957,0.168944,33,36,0.0966431,0.16102,-0.0261404,1.68264,0,7.28398
7.30391,0.878623,0.889135,-1.43263,0,0,0,0,33,36,0,0,0,0,0,traj_sz=100
7.30397,0.878623,0.889135,-1.43263,0.890103,0.799703,-1.41957,0.168944,33,36,0.0901607,0.157846,-0.0311819,1.68355,0,7.30397
7.32388,0.878954,0.887586,-1.43557,0,0,0,0,33,36,0,0,0,0,0,traj_sz=100
7.32401,0.878954,0.887586,-1.43557,0.890103,0.799703,-1.41957,0.168944,33,36,0.0885837,0.159577,-0.0275545,1.68366,0,7.32401
7.34403,0.879115,0.885924,-1.43594,0,0,0,0,33,36,0,0,0,0,0,traj_sz=100
7.34412,0.879115,0.885924,-1.43594,0.890103,0.799703,-1.41957,0.168944,33,36,0.0869157,0.161236,-0.0258177,1.68396,0,7.34412
7.3639,0.879671,0.882584,-1.4349,0,0,0,0,33,36,0,0,0,0,0,traj_sz=100
7.36397,0.879671,0.882584,-1.4349,0.890103,0.799703,-1.41957,0.168944,34,36,0.0835305,0.161134,-0.00916166,1.68435,0,7.36397
7.38399,0.879976,0.880914,-1.4378,0,0,0,0,34,36,0,0,0,0,0,traj_sz=100
7.38407,0.879976,0.880914,-1.4378,0.890103,0.799703,-1.41957,0.168944,34,36,0.0818366,0.162761,-0.00500457,1.68452,0,7.38407
7.40405,0.880852,0.874236,-1.43434,0,0,0,0,34,36,0,0,0,0,0,traj_sz=100
7.40417,0.880852,0.874236,-1.43434,0.895657,0.763253,-1.40426,0.178711,34,37,0.111965,0.159348,-0.0104627,1.68555,0,7.40417
7.42399,0.880982,0.87264,-1.43426,0,0,0,0,34,37,0,0,0,0,0,traj_sz=100
7.42415,0.880982,0.87264,-1.43426,0.895657,0.763253,-1.40426,0.178711,34,37,0.110367,0.16111,-0.00922755,1.68588,0,7.42415
7.44395,0.881356,0.870974,-1.43746,0,0,0,0,34,37,0,0,0,0,0,traj_sz=100
7.44403,0.881356,0.870974,-1.43746,0.895657,0.763253,-1.40426,0.178711,34,37,0.108666,0.162985,-0.00556628,1.68599,0,7.44403
7.46395,0.881987,0.867454,-1.43726,0,0,0,0,34,37,0,0,0,0,0,traj_sz=100
7.46405,0.881987,0.867454,-1.43726,0.895657,0.763253,-1.40426,0.178711,34,37,0.105093,0.163008,-0.00802266,1.68639,0,7.46405
7.4841,0.8822,0.865644,-1.43708,0,0,0,0,34,37,0,0,0,0,0,traj_sz=100
7.48423,0.8822,0.865644,-1.43708,0.895657,0.763253,-1.40426,0.178711,34,37,0.103271,0.164813,-0.00777648,1.68671,0,7.48423
7.50382,0.882981,0.858508,-1.43482,0,0,0,0,34,37,0,0,0,0,0,traj_sz=100
7.50391,0.882981,0.858508,-1.43482,0.895657,0.763253,-1.40426,0.178711,34,37,0.0960943,0.161177,-0.00868763,1.68802,0,7.50391
7.52392,0.883289,0.856709,-1.43751,0,0,0,0,34,37,0,0,0,0,0,traj_sz=100
7.52403,0.883289,0.856709,-1.43751,0.895657,0.763253,-1.40426,0.178711,34,37,0.0942707,0.16297,-0.00470635,1.68825,0,7.52403
7.54382,0.883639,0.854832,-1.43533,0,0,0,0,34,37,0,0,0,0,0,traj_sz=100
7.5439,0.883639,0.854832,-1.43533,0.895657,0.763253,-1.40426,0.178711,34,37,0.0923629,0.164635,-0.00995525,1.68847,0,7.5439
7.56388,0.884226,0.851082,-1.43718,0,0,0,0,34,37,0,0,0,0,0,traj_sz=100
7.56399,0.884226,0.851082,-1.43718,0.895657,0.763253,-1.40426,0.178711,35,37,0.0885693,0.164449,0.0203305,1.68901,0,7.56399
7.58394,0.884143,0.849076,-1.43344,0,0,0,0,35,37,0,0,0,0,0,traj_sz=100
7.58423,0.884143,0.849076,-1.43344,0.895657,0.763253,-1.40426,0.178711,35,37,0.0865909,0.16609,0.0190976,1.68968,0,7.58423
7.60393,0.885372,0.84144,-1.43699,0,0,0,0,35,37,0,0,0,0,0,traj_sz=100
7.60403,0.885372,0.84144,-1.43699,0.902121,0.724791,-1.38208,0.190152,35,38,0.11784,0.16194,0.0234542,1.69079,0,7.60403
7.62395,0.885656,0.839538,-1.43537,0,0,0,0,35,38,0,0,0,0,0,traj_sz=100
7.62404,0.885656,0.839538,-1.43537,0.902121,0.724791,-1.38208,0.190152,35,38,0.115919,0.163614,0.0203424,1.69109,0,7.62404
7.64389,0.885766,0.83761,-1.4353,0,0,0,0,35,38,0,0,0,0,0,traj_sz=100
7.64402,0.885766,0.83761,-1.4353,0.902121,0.724791,-1.38208,0.190152,35,38,0.113994,0.165374,0.0226827,1.69157,0,7.64402
7.66398,0.886482,0.833807,-1.43528,0,0,0,0,35,38,0,0,0,0,0,traj_sz=100
7.66414,0.886482,0.833807,-1.43528,0.902121,0.724791,-1.38208,0.190152,35,38,0.110129,0.165448,0.0200704,1.69204,0,7.66414
7.68402,0.88653,0.831952,-1.436,0,0,0,0,35,38,0,0,0,0,0,traj_sz=100
7.68438,0.88653,0.831952,-1.436,0.902121,0.724791,-1.38208,0.190152,35,38,0.108284,0.167579,0.0245977,1.69257,0,7.68438
7.70385,0.887842,0.824758,-1.43658,0,0,0,0,35,38,0,0,0,0,0,traj_sz=100
7.70393,0.887842,0.824758,-1.43658,0.902121,0.724791,-1.38208,0.190152,35,38,0.100978,0.16411,0.0214432,1.69353,0,7.70393
7.724,0.888332,0.82122,-1.43509,0,0,0,0,35,38,0,0,0,0,0,traj_sz=100
7.72408,0.888332,0.82122,-1.43509,0.902121,0.724791,-1.38208,0.190152,35,38,0.097408,0.164492,0.0189832,1.69417,0,7.72408
7.74415,0.888332,0.82122,-1.43509,0,0,0,0,35,38,0,0,0,0,0,traj_sz=100
7.74432,0.888332,0.82122,-1.43509,0.902121,0.724791,-1.38208,0.190152,35,38,0.097408,0.168459,0.0189832,1.69417,0,7.74432
7.76393,0.888905,0.817672,-1.43495,0,0,0,0,35,38,0,0,0,0,0,traj_sz=100
7.76407,0.888905,0.817672,-1.43495,0.902121,0.724791,-1.38208,0.190152,35,38,0.0938152,0.16874,0.0177645,1.69474,0,7.76407
7.78392,0.88893,0.815873,-1.43172,0,0,0,0,35,38,0,0,0,0,0,traj_sz=100
7.78402,0.88893,0.815873,-1.43172,0.902121,0.724791,-1.38208,0.190152,36,38,0.0920315,0.17087,0.0518854,1.69528,0,7.78402
7.80405,0.889634,0.808919,-1.42749,0,0,0,0,36,38,0,0,0,0,0,traj_sz=100
7.80418,0.889634,0.808919,-1.42749,0.902121,0.724791,-1.38208,0.190152,36,38,0.0850492,0.167843,0.0495378,1.69681,0,7.80418
7.82403,0.890426,0.80549,-1.42884,0,0,0,0,36,38,0,0,0,0,0,traj_sz=100
7.82413,0.890426,0.80549,-1.42884,0.909905,0.684029,-1.3521,0.202595,36,39,0.122995,0.168248,0.0479817,1.69716,0,7.82413
7.84388,0.890426,0.80549,-1.42884,0,0,0,0,36,39,0,0,0,0,0,traj_sz=100
7.84398,0.890426,0.80549,-1.42884,0.909905,0.684029,-1.3521,0.202595,36,39,0.122995,0.172141,0.0479817,1.69716,0,7.84398
7.86394,0.891099,0.801952,-1.43192,0,0,0,0,36,39,0,0,0,0,0,traj_sz=100
7.86403,0.891099,0.801952,-1.43192,0.909905,0.684029,-1.3521,0.202595,36,39,0.119391,0.172604,0.0515349,1.69766,0,7.86403
7.88391,0.891137,0.800123,-1.42766,0,0,0,0,36,39,0,0,0,0,0,traj_sz=100
7.884,0.891137,0.800123,-1.42766,0.909905,0.684029,-1.3521,0.202595,36,39,0.117584,0.175057,0.0474369,1.69822,0,7.884
7.90387,0.89224,0.793058,-1.42731,0,0,0,0,36,39,0,0,0,0,0,traj_sz=100
7.90405,0.89224,0.793058,-1.42731,0.909905,0.684029,-1.3521,0.202595,36,39,0.110434,0.172185,0.0464035,1.69948,0,7.90405
7.92389,0.892493,0.791296,-1.42738,0,0,0,0,36,39,0,0,0,0,0,traj_sz=100
7.92398,0.892493,0.791296,-1.42738,0.909905,0.684029,-1.3521,0.202595,36,39,0.108654,0.174666,0.046778,1.69982,0,7.92398
7.94386,0.89247,0.789339,-1.42337,0,0,0,0,36,39,0,0,0,0,0,traj_sz=100
7.94402,0.89247,0.789339,-1.42337,0.909905,0.684029,-1.3521,0.202595,36,39,0.106728,0.177011,0.0443088,1.70048,0,7.94402
7.96395,0.893087,0.785636,-1.4229,0,0,0,0,36,39,0,0,0,0,0,traj_sz=100
7.96408,0.893087,0.785636,-1.4229,0.909905,0.684029,-1.3521,0.202595,36,39,0.102976,0.177548,0.0426848,1.70112,0,7.96408
7.98383,0.893728,0.783736,-1.42487,0,0,0,0,36,39,0,0,0,0,0,traj_sz=100
7.98391,0.893728,0.783736,-1.42487,0.909905,0.684029,-1.3521,0.202595,36,39,0.100999,0.179809,0.0410261,1.70115,0,7.98391
8.00389,0.89488,0.77605,-1.42196,0,0,0,0,36,39,0,0,0,0,0,traj_sz=100
8.00398,0.89488,0.77605,-1.42196,0.909905,0.684029,-1.3521,0.202595,37,39,0.0932321,0.176324,0.0828126,1.70264,0,8.00398
8.02391,0.895112,0.774103,-1.42084,0,0,0,0,37,39,0,0,0,0,0,traj_sz=100
8.02401,0.895112,0.774103,-1.42084,0.909905,0.684029,-1.3521,0.202595,37,39,0.0912731,0.178644,0.0822165,1.70308,0,8.02401
8.04383,0.895518,0.772101,-1.42032,0,0,0,0,37,39,0,0,0,0,0,traj_sz=100
8.04394,0.895518,0.772101,-1.42032,0.919496,0.640868,-1.31332,0.215197,37,40,0.133345,0.180856,0.0802371,1.70338,0,8.04394
8.06383,0.89616,0.768095,-1.41689,0,0,0,0,37,40,0,0,0,0,0,traj_sz=100
8.06398,0.89616,0.768095,-1.41689,0.919496,0.640868,-1.31332,0.215197,37,40,0.129301,0.181082,0.0745443,1.70414,0,8.06398
8.08384,0.896638,0.766077,-1.42019,0,0,0,0,37,40,0,0,0,0,0,traj_sz=100
8.08391,0.896638,0.766077,-1.42019,0.919496,0.640868,-1.31332,0.215197,37,40,0.127221,0.183429,0.0784179,1.70438,0,8.08391
8.10382,0.898213,0.758125,-1.41652,0,0,0,0,37,40,0,0,0,0,0,traj_sz=100
8.10395,0.898213,0.758125,-1.41652,0.919496,0.640868,-1.31332,0.215197,37,40,0.119135,0.179948,0.068295,1.70564,0,8.10395
8.12386,0.899054,0.754017,-1.4146,0,0,0,0,37,40,0,0,0,0,0,traj_sz=100
8.12397,0.899054,0.754017,-1.4146,0.919496,0.640868,-1.31332,0.215197,37,40,0.114952,0.180387,0.0626051,1.70628,0,8.12397
8.1439,0.899054,0.754017,-1.4146,0,0,0,0,37,40,0,0,0,0,0,traj_sz=100
8.14399,0.899054,0.754017,-1.4146,0.919496,0.640868,-1.31332,0.215197,37,40,0.114952,0.185011,0.0626051,1.70628,0,8.14399
8.16397,0.899823,0.749876,-1.41567,0,0,0,0,37,40,0,0,0,0,0,traj_sz=100
8.16407,0.899823,0.749876,-1.41567,0.919496,0.640868,-1.31332,0.215197,37,40,0.110738,0.185435,0.0634463,1.70701,0,8.16407
8.18393,0.900173,0.747715,-1.41022,0,0,0,0,37,40,0,0,0,0,0,traj_sz=100
8.18406,0.900173,0.747715,-1.41022,0.919496,0.640868,-1.31332,0.215197,37,40,0.108562,0.18786,0.0538399,1.70745,0,8.18406
8.2039,0.901468,0.73973,-1.40558,0,0,0,0,37,40,0,0,0,0,0,traj_sz=100
8.20397,0.901468,0.73973,-1.40558,0.919496,0.640868,-1.31332,0.215197,38,40,0.100481,0.184374,0.103238,1.70907,0,8.20397
8.22388,0.902202,0.73784,-1.40921,0,0,0,0,38,40,0,0,0,0,0,traj_sz=100
8.22404,0.902202,0.73784,-1.40921,0.919496,0.640868,-1.31332,0.215197,38,40,0.0984912,0.187013,0.104271,1.70906,0,8.22404
8.2439,0.902203,0.735668,-1.40339,0,0,0,0,38,40,0,0,0,0,0,traj_sz=100
8.24402,0.902203,0.735668,-1.40339,0.919496,0.640868,-1.31332,0.215197,38,40,0.0963559,0.189492,0.0999007,1.70984,0,8.24402
8.26381,0.902937,0.731566,-1.40118,0,0,0,0,38,40,0,0,0,0,0,traj_sz=100
8.26394,0.902937,0.731566,-1.40118,0.931454,0.595452,-1.26482,0.22699,38,41,0.138974,0.18992,0.0966459,1.71063,0,8.26394
8.28396,0.903625,0.72961,-1.40455,0,0,0,0,38,41,0,0,0,0,0,traj_sz=100
8.28407,0.903625,0.72961,-1.40455,0.931454,0.595452,-1.26482,0.22699,38,41,0.136913,0.192523,0.0980972,1.7107,0,8.28407
8.30396,0.904856,0.721611,-1.39745,0,0,0,0,38,41,0,0,0,0,0,traj_sz=100
8.30405,0.904856,0.721611,-1.39745,0.931454,0.595452,-1.26482,0.22699,38,41,0.128855,0.189223,0.0896762,1.71247,0,8.30405
8.32395,0.904914,0.719497,-1.39539,0,0,0,0,38,41,0,0,0,0,0,traj_sz=100
8.32418,0.904914,0.719497,-1.39539,0.931454,0.595452,-1.26482,0.22699,38,41,0.126773,0.192102,0.0910587,1.71319,0,8.32418
8.34388,0.905473,0.717367,-1.39364,0,0,0,0,38,41,0,0,0,0,0,traj_sz=100
8.34406,0.905473,0.717367,-1.39364,0.931454,0.595452,-1.26482,0.22699,38,41,0.124586,0.194815,0.0856733,1.71346,0,8.34406
8.36389,0.906151,0.713293,-1.39133,0,0,0,0,38,41,0,0,0,0,0,traj_sz=100
8.36397,0.906151,0.713293,-1.39133,0.931454,0.595452,-1.26482,0.22699,38,41,0.120465,0.195605,0.0829922,1.71434,0,8.36397
8.38389,0.906541,0.711205,-1.38916,0,0,0,0,38,41,0,0,0,0,0,traj_sz=100
8.38409,0.906541,0.711205,-1.38916,0.931454,0.595452,-1.26482,0.22699,38,41,0.118349,0.198437,0.0792126,1.71475,0,8.38409
8.40388,0.908217,0.702961,-1.38528,0,0,0,0,38,41,0,0,0,0,0,traj_sz=100
8.40396,0.908217,0.702961,-1.38528,0.964829,0.4999,-1.13626,0.244334,39,43,0.210019,0.194945,0.138239,1.71629,0,8.40396
8.42395,0.908516,0.70069,-1.38144,0,0,0,0,39,43,0,0,0,0,0,traj_sz=100
8.42401,0.908516,0.70069,-1.38144,0.964829,0.4999,-1.13626,0.244334,39,43,0.2078,0.197612,0.13434,1.71687,0,8.42401
8.44385,0.908936,0.698727,-1.38502,0,0,0,0,39,43,0,0,0,0,0,traj_sz=100
8.44399,0.908936,0.698727,-1.38502,0.964829,0.4999,-1.13626,0.244334,39,43,0.205729,0.200533,0.141024,1.71722,0,8.44399
8.46404,0.909943,0.694508,-1.37917,0,0,0,0,39,43,0,0,0,0,0,traj_sz=100
8.46413,0.909943,0.694508,-1.37917,0.964829,0.4999,-1.13626,0.244334,39,43,0.201499,0.20117,0.129482,1.7179,0,8.46413
8.484,0.909903,0.692441,-1.3749,0,0,0,0,39,43,0,0,0,0,0,traj_sz=100
8.48411,0.909903,0.692441,-1.3749,0.964829,0.4999,-1.13626,0.244334,39,43,0.199549,0.204089,0.129115,1.71872,0,8.48411
8.50394,0.912102,0.684108,-1.37075,0,0,0,0,39,43,0,0,0,0,0,traj_sz=100
8.50404,0.912102,0.684108,-1.37075,0.964829,0.4999,-1.13626,0.244334,39,43,0.191012,0.200398,0.116567,1.7199,0,8.50404
8.5242,0.912351,0.681911,-1.3667,0,0,0,0,39,43,0,0,0,0,0,traj_sz=100
8.52433,0.912351,0.681911,-1.3667,0.964829,0.4999,-1.13626,0.244334,39,43,0.18887,0.203377,0.112767,1.72052,0,8.52433
8.54407,0.91281,0.679727,-1.3654,0,0,0,0,39,43,0,0,0,0,0,traj_sz=100
8.54425,0.91281,0.679727,-1.3654,0.964829,0.4999,-1.13626,0.244334,39,43,0.186657,0.20632,0.110819,1.72095,0,8.54425
8.56398,0.913998,0.675444,-1.3628,0,0,0,0,39,43,0,0,0,0,0,traj_sz=100
8.56406,0.913998,0.675444,-1.3628,0.964829,0.4999,-1.13626,0.244334,39,43,0.182257,0.207037,0.102676,1.72153,0,8.56406
8.58389,0.914313,0.673161,-1.35997,0,0,0,0,39,43,0,0,0,0,0,traj_sz=100
8.58397,0.914313,0.673161,-1.35997,0.964829,0.4999,-1.13626,0.244334,39,43,0.179997,0.20992,0.100411,1.72214,0,8.58397
8.60407,0.916386,0.664277,-1.35073,0,0,0,0,39,43,0,0,0,0,0,traj_sz=100
8.60417,0.916386,0.664277,-1.35073,0.964829,0.4999,-1.13626,0.244334,39,43,0.170988,0.206046,0.0823229,1.72374,0,8.60417
8.62396,0.916635,0.6619,-1.34634,0,0,0,0,39,43,0,0,0,0,0,traj_sz=100
8.62407,0.916635,0.6619,-1.34634,0.964829,0.4999,-1.13626,0.244334,40,43,0.168663,0.208849,0.15808,1.72446,0,8.62407
8.64388,0.917152,0.659605,-1.34533,0,0,0,0,40,43,0,0,0,0,0,traj_sz=100
8.64403,0.917152,0.659605,-1.34533,0.964829,0.4999,-1.13626,0.244334,40,43,0.166321,0.211684,0.157525,1.72491,0,8.64403
8.66382,0.918335,0.654951,-1.34149,0,0,0,0,40,43,0,0,0,0,0,traj_sz=100
8.66391,0.918335,0.654951,-1.34149,0.964829,0.4999,-1.13626,0.244334,40,43,0.161561,0.212053,0.151235,1.72569,0,8.66391
8.684,0.918883,0.652619,-1.34038,0,0,0,0,40,43,0,0,0,0,0,traj_sz=100
8.68417,0.918883,0.652619,-1.34038,0.987276,0.451533,-1.05597,0.248583,40,44,0.211391,0.214914,0.150185,1.72613,0,8.68417
8.70387,0.920718,0.643572,-1.32748,0,0,0,0,40,44,0,0,0,0,0,traj_sz=100
8.70403,0.920718,0.643572,-1.32748,0.987276,0.451533,-1.05597,0.248583,40,44,0.202418,0.210861,0.134914,1.72813,0,8.70403
8.72397,0.921431,0.641569,-1.32775,0,0,0,0,40,44,0,0,0,0,0,traj_sz=100
8.72409,0.921431,0.641569,-1.32775,0.987276,0.451533,-1.05597,0.248583,40,44,0.200297,0.213961,0.132702,1.7283,0,8.72409
8.74388,0.922082,0.639573,-1.32731,0,0,0,0,40,44,0,0,0,0,0,traj_sz=100
8.74398,0.922082,0.639573,-1.32731,0.987276,0.451533,-1.05597,0.248583,40,44,0.198211,0.217159,0.130101,1.72853,0,8.74398
8.76391,0.923301,0.634923,-1.32424,0,0,0,0,40,44,0,0,0,0,0,traj_sz=100
8.76401,0.923301,0.634923,-1.32424,0.987276,0.451533,-1.05597,0.248583,40,44,0.193458,0.217736,0.124643,1.72933,0,8.76401
8.78391,0.923846,0.632527,-1.32013,0,0,0,0,40,44,0,0,0,0,0,traj_sz=100
8.78407,0.923846,0.632527,-1.32013,0.987276,0.451533,-1.05597,0.248583,40,44,0.191071,0.220672,0.118497,1.72983,0,8.78407
8.80388,0.92621,0.623443,-1.31012,0,0,0,0,40,44,0,0,0,0,0,traj_sz=100
8.80409,0.92621,0.623443,-1.31012,0.987276,0.451533,-1.05597,0.248583,40,44,0.181841,0.216651,0.100884,1.73147,0,8.80409
8.8239,0.926783,0.621074,-1.30663,0,0,0,0,40,44,0,0,0,0,0,traj_sz=100
8.82398,0.926783,0.621074,-1.30663,0.987276,0.451533,-1.05597,0.248583,40,44,0.179455,0.21958,0.0953364,1.73194,0,8.82398
8.8439,0.927487,0.618812,-1.30496,0,0,0,0,40,44,0,0,0,0,0,traj_sz=100
8.84402,0.927487,0.618812,-1.30496,0.987276,0.451533,-1.05597,0.248583,40,44,0.17711,0.222594,0.0907683,1.73226,0,8.84402
8.86386,0.928749,0.614094,-1.29889,0,0,0,0,40,44,0,0,0,0,0,traj_sz=100
8.86404,0.928749,0.614094,-1.29889,0.987276,0.451533,-1.05597,0.248583,41,44,0.172307,0.223087,0.175296,1.73311,0,8.86404
8.8838,0.92936,0.611761,-1.29615,0,0,0,0,41,44,0,0,0,0,0,traj_sz=100
8.88389,0.92936,0.611761,-1.29615,0.987276,0.451533,-1.05597,0.248583,41,44,0.169931,0.226014,0.17217,1.73355,0,8.88389
8.90388,0.932223,0.602417,-1.28831,0,0,0,0,41,44,0,0,0,0,0,traj_sz=100
8.90395,0.932223,0.602417,-1.28831,0.987276,0.451533,-1.05597,0.248583,41,44,0.16025,0.221631,0.15932,1.73497,0,8.90395
8.9238,0.932844,0.599931,-1.28586,0,0,0,0,41,44,0,0,0,0,0,traj_sz=100
8.92392,0.932844,0.599931,-1.28586,1.01399,0.404314,-0.965578,0.25,41,45,0.21054,0.22443,0.157267,1.73548,0,8.92392
8.9438,0.933499,0.597543,-1.28307,0,0,0,0,41,45,0,0,0,0,0,traj_sz=100
8.94393,0.933499,0.597543,-1.28307,1.01399,0.404314,-0.965578,0.25,41,45,0.208127,0.227325,0.153671,1.73592,0,8.94393
8.96393,0.934725,0.592898,-1.27414,0,0,0,0,41,45,0,0,0,0,0,traj_sz=100
8.96415,0.934725,0.592898,-1.27414,1.01399,0.404314,-0.965578,0.25,41,45,0.203517,0.228008,0.141057,1.73684,0,8.96415
8.98398,0.936126,0.588449,-1.27089,0,0,0,0,41,45,0,0,0,0,0,traj_sz=100
8.98409,0.936126,0.588449,-1.27089,1.01399,0.404314,-0.965578,0.25,41,45,0.198919,0.228778,0.135264,1.73752,0,8.98409
9.00385,0.938325,0.581129,-1.26483,0,0,0,0,41,45,0,0,0,0,0,traj_sz=100
9.00391,0.938325,0.581129,-1.26483,1.01399,0.404314,-0.965578,0.25,41,45,0.191395,0.226537,0.125963,1.73877,0,9.00391
9.02384,0.939156,0.578724,-1.26179,0,0,0,0,41,45,0,0,0,0,0,traj_sz=100
9.02402,0.939156,0.578724,-1.26179,1.01399,0.404314,-0.965578,0.25,41,45,0.188907,0.229457,0.119485,1.73909,0,9.02402
9.04389,0.940043,0.576367,-1.26015,0,0,0,0,41,45,0,0,0,0,0,traj_sz=100
9.04398,0.940043,0.576367,-1.26015,1.01399,0.404314,-0.965578,0.25,41,45,0.186421,0.232378,0.114485,1.73934,0,9.04398
9.06392,0.941627,0.571567,-1.25496,0,0,0,0,41,45,0,0,0,0,0,traj_sz=100
9.064,0.941627,0.571567,-1.25496,1.01399,0.404314,-0.965578,0.25,42,45,0.181457,0.23277,0.211353,1.74007,0,9.064
9.08409,0.942404,0.569085,-1.25194,0,0,0,0,42,45,0,0,0,0,0,traj_sz=100
9.0843,0.942404,0.569085,-1.25194,1.01399,0.404314,-0.965578,0.25,42,45,0.178906,0.235686,0.208309,1.74048,0,9.0843
9.1038,0.946253,0.559106,-1.24017,0,0,0,0,42,45,0,0,0,0,0,traj_sz=100
9.10386,0.946253,0.559106,-1.24017,1.01399,0.404314,-0.965578,0.25,42,45,0.168398,0.230314,0.186605,1.74155,0,9.10386
9.1239,0.947271,0.556625,-1.23807,0,0,0,0,42,45,0,0,0,0,0,traj_sz=100
9.1241,0.947271,0.556625,-1.23807,1.01399,0.404314,-0.965578,0.25,42,45,0.165749,0.233129,0.181844,1.74178,0,9.1241
9.14384,0.948108,0.554084,-1.23422,0,0,0,0,42,45,0,0,0,0,0,traj_sz=100
9.1439,0.948108,0.554084,-1.23422,1.01399,0.404314,-0.965578,0.25,42,45,0.163125,0.23584,0.176777,1.74219,0,9.1439
9.16391,0.94982,0.549176,-1.22735,0,0,0,0,42,45,0,0,0,0,0,traj_sz=100
9.16399,0.94982,0.549176,-1.22735,1.04503,0.359445,-0.865822,0.25,42,46,0.210711,0.236097,0.166702,1.74292,0,9.16399
9.18396,0.950749,0.54691,-1.22567,0,0,0,0,42,46,0,0,0,0,0,traj_sz=100
9.18421,0.950749,0.54691,-1.22567,1.04503,0.359445,-0.865822,0.25,42,46,0.208308,0.239094,0.162792,1.74314,0,9.18421
9.20403,0.954371,0.536931,-1.21311,0,0,0,0,42,46,0,0,0,0,0,traj_sz=100
9.20426,0.954371,0.536931,-1.21311,1.04503,0.359445,-0.865822,0.25,42,46,0.197994,0.233886,0.142825,1.74455,0,9.20426
9.22392,0.955348,0.534514,-1.2095,0,0,0,0,42,46,0,0,0,0,0,traj_sz=100
9.22405,0.955348,0.534514,-1.2095,1.04503,0.359445,-0.865822,0.25,42,46,0.195468,0.23662,0.13559,1.74481,0,9.22405
9.24394,0.956238,0.532177,-1.20669,0,0,0,0,42,46,0,0,0,0,0,traj_sz=100
9.24407,0.956238,0.532177,-1.20669,1.04503,0.359445,-0.865822,0.25,42,46,0.193028,0.239513,0.130563,1.74512,0,9.24407
9.264,0.957971,0.527281,-1.19769,0,0,0,0,42,46,0,0,0,0,0,traj_sz=100
9.26411,0.957971,0.527281,-1.19769,1.04503,0.359445,-0.865822,0.25,42,46,0.188022,0.239729,0.116294,1.74589,0,9.26411
9.28396,0.960062,0.522313,-1.19156,0,0,0,0,42,46,0,0,0,0,0,traj_sz=100
9.28413,0.960062,0.522313,-1.19156,1.04503,0.359445,-0.865822,0.25,43,46,0.182752,0.239732,0.226394,1.7464,0,9.28413
9.30393,0.963129,0.515051,-1.1816,0,0,0,0,43,46,0,0,0,0,0,traj_sz=100
9.30413,0.963129,0.515051,-1.1816,1.04503,0.359445,-0.865822,0.25,43,46,0.175046,0.237233,0.212604,1.74716,0,9.30413
9.32395,0.964039,0.512556,-1.17678,0,0,0,0,43,46,0,0,0,0,0,traj_sz=100
9.32404,0.964039,0.512556,-1.17678,1.04503,0.359445,-0.865822,0.25,43,46,0.172471,0.239948,0.207289,1.74755,0,9.32404
9.34396,0.965075,0.51012,-1.17337,0,0,0,0,43,46,0,0,0,0,0,traj_sz=100
9.34416,0.965075,0.51012,-1.17337,1.04503,0.359445,-0.865822,0.25,43,46,0.169878,0.24271,0.202439,1.74781,0,9.34416
9.36406,0.9672,0.505073,-1.16646,0,0,0,0,43,46,0,0,0,0,0,traj_sz=100
9.36435,0.9672,0.505073,-1.16646,1.04503,0.359445,-0.865822,0.25,43,46,0.164504,0.242626,0.192954,1.74838,0,9.36435
9.38395,0.968172,0.502734,-1.163,0,0,0,0,43,46,0,0,0,0,0,traj_sz=100
9.38406,0.968172,0.502734,-1.163,1.04503,0.359445,-0.865822,0.25,43,46,0.16202,0.245441,0.188289,1.74866,0,9.38406
9.4041,0.972049,0.493877,-1.15083,0,0,0,0,43,46,0,0,0,0,0,traj_sz=100
9.40424,0.972049,0.493877,-1.15083,1.08038,0.31789,-0.757118,0.25,43,47,0.204864,0.241066,0.169558,1.74959,0,9.40424
9.42396,0.973167,0.491431,-1.14753,0,0,0,0,43,47,0,0,0,0,0,traj_sz=100
9.42406,0.973167,0.491431,-1.14753,1.08038,0.31789,-0.757118,0.25,43,47,0.202263,0.243581,0.163865,1.74981,0,9.42406
9.44394,0.974294,0.488873,-1.14321,0,0,0,0,43,47,0,0,0,0,0,traj_sz=100
9.44404,0.974294,0.488873,-1.14321,1.08038,0.31789,-0.757118,0.25,43,47,0.19958,0.246028,0.156895,1.75009,0,9.44404
9.46405,0.976673,0.483855,-1.13666,0,0,0,0,43,47,0,0,0,0,0,traj_sz=100
9.46416,0.976673,0.483855,-1.13666,1.08038,0.31789,-0.757118,0.25,43,47,0.194191,0.24575,0.144422,1.75049,0,9.46416
9.48389,0.977732,0.481217,-1.13094,0,0,0,0,43,47,0,0,0,0,0,traj_sz=100
9.484,0.977732,0.481217,-1.13094,1.08038,0.31789,-0.757118,0.25,43,47,0.191489,0.24812,0.136377,1.75088,0,9.484
9.5039,0.982496,0.471298,-1.11465,0,0,0,0,43,47,0,0,0,0,0,traj_sz=100
9.50405,0.982496,0.471298,-1.11465,1.08038,0.31789,-0.757118,0.25,44,47,0.18084,0.242375,0.247605,1.7517,0,9.50405
9.52388,0.98372,0.468815,-1.11053,0,0,0,0,44,47,0,0,0,0,0,traj_sz=100
9.52403,0.98372,0.468815,-1.11053,1.08038,0.31789,-0.757118,0.25,44,47,0.178154,0.24484,0.242541,1.75189,0,9.52403
9.54392,0.985047,0.466289,-1.1077,0,0,0,0,44,47,0,0,0,0,0,traj_sz=100
9.54404,0.985047,0.466289,-1.1077,1.08038,0.31789,-0.757118,0.25,44,47,0.175355,0.247235,0.238773,1.75202,0,9.54404
9.56396,0.9876,0.461181,-1.10058,0,0,0,0,44,47,0,0,0,0,0,traj_sz=100
9.56405,0.9876,0.461181,-1.10058,1.08038,0.31789,-0.757118,0.25,44,47,0.169776,0.246767,0.230352,1.7524,0,9.56405
9.58389,0.988821,0.458704,-1.09705,0,0,0,0,44,47,0,0,0,0,0,traj_sz=100
9.58398,0.988821,0.458704,-1.09705,1.08038,0.31789,-0.757118,0.25,44,47,0.167077,0.249222,0.226354,1.7526,0,9.58398
9.60386,0.993521,0.449448,-1.08198,0,0,0,0,44,47,0,0,0,0,0,traj_sz=100
9.60394,0.993521,0.449448,-1.08198,1.12003,0.280417,-0.639352,0.25,44,48,0.208642,0.244056,0.206236,1.75329,0,9.60394
9.62391,0.994721,0.447139,-1.07839,0,0,0,0,44,48,0,0,0,0,0,traj_sz=100
9.624,0.994721,0.447139,-1.07839,1.12003,0.280417,-0.639352,0.25,44,48,0.206155,0.246537,0.20116,1.75345,0,9.624
9.64395,0.996071,0.444773,-1.07655,0,0,0,0,44,48,0,0,0,0,0,traj_sz=100
9.64404,0.996071,0.444773,-1.07655,1.12003,0.280417,-0.639352,0.25,44,48,0.20349,0.248888,0.19769,1.75352,0,9.64404
9.66398,0.998754,0.439997,-1.06821,0,0,0,0,44,48,0,0,0,0,0,traj_sz=100
9.66417,0.998754,0.439997,-1.06821,1.12003,0.280417,-0.639352,0.25,44,48,0.198264,0.248499,0.182928,1.75369,0,9.66417
9.68387,1.00144,0.435257,-1.05871,0,0,0,0,44,48,0,0,0,0,0,traj_sz=100
9.68394,1.00144,0.435257,-1.05871,1.12003,0.280417,-0.639352,0.25,44,48,0.193088,0.248071,0.165812,1.75387,0,9.68394
9.70388,1.00547,0.428274,-1.04608,0,0,0,0,44,48,0,0,0,0,0,traj_sz=100
9.70395,1.00547,0.428274,-1.04608,1.12003,0.280417,-0.639352,0.25,45,48,0.185357,0.245077,0.293137,1.75409,0,9.70395
9.72405,1.00687,0.425884,-1.042,0,0,0,0,45,48,0,0,0,0,0,traj_sz=100
9.72415,1.00687,0.425884,-1.042,1.12003,0.280417,-0.639352,0.25,45,48,0.182685,0.247416,0.288859,1.75415,0,9.72415
9.74393,1.00825,0.423525,-1.03693,0,0,0,0,45,48,0,0,0,0,0,traj_sz=100
9.74403,1.00825,0.423525,-1.03693,1.12003,0.280417,-0.639352,0.25,45,48,0.180075,0.249716,0.282877,1.75423,0,9.74403
9.76396,1.01098,0.418905,-1.0281,0,0,0,0,45,48,0,0,0,0,0,traj_sz=100
9.76406,1.01098,0.418905,-1.0281,1.12003,0.280417,-0.639352,0.25,45,48,0.174907,0.249413,0.272693,1.75435,0,9.76406
9.78384,1.01235,0.416569,-1.02323,0,0,0,0,45,48,0,0,0,0,0,traj_sz=100
9.78392,1.01235,0.416569,-1.02323,1.12003,0.280417,-0.639352,0.25,45,48,0.172303,0.25,0.26696,1.75443,0,9.78392
9.8039,1.01764,0.408071,-1.00606,0,0,0,0,45,48,0,0,0,0,0,traj_sz=100
9.80407,1.01764,0.408071,-1.00606,1.12003,0.280417,-0.639352,0.25,45,48,0.16263,0.246801,0.243339,1.7545,0,9.80407
9.82402,1.01906,0.405914,-1.00383,0,0,0,0,45,48,0,0,0,0,0,traj_sz=100
9.8242,1.01906,0.405914,-1.00383,1.12003,0.280417,-0.639352,0.25,45,48,0.16009,0.249283,0.240253,1.75447,0,9.8242
9.84386,1.02038,0.40363,-0.999644,0,0,0,0,45,48,0,0,0,0,0,traj_sz=100
9.84393,1.02038,0.40363,-0.999644,1.16382,0.247862,-0.512404,0.25,45,49,0.20859,0.25,0.235962,1.75459,0,9.84393
9.8639,1.02338,0.399053,-0.988336,0,0,0,0,45,49,0,0,0,0,0,traj_sz=100
9.86402,1.02338,0.399053,-0.988336,1.16382,0.247862,-0.512404,0.25,45,49,0.203513,0.25,0.2176,1.75454,0,9.86402
9.88392,1.02492,0.396648,-0.982432,0,0,0,0,45,49,0,0,0,0,0,traj_sz=100
9.884,1.02492,0.396648,-0.982432,1.16382,0.247862,-0.512404,0.25,45,49,0.200858,0.25,0.208532,1.75455,0,9.884
9.90388,1.03147,0.387167,-0.959828,0,0,0,0,45,49,0,0,0,0,0,traj_sz=100
9.90401,1.03147,0.387167,-0.959828,1.16382,0.247862,-0.512404,0.25,45,49,0.190028,0.246591,0.167958,1.75424,0,9.90401
9.92395,1.03319,0.384917,-0.955711,0,0,0,0,45,49,0,0,0,0,0,traj_sz=100
9.92405,1.03319,0.384917,-0.955711,1.16382,0.247862,-0.512404,0.25,45,49,0.187315,0.248725,0.158537,1.75404,0,9.92405
9.94396,1.03471,0.382659,-0.950541,0,0,0,0,45,49,0,0,0,0,0,traj_sz=100
9.94402,1.03471,0.382659,-0.950541,1.16382,0.247862,-0.512404,0.25,46,49,0.184731,0.25,0.314381,1.75401,0,9.94402
9.96382,1.03799,0.377974,-0.940699,0,0,0,0,46,49,0,0,0,0,0,traj_sz=100
9.96394,1.03799,0.377974,-0.940699,1.16382,0.247862,-0.512404,0.25,46,49,0.179271,0.25,0.304828,1.75388,0,9.96394
9.98408,1.0415,0.37332,-0.930918,0,0,0,0,46,49,0,0,0,0,0,traj_sz=100
9.98424,1.0415,0.37332,-0.930918,1.16382,0.247862,-0.512404,0.25,46,49,0.173674,0.249352,0.292279,1.75354,0,9.98424
10.0039,1.04668,0.366365,-0.916388,0,0,0,0,46,49,0,0,0,0,0,traj_sz=100
10.004,1.04668,0.366365,-0.916388,1.16382,0.247862,-0.512404,0.25,46,49,0.165321,0.245565,0.274528,1.75313,0,10.004
10.0238,1.04831,0.36412,-0.910292,0,0,0,0,46,49,0,0,0,0,0,traj_sz=100
10.0239,1.04831,0.36412,-0.910292,1.16382,0.247862,-0.512404,0.25,46,49,0.162672,0.247708,0.266754,1.75304,0,10.0239
10.044,1.04996,0.361923,-0.90456,0,0,0,0,46,49,0,0,0,0,0,traj_sz=100
10.0441,1.04996,0.361923,-0.90456,1.16382,0.247862,-0.512404,0.25,46,49,0.160037,0.249948,0.258967,1.75292,0,10.0441
10.0639,1.05328,0.358061,-0.895729,0,0,0,0,46,49,0,0,0,0,0,traj_sz=100
10.064,1.05328,0.358061,-0.895729,1.21137,0.221112,-0.378076,0.25,46,50,0.205708,0.249782,0.242678,1.75236,0,10.064
10.084,1.05683,0.353906,-0.889255,0,0,0,0,46,50,0,0,0,0,0,traj_sz=100
10.0842,1.05683,0.353906,-0.889255,1.21137,0.221112,-0.378076,0.25,46,50,0.20049,0.2493,0.230939,1.7518,0,10.0842
10.1038,1.06234,0.347641,-0.874216,0,0,0,0,46,50,0,0,0,0,0,traj_sz=100
10.1039,1.06234,0.347641,-0.874216,1.21137,0.221112,-0.378076,0.25,46,50,0.192671,0.245835,0.201759,1.75084,0,10.1039
10.1238,1.06422,0.345587,-0.870247,0,0,0,0,46,50,0,0,0,0,0,traj_sz=100
10.1239,1.06422,0.345587,-0.870247,1.21137,0.221112,-0.378076,0.25,46,50,0.19002,0.248001,0.193135,1.75048,0,10.1239
10.1439,1.06591,0.343505,-0.865069,0,0,0,0,46,50,0,0,0,0,0,traj_sz=100
10.1441,1.06591,0.343505,-0.865069,1.21137,0.221112,-0.378076,0.25,46,50,0.187499,0.25,0.184654,1.75029,0,10.1441
10.1639,1.06934,0.339333,-0.854292,0,0,0,0,46,50,0,0,0,0,0,traj_sz=100
10.164,1.06934,0.339333,-0.854292,1.21137,0.221112,-0.378076,0.25,47,50,0.18243,0.249837,0.346674,1.74989,0,10.164
10.1838,1.07118,0.337256,-0.849657,0,0,0,0,47,50,0,0,0,0,0,traj_sz=100
10.1839,1.07118,0.337256,-0.849657,1.21137,0.221112,-0.378076,0.25,47,50,0.179788,0.25,0.341992,1.74959,0,10.1839
10.2039,1.0784,0.329115,-0.830394,0,0,0,0,47,50,0,0,0,0,0,traj_sz=100
10.204,1.0784,0.329115,-0.830394,1.21137,0.221112,-0.378076,0.25,47,50,0.169429,0.246058,0.321743,1.74845,0,10.204
10.2239,1.08026,0.327158,-0.826356,0,0,0,0,47,50,0,0,0,0,0,traj_sz=100
10.224,1.08026,0.327158,-0.826356,1.21137,0.221112,-0.378076,0.25,47,50,0.166828,0.248294,0.316606,1.74809,0,10.224
10.2439,1.08205,0.325115,-0.821306,0,0,0,0,47,50,0,0,0,0,0,traj_sz=100
10.2441,1.08205,0.325115,-0.821306,1.21137,0.221112,-0.378076,0.25,47,50,0.164232,0.25,0.3113,1.74783,0,10.2441
10.2639,1.08559,0.321275,-0.810675,0,0,0,0,47,50,0,0,0,0,0,traj_sz=100
10.264,1.08559,0.321275,-0.810675,1.21137,0.221112,-0.378076,0.25,47,50,0.159258,0.25,0.297625,1.74722,0,10.264
10.2838,1.08725,0.319521,-0.805606,0,0,0,0,47,50,0,0,0,0,0,traj_sz=100
10.284,1.08725,0.319521,-0.805606,1.26207,0.200972,-0.239853,0.25,47,51,0.206595,0.25,0.290491,1.74691,0,10.284
10.3039,1.09419,0.312359,-0.790694,0,0,0,0,47,51,0,0,0,0,0,traj_sz=100
10.3041,1.09419,0.312359,-0.790694,1.26207,0.200972,-0.239853,0.25,47,51,0.197257,0.247734,0.270252,1.74556,0,10.3041
10.3238,1.09786,0.308392,-0.777589,0,0,0,0,47,51,0,0,0,0,0,traj_sz=100
10.3239,1.09786,0.308392,-0.777589,1.26207,0.200972,-0.239853,0.25,47,51,0.192376,0.247248,0.252048,1.74498,0,10.3239
10.3439,1.09786,0.308392,-0.777589,0,0,0,0,47,51,0,0,0,0,0,traj_sz=100
10.344,1.09786,0.308392,-0.777589,1.26207,0.200972,-0.239853,0.25,47,51,0.192376,0.25,0.252048,1.74498,0,10.344
10.3638,1.10198,0.304394,-0.765156,0,0,0,0,47,51,0,0,0,0,0,traj_sz=100
10.3639,1.10198,0.304394,-0.765156,1.26207,0.200972,-0.239853,0.25,47,51,0.187102,0.25,0.230835,1.74407,0,10.3639
10.3838,1.10406,0.302377,-0.758657,0,0,0,0,47,51,0,0,0,0,0,traj_sz=100
10.3839,1.10406,0.302377,-0.758657,1.26207,0.200972,-0.239853,0.25,48,51,0.184437,0.25,0.3491,1.74361,0,10.3839
10.4039,1.11248,0.294755,-0.734016,0,0,0,0,48,51,0,0,0,0,0,traj_sz=100
10.404,1.11248,0.294755,-0.734016,1.26207,0.200972,-0.239853,0.25,48,51,0.17389,0.247065,0.3491,1.7415,0,10.404
10.4239,1.11441,0.292894,-0.728074,0,0,0,0,48,51,0,0,0,0,0,traj_sz=100
10.424,1.11441,0.292894,-0.728074,1.26207,0.200972,-0.239853,0.25,48,51,0.171389,0.249329,0.3491,1.74109,0,10.424
10.444,1.11655,0.291088,-0.722004,0,0,0,0,48,51,0,0,0,0,0,traj_sz=100
10.4441,1.11655,0.291088,-0.722004,1.26207,0.200972,-0.239853,0.25,48,51,0.168767,0.25,0.3491,1.74049,0,10.4441
10.4639,1.12081,0.287398,-0.710063,0,0,0,0,48,51,0,0,0,0,0,traj_sz=100
10.4641,1.12081,0.287398,-0.710063,1.26207,0.200972,-0.239853,0.25,48,51,0.163458,0.25,0.3491,1.73936,0,10.4641
10.4838,1.12284,0.285583,-0.703178,0,0,0,0,48,51,0,0,0,0,0,traj_sz=100
10.4839,1.12284,0.285583,-0.703178,1.26207,0.200972,-0.239853,0.25,48,51,0.160914,0.25,0.341412,1.73887,0,10.4839
10.5039,1.13049,0.279048,-0.682902,0,0,0,0,48,51,0,0,0,0,0,traj_sz=100
10.504,1.13049,0.279048,-0.682902,1.31507,0.18801,-0.100969,0.25,48,52,0.200632,0.247841,0.315093,1.73685,0,10.504
10.524,1.13263,0.277375,-0.679219,0,0,0,0,48,52,0,0,0,0,0,traj_sz=100
10.5242,1.13263,0.277375,-0.679219,1.31507,0.18801,-0.100969,0.25,48,52,0.198084,0.25,0.309453,1.73619,0,10.5242
10.5439,1.13471,0.275628,-0.672481,0,0,0,0,48,52,0,0,0,0,0,traj_sz=100
10.544,1.13471,0.275628,-0.672481,1.31507,0.18801,-0.100969,0.25,48,52,0.195671,0.25,0.299776,1.73564,0,10.544
10.5639,1.13922,0.272113,-0.656501,0,0,0,0,48,52,0,0,0,0,0,traj_sz=100
10.564,1.13922,0.272113,-0.656501,1.31507,0.18801,-0.100969,0.25,48,52,0.190631,0.25,0.272979,1.73429,0,10.564
10.5839,1.14156,0.270465,-0.649674,0,0,0,0,48,52,0,0,0,0,0,traj_sz=100
10.584,1.14156,0.270465,-0.649674,1.31507,0.18801,-0.100969,0.25,48,52,0.188046,0.25,0.259607,1.73348,0,10.584
10.6038,1.15124,0.263639,-0.618576,0,0,0,0,48,52,0,0,0,0,0,traj_sz=100
10.6039,1.15124,0.263639,-0.618576,1.31507,0.18801,-0.100969,0.25,49,52,0.177327,0.246669,0.3491,1.73019,0,10.6039
10.6239,1.15364,0.261926,-0.611523,0,0,0,0,49,52,0,0,0,0,0,traj_sz=100
10.6241,1.15364,0.261926,-0.611523,1.31507,0.18801,-0.100969,0.25,49,52,0.174612,0.248708,0.3491,1.72941,0,10.6241
10.6438,1.15604,0.260165,-0.604769,0,0,0,0,49,52,0,0,0,0,0,traj_sz=100
10.6439,1.15604,0.260165,-0.604769,1.31507,0.18801,-0.100969,0.25,49,52,0.171845,0.25,0.3491,1.72865,0,10.6439
10.6639,1.16073,0.256861,-0.590804,0,0,0,0,49,52,0,0,0,0,0,traj_sz=100
10.664,1.16073,0.256861,-0.590804,1.31507,0.18801,-0.100969,0.25,49,52,0.166529,0.249819,0.3491,1.7271,0,10.664
10.6839,1.1631,0.255308,-0.584267,0,0,0,0,49,52,0,0,0,0,0,traj_sz=100
10.6841,1.1631,0.255308,-0.584267,1.31507,0.18801,-0.100969,0.25,49,52,0.163879,0.25,0.3491,1.72625,0,10.6841
10.704,1.17187,0.249386,-0.554226,0,0,0,0,49,52,0,0,0,0,0,traj_sz=100
10.7041,1.17187,0.249386,-0.554226,1.36935,0.18251,0.037914,0.25,49,53,0.203115,0.246287,0.329874,1.72325,0,10.7041
10.7239,1.17405,0.248069,-0.550367,0,0,0,0,49,53,0,0,0,0,0,traj_sz=100
10.7241,1.17405,0.248069,-0.550367,1.36935,0.18251,0.037914,0.25,49,53,0.200749,0.248686,0.324107,1.72242,0,10.7241
10.744,1.17633,0.246771,-0.546409,0,0,0,0,49,53,0,0,0,0,0,traj_sz=100
10.7441,1.17633,0.246771,-0.546409,1.36935,0.18251,0.037914,0.25,49,53,0.198309,0.25,0.317206,1.7215,0,10.7441
10.7639,1.18095,0.243934,-0.533303,0,0,0,0,49,53,0,0,0,0,0,traj_sz=100
10.7641,1.18095,0.243934,-0.533303,1.36935,0.18251,0.037914,0.25,49,53,0.193461,0.25,0.296679,1.71978,0,10.7641
10.7839,1.18326,0.242555,-0.52592,0,0,0,0,49,53,0,0,0,0,0,traj_sz=100
10.7843,1.18326,0.242555,-0.52592,1.36935,0.18251,0.037914,0.25,49,53,0.191085,0.25,0.284453,1.7189,0,10.7843
10.8039,1.19298,0.236874,-0.495505,0,0,0,0,49,53,0,0,0,0,0,traj_sz=100
10.8041,1.19298,0.236874,-0.495505,1.36935,0.18251,0.037914,0.25,50,53,0.181003,0.246469,0.3491,1.71516,0,10.8041
10.824,1.19548,0.235422,-0.487961,0,0,0,0,50,53,0,0,0,0,0,traj_sz=100
10.8243,1.19548,0.235422,-0.487961,1.36935,0.18251,0.037914,0.25,50,53,0.178381,0.248541,0.3491,1.7142,0,10.8243
10.844,1.19804,0.234143,-0.483319,0,0,0,0,50,53,0,0,0,0,0,traj_sz=100
10.8444,1.19804,0.234143,-0.483319,1.36935,0.18251,0.037914,0.25,50,53,0.175684,0.25,0.3491,1.71309,0,10.8444
10.864,1.20292,0.231233,-0.466927,0,0,0,0,50,53,0,0,0,0,0,traj_sz=100
10.8641,1.20292,0.231233,-0.466927,1.36935,0.18251,0.037914,0.25,50,53,0.170544,0.249881,0.3491,1.71129,0,10.8641
10.884,1.20552,0.229953,-0.462665,0,0,0,0,50,53,0,0,0,0,0,traj_sz=100
10.8841,1.20552,0.229953,-0.462665,1.36935,0.18251,0.037914,0.25,50,53,0.167779,0.25,0.3491,1.71016,0,10.8841
10.9039,1.21494,0.225168,-0.432381,0,0,0,0,50,53,0,0,0,0,0,traj_sz=100
10.904,1.21494,0.225168,-0.432381,1.36935,0.18251,0.037914,0.25,50,53,0.158073,0.246234,0.3491,1.7062,0,10.904
10.9239,1.22,0.222896,-0.423272,0,0,0,0,50,53,0,0,0,0,0,traj_sz=100
10.9243,1.22,0.222896,-0.423272,1.42387,0.184578,0.176797,0.25,50,54,0.201615,0.245632,0.3491,1.7039,0,10.9243
10.9439,1.22,0.222896,-0.423272,0,0,0,0,50,54,0,0,0,0,0,traj_sz=100
10.9441,1.22,0.222896,-0.423272,1.42387,0.184578,0.176797,0.25,50,54,0.201615,0.25,0.3491,1.7039,0,10.9441
10.964,1.22509,0.220562,-0.410021,0,0,0,0,50,54,0,0,0,0,0,traj_sz=100
10.9641,1.22509,0.220562,-0.410021,1.42387,0.184578,0.176797,0.25,50,54,0.196648,0.249938,0.336312,1.70164,0,10.9641
10.984,1.22772,0.219435,-0.402283,0,0,0,0,50,54,0,0,0,0,0,traj_sz=100
10.9842,1.22772,0.219435,-0.402283,1.42387,0.184578,0.176797,0.25,50,54,0.194139,0.25,0.323537,1.70042,0,10.9842
11.004,1.23781,0.215393,-0.374119,0,0,0,0,50,54,0,0,0,0,0,traj_sz=100
11.0043,1.23781,0.215393,-0.374119,1.42387,0.184578,0.176797,0.25,50,54,0.184453,0.246091,0.273326,1.6956,0,11.0043
11.0239,1.24018,0.214425,-0.367712,0,0,0,0,50,54,0,0,0,0,0,traj_sz=100
11.024,1.24018,0.214425,-0.367712,1.42387,0.184578,0.176797,0.25,51,54,0.182141,0.248444,0.3491,1.69449,0,11.024
11.044,1.24259,0.213281,-0.358615,0,0,0,0,51,54,0,0,0,0,0,traj_sz=100
11.0442,1.24259,0.213281,-0.358615,1.42387,0.184578,0.176797,0.25,51,54,0.179824,0.25,0.3491,1.69347,0,11.0442
11.0638,1.24768,0.211511,-0.344906,0,0,0,0,51,54,0,0,0,0,0,traj_sz=100
11.0639,1.24768,0.211511,-0.344906,1.42387,0.184578,0.176797,0.25,51,54,0.17492,0.25,0.3491,1.69089,0,11.0639
11.0839,1.25027,0.21074,-0.338293,0,0,0,0,51,54,0,0,0,0,0,traj_sz=100
11.084,1.25027,0.21074,-0.338293,1.42387,0.184578,0.176797,0.25,51,54,0.172443,0.25,0.3491,1.6895,0,11.084
11.1039,1.26035,0.207391,-0.310927,0,0,0,0,51,54,0,0,0,0,0,traj_sz=100
11.1041,1.26035,0.207391,-0.310927,1.42387,0.184578,0.176797,0.25,51,54,0.16266,0.246806,0.3491,1.68434,0,11.1041
11.1239,1.26265,0.206691,-0.304083,0,0,0,0,51,54,0,0,0,0,0,traj_sz=100
11.1239,1.26265,0.206691,-0.304083,1.42387,0.184578,0.176797,0.25,51,54,0.160444,0.249264,0.3491,1.68312,0,11.1239
11.1439,1.26512,0.205986,-0.298475,0,0,0,0,51,54,0,0,0,0,0,traj_sz=100
11.144,1.26512,0.205986,-0.298475,1.42387,0.184578,0.176797,0.25,51,54,0.158029,0.25,0.3491,1.68179,0,11.144
11.1639,1.27051,0.204108,-0.285714,0,0,0,0,51,54,0,0,0,0,0,traj_sz=100
11.164,1.27051,0.204108,-0.285714,1.47758,0.194173,0.313309,0.25,51,55,0.201478,0.25,0.3491,1.67913,0,11.164
11.1838,1.27587,0.202801,-0.274559,0,0,0,0,51,55,0,0,0,0,0,traj_sz=100
11.1839,1.27587,0.202801,-0.274559,1.47758,0.194173,0.313309,0.25,51,55,0.196493,0.25,0.339132,1.6761,0,11.1839
11.2039,1.28374,0.200788,-0.253246,0,0,0,0,51,55,0,0,0,0,0,traj_sz=100
11.204,1.28374,0.200788,-0.253246,1.47758,0.194173,0.313309,0.25,51,55,0.189313,0.247121,0.302048,1.67176,0,11.204
11.2239,1.28626,0.200056,-0.247746,0,0,0,0,51,55,0,0,0,0,0,traj_sz=100
11.224,1.28626,0.200056,-0.247746,1.47758,0.194173,0.313309,0.25,51,55,0.186923,0.249444,0.293848,1.67043,0,11.224
11.2439,1.28882,0.199421,-0.242379,0,0,0,0,51,55,0,0,0,0,0,traj_sz=100
11.244,1.28882,0.199421,-0.242379,1.47758,0.194173,0.313309,0.25,51,55,0.184506,0.25,0.284328,1.66902,0,11.244
11.264,1.29434,0.198423,-0.229602,0,0,0,0,51,55,0,0,0,0,0,traj_sz=100
11.2642,1.29434,0.198423,-0.229602,1.47758,0.194173,0.313309,0.25,52,55,0.179403,0.25,0.3491,1.66571,0,11.2642
11.2838,1.2971,0.197617,-0.218603,0,0,0,0,52,55,0,0,0,0,0,traj_sz=100
11.284,1.2971,0.197617,-0.218603,1.47758,0.194173,0.313309,0.25,52,55,0.176928,0.25,0.3491,1.66427,0,11.284
11.3038,1.30831,0.195509,-0.191939,0,0,0,0,52,55,0,0,0,0,0,traj_sz=100
11.304,1.30831,0.195509,-0.191939,1.47758,0.194173,0.313309,0.25,52,55,0.166417,0.246622,0.3491,1.65767,0,11.304
11.3239,1.31108,0.194885,-0.18599,0,0,0,0,52,55,0,0,0,0,0,traj_sz=100
11.324,1.31108,0.194885,-0.18599,1.47758,0.194173,0.313309,0.25,52,55,0.163756,0.248695,0.3491,1.65612,0,11.324
11.3439,1.3139,0.194654,-0.181112,0,0,0,0,52,55,0,0,0,0,0,traj_sz=100
11.3441,1.3139,0.194654,-0.181112,1.47758,0.194173,0.313309,0.25,52,55,0.161094,0.25,0.3491,1.65427,0,11.3441
11.3639,1.31899,0.193313,-0.163669,0,0,0,0,52,55,0,0,0,0,0,traj_sz=100
11.364,1.31899,0.193313,-0.163669,1.52948,0.210988,0.443403,0.25,52,56,0.204802,0.25,0.3491,1.65157,0,11.364
11.3839,1.32407,0.192529,-0.154014,0,0,0,0,52,56,0,0,0,0,0,traj_sz=100
11.384,1.32407,0.192529,-0.154014,1.52948,0.210988,0.443403,0.25,52,56,0.200148,0.25,0.3491,1.64849,0,11.384
11.4039,1.33223,0.191274,-0.134154,0,0,0,0,52,56,0,0,0,0,0,traj_sz=100
11.404,1.33223,0.191274,-0.134154,1.52948,0.210988,0.443403,0.25,52,56,0.192845,0.246976,0.338336,1.64358,0,11.404
11.424,1.33494,0.191091,-0.129983,0,0,0,0,52,56,0,0,0,0,0,traj_sz=100
11.4241,1.33494,0.191091,-0.129983,1.52948,0.210988,0.443403,0.25,52,56,0.190319,0.249224,0.329453,1.64178,0,11.4241
11.4438,1.3376,0.190656,-0.123683,0,0,0,0,52,56,0,0,0,0,0,traj_sz=100
11.4439,1.3376,0.190656,-0.123683,1.52948,0.210988,0.443403,0.25,52,56,0.187901,0.25,0.320581,1.6402,0,11.4439
11.4639,1.3432,0.189828,-0.106743,0,0,0,0,52,56,0,0,0,0,0,traj_sz=100
11.464,1.3432,0.189828,-0.106743,1.52948,0.210988,0.443403,0.25,53,56,0.182969,0.25,0.3491,1.63684,0,11.464
11.4838,1.34607,0.189693,-0.101228,0,0,0,0,53,56,0,0,0,0,0,traj_sz=100
11.484,1.34607,0.189693,-0.101228,1.52948,0.210988,0.443403,0.25,53,56,0.180315,0.25,0.3491,1.63491,0,11.484
11.5038,1.35771,0.18854,-0.0748111,0,0,0,0,53,56,0,0,0,0,0,traj_sz=100
11.504,1.35771,0.18854,-0.0748111,1.52948,0.210988,0.443403,0.25,53,56,0.16961,0.246057,0.3491,1.62755,0,11.504
11.524,1.36063,0.188346,-0.0654846,0,0,0,0,53,56,0,0,0,0,0,traj_sz=100
11.5241,1.36063,0.188346,-0.0654846,1.52948,0.210988,0.443403,0.25,53,56,0.167009,0.248091,0.3491,1.62565,0,11.5241
11.5439,1.3635,0.188126,-0.0564477,0,0,0,0,53,56,0,0,0,0,0,traj_sz=100
11.544,1.3635,0.188126,-0.0564477,1.52948,0.210988,0.443403,0.25,53,56,0.16443,0.25,0.3491,1.6238,0,11.544
11.564,1.36928,0.187869,-0.0444775,0,0,0,0,53,56,0,0,0,0,0,traj_sz=100
11.5641,1.36928,0.187869,-0.0444775,1.52948,0.210988,0.443403,0.25,53,56,0.159018,0.249256,0.3491,1.61995,0,11.5641
11.5839,1.37213,0.18733,-0.0358939,0,0,0,0,53,56,0,0,0,0,0,traj_sz=100
11.5841,1.37213,0.18733,-0.0358939,1.57876,0.234394,0.56427,0.25,53,57,0.204811,0.25,0.3491,1.61836,0,11.5841
11.6039,1.38315,0.187345,-0.00762587,0,0,0,0,53,57,0,0,0,0,0,traj_sz=100
11.604,1.38315,0.187345,-0.00762587,1.57876,0.234394,0.56427,0.25,53,57,0.195247,0.245273,0.3491,1.6107,0,11.604
11.6239,1.38597,0.187385,-0.00370574,0,0,0,0,53,57,0,0,0,0,0,traj_sz=100
11.624,1.38597,0.187385,-0.00370574,1.57876,0.234394,0.56427,0.25,53,57,0.19261,0.247401,0.3491,1.60871,0,11.624
11.6441,1.38882,0.187344,0.00554836,0,0,0,0,53,57,0,0,0,0,0,traj_sz=100
11.6442,1.38882,0.187344,0.00554836,1.57876,0.234394,0.56427,0.25,53,57,0.190196,0.249545,0.3491,1.60678,0,11.6442
11.664,1.39436,0.187305,0.0216533,0,0,0,0,53,57,0,0,0,0,0,traj_sz=100
11.6641,1.39436,0.187305,0.0216533,1.57876,0.234394,0.56427,0.25,53,57,0.185377,0.248958,0.324866,1.60299,0,11.6641
11.684,1.39709,0.187474,0.0286256,0,0,0,0,53,57,0,0,0,0,0,traj_sz=100
11.6841,1.39709,0.187474,0.0286256,1.57876,0.234394,0.56427,0.25,54,57,0.182939,0.25,0.3491,1.60099,0,11.6841
11.7039,1.40785,0.187639,0.0589933,0,0,0,0,54,57,0,0,0,0,0,traj_sz=100
11.704,1.40785,0.187639,0.0589933,1.57876,0.234394,0.56427,0.25,54,57,0.173371,0.245371,0.3491,1.59349,0,11.704
11.7239,1.41053,0.187693,0.0664427,0,0,0,0,54,57,0,0,0,0,0,traj_sz=100
11.7239,1.41053,0.187693,0.0664427,1.57876,0.234394,0.56427,0.25,54,57,0.170959,0.247622,0.3491,1.59162,0,11.7239
11.7438,1.41317,0.187927,0.0724423,0,0,0,0,54,57,0,0,0,0,0,traj_sz=100
11.744,1.41317,0.187927,0.0724423,1.57876,0.234394,0.56427,0.25,54,57,0.16852,0.249918,0.3491,1.58964,0,11.744
11.764,1.41857,0.188315,0.0867485,0,0,0,0,54,57,0,0,0,0,0,traj_sz=100
11.7641,1.41857,0.188315,0.0867485,1.57876,0.234394,0.56427,0.25,54,57,0.163579,0.249458,0.3491,1.58568,0,11.7641
11.7839,1.42129,0.188345,0.0955013,0,0,0,0,54,57,0,0,0,0,0,traj_sz=100
11.784,1.42129,0.188345,0.0955013,1.57876,0.234394,0.56427,0.25,54,57,0.16114,0.25,0.3491,1.5838,0,11.784
11.804,1.43199,0.189711,0.122493,0,0,0,0,54,57,0,0,0,0,0,traj_sz=100
11.8041,1.43199,0.189711,0.122493,1.62486,0.263571,0.676035,0.25,54,58,0.20045,0.245861,0.3491,1.57555,0,11.8041
11.8239,1.43478,0.190111,0.128433,0,0,0,0,54,58,0,0,0,0,0,traj_sz=100
11.824,1.43478,0.190111,0.128433,1.62486,0.263571,0.676035,0.25,54,58,0.197928,0.247974,0.3491,1.57337,0,11.824
11.844,1.43753,0.190225,0.137114,0,0,0,0,54,58,0,0,0,0,0,traj_sz=100
11.8441,1.43753,0.190225,0.137114,1.62486,0.263571,0.676035,0.25,54,58,0.195596,0.25,0.3491,1.57142,0,11.8441
11.8639,1.44289,0.190908,0.151971,0,0,0,0,54,58,0,0,0,0,0,traj_sz=100
11.864,1.44289,0.190908,0.151971,1.62486,0.263571,0.676035,0.25,54,58,0.190874,0.249801,0.3491,1.56731,0,11.864
11.8839,1.44553,0.191559,0.156607,0,0,0,0,54,58,0,0,0,0,0,traj_sz=100
11.8841,1.44553,0.191559,0.156607,1.62486,0.263571,0.676035,0.25,54,58,0.18837,0.25,0.340863,1.56505,0,11.8841
11.9039,1.45656,0.193176,0.189292,0,0,0,0,54,58,0,0,0,0,0,traj_sz=100
11.904,1.45656,0.193176,0.189292,1.62486,0.263571,0.676035,0.25,55,58,0.17854,0.245892,0.3491,1.55645,0,11.904
11.9239,1.462,0.194563,0.200376,0,0,0,0,55,58,0,0,0,0,0,traj_sz=100
11.924,1.462,0.194563,0.200376,1.62486,0.263571,0.676035,0.25,55,58,0.173334,0.24524,0.3491,1.55178,0,11.924
11.944,1.462,0.194563,0.200376,0,0,0,0,55,58,0,0,0,0,0,traj_sz=100
11.9441,1.462,0.194563,0.200376,1.62486,0.263571,0.676035,0.25,55,58,0.173334,0.25,0.3491,1.55178,0,11.9441
11.9639,1.4675,0.195871,0.213789,0,0,0,0,55,58,0,0,0,0,0,traj_sz=100
11.964,1.4675,0.195871,0.213789,1.62486,0.263571,0.676035,0.25,55,58,0.168141,0.249461,0.3491,1.54714,0,11.964
11.9839,1.4703,0.196646,0.220261,0,0,0,0,55,58,0,0,0,0,0,traj_sz=100
11.984,1.4703,0.196646,0.220261,1.62486,0.263571,0.676035,0.25,55,58,0.165444,0.25,0.3491,1.5447,0,11.984
12.0039,1.48138,0.199606,0.247917,0,0,0,0,55,58,0,0,0,0,0,traj_sz=100
12.004,1.48138,0.199606,0.247917,1.66742,0.297709,0.778814,0.25,55,59,0.204427,0.244935,0.3491,1.53514,0,12.004
12.0239,1.48674,0.201023,0.261027,0,0,0,0,55,59,0,0,0,0,0,traj_sz=100
12.0239,1.48674,0.201023,0.261027,1.66742,0.297709,0.778814,0.25,55,59,0.199512,0.244332,0.3491,1.53053,0,12.0239
12.044,1.48674,0.201023,0.261027,0,0,0,0,55,59,0,0,0,0,0,traj_sz=100
12.0441,1.48674,0.201023,0.261027,1.66742,0.297709,0.778814,0.25,55,59,0.199512,0.249317,0.3491,1.53053,0,12.0441
12.0639,1.49187,0.202387,0.276807,0,0,0,0,55,59,0,0,0,0,0,traj_sz=100
12.0641,1.49187,0.202387,0.276807,1.66742,0.297709,0.778814,0.25,55,59,0.194913,0.248978,0.3491,1.52611,0,12.0641
12.0839,1.49451,0.203156,0.283359,0,0,0,0,55,59,0,0,0,0,0,traj_sz=100
12.0842,1.49451,0.203156,0.283359,1.66742,0.297709,0.778814,0.25,55,59,0.192452,0.25,0.344113,1.5238,0,12.0842
12.1038,1.50475,0.206435,0.310774,0,0,0,0,55,59,0,0,0,0,0,traj_sz=100
12.1039,1.50475,0.206435,0.310774,1.66742,0.297709,0.778814,0.25,56,59,0.182791,0.24537,0.3491,1.5146,0,12.1039
12.124,1.50735,0.207231,0.318743,0,0,0,0,56,59,0,0,0,0,0,traj_sz=100
12.1241,1.50735,0.207231,0.318743,1.66742,0.297709,0.778814,0.25,56,59,0.180357,0.247653,0.3491,1.51229,0,12.1241
12.1438,1.50993,0.208175,0.324801,0,0,0,0,56,59,0,0,0,0,0,traj_sz=100
12.1439,1.50993,0.208175,0.324801,1.66742,0.297709,0.778814,0.25,56,59,0.177826,0.249819,0.3491,1.50989,0,12.1439
12.1639,1.51517,0.209904,0.338959,0,0,0,0,56,59,0,0,0,0,0,traj_sz=100
12.164,1.51517,0.209904,0.338959,1.66742,0.297709,0.778814,0.25,56,59,0.172781,0.249264,0.3491,1.50515,0,12.164
12.1839,1.51789,0.210772,0.345608,0,0,0,0,56,59,0,0,0,0,0,traj_sz=100
12.184,1.51789,0.210772,0.345608,1.66742,0.297709,0.778814,0.25,56,59,0.17014,0.25,0.3491,1.50272,0,12.184
12.2039,1.52818,0.214678,0.371129,0,0,0,0,56,59,0,0,0,0,0,traj_sz=100
12.2041,1.52818,0.214678,0.371129,1.66742,0.297709,0.778814,0.25,56,59,0.159873,0.245329,0.3491,1.49306,0,12.2041
12.2239,1.5307,0.215595,0.377666,0,0,0,0,56,59,0,0,0,0,0,traj_sz=100
12.2241,1.5307,0.215595,0.377666,1.70625,0.336033,0.872713,0.25,56,60,0.207589,0.247573,0.3491,1.49073,0,12.2241
12.2439,1.53316,0.216548,0.384494,0,0,0,0,56,60,0,0,0,0,0,traj_sz=100
12.244,1.53316,0.216548,0.384494,1.70625,0.336033,0.872713,0.25,56,60,0.205272,0.249903,0.3491,1.48841,0,12.244
12.264,1.53805,0.2186,0.398515,0,0,0,0,56,60,0,0,0,0,0,traj_sz=100
12.2641,1.53805,0.2186,0.398515,1.70625,0.336033,0.872713,0.25,56,60,0.200592,0.24959,0.3491,1.48368,0,12.2641
12.284,1.54296,0.220658,0.411918,0,0,0,0,56,60,0,0,0,0,0,traj_sz=100
12.2842,1.54296,0.220658,0.411918,1.70625,0.336033,0.872713,0.25,56,60,0.195821,0.24926,0.333925,1.47893,0,12.2842
12.3039,1.55028,0.223805,0.432144,0,0,0,0,56,60,0,0,0,0,0,traj_sz=100
12.304,1.55028,0.223805,0.432144,1.70625,0.336033,0.872713,0.25,56,60,0.188635,0.246254,0.301954,1.47181,0,12.304
12.324,1.55271,0.224934,0.438051,0,0,0,0,56,60,0,0,0,0,0,traj_sz=100
12.3241,1.55271,0.224934,0.438051,1.70625,0.336033,0.872713,0.25,56,60,0.186169,0.248562,0.291663,1.46938,0,12.3241
12.344,1.5551,0.226102,0.445776,0,0,0,0,56,60,0,0,0,0,0,traj_sz=100
12.3441,1.5551,0.226102,0.445776,1.70625,0.336033,0.872713,0.25,57,60,0.183773,0.25,0.3491,1.46695,0,12.3441
12.364,1.55984,0.228418,0.459304,0,0,0,0,57,60,0,0,0,0,0,traj_sz=100
12.3641,1.55984,0.228418,0.459304,1.70625,0.336033,0.872713,0.25,57,60,0.178945,0.25,0.3491,1.46213,0,12.3641
12.3839,1.56463,0.230739,0.472935,0,0,0,0,57,60,0,0,0,0,0,traj_sz=100
12.3847,1.56463,0.230739,0.472935,1.70625,0.336033,0.872713,0.25,57,60,0.174034,0.25,0.3491,1.45728,0,12.3847
12.4039,1.57154,0.234348,0.492513,0,0,0,0,57,60,0,0,0,0,0,traj_sz=100
12.404,1.57154,0.234348,0.492513,1.70625,0.336033,0.872713,0.25,57,60,0.166785,0.247345,0.3491,1.45009,0,12.404
12.4239,1.57382,0.235576,0.499646,0,0,0,0,57,60,0,0,0,0,0,traj_sz=100
12.424,1.57382,0.235576,0.499646,1.70625,0.336033,0.872713,0.25,57,60,0.164374,0.249701,0.3491,1.44769,0,12.424
12.4439,1.5761,0.236621,0.508153,0,0,0,0,57,60,0,0,0,0,0,traj_sz=100
12.444,1.5761,0.236621,0.508153,1.70625,0.336033,0.872713,0.25,57,60,0.162077,0.25,0.3491,1.44543,0,12.444
12.4639,1.5804,0.239194,0.51868,0,0,0,0,57,60,0,0,0,0,0,traj_sz=100
12.464,1.5804,0.239194,0.51868,1.74132,0.377829,0.957825,0.248604,57,61,0.208482,0.25,0.333745,1.4407,0,12.464
12.4839,1.58289,0.240617,0.523785,0,0,0,0,57,61,0,0,0,0,0,traj_sz=100
12.484,1.58289,0.240617,0.523785,1.74132,0.377829,0.957825,0.248604,57,61,0.205816,0.25,0.326518,1.43802,0,12.484
12.5039,1.59255,0.24661,0.551131,0,0,0,0,57,61,0,0,0,0,0,traj_sz=100
12.504,1.59255,0.24661,0.551131,1.74132,0.377829,0.957825,0.248604,57,61,0.195454,0.247822,0.278823,1.42725,0,12.504
12.5239,1.59492,0.247987,0.558088,0,0,0,0,57,61,0,0,0,0,0,traj_sz=100
12.524,1.59492,0.247987,0.558088,1.74132,0.377829,0.957825,0.248604,57,61,0.19295,0.25,0.267805,1.42469,0,12.524
12.5439,1.59732,0.24938,0.566291,0,0,0,0,57,61,0,0,0,0,0,traj_sz=100
12.5444,1.59732,0.24938,0.566291,1.74132,0.377829,0.957825,0.248604,57,61,0.190438,0.25,0.254634,1.42209,0,12.5444
12.5639,1.60218,0.252418,0.581039,0,0,0,0,57,61,0,0,0,0,0,traj_sz=100
12.564,1.60218,0.252418,0.581039,1.74132,0.377829,0.957825,0.248604,58,61,0.185146,0.25,0.3491,1.41666,0,12.564
12.5839,1.6044,0.253967,0.587207,0,0,0,0,58,61,0,0,0,0,0,traj_sz=100
12.584,1.6044,0.253967,0.587207,1.74132,0.377829,0.957825,0.248604,58,61,0.182612,0.25,0.3491,1.41406,0,12.584
12.604,1.61367,0.260496,0.615233,0,0,0,0,58,61,0,0,0,0,0,traj_sz=100
12.6042,1.61367,0.260496,0.615233,1.74132,0.377829,0.957825,0.248604,58,61,0.171959,0.247408,0.317658,1.40314,0,12.6042
12.6239,1.61593,0.262161,0.621111,0,0,0,0,58,61,0,0,0,0,0,traj_sz=100
12.624,1.61593,0.262161,0.621111,1.74132,0.377829,0.957825,0.248604,58,61,0.169284,0.249507,0.308758,1.40043,0,12.624
12.6439,1.61842,0.263848,0.627788,0,0,0,0,58,61,0,0,0,0,0,traj_sz=100
12.644,1.61842,0.263848,0.627788,1.74132,0.377829,0.957825,0.248604,58,61,0.166413,0.25,0.300395,1.39755,0,12.644
12.664,1.62295,0.267124,0.643365,0,0,0,0,58,61,0,0,0,0,0,traj_sz=100
12.6641,1.62295,0.267124,0.643365,1.74132,0.377829,0.957825,0.248604,58,61,0.161115,0.25,0.276549,1.39215,0,12.6641
12.6839,1.62488,0.268759,0.649917,0,0,0,0,58,61,0,0,0,0,0,traj_sz=100
12.684,1.62488,0.268759,0.649917,1.77253,0.422205,1.03381,0.243405,58,62,0.210402,0.25,0.263726,1.38967,0,12.684
12.7039,1.6338,0.275812,0.672672,0,0,0,0,58,62,0,0,0,0,0,traj_sz=100
12.7041,1.6338,0.275812,0.672672,1.77253,0.422205,1.03381,0.243405,58,62,0.199725,0.246842,0.223935,1.37858,0,12.7041
12.724,1.63592,0.277741,0.677853,0,0,0,0,58,62,0,0,0,0,0,traj_sz=100
12.724,1.63592,0.277741,0.677853,1.77253,0.422205,1.03381,0.243405,58,62,0.197009,0.248932,0.211916,1.37575,0,12.724
12.7439,1.63813,0.27959,0.683954,0,0,0,0,58,62,0,0,0,0,0,traj_sz=100
12.744,1.63813,0.27959,0.683954,1.77253,0.422205,1.03381,0.243405,58,62,0.194283,0.25,0.200095,1.37292,0,12.744
12.7639,1.64244,0.282953,0.697063,0,0,0,0,58,62,0,0,0,0,0,traj_sz=100
12.7641,1.64244,0.282953,0.697063,1.77253,0.422205,1.03381,0.243405,58,62,0.189141,0.25,0.177577,1.3676,0,12.7641
12.7839,1.64455,0.284701,0.702476,0,0,0,0,58,62,0,0,0,0,0,traj_sz=100
12.7841,1.64455,0.284701,0.702476,1.77253,0.422205,1.03381,0.243405,59,62,0.186523,0.25,0.290427,1.36492,0,12.7841
12.8038,1.6527,0.291344,0.721879,0,0,0,0,59,62,0,0,0,0,0,traj_sz=100
12.804,1.6527,0.291344,0.721879,1.77253,0.422205,1.03381,0.243405,59,62,0.176412,0.247153,0.270453,1.35464,0,12.804
12.8238,1.65692,0.295281,0.730592,0,0,0,0,59,62,0,0,0,0,0,traj_sz=100
12.8239,1.65692,0.295281,0.730592,1.77253,0.422205,1.03381,0.243405,59,62,0.170803,0.246309,0.257194,1.34893,0,12.8239
12.8439,1.65692,0.295281,0.730592,0,0,0,0,59,62,0,0,0,0,0,traj_sz=100
12.844,1.65692,0.295281,0.730592,1.77253,0.422205,1.03381,0.243405,59,62,0.170803,0.25,0.257194,1.34893,0,12.844
12.8639,1.66142,0.299317,0.739582,0,0,0,0,59,62,0,0,0,0,0,traj_sz=100
12.8641,1.66142,0.299317,0.739582,1.77253,0.422205,1.03381,0.243405,59,62,0.164905,0.25,0.245375,1.34297,0,12.8641
12.8839,1.66367,0.301169,0.746058,0,0,0,0,59,62,0,0,0,0,0,traj_sz=100
12.884,1.66367,0.301169,0.746058,1.77253,0.422205,1.03381,0.243405,59,62,0.162096,0.25,0.237625,1.34012,0,12.884
12.9038,1.67189,0.309037,0.760726,0,0,0,0,59,62,0,0,0,0,0,traj_sz=100
12.9039,1.67189,0.309037,0.760726,1.7997,0.46785,1.09981,0.23167,59,63,0.202068,0.245743,0.213874,1.32884,0,12.9039
12.9238,1.67601,0.31321,0.769277,0,0,0,0,59,63,0,0,0,0,0,traj_sz=100
12.9239,1.67601,0.31321,0.769277,1.7997,0.46785,1.09981,0.23167,59,63,0.196429,0.244841,0.197321,1.32301,0,12.9239
12.9439,1.67601,0.31321,0.769277,0,0,0,0,59,63,0,0,0,0,0,traj_sz=100
12.9441,1.67601,0.31321,0.769277,1.7997,0.46785,1.09981,0.23167,59,63,0.196429,0.249834,0.197321,1.32301,0,12.9441
12.9638,1.67999,0.317275,0.779225,0,0,0,0,59,63,0,0,0,0,0,traj_sz=100
12.964,1.67999,0.317275,0.779225,1.7997,0.46785,1.09981,0.23167,59,63,0.19098,0.249071,0.17796,1.31735,0,12.964
12.9839,1.68209,0.319359,0.784419,0,0,0,0,59,63,0,0,0,0,0,traj_sz=100
12.984,1.68209,0.319359,0.784419,1.7997,0.46785,1.09981,0.23167,59,63,0.188139,0.25,0.168483,1.31442,0,12.984
13.0039,1.68974,0.327437,0.802518,0,0,0,0,59,63,0,0,0,0,0,traj_sz=100
13.004,1.68974,0.327437,0.802518,1.7997,0.46785,1.09981,0.23167,60,63,0.177382,0.244915,0.252531,1.30334,0,13.004
13.0239,1.69161,0.329364,0.80685,0,0,0,0,60,63,0,0,0,0,0,traj_sz=100
13.0241,1.69161,0.329364,0.80685,1.7997,0.46785,1.09981,0.23167,60,63,0.174775,0.247197,0.247669,1.30066,0,13.0241
13.0439,1.69354,0.331394,0.810845,0,0,0,0,60,63,0,0,0,0,0,traj_sz=100
13.044,1.69354,0.331394,0.810845,1.7997,0.46785,1.09981,0.23167,60,63,0.172042,0.249321,0.243082,1.29787,0,13.044
13.0639,1.69727,0.335678,0.819389,0,0,0,0,60,63,0,0,0,0,0,traj_sz=100
13.064,1.69727,0.335678,0.819389,1.7997,0.46785,1.09981,0.23167,60,63,0.16651,0.24857,0.229189,1.29221,0,13.064
13.0839,1.70111,0.339915,0.828501,0,0,0,0,60,63,0,0,0,0,0,traj_sz=100
13.0841,1.70111,0.339915,0.828501,1.7997,0.46785,1.09981,0.23167,60,63,0.160919,0.247799,0.216145,1.2865,0,13.0841
13.1039,1.70617,0.345652,0.840283,0,0,0,0,60,63,0,0,0,0,0,traj_sz=100
13.104,1.70617,0.345652,0.840283,1.82264,0.512905,1.15469,0.21548,60,64,0.202288,0.24502,0.197774,1.27886,0,13.104
13.1239,1.70815,0.347691,0.843784,0,0,0,0,60,64,0,0,0,0,0,traj_sz=100
13.1242,1.70815,0.347691,0.843784,1.82264,0.512905,1.15469,0.21548,60,64,0.199534,0.247063,0.194556,1.27603,0,13.1242
13.1439,1.71006,0.349762,0.847998,0,0,0,0,60,64,0,0,0,0,0,traj_sz=100
13.144,1.71006,0.349762,0.847998,1.82264,0.512905,1.15469,0.21548,60,64,0.196818,0.249016,0.188945,1.27322,0,13.144
13.1639,1.71358,0.354167,0.854726,0,0,0,0,60,64,0,0,0,0,0,traj_sz=100
13.1639,1.71358,0.354167,0.854726,1.82264,0.512905,1.15469,0.21548,60,64,0.191341,0.248201,0.174756,1.26759,0,13.1639
13.184,1.71521,0.356196,0.85871,0,0,0,0,60,64,0,0,0,0,0,traj_sz=100
13.1841,1.71521,0.356196,0.85871,1.82264,0.512905,1.15469,0.21548,60,64,0.188823,0.25,0.166809,1.26498,0,13.1841
13.204,1.72226,0.36464,0.876256,0,0,0,0,60,64,0,0,0,0,0,traj_sz=100
13.204,1.72226,0.36464,0.876256,1.82264,0.512905,1.15469,0.21548,61,64,0.178167,0.244272,0.237689,1.25399,0,13.204
13.2238,1.72549,0.36862,0.882588,0,0,0,0,61,64,0,0,0,0,0,traj_sz=100
13.2239,1.72549,0.36862,0.882588,1.82264,0.512905,1.15469,0.21548,61,64,0.17315,0.243937,0.231615,1.24886,0,13.2239
13.2439,1.72549,0.36862,0.882588,0,0,0,0,61,64,0,0,0,0,0,traj_sz=100
13.244,1.72549,0.36862,0.882588,1.82264,0.512905,1.15469,0.21548,61,64,0.17315,0.248786,0.231615,1.24886,0,13.244
13.2639,1.72896,0.372618,0.891451,0,0,0,0,61,64,0,0,0,0,0,traj_sz=100
13.264,1.72896,0.372618,0.891451,1.82264,0.512905,1.15469,0.21548,61,64,0.167997,0.24831,0.22376,1.24357,0,13.264
13.2838,1.73072,0.37483,0.894924,0,0,0,0,61,64,0,0,0,0,0,traj_sz=100
13.2839,1.73072,0.37483,0.894924,1.82264,0.512905,1.15469,0.21548,61,64,0.165226,0.25,0.219954,1.24075,0,13.2839
13.3039,1.73755,0.383381,0.910048,0,0,0,0,61,64,0,0,0,0,0,traj_sz=100
13.3041,1.73755,0.383381,0.910048,1.84164,0.555919,1.19841,0.19703,61,65,0.200104,0.244167,0.202808,1.2298,0,13.3041
13.3239,1.74092,0.387905,0.918534,0,0,0,0,61,65,0,0,0,0,0,traj_sz=100
13.3239,1.74092,0.387905,0.918534,1.84164,0.555919,1.19841,0.19703,61,65,0.194657,0.243134,0.189831,1.22416,0,13.3239
13.344,1.74092,0.387905,0.918534,0,0,0,0,61,65,0,0,0,0,0,traj_sz=100
13.3442,1.74092,0.387905,0.918534,1.84164,0.555919,1.19841,0.19703,61,65,0.194657,0.247638,0.189831,1.22416,0,13.3442
13.364,1.74415,0.3924,0.925805,0,0,0,0,61,65,0,0,0,0,0,traj_sz=100
13.3641,1.74415,0.3924,0.925805,1.84164,0.555919,1.19841,0.19703,61,65,0.189278,0.246534,0.177582,1.21863,0,13.3641
13.3838,1.74758,0.397072,0.935645,0,0,0,0,61,65,0,0,0,0,0,traj_sz=100
13.3839,1.74758,0.397072,0.935645,1.84164,0.555919,1.19841,0.19703,61,65,0.183675,0.245161,0.161599,1.21284,0,13.3839
13.404,1.75227,0.404093,0.945271,0,0,0,0,61,65,0,0,0,0,0,traj_sz=100
13.4041,1.75227,0.404093,0.945271,1.84164,0.555919,1.19841,0.19703,62,65,0.17541,0.241218,0.226103,1.20443,0,13.4041
13.424,1.75375,0.406224,0.949724,0,0,0,0,62,65,0,0,0,0,0,traj_sz=100
13.4241,1.75375,0.406224,0.949724,1.84164,0.555919,1.19841,0.19703,62,65,0.172886,0.243065,0.220828,1.20184,0,13.4241
13.4439,1.75532,0.408295,0.954078,0,0,0,0,62,65,0,0,0,0,0,traj_sz=100
13.4441,1.75532,0.408295,0.954078,1.84164,0.555919,1.19841,0.19703,62,65,0.170355,0.244902,0.21731,1.19924,0,13.4441
13.464,1.75843,0.412768,0.96264,0,0,0,0,62,65,0,0,0,0,0,traj_sz=100
13.4642,1.75843,0.412768,0.96264,1.84164,0.555919,1.19841,0.19703,62,65,0.165028,0.243913,0.207696,1.1938,0,13.4642
13.4838,1.75993,0.41496,0.966013,0,0,0,0,62,65,0,0,0,0,0,traj_sz=100
13.484,1.75993,0.41496,0.966013,1.84164,0.555919,1.19841,0.19703,62,65,0.162416,0.245683,0.204153,1.19115,0,13.484
13.5039,1.7661,0.42389,0.981512,0,0,0,0,62,65,0,0,0,0,0,traj_sz=100
13.5041,1.7661,0.42389,0.981512,1.85728,0.595972,1.23173,0.178401,62,66,0.193735,0.239307,0.187246,1.18032,0,13.5041
13.5238,1.7691,0.428272,0.989797,0,0,0,0,62,66,0,0,0,0,0,traj_sz=100
13.5239,1.7691,0.428272,0.989797,1.85728,0.595972,1.23173,0.178401,62,66,0.188579,0.23841,0.177438,1.17502,0,13.5239
13.544,1.7691,0.428272,0.989797,0,0,0,0,62,66,0,0,0,0,0,traj_sz=100
13.5441,1.7691,0.428272,0.989797,1.85728,0.595972,1.23173,0.178401,62,66,0.188579,0.242438,0.177438,1.17502,0,13.5441
13.5639,1.77196,0.432967,0.995526,0,0,0,0,62,66,0,0,0,0,0,traj_sz=100
13.564,1.77196,0.432967,0.995526,1.85728,0.595972,1.23173,0.178401,62,66,0.18319,0.240685,0.167882,1.16956,0,13.564
13.5839,1.77349,0.435337,0.999259,0,0,0,0,62,66,0,0,0,0,0,traj_sz=100
13.584,1.77349,0.435337,0.999259,1.85728,0.595972,1.23173,0.178401,62,66,0.18043,0.241627,0.162734,1.16676,0,13.584
13.6039,1.77919,0.444127,1.01311,0,0,0,0,62,66,0,0,0,0,0,traj_sz=100
13.604,1.77919,0.444127,1.01311,1.85728,0.595972,1.23173,0.178401,62,66,0.170162,0.234918,0.143894,1.15632,0,13.604
13.6239,1.78064,0.446414,1.01641,0,0,0,0,62,66,0,0,0,0,0,traj_sz=100
13.624,1.78064,0.446414,1.01641,1.85728,0.595972,1.23173,0.178401,62,66,0.167501,0.235973,0.139084,1.15363,0,13.624
13.644,1.78213,0.448817,1.02122,0,0,0,0,62,66,0,0,0,0,0,traj_sz=100
13.6442,1.78213,0.448817,1.02122,1.85728,0.595972,1.23173,0.178401,63,66,0.164736,0.236938,0.203207,1.15082,0,13.6442
13.664,1.7849,0.453646,1.02804,0,0,0,0,63,66,0,0,0,0,0,traj_sz=100
13.6642,1.7849,0.453646,1.02804,1.87023,0.63269,1.25589,0.161416,63,67,0.197388,0.235131,0.194982,1.14532,0,13.6642
13.684,1.78631,0.455843,1.03244,0,0,0,0,63,67,0,0,0,0,0,traj_sz=100
13.6841,1.78631,0.455843,1.03244,1.87023,0.63269,1.25589,0.161416,63,67,0.194858,0.236275,0.191058,1.14272,0,13.6841
13.7039,1.7916,0.464689,1.04388,0,0,0,0,63,67,0,0,0,0,0,traj_sz=100
13.704,1.7916,0.464689,1.04388,1.87023,0.63269,1.25589,0.161416,63,67,0.184756,0.229712,0.180872,1.13251,0,13.704
13.724,1.79288,0.466805,1.04766,0,0,0,0,63,67,0,0,0,0,0,traj_sz=100
13.7241,1.79288,0.466805,1.04766,1.87023,0.63269,1.25589,0.161416,63,67,0.182344,0.231029,0.176781,1.13006,0,13.7241
13.7439,1.79418,0.468886,1.05175,0,0,0,0,63,67,0,0,0,0,0,traj_sz=100
13.744,1.79418,0.468886,1.05175,1.87023,0.63269,1.25589,0.161416,63,67,0.179953,0.232308,0.172687,1.12762,0,13.744
13.7639,1.79672,0.473229,1.05827,0,0,0,0,63,67,0,0,0,0,0,traj_sz=100
13.764,1.79672,0.473229,1.05827,1.87023,0.63269,1.25589,0.161416,63,67,0.175017,0.230571,0.16538,1.12264,0,13.764
13.7839,1.79806,0.475684,1.06063,0,0,0,0,63,67,0,0,0,0,0,traj_sz=100
13.784,1.79806,0.475684,1.06063,1.87023,0.63269,1.25589,0.161416,63,67,0.172255,0.230892,0.162329,1.11988,0,13.784
13.8039,1.80305,0.48488,1.07288,0,0,0,0,63,67,0,0,0,0,0,traj_sz=100
13.804,1.80305,0.48488,1.07288,1.87023,0.63269,1.25589,0.161416,63,67,0.16195,0.223568,0.144278,1.10959,0,13.804
13.8238,1.80569,0.489758,1.07966,0,0,0,0,63,67,0,0,0,0,0,traj_sz=100
13.824,1.80569,0.489758,1.07966,1.88114,0.666185,1.27235,0.14757,63,68,0.191157,0.221143,0.134246,1.10413,0,13.824
13.8438,1.80569,0.489758,1.07966,0,0,0,0,63,68,0,0,0,0,0,traj_sz=100
13.8439,1.80569,0.489758,1.07966,1.88114,0.666185,1.27235,0.14757,63,68,0.191157,0.224253,0.134246,1.10413,0,13.8439
13.8639,1.80808,0.494535,1.08685,0,0,0,0,63,68,0,0,0,0,0,traj_sz=100
13.8642,1.80808,0.494535,1.08685,1.88114,0.666185,1.27235,0.14757,64,68,0.185933,0.222072,0.178734,1.09892,0,13.8642
13.8839,1.80927,0.49691,1.0902,0,0,0,0,64,68,0,0,0,0,0,traj_sz=100
13.884,1.80927,0.49691,1.0902,1.88114,0.666185,1.27235,0.14757,64,68,0.183326,0.222526,0.174644,1.09632,0,13.884
13.9038,1.81383,0.506296,1.10131,0,0,0,0,64,68,0,0,0,0,0,traj_sz=100
13.9039,1.81383,0.506296,1.10131,1.88114,0.666185,1.27235,0.14757,64,68,0.173041,0.215198,0.160367,1.08615,0,13.9039
13.9239,1.81466,0.508538,1.10175,0,0,0,0,64,68,0,0,0,0,0,traj_sz=100
13.924,1.81466,0.508538,1.10175,1.88114,0.666185,1.27235,0.14757,64,68,0.170671,0.215952,0.157345,1.08389,0,13.924
13.944,1.81572,0.510582,1.10537,0,0,0,0,64,68,0,0,0,0,0,traj_sz=100
13.944,1.81572,0.510582,1.10537,1.88114,0.666185,1.27235,0.14757,64,68,0.168411,0.216775,0.152994,1.08163,0,13.944
13.9639,1.81794,0.514828,1.11097,0,0,0,0,64,68,0,0,0,0,0,traj_sz=100
13.964,1.81794,0.514828,1.11097,1.88114,0.666185,1.27235,0.14757,64,68,0.163684,0.215104,0.147559,1.07694,0,13.964
13.9839,1.81896,0.517093,1.11391,0,0,0,0,64,68,0,0,0,0,0,traj_sz=100
13.9841,1.81896,0.517093,1.11391,1.88114,0.666185,1.27235,0.14757,64,68,0.161233,0.215315,0.142513,1.07454,0,13.9841
14.0039,1.8229,0.52611,1.12363,0,0,0,0,64,68,0,0,0,0,0,traj_sz=100
14.004,1.8229,0.52611,1.12363,1.8906,0.696968,1.28246,0.137995,64,69,0.183331,0.20806,0.124524,1.06506,0,14.004
14.0239,1.82388,0.528087,1.12678,0,0,0,0,64,69,0,0,0,0,0,traj_sz=100
14.024,1.82388,0.528087,1.12678,1.8906,0.696968,1.28246,0.137995,64,69,0.181167,0.208456,0.12019,1.06292,0,14.024
14.0441,1.82496,0.530116,1.13007,0,0,0,0,64,69,0,0,0,0,0,traj_sz=100
14.0442,1.82496,0.530116,1.13007,1.8906,0.696968,1.28246,0.137995,64,69,0.17891,0.208792,0.116821,1.06066,0,14.0442
14.0639,1.82711,0.534408,1.13767,0,0,0,0,64,69,0,0,0,0,0,traj_sz=100
14.064,1.82711,0.534408,1.13767,1.8906,0.696968,1.28246,0.137995,64,69,0.174196,0.20658,0.106638,1.05598,0,14.064
14.0839,1.82812,0.536521,1.14112,0,0,0,0,64,69,0,0,0,0,0,traj_sz=100
14.084,1.82812,0.536521,1.14112,1.8906,0.696968,1.28246,0.137995,65,69,0.171889,0.206835,0.143194,1.0537,0,14.084
14.104,1.8321,0.545079,1.15269,0,0,0,0,65,69,0,0,0,0,0,traj_sz=100
14.1041,1.8321,0.545079,1.15269,1.8906,0.696968,1.28246,0.137995,65,69,0.162558,0.200017,0.131239,1.04457,0,14.1041
14.1239,1.83291,0.547322,1.15378,0,0,0,0,65,69,0,0,0,0,0,traj_sz=100
14.124,1.83291,0.547322,1.15378,1.8906,0.696968,1.28246,0.137995,65,69,0.160188,0.20023,0.128341,1.04233,0,14.124
14.1441,1.83382,0.549441,1.15603,0,0,0,0,65,69,0,0,0,0,0,traj_sz=100
14.1443,1.83382,0.549441,1.15603,1.8906,0.696968,1.28246,0.137995,65,69,0.157899,0.20055,0.125458,1.04012,0,14.1443
14.164,1.83568,0.553696,1.15983,0,0,0,0,65,69,0,0,0,0,0,traj_sz=100
14.1641,1.83568,0.553696,1.15983,1.8906,0.696968,1.28246,0.137995,65,69,0.153284,0.198494,0.121336,1.03566,0,14.1641
14.184,1.83754,0.558011,1.16512,0,0,0,0,65,69,0,0,0,0,0,traj_sz=100
14.1841,1.83754,0.558011,1.16512,1.8906,0.696968,1.28246,0.137995,65,69,0.148617,0.196389,0.114295,1.03115,0,14.1841
14.2039,1.84013,0.564533,1.17122,0,0,0,0,65,69,0,0,0,0,0,traj_sz=100
14.204,1.84013,0.564533,1.17122,1.8906,0.696968,1.28246,0.137995,65,69,0.141636,0.19161,0.103909,1.02448,0,14.204
14.224,1.84093,0.566734,1.17365,0,0,0,0,65,69,0,0,0,0,0,traj_sz=100
14.2242,1.84093,0.566734,1.17365,1.8906,0.696968,1.28246,0.137995,65,69,0.139308,0.191499,0.0987519,1.02228,0,14.2242
14.2438,1.84184,0.568854,1.17605,0,0,0,0,65,69,0,0,0,0,0,traj_sz=100
14.244,1.84184,0.568854,1.17605,1.8906,0.696968,1.28246,0.137995,65,69,0.137011,0.191392,0.0955736,1.02007,0,14.244
14.264,1.84349,0.573006,1.18036,0,0,0,0,65,69,0,0,0,0,0,traj_sz=100
14.2641,1.84349,0.573006,1.18036,1.8906,0.696968,1.28246,0.137995,65,69,0.132564,0.189163,0.088122,1.01584,0,14.2641
14.2839,1.84435,0.575031,1.18265,0,0,0,0,65,69,0,0,0,0,0,traj_sz=100
14.284,1.84435,0.575031,1.18265,1.8906,0.696968,1.28246,0.137995,65,69,0.130372,0.189175,0.0849302,1.01373,0,14.284
14.3039,1.84738,0.583124,1.19044,0,0,0,0,65,69,0,0,0,0,0,traj_sz=100
14.304,1.84738,0.583124,1.19044,1.8906,0.696968,1.28246,0.137995,66,69,0.121753,0.182754,0.0994473,1.00559,0,14.304
14.324,1.84832,0.58506,1.19248,0,0,0,0,66,69,0,0,0,0,0,traj_sz=100
14.324,1.84832,0.58506,1.19248,1.8906,0.696968,1.28246,0.137995,66,69,0.119612,0.182837,0.0993347,1.00351,0,14.324
14.3438,1.84909,0.587021,1.19477,0,0,0,0,66,69,0,0,0,0,0,traj_sz=100
14.3439,1.84909,0.587021,1.19477,1.8906,0.696968,1.28246,0.137995,66,69,0.117509,0.182933,0.0963761,1.00152,0,14.3439
14.364,1.85043,0.590718,1.19531,0,0,0,0,66,69,0,0,0,0,0,traj_sz=100
14.3641,1.85043,0.590718,1.19531,1.8906,0.696968,1.28246,0.137995,66,69,0.113579,0.181243,0.0959184,0.997833,0,14.3641
14.3841,1.85099,0.592301,1.19614,0,0,0,0,66,69,0,0,0,0,0,traj_sz=100
14.3842,1.85099,0.592301,1.19614,1.8906,0.696968,1.28246,0.137995,66,69,0.1119,0.181787,0.094482,0.996264,0,14.3842
14.4039,1.85365,0.598989,1.2032,0,0,0,0,66,69,0,0,0,0,0,traj_sz=100
14.4041,1.85365,0.598989,1.2032,1.8906,0.696968,1.28246,0.137995,66,69,0.104713,0.176804,0.0859543,0.989457,0,14.4041
14.424,1.85443,0.600827,1.20247,0,0,0,0,66,69,0,0,0,0,0,traj_sz=100
14.4241,1.85443,0.600827,1.20247,1.8906,0.696968,1.28246,0.137995,66,69,0.102715,0.176805,0.0891966,0.987552,0,14.4241
14.4439,1.85516,0.602712,1.20319,0,0,0,0,66,69,0,0,0,0,0,traj_sz=100
14.444,1.85516,0.602712,1.20319,1.8906,0.696968,1.28246,0.137995,66,69,0.100695,0.176784,0.0888281,0.985646,0,14.444
14.464,1.85665,0.606565,1.20516,0,0,0,0,66,69,0,0,0,0,0,traj_sz=100
14.4641,1.85665,0.606565,1.20516,1.8906,0.696968,1.28246,0.137995,66,69,0.0965643,0.174665,0.0871407,0.981753,0,14.4641
14.4838,1.85753,0.608461,1.20926,0,0,0,0,66,69,0,0,0,0,0,traj_sz=100
14.4839,1.85753,0.608461,1.20926,1.8906,0.696968,1.28246,0.137995,66,69,0.0944828,0.174569,0.0827097,0.979745,0,14.4839
14.5039,1.86017,0.615968,1.2131,0,0,0,0,66,69,0,0,0,0,0,traj_sz=100
14.504,1.86017,0.615968,1.2131,1.8906,0.696968,1.28246,0.137995,67,69,0.0865277,0.16862,0.0902158,0.972343,0,14.504
14.5242,1.86072,0.617701,1.21268,0,0,0,0,67,69,0,0,0,0,0,traj_sz=100
14.5243,1.86072,0.617701,1.21268,1.8906,0.696968,1.28246,0.137995,67,69,0.084711,0.168836,0.0908105,0.970672,0,14.5243
14.544,1.86163,0.619497,1.21611,0,0,0,0,67,69,0,0,0,0,0,traj_sz=100
14.5441,1.86163,0.619497,1.21611,1.8906,0.696968,1.28246,0.137995,67,69,0.0827111,0.168825,0.0891981,0.968723,0,14.5441
14.5638,1.86288,0.623275,1.22002,0,0,0,0,67,69,0,0,0,0,0,traj_sz=100
14.5639,1.86288,0.623275,1.22002,1.89916,0.725841,1.28731,0.133442,67,70,0.108787,0.166831,0.0824943,0.965052,0,14.5639
14.5839,1.8637,0.625062,1.21904,0,0,0,0,67,70,0,0,0,0,0,traj_sz=100
14.5841,1.8637,0.625062,1.21904,1.89916,0.725841,1.28731,0.133442,67,70,0.106828,0.166893,0.0875561,0.963171,0,14.5841
14.604,1.86617,0.632349,1.22408,0,0,0,0,67,70,0,0,0,0,0,traj_sz=100
14.6041,1.86617,0.632349,1.22408,1.89916,0.725841,1.28731,0.133442,67,70,0.099139,0.1612,0.0799105,0.956062,0,14.6041
14.6239,1.86681,0.634096,1.22736,0,0,0,0,67,70,0,0,0,0,0,traj_sz=100
14.624,1.86681,0.634096,1.22736,1.89916,0.725841,1.28731,0.133442,67,70,0.0972809,0.161334,0.0750017,0.954328,0,14.624
14.6439,1.86748,0.635932,1.22633,0,0,0,0,67,70,0,0,0,0,0,traj_sz=100
14.6441,1.86748,0.635932,1.22633,1.89916,0.725841,1.28731,0.133442,67,70,0.0953263,0.161343,0.0778923,0.952509,0,14.6441
14.6639,1.86863,0.639395,1.22887,0,0,0,0,67,70,0,0,0,0,0,traj_sz=100
14.6642,1.86863,0.639395,1.22887,1.89916,0.725841,1.28731,0.133442,67,70,0.0916774,0.159645,0.0737136,0.949149,0,14.6642
14.6841,1.86929,0.641107,1.23241,0,0,0,0,67,70,0,0,0,0,0,traj_sz=100
14.6842,1.86929,0.641107,1.23241,1.89916,0.725841,1.28731,0.133442,67,70,0.0898448,0.159779,0.0687474,0.947432,0,14.6842
14.704,1.87165,0.648128,1.23509,0,0,0,0,67,70,0,0,0,0,0,traj_sz=100
14.7041,1.87165,0.648128,1.23509,1.89916,0.725841,1.28731,0.133442,67,70,0.082439,0.154321,0.0648936,0.94062,0,14.7041
14.7239,1.87194,0.649845,1.23437,0,0,0,0,67,70,0,0,0,0,0,traj_sz=100
14.7241,1.87194,0.649845,1.23437,1.89916,0.725841,1.28731,0.133442,67,70,0.0807234,0.154546,0.0623515,0.939147,0,14.7241
14.744,1.87261,0.65142,1.23565,0,0,0,0,67,70,0,0,0,0,0,traj_sz=100
14.7441,1.87261,0.65142,1.23565,1.89916,0.725841,1.28731,0.133442,68,70,0.0790114,0.154802,0.0658349,0.93752,0,14.7441
14.7639,1.87375,0.654381,1.2358,0,0,0,0,68,70,0,0,0,0,0,traj_sz=100
14.764,1.87375,0.654381,1.2358,1.89916,0.725841,1.28731,0.133442,68,70,0.075842,0.153579,0.0687744,0.934558,0,14.764
14.7839,1.87427,0.655863,1.23826,0,0,0,0,68,70,0,0,0,0,0,traj_sz=100
14.7841,1.87427,0.655863,1.23826,1.89916,0.725841,1.28731,0.133442,68,70,0.0742693,0.153971,0.0652542,0.933107,0,14.7841
14.8039,1.87653,0.662046,1.2445,0,0,0,0,68,70,0,0,0,0,0,traj_sz=100
14.804,1.87653,0.662046,1.2445,1.90731,0.753802,1.28755,0.134268,68,71,0.0967814,0.149344,0.0591361,0.927002,0,14.804
14.8239,1.87688,0.663687,1.24278,0,0,0,0,68,71,0,0,0,0,0,traj_sz=100
14.8241,1.87688,0.663687,1.24278,1.90731,0.753802,1.28755,0.134268,68,71,0.0951124,0.149629,0.0601012,0.925546,0,14.8241
14.844,1.87771,0.665211,1.24641,0,0,0,0,68,71,0,0,0,0,0,traj_sz=100
14.8441,1.87771,0.665211,1.24641,1.90731,0.753802,1.28755,0.134268,68,71,0.0934057,0.149912,0.0586383,0.923864,0,14.8441
14.8639,1.87878,0.66849,1.2477,0,0,0,0,68,71,0,0,0,0,0,traj_sz=100
14.864,1.87878,0.66849,1.2477,1.90731,0.753802,1.28755,0.134268,68,71,0.0899551,0.148527,0.057275,0.920712,0,14.864
14.884,1.87918,0.67012,1.24723,0,0,0,0,68,71,0,0,0,0,0,traj_sz=100
14.8841,1.87918,0.67012,1.24723,1.90731,0.753802,1.28755,0.134268,68,71,0.0882833,0.148923,0.0566248,0.919239,0,14.8841
14.9039,1.88131,0.676199,1.25186,0,0,0,0,68,71,0,0,0,0,0,traj_sz=100
14.904,1.88131,0.676199,1.25186,1.90731,0.753802,1.28755,0.134268,68,71,0.0818431,0.144549,0.0519876,0.913315,0,14.904
14.9239,1.88186,0.677603,1.25068,0,0,0,0,68,71,0,0,0,0,0,traj_sz=100
14.9242,1.88186,0.677603,1.25068,1.90731,0.753802,1.28755,0.134268,68,71,0.0803368,0.145133,0.0558498,0.911906,0,14.9242
14.944,1.8821,0.679155,1.25184,0,0,0,0,68,71,0,0,0,0,0,traj_sz=100
14.9442,1.8821,0.679155,1.25184,1.90731,0.753802,1.28755,0.134268,68,71,0.0787876,0.145651,0.0503295,0.910601,0,14.9442
14.964,1.8833,0.682296,1.25381,0,0,0,0,68,71,0,0,0,0,0,traj_sz=100
14.9641,1.8833,0.682296,1.25381,1.90731,0.753802,1.28755,0.134268,68,71,0.0754274,0.144358,0.0501959,0.907475,0,14.9641
14.9838,1.88361,0.683815,1.25297,0,0,0,0,68,71,0,0,0,0,0,traj_sz=100
14.9839,1.88361,0.683815,1.25297,1.90731,0.753802,1.28755,0.134268,69,71,0.0738881,0.144866,0.0433605,0.906148,0,14.9839
15.0038,1.88537,0.689647,1.2543,0,0,0,0,69,71,0,0,0,0,0,traj_sz=100
15.0039,1.88537,0.689647,1.2543,1.91549,0.781937,1.28333,0.140422,69,72,0.097081,0.140844,0.0413362,0.900673,0,15.0039
15.0239,1.8859,0.691092,1.25527,0,0,0,0,69,72,0,0,0,0,0,traj_sz=100
15.024,1.8859,0.691092,1.25527,1.91549,0.781937,1.28333,0.140422,69,72,0.0955426,0.141392,0.0411032,0.899251,0,15.024
15.044,1.88623,0.692534,1.25579,0,0,0,0,69,72,0,0,0,0,0,traj_sz=100
15.0441,1.88623,0.692534,1.25579,1.91549,0.781937,1.28333,0.140422,69,72,0.0940693,0.141995,0.0387423,0.897971,0,15.0441
15.064,1.88724,0.695731,1.25773,0,0,0,0,69,72,0,0,0,0,0,traj_sz=100
15.0641,1.88724,0.695731,1.25773,1.91549,0.781937,1.28333,0.140422,69,72,0.0907156,0.140786,0.0361927,0.894941,0,15.0641
15.0839,1.88789,0.697238,1.25983,0,0,0,0,69,72,0,0,0,0,0,traj_sz=100
15.084,1.88789,0.697238,1.25983,1.91549,0.781937,1.28333,0.140422,69,72,0.0890827,0.141489,0.035262,0.8934,0,15.084
15.1039,1.88966,0.703576,1.26081,0,0,0,0,69,72,0,0,0,0,0,traj_sz=100
15.104,1.88966,0.703576,1.26081,1.91549,0.781937,1.28333,0.140422,69,72,0.0825059,0.137256,0.031922,0.887565,0,15.104
15.124,1.88982,0.705109,1.26079,0,0,0,0,69,72,0,0,0,0,0,traj_sz=100
15.1241,1.88982,0.705109,1.26079,1.91549,0.781937,1.28333,0.140422,69,72,0.0809956,0.138084,0.0277798,0.886336,0,15.1241
15.1439,1.89056,0.706618,1.26266,0,0,0,0,69,72,0,0,0,0,0,traj_sz=100
15.1441,1.89056,0.706618,1.26266,1.91549,0.781937,1.28333,0.140422,69,72,0.0793322,0.138769,0.0285875,0.884733,0,15.1441
15.164,1.89157,0.709825,1.26282,0,0,0,0,69,72,0,0,0,0,0,traj_sz=100
15.1641,1.89157,0.709825,1.26282,1.91549,0.781937,1.28333,0.140422,69,72,0.0759693,0.137755,0.0291638,0.881708,0,15.1641
15.1839,1.89159,0.711295,1.26307,0,0,0,0,69,72,0,0,0,0,0,traj_sz=100
15.1841,1.89159,0.711295,1.26307,1.91549,0.781937,1.28333,0.140422,69,72,0.0745626,0.138682,0.0226811,0.880629,0,15.1841
15.2038,1.89324,0.716578,1.26394,0,0,0,0,69,72,0,0,0,0,0,traj_sz=100
15.2039,1.89324,0.716578,1.26394,1.91549,0.781937,1.28333,0.140422,70,72,0.0690265,0.135461,0.00813378,0.875663,0,15.2039
15.2239,1.89407,0.717899,1.2662,0,0,0,0,70,72,0,0,0,0,0,traj_sz=100
15.224,1.89407,0.717899,1.2662,1.91549,0.781937,1.28333,0.140422,70,72,0.0675152,0.136323,0.0103702,0.874138,0,15.224
15.244,1.89417,0.719264,1.26576,0,0,0,0,70,72,0,0,0,0,0,traj_sz=100
15.2442,1.89417,0.719264,1.26576,1.92418,0.811326,1.27422,0.151427,70,73,0.096825,0.137336,0.00693196,0.87308,0,15.2442
15.2639,1.89489,0.721833,1.26591,0,0,0,0,70,73,0,0,0,0,0,traj_sz=100
15.2641,1.89489,0.721833,1.26591,1.92418,0.811326,1.27422,0.151427,70,73,0.0941574,0.137003,0.00628388,0.870726,0,15.2641
15.2839,1.89556,0.723164,1.26696,0,0,0,0,70,73,0,0,0,0,0,traj_sz=100
15.2839,1.89556,0.723164,1.26696,1.92418,0.811326,1.27422,0.151427,70,73,0.0926871,0.138012,0.00841754,0.869305,0,15.2839
15.3038,1.89712,0.728792,1.26696,0,0,0,0,70,73,0,0,0,0,0,traj_sz=100
15.3039,1.89712,0.728792,1.26696,1.92418,0.811326,1.27422,0.151427,70,73,0.0868507,0.134911,0.00721834,0.864172,0,15.3039
15.3239,1.89776,0.730203,1.27043,0,0,0,0,70,73,0,0,0,0,0,traj_sz=100
15.324,1.89776,0.730203,1.27043,1.92418,0.811326,1.27422,0.151427,70,73,0.0853073,0.136136,0.00434337,0.862709,0,15.324
15.344,1.89788,0.73175,1.26726,0,0,0,0,70,73,0,0,0,0,0,traj_sz=100
15.3441,1.89788,0.73175,1.26726,1.92418,0.811326,1.27422,0.151427,70,73,0.0837996,0.137371,0.00527249,0.861516,0,15.3441
15.3639,1.89897,0.734537,1.26929,0,0,0,0,70,73,0,0,0,0,0,traj_sz=100
15.364,1.89897,0.734537,1.26929,1.92418,0.811326,1.27422,0.151427,70,73,0.0808104,0.13713,0.00567361,0.858755,0,15.364
15.3839,1.89934,0.736049,1.26992,0,0,0,0,70,73,0,0,0,0,0,traj_sz=100
15.384,1.89934,0.736049,1.26992,1.92418,0.811326,1.27422,0.151427,70,73,0.0792576,0.138322,0.00345308,0.857417,0,15.384
15.404,1.90125,0.742227,1.2732,0,0,0,0,70,73,0,0,0,0,0,traj_sz=100
15.4041,1.90125,0.742227,1.2732,1.92418,0.811326,1.27422,0.151427,71,73,0.0727856,0.134613,-0.0227827,0.851664,0,15.4041
15.4239,1.9015,0.743798,1.26977,0,0,0,0,71,73,0,0,0,0,0,traj_sz=100
15.424,1.9015,0.743798,1.26977,1.92418,0.811326,1.27422,0.151427,71,73,0.0712147,0.135765,-0.0195218,0.850365,0,15.424
15.444,1.90206,0.745317,1.27317,0,0,0,0,71,73,0,0,0,0,0,traj_sz=100
15.444,1.90206,0.745317,1.27317,1.92418,0.811326,1.27422,0.151427,71,73,0.0695939,0.136899,-0.024004,0.848893,0,15.444
15.4639,1.90292,0.748161,1.27223,0,0,0,0,71,73,0,0,0,0,0,traj_sz=100
15.464,1.90292,0.748161,1.27223,1.93383,0.842931,1.25935,0.166372,71,74,0.0996706,0.136665,-0.0218909,0.846267,0,15.464
15.484,1.90389,0.750971,1.27302,0,0,0,0,71,74,0,0,0,0,0,traj_sz=100
15.4841,1.90389,0.750971,1.27302,1.93383,0.842931,1.25935,0.166372,71,74,0.0966978,0.136455,-0.0210903,0.843586,0,15.4841
15.504,1.90442,0.755068,1.26865,0,0,0,0,71,74,0,0,0,0,0,traj_sz=100
15.5041,1.90442,0.755068,1.26865,1.93383,0.842931,1.25935,0.166372,71,74,0.0926352,0.135354,-0.0227953,0.840308,0,15.5041
15.5238,1.90519,0.756482,1.27091,0,0,0,0,71,74,0,0,0,0,0,traj_sz=100
15.524,1.90519,0.756482,1.27091,1.93383,0.842931,1.25935,0.166372,71,74,0.0910497,0.137007,-0.021585,0.838758,0,15.524
15.5438,1.90542,0.757985,1.27027,0,0,0,0,71,74,0,0,0,0,0,traj_sz=100
15.5438,1.90542,0.757985,1.27027,1.93383,0.842931,1.25935,0.166372,71,74,0.0895479,0.138724,-0.02346,0.837534,0,15.5438
15.5638,1.90621,0.760816,1.27044,0,0,0,0,71,74,0,0,0,0,0,traj_sz=100
15.5638,1.90621,0.760816,1.27044,1.93383,0.842931,1.25935,0.166372,71,74,0.086611,0.13904,-0.0243409,0.834979,0,15.5638
15.5838,1.90665,0.762349,1.26903,0,0,0,0,71,74,0,0,0,0,0,traj_sz=100
15.584,1.90665,0.762349,1.26903,1.93383,0.842931,1.25935,0.166372,71,74,0.0850195,0.140711,-0.0218636,0.833585,0,15.584
15.6039,1.90861,0.767835,1.27157,0,0,0,0,71,74,0,0,0,0,0,traj_sz=100
15.6039,1.90861,0.767835,1.27157,1.93383,0.842931,1.25935,0.166372,71,74,0.0791922,0.138137,-0.0211393,0.828328,0,15.6039
15.6239,1.90934,0.770589,1.27096,0,0,0,0,71,74,0,0,0,0,0,traj_sz=100
15.624,1.90934,0.770589,1.27096,1.93383,0.842931,1.25935,0.166372,72,74,0.0763472,0.138546,-0.0500215,0.825875,0,15.624
15.6439,1.90934,0.770589,1.27096,0,0,0,0,72,74,0,0,0,0,0,traj_sz=100
15.644,1.90934,0.770589,1.27096,1.93383,0.842931,1.25935,0.166372,72,74,0.0763472,0.141804,-0.0500215,0.825875,0,15.644
15.6639,1.91027,0.773525,1.2725,0,0,0,0,72,74,0,0,0,0,0,traj_sz=100
15.6641,1.91027,0.773525,1.2725,1.93383,0.842931,1.25935,0.166372,72,74,0.0732665,0.14198,-0.0520009,0.823159,0,15.6641
15.6839,1.91062,0.775178,1.26833,0,0,0,0,72,74,0,0,0,0,0,traj_sz=100
15.6839,1.91062,0.775178,1.26833,1.93383,0.842931,1.25935,0.166372,72,74,0.0715913,0.143528,-0.0464629,0.82175,0,15.6839
15.7039,1.91221,0.78081,1.26716,0,0,0,0,72,74,0,0,0,0,0,traj_sz=100
15.7039,1.91221,0.78081,1.26716,1.94496,0.877494,1.23743,0.183924,72,75,0.102054,0.140926,-0.0454229,0.816679,0,15.7039
15.724,1.91327,0.78372,1.27147,0,0,0,0,72,75,0,0,0,0,0,traj_sz=100
15.724,1.91327,0.78372,1.27147,1.94496,0.877494,1.23743,0.183924,72,75,0.0989479,0.141404,-0.0502372,0.813889,0,15.724
15.7439,1.91327,0.78372,1.27147,0,0,0,0,72,75,0,0,0,0,0,traj_sz=100
15.744,1.91327,0.78372,1.27147,1.94496,0.877494,1.23743,0.183924,72,75,0.0989479,0.145225,-0.0502372,0.813889,0,15.744
15.7639,1.91399,0.786641,1.27016,0,0,0,0,72,75,0,0,0,0,0,traj_sz=100
15.764,1.91399,0.786641,1.27016,1.94496,0.877494,1.23743,0.183924,72,75,0.0959489,0.146038,-0.0499967,0.811343,0,15.764
15.7838,1.91426,0.788133,1.26655,0,0,0,0,72,75,0,0,0,0,0,traj_sz=100
15.7839,1.91426,0.788133,1.26655,1.94496,0.877494,1.23743,0.183924,72,75,0.0944531,0.148327,-0.0459369,0.810112,0,15.7839
15.8039,1.91648,0.794331,1.26786,0,0,0,0,72,75,0,0,0,0,0,traj_sz=100
15.804,1.91648,0.794331,1.26786,1.94496,0.877494,1.23743,0.183924,72,75,0.0878715,0.145599,-0.0427151,0.804219,0,15.804
15.8239,1.91705,0.795992,1.26815,0,0,0,0,72,75,0,0,0,0,0,traj_sz=100
15.824,1.91705,0.795992,1.26815,1.94496,0.877494,1.23743,0.183924,72,75,0.086115,0.147662,-0.0420647,0.802658,0,15.824
15.8439,1.91725,0.797759,1.26403,0,0,0,0,72,75,0,0,0,0,0,traj_sz=100
15.8439,1.91725,0.797759,1.26403,1.94496,0.877494,1.23743,0.183924,73,75,0.084382,0.149722,-0.0759951,0.801301,0,15.8439
15.8639,1.91856,0.800867,1.26646,0,0,0,0,73,75,0,0,0,0,0,traj_sz=100
15.864,1.91856,0.800867,1.26646,1.94496,0.877494,1.23743,0.183924,73,75,0.0810161,0.150197,-0.075118,0.798207,0,15.864
15.8838,1.91869,0.802442,1.26306,0,0,0,0,73,75,0,0,0,0,0,traj_sz=100
15.8839,1.91869,0.802442,1.26306,1.94496,0.877494,1.23743,0.183924,73,75,0.0794837,0.152447,-0.0741042,0.797032,0,15.8839
15.9038,1.92086,0.808559,1.26309,0,0,0,0,73,75,0,0,0,0,0,traj_sz=100
15.9039,1.92086,0.808559,1.26309,1.95809,0.915424,1.20701,0.202393,73,76,0.113121,0.149783,-0.0698082,0.791257,0,15.9039
15.9238,1.92195,0.811948,1.26324,0,0,0,0,73,76,0,0,0,0,0,traj_sz=100
15.924,1.92195,0.811948,1.26324,1.95809,0.915424,1.20701,0.202393,73,76,0.109561,0.150058,-0.0692802,0.788144,0,15.924
15.9439,1.92195,0.811948,1.26324,0,0,0,0,73,76,0,0,0,0,0,traj_sz=100
15.9439,1.92195,0.811948,1.26324,1.95809,0.915424,1.20701,0.202393,73,76,0.109561,0.154238,-0.0692802,0.788144,0,15.9439
15.9638,1.92293,0.81539,1.26049,0,0,0,0,73,76,0,0,0,0,0,traj_sz=100
15.9639,1.92293,0.81539,1.26049,1.95809,0.915424,1.20701,0.202393,73,76,0.105991,0.155045,-0.0653107,0.785078,0,15.9639
15.9839,1.92348,0.81702,1.2639,0,0,0,0,73,76,0,0,0,0,0,traj_sz=100
15.984,1.92348,0.81702,1.2639,1.95809,0.915424,1.20701,0.202393,73,76,0.104262,0.157759,-0.0707916,0.78357,0,15.984
16.0038,1.92537,0.823349,1.2571,0,0,0,0,73,76,0,0,0,0,0,traj_sz=100
16.0039,1.92537,0.823349,1.2571,1.95809,0.915424,1.20701,0.202393,73,76,0.0976776,0.155534,-0.0591295,0.777884,0,16.0039
16.0238,1.92663,0.826597,1.26092,0,0,0,0,73,76,0,0,0,0,0,traj_sz=100
16.0238,1.92663,0.826597,1.26092,1.95809,0.915424,1.20701,0.202393,73,76,0.0941908,0.156446,-0.0622632,0.774764,0,16.0238
16.0439,1.92663,0.826597,1.26092,0,0,0,0,73,76,0,0,0,0,0,traj_sz=100
16.044,1.92663,0.826597,1.26092,1.95809,0.915424,1.20701,0.202393,73,76,0.0941908,0.160889,-0.0622632,0.774764,0,16.044
16.0638,1.92766,0.829909,1.25709,0,0,0,0,73,76,0,0,0,0,0,traj_sz=100
16.064,1.92766,0.829909,1.25709,1.95809,0.915424,1.20701,0.202393,74,76,0.0907315,0.16181,-0.100673,0.771766,0,16.064
16.0838,1.92807,0.831593,1.25674,0,0,0,0,74,76,0,0,0,0,0,traj_sz=100
16.0839,1.92807,0.831593,1.25674,1.95809,0.915424,1.20701,0.202393,74,76,0.0890043,0.164465,-0.101902,0.770329,0,16.0839
16.1038,1.92985,0.838307,1.25167,0,0,0,0,74,76,0,0,0,0,0,traj_sz=100
16.1039,1.92985,0.838307,1.25167,1.9738,0.956704,1.1667,0.219857,74,77,0.126209,0.161918,-0.0982934,0.764506,0,16.1039
16.1239,1.931,0.841639,1.25077,0,0,0,0,74,77,0,0,0,0,0,traj_sz=100
16.1239,1.931,0.841639,1.25077,1.9738,0.956704,1.1667,0.219857,74,77,0.122687,0.162818,-0.09552,0.761421,0,16.1239
16.1438,1.931,0.841639,1.25077,0,0,0,0,74,77,0,0,0,0,0,traj_sz=100
16.1439,1.931,0.841639,1.25077,1.9738,0.956704,1.1667,0.219857,74,77,0.122687,0.167211,-0.09552,0.761421,0,16.1439
16.1639,1.93249,0.844973,1.25377,0,0,0,0,74,77,0,0,0,0,0,traj_sz=100
16.164,1.93249,0.844973,1.25377,1.9738,0.956704,1.1667,0.219857,74,77,0.11904,0.168387,-0.0949408,0.758085,0,16.164
16.184,1.93358,0.848335,1.25225,0,0,0,0,74,77,0,0,0,0,0,traj_sz=100
16.184,1.93358,0.848335,1.25225,1.9738,0.956704,1.1667,0.219857,74,77,0.115514,0.169807,-0.0921378,0.755038,0,16.184
16.2038,1.93534,0.853393,1.25203,0,0,0,0,74,77,0,0,0,0,0,traj_sz=100
16.2039,1.93534,0.853393,1.25203,1.9738,0.956704,1.1667,0.219857,74,77,0.11016,0.169358,-0.0898902,0.750367,0,16.2039
16.2239,1.936,0.855106,1.25158,0,0,0,0,74,77,0,0,0,0,0,traj_sz=100
16.2241,1.936,0.855106,1.25158,1.9738,0.956704,1.1667,0.219857,74,77,0.108327,0.172494,-0.0874456,0.748735,0,16.2241
16.2439,1.93648,0.856893,1.2515,0,0,0,0,74,77,0,0,0,0,0,traj_sz=100
16.244,1.93648,0.856893,1.2515,1.9738,0.956704,1.1667,0.219857,74,77,0.106482,0.175577,-0.0887539,0.747199,0,16.244
16.264,1.93754,0.860335,1.24816,0,0,0,0,74,77,0,0,0,0,0,traj_sz=100
16.2641,1.93754,0.860335,1.24816,1.9738,0.956704,1.1667,0.219857,74,77,0.102895,0.176932,-0.0834537,0.744135,0,16.2641
16.2838,1.93797,0.861948,1.24746,0,0,0,0,74,77,0,0,0,0,0,traj_sz=100
16.2839,1.93797,0.861948,1.24746,1.9738,0.956704,1.1667,0.219857,75,77,0.101231,0.18016,-0.139503,0.74275,0,16.2839
16.3038,1.94037,0.868785,1.24229,0,0,0,0,75,77,0,0,0,0,0,traj_sz=100
16.3039,1.94037,0.868785,1.24229,1.9738,0.956704,1.1667,0.219857,75,77,0.0940033,0.177854,-0.129669,0.736454,0,16.3039
16.3238,1.94098,0.870624,1.2413,0,0,0,0,75,77,0,0,0,0,0,traj_sz=100
16.3239,1.94098,0.870624,1.2413,1.9738,0.956704,1.1667,0.219857,75,77,0.0920698,0.180859,-0.128345,0.734794,0,16.3239
16.3438,1.94162,0.872431,1.24048,0,0,0,0,75,77,0,0,0,0,0,traj_sz=100
16.3439,1.94162,0.872431,1.24048,1.99266,1.00082,1.11544,0.234393,75,78,0.138002,0.18388,-0.126592,0.733127,0,16.3439
16.3639,1.94287,0.876113,1.23795,0,0,0,0,75,78,0,0,0,0,0,traj_sz=100
16.3641,1.94287,0.876113,1.23795,1.99266,1.00082,1.11544,0.234393,75,78,0.134131,0.184953,-0.122429,0.729785,0,16.3641
16.3847,1.94409,0.880131,1.23403,0,0,0,0,75,78,0,0,0,0,0,traj_sz=100
16.3848,1.94409,0.880131,1.23403,1.99266,1.00082,1.11544,0.234393,75,78,0.12996,0.186264,-0.117795,0.726252,0,16.3848
16.404,1.94594,0.885871,1.23015,0,0,0,0,75,78,0,0,0,0,0,traj_sz=100
16.4041,1.94594,0.885871,1.23015,1.99266,1.00082,1.11544,0.234393,75,78,0.123954,0.185413,-0.112762,0.721135,0,16.4041
16.424,1.94656,0.887911,1.22794,0,0,0,0,75,78,0,0,0,0,0,traj_sz=100
16.4242,1.94656,0.887911,1.22794,1.99266,1.00082,1.11544,0.234393,75,78,0.121837,0.188692,-0.11003,0.719349,0,16.4242
16.444,1.94717,0.889951,1.22851,0,0,0,0,75,78,0,0,0,0,0,traj_sz=100
16.4441,1.94717,0.889951,1.22851,1.99266,1.00082,1.11544,0.234393,75,78,0.119706,0.191914,-0.112417,0.717572,0,16.4441
16.4639,1.94845,0.894107,1.22364,0,0,0,0,75,78,0,0,0,0,0,traj_sz=100
16.464,1.94845,0.894107,1.22364,1.99266,1.00082,1.11544,0.234393,75,78,0.115389,0.192929,-0.105906,0.713928,0,16.464
16.4839,1.94977,0.898308,1.22003,0,0,0,0,75,78,0,0,0,0,0,traj_sz=100
16.484,1.94977,0.898308,1.22003,2.01515,1.04676,1.05277,0.24444,76,79,0.161878,0.193907,-0.169361,0.710232,0,16.484
16.5039,1.95188,0.904619,1.21579,0,0,0,0,76,79,0,0,0,0,0,traj_sz=100
16.504,1.95188,0.904619,1.21579,2.04157,1.09311,0.978994,0.249326,76,80,0.207912,0.19262,-0.165797,0.704597,0,16.504
16.5239,1.95255,0.906644,1.21257,0,0,0,0,76,80,0,0,0,0,0,traj_sz=100
16.524,1.95255,0.906644,1.21257,2.04157,1.09311,0.978994,0.249326,76,80,0.205842,0.195878,-0.161526,0.702805,0,16.524
16.5439,1.9532,0.90865,1.2112,0,0,0,0,76,80,0,0,0,0,0,traj_sz=100
16.5441,1.9532,0.90865,1.2112,2.04157,1.09311,0.978994,0.249326,76,80,0.20376,0.19916,-0.160632,0.701035,0,16.5441
16.564,1.95452,0.912439,1.20668,0,0,0,0,76,80,0,0,0,0,0,traj_sz=100
16.5641,1.95452,0.912439,1.20668,2.04157,1.09311,0.978994,0.249326,76,80,0.199825,0.200521,-0.154124,0.697621,0,16.5641
16.584,1.95529,0.914422,1.20576,0,0,0,0,76,80,0,0,0,0,0,traj_sz=100
16.5841,1.95529,0.914422,1.20576,2.04157,1.09311,0.978994,0.249326,76,80,0.197714,0.203782,-0.152276,0.69578,0,16.5841
16.6039,1.95822,0.922209,1.20106,0,0,0,0,76,80,0,0,0,0,0,traj_sz=100
16.604,1.95822,0.922209,1.20106,2.04157,1.09311,0.978994,0.249326,76,80,0.189473,0.201066,-0.144342,0.688636,0,16.604
16.624,1.95908,0.924122,1.19973,0,0,0,0,76,80,0,0,0,0,0,traj_sz=100
16.6241,1.95908,0.924122,1.19973,2.04157,1.09311,0.978994,0.249326,76,80,0.187398,0.204655,-0.140086,0.686773,0,16.6241
16.644,1.95978,0.926159,1.19679,0,0,0,0,76,80,0,0,0,0,0,traj_sz=100
16.6441,1.95978,0.926159,1.19679,2.04157,1.09311,0.978994,0.249326,76,80,0.185293,0.20815,-0.135907,0.684965,0,16.6441
16.664,1.96111,0.930132,1.19101,0,0,0,0,76,80,0,0,0,0,0,traj_sz=100
16.6641,1.96111,0.930132,1.19101,2.04157,1.09311,0.978994,0.249326,76,80,0.181194,0.209622,-0.128037,0.681465,0,16.6641
16.684,1.96184,0.932049,1.18869,0,0,0,0,76,80,0,0,0,0,0,traj_sz=100
16.6841,1.96184,0.932049,1.18869,2.04157,1.09311,0.978994,0.249326,76,80,0.179175,0.213239,-0.123857,0.679708,0,16.6841
16.7038,1.96505,0.940156,1.18175,0,0,0,0,76,80,0,0,0,0,0,traj_sz=100
16.704,1.96505,0.940156,1.18175,2.04157,1.09311,0.978994,0.249326,77,80,0.170549,0.210135,-0.192859,0.672208,0,16.704
16.724,1.96593,0.942368,1.18034,0,0,0,0,77,80,0,0,0,0,0,traj_sz=100
16.7241,1.96593,0.942368,1.18034,2.04157,1.09311,0.978994,0.249326,77,80,0.168185,0.213436,-0.191192,0.67016,0,16.7241
16.744,1.96677,0.944557,1.17804,0,0,0,0,77,80,0,0,0,0,0,traj_sz=100
16.7441,1.96677,0.944557,1.17804,2.04157,1.09311,0.978994,0.249326,77,80,0.165872,0.216751,-0.188444,0.668168,0,16.7441
16.764,1.96843,0.949061,1.17254,0,0,0,0,77,80,0,0,0,0,0,traj_sz=100
16.7641,1.96843,0.949061,1.17254,2.04157,1.09311,0.978994,0.249326,77,80,0.161141,0.217615,-0.182172,0.664119,0,16.7641
16.784,1.96934,0.951304,1.17079,0,0,0,0,77,80,0,0,0,0,0,traj_sz=100
16.7841,1.96934,0.951304,1.17079,2.07192,1.13827,0.89507,0.25,77,81,0.212155,0.220838,-0.179694,0.66204,0,16.7841
16.804,1.9727,0.960277,1.16323,0,0,0,0,77,81,0,0,0,0,0,traj_sz=100
16.8041,1.9727,0.960277,1.16323,2.07192,1.13827,0.89507,0.25,77,81,0.20274,0.2169,-0.1726,0.653969,0,16.8041
16.824,1.97362,0.962544,1.16095,0,0,0,0,77,81,0,0,0,0,0,traj_sz=100
16.824,1.97362,0.962544,1.16095,2.07192,1.13827,0.89507,0.25,77,81,0.200342,0.220187,-0.169189,0.651882,0,16.824
16.8442,1.97452,0.964917,1.15851,0,0,0,0,77,81,0,0,0,0,0,traj_sz=100
16.8444,1.97452,0.964917,1.15851,2.07192,1.13827,0.89507,0.25,77,81,0.197854,0.223479,-0.166343,0.649747,0,16.8444
16.864,1.97666,0.969481,1.15424,0,0,0,0,77,81,0,0,0,0,0,traj_sz=100
16.8642,1.97666,0.969481,1.15424,2.07192,1.13827,0.89507,0.25,77,81,0.1929,0.224144,-0.156161,0.645329,0,16.8642
16.884,1.97756,0.971744,1.15002,0,0,0,0,77,81,0,0,0,0,0,traj_sz=100
16.8841,1.97756,0.971744,1.15002,2.07192,1.13827,0.89507,0.25,77,81,0.190543,0.227418,-0.149441,0.643266,0,16.8841
16.9039,1.98177,0.980844,1.14258,0,0,0,0,77,81,0,0,0,0,0,traj_sz=100
16.9041,1.98177,0.980844,1.14258,2.07192,1.13827,0.89507,0.25,78,81,0.180645,0.223121,-0.228373,0.634527,0,16.9041
16.9241,1.9828,0.983228,1.13924,0,0,0,0,78,81,0,0,0,0,0,traj_sz=100
16.9242,1.9828,0.983228,1.13924,2.07192,1.13827,0.89507,0.25,78,81,0.178104,0.226305,-0.224255,0.632306,0,16.9242
16.9441,1.98378,0.985561,1.13631,0,0,0,0,78,81,0,0,0,0,0,traj_sz=100
16.9443,1.98378,0.985561,1.13631,2.07192,1.13827,0.89507,0.25,78,81,0.175623,0.229531,-0.221184,0.630157,0,16.9443
16.964,1.98592,0.990076,1.13279,0,0,0,0,78,81,0,0,0,0,0,traj_sz=100
16.9641,1.98592,0.990076,1.13279,2.07192,1.13827,0.89507,0.25,78,81,0.170681,0.230229,-0.215811,0.625806,0,16.9641
16.984,1.9869,0.992426,1.12934,0,0,0,0,78,81,0,0,0,0,0,traj_sz=100
16.9841,1.9869,0.992426,1.12934,2.07192,1.13827,0.89507,0.25,78,81,0.168186,0.233409,-0.211837,0.62365,0,16.9841
17.004,1.99081,1.0012,1.12011,0,0,0,0,78,81,0,0,0,0,0,traj_sz=100
17.004,1.99081,1.0012,1.12011,2.10604,1.18084,0.802143,0.25,78,82,0.211893,0.22954,-0.200526,0.615439,0,17.004
17.024,1.99193,1.00337,1.11731,0,0,0,0,78,82,0,0,0,0,0,traj_sz=100
17.0241,1.99193,1.00337,1.11731,2.10604,1.18084,0.802143,0.25,78,82,0.209521,0.232841,-0.19464,0.613284,0,17.0241
17.0439,1.99317,1.0058,1.11454,0,0,0,0,78,82,0,0,0,0,0,traj_sz=100
17.044,1.99317,1.0058,1.11454,2.10604,1.18084,0.802143,0.25,78,82,0.206859,0.235685,-0.188978,0.610886,0,17.044
17.064,1.99552,1.01056,1.10978,0,0,0,0,78,82,0,0,0,0,0,traj_sz=100
17.0641,1.99552,1.01056,1.10978,2.10604,1.18084,0.802143,0.25,78,82,0.201672,0.236051,-0.18019,0.606278,0,17.0641
17.084,1.99662,1.01303,1.10628,0,0,0,0,78,82,0,0,0,0,0,traj_sz=100
17.0842,1.99662,1.01303,1.10628,2.10604,1.18084,0.802143,0.25,78,82,0.199052,0.23898,-0.175381,0.603986,0,17.0842
17.1038,2.00137,1.02256,1.09215,0,0,0,0,78,82,0,0,0,0,0,traj_sz=100
17.1041,2.00137,1.02256,1.09215,2.10604,1.18084,0.802143,0.25,78,82,0.188703,0.233902,-0.148795,0.594748,0,17.1041
17.1239,2.00269,1.02494,1.08923,0,0,0,0,78,82,0,0,0,0,0,traj_sz=100
17.124,2.00269,1.02494,1.08923,2.10604,1.18084,0.802143,0.25,79,82,0.186033,0.236801,-0.252536,0.592331,0,17.124
17.1438,2.00388,1.02726,1.08628,0,0,0,0,79,82,0,0,0,0,0,traj_sz=100
17.1439,2.00388,1.02726,1.08628,2.10604,1.18084,0.802143,0.25,79,82,0.183484,0.239777,-0.248943,0.590066,0,17.1439
17.1638,2.00647,1.03208,1.08127,0,0,0,0,79,82,0,0,0,0,0,traj_sz=100
17.164,2.00647,1.03208,1.08127,2.10604,1.18084,0.802143,0.25,79,82,0.178108,0.239941,-0.242019,0.585272,0,17.164
17.184,2.00776,1.03444,1.07881,0,0,0,0,79,82,0,0,0,0,0,traj_sz=100
17.1842,2.00776,1.03444,1.07881,2.10604,1.18084,0.802143,0.25,79,82,0.175458,0.242917,-0.238267,0.582904,0,17.1842
17.204,2.01251,1.04338,1.067,0,0,0,0,79,82,0,0,0,0,0,traj_sz=100
17.204,2.01251,1.04338,1.067,2.10604,1.18084,0.802143,0.25,79,82,0.165538,0.238376,-0.221488,0.574098,0,17.204
17.2239,2.0135,1.04545,1.06386,0,0,0,0,79,82,0,0,0,0,0,traj_sz=100
17.224,2.0135,1.04545,1.06386,2.10604,1.18084,0.802143,0.25,79,82,0.163287,0.241665,-0.218267,0.572148,0,17.224
17.2439,2.01459,1.04758,1.06036,0,0,0,0,79,82,0,0,0,0,0,traj_sz=100
17.244,2.01459,1.04758,1.06036,2.10604,1.18084,0.802143,0.25,79,82,0.160953,0.244855,-0.213634,0.570099,0,17.244
17.2639,2.01728,1.05222,1.05349,0,0,0,0,79,82,0,0,0,0,0,traj_sz=100
17.264,2.01728,1.05222,1.05349,2.14396,1.22006,0.700346,0.25,79,83,0.208531,0.244831,-0.200677,0.565365,0,17.264
17.2838,2.01855,1.05453,1.05117,0,0,0,0,79,83,0,0,0,0,0,traj_sz=100
17.284,2.01855,1.05453,1.05117,2.14396,1.22006,0.700346,0.25,79,83,0.205959,0.24754,-0.197121,0.563072,0,17.284
17.3038,2.02362,1.06412,1.03606,0,0,0,0,79,83,0,0,0,0,0,traj_sz=100
17.3038,2.02362,1.06412,1.03606,2.14396,1.22006,0.700346,0.25,79,83,0.195504,0.242011,-0.175061,0.553751,0,17.3038
17.3238,2.02479,1.06662,1.03022,0,0,0,0,79,83,0,0,0,0,0,traj_sz=100
17.3238,2.02479,1.06662,1.03022,2.14396,1.22006,0.700346,0.25,79,83,0.192894,0.244606,-0.167882,0.551459,0,17.3238
17.3438,2.02624,1.06908,1.02636,0,0,0,0,79,83,0,0,0,0,0,traj_sz=100
17.3439,2.02624,1.06908,1.02636,2.14396,1.22006,0.700346,0.25,79,83,0.190125,0.247113,-0.160242,0.54895,0,17.3439
17.3639,2.02895,1.07373,1.01969,0,0,0,0,79,83,0,0,0,0,0,traj_sz=100
17.364,2.02895,1.07373,1.01969,2.14396,1.22006,0.700346,0.25,80,83,0.18489,0.247106,-0.276761,0.544251,0,17.364
17.384,2.03031,1.07611,1.01557,0,0,0,0,80,83,0,0,0,0,0,traj_sz=100
17.3842,2.03031,1.07611,1.01557,2.14396,1.22006,0.700346,0.25,80,83,0.182234,0.249716,-0.272288,0.541869,0,17.3842
17.404,2.03613,1.08544,1.00185,0,0,0,0,80,83,0,0,0,0,0,traj_sz=100
17.4041,2.03613,1.08544,1.00185,2.14396,1.22006,0.700346,0.25,80,83,0.171507,0.244066,-0.25319,0.532157,0,17.4041
17.4239,2.03751,1.08772,0.998485,0,0,0,0,80,83,0,0,0,0,0,traj_sz=100
17.424,2.03751,1.08772,0.998485,2.14396,1.22006,0.700346,0.25,80,83,0.168904,0.246716,-0.249028,0.529828,0,17.424
17.4439,2.03897,1.09,0.99418,0,0,0,0,80,83,0,0,0,0,0,traj_sz=100
17.4441,2.03897,1.09,0.99418,2.14396,1.22006,0.700346,0.25,80,83,0.166269,0.249359,-0.242288,0.527432,0,17.4441
17.4638,2.04156,1.09439,0.989124,0,0,0,0,80,83,0,0,0,0,0,traj_sz=100
17.4639,2.04156,1.09439,0.989124,2.14396,1.22006,0.700346,0.25,80,83,0.161265,0.249478,-0.237516,0.523019,0,17.4639
17.4838,2.04297,1.09632,0.988707,0,0,0,0,80,83,0,0,0,0,0,traj_sz=100
17.4839,2.04297,1.09632,0.988707,2.18568,1.25523,0.589575,0.242953,80,84,0.211193,0.25,-0.235417,0.520843,0,17.4839
17.5039,2.04843,1.1051,0.971425,0,0,0,0,80,84,0,0,0,0,0,traj_sz=100
17.504,2.04843,1.1051,0.971425,2.18568,1.25523,0.589575,0.242953,80,84,0.201385,0.246887,-0.209897,0.511828,0,17.504
17.5238,2.0498,1.10734,0.96674,0,0,0,0,80,84,0,0,0,0,0,traj_sz=100
17.524,2.0498,1.10734,0.96674,2.18568,1.25523,0.589575,0.242953,80,84,0.198898,0.24932,-0.203169,0.509557,0,17.524
17.5439,2.05131,1.10961,0.96343,0,0,0,0,80,84,0,0,0,0,0,traj_sz=100
17.544,2.05131,1.10961,0.96343,2.18568,1.25523,0.589575,0.242953,80,84,0.196257,0.25,-0.197311,0.507142,0,17.544
17.5639,2.05445,1.11404,0.95803,0,0,0,0,80,84,0,0,0,0,0,traj_sz=100
17.5641,2.05445,1.11404,0.95803,2.18568,1.25523,0.589575,0.242953,80,84,0.190977,0.25,-0.185537,0.502287,0,17.5641
17.5839,2.056,1.1163,0.952419,0,0,0,0,80,84,0,0,0,0,0,traj_sz=100
17.584,2.056,1.1163,0.952419,2.18568,1.25523,0.589575,0.242953,81,84,0.188377,0.25,-0.313958,0.499857,0,17.584
17.6038,2.06245,1.12549,0.937127,0,0,0,0,81,84,0,0,0,0,0,traj_sz=100
17.6038,2.06245,1.12549,0.937127,2.18568,1.25523,0.589575,0.242953,81,84,0.177516,0.247381,-0.29725,0.489889,0,17.6038
17.624,2.06417,1.12783,0.933773,0,0,0,0,81,84,0,0,0,0,0,traj_sz=100
17.6241,2.06417,1.12783,0.933773,2.18568,1.25523,0.589575,0.242953,81,84,0.174686,0.249581,-0.29295,0.487287,0,17.6241
17.6438,2.06581,1.13014,0.929768,0,0,0,0,81,84,0,0,0,0,0,traj_sz=100
17.6439,2.06581,1.13014,0.929768,2.18568,1.25523,0.589575,0.242953,81,84,0.171942,0.25,-0.288276,0.484779,0,17.6439
17.6639,2.06917,1.13456,0.924124,0,0,0,0,81,84,0,0,0,0,0,traj_sz=100
17.6641,2.06917,1.13456,0.924124,2.18568,1.25523,0.589575,0.242953,81,84,0.166504,0.25,-0.280231,0.479782,0,17.6641
17.6839,2.07072,1.13668,0.922266,0,0,0,0,81,84,0,0,0,0,0,traj_sz=100
17.684,2.07072,1.13668,0.922266,2.18568,1.25523,0.589575,0.242953,81,84,0.163921,0.25,-0.278567,0.47745,0,17.684
17.7039,2.07674,1.14527,0.900579,0,0,0,0,81,84,0,0,0,0,0,traj_sz=100
17.7039,2.07674,1.14527,0.900579,2.22974,1.28471,0.474858,0.226198,81,85,0.204317,0.248188,-0.24968,0.468254,0,17.7039
17.7239,2.07983,1.15,0.889272,0,0,0,0,81,85,0,0,0,0,0,traj_sz=100
17.7241,2.07983,1.15,0.889272,2.22974,1.28471,0.474858,0.226198,81,85,0.199062,0.247607,-0.237562,0.463418,0,17.7241
17.7438,2.07983,1.15,0.889272,0,0,0,0,81,85,0,0,0,0,0,traj_sz=100
17.7439,2.07983,1.15,0.889272,2.22974,1.28471,0.474858,0.226198,81,85,0.199062,0.25,-0.237562,0.463418,0,17.7439
17.764,2.08335,1.15438,0.883187,0,0,0,0,81,85,0,0,0,0,0,traj_sz=100
17.7641,2.08335,1.15438,0.883187,2.22974,1.28471,0.474858,0.226198,81,85,0.193626,0.25,-0.226596,0.458357,0,17.7641
17.784,2.08502,1.15683,0.875417,0,0,0,0,81,85,0,0,0,0,0,traj_sz=100
17.7841,2.08502,1.15683,0.875417,2.22974,1.28471,0.474858,0.226198,81,85,0.190909,0.25,-0.215939,0.455803,0,17.7841
17.8039,2.09219,1.16548,0.857888,0,0,0,0,81,85,0,0,0,0,0,traj_sz=100
17.8041,2.09219,1.16548,0.857888,2.22974,1.28471,0.474858,0.226198,82,85,0.180156,0.24784,-0.342123,0.445668,0,17.8041
17.824,2.09406,1.16763,0.853532,0,0,0,0,82,85,0,0,0,0,0,traj_sz=100
17.8241,2.09406,1.16763,0.853532,2.22974,1.28471,0.474858,0.226198,82,85,0.177418,0.25,-0.336644,0.443079,0,17.8241
17.8439,2.096,1.16974,0.850709,0,0,0,0,82,85,0,0,0,0,0,traj_sz=100
17.8439,2.096,1.16974,0.850709,2.22974,1.28471,0.474858,0.226198,82,85,0.17462,0.25,-0.332536,0.440439,0,17.8439
17.8639,2.09973,1.17395,0.844018,0,0,0,0,82,85,0,0,0,0,0,traj_sz=100
17.864,2.09973,1.17395,0.844018,2.22974,1.28471,0.474858,0.226198,82,85,0.169156,0.25,-0.324206,0.435318,0,17.864
17.884,2.10153,1.17602,0.839389,0,0,0,0,82,85,0,0,0,0,0,traj_sz=100
17.8841,2.10153,1.17602,0.839389,2.22974,1.28471,0.474858,0.226198,82,85,0.166521,0.25,-0.318085,0.432838,0,17.8841
17.9039,2.10854,1.18364,0.828617,0,0,0,0,82,85,0,0,0,0,0,traj_sz=100
17.904,2.10854,1.18364,0.828617,2.27364,1.30728,0.367878,0.204373,82,86,0.202714,0.248356,-0.302567,0.423382,0,17.904
17.924,2.11035,1.18576,0.823123,0,0,0,0,82,86,0,0,0,0,0,traj_sz=100
17.9243,2.11035,1.18576,0.823123,2.27364,1.30728,0.367878,0.204373,82,86,0.200133,0.25,-0.295197,0.420882,0,17.9243
17.944,2.1123,1.1878,0.818307,0,0,0,0,82,86,0,0,0,0,0,traj_sz=100
17.9441,2.1123,1.1878,0.818307,2.27364,1.30728,0.367878,0.204373,82,86,0.197487,0.25,-0.286745,0.418291,0,17.9441
17.9639,2.11636,1.19214,0.807365,0,0,0,0,82,86,0,0,0,0,0,traj_sz=100
17.9641,2.11636,1.19214,0.807365,2.27364,1.30728,0.367878,0.204373,82,86,0.191927,0.25,-0.268621,0.412875,0,17.9641
17.9839,2.12039,1.19669,0.795788,0,0,0,0,82,86,0,0,0,0,0,traj_sz=100
17.9841,2.12039,1.19669,0.795788,2.27364,1.30728,0.367878,0.204373,82,86,0.186236,0.25,-0.251794,0.407419,0,17.9841
18.0038,2.12666,1.20322,0.779088,0,0,0,0,82,86,0,0,0,0,0,traj_sz=100
18.0038,2.12666,1.20322,0.779088,2.27364,1.30728,0.367878,0.204373,83,86,0.177697,0.246676,-0.3491,0.399169,0,18.0038
18.0238,2.12878,1.20538,0.774205,0,0,0,0,83,86,0,0,0,0,0,traj_sz=100
18.0239,2.12878,1.20538,0.774205,2.27364,1.30728,0.367878,0.204373,83,86,0.174818,0.248661,-0.3491,0.396412,0,18.0239
18.0439,2.13078,1.20755,0.768156,0,0,0,0,83,86,0,0,0,0,0,traj_sz=100
18.044,2.13078,1.20755,0.768156,2.27364,1.30728,0.367878,0.204373,83,86,0.172035,0.25,-0.3491,0.393754,0,18.044
18.0638,2.13509,1.21176,0.758526,0,0,0,0,83,86,0,0,0,0,0,traj_sz=100
18.064,2.13509,1.21176,0.758526,2.27364,1.30728,0.367878,0.204373,83,86,0.166268,0.249722,-0.3491,0.38822,0,18.064
18.0839,2.13708,1.21383,0.751788,0,0,0,0,83,86,0,0,0,0,0,traj_sz=100
18.0841,2.13708,1.21383,0.751788,2.27364,1.30728,0.367878,0.204373,83,86,0.16358,0.25,-0.3491,0.385633,0,18.0841
18.1039,2.14445,1.22093,0.732517,0,0,0,0,83,86,0,0,0,0,0,traj_sz=100
18.104,2.14445,1.22093,0.732517,2.31526,1.32332,0.276916,0.182548,83,87,0.195463,0.246615,-0.337885,0.376242,0,18.104
18.124,2.14622,1.22269,0.726908,0,0,0,0,83,87,0,0,0,0,0,traj_sz=100
18.1242,2.14622,1.22269,0.726908,2.31526,1.32332,0.276916,0.182548,83,87,0.193186,0.248831,-0.330808,0.373981,0,18.1242
18.1441,2.14824,1.22449,0.722025,0,0,0,0,83,87,0,0,0,0,0,traj_sz=100
18.1442,2.14824,1.22449,0.722025,2.31526,1.32332,0.276916,0.182548,83,87,0.190662,0.25,-0.323229,0.371474,0,18.1442
18.1639,2.15232,1.22809,0.712405,0,0,0,0,83,87,0,0,0,0,0,traj_sz=100
18.164,2.15232,1.22809,0.712405,2.31526,1.32332,0.276916,0.182548,83,87,0.18556,0.249376,-0.307789,0.366424,0,18.164
18.184,2.15429,1.22995,0.70681,0,0,0,0,83,87,0,0,0,0,0,traj_sz=100
18.184,2.15429,1.22995,0.70681,2.31526,1.32332,0.276916,0.182548,83,87,0.183045,0.25,-0.299926,0.363947,0,18.184
18.204,2.16267,1.23705,0.683985,0,0,0,0,83,87,0,0,0,0,0,traj_sz=100
18.2042,2.16267,1.23705,0.683985,2.31526,1.32332,0.276916,0.182548,83,87,0.172779,0.244463,-0.259186,0.353713,0,18.2042
18.2239,2.16475,1.23888,0.677827,0,0,0,0,83,87,0,0,0,0,0,traj_sz=100
18.2241,2.16475,1.23888,0.677827,2.31526,1.32332,0.276916,0.182548,84,87,0.170188,0.246037,-0.3491,0.35116,0,18.2241
18.2439,2.16697,1.24065,0.672407,0,0,0,0,84,87,0,0,0,0,0,traj_sz=100
18.244,2.16697,1.24065,0.672407,2.31526,1.32332,0.276916,0.182548,84,87,0.167508,0.247555,-0.3491,0.3485,0,18.244
18.2638,2.17096,1.24401,0.6613,0,0,0,0,84,87,0,0,0,0,0,traj_sz=100
18.2639,2.17096,1.24401,0.6613,2.31526,1.32332,0.276916,0.182548,84,87,0.162586,0.246676,-0.3491,0.343659,0,18.2639
18.2839,2.17309,1.24573,0.655661,0,0,0,0,84,87,0,0,0,0,0,traj_sz=100
18.284,2.17309,1.24573,0.655661,2.31526,1.32332,0.276916,0.182548,84,87,0.159993,0.248301,-0.3491,0.341102,0,18.284
18.3039,2.18163,1.25218,0.638722,0,0,0,0,84,87,0,0,0,0,0,traj_sz=100
18.304,2.18163,1.25218,0.638722,2.35357,1.33421,0.202224,0.160723,84,88,0.18695,0.241949,-0.3491,0.331022,0,18.304
18.3239,2.18351,1.25364,0.635971,0,0,0,0,84,88,0,0,0,0,0,traj_sz=100
18.324,2.18351,1.25364,0.635971,2.35357,1.33421,0.202224,0.160723,84,88,0.184669,0.243916,-0.3491,0.328795,0,18.324
18.3439,2.18547,1.25507,0.630539,0,0,0,0,84,88,0,0,0,0,0,traj_sz=100
18.344,2.18547,1.25507,0.630539,2.35357,1.33421,0.202224,0.160723,84,88,0.182438,0.24521,-0.3491,0.326505,0,18.344
18.364,2.18982,1.25836,0.619515,0,0,0,0,84,88,0,0,0,0,0,traj_sz=100
18.3642,2.18982,1.25836,0.619515,2.35357,1.33421,0.202224,0.160723,84,88,0.177358,0.243113,-0.3491,0.321387,0,18.3642
18.3839,2.1921,1.26007,0.614467,0,0,0,0,84,88,0,0,0,0,0,traj_sz=100
18.384,2.1921,1.26007,0.614467,2.35357,1.33421,0.202224,0.160723,84,88,0.174678,0.243567,-0.346185,0.318719,0,18.384
18.404,2.20091,1.26645,0.591702,0,0,0,0,84,88,0,0,0,0,0,traj_sz=100
18.4042,2.20091,1.26645,0.591702,2.35357,1.33421,0.202224,0.160723,84,88,0.164502,0.236068,-0.311129,0.308485,0,18.4042
18.4239,2.20305,1.2682,0.584557,0,0,0,0,84,88,0,0,0,0,0,traj_sz=100
18.4241,2.20305,1.2682,0.584557,2.35357,1.33421,0.202224,0.160723,84,88,0.161955,0.236633,-0.302285,0.305955,0,18.4241
18.4439,2.2053,1.26954,0.580725,0,0,0,0,84,88,0,0,0,0,0,traj_sz=100
18.444,2.2053,1.26954,0.580725,2.35357,1.33421,0.202224,0.160723,84,88,0.159441,0.237343,-0.293429,0.303428,0,18.444
18.464,2.20965,1.27265,0.569112,0,0,0,0,84,88,0,0,0,0,0,traj_sz=100
18.4643,2.20965,1.27265,0.569112,2.38793,1.34126,0.142168,0.138898,85,89,0.187155,0.235362,-0.3491,0.298419,0,18.4643
18.4839,2.21195,1.27411,0.564152,0,0,0,0,85,89,0,0,0,0,0,traj_sz=100
18.484,2.21195,1.27411,0.564152,2.38793,1.34126,0.142168,0.138898,85,89,0.184615,0.235936,-0.3491,0.295817,0,18.484
18.5039,2.22075,1.2798,0.542736,0,0,0,0,85,89,0,0,0,0,0,traj_sz=100
18.504,2.22075,1.2798,0.542736,2.38793,1.34126,0.142168,0.138898,85,89,0.174899,0.228787,-0.3491,0.28587,0,18.504
18.524,2.22298,1.28114,0.537456,0,0,0,0,85,89,0,0,0,0,0,traj_sz=100
18.5242,2.22298,1.28114,0.537456,2.38793,1.34126,0.142168,0.138898,85,89,0.172471,0.229528,-0.3491,0.283378,0,18.5242
18.5439,2.2252,1.28241,0.532597,0,0,0,0,85,89,0,0,0,0,0,traj_sz=100
18.5439,2.2252,1.28241,0.532597,2.38793,1.34126,0.142168,0.138898,85,89,0.170076,0.230242,-0.3491,0.280923,0,18.5439
18.5639,2.22941,1.28481,0.525094,0,0,0,0,85,89,0,0,0,0,0,traj_sz=100
18.5643,2.22941,1.28481,0.525094,2.38793,1.34126,0.142168,0.138898,85,89,0.165456,0.22818,-0.3491,0.276254,0,18.5643
18.5839,2.2313,1.28613,0.520325,0,0,0,0,85,89,0,0,0,0,0,traj_sz=100
18.584,2.2313,1.28613,0.520325,2.38793,1.34126,0.142168,0.138898,85,89,0.16331,0.228423,-0.3491,0.274113,0,18.584
18.604,2.23992,1.29096,0.499546,0,0,0,0,85,89,0,0,0,0,0,traj_sz=100
18.6041,2.23992,1.29096,0.499546,2.41794,1.34555,0.0951453,0.117073,85,90,0.182416,0.221095,-0.3491,0.264617,0,18.6041
18.624,2.2422,1.29274,0.491914,0,0,0,0,85,90,0,0,0,0,0,traj_sz=100
18.6241,2.2422,1.29274,0.491914,2.41794,1.34555,0.0951453,0.117073,85,90,0.179849,0.220813,-0.3491,0.262005,0,18.6241
18.644,2.24438,1.29375,0.488444,0,0,0,0,85,90,0,0,0,0,0,traj_sz=100
18.6441,2.24438,1.29375,0.488444,2.41794,1.34555,0.0951453,0.117073,85,90,0.177577,0.220939,-0.348342,0.259658,0,18.6441
18.664,2.2487,1.29647,0.476557,0,0,0,0,85,90,0,0,0,0,0,traj_sz=100
18.6641,2.2487,1.29647,0.476557,2.41794,1.34555,0.0951453,0.117073,85,90,0.172898,0.218409,-0.333589,0.254853,0,18.6641
18.6839,2.2508,1.2978,0.467444,0,0,0,0,85,90,0,0,0,0,0,traj_sz=100
18.684,2.2508,1.2978,0.467444,2.41794,1.34555,0.0951453,0.117073,86,90,0.170732,0.21848,-0.3491,0.252527,0,18.684
18.7039,2.25974,1.30298,0.444509,0,0,0,0,86,90,0,0,0,0,0,traj_sz=100
18.704,2.25974,1.30298,0.444509,2.41794,1.34555,0.0951453,0.117073,86,90,0.161134,0.210747,-0.3491,0.242728,0,18.704
18.7239,2.26199,1.30394,0.440412,0,0,0,0,86,90,0,0,0,0,0,traj_sz=100
18.724,2.26199,1.30394,0.440412,2.41794,1.34555,0.0951453,0.117073,86,90,0.158809,0.21084,-0.3491,0.240335,0,18.724
18.7439,2.26423,1.30535,0.435545,0,0,0,0,86,90,0,0,0,0,0,traj_sz=100
18.744,2.26423,1.30535,0.435545,2.44337,1.34798,0.0595838,0.0952478,86,91,0.180402,0.210755,-0.3491,0.237866,0,18.744
18.7639,2.26884,1.30777,0.425479,0,0,0,0,86,91,0,0,0,0,0,traj_sz=100
18.7641,2.26884,1.30777,0.425479,2.44337,1.34798,0.0595838,0.0952478,86,91,0.175565,0.208111,-0.3491,0.232888,0,18.7641
18.7838,2.27096,1.30895,0.417402,0,0,0,0,86,91,0,0,0,0,0,traj_sz=100
18.784,2.27096,1.30895,0.417402,2.44337,1.34798,0.0595838,0.0952478,86,91,0.173428,0.207903,-0.3491,0.23059,0,18.784
18.804,2.27976,1.31298,0.398977,0,0,0,0,86,91,0,0,0,0,0,traj_sz=100
18.8041,2.27976,1.31298,0.398977,2.44337,1.34798,0.0595838,0.0952478,86,91,0.164356,0.200372,-0.3491,0.221227,0,18.8041
18.8238,2.28196,1.31411,0.393357,0,0,0,0,86,91,0,0,0,0,0,traj_sz=100
18.8239,2.28196,1.31411,0.393357,2.44337,1.34798,0.0595838,0.0952478,86,91,0.162066,0.200015,-0.3491,0.218871,0,18.8239
18.8439,2.28403,1.31498,0.386168,0,0,0,0,86,91,0,0,0,0,0,traj_sz=100
18.844,2.28403,1.31498,0.386168,2.44337,1.34798,0.0595838,0.0952478,86,91,0.160034,0.199898,-0.3491,0.216686,0,18.844
18.8639,2.28814,1.31674,0.375601,0,0,0,0,86,91,0,0,0,0,0,traj_sz=100
18.864,2.28814,1.31674,0.375601,2.46411,1.34922,0.033936,0.0734227,86,92,0.175623,0.197557,-0.3491,0.212355,0,18.864
18.8839,2.29022,1.31748,0.370611,0,0,0,0,86,92,0,0,0,0,0,traj_sz=100
18.884,2.29022,1.31748,0.370611,2.46411,1.34922,0.033936,0.0734227,86,92,0.173579,0.197452,-0.3491,0.210179,0,18.884
18.9039,2.2988,1.32077,0.353143,0,0,0,0,86,92,0,0,0,0,0,traj_sz=100
18.904,2.2988,1.32077,0.353143,2.46411,1.34922,0.033936,0.0734227,87,92,0.16495,0.19039,-0.3491,0.201204,0,18.904
18.9239,2.30077,1.3216,0.344848,0,0,0,0,87,92,0,0,0,0,0,traj_sz=100
18.924,2.30077,1.3216,0.344848,2.46411,1.34922,0.033936,0.0734227,87,92,0.163061,0.190367,-0.3491,0.199134,0,18.924
18.9439,2.3029,1.32238,0.339021,0,0,0,0,87,92,0,0,0,0,0,traj_sz=100
18.9441,2.3029,1.32238,0.339021,2.46411,1.34922,0.033936,0.0734227,87,92,0.160959,0.190217,-0.3491,0.196915,0,18.9441
18.9639,2.30702,1.32376,0.328418,0,0,0,0,87,92,0,0,0,0,0,traj_sz=100
18.964,2.30702,1.32376,0.328418,2.46411,1.34922,0.033936,0.0734227,87,92,0.156902,0.187962,-0.3491,0.19264,0,18.964
18.9839,2.31102,1.32536,0.316865,0,0,0,0,87,92,0,0,0,0,0,traj_sz=100
18.984,2.31102,1.32536,0.316865,2.46411,1.34922,0.033936,0.0734227,87,92,0.152902,0.185782,-0.3491,0.188465,0,18.984
19.0038,2.31717,1.32714,0.307866,0,0,0,0,87,92,0,0,0,0,0,traj_sz=100
19.004,2.31717,1.32714,0.307866,2.46411,1.34922,0.033936,0.0734227,87,92,0.146718,0.181103,-0.3491,0.182135,0,19.004
19.0239,2.31899,1.32807,0.298567,0,0,0,0,87,92,0,0,0,0,0,traj_sz=100
19.024,2.31899,1.32807,0.298567,2.46411,1.34922,0.033936,0.0734227,87,92,0.144921,0.180778,-0.3491,0.180217,0,19.024
19.0439,2.32082,1.32878,0.295119,0,0,0,0,87,92,0,0,0,0,0,traj_sz=100
19.044,2.32082,1.32878,0.295119,2.46411,1.34922,0.033936,0.0734227,87,92,0.143036,0.180501,-0.3491,0.178312,0,19.044
19.0639,2.32472,1.32995,0.283694,0,0,0,0,87,92,0,0,0,0,0,traj_sz=100
19.064,2.32472,1.32995,0.283694,2.46411,1.34922,0.033936,0.0734227,87,92,0.139213,0.178111,-0.345556,0.174307,0,19.064
19.084,2.32677,1.33055,0.283745,0,0,0,0,87,92,0,0,0,0,0,traj_sz=100
19.0842,2.32677,1.33055,0.283745,2.46411,1.34922,0.033936,0.0734227,87,92,0.137079,0.177656,-0.345942,0.172205,0,19.0842
19.1038,2.33446,1.33294,0.26468,0,0,0,0,87,92,0,0,0,0,0,traj_sz=100
19.104,2.33446,1.33294,0.26468,2.46411,1.34922,0.033936,0.0734227,88,92,0.129398,0.171288,-0.3491,0.164302,0,19.104
19.1239,2.33625,1.33345,0.259018,0,0,0,0,88,92,0,0,0,0,0,traj_sz=100
19.124,2.33625,1.33345,0.259018,2.46411,1.34922,0.033936,0.0734227,88,92,0.127636,0.171099,-0.3491,0.162466,0,19.124
19.144,2.3382,1.33371,0.256834,0,0,0,0,88,92,0,0,0,0,0,traj_sz=100
19.1441,2.3382,1.33371,0.256834,2.46411,1.34922,0.033936,0.0734227,88,92,0.125718,0.17081,-0.3491,0.160495,0,19.1441
19.164,2.34175,1.33484,0.248839,0,0,0,0,88,92,0,0,0,0,0,traj_sz=100
19.1641,2.34175,1.33484,0.248839,2.46411,1.34922,0.033936,0.0734227,88,92,0.12213,0.16877,-0.3491,0.156849,0,19.1641
19.1839,2.34358,1.3354,0.243639,0,0,0,0,88,92,0,0,0,0,0,traj_sz=100
19.184,2.34358,1.3354,0.243639,2.46411,1.34922,0.033936,0.0734227,88,92,0.120308,0.168528,-0.3491,0.154981,0,19.184
19.204,2.35073,1.33739,0.226808,0,0,0,0,88,92,0,0,0,0,0,traj_sz=100
19.204,2.35073,1.33739,0.226808,2.46411,1.34922,0.033936,0.0734227,88,92,0.113133,0.162782,-0.3491,0.147675,0,19.204
19.2239,2.35261,1.33787,0.223606,0,0,0,0,88,92,0,0,0,0,0,traj_sz=100
19.224,2.35261,1.33787,0.223606,2.46411,1.34922,0.033936,0.0734227,88,92,0.111238,0.162099,-0.3491,0.145762,0,19.224
19.2439,2.35437,1.33818,0.221035,0,0,0,0,88,92,0,0,0,0,0,traj_sz=100
19.244,2.35437,1.33818,0.221035,2.46411,1.34922,0.033936,0.0734227,88,92,0.109492,0.161551,-0.34427,0.143987,0,19.244
19.264,2.35798,1.33878,0.216276,0,0,0,0,88,92,0,0,0,0,0,traj_sz=100
19.2641,2.35798,1.33878,0.216276,2.46411,1.34922,0.033936,0.0734227,88,92,0.105892,0.159125,-0.33368,0.140333,0,19.2641
19.2839,2.35959,1.33968,0.209321,0,0,0,0,88,92,0,0,0,0,0,traj_sz=100
19.284,2.35959,1.33968,0.209321,2.46411,1.34922,0.033936,0.0734227,88,92,0.10422,0.15861,-0.329504,0.138663,0,19.284
19.3039,2.36655,1.34098,0.194228,0,0,0,0,88,92,0,0,0,0,0,traj_sz=100
19.304,2.36655,1.34098,0.194228,2.46411,1.34922,0.033936,0.0734227,88,92,0.097314,0.152764,-0.300465,0.131627,0,19.304
19.3239,2.36836,1.34119,0.193169,0,0,0,0,88,92,0,0,0,0,0,traj_sz=100
19.324,2.36836,1.34119,0.193169,2.46411,1.34922,0.033936,0.0734227,88,92,0.0955091,0.152182,-0.296119,0.129806,0,19.324
19.344,2.37006,1.34195,0.186525,0,0,0,0,88,92,0,0,0,0,0,traj_sz=100
19.3442,2.37006,1.34195,0.186525,2.46411,1.34922,0.033936,0.0734227,89,92,0.0937639,0.151621,-0.3491,0.12806,0,19.3442
19.3639,2.37348,1.34253,0.181769,0,0,0,0,89,92,0,0,0,0,0,traj_sz=100
19.3641,2.37348,1.34253,0.181769,2.46411,1.34922,0.033936,0.0734227,89,92,0.0903456,0.149385,-0.3491,0.124612,0,19.3641
19.3841,2.37536,1.3428,0.179464,0,0,0,0,89,92,0,0,0,0,0,traj_sz=100
19.3842,2.37536,1.3428,0.179464,2.46411,1.34922,0.033936,0.0734227,89,92,0.088475,0.14873,-0.3491,0.122725,0,19.3842
19.4039,2.38185,1.3443,0.163657,0,0,0,0,89,92,0,0,0,0,0,traj_sz=100
19.404,2.38185,1.3443,0.163657,2.46411,1.34922,0.033936,0.0734227,89,92,0.0819577,0.143299,-0.32919,0.116155,0,19.404
19.4241,2.38358,1.34434,0.163049,0,0,0,0,89,92,0,0,0,0,0,traj_sz=100
19.4242,2.38358,1.34434,0.163049,2.46411,1.34922,0.033936,0.0734227,89,92,0.0802505,0.142801,-0.325017,0.114426,0,19.4242
19.4439,2.38505,1.34489,0.155587,0,0,0,0,89,92,0,0,0,0,0,traj_sz=100
19.4439,2.38505,1.34489,0.155587,2.46411,1.34922,0.033936,0.0734227,89,92,0.0787782,0.14206,-0.316617,0.112937,0,19.4439
19.4638,2.38789,1.3453,0.150955,0,0,0,0,89,92,0,0,0,0,0,traj_sz=100
19.4639,2.38789,1.3453,0.150955,2.46411,1.34922,0.033936,0.0734227,89,92,0.075945,0.139986,-0.308413,0.110083,0,19.4639
19.4839,2.38947,1.34545,0.147,0,0,0,0,89,92,0,0,0,0,0,traj_sz=100
19.484,2.38947,1.34545,0.147,2.46411,1.34922,0.033936,0.0734227,89,92,0.0743855,0.139192,-0.30004,0.108493,0,19.484
19.5039,2.39568,1.3463,0.138644,0,0,0,0,89,92,0,0,0,0,0,traj_sz=100
19.5041,2.39568,1.3463,0.138644,2.48012,1.34976,0.0166774,0.0515978,89,93,0.0841129,0.133731,-0.28445,0.102261,0,19.5041
19.524,2.39727,1.34634,0.13807,0,0,0,0,89,93,0,0,0,0,0,traj_sz=100
19.5242,2.39727,1.34634,0.13807,2.48012,1.34976,0.0166774,0.0515978,89,93,0.0825294,0.132934,-0.280586,0.100663,0,19.5242
19.544,2.39888,1.34669,0.132531,0,0,0,0,89,93,0,0,0,0,0,traj_sz=100
19.5441,2.39888,1.34669,0.132531,2.48012,1.34976,0.0166774,0.0515978,89,93,0.0809305,0.132084,-0.272452,0.0990422,0,19.5441
19.564,2.40194,1.34704,0.128872,0,0,0,0,89,93,0,0,0,0,0,traj_sz=100
19.5641,2.40194,1.34704,0.128872,2.48012,1.34976,0.0166774,0.0515978,89,93,0.0778806,0.129799,-0.264589,0.0959749,0,19.5641
19.584,2.40486,1.348,0.117085,0,0,0,0,89,93,0,0,0,0,0,traj_sz=100
19.5842,2.40486,1.348,0.117085,2.48012,1.34976,0.0166774,0.0515978,90,93,0.0749546,0.127592,-0.305242,0.0930356,0,19.5842
19.6038,2.40952,1.34845,0.111843,0,0,0,0,90,93,0,0,0,0,0,traj_sz=100
19.6039,2.40952,1.34845,0.111843,2.48012,1.34976,0.0166774,0.0515978,90,93,0.0703038,0.123688,-0.29585,0.088362,0,19.6039
19.6238,2.41108,1.34856,0.108522,0,0,0,0,90,93,0,0,0,0,0,traj_sz=100
19.6239,2.41108,1.34856,0.108522,2.48012,1.34976,0.0166774,0.0515978,90,93,0.0687671,0.122923,-0.289292,0.0868049,0,19.6239
19.6439,2.41259,1.34887,0.105517,0,0,0,0,90,93,0,0,0,0,0,traj_sz=100
19.644,2.41259,1.34887,0.105517,2.48012,1.34976,0.0166774,0.0515978,90,93,0.0672428,0.122122,-0.286431,0.0852823,0,19.644
19.6639,2.41557,1.34897,0.104712,0,0,0,0,90,93,0,0,0,0,0,traj_sz=100
19.6641,2.41557,1.34897,0.104712,2.48012,1.34976,0.0166774,0.0515978,90,93,0.0642815,0.119508,-0.282246,0.0823091,0,19.6641
19.684,2.4169,1.34963,0.098234,0,0,0,0,90,93,0,0,0,0,0,traj_sz=100
19.6841,2.4169,1.34963,0.098234,2.48012,1.34976,0.0166774,0.0515978,90,93,0.0629255,0.118473,-0.278418,0.080968,0,19.6841
19.7039,2.42219,1.34989,0.0896154,0,0,0,0,90,93,0,0,0,0,0,traj_sz=100
19.704,2.42219,1.34989,0.0896154,2.49138,1.34995,0.00630214,0.0297732,90,94,0.0689224,0.11354,-0.259286,0.0756845,0,19.704
19.724,2.42347,1.34996,0.0879608,0,0,0,0,90,94,0,0,0,0,0,traj_sz=100
19.7241,2.42347,1.34996,0.0879608,2.49138,1.34995,0.00630214,0.0297732,90,94,0.0676472,0.112609,-0.255578,0.0744008,0,19.7241
19.7439,2.42478,1.35027,0.0849687,0,0,0,0,90,94,0,0,0,0,0,traj_sz=100
19.7441,2.42478,1.35027,0.0849687,2.49138,1.34995,0.00630214,0.0297732,90,94,0.0663298,0.111628,-0.25298,0.0730881,0,19.7441
19.7639,2.42733,1.35078,0.0792218,0,0,0,0,90,94,0,0,0,0,0,traj_sz=100
19.764,2.42733,1.35078,0.0792218,2.49138,1.34995,0.00630214,0.0297732,90,94,0.0637864,0.109405,-0.246543,0.0705473,0,19.764
19.7839,2.42851,1.35085,0.0765504,0,0,0,0,90,94,0,0,0,0,0,traj_sz=100
19.784,2.42851,1.35085,0.0765504,2.49138,1.34995,0.00630214,0.0297732,90,94,0.062614,0.108571,-0.24105,0.0693618,0,19.784
19.8038,2.4334,1.35156,0.067063,0,0,0,0,90,94,0,0,0,0,0,traj_sz=100
19.8039,2.4334,1.35156,0.067063,2.49787,1.34999,0.00132062,0.00981001,91,95,0.0642179,0.103997,-0.264641,0.064487,0,19.8039
19.8239,2.43453,1.35164,0.0658888,0,0,0,0,91,95,0,0,0,0,0,traj_sz=100
19.8241,2.43453,1.35164,0.0658888,2.49787,1.34999,0.00132062,0.00981001,91,95,0.0630967,0.103226,-0.262707,0.0633641,0,19.8241
19.844,2.43562,1.35163,0.0660459,0,0,0,0,91,95,0,0,0,0,0,traj_sz=100
19.8441,2.43562,1.35163,0.0660459,2.49787,1.34999,0.00132062,0.00981001,91,95,0.0620022,0.102487,-0.261851,0.0622675,0,19.8441
19.8639,2.43785,1.35211,0.0591604,0,0,0,0,91,95,0,0,0,0,0,traj_sz=100
19.864,2.43785,1.35211,0.0591604,2.49787,1.34999,0.00132062,0.00981001,91,95,0.059792,0.100496,-0.254709,0.0600598,0,19.864
19.8838,2.43891,1.35214,0.057165,0,0,0,0,91,95,0,0,0,0,0,traj_sz=100
19.884,2.43891,1.35214,0.057165,2.49787,1.34999,0.00132062,0.00981001,91,95,0.0587401,0.0993476,-0.25057,0.0589982,0,19.884
19.9038,2.4432,1.35234,0.0521582,0,0,0,0,91,95,0,0,0,0,0,traj_sz=100
19.904,2.4432,1.35234,0.0521582,2.49787,1.34999,0.00132062,0.00981001,91,95,0.0544764,0.0949711,-0.240763,0.0547237,0,19.904
19.9239,2.44426,1.35269,0.0487334,0,0,0,0,91,95,0,0,0,0,0,traj_sz=100
19.9241,2.44426,1.35269,0.0487334,2.49787,1.34999,0.00132062,0.00981001,91,95,0.0534146,0.0938046,-0.238968,0.0536782,0,19.9241
19.944,2.44537,1.35273,0.0482197,0,0,0,0,91,95,0,0,0,0,0,traj_sz=100
19.9441,2.44537,1.35273,0.0482197,2.49787,1.34999,0.00132062,0.00981001,91,95,0.0523102,0.0926119,-0.237574,0.0525747,0,19.9441
19.9639,2.44736,1.35279,0.0437695,0,0,0,0,91,95,0,0,0,0,0,traj_sz=100
19.9641,2.44736,1.35279,0.0437695,2.49787,1.34999,0.00132062,0.00981001,91,95,0.0503354,0.0905291,-0.228681,0.0505838,0,19.9641
19.984,2.44835,1.35283,0.0431237,0,0,0,0,91,95,0,0,0,0,0,traj_sz=100
19.9842,2.44835,1.35283,0.0431237,2.49787,1.34999,0.00132062,0.00981001,91,95,0.0493474,0.0894518,-0.227286,0.0495976,0,19.9842
20.0039,2.4521,1.35331,0.0338718,0,0,0,0,91,95,0,0,0,0,0,traj_sz=100
20.004,2.4521,1.35331,0.0338718,2.49787,1.34999,0.00132062,0.00981001,91,95,0.0456351,0.0856075,-0.214437,0.0458941,0,20.004
20.024,2.45317,1.35333,0.0335557,0,0,0,0,91,95,0,0,0,0,0,traj_sz=100
20.0241,2.45317,1.35333,0.0335557,2.49787,1.34999,0.00132062,0.00981001,91,95,0.0445618,0.0844469,-0.213228,0.0448239,0,20.0241
20.044,2.45423,1.35334,0.0333965,0,0,0,0,91,95,0,0,0,0,0,traj_sz=100
20.0441,2.45423,1.35334,0.0333965,2.49787,1.34999,0.00132062,0.00981001,92,95,0.0435001,0.0832989,-0.232802,0.043765,0,20.0441
20.0639,2.45597,1.35338,0.0293832,0,0,0,0,92,95,0,0,0,0,0,traj_sz=100
20.064,2.45597,1.35338,0.0293832,2.49787,1.34999,0.00132062,0.00981001,92,95,0.0417873,0.0814817,-0.225226,0.0420417,0,20.064
20.0839,2.45684,1.35331,0.0288603,0,0,0,0,92,95,0,0,0,0,0,traj_sz=100
20.0839,2.45684,1.35331,0.0288603,2.49787,1.34999,0.00132062,0.00981001,92,95,0.0409184,0.0803929,-0.222845,0.0411656,0,20.0839
20.1039,2.46042,1.35341,0.0274394,0,0,0,0,92,95,0,0,0,0,0,traj_sz=100
20.104,2.46042,1.35341,0.0274394,2.5,1.35,2.51857e-06,-9.69608e-09,92,98,0.0394719,0.0762833,-0.219908,0.0397268,0,20.104
20.1239,2.46128,1.35357,0.0226035,0,0,0,0,92,98,0,0,0,0,0,traj_sz=100
20.1241,2.46128,1.35357,0.0226035,2.5,1.35,0,0,92,99,0.0386305,0.0748939,-0.213133,0.0388848,0,20.1241
20.1439,2.46219,1.35351,0.0219135,0,0,0,0,92,99,0,0,0,0,0,traj_sz=100
20.144,2.46219,1.35351,0.0219135,2.5,1.35,0,0,92,99,0.037724,0.0734609,-0.210607,0.0379727,0,20.144
20.164,2.46404,1.35356,0.0210914,0,0,0,0,92,99,0,0,0,0,0,traj_sz=100
20.1641,2.46404,1.35356,0.0210914,2.5,1.35,0,0,92,99,0.0358816,0.0710877,-0.208893,0.0361402,0,20.1641
20.1839,2.46496,1.35355,0.0211495,0,0,0,0,92,99,0,0,0,0,0,traj_sz=100
20.184,2.46496,1.35355,0.0211495,2.5,1.35,0,0,92,99,0.0349605,0.0696447,-0.20847,0.0352232,0,20.184
20.204,2.46842,1.35378,0.0141214,0,0,0,0,92,99,0,0,0,0,0,traj_sz=100
20.2041,2.46842,1.35378,0.0141214,2.5,1.35,0,0,92,99,0.0315241,0.0656497,-0.197373,0.0318054,0,20.2041
20.2239,2.46922,1.35373,0.0132819,0,0,0,0,92,99,0,0,0,0,0,traj_sz=100
20.2241,2.46922,1.35373,0.0132819,2.5,1.35,0,0,92,99,0.0307283,0.0643267,-0.194721,0.0310053,0,20.2241
20.2439,2.47004,1.35377,0.0126835,0,0,0,0,92,99,0,0,0,0,0,traj_sz=100
20.244,2.47004,1.35377,0.0126835,2.5,1.35,0,0,92,99,0.0299095,0.0629818,-0.193835,0.0301956,0,20.244
20.2639,2.47144,1.35378,0.00946578,0,0,0,0,92,99,0,0,0,0,0,traj_sz=100
20.264,2.47144,1.35378,0.00946578,2.5,1.35,0,0,92,99,0.0285228,0.0610556,-0.187468,0.0288084,0,20.264
20.2839,2.47262,1.354,0.00629883,0,0,0,0,92,99,0,0,0,0,0,traj_sz=100
20.284,2.47262,1.354,0.00629883,2.5,1.35,0,0,93,99,0.0273493,0.059343,-0.192119,0.0276656,0,20.284
20.3039,2.47447,1.35405,0.00400558,0,0,0,0,93,99,0,0,0,0,0,traj_sz=100
20.304,2.47447,1.35405,0.00400558,2.5,1.35,0,0,93,99,0.0255158,0.0568014,-0.188235,0.0258509,0,20.304
20.3239,2.47469,1.354,0.00462206,0,0,0,0,93,99,0,0,0,0,0,traj_sz=100
20.324,2.47469,1.354,0.00462206,2.5,1.35,0,0,93,99,0.0252915,0.055616,-0.188667,0.0256252,0,20.324
20.344,2.4756,1.35395,0.00381866,0,0,0,0,93,99,0,0,0,0,0,traj_sz=100
20.3441,2.4756,1.35395,0.00381866,2.5,1.35,0,0,93,99,0.0243805,0.0537364,-0.186131,0.0247131,0,20.3441
20.364,2.47677,1.35402,0.00124435,0,0,0,0,93,99,0,0,0,0,0,traj_sz=100
20.3641,2.47677,1.35402,0.00124435,2.5,1.35,0,0,93,99,0.0232203,0.0515997,-0.182267,0.0235704,0,20.3641
20.3839,2.47708,1.35411,-0.000154342,0,0,0,0,93,99,0,0,0,0,0,traj_sz=100
20.3841,2.47708,1.35411,-0.000154342,2.5,1.35,0,0,93,99,0.0229157,0.0503254,-0.181096,0.0232813,0,20.3841
20.404,2.47899,1.35411,-0.0016406,0,0,0,0,93,99,0,0,0,0,0,traj_sz=100
20.4041,2.47899,1.35411,-0.0016406,2.5,1.35,0,0,93,99,0.0210121,0.0474524,-0.177836,0.021403,0,20.4041
20.4239,2.4797,1.35407,-0.00109992,0,0,0,0,93,99,0,0,0,0,0,traj_sz=100
20.424,2.4797,1.35407,-0.00109992,2.5,1.35,0,0,93,99,0.0203011,0.0457822,-0.178083,0.0207006,0,20.424
20.4439,2.47971,1.35391,-0.000396438,0,0,0,0,93,99,0,0,0,0,0,traj_sz=100
20.4442,2.47971,1.35391,-0.000396438,2.5,1.35,0,0,93,99,0.0202926,0.0448146,-0.176997,0.0206648,0,20.4442
20.464,2.48093,1.35408,-0.00287639,0,0,0,0,93,99,0,0,0,0,0,traj_sz=100
20.4642,2.48093,1.35408,-0.00287639,2.5,1.35,0,0,93,99,0.0190778,0.0426174,-0.174755,0.0194981,0,20.4642
20.484,2.48152,1.35392,-0.00402436,0,0,0,0,93,99,0,0,0,0,0,traj_sz=100
20.4842,2.48152,1.35392,-0.00402436,2.5,1.35,0,0,93,99,0.0184973,0.0410668,-0.170161,0.0188934,0,20.4842
20.5041,2.48307,1.35389,-0.00352133,0,0,0,0,93,99,0,0,0,0,0,traj_sz=100
20.5042,2.48307,1.35389,-0.00352133,2.5,1.35,0,0,93,99,0.0169386,0.0385479,-0.170168,0.017366,0,20.5042
20.5239,2.48334,1.35411,-0.00678766,0,0,0,0,93,99,0,0,0,0,0,traj_sz=100
20.5241,2.48334,1.35411,-0.00678766,2.5,1.35,0,0,93,99,0.0166899,0.0371942,-0.167551,0.0171619,0,20.5241
20.5439,2.48379,1.3539,-0.00361907,0,0,0,0,93,99,0,0,0,0,0,traj_sz=100
20.5441,2.48379,1.3539,-0.00361907,2.5,1.35,0,0,93,99,0.0162274,0.0355159,-0.169913,0.0166747,0,20.5441
20.564,2.48433,1.35402,-0.00716547,0,0,0,0,93,99,0,0,0,0,0,traj_sz=100
20.5641,2.48433,1.35402,-0.00716547,2.5,1.35,0,0,93,99,0.0156937,0.0337339,-0.165322,0.0161738,0,20.5641
20.5839,2.48465,1.35387,-0.00488103,0,0,0,0,93,99,0,0,0,0,0,traj_sz=100
20.584,2.48465,1.35387,-0.00488103,2.5,1.35,0,0,93,99,0.0153732,0.032194,-0.167026,0.0158343,0,20.584
20.6039,2.48565,1.35436,-0.0121098,0,0,0,0,93,99,0,0,0,0,0,traj_sz=100
20.6041,2.48565,1.35436,-0.0121098,2.5,1.35,0,0,93,99,0.0143984,0.0299496,-0.161081,0.0149936,0,20.6041
20.6238,2.4858,1.35443,-0.0131514,0,0,0,0,93,99,0,0,0,0,0,traj_sz=100
20.6239,2.4858,1.35443,-0.0131514,2.5,1.35,0,0,94,99,0.0142557,0.0285766,-0.157037,0.0148731,0,20.6239
20.6439,2.48641,1.35433,-0.0117884,0,0,0,0,94,99,0,0,0,0,0,traj_sz=100
20.644,2.48641,1.35433,-0.0117884,2.5,1.35,0,0,94,99,0.0136415,0.0267318,-0.158038,0.0142658,0,20.644
20.664,2.4871,1.35436,-0.0122161,0,0,0,0,94,99,0,0,0,0,0,traj_sz=100
20.6641,2.4871,1.35436,-0.0122161,2.5,1.35,0,0,94,99,0.0129525,0.0248048,-0.15764,0.0136183,0,20.6641
20.6839,2.4872,1.35436,-0.0121138,0,0,0,0,94,99,0,0,0,0,0,traj_sz=100
20.684,2.4872,1.35436,-0.0121138,2.5,1.35,0,0,94,99,0.0128504,0.0234755,-0.157711,0.0135199,0,20.684
20.7039,2.48841,1.35441,-0.0144073,0,0,0,0,94,99,0,0,0,0,0,traj_sz=100
20.704,2.48841,1.35441,-0.0144073,2.5,1.35,0,0,94,99,0.0116492,0.02103,-0.15424,0.0123972,0,20.704
20.7239,2.48881,1.35452,-0.0177365,0,0,0,0,94,99,0,0,0,0,0,traj_sz=100
20.724,2.48881,1.35452,-0.0177365,2.5,1.35,0,0,94,99,0.0112681,0.0193988,-0.149897,0.0120685,0,20.724
20.7439,2.48892,1.3545,-0.0174781,0,0,0,0,94,99,0,0,0,0,0,traj_sz=100
20.744,2.48892,1.3545,-0.0174781,2.5,1.35,0,0,94,99,0.0111527,0.0183542,-0.150091,0.0119563,0,20.744
20.7639,2.48904,1.35437,-0.0155818,0,0,0,0,94,99,0,0,0,0,0,traj_sz=100
20.7641,2.48904,1.35437,-0.0155818,2.5,1.35,0,0,94,99,0.0110283,0.0175349,-0.151555,0.011802,0,20.7641
20.784,2.48923,1.35446,-0.0168811,0,0,0,0,94,99,0,0,0,0,0,traj_sz=100
20.7842,2.48923,1.35446,-0.0168811,2.5,1.35,0,0,94,99,0.0108402,0.0166338,-0.150525,0.0116546,0,20.7842
20.804,2.48961,1.35438,-0.0156082,0,0,0,0,94,99,0,0,0,0,0,traj_sz=100
20.8041,2.48961,1.35438,-0.0156082,2.5,1.35,0,0,94,99,0.0104525,0.0155522,-0.15148,0.0112698,0,20.8041
20.824,2.48961,1.35438,-0.0156082,0,0,0,0,94,99,0,0,0,0,0,traj_sz=100
20.8241,2.48961,1.35438,-0.0156082,2.5,1.35,0,0,94,99,0.0104525,0.0148517,-0.15148,0.0112698,0,20.8241
20.844,2.48961,1.35438,-0.0156082,0,0,0,0,94,99,0,0,0,0,0,traj_sz=100
20.8442,2.48961,1.35438,-0.0156082,2.5,1.35,0,0,94,99,0.0104525,0.0141447,-0.15148,0.0112698,0,20.8442
20.8639,2.48961,1.35438,-0.0156082,0,0,0,0,94,99,0,0,0,0,0,traj_sz=100
20.8642,2.48961,1.35438,-0.0156082,2.5,1.35,0,0,94,99,0.0104525,0.0134439,-0.15148,0.0112698,0,20.8642
20.8838,2.48961,1.35438,-0.0156082,0,0,0,0,94,99,0,0,0,0,0,traj_sz=100
20.8839,2.48961,1.35438,-0.0156082,2.5,1.35,0,0,94,99,0.0104525,0.0127488,-0.15148,0.0112698,0,20.8839
20.9039,2.48961,1.35438,-0.0156082,0,0,0,0,94,99,0,0,0,0,0,traj_sz=100
20.9039,2.48961,1.35438,-0.0156082,2.5,1.35,0,0,94,99,0.0104525,0.0120453,-0.15148,0.0112698,0,20.9039
20.9239,2.48961,1.35438,-0.0156082,0,0,0,0,94,99,0,0,0,0,0,traj_sz=100
20.9241,2.48961,1.35438,-0.0156082,2.5,1.35,0,0,94,99,0.0104525,0.011339,-0.15148,0.0112698,0,20.9241
20.9438,2.48961,1.35438,-0.0156082,0,0,0,0,94,99,0,0,0,0,0,traj_sz=100
20.944,2.48961,1.35438,-0.0156082,2.5,1.35,0,0,94,99,0.0104525,0.0106381,-0.15148,0.0112698,0,20.944
20.9639,2.48961,1.35438,-0.0156082,0,0,0,0,94,99,0,0,0,0,0,traj_sz=100
20.964,2.48961,1.35438,-0.0156082,2.5,1.35,0,0,94,99,0.0104525,0.0103955,-0.15148,0.0112698,0,20.964
20.984,2.48961,1.35438,-0.0156082,0,0,0,0,94,99,0,0,0,0,0,traj_sz=100
20.9841,2.48961,1.35438,-0.0156082,2.5,1.35,0,0,94,99,0.0104525,0.0103955,-0.15148,0.0112698,0,20.9841
21.0039,2.48971,1.35449,-0.0172547,0,0,0,0,94,99,0,0,0,0,0,traj_sz=100
21.004,2.48971,1.35449,-0.0172547,2.5,1.35,0,0,94,99,0.0103662,0.0103002,-0.150185,0.0112264,0,21.004
21.0238,2.48971,1.35442,-0.0176907,0,0,0,0,94,99,0,0,0,0,0,traj_sz=100
21.024,2.48971,1.35442,-0.0176907,2.5,1.35,0,0,94,99,0.0103695,0.0103029,-0.148327,0.0112004,0,21.024
21.044,2.48981,1.35447,-0.0184273,0,0,0,0,94,99,0,0,0,0,0,traj_sz=100
21.0442,2.48981,1.35447,-0.0184273,2.5,1.35,0,0,94,99,0.0102683,0.0101977,-0.147745,0.0111239,0,21.0442
21.0639,2.48981,1.35447,-0.0184273,0,0,0,0,94,99,0,0,0,0,0,traj_sz=100
21.064,2.48981,1.35447,-0.0184273,2.5,1.35,0,0,94,99,0.0102683,0.0101977,-0.147745,0.0111239,0,21.064
21.0839,2.49005,1.35444,-0.0180089,0,0,0,0,94,99,0,0,0,0,0,traj_sz=100
21.0841,2.49005,1.35444,-0.0180089,2.5,1.35,0,0,94,99,0.0100273,0.00995894,-0.148053,0.0108941,0,21.0841
21.1041,2.49015,1.35455,-0.0196805,0,0,0,0,94,99,0,0,0,0,0,traj_sz=100
21.1042,2.49015,1.35455,-0.0196805,2.5,1.35,0,0,94,99,0.00993972,0.00986202,-0.146738,0.0108528,0,21.1042
21.1239,2.49015,1.35455,-0.0196805,0,0,0,0,94,99,0,0,0,0,0,traj_sz=100
21.124,2.49015,1.35455,-0.0196805,2.5,1.35,0,0,94,99,0.00993972,0.00986202,-0.146738,0.0108528,0,21.124
21.144,2.49015,1.35455,-0.0196805,0,0,0,0,94,99,0,0,0,0,0,traj_sz=100
21.1441,2.49015,1.35455,-0.0196805,2.5,1.35,0,0,94,99,0.00993972,0.00986202,-0.146738,0.0108528,0,21.1441
21.164,2.49013,1.35461,-0.0220185,0,0,0,0,94,99,0,0,0,0,0,traj_sz=100
21.1642,2.49013,1.35461,-0.0220185,2.5,1.35,0,0,94,99,0.00996529,0.00987618,-0.143381,0.0108895,0,21.1642
21.184,2.49013,1.35461,-0.0220185,0,0,0,0,94,99,0,0,0,0,0,traj_sz=100
21.1841,2.49013,1.35461,-0.0220185,2.5,1.35,0,0,94,99,0.00996529,0.00987549,-0.143381,0.0108895,0,21.1841
21.2039,2.49013,1.35461,-0.0220185,0,0,0,0,94,99,0,0,0,0,0,traj_sz=100
21.204,2.49013,1.35461,-0.0220185,2.5,1.35,0,0,94,99,0.00996529,0.00987458,-0.143381,0.0108895,0,21.204
21.2239,2.49013,1.35461,-0.0220185,0,0,0,0,94,99,0,0,0,0,0,traj_sz=100
21.224,2.49013,1.35461,-0.0220185,2.5,1.35,0,0,94,99,0.00996529,0.00987367,-0.143381,0.0108895,0,21.224
21.2439,2.49013,1.35461,-0.0220185,0,0,0,0,94,99,0,0,0,0,0,traj_sz=100
21.244,2.49013,1.35461,-0.0220185,2.5,1.35,0,0,94,99,0.00996529,0.00987275,-0.143381,0.0108895,0,21.244
21.2639,2.49013,1.35461,-0.0220185,0,0,0,0,94,99,0,0,0,0,0,traj_sz=100
21.264,2.49013,1.35461,-0.0220185,2.5,1.35,0,0,94,99,0.00996529,0.00987184,-0.143381,0.0108895,0,21.264
21.2839,2.49013,1.35461,-0.0220185,0,0,0,0,94,99,0,0,0,0,0,traj_sz=100
21.2842,2.49013,1.35461,-0.0220185,2.5,1.35,0,0,94,99,0.00996529,0.00987092,-0.143381,0.0108895,0,21.2842
21.3039,2.49013,1.35461,-0.0220185,0,0,0,0,94,99,0,0,0,0,0,traj_sz=100
21.304,2.49013,1.35461,-0.0220185,2.5,1.35,0,0,94,99,0.00996529,0.00987001,-0.143381,0.0108895,0,21.304
21.3238,2.49013,1.35461,-0.0220185,0,0,0,0,94,99,0,0,0,0,0,traj_sz=100
21.3239,2.49013,1.35461,-0.0220185,2.5,1.35,0,0,94,99,0.00996529,0.0098691,-0.143381,0.0108895,0,21.3239
21.3439,2.49013,1.35461,-0.0220185,0,0,0,0,94,99,0,0,0,0,0,traj_sz=100
21.3442,2.49013,1.35461,-0.0220185,2.5,1.35,0,0,94,99,0.00996529,0.00986817,-0.143381,0.0108895,0,21.3442
21.3639,2.49013,1.35461,-0.0220185,0,0,0,0,94,99,0,0,0,0,0,traj_sz=100
21.3641,2.49013,1.35461,-0.0220185,2.5,1.35,0,0,94,99,0.00996529,0.00986726,-0.143381,0.0108895,0,21.3641
21.384,2.49013,1.35461,-0.0220185,0,0,0,0,94,99,0,0,0,0,0,traj_sz=100
21.3841,2.49013,1.35461,-0.0220185,2.5,1.35,0,0,94,99,0.00996529,0.00986634,-0.143381,0.0108895,0,21.3841
21.4039,2.49013,1.35461,-0.0220185,0,0,0,0,94,99,0,0,0,0,0,traj_sz=100
21.404,2.49013,1.35461,-0.0220185,2.5,1.35,0,0,94,99,0.00996529,0.00986619,-0.143381,0.0108895,0,21.404
21.4238,2.49013,1.35461,-0.0220185,0,0,0,0,94,99,0,0,0,0,0,traj_sz=100
21.4239,2.49013,1.35461,-0.0220185,2.5,1.35,0,0,94,99,0.00996529,0.00986619,-0.143381,0.0108895,0,21.4239
21.4439,2.49013,1.35461,-0.0220185,0,0,0,0,94,99,0,0,0,0,0,traj_sz=100
21.444,2.49013,1.35461,-0.0220185,2.5,1.35,0,0,94,99,0.00996529,0.0098662,-0.143381,0.0108895,0,21.444
21.4639,2.49013,1.35461,-0.0220185,0,0,0,0,94,99,0,0,0,0,0,traj_sz=100
21.464,2.49013,1.35461,-0.0220185,2.5,1.35,0,0,94,99,0.00996529,0.0098662,-0.143381,0.0108895,0,21.464
21.4839,2.49013,1.35461,-0.0220185,0,0,0,0,94,99,0,0,0,0,0,traj_sz=100
21.484,2.49013,1.35461,-0.0220185,2.5,1.35,0,0,94,99,0.00996529,0.0098662,-0.143381,0.0108895,0,21.484
21.5039,2.49013,1.35461,-0.0220185,0,0,0,0,94,99,0,0,0,0,0,traj_sz=100
21.5041,2.49013,1.35461,-0.0220185,2.5,1.35,0,0,94,99,0.00996529,0.0098662,-0.143381,0.0108895,0,21.5041
21.5239,2.49013,1.35461,-0.0220185,0,0,0,0,94,99,0,0,0,0,0,traj_sz=100
21.524,2.49013,1.35461,-0.0220185,2.5,1.35,0,0,94,99,0.00996529,0.0098662,-0.143381,0.0108895,0,21.524
21.5439,2.49013,1.35461,-0.0220185,0,0,0,0,94,99,0,0,0,0,0,traj_sz=100
21.544,2.49013,1.35461,-0.0220185,2.5,1.35,0,0,94,99,0.00996529,0.0098662,-0.143381,0.0108895,0,21.544
21.5639,2.49013,1.35461,-0.0220185,0,0,0,0,94,99,0,0,0,0,0,traj_sz=100
21.5641,2.49013,1.35461,-0.0220185,2.5,1.35,0,0,94,99,0.00996529,0.00986621,-0.143381,0.0108895,0,21.5641
21.584,2.49013,1.35461,-0.0220185,0,0,0,0,94,99,0,0,0,0,0,traj_sz=100
21.5841,2.49013,1.35461,-0.0220185,2.5,1.35,0,0,94,99,0.00996529,0.00986621,-0.143381,0.0108895,0,21.5841
21.6038,2.49013,1.35461,-0.0220185,0,0,0,0,94,99,0,0,0,0,0,traj_sz=100
21.604,2.49013,1.35461,-0.0220185,2.5,1.35,0,0,94,99,0.00996529,0.00986621,-0.143381,0.0108895,0,21.604
21.6239,2.49013,1.35461,-0.0220185,0,0,0,0,94,99,0,0,0,0,0,traj_sz=100
21.624,2.49013,1.35461,-0.0220185,2.5,1.35,0,0,94,99,0.00996529,0.00986621,-0.143381,0.0108895,0,21.624
21.6439,2.49013,1.35461,-0.0220185,0,0,0,0,94,99,0,0,0,0,0,traj_sz=100
21.6441,2.49013,1.35461,-0.0220185,2.5,1.35,0,0,94,99,0.00996529,0.00986621,-0.143381,0.0108895,0,21.6441
21.6639,2.49013,1.35461,-0.0220185,0,0,0,0,94,99,0,0,0,0,0,traj_sz=100
21.664,2.49013,1.35461,-0.0220185,2.5,1.35,0,0,94,99,0.00996529,0.00986621,-0.143381,0.0108895,0,21.664
21.6839,2.49013,1.35461,-0.0220185,0,0,0,0,94,99,0,0,0,0,0,traj_sz=100
21.684,2.49013,1.35461,-0.0220185,2.5,1.35,0,0,94,99,0.00996529,0.00986621,-0.143381,0.0108895,0,21.684
21.704,2.49013,1.35461,-0.0220185,0,0,0,0,94,99,0,0,0,0,0,traj_sz=100
21.704,2.49013,1.35461,-0.0220185,2.5,1.35,0,0,94,99,0.00996529,0.00986621,-0.143381,0.0108895,0,21.704
21.7239,2.49013,1.35461,-0.0220185,0,0,0,0,94,99,0,0,0,0,0,traj_sz=100
21.724,2.49013,1.35461,-0.0220185,2.5,1.35,0,0,94,99,0.00996529,0.00986621,-0.143381,0.0108895,0,21.724
21.744,2.49013,1.35461,-0.0220185,0,0,0,0,94,99,0,0,0,0,0,traj_sz=100
21.744,2.49013,1.35461,-0.0220185,2.5,1.35,0,0,94,99,0.00996529,0.00986621,-0.143381,0.0108895,0,21.744
21.7639,2.49013,1.35461,-0.0220185,0,0,0,0,94,99,0,0,0,0,0,traj_sz=100
21.764,2.49013,1.35461,-0.0220185,2.5,1.35,0,0,94,99,0.00996529,0.00986621,-0.143381,0.0108895,0,21.764
21.7839,2.49013,1.35461,-0.0220185,0,0,0,0,94,99,0,0,0,0,0,traj_sz=100
21.784,2.49013,1.35461,-0.0220185,2.5,1.35,0,0,94,99,0.00996529,0.00986621,-0.143381,0.0108895,0,21.784
21.8038,2.49013,1.35461,-0.0220185,0,0,0,0,94,99,0,0,0,0,0,traj_sz=100
21.804,2.49013,1.35461,-0.0220185,2.5,1.35,0,0,94,99,0.00996529,0.00986621,-0.143381,0.0108895,0,21.804
21.824,2.49013,1.35461,-0.0220185,0,0,0,0,94,99,0,0,0,0,0,traj_sz=100
21.8241,2.49013,1.35461,-0.0220185,2.5,1.35,0,0,94,99,0.00996529,0.00986621,-0.143381,0.0108895,0,21.8241
21.844,2.49013,1.35461,-0.0220185,0,0,0,0,94,99,0,0,0,0,0,traj_sz=100
21.8441,2.49013,1.35461,-0.0220185,2.5,1.35,0,0,94,99,0.00996529,0.00986621,-0.143381,0.0108895,0,21.8441
21.864,2.49013,1.35461,-0.0220185,0,0,0,0,94,99,0,0,0,0,0,traj_sz=100
21.8641,2.49013,1.35461,-0.0220185,2.5,1.35,0,0,94,99,0.00996529,0.00986621,-0.143381,0.0108895,0,21.8641
21.8839,2.49013,1.35461,-0.0220185,0,0,0,0,94,99,0,0,0,0,0,traj_sz=100
21.884,2.49013,1.35461,-0.0220185,2.5,1.35,0,0,94,99,0.00996529,0.00986621,-0.143381,0.0108895,0,21.884
21.9038,2.49013,1.35461,-0.0220185,0,0,0,0,94,99,0,0,0,0,0,traj_sz=100
21.9039,2.49013,1.35461,-0.0220185,2.5,1.35,0,0,94,99,0.00996529,0.00986621,-0.143381,0.0108895,0,21.9039
21.924,2.49013,1.35461,-0.0220185,0,0,0,0,94,99,0,0,0,0,0,traj_sz=100
21.9241,2.49013,1.35461,-0.0220185,2.5,1.35,0,0,94,99,0.00996529,0.00986621,-0.143381,0.0108895,0,21.9241
21.9439,2.49013,1.35461,-0.0220185,0,0,0,0,94,99,0,0,0,0,0,traj_sz=100
21.9439,2.49013,1.35461,-0.0220185,2.5,1.35,0,0,94,99,0.00996529,0.00986621,-0.143381,0.0108895,0,21.9439
21.9639,2.49013,1.35461,-0.0220185,0,0,0,0,94,99,0,0,0,0,0,traj_sz=100
21.9641,2.49013,1.35461,-0.0220185,2.5,1.35,0,0,94,99,0.00996529,0.00986621,-0.143381,0.0108895,0,21.9641
21.9839,2.49013,1.35461,-0.0220185,0,0,0,0,94,99,0,0,0,0,0,traj_sz=100
21.9841,2.49013,1.35461,-0.0220185,2.5,1.35,0,0,94,99,0.00996529,0.00986621,-0.143381,0.0108895,0,21.9841
22.0038,2.49013,1.35461,-0.0220185,0,0,0,0,94,99,0,0,0,0,0,traj_sz=100
22.0039,2.49013,1.35461,-0.0220185,2.5,1.35,0,0,94,99,0.00996529,0.00986621,-0.143381,0.0108895,0,22.0039
22.0239,2.49013,1.35461,-0.0220185,0,0,0,0,94,99,0,0,0,0,0,traj_sz=100
22.024,2.49013,1.35461,-0.0220185,2.5,1.35,0,0,94,99,0.00996529,0.00986621,-0.143381,0.0108895,0,22.024
22.0439,2.49013,1.35461,-0.0220185,0,0,0,0,94,99,0,0,0,0,0,traj_sz=100
22.044,2.49013,1.35461,-0.0220185,2.5,1.35,0,0,94,99,0.00996529,0.00986621,-0.143381,0.0108895,0,22.044
22.0638,2.49013,1.35461,-0.0220185,0,0,0,0,94,99,0,0,0,0,0,traj_sz=100
22.0639,2.49013,1.35461,-0.0220185,2.5,1.35,0,0,94,99,0.00996529,0.00986621,-0.143381,0.0108895,0,22.0639
22.0838,2.49013,1.35461,-0.0220185,0,0,0,0,94,99,0,0,0,0,0,traj_sz=100
22.0839,2.49013,1.35461,-0.0220185,2.5,1.35,0,0,94,99,0.00996529,0.00986621,-0.143381,0.0108895,0,22.0839
22.1039,2.49013,1.35461,-0.0220185,0,0,0,0,94,99,0,0,0,0,0,traj_sz=100
22.1039,2.49013,1.35461,-0.0220185,2.5,1.35,0,0,94,99,0.00996529,0.00986621,-0.143381,0.0108895,0,22.1039
22.1238,2.49013,1.35461,-0.0220185,0,0,0,0,94,99,0,0,0,0,0,traj_sz=100
22.1239,2.49013,1.35461,-0.0220185,2.5,1.35,0,0,94,99,0.00996529,0.00986621,-0.143381,0.0108895,0,22.1239
22.1438,2.49013,1.35461,-0.0220185,0,0,0,0,94,99,0,0,0,0,0,traj_sz=100
22.144,2.49013,1.35461,-0.0220185,2.5,1.35,0,0,94,99,0.00996529,0.00986621,-0.143381,0.0108895,0,22.144
22.1639,2.49025,1.35448,-0.0201443,0,0,0,0,94,99,0,0,0,0,0,traj_sz=100
22.1639,2.49025,1.35448,-0.0201443,2.5,1.35,0,0,94,99,0.00984218,0.00975391,-0.144826,0.0107339,0,22.1639
22.1839,2.49025,1.35448,-0.0201443,0,0,0,0,94,99,0,0,0,0,0,traj_sz=100
22.184,2.49025,1.35448,-0.0201443,2.5,1.35,0,0,94,99,0.00984218,0.00975391,-0.144826,0.0107339,0,22.184
22.2039,2.49025,1.35448,-0.0201443,0,0,0,0,94,99,0,0,0,0,0,traj_sz=100
22.204,2.49025,1.35448,-0.0201443,2.5,1.35,0,0,94,99,0.00984218,0.00975391,-0.144826,0.0107339,0,22.204
22.2239,2.49025,1.35448,-0.0201443,0,0,0,0,94,99,0,0,0,0,0,traj_sz=100
22.2241,2.49025,1.35448,-0.0201443,2.5,1.35,0,0,94,99,0.00984218,0.00975391,-0.144826,0.0107339,0,22.2241
22.2439,2.49025,1.35448,-0.0201443,0,0,0,0,94,99,0,0,0,0,0,traj_sz=100
22.244,2.49025,1.35448,-0.0201443,2.5,1.35,0,0,94,99,0.00984218,0.00975391,-0.144826,0.0107339,0,22.244
22.2639,2.49025,1.35448,-0.0201443,0,0,0,0,94,99,0,0,0,0,0,traj_sz=100
22.264,2.49025,1.35448,-0.0201443,2.5,1.35,0,0,94,99,0.00984218,0.00975391,-0.144826,0.0107339,0,22.264
22.2838,2.49025,1.35448,-0.0201443,0,0,0,0,94,99,0,0,0,0,0,traj_sz=100
22.2839,2.49025,1.35448,-0.0201443,2.5,1.35,0,0,94,99,0.00984218,0.00975391,-0.144826,0.0107339,0,22.2839
22.3039,2.49025,1.35448,-0.0201443,0,0,0,0,94,99,0,0,0,0,0,traj_sz=100
22.304,2.49025,1.35448,-0.0201443,2.5,1.35,0,0,94,99,0.00984218,0.00975391,-0.144826,0.0107339,0,22.304
22.3239,2.49025,1.35448,-0.0201443,0,0,0,0,94,99,0,0,0,0,0,traj_sz=100
22.324,2.49025,1.35448,-0.0201443,2.5,1.35,0,0,94,99,0.00984218,0.00975391,-0.144826,0.0107339,0,22.324
22.344,2.49025,1.35448,-0.0201443,0,0,0,0,94,99,0,0,0,0,0,traj_sz=100
22.3441,2.49025,1.35448,-0.0201443,2.5,1.35,0,0,94,99,0.00984218,0.00975391,-0.144826,0.0107339,0,22.3441
22.3639,2.49025,1.35448,-0.0201443,0,0,0,0,94,99,0,0,0,0,0,traj_sz=100
22.364,2.49025,1.35448,-0.0201443,2.5,1.35,0,0,94,99,0.00984218,0.00975391,-0.144826,0.0107339,0,22.364
22.3838,2.49025,1.35448,-0.0201443,0,0,0,0,94,99,0,0,0,0,0,traj_sz=100
22.3839,2.49025,1.35448,-0.0201443,2.5,1.35,0,0,94,99,0.00984218,0.00975391,-0.144826,0.0107339,0,22.3839
22.4039,2.49025,1.35448,-0.0201443,0,0,0,0,94,99,0,0,0,0,0,traj_sz=100
22.4041,2.49025,1.35448,-0.0201443,2.5,1.35,0,0,94,99,0.00984218,0.00975391,-0.144826,0.0107339,0,22.4041
22.4239,2.49025,1.35448,-0.0201443,0,0,0,0,94,99,0,0,0,0,0,traj_sz=100
22.4239,2.49025,1.35448,-0.0201443,2.5,1.35,0,0,94,99,0.00984218,0.00975391,-0.144826,0.0107339,0,22.4239
22.4439,2.49025,1.35448,-0.0201443,0,0,0,0,94,99,0,0,0,0,0,traj_sz=100
22.4439,2.49025,1.35448,-0.0201443,2.5,1.35,0,0,94,99,0.00984218,0.00975391,-0.144826,0.0107339,0,22.4439
22.4639,2.49025,1.35448,-0.0201443,0,0,0,0,94,99,0,0,0,0,0,traj_sz=100
22.464,2.49025,1.35448,-0.0201443,2.5,1.35,0,0,94,99,0.00984218,0.00975391,-0.144826,0.0107339,0,22.464
22.4839,2.49025,1.35448,-0.0201443,0,0,0,0,94,99,0,0,0,0,0,traj_sz=100
22.484,2.49025,1.35448,-0.0201443,2.5,1.35,0,0,94,99,0.00984218,0.00975391,-0.144826,0.0107339,0,22.484
22.5038,2.49025,1.35448,-0.0201443,0,0,0,0,94,99,0,0,0,0,0,traj_sz=100
22.5038,2.49025,1.35448,-0.0201443,2.5,1.35,0,0,94,99,0.00984218,0.00975391,-0.144826,0.0107339,0,22.5038
22.5239,2.49025,1.35448,-0.0201443,0,0,0,0,94,99,0,0,0,0,0,traj_sz=100
22.5241,2.49025,1.35448,-0.0201443,2.5,1.35,0,0,94,99,0.00984218,0.00975391,-0.144826,0.0107339,0,22.5241
22.5439,2.49025,1.35448,-0.0201443,0,0,0,0,94,99,0,0,0,0,0,traj_sz=100
22.544,2.49025,1.35448,-0.0201443,2.5,1.35,0,0,94,99,0.00984218,0.00975391,-0.144826,0.0107339,0,22.544
22.5639,2.49025,1.35448,-0.0201443,0,0,0,0,94,99,0,0,0,0,0,traj_sz=100
22.564,2.49025,1.35448,-0.0201443,2.5,1.35,0,0,94,99,0.00984218,0.00975391,-0.144826,0.0107339,0,22.564
22.584,2.49025,1.35448,-0.0201443,0,0,0,0,94,99,0,0,0,0,0,traj_sz=100
22.584,2.49025,1.35448,-0.0201443,2.5,1.35,0,0,94,99,0.00984218,0.00975391,-0.144826,0.0107339,0,22.584
22.6038,2.49025,1.35448,-0.0201443,0,0,0,0,94,99,0,0,0,0,0,traj_sz=100
22.6039,2.49025,1.35448,-0.0201443,2.5,1.35,0,0,94,99,0.00984218,0.00975391,-0.144826,0.0107339,0,22.6039
22.624,2.49025,1.35448,-0.0201443,0,0,0,0,94,99,0,0,0,0,0,traj_sz=100
22.6241,2.49025,1.35448,-0.0201443,2.5,1.35,0,0,94,99,0.00984218,0.00975391,-0.144826,0.0107339,0,22.6241
22.6439,2.49025,1.35448,-0.0201443,0,0,0,0,94,99,0,0,0,0,0,traj_sz=100
22.644,2.49025,1.35448,-0.0201443,2.5,1.35,0,0,94,99,0.00984218,0.00975391,-0.144826,0.0107339,0,22.644
22.664,2.49025,1.35448,-0.0201443,0,0,0,0,94,99,0,0,0,0,0,traj_sz=100
22.6641,2.49025,1.35448,-0.0201443,2.5,1.35,0,0,94,99,0.00984218,0.00975391,-0.144826,0.0107339,0,22.6641
22.6839,2.49025,1.35448,-0.0201443,0,0,0,0,94,99,0,0,0,0,0,traj_sz=100
22.6841,2.49025,1.35448,-0.0201443,2.5,1.35,0,0,94,99,0.00984218,0.00975391,-0.144826,0.0107339,0,22.6841
22.7039,2.49025,1.35448,-0.0201443,0,0,0,0,94,99,0,0,0,0,0,traj_sz=100
22.704,2.49025,1.35448,-0.0201443,2.5,1.35,0,0,94,99,0.00984218,0.00975391,-0.144826,0.0107339,0,22.704
22.7239,2.49025,1.35448,-0.0201443,0,0,0,0,94,99,0,0,0,0,0,traj_sz=100
22.7241,2.49025,1.35448,-0.0201443,2.5,1.35,0,0,94,99,0.00984218,0.00975391,-0.144826,0.0107339,0,22.7241
22.7438,2.49025,1.35448,-0.0201443,0,0,0,0,94,99,0,0,0,0,0,traj_sz=100
22.7439,2.49025,1.35448,-0.0201443,2.5,1.35,0,0,94,99,0.00984218,0.00975391,-0.144826,0.0107339,0,22.7439
22.7639,2.49025,1.35448,-0.0201443,0,0,0,0,94,99,0,0,0,0,0,traj_sz=100
22.7641,2.49025,1.35448,-0.0201443,2.5,1.35,0,0,94,99,0.00984218,0.00975391,-0.144826,0.0107339,0,22.7641
22.784,2.49025,1.35448,-0.0201443,0,0,0,0,94,99,0,0,0,0,0,traj_sz=100
22.7844,2.49025,1.35448,-0.0201443,2.5,1.35,0,0,94,99,0.00984218,0.00975391,-0.144826,0.0107339,0,22.7844
22.8039,2.49025,1.35448,-0.0201443,0,0,0,0,94,99,0,0,0,0,0,traj_sz=100
22.804,2.49025,1.35448,-0.0201443,2.5,1.35,0,0,94,99,0.00984218,0.00975391,-0.144826,0.0107339,0,22.804
22.824,2.49025,1.35448,-0.0201443,0,0,0,0,94,99,0,0,0,0,0,traj_sz=100
22.8242,2.49025,1.35448,-0.0201443,2.5,1.35,0,0,94,99,0.00984218,0.00975391,-0.144826,0.0107339,0,22.8242
22.8439,2.49025,1.35448,-0.0201443,0,0,0,0,94,99,0,0,0,0,0,traj_sz=100
22.844,2.49025,1.35448,-0.0201443,2.5,1.35,0,0,94,99,0.00984218,0.00975391,-0.144826,0.0107339,0,22.844
22.8639,2.49025,1.35448,-0.0201443,0,0,0,0,94,99,0,0,0,0,0,traj_sz=100
22.8639,2.49025,1.35448,-0.0201443,2.5,1.35,0,0,94,99,0.00984218,0.00975391,-0.144826,0.0107339,0,22.8639
22.884,2.49025,1.35448,-0.0201443,0,0,0,0,94,99,0,0,0,0,0,traj_sz=100
22.8841,2.49025,1.35448,-0.0201443,2.5,1.35,0,0,94,99,0.00984218,0.00975391,-0.144826,0.0107339,0,22.8841
22.9039,2.49025,1.35448,-0.0201443,0,0,0,0,94,99,0,0,0,0,0,traj_sz=100
22.904,2.49025,1.35448,-0.0201443,2.5,1.35,0,0,94,99,0.00984218,0.00975391,-0.144826,0.0107339,0,22.904
22.9239,2.49025,1.35448,-0.0201443,0,0,0,0,94,99,0,0,0,0,0,traj_sz=100
22.924,2.49025,1.35448,-0.0201443,2.5,1.35,0,0,94,99,0.00984218,0.00975391,-0.144826,0.0107339,0,22.924
22.9439,2.49025,1.35448,-0.0201443,0,0,0,0,94,99,0,0,0,0,0,traj_sz=100
22.9442,2.49025,1.35448,-0.0201443,2.5,1.35,0,0,94,99,0.00984218,0.00975391,-0.144826,0.0107339,0,22.9442
22.964,2.49025,1.35448,-0.0201443,0,0,0,0,94,99,0,0,0,0,0,traj_sz=100
22.9641,2.49025,1.35448,-0.0201443,2.5,1.35,0,0,94,99,0.00984218,0.00975391,-0.144826,0.0107339,0,22.9641
22.984,2.49025,1.35448,-0.0201443,0,0,0,0,94,99,0,0,0,0,0,traj_sz=100
22.9841,2.49025,1.35448,-0.0201443,2.5,1.35,0,0,94,99,0.00984218,0.00975391,-0.144826,0.0107339,0,22.9841
23.004,2.49025,1.35448,-0.0201443,0,0,0,0,94,99,0,0,0,0,0,traj_sz=100
23.0041,2.49025,1.35448,-0.0201443,2.5,1.35,0,0,94,99,0.00984218,0.00975391,-0.144826,0.0107339,0,23.0041
23.024,2.49025,1.35448,-0.0201443,0,0,0,0,94,99,0,0,0,0,0,traj_sz=100
23.0241,2.49025,1.35448,-0.0201443,2.5,1.35,0,0,94,99,0.00984218,0.00975391,-0.144826,0.0107339,0,23.0241
23.044,2.49025,1.35448,-0.0201443,0,0,0,0,94,99,0,0,0,0,0,traj_sz=100
23.0442,2.49025,1.35448,-0.0201443,2.5,1.35,0,0,94,99,0.00984218,0.00975391,-0.144826,0.0107339,0,23.0442
23.0638,2.49025,1.35448,-0.0201443,0,0,0,0,94,99,0,0,0,0,0,traj_sz=100
23.0639,2.49025,1.35448,-0.0201443,2.5,1.35,0,0,94,99,0.00984218,0.00975391,-0.144826,0.0107339,0,23.0639
23.0838,2.49025,1.35448,-0.0201443,0,0,0,0,94,99,0,0,0,0,0,traj_sz=100
23.0839,2.49025,1.35448,-0.0201443,2.5,1.35,0,0,94,99,0.00984218,0.00975391,-0.144826,0.0107339,0,23.0839
23.1042,2.49025,1.35448,-0.0201443,0,0,0,0,94,99,0,0,0,0,0,traj_sz=100
23.1043,2.49025,1.35448,-0.0201443,2.5,1.35,0,0,94,99,0.00984218,0.00975391,-0.144826,0.0107339,0,23.1043
23.124,2.49025,1.35448,-0.0201443,0,0,0,0,94,99,0,0,0,0,0,traj_sz=100
23.1242,2.49025,1.35448,-0.0201443,2.5,1.35,0,0,94,99,0.00984218,0.00975391,-0.144826,0.0107339,0,23.1242
23.1439,2.49025,1.35448,-0.0201443,0,0,0,0,94,99,0,0,0,0,0,traj_sz=100
23.144,2.49025,1.35448,-0.0201443,2.5,1.35,0,0,94,99,0.00984218,0.00975391,-0.144826,0.0107339,0,23.144
23.164,2.49025,1.35448,-0.0201443,0,0,0,0,94,99,0,0,0,0,0,traj_sz=100
23.1641,2.49025,1.35448,-0.0201443,2.5,1.35,0,0,94,99,0.00984218,0.00975391,-0.144826,0.0107339,0,23.1641
23.1839,2.49025,1.35448,-0.0201443,0,0,0,0,94,99,0,0,0,0,0,traj_sz=100
23.184,2.49025,1.35448,-0.0201443,2.5,1.35,0,0,94,99,0.00984218,0.00975391,-0.144826,0.0107339,0,23.184
23.2039,2.49025,1.35448,-0.0201443,0,0,0,0,94,99,0,0,0,0,0,traj_sz=100
23.204,2.49025,1.35448,-0.0201443,2.5,1.35,0,0,94,99,0.00984218,0.00975391,-0.144826,0.0107339,0,23.204
23.224,2.49025,1.35448,-0.0201443,0,0,0,0,94,99,0,0,0,0,0,traj_sz=100
23.224,2.49025,1.35448,-0.0201443,2.5,1.35,0,0,94,99,0.00984218,0.00975391,-0.144826,0.0107339,0,23.224
23.2439,2.49025,1.35448,-0.0201443,0,0,0,0,94,99,0,0,0,0,0,traj_sz=100
23.244,2.49025,1.35448,-0.0201443,2.5,1.35,0,0,94,99,0.00984218,0.00975391,-0.144826,0.0107339,0,23.244
23.264,2.49025,1.35448,-0.0201443,0,0,0,0,94,99,0,0,0,0,0,traj_sz=100
23.2642,2.49025,1.35448,-0.0201443,2.5,1.35,0,0,94,99,0.00984218,0.00975391,-0.144826,0.0107339,0,23.2642
23.2839,2.49025,1.35448,-0.0201443,0,0,0,0,94,99,0,0,0,0,0,traj_sz=100
23.284,2.49025,1.35448,-0.0201443,2.5,1.35,0,0,94,99,0.00984218,0.00975391,-0.144826,0.0107339,0,23.284
23.304,2.49025,1.35448,-0.0201443,0,0,0,0,94,99,0,0,0,0,0,traj_sz=100
23.304,2.49025,1.35448,-0.0201443,2.5,1.35,0,0,94,99,0.00984218,0.00975391,-0.144826,0.0107339,0,23.304
23.324,2.49025,1.35448,-0.0201443,0,0,0,0,94,99,0,0,0,0,0,traj_sz=100
23.3242,2.49025,1.35448,-0.0201443,2.5,1.35,0,0,94,99,0.00984218,0.00975391,-0.144826,0.0107339,0,23.3242
23.344,2.49025,1.35448,-0.0201443,0,0,0,0,94,99,0,0,0,0,0,traj_sz=100
23.3441,2.49025,1.35448,-0.0201443,2.5,1.35,0,0,94,99,0.00984218,0.00975391,-0.144826,0.0107339,0,23.3441
23.364,2.49025,1.35448,-0.0201443,0,0,0,0,94,99,0,0,0,0,0,traj_sz=100
23.364,2.49025,1.35448,-0.0201443,2.5,1.35,0,0,94,99,0.00984218,0.00975391,-0.144826,0.0107339,0,23.364
23.3838,2.49025,1.35448,-0.0201443,0,0,0,0,94,99,0,0,0,0,0,traj_sz=100
23.3839,2.49025,1.35448,-0.0201443,2.5,1.35,0,0,94,99,0.00984218,0.00975391,-0.144826,0.0107339,0,23.3839
23.404,2.49025,1.35448,-0.0201443,0,0,0,0,94,99,0,0,0,0,0,traj_sz=100
23.4041,2.49025,1.35448,-0.0201443,2.5,1.35,0,0,94,99,0.00984218,0.00975391,-0.144826,0.0107339,0,23.4041
23.4239,2.49025,1.35448,-0.0201443,0,0,0,0,94,99,0,0,0,0,0,traj_sz=100
23.4241,2.49025,1.35448,-0.0201443,2.5,1.35,0,0,94,99,0.00984218,0.00975391,-0.144826,0.0107339,0,23.4241
23.4439,2.49025,1.35448,-0.0201443,0,0,0,0,94,99,0,0,0,0,0,traj_sz=100
23.444,2.49025,1.35448,-0.0201443,2.5,1.35,0,0,94,99,0.00984218,0.00975391,-0.144826,0.0107339,0,23.444
23.4639,2.49025,1.35448,-0.0201443,0,0,0,0,94,99,0,0,0,0,0,traj_sz=100
23.464,2.49025,1.35448,-0.0201443,2.5,1.35,0,0,94,99,0.00984218,0.00975391,-0.144826,0.0107339,0,23.464
23.484,2.49025,1.35448,-0.0201443,0,0,0,0,94,99,0,0,0,0,0,traj_sz=100
23.4841,2.49025,1.35448,-0.0201443,2.5,1.35,0,0,94,99,0.00984218,0.00975391,-0.144826,0.0107339,0,23.4841
23.5039,2.49025,1.35448,-0.0201443,0,0,0,0,94,99,0,0,0,0,0,traj_sz=100
23.504,2.49025,1.35448,-0.0201443,2.5,1.35,0,0,94,99,0.00984218,0.00975391,-0.144826,0.0107339,0,23.504
23.5238,2.49025,1.35448,-0.0201443,0,0,0,0,94,99,0,0,0,0,0,traj_sz=100
23.524,2.49025,1.35448,-0.0201443,2.5,1.35,0,0,94,99,0.00984218,0.00975391,-0.144826,0.0107339,0,23.524
23.5439,2.49025,1.35448,-0.0201443,0,0,0,0,94,99,0,0,0,0,0,traj_sz=100
23.5439,2.49025,1.35448,-0.0201443,2.5,1.35,0,0,94,99,0.00984218,0.00975391,-0.144826,0.0107339,0,23.5439
23.5639,2.49025,1.35448,-0.0201443,0,0,0,0,94,99,0,0,0,0,0,traj_sz=100
23.564,2.49025,1.35448,-0.0201443,2.5,1.35,0,0,94,99,0.00984218,0.00975391,-0.144826,0.0107339,0,23.564
23.5839,2.49025,1.35448,-0.0201443,0,0,0,0,94,99,0,0,0,0,0,traj_sz=100
23.5842,2.49025,1.35448,-0.0201443,2.5,1.35,0,0,94,99,0.00984218,0.00975391,-0.144826,0.0107339,0,23.5842
23.604,2.49025,1.35448,-0.0201443,0,0,0,0,94,99,0,0,0,0,0,traj_sz=100
23.6041,2.49025,1.35448,-0.0201443,2.5,1.35,0,0,94,99,0.00984218,0.00975391,-0.144826,0.0107339,0,23.6041
23.6238,2.49025,1.35448,-0.0201443,0,0,0,0,94,99,0,0,0,0,0,traj_sz=100
23.6239,2.49025,1.35448,-0.0201443,2.5,1.35,0,0,94,99,0.00984218,0.00975391,-0.144826,0.0107339,0,23.6239
23.6439,2.49025,1.35448,-0.0201443,0,0,0,0,94,99,0,0,0,0,0,traj_sz=100
23.644,2.49025,1.35448,-0.0201443,2.5,1.35,0,0,94,99,0.00984218,0.00975391,-0.144826,0.0107339,0,23.644
23.664,2.49025,1.35448,-0.0201443,0,0,0,0,94,99,0,0,0,0,0,traj_sz=100
23.6641,2.49025,1.35448,-0.0201443,2.5,1.35,0,0,94,99,0.00984218,0.00975391,-0.144826,0.0107339,0,23.6641
23.684,2.49025,1.35448,-0.0201443,0,0,0,0,94,99,0,0,0,0,0,traj_sz=100
23.6842,2.49025,1.35448,-0.0201443,2.5,1.35,0,0,94,99,0.00984218,0.00975391,-0.144826,0.0107339,0,23.6842
23.704,2.49025,1.35448,-0.0201443,0,0,0,0,94,99,0,0,0,0,0,traj_sz=100
23.704,2.49025,1.35448,-0.0201443,2.5,1.35,0,0,94,99,0.00984218,0.00975391,-0.144826,0.0107339,0,23.704
23.7239,2.49025,1.35448,-0.0201443,0,0,0,0,94,99,0,0,0,0,0,traj_sz=100
23.724,2.49025,1.35448,-0.0201443,2.5,1.35,0,0,94,99,0.00984218,0.00975391,-0.144826,0.0107339,0,23.724
23.744,2.49025,1.35448,-0.0201443,0,0,0,0,94,99,0,0,0,0,0,traj_sz=100
23.7442,2.49025,1.35448,-0.0201443,2.5,1.35,0,0,94,99,0.00984218,0.00975391,-0.144826,0.0107339,0,23.7442
23.764,2.49025,1.35448,-0.0201443,0,0,0,0,94,99,0,0,0,0,0,traj_sz=100
23.7641,2.49025,1.35448,-0.0201443,2.5,1.35,0,0,94,99,0.00984218,0.00975391,-0.144826,0.0107339,0,23.7641
23.784,2.49025,1.35448,-0.0201443,0,0,0,0,94,99,0,0,0,0,0,traj_sz=100
23.7841,2.49025,1.35448,-0.0201443,2.5,1.35,0,0,94,99,0.00984218,0.00975391,-0.144826,0.0107339,0,23.7841
23.8039,2.49025,1.35448,-0.0201443,0,0,0,0,94,99,0,0,0,0,0,traj_sz=100
23.804,2.49025,1.35448,-0.0201443,2.5,1.35,0,0,94,99,0.00984218,0.00975391,-0.144826,0.0107339,0,23.804
23.8239,2.49025,1.35448,-0.0201443,0,0,0,0,94,99,0,0,0,0,0,traj_sz=100
23.8241,2.49025,1.35448,-0.0201443,2.5,1.35,0,0,94,99,0.00984218,0.00975391,-0.144826,0.0107339,0,23.8241
23.8439,2.49025,1.35448,-0.0201443,0,0,0,0,94,99,0,0,0,0,0,traj_sz=100
23.8439,2.49025,1.35448,-0.0201443,2.5,1.35,0,0,94,99,0.00984218,0.00975391,-0.144826,0.0107339,0,23.8439
23.8639,2.49025,1.35448,-0.0201443,0,0,0,0,94,99,0,0,0,0,0,traj_sz=100
23.864,2.49025,1.35448,-0.0201443,2.5,1.35,0,0,94,99,0.00984218,0.00975391,-0.144826,0.0107339,0,23.864
23.8838,2.49025,1.35448,-0.0201443,0,0,0,0,94,99,0,0,0,0,0,traj_sz=100
23.8839,2.49025,1.35448,-0.0201443,2.5,1.35,0,0,94,99,0.00984218,0.00975391,-0.144826,0.0107339,0,23.8839
23.9038,2.49025,1.35448,-0.0201443,0,0,0,0,94,99,0,0,0,0,0,traj_sz=100
23.904,2.49025,1.35448,-0.0201443,2.5,1.35,0,0,94,99,0.00984218,0.00975391,-0.144826,0.0107339,0,23.904
23.9238,2.49025,1.35448,-0.0201443,0,0,0,0,94,99,0,0,0,0,0,traj_sz=100
23.9239,2.49025,1.35448,-0.0201443,2.5,1.35,0,0,94,99,0.00984218,0.00975391,-0.144826,0.0107339,0,23.9239
23.9438,2.49025,1.35448,-0.0201443,0,0,0,0,94,99,0,0,0,0,0,traj_sz=100
23.944,2.49025,1.35448,-0.0201443,2.5,1.35,0,0,94,99,0.00984218,0.00975391,-0.144826,0.0107339,0,23.944
23.9639,2.49025,1.35448,-0.0201443,0,0,0,0,94,99,0,0,0,0,0,traj_sz=100
23.964,2.49025,1.35448,-0.0201443,2.5,1.35,0,0,94,99,0.00984218,0.00975391,-0.144826,0.0107339,0,23.964
23.9839,2.49025,1.35448,-0.0201443,0,0,0,0,94,99,0,0,0,0,0,traj_sz=100
23.9841,2.49025,1.35448,-0.0201443,2.5,1.35,0,0,94,99,0.00984218,0.00975391,-0.144826,0.0107339,0,23.9841
24.0039,2.49025,1.35448,-0.0201443,0,0,0,0,94,99,0,0,0,0,0,traj_sz=100
24.0041,2.49025,1.35448,-0.0201443,2.5,1.35,0,0,94,99,0.00984218,0.00975391,-0.144826,0.0107339,0,24.0041
24.024,2.49025,1.35448,-0.0201443,0,0,0,0,94,99,0,0,0,0,0,traj_sz=100
24.0241,2.49025,1.35448,-0.0201443,2.5,1.35,0,0,94,99,0.00984218,0.00975391,-0.144826,0.0107339,0,24.0241
24.0439,2.49025,1.35448,-0.0201443,0,0,0,0,94,99,0,0,0,0,0,traj_sz=100
24.044,2.49025,1.35448,-0.0201443,2.5,1.35,0,0,94,99,0.00984218,0.00975391,-0.144826,0.0107339,0,24.044
24.0641,2.49025,1.35448,-0.0201443,0,0,0,0,94,99,0,0,0,0,0,traj_sz=100
24.0642,2.49025,1.35448,-0.0201443,2.5,1.35,0,0,94,99,0.00984218,0.00975391,-0.144826,0.0107339,0,24.0642
24.084,2.49025,1.35448,-0.0201443,0,0,0,0,94,99,0,0,0,0,0,traj_sz=100
24.0841,2.49025,1.35448,-0.0201443,2.5,1.35,0,0,94,99,0.00984218,0.00975391,-0.144826,0.0107339,0,24.0841
24.1039,2.49025,1.35448,-0.0201443,0,0,0,0,94,99,0,0,0,0,0,traj_sz=100
24.104,2.49025,1.35448,-0.0201443,2.5,1.35,0,0,94,99,0.00984218,0.00975391,-0.144826,0.0107339,0,24.104
24.124,2.49025,1.35448,-0.0201443,0,0,0,0,94,99,0,0,0,0,0,traj_sz=100
24.1241,2.49025,1.35448,-0.0201443,2.5,1.35,0,0,94,99,0.00984218,0.00975391,-0.144826,0.0107339,0,24.1241
24.1439,2.49025,1.35448,-0.0201443,0,0,0,0,94,99,0,0,0,0,0,traj_sz=100
24.144,2.49025,1.35448,-0.0201443,2.5,1.35,0,0,94,99,0.00984218,0.00975391,-0.144826,0.0107339,0,24.144
24.1639,2.49025,1.35448,-0.0201443,0,0,0,0,94,99,0,0,0,0,0,traj_sz=100
24.1641,2.49025,1.35448,-0.0201443,2.5,1.35,0,0,94,99,0.00984218,0.00975391,-0.144826,0.0107339,0,24.1641
24.1839,2.49025,1.35448,-0.0201443,0,0,0,0,94,99,0,0,0,0,0,traj_sz=100
24.184,2.49025,1.35448,-0.0201443,2.5,1.35,0,0,94,99,0.00984218,0.00975391,-0.144826,0.0107339,0,24.184
24.2039,2.49025,1.35448,-0.0201443,0,0,0,0,94,99,0,0,0,0,0,traj_sz=100
24.204,2.49025,1.35448,-0.0201443,2.5,1.35,0,0,94,99,0.00984218,0.00975391,-0.144826,0.0107339,0,24.204
24.2239,2.49025,1.35448,-0.0201443,0,0,0,0,94,99,0,0,0,0,0,traj_sz=100
24.2242,2.49025,1.35448,-0.0201443,2.5,1.35,0,0,94,99,0.00984218,0.00975391,-0.144826,0.0107339,0,24.2242
24.2438,2.49025,1.35448,-0.0201443,0,0,0,0,94,99,0,0,0,0,0,traj_sz=100
24.2441,2.49025,1.35448,-0.0201443,2.5,1.35,0,0,94,99,0.00984218,0.00975391,-0.144826,0.0107339,0,24.2441
24.2639,2.49025,1.35448,-0.0201443,0,0,0,0,94,99,0,0,0,0,0,traj_sz=100
24.264,2.49025,1.35448,-0.0201443,2.5,1.35,0,0,94,99,0.00984218,0.00975391,-0.144826,0.0107339,0,24.264
24.2839,2.49025,1.35448,-0.0201443,0,0,0,0,94,99,0,0,0,0,0,traj_sz=100
24.284,2.49025,1.35448,-0.0201443,2.5,1.35,0,0,94,99,0.00984218,0.00975391,-0.144826,0.0107339,0,24.284
24.3041,2.49025,1.35448,-0.0201443,0,0,0,0,94,99,0,0,0,0,0,traj_sz=100
24.3042,2.49025,1.35448,-0.0201443,2.5,1.35,0,0,94,99,0.00984218,0.00975391,-0.144826,0.0107339,0,24.3042
24.324,2.49025,1.35448,-0.0201443,0,0,0,0,94,99,0,0,0,0,0,traj_sz=100
24.3242,2.49025,1.35448,-0.0201443,2.5,1.35,0,0,94,99,0.00984218,0.00975391,-0.144826,0.0107339,0,24.3242
24.3439,2.49025,1.35448,-0.0201443,0,0,0,0,94,99,0,0,0,0,0,traj_sz=100
24.344,2.49025,1.35448,-0.0201443,2.5,1.35,0,0,94,99,0.00984218,0.00975391,-0.144826,0.0107339,0,24.344
24.3639,2.49025,1.35448,-0.0201443,0,0,0,0,94,99,0,0,0,0,0,traj_sz=100
24.3641,2.49025,1.35448,-0.0201443,2.5,1.35,0,0,94,99,0.00984218,0.00975391,-0.144826,0.0107339,0,24.3641
24.384,2.49025,1.35448,-0.0201443,0,0,0,0,94,99,0,0,0,0,0,traj_sz=100
24.3841,2.49025,1.35448,-0.0201443,2.5,1.35,0,0,94,99,0.00984218,0.00975391,-0.144826,0.0107339,0,24.3841
24.404,2.49025,1.35448,-0.0201443,0,0,0,0,94,99,0,0,0,0,0,traj_sz=100
24.4041,2.49025,1.35448,-0.0201443,2.5,1.35,0,0,94,99,0.00984218,0.00975391,-0.144826,0.0107339,0,24.4041
24.4239,2.49025,1.35448,-0.0201443,0,0,0,0,94,99,0,0,0,0,0,traj_sz=100
24.4239,2.49025,1.35448,-0.0201443,2.5,1.35,0,0,94,99,0.00984218,0.00975391,-0.144826,0.0107339,0,24.4239
24.444,2.49025,1.35448,-0.0201443,0,0,0,0,94,99,0,0,0,0,0,traj_sz=100
24.4441,2.49025,1.35448,-0.0201443,2.5,1.35,0,0,94,99,0.00984218,0.00975391,-0.144826,0.0107339,0,24.4441
24.4641,2.49025,1.35448,-0.0201443,0,0,0,0,94,99,0,0,0,0,0,traj_sz=100
24.4642,2.49025,1.35448,-0.0201443,2.5,1.35,0,0,94,99,0.00984218,0.00975391,-0.144826,0.0107339,0,24.4642
24.4839,2.49025,1.35448,-0.0201443,0,0,0,0,94,99,0,0,0,0,0,traj_sz=100
24.484,2.49025,1.35448,-0.0201443,2.5,1.35,0,0,94,99,0.00984218,0.00975391,-0.144826,0.0107339,0,24.484
24.5039,2.49025,1.35448,-0.0201443,0,0,0,0,94,99,0,0,0,0,0,traj_sz=100
24.5039,2.49025,1.35448,-0.0201443,2.5,1.35,0,0,94,99,0.00984218,0.00975391,-0.144826,0.0107339,0,24.5039
24.5238,2.49025,1.35448,-0.0201443,0,0,0,0,94,99,0,0,0,0,0,traj_sz=100
24.524,2.49025,1.35448,-0.0201443,2.5,1.35,0,0,94,99,0.00984218,0.00975391,-0.144826,0.0107339,0,24.524
24.544,2.49025,1.35448,-0.0201443,0,0,0,0,94,99,0,0,0,0,0,traj_sz=100
24.5442,2.49025,1.35448,-0.0201443,2.5,1.35,0,0,94,99,0.00984218,0.00975391,-0.144826,0.0107339,0,24.5442
24.564,2.49025,1.35448,-0.0201443,0,0,0,0,94,99,0,0,0,0,0,traj_sz=100
24.5641,2.49025,1.35448,-0.0201443,2.5,1.35,0,0,94,99,0.00984218,0.00975391,-0.144826,0.0107339,0,24.5641
24.5839,2.49025,1.35448,-0.0201443,0,0,0,0,94,99,0,0,0,0,0,traj_sz=100
24.584,2.49025,1.35448,-0.0201443,2.5,1.35,0,0,94,99,0.00984218,0.00975391,-0.144826,0.0107339,0,24.584
24.6039,2.49025,1.35448,-0.0201443,0,0,0,0,94,99,0,0,0,0,0,traj_sz=100
24.604,2.49025,1.35448,-0.0201443,2.5,1.35,0,0,94,99,0.00984218,0.00975391,-0.144826,0.0107339,0,24.604
24.6239,2.49025,1.35448,-0.0201443,0,0,0,0,94,99,0,0,0,0,0,traj_sz=100
24.6241,2.49025,1.35448,-0.0201443,2.5,1.35,0,0,94,99,0.00984218,0.00975391,-0.144826,0.0107339,0,24.6241
24.6439,2.49025,1.35448,-0.0201443,0,0,0,0,94,99,0,0,0,0,0,traj_sz=100
24.644,2.49025,1.35448,-0.0201443,2.5,1.35,0,0,94,99,0.00984218,0.00975391,-0.144826,0.0107339,0,24.644
24.6638,2.49025,1.35448,-0.0201443,0,0,0,0,94,99,0,0,0,0,0,traj_sz=100
24.6639,2.49025,1.35448,-0.0201443,2.5,1.35,0,0,94,99,0.00984218,0.00975391,-0.144826,0.0107339,0,24.6639
24.6839,2.49025,1.35448,-0.0201443,0,0,0,0,94,99,0,0,0,0,0,traj_sz=100
24.6841,2.49025,1.35448,-0.0201443,2.5,1.35,0,0,94,99,0.00984218,0.00975391,-0.144826,0.0107339,0,24.6841
24.7039,2.49025,1.35448,-0.0201443,0,0,0,0,94,99,0,0,0,0,0,traj_sz=100
24.704,2.49025,1.35448,-0.0201443,2.5,1.35,0,0,94,99,0.00984218,0.00975391,-0.144826,0.0107339,0,24.704
24.724,2.49025,1.35448,-0.0201443,0,0,0,0,94,99,0,0,0,0,0,traj_sz=100
24.724,2.49025,1.35448,-0.0201443,2.5,1.35,0,0,94,99,0.00984218,0.00975391,-0.144826,0.0107339,0,24.724
24.744,2.49025,1.35448,-0.0201443,0,0,0,0,94,99,0,0,0,0,0,traj_sz=100
24.7441,2.49025,1.35448,-0.0201443,2.5,1.35,0,0,94,99,0.00984218,0.00975391,-0.144826,0.0107339,0,24.7441
24.7641,2.49025,1.35448,-0.0201443,0,0,0,0,94,99,0,0,0,0,0,traj_sz=100
24.7642,2.49025,1.35448,-0.0201443,2.5,1.35,0,0,94,99,0.00984218,0.00975391,-0.144826,0.0107339,0,24.7642
24.784,2.49025,1.35448,-0.0201443,0,0,0,0,94,99,0,0,0,0,0,traj_sz=100
24.7841,2.49025,1.35448,-0.0201443,2.5,1.35,0,0,94,99,0.00984218,0.00975391,-0.144826,0.0107339,0,24.7841
24.8039,2.49025,1.35448,-0.0201443,0,0,0,0,94,99,0,0,0,0,0,traj_sz=100
24.8041,2.49025,1.35448,-0.0201443,2.5,1.35,0,0,94,99,0.00984218,0.00975391,-0.144826,0.0107339,0,24.8041
24.8239,2.49025,1.35448,-0.0201443,0,0,0,0,94,99,0,0,0,0,0,traj_sz=100
24.824,2.49025,1.35448,-0.0201443,2.5,1.35,0,0,94,99,0.00984218,0.00975391,-0.144826,0.0107339,0,24.824
24.844,2.49025,1.35448,-0.0201443,0,0,0,0,94,99,0,0,0,0,0,traj_sz=100
24.8441,2.49025,1.35448,-0.0201443,2.5,1.35,0,0,94,99,0.00984218,0.00975391,-0.144826,0.0107339,0,24.8441
24.864,2.49025,1.35448,-0.0201443,0,0,0,0,94,99,0,0,0,0,0,traj_sz=100
24.8642,2.49025,1.35448,-0.0201443,2.5,1.35,0,0,94,99,0.00984218,0.00975391,-0.144826,0.0107339,0,24.8642
24.8838,2.49025,1.35448,-0.0201443,0,0,0,0,94,99,0,0,0,0,0,traj_sz=100
24.8839,2.49025,1.35448,-0.0201443,2.5,1.35,0,0,94,99,0.00984218,0.00975391,-0.144826,0.0107339,0,24.8839
24.9039,2.49025,1.35448,-0.0201443,0,0,0,0,94,99,0,0,0,0,0,traj_sz=100
24.904,2.49025,1.35448,-0.0201443,2.5,1.35,0,0,94,99,0.00984218,0.00975391,-0.144826,0.0107339,0,24.904
24.9239,2.49025,1.35448,-0.0201443,0,0,0,0,94,99,0,0,0,0,0,traj_sz=100
24.924,2.49025,1.35448,-0.0201443,2.5,1.35,0,0,94,99,0.00984218,0.00975391,-0.144826,0.0107339,0,24.924
24.9439,2.49025,1.35448,-0.0201443,0,0,0,0,94,99,0,0,0,0,0,traj_sz=100
24.9441,2.49025,1.35448,-0.0201443,2.5,1.35,0,0,94,99,0.00984218,0.00975391,-0.144826,0.0107339,0,24.9441
24.9639,2.49025,1.35448,-0.0201443,0,0,0,0,94,99,0,0,0,0,0,traj_sz=100
24.9641,2.49025,1.35448,-0.0201443,2.5,1.35,0,0,94,99,0.00984218,0.00975391,-0.144826,0.0107339,0,24.9641
24.9838,2.49025,1.35448,-0.0201443,0,0,0,0,94,99,0,0,0,0,0,traj_sz=100
24.9839,2.49025,1.35448,-0.0201443,2.5,1.35,0,0,94,99,0.00984218,0.00975391,-0.144826,0.0107339,0,24.9839
25.0039,2.49025,1.35448,-0.0201443,0,0,0,0,94,99,0,0,0,0,0,traj_sz=100
25.004,2.49025,1.35448,-0.0201443,2.5,1.35,0,0,94,99,0.00984218,0.00975391,-0.144826,0.0107339,0,25.004
25.0242,2.49025,1.35448,-0.0201443,0,0,0,0,94,99,0,0,0,0,0,traj_sz=100
25.0244,2.49025,1.35448,-0.0201443,2.5,1.35,0,0,94,99,0.00984218,0.00975391,-0.144826,0.0107339,0,25.0244
25.0438,2.49025,1.35448,-0.0201443,0,0,0,0,94,99,0,0,0,0,0,traj_sz=100
25.0439,2.49025,1.35448,-0.0201443,2.5,1.35,0,0,94,99,0.00984218,0.00975391,-0.144826,0.0107339,0,25.0439
25.0639,2.49025,1.35448,-0.0201443,0,0,0,0,94,99,0,0,0,0,0,traj_sz=100
25.064,2.49025,1.35448,-0.0201443,2.5,1.35,0,0,94,99,0.00984218,0.00975391,-0.144826,0.0107339,0,25.064
25.0839,2.49025,1.35448,-0.0201443,0,0,0,0,94,99,0,0,0,0,0,traj_sz=100
25.084,2.49025,1.35448,-0.0201443,2.5,1.35,0,0,94,99,0.00984218,0.00975391,-0.144826,0.0107339,0,25.084
25.1038,2.49025,1.35448,-0.0201443,0,0,0,0,94,99,0,0,0,0,0,traj_sz=100
25.1039,2.49025,1.35448,-0.0201443,2.5,1.35,0,0,94,99,0.00984218,0.00975391,-0.144826,0.0107339,0,25.1039
25.1238,2.49025,1.35448,-0.0201443,0,0,0,0,94,99,0,0,0,0,0,traj_sz=100
25.124,2.49025,1.35448,-0.0201443,2.5,1.35,0,0,94,99,0.00984218,0.00975391,-0.144826,0.0107339,0,25.124
25.1438,2.49025,1.35448,-0.0201443,0,0,0,0,94,99,0,0,0,0,0,traj_sz=100
25.1439,2.49025,1.35448,-0.0201443,2.5,1.35,0,0,94,99,0.00984218,0.00975391,-0.144826,0.0107339,0,25.1439
25.1638,2.49025,1.35448,-0.0201443,0,0,0,0,94,99,0,0,0,0,0,traj_sz=100
25.1639,2.49025,1.35448,-0.0201443,2.5,1.35,0,0,94,99,0.00984218,0.00975391,-0.144826,0.0107339,0,25.1639
25.1839,2.49025,1.35448,-0.0201443,0,0,0,0,94,99,0,0,0,0,0,traj_sz=100
25.1842,2.49025,1.35448,-0.0201443,2.5,1.35,0,0,94,99,0.00984218,0.00975391,-0.144826,0.0107339,0,25.1842
25.2039,2.49025,1.35448,-0.0201443,0,0,0,0,94,99,0,0,0,0,0,traj_sz=100
25.204,2.49025,1.35448,-0.0201443,2.5,1.35,0,0,94,99,0.00984218,0.00975391,-0.144826,0.0107339,0,25.204
25.2239,2.49025,1.35448,-0.0201443,0,0,0,0,94,99,0,0,0,0,0,traj_sz=100
25.224,2.49025,1.35448,-0.0201443,2.5,1.35,0,0,94,99,0.00984218,0.00975391,-0.144826,0.0107339,0,25.224
25.2439,2.49025,1.35448,-0.0201443,0,0,0,0,94,99,0,0,0,0,0,traj_sz=100
25.2441,2.49025,1.35448,-0.0201443,2.5,1.35,0,0,94,99,0.00984218,0.00975391,-0.144826,0.0107339,0,25.2441
25.2639,2.49025,1.35448,-0.0201443,0,0,0,0,94,99,0,0,0,0,0,traj_sz=100
25.264,2.49025,1.35448,-0.0201443,2.5,1.35,0,0,94,99,0.00984218,0.00975391,-0.144826,0.0107339,0,25.264
25.2839,2.49025,1.35448,-0.0201443,0,0,0,0,94,99,0,0,0,0,0,traj_sz=100
25.284,2.49025,1.35448,-0.0201443,2.5,1.35,0,0,94,99,0.00984218,0.00975391,-0.144826,0.0107339,0,25.284
25.3038,2.49025,1.35448,-0.0201443,0,0,0,0,94,99,0,0,0,0,0,traj_sz=100
25.3039,2.49025,1.35448,-0.0201443,2.5,1.35,0,0,94,99,0.00984218,0.00975391,-0.144826,0.0107339,0,25.3039
25.3238,2.49025,1.35448,-0.0201443,0,0,0,0,94,99,0,0,0,0,0,traj_sz=100
25.3239,2.49025,1.35448,-0.0201443,2.5,1.35,0,0,94,99,0.00984218,0.00975391,-0.144826,0.0107339,0,25.3239
25.3441,2.49025,1.35448,-0.0201443,0,0,0,0,94,99,0,0,0,0,0,traj_sz=100
25.3443,2.49025,1.35448,-0.0201443,2.5,1.35,0,0,94,99,0.00984218,0.00975391,-0.144826,0.0107339,0,25.3443
25.3638,2.49025,1.35448,-0.0201443,0,0,0,0,94,99,0,0,0,0,0,traj_sz=100
25.3639,2.49025,1.35448,-0.0201443,2.5,1.35,0,0,94,99,0.00984218,0.00975391,-0.144826,0.0107339,0,25.3639
25.3839,2.49025,1.35448,-0.0201443,0,0,0,0,94,99,0,0,0,0,0,traj_sz=100
25.384,2.49025,1.35448,-0.0201443,2.5,1.35,0,0,94,99,0.00984218,0.00975391,-0.144826,0.0107339,0,25.384
25.4039,2.49025,1.35448,-0.0201443,0,0,0,0,94,99,0,0,0,0,0,traj_sz=100
25.404,2.49025,1.35448,-0.0201443,2.5,1.35,0,0,94,99,0.00984218,0.00975391,-0.144826,0.0107339,0,25.404
25.4239,2.49025,1.35448,-0.0201443,0,0,0,0,94,99,0,0,0,0,0,traj_sz=100
25.424,2.49025,1.35448,-0.0201443,2.5,1.35,0,0,94,99,0.00984218,0.00975391,-0.144826,0.0107339,0,25.424
25.4439,2.49025,1.35448,-0.0201443,0,0,0,0,94,99,0,0,0,0,0,traj_sz=100
25.444,2.49025,1.35448,-0.0201443,2.5,1.35,0,0,94,99,0.00984218,0.00975391,-0.144826,0.0107339,0,25.444
25.4638,2.49025,1.35448,-0.0201443,0,0,0,0,94,99,0,0,0,0,0,traj_sz=100
25.4639,2.49025,1.35448,-0.0201443,2.5,1.35,0,0,94,99,0.00984218,0.00975391,-0.144826,0.0107339,0,25.4639
25.4839,2.49025,1.35448,-0.0201443,0,0,0,0,94,99,0,0,0,0,0,traj_sz=100
25.484,2.49025,1.35448,-0.0201443,2.5,1.35,0,0,94,99,0.00984218,0.00975391,-0.144826,0.0107339,0,25.484
25.5038,2.49025,1.35448,-0.0201443,0,0,0,0,94,99,0,0,0,0,0,traj_sz=100
25.504,2.49025,1.35448,-0.0201443,2.5,1.35,0,0,94,99,0.00984218,0.00975391,-0.144826,0.0107339,0,25.504
25.5239,2.49025,1.35448,-0.0201443,0,0,0,0,94,99,0,0,0,0,0,traj_sz=100
25.524,2.49025,1.35448,-0.0201443,2.5,1.35,0,0,94,99,0.00984218,0.00975391,-0.144826,0.0107339,0,25.524
25.5439,2.49025,1.35448,-0.0201443,0,0,0,0,94,99,0,0,0,0,0,traj_sz=100
25.544,2.49025,1.35448,-0.0201443,2.5,1.35,0,0,94,99,0.00984218,0.00975391,-0.144826,0.0107339,0,25.544
25.5639,2.49025,1.35448,-0.0201443,0,0,0,0,94,99,0,0,0,0,0,traj_sz=100
25.564,2.49025,1.35448,-0.0201443,2.5,1.35,0,0,94,99,0.00984218,0.00975391,-0.144826,0.0107339,0,25.564
25.5838,2.49025,1.35448,-0.0201443,0,0,0,0,94,99,0,0,0,0,0,traj_sz=100
25.5839,2.49025,1.35448,-0.0201443,2.5,1.35,0,0,94,99,0.00984218,0.00975391,-0.144826,0.0107339,0,25.5839
25.6039,2.49025,1.35448,-0.0201443,0,0,0,0,94,99,0,0,0,0,0,traj_sz=100
25.604,2.49025,1.35448,-0.0201443,2.5,1.35,0,0,94,99,0.00984218,0.00975391,-0.144826,0.0107339,0,25.604
25.6238,2.49025,1.35448,-0.0201443,0,0,0,0,94,99,0,0,0,0,0,traj_sz=100
25.6239,2.49025,1.35448,-0.0201443,2.5,1.35,0,0,94,99,0.00984218,0.00975391,-0.144826,0.0107339,0,25.6239
25.6438,2.49025,1.35448,-0.0201443,0,0,0,0,94,99,0,0,0,0,0,traj_sz=100
25.6439,2.49025,1.35448,-0.0201443,2.5,1.35,0,0,94,99,0.00984218,0.00975391,-0.144826,0.0107339,0,25.6439
25.6638,2.49025,1.35448,-0.0201443,0,0,0,0,94,99,0,0,0,0,0,traj_sz=100
25.6639,2.49025,1.35448,-0.0201443,2.5,1.35,0,0,94,99,0.00984218,0.00975391,-0.144826,0.0107339,0,25.6639
25.6839,2.49025,1.35448,-0.0201443,0,0,0,0,94,99,0,0,0,0,0,traj_sz=100
25.684,2.49025,1.35448,-0.0201443,2.5,1.35,0,0,94,99,0.00984218,0.00975391,-0.144826,0.0107339,0,25.684
25.7039,2.49025,1.35448,-0.0201443,0,0,0,0,94,99,0,0,0,0,0,traj_sz=100
25.704,2.49025,1.35448,-0.0201443,2.5,1.35,0,0,94,99,0.00984218,0.00975391,-0.144826,0.0107339,0,25.704
25.7241,2.49025,1.35448,-0.0201443,0,0,0,0,94,99,0,0,0,0,0,traj_sz=100
25.7242,2.49025,1.35448,-0.0201443,2.5,1.35,0,0,94,99,0.00984218,0.00975391,-0.144826,0.0107339,0,25.7242
25.7439,2.49025,1.35448,-0.0201443,0,0,0,0,94,99,0,0,0,0,0,traj_sz=100
25.744,2.49025,1.35448,-0.0201443,2.5,1.35,0,0,94,99,0.00984218,0.00975391,-0.144826,0.0107339,0,25.744
25.7638,2.49025,1.35448,-0.0201443,0,0,0,0,94,99,0,0,0,0,0,traj_sz=100
25.7639,2.49025,1.35448,-0.0201443,2.5,1.35,0,0,94,99,0.00984218,0.00975391,-0.144826,0.0107339,0,25.7639
25.7839,2.49025,1.35448,-0.0201443,0,0,0,0,94,99,0,0,0,0,0,traj_sz=100
25.784,2.49025,1.35448,-0.0201443,2.5,1.35,0,0,94,99,0.00984218,0.00975391,-0.144826,0.0107339,0,25.784
25.8039,2.49025,1.35448,-0.0201443,0,0,0,0,94,99,0,0,0,0,0,traj_sz=100
25.804,2.49025,1.35448,-0.0201443,2.5,1.35,0,0,94,99,0.00984218,0.00975391,-0.144826,0.0107339,0,25.804
25.8238,2.49025,1.35448,-0.0201443,0,0,0,0,94,99,0,0,0,0,0,traj_sz=100
25.824,2.49025,1.35448,-0.0201443,2.5,1.35,0,0,94,99,0.00984218,0.00975391,-0.144826,0.0107339,0,25.824
25.8439,2.49025,1.35448,-0.0201443,0,0,0,0,94,99,0,0,0,0,0,traj_sz=100
25.844,2.49025,1.35448,-0.0201443,2.5,1.35,0,0,94,99,0.00984218,0.00975391,-0.144826,0.0107339,0,25.844
25.8639,2.49025,1.35448,-0.0201443,0,0,0,0,94,99,0,0,0,0,0,traj_sz=100
25.864,2.49025,1.35448,-0.0201443,2.5,1.35,0,0,94,99,0.00984218,0.00975391,-0.144826,0.0107339,0,25.864
25.8839,2.49025,1.35448,-0.0201443,0,0,0,0,94,99,0,0,0,0,0,traj_sz=100
25.884,2.49025,1.35448,-0.0201443,2.5,1.35,0,0,94,99,0.00984218,0.00975391,-0.144826,0.0107339,0,25.884
25.9039,2.49025,1.35448,-0.0201443,0,0,0,0,94,99,0,0,0,0,0,traj_sz=100
25.9039,2.49025,1.35448,-0.0201443,2.5,1.35,0,0,94,99,0.00984218,0.00975391,-0.144826,0.0107339,0,25.9039
25.9239,2.49025,1.35448,-0.0201443,0,0,0,0,94,99,0,0,0,0,0,traj_sz=100
25.924,2.49025,1.35448,-0.0201443,2.5,1.35,0,0,94,99,0.00984218,0.00975391,-0.144826,0.0107339,0,25.924
25.9439,2.49025,1.35448,-0.0201443,0,0,0,0,94,99,0,0,0,0,0,traj_sz=100
25.944,2.49025,1.35448,-0.0201443,2.5,1.35,0,0,94,99,0.00984218,0.00975391,-0.144826,0.0107339,0,25.944
25.9638,2.49025,1.35448,-0.0201443,0,0,0,0,94,99,0,0,0,0,0,traj_sz=100
25.9639,2.49025,1.35448,-0.0201443,2.5,1.35,0,0,94,99,0.00984218,0.00975391,-0.144826,0.0107339,0,25.9639
25.9838,2.49025,1.35448,-0.0201443,0,0,0,0,94,99,0,0,0,0,0,traj_sz=100
25.9839,2.49025,1.35448,-0.0201443,2.5,1.35,0,0,94,99,0.00984218,0.00975391,-0.144826,0.0107339,0,25.9839
26.0038,2.49025,1.35448,-0.0201443,0,0,0,0,94,99,0,0,0,0,0,traj_sz=100
26.0039,2.49025,1.35448,-0.0201443,2.5,1.35,0,0,94,99,0.00984218,0.00975391,-0.144826,0.0107339,0,26.0039
26.0239,2.49025,1.35448,-0.0201443,0,0,0,0,94,99,0,0,0,0,0,traj_sz=100
26.024,2.49025,1.35448,-0.0201443,2.5,1.35,0,0,94,99,0.00984218,0.00975391,-0.144826,0.0107339,0,26.024
26.0439,2.49025,1.35448,-0.0201443,0,0,0,0,94,99,0,0,0,0,0,traj_sz=100
26.044,2.49025,1.35448,-0.0201443,2.5,1.35,0,0,94,99,0.00984218,0.00975391,-0.144826,0.0107339,0,26.044
26.0638,2.49025,1.35448,-0.0201443,0,0,0,0,94,99,0,0,0,0,0,traj_sz=100
26.0639,2.49025,1.35448,-0.0201443,2.5,1.35,0,0,94,99,0.00984218,0.00975391,-0.144826,0.0107339,0,26.0639
26.0839,2.49025,1.35448,-0.0201443,0,0,0,0,94,99,0,0,0,0,0,traj_sz=100
26.084,2.49025,1.35448,-0.0201443,2.5,1.35,0,0,94,99,0.00984218,0.00975391,-0.144826,0.0107339,0,26.084
26.1039,2.49025,1.35448,-0.0201443,0,0,0,0,94,99,0,0,0,0,0,traj_sz=100
26.104,2.49025,1.35448,-0.0201443,2.5,1.35,0,0,94,99,0.00984218,0.00975391,-0.144826,0.0107339,0,26.104
26.1239,2.49025,1.35448,-0.0201443,0,0,0,0,94,99,0,0,0,0,0,traj_sz=100
26.1239,2.49025,1.35448,-0.0201443,2.5,1.35,0,0,94,99,0.00984218,0.00975391,-0.144826,0.0107339,0,26.1239
26.1438,2.49025,1.35448,-0.0201443,0,0,0,0,94,99,0,0,0,0,0,traj_sz=100
26.1443,2.49025,1.35448,-0.0201443,2.5,1.35,0,0,94,99,0.00984218,0.00975391,-0.144826,0.0107339,0,26.1443
26.1639,2.49025,1.35448,-0.0201443,0,0,0,0,94,99,0,0,0,0,0,traj_sz=100
26.164,2.49025,1.35448,-0.0201443,2.5,1.35,0,0,94,99,0.00984218,0.00975391,-0.144826,0.0107339,0,26.164
26.184,2.49025,1.35448,-0.0201443,0,0,0,0,94,99,0,0,0,0,0,traj_sz=100
26.1841,2.49025,1.35448,-0.0201443,2.5,1.35,0,0,94,99,0.00984218,0.00975391,-0.144826,0.0107339,0,26.1841
26.2039,2.49025,1.35448,-0.0201443,0,0,0,0,94,99,0,0,0,0,0,traj_sz=100
26.204,2.49025,1.35448,-0.0201443,2.5,1.35,0,0,94,99,0.00984218,0.00975391,-0.144826,0.0107339,0,26.204
26.2238,2.49025,1.35448,-0.0201443,0,0,0,0,94,99,0,0,0,0,0,traj_sz=100
26.2239,2.49025,1.35448,-0.0201443,2.5,1.35,0,0,94,99,0.00984218,0.00975391,-0.144826,0.0107339,0,26.2239
26.244,2.49025,1.35448,-0.0201443,0,0,0,0,94,99,0,0,0,0,0,traj_sz=100
26.2445,2.49025,1.35448,-0.0201443,2.5,1.35,0,0,94,99,0.00984218,0.00975391,-0.144826,0.0107339,0,26.2445
26.2639,2.49025,1.35448,-0.0201443,0,0,0,0,94,99,0,0,0,0,0,traj_sz=100
26.264,2.49025,1.35448,-0.0201443,2.5,1.35,0,0,94,99,0.00984218,0.00975391,-0.144826,0.0107339,0,26.264
26.2838,2.49025,1.35448,-0.0201443,0,0,0,0,94,99,0,0,0,0,0,traj_sz=100
26.2839,2.49025,1.35448,-0.0201443,2.5,1.35,0,0,94,99,0.00984218,0.00975391,-0.144826,0.0107339,0,26.2839
26.3039,2.49025,1.35448,-0.0201443,0,0,0,0,94,99,0,0,0,0,0,traj_sz=100
26.3041,2.49025,1.35448,-0.0201443,2.5,1.35,0,0,94,99,0.00984218,0.00975391,-0.144826,0.0107339,0,26.3041
26.3239,2.49025,1.35448,-0.0201443,0,0,0,0,94,99,0,0,0,0,0,traj_sz=100
26.3239,2.49025,1.35448,-0.0201443,2.5,1.35,0,0,94,99,0.00984218,0.00975391,-0.144826,0.0107339,0,26.3239
26.344,2.49025,1.35448,-0.0201443,0,0,0,0,94,99,0,0,0,0,0,traj_sz=100
26.3441,2.49025,1.35448,-0.0201443,2.5,1.35,0,0,94,99,0.00984218,0.00975391,-0.144826,0.0107339,0,26.3441
26.3638,2.49025,1.35448,-0.0201443,0,0,0,0,94,99,0,0,0,0,0,traj_sz=100
26.3639,2.49025,1.35448,-0.0201443,2.5,1.35,0,0,94,99,0.00984218,0.00975391,-0.144826,0.0107339,0,26.3639
26.3839,2.49025,1.35448,-0.0201443,0,0,0,0,94,99,0,0,0,0,0,traj_sz=100
26.3841,2.49025,1.35448,-0.0201443,2.5,1.35,0,0,94,99,0.00984218,0.00975391,-0.144826,0.0107339,0,26.3841
26.4039,2.49025,1.35448,-0.0201443,0,0,0,0,94,99,0,0,0,0,0,traj_sz=100
26.404,2.49025,1.35448,-0.0201443,2.5,1.35,0,0,94,99,0.00984218,0.00975391,-0.144826,0.0107339,0,26.404
26.4238,2.49025,1.35448,-0.0201443,0,0,0,0,94,99,0,0,0,0,0,traj_sz=100
26.4239,2.49025,1.35448,-0.0201443,2.5,1.35,0,0,94,99,0.00984218,0.00975391,-0.144826,0.0107339,0,26.4239
26.4439,2.49025,1.35448,-0.0201443,0,0,0,0,94,99,0,0,0,0,0,traj_sz=100
26.4439,2.49025,1.35448,-0.0201443,2.5,1.35,0,0,94,99,0.00984218,0.00975391,-0.144826,0.0107339,0,26.4439
26.4639,2.49025,1.35448,-0.0201443,0,0,0,0,94,99,0,0,0,0,0,traj_sz=100
26.4641,2.49025,1.35448,-0.0201443,2.5,1.35,0,0,94,99,0.00984218,0.00975391,-0.144826,0.0107339,0,26.4641
26.4839,2.49025,1.35448,-0.0201443,0,0,0,0,94,99,0,0,0,0,0,traj_sz=100
26.484,2.49025,1.35448,-0.0201443,2.5,1.35,0,0,94,99,0.00984218,0.00975391,-0.144826,0.0107339,0,26.484
26.5038,2.49025,1.35448,-0.0201443,0,0,0,0,94,99,0,0,0,0,0,traj_sz=100
26.5039,2.49025,1.35448,-0.0201443,2.5,1.35,0,0,94,99,0.00984218,0.00975391,-0.144826,0.0107339,0,26.5039
26.5242,2.49025,1.35448,-0.0201443,0,0,0,0,94,99,0,0,0,0,0,traj_sz=100
26.5243,2.49025,1.35448,-0.0201443,2.5,1.35,0,0,94,99,0.00984218,0.00975391,-0.144826,0.0107339,0,26.5243
26.544,2.49025,1.35448,-0.0201443,0,0,0,0,94,99,0,0,0,0,0,traj_sz=100
26.5441,2.49025,1.35448,-0.0201443,2.5,1.35,0,0,94,99,0.00984218,0.00975391,-0.144826,0.0107339,0,26.5441
26.5639,2.49025,1.35448,-0.0201443,0,0,0,0,94,99,0,0,0,0,0,traj_sz=100
26.564,2.49025,1.35448,-0.0201443,2.5,1.35,0,0,94,99,0.00984218,0.00975391,-0.144826,0.0107339,0,26.564
26.5839,2.49025,1.35448,-0.0201443,0,0,0,0,94,99,0,0,0,0,0,traj_sz=100
26.584,2.49025,1.35448,-0.0201443,2.5,1.35,0,0,94,99,0.00984218,0.00975391,-0.144826,0.0107339,0,26.584
26.6039,2.49025,1.35448,-0.0201443,0,0,0,0,94,99,0,0,0,0,0,traj_sz=100
26.6039,2.49025,1.35448,-0.0201443,2.5,1.35,0,0,94,99,0.00984218,0.00975391,-0.144826,0.0107339,0,26.6039
26.6239,2.49025,1.35448,-0.0201443,0,0,0,0,94,99,0,0,0,0,0,traj_sz=100
26.6241,2.49025,1.35448,-0.0201443,2.5,1.35,0,0,94,99,0.00984218,0.00975391,-0.144826,0.0107339,0,26.6241
26.6439,2.49025,1.35448,-0.0201443,0,0,0,0,94,99,0,0,0,0,0,traj_sz=100
26.6441,2.49025,1.35448,-0.0201443,2.5,1.35,0,0,94,99,0.00984218,0.00975391,-0.144826,0.0107339,0,26.6441
26.664,2.49025,1.35448,-0.0201443,0,0,0,0,94,99,0,0,0,0,0,traj_sz=100
26.664,2.49025,1.35448,-0.0201443,2.5,1.35,0,0,94,99,0.00984218,0.00975391,-0.144826,0.0107339,0,26.664
26.6839,2.49025,1.35448,-0.0201443,0,0,0,0,94,99,0,0,0,0,0,traj_sz=100
26.6841,2.49025,1.35448,-0.0201443,2.5,1.35,0,0,94,99,0.00984218,0.00975391,-0.144826,0.0107339,0,26.6841
26.7039,2.49025,1.35448,-0.0201443,0,0,0,0,94,99,0,0,0,0,0,traj_sz=100
26.704,2.49025,1.35448,-0.0201443,2.5,1.35,0,0,94,99,0.00984218,0.00975391,-0.144826,0.0107339,0,26.704
26.7239,2.49025,1.35448,-0.0201443,0,0,0,0,94,99,0,0,0,0,0,traj_sz=100
26.7242,2.49025,1.35448,-0.0201443,2.5,1.35,0,0,94,99,0.00984218,0.00975391,-0.144826,0.0107339,0,26.7242
26.7438,2.49025,1.35448,-0.0201443,0,0,0,0,94,99,0,0,0,0,0,traj_sz=100
26.7439,2.49025,1.35448,-0.0201443,2.5,1.35,0,0,94,99,0.00984218,0.00975391,-0.144826,0.0107339,0,26.7439
26.7638,2.49025,1.35448,-0.0201443,0,0,0,0,94,99,0,0,0,0,0,traj_sz=100
26.7639,2.49025,1.35448,-0.0201443,2.5,1.35,0,0,94,99,0.00984218,0.00975391,-0.144826,0.0107339,0,26.7639
26.7839,2.49025,1.35448,-0.0201443,0,0,0,0,94,99,0,0,0,0,0,traj_sz=100
26.7842,2.49025,1.35448,-0.0201443,2.5,1.35,0,0,94,99,0.00984218,0.00975391,-0.144826,0.0107339,0,26.7842
26.804,2.49025,1.35448,-0.0201443,0,0,0,0,94,99,0,0,0,0,0,traj_sz=100
26.8041,2.49025,1.35448,-0.0201443,2.5,1.35,0,0,94,99,0.00984218,0.00975391,-0.144826,0.0107339,0,26.8041
26.8239,2.49025,1.35448,-0.0201443,0,0,0,0,94,99,0,0,0,0,0,traj_sz=100
26.824,2.49025,1.35448,-0.0201443,2.5,1.35,0,0,94,99,0.00984218,0.00975391,-0.144826,0.0107339,0,26.824
26.8439,2.49025,1.35448,-0.0201443,0,0,0,0,94,99,0,0,0,0,0,traj_sz=100
26.844,2.49025,1.35448,-0.0201443,2.5,1.35,0,0,94,99,0.00984218,0.00975391,-0.144826,0.0107339,0,26.844
26.864,2.49025,1.35448,-0.0201443,0,0,0,0,94,99,0,0,0,0,0,traj_sz=100
26.8641,2.49025,1.35448,-0.0201443,2.5,1.35,0,0,94,99,0.00984218,0.00975391,-0.144826,0.0107339,0,26.8641
26.8839,2.49025,1.35448,-0.0201443,0,0,0,0,94,99,0,0,0,0,0,traj_sz=100
26.884,2.49025,1.35448,-0.0201443,2.5,1.35,0,0,94,99,0.00984218,0.00975391,-0.144826,0.0107339,0,26.884
26.9038,2.49025,1.35448,-0.0201443,0,0,0,0,94,99,0,0,0,0,0,traj_sz=100
26.9039,2.49025,1.35448,-0.0201443,2.5,1.35,0,0,94,99,0.00984218,0.00975391,-0.144826,0.0107339,0,26.9039
26.9238,2.49025,1.35448,-0.0201443,0,0,0,0,94,99,0,0,0,0,0,traj_sz=100
26.9239,2.49025,1.35448,-0.0201443,2.5,1.35,0,0,94,99,0.00984218,0.00975391,-0.144826,0.0107339,0,26.9239
26.944,2.49025,1.35448,-0.0201443,0,0,0,0,94,99,0,0,0,0,0,traj_sz=100
26.9442,2.49025,1.35448,-0.0201443,2.5,1.35,0,0,94,99,0.00984218,0.00975391,-0.144826,0.0107339,0,26.9442
26.9639,2.49025,1.35448,-0.0201443,0,0,0,0,94,99,0,0,0,0,0,traj_sz=100
26.964,2.49025,1.35448,-0.0201443,2.5,1.35,0,0,94,99,0.00984218,0.00975391,-0.144826,0.0107339,0,26.964
26.984,2.49025,1.35448,-0.0201443,0,0,0,0,94,99,0,0,0,0,0,traj_sz=100
26.9841,2.49025,1.35448,-0.0201443,2.5,1.35,0,0,94,99,0.00984218,0.00975391,-0.144826,0.0107339,0,26.9841
27.0041,2.49025,1.35448,-0.0201443,0,0,0,0,94,99,0,0,0,0,0,traj_sz=100
27.0042,2.49025,1.35448,-0.0201443,2.5,1.35,0,0,94,99,0.00984218,0.00975391,-0.144826,0.0107339,0,27.0042
27.0239,2.49025,1.35448,-0.0201443,0,0,0,0,94,99,0,0,0,0,0,traj_sz=100
27.024,2.49025,1.35448,-0.0201443,2.5,1.35,0,0,94,99,0.00984218,0.00975391,-0.144826,0.0107339,0,27.024
27.0439,2.49025,1.35448,-0.0201443,0,0,0,0,94,99,0,0,0,0,0,traj_sz=100
27.044,2.49025,1.35448,-0.0201443,2.5,1.35,0,0,94,99,0.00984218,0.00975391,-0.144826,0.0107339,0,27.044
27.0639,2.49025,1.35448,-0.0201443,0,0,0,0,94,99,0,0,0,0,0,traj_sz=100
27.064,2.49025,1.35448,-0.0201443,2.5,1.35,0,0,94,99,0.00984218,0.00975391,-0.144826,0.0107339,0,27.064
27.0839,2.49025,1.35448,-0.0201443,0,0,0,0,94,99,0,0,0,0,0,traj_sz=100
27.0841,2.49025,1.35448,-0.0201443,2.5,1.35,0,0,94,99,0.00984218,0.00975391,-0.144826,0.0107339,0,27.0841
27.104,2.49025,1.35448,-0.0201443,0,0,0,0,94,99,0,0,0,0,0,traj_sz=100
27.1042,2.49025,1.35448,-0.0201443,2.5,1.35,0,0,94,99,0.00984218,0.00975391,-0.144826,0.0107339,0,27.1042
27.1239,2.49025,1.35448,-0.0201443,0,0,0,0,94,99,0,0,0,0,0,traj_sz=100
27.124,2.49025,1.35448,-0.0201443,2.5,1.35,0,0,94,99,0.00984218,0.00975391,-0.144826,0.0107339,0,27.124
27.1438,2.49025,1.35448,-0.0201443,0,0,0,0,94,99,0,0,0,0,0,traj_sz=100
27.1439,2.49025,1.35448,-0.0201443,2.5,1.35,0,0,94,99,0.00984218,0.00975391,-0.144826,0.0107339,0,27.1439
27.1639,2.49025,1.35448,-0.0201443,0,0,0,0,94,99,0,0,0,0,0,traj_sz=100
27.1643,2.49025,1.35448,-0.0201443,2.5,1.35,0,0,94,99,0.00984218,0.00975391,-0.144826,0.0107339,0,27.1643
27.1839,2.49025,1.35448,-0.0201443,0,0,0,0,94,99,0,0,0,0,0,traj_sz=100
27.184,2.49025,1.35448,-0.0201443,2.5,1.35,0,0,94,99,0.00984218,0.00975391,-0.144826,0.0107339,0,27.184
27.2039,2.49025,1.35448,-0.0201443,0,0,0,0,94,99,0,0,0,0,0,traj_sz=100
27.204,2.49025,1.35448,-0.0201443,2.5,1.35,0,0,94,99,0.00984218,0.00975391,-0.144826,0.0107339,0,27.204
27.224,2.49025,1.35448,-0.0201443,0,0,0,0,94,99,0,0,0,0,0,traj_sz=100
27.2241,2.49025,1.35448,-0.0201443,2.5,1.35,0,0,94,99,0.00984218,0.00975391,-0.144826,0.0107339,0,27.2241
27.2439,2.49025,1.35448,-0.0201443,0,0,0,0,94,99,0,0,0,0,0,traj_sz=100
27.244,2.49025,1.35448,-0.0201443,2.5,1.35,0,0,94,99,0.00984218,0.00975391,-0.144826,0.0107339,0,27.244
27.2639,2.49025,1.35448,-0.0201443,0,0,0,0,94,99,0,0,0,0,0,traj_sz=100
27.2641,2.49025,1.35448,-0.0201443,2.5,1.35,0,0,94,99,0.00984218,0.00975391,-0.144826,0.0107339,0,27.2641
27.284,2.49025,1.35448,-0.0201443,0,0,0,0,94,99,0,0,0,0,0,traj_sz=100
27.284,2.49025,1.35448,-0.0201443,2.5,1.35,0,0,94,99,0.00984218,0.00975391,-0.144826,0.0107339,0,27.284
27.3039,2.49025,1.35448,-0.0201443,0,0,0,0,94,99,0,0,0,0,0,traj_sz=100
27.3041,2.49025,1.35448,-0.0201443,2.5,1.35,0,0,94,99,0.00984218,0.00975391,-0.144826,0.0107339,0,27.3041
27.324,2.49025,1.35448,-0.0201443,0,0,0,0,94,99,0,0,0,0,0,traj_sz=100
27.3241,2.49025,1.35448,-0.0201443,2.5,1.35,0,0,94,99,0.00984218,0.00975391,-0.144826,0.0107339,0,27.3241
27.3439,2.49025,1.35448,-0.0201443,0,0,0,0,94,99,0,0,0,0,0,traj_sz=100
27.3441,2.49025,1.35448,-0.0201443,2.5,1.35,0,0,94,99,0.00984218,0.00975391,-0.144826,0.0107339,0,27.3441
27.364,2.49025,1.35448,-0.0201443,0,0,0,0,94,99,0,0,0,0,0,traj_sz=100
27.3641,2.49025,1.35448,-0.0201443,2.5,1.35,0,0,94,99,0.00984218,0.00975391,-0.144826,0.0107339,0,27.3641
27.384,2.49025,1.35448,-0.0201443,0,0,0,0,94,99,0,0,0,0,0,traj_sz=100
27.3841,2.49025,1.35448,-0.0201443,2.5,1.35,0,0,94,99,0.00984218,0.00975391,-0.144826,0.0107339,0,27.3841
27.4039,2.49025,1.35448,-0.0201443,0,0,0,0,94,99,0,0,0,0,0,traj_sz=100
27.404,2.49025,1.35448,-0.0201443,2.5,1.35,0,0,94,99,0.00984218,0.00975391,-0.144826,0.0107339,0,27.404
27.424,2.49025,1.35448,-0.0201443,0,0,0,0,94,99,0,0,0,0,0,traj_sz=100
27.4243,2.49025,1.35448,-0.0201443,2.5,1.35,0,0,94,99,0.00984218,0.00975391,-0.144826,0.0107339,0,27.4243
27.4438,2.49025,1.35448,-0.0201443,0,0,0,0,94,99,0,0,0,0,0,traj_sz=100
27.4439,2.49025,1.35448,-0.0201443,2.5,1.35,0,0,94,99,0.00984218,0.00975391,-0.144826,0.0107339,0,27.4439
27.4639,2.49025,1.35448,-0.0201443,0,0,0,0,94,99,0,0,0,0,0,traj_sz=100
27.464,2.49025,1.35448,-0.0201443,2.5,1.35,0,0,94,99,0.00984218,0.00975391,-0.144826,0.0107339,0,27.464
27.4839,2.49025,1.35448,-0.0201443,0,0,0,0,94,99,0,0,0,0,0,traj_sz=100
27.4841,2.49025,1.35448,-0.0201443,2.5,1.35,0,0,94,99,0.00984218,0.00975391,-0.144826,0.0107339,0,27.4841
27.504,2.49025,1.35448,-0.0201443,0,0,0,0,94,99,0,0,0,0,0,traj_sz=100
27.5042,2.49025,1.35448,-0.0201443,2.5,1.35,0,0,94,99,0.00984218,0.00975391,-0.144826,0.0107339,0,27.5042
27.524,2.49025,1.35448,-0.0201443,0,0,0,0,94,99,0,0,0,0,0,traj_sz=100
27.5241,2.49025,1.35448,-0.0201443,2.5,1.35,0,0,94,99,0.00984218,0.00975391,-0.144826,0.0107339,0,27.5241
27.544,2.49025,1.35448,-0.0201443,0,0,0,0,94,99,0,0,0,0,0,traj_sz=100
27.5441,2.49025,1.35448,-0.0201443,2.5,1.35,0,0,94,99,0.00984218,0.00975391,-0.144826,0.0107339,0,27.5441
27.5639,2.49025,1.35448,-0.0201443,0,0,0,0,94,99,0,0,0,0,0,traj_sz=100
27.564,2.49025,1.35448,-0.0201443,2.5,1.35,0,0,94,99,0.00984218,0.00975391,-0.144826,0.0107339,0,27.564
27.5839,2.49025,1.35448,-0.0201443,0,0,0,0,94,99,0,0,0,0,0,traj_sz=100
27.584,2.49025,1.35448,-0.0201443,2.5,1.35,0,0,94,99,0.00984218,0.00975391,-0.144826,0.0107339,0,27.584
27.6038,2.49025,1.35448,-0.0201443,0,0,0,0,94,99,0,0,0,0,0,traj_sz=100
27.604,2.49025,1.35448,-0.0201443,2.5,1.35,0,0,94,99,0.00984218,0.00975391,-0.144826,0.0107339,0,27.604
27.6238,2.49025,1.35448,-0.0201443,0,0,0,0,94,99,0,0,0,0,0,traj_sz=100
27.6239,2.49025,1.35448,-0.0201443,2.5,1.35,0,0,94,99,0.00984218,0.00975391,-0.144826,0.0107339,0,27.6239
27.6439,2.49025,1.35448,-0.0201443,0,0,0,0,94,99,0,0,0,0,0,traj_sz=100
27.6441,2.49025,1.35448,-0.0201443,2.5,1.35,0,0,94,99,0.00984218,0.00975391,-0.144826,0.0107339,0,27.6441
27.6641,2.49025,1.35448,-0.0201443,0,0,0,0,94,99,0,0,0,0,0,traj_sz=100
27.6644,2.49025,1.35448,-0.0201443,2.5,1.35,0,0,94,99,0.00984218,0.00975391,-0.144826,0.0107339,0,27.6644
27.684,2.49025,1.35448,-0.0201443,0,0,0,0,94,99,0,0,0,0,0,traj_sz=100
27.6841,2.49025,1.35448,-0.0201443,2.5,1.35,0,0,94,99,0.00984218,0.00975391,-0.144826,0.0107339,0,27.6841
27.7039,2.49025,1.35448,-0.0201443,0,0,0,0,94,99,0,0,0,0,0,traj_sz=100
27.704,2.49025,1.35448,-0.0201443,2.5,1.35,0,0,94,99,0.00984218,0.00975391,-0.144826,0.0107339,0,27.704
27.7239,2.49025,1.35448,-0.0201443,0,0,0,0,94,99,0,0,0,0,0,traj_sz=100
27.724,2.49025,1.35448,-0.0201443,2.5,1.35,0,0,94,99,0.00984218,0.00975391,-0.144826,0.0107339,0,27.724
27.7439,2.49025,1.35448,-0.0201443,0,0,0,0,94,99,0,0,0,0,0,traj_sz=100
27.744,2.49025,1.35448,-0.0201443,2.5,1.35,0,0,94,99,0.00984218,0.00975391,-0.144826,0.0107339,0,27.744
27.7639,2.49025,1.35448,-0.0201443,0,0,0,0,94,99,0,0,0,0,0,traj_sz=100
27.7639,2.49025,1.35448,-0.0201443,2.5,1.35,0,0,94,99,0.00984218,0.00975391,-0.144826,0.0107339,0,27.7639
27.784,2.49025,1.35448,-0.0201443,0,0,0,0,94,99,0,0,0,0,0,traj_sz=100
27.7841,2.49025,1.35448,-0.0201443,2.5,1.35,0,0,94,99,0.00984218,0.00975391,-0.144826,0.0107339,0,27.7841
27.8039,2.49025,1.35448,-0.0201443,0,0,0,0,94,99,0,0,0,0,0,traj_sz=100
27.804,2.49025,1.35448,-0.0201443,2.5,1.35,0,0,94,99,0.00984218,0.00975391,-0.144826,0.0107339,0,27.804
27.8239,2.49025,1.35448,-0.0201443,0,0,0,0,94,99,0,0,0,0,0,traj_sz=100
27.824,2.49025,1.35448,-0.0201443,2.5,1.35,0,0,94,99,0.00984218,0.00975391,-0.144826,0.0107339,0,27.824
27.8438,2.49025,1.35448,-0.0201443,0,0,0,0,94,99,0,0,0,0,0,traj_sz=100
27.844,2.49025,1.35448,-0.0201443,2.5,1.35,0,0,94,99,0.00984218,0.00975391,-0.144826,0.0107339,0,27.844
27.8639,2.49025,1.35448,-0.0201443,0,0,0,0,94,99,0,0,0,0,0,traj_sz=100
27.864,2.49025,1.35448,-0.0201443,2.5,1.35,0,0,94,99,0.00984218,0.00975391,-0.144826,0.0107339,0,27.864
27.8838,2.49025,1.35448,-0.0201443,0,0,0,0,94,99,0,0,0,0,0,traj_sz=100
27.8839,2.49025,1.35448,-0.0201443,2.5,1.35,0,0,94,99,0.00984218,0.00975391,-0.144826,0.0107339,0,27.8839
27.904,2.49025,1.35448,-0.0201443,0,0,0,0,94,99,0,0,0,0,0,traj_sz=100
27.9044,2.49025,1.35448,-0.0201443,2.5,1.35,0,0,94,99,0.00984218,0.00975391,-0.144826,0.0107339,0,27.9044
27.9239,2.49025,1.35448,-0.0201443,0,0,0,0,94,99,0,0,0,0,0,traj_sz=100
27.924,2.49025,1.35448,-0.0201443,2.5,1.35,0,0,94,99,0.00984218,0.00975391,-0.144826,0.0107339,0,27.924
27.9438,2.49025,1.35448,-0.0201443,0,0,0,0,94,99,0,0,0,0,0,traj_sz=100
27.9439,2.49025,1.35448,-0.0201443,2.5,1.35,0,0,94,99,0.00984218,0.00975391,-0.144826,0.0107339,0,27.9439
27.9639,2.49025,1.35448,-0.0201443,0,0,0,0,94,99,0,0,0,0,0,traj_sz=100
27.9641,2.49025,1.35448,-0.0201443,2.5,1.35,0,0,94,99,0.00984218,0.00975391,-0.144826,0.0107339,0,27.9641
27.9839,2.49025,1.35448,-0.0201443,0,0,0,0,94,99,0,0,0,0,0,traj_sz=100
27.984,2.49025,1.35448,-0.0201443,2.5,1.35,0,0,94,99,0.00984218,0.00975391,-0.144826,0.0107339,0,27.984
28.0039,2.49025,1.35448,-0.0201443,0,0,0,0,94,99,0,0,0,0,0,traj_sz=100
28.0041,2.49025,1.35448,-0.0201443,2.5,1.35,0,0,94,99,0.00984218,0.00975391,-0.144826,0.0107339,0,28.0041
28.0239,2.49025,1.35448,-0.0201443,0,0,0,0,94,99,0,0,0,0,0,traj_sz=100
28.0241,2.49025,1.35448,-0.0201443,2.5,1.35,0,0,94,99,0.00984218,0.00975391,-0.144826,0.0107339,0,28.0241
28.044,2.49025,1.35448,-0.0201443,0,0,0,0,94,99,0,0,0,0,0,traj_sz=100
28.044,2.49025,1.35448,-0.0201443,2.5,1.35,0,0,94,99,0.00984218,0.00975391,-0.144826,0.0107339,0,28.044
28.064,2.49025,1.35448,-0.0201443,0,0,0,0,94,99,0,0,0,0,0,traj_sz=100
28.0642,2.49025,1.35448,-0.0201443,2.5,1.35,0,0,94,99,0.00984218,0.00975391,-0.144826,0.0107339,0,28.0642
28.0839,2.49025,1.35448,-0.0201443,0,0,0,0,94,99,0,0,0,0,0,traj_sz=100
28.084,2.49025,1.35448,-0.0201443,2.5,1.35,0,0,94,99,0.00984218,0.00975391,-0.144826,0.0107339,0,28.084
28.1039,2.49025,1.35448,-0.0201443,0,0,0,0,94,99,0,0,0,0,0,traj_sz=100
28.104,2.49025,1.35448,-0.0201443,2.5,1.35,0,0,94,99,0.00984218,0.00975391,-0.144826,0.0107339,0,28.104
28.1238,2.49025,1.35448,-0.0201443,0,0,0,0,94,99,0,0,0,0,0,traj_sz=100
28.124,2.49025,1.35448,-0.0201443,2.5,1.35,0,0,94,99,0.00984218,0.00975391,-0.144826,0.0107339,0,28.124
28.1438,2.49025,1.35448,-0.0201443,0,0,0,0,94,99,0,0,0,0,0,traj_sz=100
28.1438,2.49025,1.35448,-0.0201443,2.5,1.35,0,0,94,99,0.00984218,0.00975391,-0.144826,0.0107339,0,28.1438
28.1638,2.49025,1.35448,-0.0201443,0,0,0,0,94,99,0,0,0,0,0,traj_sz=100
28.1639,2.49025,1.35448,-0.0201443,2.5,1.35,0,0,94,99,0.00984218,0.00975391,-0.144826,0.0107339,0,28.1639
28.1838,2.49025,1.35448,-0.0201443,0,0,0,0,94,99,0,0,0,0,0,traj_sz=100
28.1839,2.49025,1.35448,-0.0201443,2.5,1.35,0,0,94,99,0.00984218,0.00975391,-0.144826,0.0107339,0,28.1839
28.2039,2.49025,1.35448,-0.0201443,0,0,0,0,94,99,0,0,0,0,0,traj_sz=100
28.204,2.49025,1.35448,-0.0201443,2.5,1.35,0,0,94,99,0.00984218,0.00975391,-0.144826,0.0107339,0,28.204
28.2239,2.49025,1.35448,-0.0201443,0,0,0,0,94,99,0,0,0,0,0,traj_sz=100
28.2241,2.49025,1.35448,-0.0201443,2.5,1.35,0,0,94,99,0.00984218,0.00975391,-0.144826,0.0107339,0,28.2241
28.2438,2.49025,1.35448,-0.0201443,0,0,0,0,94,99,0,0,0,0,0,traj_sz=100
28.2439,2.49025,1.35448,-0.0201443,2.5,1.35,0,0,94,99,0.00984218,0.00975391,-0.144826,0.0107339,0,28.2439
28.2638,2.49025,1.35448,-0.0201443,0,0,0,0,94,99,0,0,0,0,0,traj_sz=100
28.2639,2.49025,1.35448,-0.0201443,2.5,1.35,0,0,94,99,0.00984218,0.00975391,-0.144826,0.0107339,0,28.2639
28.2839,2.49025,1.35448,-0.0201443,0,0,0,0,94,99,0,0,0,0,0,traj_sz=100
28.284,2.49025,1.35448,-0.0201443,2.5,1.35,0,0,94,99,0.00984218,0.00975391,-0.144826,0.0107339,0,28.284
28.3038,2.49025,1.35448,-0.0201443,0,0,0,0,94,99,0,0,0,0,0,traj_sz=100
28.3039,2.49025,1.35448,-0.0201443,2.5,1.35,0,0,94,99,0.00984218,0.00975391,-0.144826,0.0107339,0,28.3039
28.3238,2.49025,1.35448,-0.0201443,0,0,0,0,94,99,0,0,0,0,0,traj_sz=100
28.3239,2.49025,1.35448,-0.0201443,2.5,1.35,0,0,94,99,0.00984218,0.00975391,-0.144826,0.0107339,0,28.3239
28.3439,2.49025,1.35448,-0.0201443,0,0,0,0,94,99,0,0,0,0,0,traj_sz=100
28.344,2.49025,1.35448,-0.0201443,2.5,1.35,0,0,94,99,0.00984218,0.00975391,-0.144826,0.0107339,0,28.344
28.3639,2.49025,1.35448,-0.0201443,0,0,0,0,94,99,0,0,0,0,0,traj_sz=100
28.364,2.49025,1.35448,-0.0201443,2.5,1.35,0,0,94,99,0.00984218,0.00975391,-0.144826,0.0107339,0,28.364
28.3839,2.49025,1.35448,-0.0201443,0,0,0,0,94,99,0,0,0,0,0,traj_sz=100
28.3841,2.49025,1.35448,-0.0201443,2.5,1.35,0,0,94,99,0.00984218,0.00975391,-0.144826,0.0107339,0,28.3841
28.4039,2.49025,1.35448,-0.0201443,0,0,0,0,94,99,0,0,0,0,0,traj_sz=100
28.404,2.49025,1.35448,-0.0201443,2.5,1.35,0,0,94,99,0.00984218,0.00975391,-0.144826,0.0107339,0,28.404
28.4238,2.49025,1.35448,-0.0201443,0,0,0,0,94,99,0,0,0,0,0,traj_sz=100
28.424,2.49025,1.35448,-0.0201443,2.5,1.35,0,0,94,99,0.00984218,0.00975391,-0.144826,0.0107339,0,28.424
28.4439,2.49025,1.35448,-0.0201443,0,0,0,0,94,99,0,0,0,0,0,traj_sz=100
28.4443,2.49025,1.35448,-0.0201443,2.5,1.35,0,0,94,99,0.00984218,0.00975391,-0.144826,0.0107339,0,28.4443
28.4639,2.49025,1.35448,-0.0201443,0,0,0,0,94,99,0,0,0,0,0,traj_sz=100
28.464,2.49025,1.35448,-0.0201443,2.5,1.35,0,0,94,99,0.00984218,0.00975391,-0.144826,0.0107339,0,28.464
28.4839,2.49025,1.35448,-0.0201443,0,0,0,0,94,99,0,0,0,0,0,traj_sz=100
28.484,2.49025,1.35448,-0.0201443,2.5,1.35,0,0,94,99,0.00984218,0.00975391,-0.144826,0.0107339,0,28.484
28.5039,2.49025,1.35448,-0.0201443,0,0,0,0,94,99,0,0,0,0,0,traj_sz=100
28.504,2.49025,1.35448,-0.0201443,2.5,1.35,0,0,94,99,0.00984218,0.00975391,-0.144826,0.0107339,0,28.504
28.5239,2.49025,1.35448,-0.0201443,0,0,0,0,94,99,0,0,0,0,0,traj_sz=100
28.524,2.49025,1.35448,-0.0201443,2.5,1.35,0,0,94,99,0.00984218,0.00975391,-0.144826,0.0107339,0,28.524
28.544,2.49025,1.35448,-0.0201443,0,0,0,0,94,99,0,0,0,0,0,traj_sz=100
28.5442,2.49025,1.35448,-0.0201443,2.5,1.35,0,0,94,99,0.00984218,0.00975391,-0.144826,0.0107339,0,28.5442
28.5638,2.49025,1.35448,-0.0201443,0,0,0,0,94,99,0,0,0,0,0,traj_sz=100
28.5639,2.49025,1.35448,-0.0201443,2.5,1.35,0,0,94,99,0.00984218,0.00975391,-0.144826,0.0107339,0,28.5639
28.5838,2.49025,1.35448,-0.0201443,0,0,0,0,94,99,0,0,0,0,0,traj_sz=100
28.5838,2.49025,1.35448,-0.0201443,2.5,1.35,0,0,94,99,0.00984218,0.00975391,-0.144826,0.0107339,0,28.5838
28.6041,2.49025,1.35448,-0.0201443,0,0,0,0,94,99,0,0,0,0,0,traj_sz=100
28.6042,2.49025,1.35448,-0.0201443,2.5,1.35,0,0,94,99,0.00984218,0.00975391,-0.144826,0.0107339,0,28.6042
28.6238,2.49025,1.35448,-0.0201443,0,0,0,0,94,99,0,0,0,0,0,traj_sz=100
28.6239,2.49025,1.35448,-0.0201443,2.5,1.35,0,0,94,99,0.00984218,0.00975391,-0.144826,0.0107339,0,28.6239
28.6439,2.49025,1.35448,-0.0201443,0,0,0,0,94,99,0,0,0,0,0,traj_sz=100
28.644,2.49025,1.35448,-0.0201443,2.5,1.35,0,0,94,99,0.00984218,0.00975391,-0.144826,0.0107339,0,28.644
28.6639,2.49025,1.35448,-0.0201443,0,0,0,0,94,99,0,0,0,0,0,traj_sz=100
28.6639,2.49025,1.35448,-0.0201443,2.5,1.35,0,0,94,99,0.00984218,0.00975391,-0.144826,0.0107339,0,28.6639
28.684,2.49025,1.35448,-0.0201443,0,0,0,0,94,99,0,0,0,0,0,traj_sz=100
28.6841,2.49025,1.35448,-0.0201443,2.5,1.35,0,0,94,99,0.00984218,0.00975391,-0.144826,0.0107339,0,28.6841
28.7038,2.49025,1.35448,-0.0201443,0,0,0,0,94,99,0,0,0,0,0,traj_sz=100
28.7039,2.49025,1.35448,-0.0201443,2.5,1.35,0,0,94,99,0.00984218,0.00975391,-0.144826,0.0107339,0,28.7039
28.7238,2.49025,1.35448,-0.0201443,0,0,0,0,94,99,0,0,0,0,0,traj_sz=100
28.7239,2.49025,1.35448,-0.0201443,2.5,1.35,0,0,94,99,0.00984218,0.00975391,-0.144826,0.0107339,0,28.7239
28.7438,2.49025,1.35448,-0.0201443,0,0,0,0,94,99,0,0,0,0,0,traj_sz=100
28.7439,2.49025,1.35448,-0.0201443,2.5,1.35,0,0,94,99,0.00984218,0.00975391,-0.144826,0.0107339,0,28.7439
28.764,2.49025,1.35448,-0.0201443,0,0,0,0,94,99,0,0,0,0,0,traj_sz=100
28.7641,2.49025,1.35448,-0.0201443,2.5,1.35,0,0,94,99,0.00984218,0.00975391,-0.144826,0.0107339,0,28.7641
28.7839,2.49025,1.35448,-0.0201443,0,0,0,0,94,99,0,0,0,0,0,traj_sz=100
28.784,2.49025,1.35448,-0.0201443,2.5,1.35,0,0,94,99,0.00984218,0.00975391,-0.144826,0.0107339,0,28.784
28.8038,2.49025,1.35448,-0.0201443,0,0,0,0,94,99,0,0,0,0,0,traj_sz=100
28.804,2.49025,1.35448,-0.0201443,2.5,1.35,0,0,94,99,0.00984218,0.00975391,-0.144826,0.0107339,0,28.804
28.8238,2.49025,1.35448,-0.0201443,0,0,0,0,94,99,0,0,0,0,0,traj_sz=100
28.8238,2.49025,1.35448,-0.0201443,2.5,1.35,0,0,94,99,0.00984218,0.00975391,-0.144826,0.0107339,0,28.8238
28.8438,2.49025,1.35448,-0.0201443,0,0,0,0,94,99,0,0,0,0,0,traj_sz=100
28.8439,2.49025,1.35448,-0.0201443,2.5,1.35,0,0,94,99,0.00984218,0.00975391,-0.144826,0.0107339,0,28.8439
28.864,2.49025,1.35448,-0.0201443,0,0,0,0,94,99,0,0,0,0,0,traj_sz=100
28.8643,2.49025,1.35448,-0.0201443,2.5,1.35,0,0,94,99,0.00984218,0.00975391,-0.144826,0.0107339,0,28.8643
28.884,2.49025,1.35448,-0.0201443,0,0,0,0,94,99,0,0,0,0,0,traj_sz=100
28.8841,2.49025,1.35448,-0.0201443,2.5,1.35,0,0,94,99,0.00984218,0.00975391,-0.144826,0.0107339,0,28.8841
28.9039,2.49025,1.35448,-0.0201443,0,0,0,0,94,99,0,0,0,0,0,traj_sz=100
28.904,2.49025,1.35448,-0.0201443,2.5,1.35,0,0,94,99,0.00984218,0.00975391,-0.144826,0.0107339,0,28.904
28.9239,2.49025,1.35448,-0.0201443,0,0,0,0,94,99,0,0,0,0,0,traj_sz=100
28.924,2.49025,1.35448,-0.0201443,2.5,1.35,0,0,94,99,0.00984218,0.00975391,-0.144826,0.0107339,0,28.924
28.9439,2.49025,1.35448,-0.0201443,0,0,0,0,94,99,0,0,0,0,0,traj_sz=100
28.944,2.49025,1.35448,-0.0201443,2.5,1.35,0,0,94,99,0.00984218,0.00975391,-0.144826,0.0107339,0,28.944
28.9641,2.49025,1.35448,-0.0201443,0,0,0,0,94,99,0,0,0,0,0,traj_sz=100
28.9643,2.49025,1.35448,-0.0201443,2.5,1.35,0,0,94,99,0.00984218,0.00975391,-0.144826,0.0107339,0,28.9643
28.9841,2.49025,1.35448,-0.0201443,0,0,0,0,94,99,0,0,0,0,0,traj_sz=100
28.9843,2.49025,1.35448,-0.0201443,2.5,1.35,0,0,94,99,0.00984218,0.00975391,-0.144826,0.0107339,0,28.9843
29.0039,2.49025,1.35448,-0.0201443,0,0,0,0,94,99,0,0,0,0,0,traj_sz=100
29.004,2.49025,1.35448,-0.0201443,2.5,1.35,0,0,94,99,0.00984218,0.00975391,-0.144826,0.0107339,0,29.004
29.024,2.49025,1.35448,-0.0201443,0,0,0,0,94,99,0,0,0,0,0,traj_sz=100
29.0242,2.49025,1.35448,-0.0201443,2.5,1.35,0,0,94,99,0.00984218,0.00975391,-0.144826,0.0107339,0,29.0242
29.0439,2.49025,1.35448,-0.0201443,0,0,0,0,94,99,0,0,0,0,0,traj_sz=100
29.0439,2.49025,1.35448,-0.0201443,2.5,1.35,0,0,94,99,0.00984218,0.00975391,-0.144826,0.0107339,0,29.0439
29.0638,2.49025,1.35448,-0.0201443,0,0,0,0,94,99,0,0,0,0,0,traj_sz=100
29.0639,2.49025,1.35448,-0.0201443,2.5,1.35,0,0,94,99,0.00984218,0.00975391,-0.144826,0.0107339,0,29.0639
29.084,2.49025,1.35448,-0.0201443,0,0,0,0,94,99,0,0,0,0,0,traj_sz=100
29.0842,2.49025,1.35448,-0.0201443,2.5,1.35,0,0,94,99,0.00984218,0.00975391,-0.144826,0.0107339,0,29.0842
29.1038,2.49025,1.35448,-0.0201443,0,0,0,0,94,99,0,0,0,0,0,traj_sz=100
29.1039,2.49025,1.35448,-0.0201443,2.5,1.35,0,0,94,99,0.00984218,0.00975391,-0.144826,0.0107339,0,29.1039
29.1238,2.49025,1.35448,-0.0201443,0,0,0,0,94,99,0,0,0,0,0,traj_sz=100
29.1239,2.49025,1.35448,-0.0201443,2.5,1.35,0,0,94,99,0.00984218,0.00975391,-0.144826,0.0107339,0,29.1239
29.1439,2.49025,1.35448,-0.0201443,0,0,0,0,94,99,0,0,0,0,0,traj_sz=100
29.1439,2.49025,1.35448,-0.0201443,2.5,1.35,0,0,94,99,0.00984218,0.00975391,-0.144826,0.0107339,0,29.1439
29.1638,2.49025,1.35448,-0.0201443,0,0,0,0,94,99,0,0,0,0,0,traj_sz=100
29.1639,2.49025,1.35448,-0.0201443,2.5,1.35,0,0,94,99,0.00984218,0.00975391,-0.144826,0.0107339,0,29.1639
29.1839,2.49025,1.35448,-0.0201443,0,0,0,0,94,99,0,0,0,0,0,traj_sz=100
29.1841,2.49025,1.35448,-0.0201443,2.5,1.35,0,0,94,99,0.00984218,0.00975391,-0.144826,0.0107339,0,29.1841
29.2039,2.49025,1.35448,-0.0201443,0,0,0,0,94,99,0,0,0,0,0,traj_sz=100
29.2041,2.49025,1.35448,-0.0201443,2.5,1.35,0,0,94,99,0.00984218,0.00975391,-0.144826,0.0107339,0,29.2041
29.2239,2.49025,1.35448,-0.0201443,0,0,0,0,94,99,0,0,0,0,0,traj_sz=100
29.2241,2.49025,1.35448,-0.0201443,2.5,1.35,0,0,94,99,0.00984218,0.00975391,-0.144826,0.0107339,0,29.2241
29.244,2.49025,1.35448,-0.0201443,0,0,0,0,94,99,0,0,0,0,0,traj_sz=100
29.2442,2.49025,1.35448,-0.0201443,2.5,1.35,0,0,94,99,0.00984218,0.00975391,-0.144826,0.0107339,0,29.2442
29.264,2.49025,1.35448,-0.0201443,0,0,0,0,94,99,0,0,0,0,0,traj_sz=100
29.2642,2.49025,1.35448,-0.0201443,2.5,1.35,0,0,94,99,0.00984218,0.00975391,-0.144826,0.0107339,0,29.2642
29.2839,2.49025,1.35448,-0.0201443,0,0,0,0,94,99,0,0,0,0,0,traj_sz=100
29.284,2.49025,1.35448,-0.0201443,2.5,1.35,0,0,94,99,0.00984218,0.00975391,-0.144826,0.0107339,0,29.284
29.3039,2.49025,1.35448,-0.0201443,0,0,0,0,94,99,0,0,0,0,0,traj_sz=100
29.304,2.49025,1.35448,-0.0201443,2.5,1.35,0,0,94,99,0.00984218,0.00975391,-0.144826,0.0107339,0,29.304
29.324,2.49025,1.35448,-0.0201443,0,0,0,0,94,99,0,0,0,0,0,traj_sz=100
29.3241,2.49025,1.35448,-0.0201443,2.5,1.35,0,0,94,99,0.00984218,0.00975391,-0.144826,0.0107339,0,29.3241
29.3441,2.49025,1.35448,-0.0201443,0,0,0,0,94,99,0,0,0,0,0,traj_sz=100
29.3443,2.49025,1.35448,-0.0201443,2.5,1.35,0,0,94,99,0.00984218,0.00975391,-0.144826,0.0107339,0,29.3443
29.3639,2.49025,1.35448,-0.0201443,0,0,0,0,94,99,0,0,0,0,0,traj_sz=100
29.364,2.49025,1.35448,-0.0201443,2.5,1.35,0,0,94,99,0.00984218,0.00975391,-0.144826,0.0107339,0,29.364
29.384,2.49025,1.35448,-0.0201443,0,0,0,0,94,99,0,0,0,0,0,traj_sz=100
29.3841,2.49025,1.35448,-0.0201443,2.5,1.35,0,0,94,99,0.00984218,0.00975391,-0.144826,0.0107339,0,29.3841
29.4039,2.49025,1.35448,-0.0201443,0,0,0,0,94,99,0,0,0,0,0,traj_sz=100
29.404,2.49025,1.35448,-0.0201443,2.5,1.35,0,0,94,99,0.00984218,0.00975391,-0.144826,0.0107339,0,29.404
29.4239,2.49025,1.35448,-0.0201443,0,0,0,0,94,99,0,0,0,0,0,traj_sz=100
29.424,2.49025,1.35448,-0.0201443,2.5,1.35,0,0,94,99,0.00984218,0.00975391,-0.144826,0.0107339,0,29.424
29.4439,2.49025,1.35448,-0.0201443,0,0,0,0,94,99,0,0,0,0,0,traj_sz=100
29.444,2.49025,1.35448,-0.0201443,2.5,1.35,0,0,94,99,0.00984218,0.00975391,-0.144826,0.0107339,0,29.444
29.4639,2.49025,1.35448,-0.0201443,0,0,0,0,94,99,0,0,0,0,0,traj_sz=100
29.464,2.49025,1.35448,-0.0201443,2.5,1.35,0,0,94,99,0.00984218,0.00975391,-0.144826,0.0107339,0,29.464
29.484,2.49025,1.35448,-0.0201443,0,0,0,0,94,99,0,0,0,0,0,traj_sz=100
29.4841,2.49025,1.35448,-0.0201443,2.5,1.35,0,0,94,99,0.00984218,0.00975391,-0.144826,0.0107339,0,29.4841
29.5041,2.49025,1.35448,-0.0201443,0,0,0,0,94,99,0,0,0,0,0,traj_sz=100
29.5042,2.49025,1.35448,-0.0201443,2.5,1.35,0,0,94,99,0.00984218,0.00975391,-0.144826,0.0107339,0,29.5042
29.524,2.49025,1.35448,-0.0201443,0,0,0,0,94,99,0,0,0,0,0,traj_sz=100
29.5241,2.49025,1.35448,-0.0201443,2.5,1.35,0,0,94,99,0.00984218,0.00975391,-0.144826,0.0107339,0,29.5241
29.544,2.49025,1.35448,-0.0201443,0,0,0,0,94,99,0,0,0,0,0,traj_sz=100
29.5442,2.49025,1.35448,-0.0201443,2.5,1.35,0,0,94,99,0.00984218,0.00975391,-0.144826,0.0107339,0,29.5442
29.564,2.49025,1.35448,-0.0201443,0,0,0,0,94,99,0,0,0,0,0,traj_sz=100
29.5641,2.49025,1.35448,-0.0201443,2.5,1.35,0,0,94,99,0.00984218,0.00975391,-0.144826,0.0107339,0,29.5641
29.584,2.49025,1.35448,-0.0201443,0,0,0,0,94,99,0,0,0,0,0,traj_sz=100
29.5841,2.49025,1.35448,-0.0201443,2.5,1.35,0,0,94,99,0.00984218,0.00975391,-0.144826,0.0107339,0,29.5841
29.6039,2.49025,1.35448,-0.0201443,0,0,0,0,94,99,0,0,0,0,0,traj_sz=100
29.604,2.49025,1.35448,-0.0201443,2.5,1.35,0,0,94,99,0.00984218,0.00975391,-0.144826,0.0107339,0,29.604
29.6238,2.49025,1.35448,-0.0201443,0,0,0,0,94,99,0,0,0,0,0,traj_sz=100
29.6239,2.49025,1.35448,-0.0201443,2.5,1.35,0,0,94,99,0.00984218,0.00975391,-0.144826,0.0107339,0,29.6239
29.6439,2.49025,1.35448,-0.0201443,0,0,0,0,94,99,0,0,0,0,0,traj_sz=100
29.6441,2.49025,1.35448,-0.0201443,2.5,1.35,0,0,94,99,0.00984218,0.00975391,-0.144826,0.0107339,0,29.6441
29.6639,2.49025,1.35448,-0.0201443,0,0,0,0,94,99,0,0,0,0,0,traj_sz=100
29.6642,2.49025,1.35448,-0.0201443,2.5,1.35,0,0,94,99,0.00984218,0.00975391,-0.144826,0.0107339,0,29.6642
29.684,2.49025,1.35448,-0.0201443,0,0,0,0,94,99,0,0,0,0,0,traj_sz=100
29.6841,2.49025,1.35448,-0.0201443,2.5,1.35,0,0,94,99,0.00984218,0.00975391,-0.144826,0.0107339,0,29.6841
29.7039,2.49025,1.35448,-0.0201443,0,0,0,0,94,99,0,0,0,0,0,traj_sz=100
29.7041,2.49025,1.35448,-0.0201443,2.5,1.35,0,0,94,99,0.00984218,0.00975391,-0.144826,0.0107339,0,29.7041
29.7239,2.49025,1.35448,-0.0201443,0,0,0,0,94,99,0,0,0,0,0,traj_sz=100
29.724,2.49025,1.35448,-0.0201443,2.5,1.35,0,0,94,99,0.00984218,0.00975391,-0.144826,0.0107339,0,29.724
29.744,2.49025,1.35448,-0.0201443,0,0,0,0,94,99,0,0,0,0,0,traj_sz=100
29.7441,2.49025,1.35448,-0.0201443,2.5,1.35,0,0,94,99,0.00984218,0.00975391,-0.144826,0.0107339,0,29.7441
29.764,2.49025,1.35448,-0.0201443,0,0,0,0,94,99,0,0,0,0,0,traj_sz=100
29.7642,2.49025,1.35448,-0.0201443,2.5,1.35,0,0,94,99,0.00984218,0.00975391,-0.144826,0.0107339,0,29.7642
29.784,2.49025,1.35448,-0.0201443,0,0,0,0,94,99,0,0,0,0,0,traj_sz=100
29.7841,2.49025,1.35448,-0.0201443,2.5,1.35,0,0,94,99,0.00984218,0.00975391,-0.144826,0.0107339,0,29.7841
29.804,2.49025,1.35448,-0.0201443,0,0,0,0,94,99,0,0,0,0,0,traj_sz=100
29.8041,2.49025,1.35448,-0.0201443,2.5,1.35,0,0,94,99,0.00984218,0.00975391,-0.144826,0.0107339,0,29.8041
29.8239,2.49025,1.35448,-0.0201443,0,0,0,0,94,99,0,0,0,0,0,traj_sz=100
29.824,2.49025,1.35448,-0.0201443,2.5,1.35,0,0,94,99,0.00984218,0.00975391,-0.144826,0.0107339,0,29.824
29.8439,2.49025,1.35448,-0.0201443,0,0,0,0,94,99,0,0,0,0,0,traj_sz=100
29.844,2.49025,1.35448,-0.0201443,2.5,1.35,0,0,94,99,0.00984218,0.00975391,-0.144826,0.0107339,0,29.844
29.8641,2.49025,1.35448,-0.0201443,0,0,0,0,94,99,0,0,0,0,0,traj_sz=100
29.8642,2.49025,1.35448,-0.0201443,2.5,1.35,0,0,94,99,0.00984218,0.00975391,-0.144826,0.0107339,0,29.8642
29.884,2.49025,1.35448,-0.0201443,0,0,0,0,94,99,0,0,0,0,0,traj_sz=100
29.8842,2.49025,1.35448,-0.0201443,2.5,1.35,0,0,94,99,0.00984218,0.00975391,-0.144826,0.0107339,0,29.8842
29.9039,2.49025,1.35448,-0.0201443,0,0,0,0,94,99,0,0,0,0,0,traj_sz=100
29.9041,2.49025,1.35448,-0.0201443,2.5,1.35,0,0,94,99,0.00984218,0.00975391,-0.144826,0.0107339,0,29.9041
29.9239,2.49025,1.35448,-0.0201443,0,0,0,0,94,99,0,0,0,0,0,traj_sz=100
29.924,2.49025,1.35448,-0.0201443,2.5,1.35,0,0,94,99,0.00984218,0.00975391,-0.144826,0.0107339,0,29.924
29.9439,2.49025,1.35448,-0.0201443,0,0,0,0,94,99,0,0,0,0,0,traj_sz=100
29.944,2.49025,1.35448,-0.0201443,2.5,1.35,0,0,94,99,0.00984218,0.00975391,-0.144826,0.0107339,0,29.944
29.9639,2.49025,1.35448,-0.0201443,0,0,0,0,94,99,0,0,0,0,0,traj_sz=100
29.964,2.49025,1.35448,-0.0201443,2.5,1.35,0,0,94,99,0.00984218,0.00975391,-0.144826,0.0107339,0,29.964
29.984,2.49025,1.35448,-0.0201443,0,0,0,0,94,99,0,0,0,0,0,traj_sz=100
29.9842,2.49025,1.35448,-0.0201443,2.5,1.35,0,0,94,99,0.00984218,0.00975391,-0.144826,0.0107339,0,29.9842
30.0039,2.49025,1.35448,-0.0201443,0,0,0,0,94,99,0,0,0,0,0,traj_sz=100
30.004,2.49025,1.35448,-0.0201443,2.5,1.35,0,0,94,99,0.00984218,0.00975391,-0.144826,0.0107339,0,30.004
30.0239,2.49025,1.35448,-0.0201443,0,0,0,0,94,99,0,0,0,0,0,traj_sz=100
30.0239,2.49025,1.35448,-0.0201443,2.5,1.35,0,0,94,99,0.00984218,0.00975391,-0.144826,0.0107339,0,30.0239
30.0439,2.49025,1.35448,-0.0201443,0,0,0,0,94,99,0,0,0,0,0,traj_sz=100
30.044,2.49025,1.35448,-0.0201443,2.5,1.35,0,0,94,99,0.00984218,0.00975391,-0.144826,0.0107339,0,30.044
30.0639,2.49025,1.35448,-0.0201443,0,0,0,0,94,99,0,0,0,0,0,traj_sz=100
30.064,2.49025,1.35448,-0.0201443,2.5,1.35,0,0,94,99,0.00984218,0.00975391,-0.144826,0.0107339,0,30.064
30.0839,2.49025,1.35448,-0.0201443,0,0,0,0,94,99,0,0,0,0,0,traj_sz=100
30.0839,2.49025,1.35448,-0.0201443,2.5,1.35,0,0,94,99,0.00984218,0.00975391,-0.144826,0.0107339,0,30.0839
30.1038,2.49025,1.35448,-0.0201443,0,0,0,0,94,99,0,0,0,0,0,traj_sz=100
30.1039,2.49025,1.35448,-0.0201443,2.5,1.35,0,0,94,99,0.00984218,0.00975391,-0.144826,0.0107339,0,30.1039
30.1238,2.49025,1.35448,-0.0201443,0,0,0,0,94,99,0,0,0,0,0,traj_sz=100
30.1239,2.49025,1.35448,-0.0201443,2.5,1.35,0,0,94,99,0.00984218,0.00975391,-0.144826,0.0107339,0,30.1239
30.1439,2.49025,1.35448,-0.0201443,0,0,0,0,94,99,0,0,0,0,0,traj_sz=100
30.1442,2.49025,1.35448,-0.0201443,2.5,1.35,0,0,94,99,0.00984218,0.00975391,-0.144826,0.0107339,0,30.1442
30.1639,2.49025,1.35448,-0.0201443,0,0,0,0,94,99,0,0,0,0,0,traj_sz=100
30.164,2.49025,1.35448,-0.0201443,2.5,1.35,0,0,94,99,0.00984218,0.00975391,-0.144826,0.0107339,0,30.164
30.1839,2.49025,1.35448,-0.0201443,0,0,0,0,94,99,0,0,0,0,0,traj_sz=100
30.184,2.49025,1.35448,-0.0201443,2.5,1.35,0,0,94,99,0.00984218,0.00975391,-0.144826,0.0107339,0,30.184
30.204,2.49025,1.35448,-0.0201443,0,0,0,0,94,99,0,0,0,0,0,traj_sz=100
30.2042,2.49025,1.35448,-0.0201443,2.5,1.35,0,0,94,99,0.00984218,0.00975391,-0.144826,0.0107339,0,30.2042
30.2238,2.49025,1.35448,-0.0201443,0,0,0,0,94,99,0,0,0,0,0,traj_sz=100
30.2239,2.49025,1.35448,-0.0201443,2.5,1.35,0,0,94,99,0.00984218,0.00975391,-0.144826,0.0107339,0,30.2239
