time,obj_x,obj_y,obj_yaw,ref_x,ref_y,ref_yaw,ref_v,car_idx,lk_idx,relative_x,throttle,steering,approach_dist,approached,elapsed
-1,0,0,0,0,0,0,0,0,0,0,0,0,0,0,traj_sz=0
-1,0,0,0,0,0,0,0,0,0,0,0,0,0,0,traj_sz=0
-1,0,0,0,0,0,0,0,0,0,0,0,0,0,0,traj_sz=0
-1,0,0,0,0,0,0,0,0,0,0,0,0,0,0,traj_sz=0
-1,0,0,0,0,0,0,0,0,0,0,0,0,0,0,traj_sz=0
-1,0,0,0,0,0,0,0,0,0,0,0,0,0,0,traj_sz=0
-1,0,0,0,0,0,0,0,0,0,0,0,0,0,0,traj_sz=0
-1,0,0,0,0,0,0,0,0,0,0,0,0,0,0,traj_sz=0
-1,0,0,0,0,0,0,0,0,0,0,0,0,0,0,traj_sz=0
-1,0,0,0,0,0,0,0,0,0,0,0,0,0,0,traj_sz=0
-1,0,0,0,0,0,0,0,0,0,0,0,0,0,0,traj_sz=0
-1,0,0,0,0,0,0,0,0,0,0,0,0,0,0,traj_sz=0
-1,0,0,0,0,0,0,0,0,0,0,0,0,0,0,traj_sz=0
-1,0.25192,1.51437,-0.00184846,0,0,0,0,0,0,0,0,0,0,0,traj_sz=0
-1,0.25192,1.51437,-0.00184846,0,0,0,0,0,0,0,0,0,0,0,traj_sz=0
-1,0.25192,1.51437,-0.00184846,0,0,0,0,0,0,0,0,0,0,0,traj_sz=0
-1,0.25192,1.51437,-0.00184846,0,0,0,0,0,0,0,0,0,0,0,traj_sz=0
-1,0.25192,1.51437,-0.00184846,0,0,0,0,0,0,0,0,0,0,0,traj_sz=0
-1,0.25192,1.51437,-0.00184846,0,0,0,0,0,0,0,0,0,0,0,traj_sz=0
-1,0.25192,1.51437,-0.00184846,0,0,0,0,0,0,0,0,0,0,0,traj_sz=0
-1,0.25192,1.51437,-0.00184846,0,0,0,0,0,0,0,0,0,0,0,traj_sz=0
-1,0.25192,1.51437,-0.00184846,0,0,0,0,0,0,0,0,0,0,0,traj_sz=0
-1,0.25192,1.51437,-0.00184846,0,0,0,0,0,0,0,0,0,0,0,traj_sz=0
-1,0.25192,1.51437,-0.00184846,0,0,0,0,0,0,0,0,0,0,0,traj_sz=0
-1,0.25192,1.51437,-0.00184846,0,0,0,0,0,0,0,0,0,0,0,traj_sz=0
-1,0.25192,1.51437,-0.00184846,0,0,0,0,0,0,0,0,0,0,0,traj_sz=0
-1,0.25192,1.51437,-0.00184846,0,0,0,0,0,0,0,0,0,0,0,traj_sz=0
-1,0.25192,1.51437,-0.00184846,0,0,0,0,0,0,0,0,0,0,0,traj_sz=0
-1,0.25192,1.51437,-0.00184846,0,0,0,0,0,0,0,0,0,0,0,traj_sz=0
-1,0.25192,1.51437,-0.00184846,0,0,0,0,0,0,0,0,0,0,0,traj_sz=0
-1,0.25192,1.51437,-0.00184846,0,0,0,0,0,0,0,0,0,0,0,traj_sz=0
-1,0.25192,1.51437,-0.00184846,0,0,0,0,0,0,0,0,0,0,0,traj_sz=0
-1,0.25192,1.51437,-0.00184846,0,0,0,0,0,0,0,0,0,0,0,traj_sz=0
-1,0.25192,1.51437,-0.00184846,0,0,0,0,0,0,0,0,0,0,0,traj_sz=0
-1,0.25192,1.51437,-0.00184846,0,0,0,0,0,0,0,0,0,0,0,traj_sz=0
-1,0.25192,1.51437,-0.00184846,0,0,0,0,0,0,0,0,0,0,0,traj_sz=0
-1,0.25192,1.51437,-0.00184846,0,0,0,0,0,0,0,0,0,0,0,traj_sz=0
-1,0.25192,1.51437,-0.00184846,0,0,0,0,0,0,0,0,0,0,0,traj_sz=0
-1,0.25192,1.51437,-0.00184846,0,0,0,0,0,0,0,0,0,0,0,traj_sz=0
-1,0.25192,1.51437,-0.00184846,0,0,0,0,0,0,0,0,0,0,0,traj_sz=0
-1,0.25192,1.51437,-0.00184846,0,0,0,0,0,0,0,0,0,0,0,traj_sz=0
-1,0.25192,1.51437,-0.00184846,0,0,0,0,0,0,0,0,0,0,0,traj_sz=0
-1,0.25192,1.51437,-0.00184846,0,0,0,0,0,0,0,0,0,0,0,traj_sz=0
-1,0.25192,1.51437,-0.00184846,0,0,0,0,0,0,0,0,0,0,0,traj_sz=0
-1,0.25192,1.51437,-0.00184846,0,0,0,0,0,0,0,0,0,0,0,traj_sz=0
-1,0.25192,1.51437,-0.00184846,0,0,0,0,0,0,0,0,0,0,0,traj_sz=0
-1,0.25192,1.51437,-0.00184846,0,0,0,0,0,0,0,0,0,0,0,traj_sz=0
-1,0.25192,1.51437,-0.00184846,0,0,0,0,0,0,0,0,0,0,0,traj_sz=0
-1,0.25192,1.51437,-0.00184846,0,0,0,0,0,0,0,0,0,0,0,traj_sz=0
-1,0.25192,1.51437,-0.00184846,0,0,0,0,0,0,0,0,0,0,0,traj_sz=0
-1,0.25192,1.51437,-0.00184846,0,0,0,0,0,0,0,0,0,0,0,traj_sz=0
-1,0.25192,1.51437,-0.00184846,0,0,0,0,0,0,0,0,0,0,0,traj_sz=0
-1,0.25192,1.51437,-0.00184846,0,0,0,0,0,0,0,0,0,0,0,traj_sz=0
-1,0.25192,1.51437,-0.00184846,0,0,0,0,0,0,0,0,0,0,0,traj_sz=0
-1,0.25192,1.51437,-0.00184846,0,0,0,0,0,0,0,0,0,0,0,traj_sz=0
-1,0.25192,1.51437,-0.00184846,0,0,0,0,0,0,0,0,0,0,0,traj_sz=0
-1,0.25192,1.51437,-0.00184846,0,0,0,0,0,0,0,0,0,0,0,traj_sz=0
-1,0.25192,1.51437,-0.00184846,0,0,0,0,0,0,0,0,0,0,0,traj_sz=0
-1,0.25192,1.51437,-0.00184846,0,0,0,0,0,0,0,0,0,0,0,traj_sz=0
-1,0.25192,1.51437,-0.00184846,0,0,0,0,0,0,0,0,0,0,0,traj_sz=0
-1,0.25192,1.51437,-0.00184846,0,0,0,0,0,0,0,0,0,0,0,traj_sz=0
-1,0.25192,1.51437,-0.00184846,0,0,0,0,0,0,0,0,0,0,0,traj_sz=0
-1,0.25192,1.51437,-0.00184846,0,0,0,0,0,0,0,0,0,0,0,traj_sz=0
-1,0.25192,1.51437,-0.00184846,0,0,0,0,0,0,0,0,0,0,0,traj_sz=0
-1,0.25192,1.51437,-0.00184846,0,0,0,0,0,0,0,0,0,0,0,traj_sz=0
-1,0.25192,1.51437,-0.00184846,0,0,0,0,0,0,0,0,0,0,0,traj_sz=0
-1,0.25192,1.51437,-0.00184846,0,0,0,0,0,0,0,0,0,0,0,traj_sz=0
-1,0.25192,1.51437,-0.00184846,0,0,0,0,0,0,0,0,0,0,0,traj_sz=0
-1,0.25192,1.51437,-0.00184846,0,0,0,0,0,0,0,0,0,0,0,traj_sz=0
-1,0.25192,1.51437,-0.00184846,0,0,0,0,0,0,0,0,0,0,0,traj_sz=0
-1,0.25192,1.51437,-0.00184846,0,0,0,0,0,0,0,0,0,0,0,traj_sz=0
-1,0.25192,1.51437,-0.00184846,0,0,0,0,0,0,0,0,0,0,0,traj_sz=0
-1,0.25192,1.51437,-0.00184846,0,0,0,0,0,0,0,0,0,0,0,traj_sz=0
-1,0.25192,1.51437,-0.00184846,0,0,0,0,0,0,0,0,0,0,0,traj_sz=0
-1,0.25192,1.51437,-0.00184846,0,0,0,0,0,0,0,0,0,0,0,traj_sz=0
-1,0.25192,1.51437,-0.00184846,0,0,0,0,0,0,0,0,0,0,0,traj_sz=0
-1,0.25192,1.51437,-0.00184846,0,0,0,0,0,0,0,0,0,0,0,traj_sz=0
-1,0.25192,1.51437,-0.00184846,0,0,0,0,0,0,0,0,0,0,0,traj_sz=0
-1,0.25192,1.51437,-0.00184846,0,0,0,0,0,0,0,0,0,0,0,traj_sz=0
-1,0.25192,1.51437,-0.00184846,0,0,0,0,0,0,0,0,0,0,0,traj_sz=0
-1,0.25192,1.51437,-0.00184846,0,0,0,0,0,0,0,0,0,0,0,traj_sz=0
-1,0.25192,1.51437,-0.00184846,0,0,0,0,0,0,0,0,0,0,0,traj_sz=0
-1,0.25192,1.51437,-0.00184846,0,0,0,0,0,0,0,0,0,0,0,traj_sz=0
-1,0.25192,1.51437,-0.00184846,0,0,0,0,0,0,0,0,0,0,0,traj_sz=0
-1,0.25192,1.51437,-0.00184846,0,0,0,0,0,0,0,0,0,0,0,traj_sz=0
-1,0.25192,1.51437,-0.00184846,0,0,0,0,0,0,0,0,0,0,0,traj_sz=0
-1,0.25192,1.51437,-0.00184846,0,0,0,0,0,0,0,0,0,0,0,traj_sz=0
-1,0.25192,1.51437,-0.00184846,0,0,0,0,0,0,0,0,0,0,0,traj_sz=0
-1,0.25192,1.51437,-0.00184846,0,0,0,0,0,0,0,0,0,0,0,traj_sz=0
-1,0.25192,1.51437,-0.00184846,0,0,0,0,0,0,0,0,0,0,0,traj_sz=0
-1,0.25192,1.51437,-0.00184846,0,0,0,0,0,0,0,0,0,0,0,traj_sz=0
-1,0.25192,1.51437,-0.00184846,0,0,0,0,0,0,0,0,0,0,0,traj_sz=0
-1,0.25192,1.51437,-0.00184846,0,0,0,0,0,0,0,0,0,0,0,traj_sz=0
-1,0.25192,1.51437,-0.00184846,0,0,0,0,0,0,0,0,0,0,0,traj_sz=0
-1,0.25192,1.51437,-0.00184846,0,0,0,0,0,0,0,0,0,0,0,traj_sz=0
-1,0.25192,1.51437,-0.00184846,0,0,0,0,0,0,0,0,0,0,0,traj_sz=0
-1,0.25192,1.51437,-0.00184846,0,0,0,0,0,0,0,0,0,0,0,traj_sz=0
-1,0.25192,1.51437,-0.00184846,0,0,0,0,0,0,0,0,0,0,0,traj_sz=0
-1,0.25192,1.51437,-0.00184846,0,0,0,0,0,0,0,0,0,0,0,traj_sz=0
-1,0.25192,1.51437,-0.00184846,0,0,0,0,0,0,0,0,0,0,0,traj_sz=0
-1,0.25192,1.51437,-0.00184846,0,0,0,0,0,0,0,0,0,0,0,traj_sz=0
-1,0.25192,1.51437,-0.00184846,0,0,0,0,0,0,0,0,0,0,0,traj_sz=0
-1,0.25192,1.51437,-0.00184846,0,0,0,0,0,0,0,0,0,0,0,traj_sz=0
-1,0.25192,1.51437,-0.00184846,0,0,0,0,0,0,0,0,0,0,0,traj_sz=0
-1,0.25192,1.51437,-0.00184846,0,0,0,0,0,0,0,0,0,0,0,traj_sz=0
-1,0.25192,1.51437,-0.00184846,0,0,0,0,0,0,0,0,0,0,0,traj_sz=0
-1,0.25192,1.51437,-0.00184846,0,0,0,0,0,0,0,0,0,0,0,traj_sz=0
-1,0.25192,1.51437,-0.00184846,0,0,0,0,0,0,0,0,0,0,0,traj_sz=0
-1,0.25192,1.51437,-0.00184846,0,0,0,0,0,0,0,0,0,0,0,traj_sz=0
-1,0.25192,1.51437,-0.00184846,0,0,0,0,0,0,0,0,0,0,0,traj_sz=0
-1,0.25192,1.51437,-0.00184846,0,0,0,0,0,0,0,0,0,0,0,traj_sz=0
-1,0.25192,1.51437,-0.00184846,0,0,0,0,0,0,0,0,0,0,0,traj_sz=0
-1,0.25192,1.51437,-0.00184846,0,0,0,0,0,0,0,0,0,0,0,traj_sz=0
-1,0.25192,1.51437,-0.00184846,0,0,0,0,0,0,0,0,0,0,0,traj_sz=0
-1,0.25192,1.51437,-0.00184846,0,0,0,0,0,0,0,0,0,0,0,traj_sz=0
-1,0.25192,1.51437,-0.00184846,0,0,0,0,0,0,0,0,0,0,0,traj_sz=0
-1,0.25192,1.51437,-0.00184846,0,0,0,0,0,0,0,0,0,0,0,traj_sz=0
-1,0.25192,1.51437,-0.00184846,0,0,0,0,0,0,0,0,0,0,0,traj_sz=0
-1,0.25192,1.51437,-0.00184846,0,0,0,0,0,0,0,0,0,0,0,traj_sz=0
-1,0.25192,1.51437,-0.00184846,0,0,0,0,0,0,0,0,0,0,0,traj_sz=0
-1,0.25192,1.51437,-0.00184846,0,0,0,0,0,0,0,0,0,0,0,traj_sz=0
-1,0.25192,1.51437,-0.00184846,0,0,0,0,0,0,0,0,0,0,0,traj_sz=0
-1,0.25192,1.51437,-0.00184846,0,0,0,0,0,0,0,0,0,0,0,traj_sz=0
-1,0.25192,1.51437,-0.00184846,0,0,0,0,0,0,0,0,0,0,0,traj_sz=0
-1,0.25192,1.51437,-0.00184846,0,0,0,0,0,0,0,0,0,0,0,traj_sz=0
-1,0.25192,1.51437,-0.00184846,0,0,0,0,0,0,0,0,0,0,0,traj_sz=0
-1,0.25192,1.51437,-0.00184846,0,0,0,0,0,0,0,0,0,0,0,traj_sz=0
-1,0.25192,1.51437,-0.00184846,0,0,0,0,0,0,0,0,0,0,0,traj_sz=0
-1,0.25192,1.51437,-0.00184846,0,0,0,0,0,0,0,0,0,0,0,traj_sz=0
-1,0.25192,1.51437,-0.00184846,0,0,0,0,0,0,0,0,0,0,0,traj_sz=0
-1,0.25192,1.51437,-0.00184846,0,0,0,0,0,0,0,0,0,0,0,traj_sz=0
-1,0.25192,1.51437,-0.00184846,0,0,0,0,0,0,0,0,0,0,0,traj_sz=0
-1,0.25192,1.51437,-0.00184846,0,0,0,0,0,0,0,0,0,0,0,traj_sz=0
-1,0.25192,1.51437,-0.00184846,0,0,0,0,0,0,0,0,0,0,0,traj_sz=0
-1,0.25192,1.51437,-0.00184846,0,0,0,0,0,0,0,0,0,0,0,traj_sz=0
-1,0.25192,1.51437,-0.00184846,0,0,0,0,0,0,0,0,0,0,0,traj_sz=0
-1,0.25192,1.51437,-0.00184846,0,0,0,0,0,0,0,0,0,0,0,traj_sz=0
-1,0.25192,1.51437,-0.00184846,0,0,0,0,0,0,0,0,0,0,0,traj_sz=0
-1,0.25192,1.51437,-0.00184846,0,0,0,0,0,0,0,0,0,0,0,traj_sz=0
-1,0.25192,1.51437,-0.00184846,0,0,0,0,0,0,0,0,0,0,0,traj_sz=0
-1,0.25192,1.51437,-0.00184846,0,0,0,0,0,0,0,0,0,0,0,traj_sz=0
-1,0.25192,1.51437,-0.00184846,0,0,0,0,0,0,0,0,0,0,0,traj_sz=0
-1,0.25192,1.51437,-0.00184846,0,0,0,0,0,0,0,0,0,0,0,traj_sz=0
-1,0.25192,1.51437,-0.00184846,0,0,0,0,0,0,0,0,0,0,0,traj_sz=0
-1,0.25192,1.51437,-0.00184846,0,0,0,0,0,0,0,0,0,0,0,traj_sz=0
-1,0.25192,1.51437,-0.00184846,0,0,0,0,0,0,0,0,0,0,0,traj_sz=0
-1,0.25192,1.51437,-0.00184846,0,0,0,0,0,0,0,0,0,0,0,traj_sz=0
-1,0.25192,1.51437,-0.00184846,0,0,0,0,0,0,0,0,0,0,0,traj_sz=0
-1,0.25192,1.51437,-0.00184846,0,0,0,0,0,0,0,0,0,0,0,traj_sz=0
-1,0.25192,1.51437,-0.00184846,0,0,0,0,0,0,0,0,0,0,0,traj_sz=0
-1,0.25192,1.51437,-0.00184846,0,0,0,0,0,0,0,0,0,0,0,traj_sz=0
-1,0.25192,1.51437,-0.00184846,0,0,0,0,0,0,0,0,0,0,0,traj_sz=0
-1,0.25192,1.51437,-0.00184846,0,0,0,0,0,0,0,0,0,0,0,traj_sz=0
-1,0.25192,1.51437,-0.00184846,0,0,0,0,0,0,0,0,0,0,0,traj_sz=0
-1,0.25192,1.51437,-0.00184846,0,0,0,0,0,0,0,0,0,0,0,traj_sz=0
-1,0.25192,1.51437,-0.00184846,0,0,0,0,0,0,0,0,0,0,0,traj_sz=0
-1,0.25192,1.51437,-0.00184846,0,0,0,0,0,0,0,0,0,0,0,traj_sz=0
-1,0.25192,1.51437,-0.00184846,0,0,0,0,0,0,0,0,0,0,0,traj_sz=0
-1,0.25192,1.51437,-0.00184846,0,0,0,0,0,0,0,0,0,0,0,traj_sz=0
-1,0.25192,1.51437,-0.00184846,0,0,0,0,0,0,0,0,0,0,0,traj_sz=0
-1,0.25192,1.51437,-0.00184846,0,0,0,0,0,0,0,0,0,0,0,traj_sz=0
-1,0.25192,1.51437,-0.00184846,0,0,0,0,0,0,0,0,0,0,0,traj_sz=0
-1,0.25192,1.51437,-0.00184846,0,0,0,0,0,0,0,0,0,0,0,traj_sz=0
-1,0.25192,1.51437,-0.00184846,0,0,0,0,0,0,0,0,0,0,0,traj_sz=0
-1,0.25192,1.51437,-0.00184846,0,0,0,0,0,0,0,0,0,0,0,traj_sz=0
-1,0.25192,1.51437,-0.00184846,0,0,0,0,0,0,0,0,0,0,0,traj_sz=0
-1,0.25192,1.51437,-0.00184846,0,0,0,0,0,0,0,0,0,0,0,traj_sz=0
-1,0.25192,1.51437,-0.00184846,0,0,0,0,0,0,0,0,0,0,0,traj_sz=0
-1,0.25192,1.51437,-0.00184846,0,0,0,0,0,0,0,0,0,0,0,traj_sz=0
-1,0.25192,1.51437,-0.00184846,0,0,0,0,0,0,0,0,0,0,0,traj_sz=0
-1,0.25192,1.51437,-0.00184846,0,0,0,0,0,0,0,0,0,0,0,traj_sz=0
-1,0.25192,1.51437,-0.00184846,0,0,0,0,0,0,0,0,0,0,0,traj_sz=0
-1,0.25192,1.51437,-0.00184846,0,0,0,0,0,0,0,0,0,0,0,traj_sz=0
-1,0.25192,1.51437,-0.00184846,0,0,0,0,0,0,0,0,0,0,0,traj_sz=0
-1,0.25192,1.51437,-0.00184846,0,0,0,0,0,0,0,0,0,0,0,traj_sz=0
-1,0.25192,1.51437,-0.00184846,0,0,0,0,0,0,0,0,0,0,0,traj_sz=0
-1,0.25192,1.51437,-0.00184846,0,0,0,0,0,0,0,0,0,0,0,traj_sz=0
-1,0.25192,1.51437,-0.00184846,0,0,0,0,0,0,0,0,0,0,0,traj_sz=0
-1,0.25192,1.51437,-0.00184846,0,0,0,0,0,0,0,0,0,0,0,traj_sz=0
-1,0.25192,1.51437,-0.00184846,0,0,0,0,0,0,0,0,0,0,0,traj_sz=0
-1,0.25192,1.51437,-0.00184846,0,0,0,0,0,0,0,0,0,0,0,traj_sz=0
-1,0.25192,1.51437,-0.00184846,0,0,0,0,0,0,0,0,0,0,0,traj_sz=0
-1,0.25192,1.51437,-0.00184846,0,0,0,0,0,0,0,0,0,0,0,traj_sz=0
-1,0.25192,1.51437,-0.00184846,0,0,0,0,0,0,0,0,0,0,0,traj_sz=0
-1,0.25192,1.51437,-0.00184846,0,0,0,0,0,0,0,0,0,0,0,traj_sz=0
-1,0.25192,1.51437,-0.00184846,0,0,0,0,0,0,0,0,0,0,0,traj_sz=0
-1,0.25192,1.51437,-0.00184846,0,0,0,0,0,0,0,0,0,0,0,traj_sz=0
-1,0.25192,1.51437,-0.00184846,0,0,0,0,0,0,0,0,0,0,0,traj_sz=0
-1,0.25192,1.51437,-0.00184846,0,0,0,0,0,0,0,0,0,0,0,traj_sz=0
-1,0.25192,1.51437,-0.00184846,0,0,0,0,0,0,0,0,0,0,0,traj_sz=0
-1,0.25192,1.51437,-0.00184846,0,0,0,0,0,0,0,0,0,0,0,traj_sz=0
-1,0.25192,1.51437,-0.00184846,0,0,0,0,0,0,0,0,0,0,0,traj_sz=0
-1,0.25192,1.51437,-0.00184846,0,0,0,0,0,0,0,0,0,0,0,traj_sz=0
-1,0.25192,1.51437,-0.00184846,0,0,0,0,0,0,0,0,0,0,0,traj_sz=0
-1,0.25192,1.51437,-0.00184846,0,0,0,0,0,0,0,0,0,0,0,traj_sz=0
-1,0.25192,1.51437,-0.00184846,0,0,0,0,0,0,0,0,0,0,0,traj_sz=0
-1,0.25192,1.51437,-0.00184846,0,0,0,0,0,0,0,0,0,0,0,traj_sz=0
-1,0.25192,1.51437,-0.00184846,0,0,0,0,0,0,0,0,0,0,0,traj_sz=0
-1,0.25192,1.51437,-0.00184846,0,0,0,0,0,0,0,0,0,0,0,traj_sz=0
-1,0.25192,1.51437,-0.00184846,0,0,0,0,0,0,0,0,0,0,0,traj_sz=0
-1,0.25192,1.51437,-0.00184846,0,0,0,0,0,0,0,0,0,0,0,traj_sz=0
-1,0.25192,1.51437,-0.00184846,0,0,0,0,0,0,0,0,0,0,0,traj_sz=0
-1,0.25192,1.51437,-0.00184846,0,0,0,0,0,0,0,0,0,0,0,traj_sz=0
-1,0.25192,1.51437,-0.00184846,0,0,0,0,0,0,0,0,0,0,0,traj_sz=0
-1,0.25192,1.51437,-0.00184846,0,0,0,0,0,0,0,0,0,0,0,traj_sz=0
-1,0.25192,1.51437,-0.00184846,0,0,0,0,0,0,0,0,0,0,0,traj_sz=0
-1,0.25192,1.51437,-0.00184846,0,0,0,0,0,0,0,0,0,0,0,traj_sz=0
-1,0.25192,1.51437,-0.00184846,0,0,0,0,0,0,0,0,0,0,0,traj_sz=0
-1,0.25192,1.51437,-0.00184846,0,0,0,0,0,0,0,0,0,0,0,traj_sz=0
-1,0.25192,1.51437,-0.00184846,0,0,0,0,0,0,0,0,0,0,0,traj_sz=0
-1,0.25192,1.51437,-0.00184846,0,0,0,0,0,0,0,0,0,0,0,traj_sz=0
-1,0.25192,1.51437,-0.00184846,0,0,0,0,0,0,0,0,0,0,0,traj_sz=0
-1,0.25192,1.51437,-0.00184846,0,0,0,0,0,0,0,0,0,0,0,traj_sz=0
-1,0.25192,1.51437,-0.00184846,0,0,0,0,0,0,0,0,0,0,0,traj_sz=0
-1,0.25192,1.51437,-0.00184846,0,0,0,0,0,0,0,0,0,0,0,traj_sz=0
-1,0.25192,1.51437,-0.00184846,0,0,0,0,0,0,0,0,0,0,0,traj_sz=0
-1,0.25192,1.51437,-0.00184846,0,0,0,0,0,0,0,0,0,0,0,traj_sz=0
-1,0.25192,1.51437,-0.00184846,0,0,0,0,0,0,0,0,0,0,0,traj_sz=0
-1,0.25192,1.51437,-0.00184846,0,0,0,0,0,0,0,0,0,0,0,traj_sz=0
-1,0.25192,1.51437,-0.00184846,0,0,0,0,0,0,0,0,0,0,0,traj_sz=0
-1,0.25192,1.51437,-0.00184846,0,0,0,0,0,0,0,0,0,0,0,traj_sz=0
-1,0.25192,1.51437,-0.00184846,0,0,0,0,0,0,0,0,0,0,0,traj_sz=0
-1,0.25192,1.51437,-0.00184846,0,0,0,0,0,0,0,0,0,0,0,traj_sz=0
-1,0.25192,1.51437,-0.00184846,0,0,0,0,0,0,0,0,0,0,0,traj_sz=0
-1,0.25192,1.51437,-0.00184846,0,0,0,0,0,0,0,0,0,0,0,traj_sz=0
-1,0.25192,1.51437,-0.00184846,0,0,0,0,0,0,0,0,0,0,0,traj_sz=0
-1,0.25192,1.51437,-0.00184846,0,0,0,0,0,0,0,0,0,0,0,traj_sz=0
-1,0.25192,1.51437,-0.00184846,0,0,0,0,0,0,0,0,0,0,0,traj_sz=0
-1,0.25192,1.51437,-0.00184846,0,0,0,0,0,0,0,0,0,0,0,traj_sz=0
-1,0.25192,1.51437,-0.00184846,0,0,0,0,0,0,0,0,0,0,0,traj_sz=0
-1,0.25192,1.51437,-0.00184846,0,0,0,0,0,0,0,0,0,0,0,traj_sz=0
-1,0.25192,1.51437,-0.00184846,0,0,0,0,0,0,0,0,0,0,0,traj_sz=0
-1,0.25192,1.51437,-0.00184846,0,0,0,0,0,0,0,0,0,0,0,traj_sz=0
-1,0.25192,1.51437,-0.00184846,0,0,0,0,0,0,0,0,0,0,0,traj_sz=0
-1,0.25192,1.51437,-0.00184846,0,0,0,0,0,0,0,0,0,0,0,traj_sz=0
-1,0.25192,1.51437,-0.00184846,0,0,0,0,0,0,0,0,0,0,0,traj_sz=0
-1,0.25192,1.51437,-0.00184846,0,0,0,0,0,0,0,0,0,0,0,traj_sz=0
-1,0.25192,1.51437,-0.00184846,0,0,0,0,0,0,0,0,0,0,0,traj_sz=0
-1,0.25192,1.51437,-0.00184846,0,0,0,0,0,0,0,0,0,0,0,traj_sz=0
-1,0.25192,1.51437,-0.00184846,0,0,0,0,0,0,0,0,0,0,0,traj_sz=0
-1,0.25192,1.51437,-0.00184846,0,0,0,0,0,0,0,0,0,0,0,traj_sz=0
-1,0.25192,1.51437,-0.00184846,0,0,0,0,0,0,0,0,0,0,0,traj_sz=0
-1,0.25192,1.51437,-0.00184846,0,0,0,0,0,0,0,0,0,0,0,traj_sz=0
-1,0.25192,1.51437,-0.00184846,0,0,0,0,0,0,0,0,0,0,0,traj_sz=0
-1,0.25192,1.51437,-0.00184846,0,0,0,0,0,0,0,0,0,0,0,traj_sz=0
-1,0.25192,1.51437,-0.00184846,0,0,0,0,0,0,0,0,0,0,0,traj_sz=0
-1,0.25192,1.51437,-0.00184846,0,0,0,0,0,0,0,0,0,0,0,traj_sz=0
-1,0.25192,1.51437,-0.00184846,0,0,0,0,0,0,0,0,0,0,0,traj_sz=0
-1,0.25192,1.51437,-0.00184846,0,0,0,0,0,0,0,0,0,0,0,traj_sz=0
-1,0.25192,1.51437,-0.00184846,0,0,0,0,0,0,0,0,0,0,0,traj_sz=0
-1,0.25192,1.51437,-0.00184846,0,0,0,0,0,0,0,0,0,0,0,traj_sz=0
-1,0.25192,1.51437,-0.00184846,0,0,0,0,0,0,0,0,0,0,0,traj_sz=0
-1,0.25192,1.51437,-0.00184846,0,0,0,0,0,0,0,0,0,0,0,traj_sz=0
-1,0.25192,1.51437,-0.00184846,0,0,0,0,0,0,0,0,0,0,0,traj_sz=0
-1,0.25192,1.51437,-0.00184846,0,0,0,0,0,0,0,0,0,0,0,traj_sz=0
-1,0.25192,1.51437,-0.00184846,0,0,0,0,0,0,0,0,0,0,0,traj_sz=0
-1,0.25192,1.51437,-0.00184846,0,0,0,0,0,0,0,0,0,0,0,traj_sz=0
-1,0.25192,1.51437,-0.00184846,0,0,0,0,0,0,0,0,0,0,0,traj_sz=0
-1,0.25192,1.51437,-0.00184846,0,0,0,0,0,0,0,0,0,0,0,traj_sz=0
-1,0.25192,1.51437,-0.00184846,0,0,0,0,0,0,0,0,0,0,0,traj_sz=0
-1,0.25192,1.51437,-0.00184846,0,0,0,0,0,0,0,0,0,0,0,traj_sz=0
-1,0.25192,1.51437,-0.00184846,0,0,0,0,0,0,0,0,0,0,0,traj_sz=0
-1,0.25192,1.51437,-0.00184846,0,0,0,0,0,0,0,0,0,0,0,traj_sz=0
-1,0.25192,1.51437,-0.00184846,0,0,0,0,0,0,0,0,0,0,0,traj_sz=0
-1,0.25192,1.51437,-0.00184846,0,0,0,0,0,0,0,0,0,0,0,traj_sz=0
-1,0.25192,1.51437,-0.00184846,0,0,0,0,0,0,0,0,0,0,0,traj_sz=0
-1,0.25192,1.51437,-0.00184846,0,0,0,0,0,0,0,0,0,0,0,traj_sz=0
-1,0.25192,1.51437,-0.00184846,0,0,0,0,0,0,0,0,0,0,0,traj_sz=0
-1,0.25192,1.51437,-0.00184846,0,0,0,0,0,0,0,0,0,0,0,traj_sz=0
-1,0.25192,1.51437,-0.00184846,0,0,0,0,0,0,0,0,0,0,0,traj_sz=0
-1,0.25192,1.51437,-0.00184846,0,0,0,0,0,0,0,0,0,0,0,traj_sz=0
-1,0.25192,1.51437,-0.00184846,0,0,0,0,0,0,0,0,0,0,0,traj_sz=0
-1,0.25192,1.51437,-0.00184846,0,0,0,0,0,0,0,0,0,0,0,traj_sz=0
-1,0.25192,1.51437,-0.00184846,0,0,0,0,0,0,0,0,0,0,0,traj_sz=0
-1,0.25192,1.51437,-0.00184846,0,0,0,0,0,0,0,0,0,0,0,traj_sz=0
-1,0.25192,1.51437,-0.00184846,0,0,0,0,0,0,0,0,0,0,0,traj_sz=0
-1,0.25192,1.51437,-0.00184846,0,0,0,0,0,0,0,0,0,0,0,traj_sz=0
-1,0.25192,1.51437,-0.00184846,0,0,0,0,0,0,0,0,0,0,0,traj_sz=0
-1,0.25192,1.51437,-0.00184846,0,0,0,0,0,0,0,0,0,0,0,traj_sz=0
-1,0.25192,1.51437,-0.00184846,0,0,0,0,0,0,0,0,0,0,0,traj_sz=0
-1,0.25192,1.51437,-0.00184846,0,0,0,0,0,0,0,0,0,0,0,traj_sz=0
-1,0.25192,1.51437,-0.00184846,0,0,0,0,0,0,0,0,0,0,0,traj_sz=0
-1,0.25192,1.51437,-0.00184846,0,0,0,0,0,0,0,0,0,0,0,traj_sz=0
-1,0.25192,1.51437,-0.00184846,0,0,0,0,0,0,0,0,0,0,0,traj_sz=0
-1,0.25192,1.51437,-0.00184846,0,0,0,0,0,0,0,0,0,0,0,traj_sz=0
-1,0.25192,1.51437,-0.00184846,0,0,0,0,0,0,0,0,0,0,0,traj_sz=0
-1,0.25192,1.51437,-0.00184846,0,0,0,0,0,0,0,0,0,0,0,traj_sz=0
-1,0.25192,1.51437,-0.00184846,0,0,0,0,0,0,0,0,0,0,0,traj_sz=0
-1,0.25192,1.51437,-0.00184846,0,0,0,0,0,0,0,0,0,0,0,traj_sz=0
-1,0.25192,1.51437,-0.00184846,0,0,0,0,0,0,0,0,0,0,0,traj_sz=0
-1,0.25192,1.51437,-0.00184846,0,0,0,0,0,0,0,0,0,0,0,traj_sz=0
-1,0.25192,1.51437,-0.00184846,0,0,0,0,0,0,0,0,0,0,0,traj_sz=0
-1,0.25192,1.51437,-0.00184846,0,0,0,0,0,0,0,0,0,0,0,traj_sz=0
-1,0.25192,1.51437,-0.00184846,0,0,0,0,0,0,0,0,0,0,0,traj_sz=0
-1,0.25192,1.51437,-0.00184846,0,0,0,0,0,0,0,0,0,0,0,traj_sz=0
-1,0.25192,1.51437,-0.00184846,0,0,0,0,0,0,0,0,0,0,0,traj_sz=0
-1,0.25192,1.51437,-0.00184846,0,0,0,0,0,0,0,0,0,0,0,traj_sz=0
-1,0.25192,1.51437,-0.00184846,0,0,0,0,0,0,0,0,0,0,0,traj_sz=0
-1,0.25192,1.51437,-0.00184846,0,0,0,0,0,0,0,0,0,0,0,traj_sz=0
-1,0.25192,1.51437,-0.00184846,0,0,0,0,0,0,0,0,0,0,0,traj_sz=0
-1,0.25192,1.51437,-0.00184846,0,0,0,0,0,0,0,0,0,0,0,traj_sz=0
-1,0.25192,1.51437,-0.00184846,0,0,0,0,0,0,0,0,0,0,0,traj_sz=0
-1,0.25192,1.51437,-0.00184846,0,0,0,0,0,0,0,0,0,0,0,traj_sz=0
-1,0.25192,1.51437,-0.00184846,0,0,0,0,0,0,0,0,0,0,0,traj_sz=0
-1,0.25192,1.51437,-0.00184846,0,0,0,0,0,0,0,0,0,0,0,traj_sz=0
-1,0.25192,1.51437,-0.00184846,0,0,0,0,0,0,0,0,0,0,0,traj_sz=0
-1,0.25192,1.51437,-0.00184846,0,0,0,0,0,0,0,0,0,0,0,traj_sz=0
-1,0.25192,1.51437,-0.00184846,0,0,0,0,0,0,0,0,0,0,0,traj_sz=0
-1,0.25192,1.51437,-0.00184846,0,0,0,0,0,0,0,0,0,0,0,traj_sz=0
-1,0.25192,1.51437,-0.00184846,0,0,0,0,0,0,0,0,0,0,0,traj_sz=0
-1,0.25192,1.51437,-0.00184846,0,0,0,0,0,0,0,0,0,0,0,traj_sz=0
-1,0.25192,1.51437,-0.00184846,0,0,0,0,0,0,0,0,0,0,0,traj_sz=0
-1,0.25192,1.51437,-0.00184846,0,0,0,0,0,0,0,0,0,0,0,traj_sz=0
-1,0.25192,1.51437,-0.00184846,0,0,0,0,0,0,0,0,0,0,0,traj_sz=0
-1,0.25192,1.51437,-0.00184846,0,0,0,0,0,0,0,0,0,0,0,traj_sz=0
-1,0.25192,1.51437,-0.00184846,0,0,0,0,0,0,0,0,0,0,0,traj_sz=0
-1,0.25192,1.51437,-0.00184846,0,0,0,0,0,0,0,0,0,0,0,traj_sz=0
-1,0.25192,1.51437,-0.00184846,0,0,0,0,0,0,0,0,0,0,0,traj_sz=0
-1,0.25192,1.51437,-0.00184846,0,0,0,0,0,0,0,0,0,0,0,traj_sz=0
-1,0.25192,1.51437,-0.00184846,0,0,0,0,0,0,0,0,0,0,0,traj_sz=0
-1,0.25192,1.51437,-0.00184846,0,0,0,0,0,0,0,0,0,0,0,traj_sz=0
-1,0.25192,1.51437,-0.00184846,0,0,0,0,0,0,0,0,0,0,0,traj_sz=0
-1,0.25192,1.51437,-0.00184846,0,0,0,0,0,0,0,0,0,0,0,traj_sz=0
-1,0.25192,1.51437,-0.00184846,0,0,0,0,0,0,0,0,0,0,0,traj_sz=0
-1,0.25192,1.51437,-0.00184846,0,0,0,0,0,0,0,0,0,0,0,traj_sz=0
-1,0.25192,1.51437,-0.00184846,0,0,0,0,0,0,0,0,0,0,0,traj_sz=0
-1,0.25192,1.51437,-0.00184846,0,0,0,0,0,0,0,0,0,0,0,traj_sz=0
-1,0.25192,1.51437,-0.00184846,0,0,0,0,0,0,0,0,0,0,0,traj_sz=0
-1,0.25192,1.51437,-0.00184846,0,0,0,0,0,0,0,0,0,0,0,traj_sz=0
-1,0.25192,1.51437,-0.00184846,0,0,0,0,0,0,0,0,0,0,0,traj_sz=0
-1,0.25192,1.51437,-0.00184846,0,0,0,0,0,0,0,0,0,0,0,traj_sz=0
-1,0.25192,1.51437,-0.00184846,0,0,0,0,0,0,0,0,0,0,0,traj_sz=0
-1,0.25192,1.51437,-0.00184846,0,0,0,0,0,0,0,0,0,0,0,traj_sz=0
-1,0.25192,1.51437,-0.00184846,0,0,0,0,0,0,0,0,0,0,0,traj_sz=0
-1,0.25192,1.51437,-0.00184846,0,0,0,0,0,0,0,0,0,0,0,traj_sz=0
-1,0.25192,1.51437,-0.00184846,0,0,0,0,0,0,0,0,0,0,0,traj_sz=0
-1,0.25192,1.51437,-0.00184846,0,0,0,0,0,0,0,0,0,0,0,traj_sz=0
-1,0.25192,1.51437,-0.00184846,0,0,0,0,0,0,0,0,0,0,0,traj_sz=0
-1,0.25192,1.51437,-0.00184846,0,0,0,0,0,0,0,0,0,0,0,traj_sz=0
-1,0.25192,1.51437,-0.00184846,0,0,0,0,0,0,0,0,0,0,0,traj_sz=0
-1,0.25192,1.51437,-0.00184846,0,0,0,0,0,0,0,0,0,0,0,traj_sz=0
-1,0.25192,1.51437,-0.00184846,0,0,0,0,0,0,0,0,0,0,0,traj_sz=0
-1,0.25192,1.51437,-0.00184846,0,0,0,0,0,0,0,0,0,0,0,traj_sz=0
-1,0.25192,1.51437,-0.00184846,0,0,0,0,0,0,0,0,0,0,0,traj_sz=0
-1,0.25192,1.51437,-0.00184846,0,0,0,0,0,0,0,0,0,0,0,traj_sz=0
-1,0.25192,1.51437,-0.00184846,0,0,0,0,0,0,0,0,0,0,0,traj_sz=0
-1,0.25192,1.51437,-0.00184846,0,0,0,0,0,0,0,0,0,0,0,traj_sz=0
-1,0.25192,1.51437,-0.00184846,0,0,0,0,0,0,0,0,0,0,0,traj_sz=0
-1,0.25192,1.51437,-0.00184846,0,0,0,0,0,0,0,0,0,0,0,traj_sz=0
-1,0.25192,1.51437,-0.00184846,0,0,0,0,0,0,0,0,0,0,0,traj_sz=0
-1,0.25192,1.51437,-0.00184846,0,0,0,0,0,0,0,0,0,0,0,traj_sz=0
-1,0.25192,1.51437,-0.00184846,0,0,0,0,0,0,0,0,0,0,0,traj_sz=0
-1,0.25192,1.51437,-0.00184846,0,0,0,0,0,0,0,0,0,0,0,traj_sz=0
-1,0.25192,1.51437,-0.00184846,0,0,0,0,0,0,0,0,0,0,0,traj_sz=0
-1,0.25192,1.51437,-0.00184846,0,0,0,0,0,0,0,0,0,0,0,traj_sz=0
-1,0.25192,1.51437,-0.00184846,0,0,0,0,0,0,0,0,0,0,0,traj_sz=0
-1,0.25192,1.51437,-0.00184846,0,0,0,0,0,0,0,0,0,0,0,traj_sz=0
-1,0.25192,1.51437,-0.00184846,0,0,0,0,0,0,0,0,0,0,0,traj_sz=0
-1,0.25192,1.51437,-0.00184846,0,0,0,0,0,0,0,0,0,0,0,traj_sz=0
-1,0.25192,1.51437,-0.00184846,0,0,0,0,0,0,0,0,0,0,0,traj_sz=0
-1,0.25192,1.51437,-0.00184846,0,0,0,0,0,0,0,0,0,0,0,traj_sz=0
-1,0.25192,1.51437,-0.00184846,0,0,0,0,0,0,0,0,0,0,0,traj_sz=0
-1,0.25192,1.51437,-0.00184846,0,0,0,0,0,0,0,0,0,0,0,traj_sz=0
-1,0.25192,1.51437,-0.00184846,0,0,0,0,0,0,0,0,0,0,0,traj_sz=0
-1,0.25192,1.51437,-0.00184846,0,0,0,0,0,0,0,0,0,0,0,traj_sz=0
-1,0.25192,1.51437,-0.00184846,0,0,0,0,0,0,0,0,0,0,0,traj_sz=0
-1,0.25192,1.51437,-0.00184846,0,0,0,0,0,0,0,0,0,0,0,traj_sz=0
-1,0.25192,1.51437,-0.00184846,0,0,0,0,0,0,0,0,0,0,0,traj_sz=0
-1,0.25192,1.51437,-0.00184846,0,0,0,0,0,0,0,0,0,0,0,traj_sz=0
-1,0.25192,1.51437,-0.00184846,0,0,0,0,0,0,0,0,0,0,0,traj_sz=0
-1,0.25192,1.51437,-0.00184846,0,0,0,0,0,0,0,0,0,0,0,traj_sz=0
-1,0.25192,1.51437,-0.00184846,0,0,0,0,0,0,0,0,0,0,0,traj_sz=0
-1,0.25192,1.51437,-0.00184846,0,0,0,0,0,0,0,0,0,0,0,traj_sz=0
-1,0.25192,1.51437,-0.00184846,0,0,0,0,0,0,0,0,0,0,0,traj_sz=0
-1,0.25192,1.51437,-0.00184846,0,0,0,0,0,0,0,0,0,0,0,traj_sz=0
-1,0.25192,1.51437,-0.00184846,0,0,0,0,0,0,0,0,0,0,0,traj_sz=0
-1,0.25192,1.51437,-0.00184846,0,0,0,0,0,0,0,0,0,0,0,traj_sz=0
-1,0.25192,1.51437,-0.00184846,0,0,0,0,0,0,0,0,0,0,0,traj_sz=0
-1,0.25192,1.51437,-0.00184846,0,0,0,0,0,0,0,0,0,0,0,traj_sz=0
-1,0.25192,1.51437,-0.00184846,0,0,0,0,0,0,0,0,0,0,0,traj_sz=0
-1,0.25192,1.51437,-0.00184846,0,0,0,0,0,0,0,0,0,0,0,traj_sz=0
-1,0.25192,1.51437,-0.00184846,0,0,0,0,0,0,0,0,0,0,0,traj_sz=0
-1,0.25192,1.51437,-0.00184846,0,0,0,0,0,0,0,0,0,0,0,traj_sz=0
-1,0.25192,1.51437,-0.00184846,0,0,0,0,0,0,0,0,0,0,0,traj_sz=0
-1,0.25192,1.51437,-0.00184846,0,0,0,0,0,0,0,0,0,0,0,traj_sz=0
-1,0.25192,1.51437,-0.00184846,0,0,0,0,0,0,0,0,0,0,0,traj_sz=0
-1,0.25192,1.51437,-0.00184846,0,0,0,0,0,0,0,0,0,0,0,traj_sz=0
-1,0.25192,1.51437,-0.00184846,0,0,0,0,0,0,0,0,0,0,0,traj_sz=0
-1,0.25192,1.51437,-0.00184846,0,0,0,0,0,0,0,0,0,0,0,traj_sz=0
-1,0.25192,1.51437,-0.00184846,0,0,0,0,0,0,0,0,0,0,0,traj_sz=0
-1,0.25192,1.51437,-0.00184846,0,0,0,0,0,0,0,0,0,0,0,traj_sz=0
-1,0.25192,1.51437,-0.00184846,0,0,0,0,0,0,0,0,0,0,0,traj_sz=0
-1,0.25192,1.51437,-0.00184846,0,0,0,0,0,0,0,0,0,0,0,traj_sz=0
-1,0.25192,1.51437,-0.00184846,0,0,0,0,0,0,0,0,0,0,0,traj_sz=0
-1,0.25192,1.51437,-0.00184846,0,0,0,0,0,0,0,0,0,0,0,traj_sz=0
-1,0.25192,1.51437,-0.00184846,0,0,0,0,0,0,0,0,0,0,0,traj_sz=0
-1,0.25192,1.51437,-0.00184846,0,0,0,0,0,0,0,0,0,0,0,traj_sz=0
-1,0.25192,1.51437,-0.00184846,0,0,0,0,0,0,0,0,0,0,0,traj_sz=0
-1,0.25192,1.51437,-0.00184846,0,0,0,0,0,0,0,0,0,0,0,traj_sz=0
-1,0.25192,1.51437,-0.00184846,0,0,0,0,0,0,0,0,0,0,0,traj_sz=0
-1,0.25192,1.51437,-0.00184846,0,0,0,0,0,0,0,0,0,0,0,traj_sz=0
-1,0.25192,1.51437,-0.00184846,0,0,0,0,0,0,0,0,0,0,0,traj_sz=0
-1,0.25192,1.51437,-0.00184846,0,0,0,0,0,0,0,0,0,0,0,traj_sz=0
-1,0.25192,1.51437,-0.00184846,0,0,0,0,0,0,0,0,0,0,0,traj_sz=0
-1,0.25192,1.51437,-0.00184846,0,0,0,0,0,0,0,0,0,0,0,traj_sz=0
-1,0.25192,1.51437,-0.00184846,0,0,0,0,0,0,0,0,0,0,0,traj_sz=0
-1,0.25192,1.51437,-0.00184846,0,0,0,0,0,0,0,0,0,0,0,traj_sz=0
-1,0.25192,1.51437,-0.00184846,0,0,0,0,0,0,0,0,0,0,0,traj_sz=0
-1,0.25192,1.51437,-0.00184846,0,0,0,0,0,0,0,0,0,0,0,traj_sz=0
-1,0.25192,1.51437,-0.00184846,0,0,0,0,0,0,0,0,0,0,0,traj_sz=0
-1,0.25192,1.51437,-0.00184846,0,0,0,0,0,0,0,0,0,0,0,traj_sz=0
-1,0.25192,1.51437,-0.00184846,0,0,0,0,0,0,0,0,0,0,0,traj_sz=0
-1,0.25192,1.51437,-0.00184846,0,0,0,0,0,0,0,0,0,0,0,traj_sz=0
-1,0.25192,1.51437,-0.00184846,0,0,0,0,0,0,0,0,0,0,0,traj_sz=0
-1,0.25192,1.51437,-0.00184846,0,0,0,0,0,0,0,0,0,0,0,traj_sz=0
-1,0.25192,1.51437,-0.00184846,0,0,0,0,0,0,0,0,0,0,0,traj_sz=0
-1,0.25192,1.51437,-0.00184846,0,0,0,0,0,0,0,0,0,0,0,traj_sz=0
-1,0.25192,1.51437,-0.00184846,0,0,0,0,0,0,0,0,0,0,0,traj_sz=0
-1,0.25192,1.51437,-0.00184846,0,0,0,0,0,0,0,0,0,0,0,traj_sz=0
-1,0.25192,1.51437,-0.00184846,0,0,0,0,0,0,0,0,0,0,0,traj_sz=0
-1,0.25192,1.51437,-0.00184846,0,0,0,0,0,0,0,0,0,0,0,traj_sz=0
-1,0.25192,1.51437,-0.00184846,0,0,0,0,0,0,0,0,0,0,0,traj_sz=0
-1,0.25192,1.51437,-0.00184846,0,0,0,0,0,0,0,0,0,0,0,traj_sz=0
-1,0.25192,1.51437,-0.00184846,0,0,0,0,0,0,0,0,0,0,0,traj_sz=0
-1,0.25192,1.51437,-0.00184846,0,0,0,0,0,0,0,0,0,0,0,traj_sz=0
-1,0.25192,1.51437,-0.00184846,0,0,0,0,0,0,0,0,0,0,0,traj_sz=0
-1,0.25192,1.51437,-0.00184846,0,0,0,0,0,0,0,0,0,0,0,traj_sz=0
-1,0.25192,1.51437,-0.00184846,0,0,0,0,0,0,0,0,0,0,0,traj_sz=0
-1,0.25192,1.51437,-0.00184846,0,0,0,0,0,0,0,0,0,0,0,traj_sz=0
-1,0.25192,1.51437,-0.00184846,0,0,0,0,0,0,0,0,0,0,0,traj_sz=0
-1,0.25192,1.51437,-0.00184846,0,0,0,0,0,0,0,0,0,0,0,traj_sz=0
-1,0.25192,1.51437,-0.00184846,0,0,0,0,0,0,0,0,0,0,0,traj_sz=0
-1,0.25192,1.51437,-0.00184846,0,0,0,0,0,0,0,0,0,0,0,traj_sz=0
-1,0.25192,1.51437,-0.00184846,0,0,0,0,0,0,0,0,0,0,0,traj_sz=0
-1,0.25192,1.51437,-0.00184846,0,0,0,0,0,0,0,0,0,0,0,traj_sz=0
-1,0.25192,1.51437,-0.00184846,0,0,0,0,0,0,0,0,0,0,0,traj_sz=0
-1,0.25192,1.51437,-0.00184846,0,0,0,0,0,0,0,0,0,0,0,traj_sz=0
-1,0.25192,1.51437,-0.00184846,0,0,0,0,0,0,0,0,0,0,0,traj_sz=0
-1,0.25192,1.51437,-0.00184846,0,0,0,0,0,0,0,0,0,0,0,traj_sz=0
-1,0.25192,1.51437,-0.00184846,0,0,0,0,0,0,0,0,0,0,0,traj_sz=0
-1,0.25192,1.51437,-0.00184846,0,0,0,0,0,0,0,0,0,0,0,traj_sz=0
-1,0.25192,1.51437,-0.00184846,0,0,0,0,0,0,0,0,0,0,0,traj_sz=0
-1,0.25192,1.51437,-0.00184846,0,0,0,0,0,0,0,0,0,0,0,traj_sz=0
-1,0.25192,1.51437,-0.00184846,0,0,0,0,0,0,0,0,0,0,0,traj_sz=0
-1,0.25192,1.51437,-0.00184846,0,0,0,0,0,0,0,0,0,0,0,traj_sz=0
-1,0.25192,1.51437,-0.00184846,0,0,0,0,0,0,0,0,0,0,0,traj_sz=0
-1,0.25192,1.51437,-0.00184846,0,0,0,0,0,0,0,0,0,0,0,traj_sz=0
-1,0.25192,1.51437,-0.00184846,0,0,0,0,0,0,0,0,0,0,0,traj_sz=0
-1,0.25192,1.51437,-0.00184846,0,0,0,0,0,0,0,0,0,0,0,traj_sz=0
-1,0.25192,1.51437,-0.00184846,0,0,0,0,0,0,0,0,0,0,0,traj_sz=0
-1,0.25192,1.51437,-0.00184846,0,0,0,0,0,0,0,0,0,0,0,traj_sz=0
-1,0.25192,1.51437,-0.00184846,0,0,0,0,0,0,0,0,0,0,0,traj_sz=0
-1,0.25192,1.51437,-0.00184846,0,0,0,0,0,0,0,0,0,0,0,traj_sz=0
-1,0.25192,1.51437,-0.00184846,0,0,0,0,0,0,0,0,0,0,0,traj_sz=0
-1,0.25192,1.51437,-0.00184846,0,0,0,0,0,0,0,0,0,0,0,traj_sz=0
-1,0.25192,1.51437,-0.00184846,0,0,0,0,0,0,0,0,0,0,0,traj_sz=0
-1,0.25192,1.51437,-0.00184846,0,0,0,0,0,0,0,0,0,0,0,traj_sz=0
-1,0.25192,1.51437,-0.00184846,0,0,0,0,0,0,0,0,0,0,0,traj_sz=0
-1,0.25192,1.51437,-0.00184846,0,0,0,0,0,0,0,0,0,0,0,traj_sz=0
-1,0.25192,1.51437,-0.00184846,0,0,0,0,0,0,0,0,0,0,0,traj_sz=0
-1,0.25192,1.51437,-0.00184846,0,0,0,0,0,0,0,0,0,0,0,traj_sz=0
-1,0.25192,1.51437,-0.00184846,0,0,0,0,0,0,0,0,0,0,0,traj_sz=0
-1,0.25192,1.51437,-0.00184846,0,0,0,0,0,0,0,0,0,0,0,traj_sz=0
-1,0.25192,1.51437,-0.00184846,0,0,0,0,0,0,0,0,0,0,0,traj_sz=0
-1,0.25192,1.51437,-0.00184846,0,0,0,0,0,0,0,0,0,0,0,traj_sz=0
-1,0.25192,1.51437,-0.00184846,0,0,0,0,0,0,0,0,0,0,0,traj_sz=0
-1,0.25192,1.51437,-0.00184846,0,0,0,0,0,0,0,0,0,0,0,traj_sz=0
-1,0.25192,1.51437,-0.00184846,0,0,0,0,0,0,0,0,0,0,0,traj_sz=0
-1,0.25192,1.51437,-0.00184846,0,0,0,0,0,0,0,0,0,0,0,traj_sz=0
-1,0.25192,1.51437,-0.00184846,0,0,0,0,0,0,0,0,0,0,0,traj_sz=0
-1,0.25192,1.51437,-0.00184846,0,0,0,0,0,0,0,0,0,0,0,traj_sz=0
-1,0.25192,1.51437,-0.00184846,0,0,0,0,0,0,0,0,0,0,0,traj_sz=0
-1,0.25192,1.51437,-0.00184846,0,0,0,0,0,0,0,0,0,0,0,traj_sz=0
-1,0.25192,1.51437,-0.00184846,0,0,0,0,0,0,0,0,0,0,0,traj_sz=0
-1,0.25192,1.51437,-0.00184846,0,0,0,0,0,0,0,0,0,0,0,traj_sz=0
-1,0.25192,1.51437,-0.00184846,0,0,0,0,0,0,0,0,0,0,0,traj_sz=0
-1,0.25192,1.51437,-0.00184846,0,0,0,0,0,0,0,0,0,0,0,traj_sz=0
-1,0.25192,1.51437,-0.00184846,0,0,0,0,0,0,0,0,0,0,0,traj_sz=0
-1,0.25192,1.51437,-0.00184846,0,0,0,0,0,0,0,0,0,0,0,traj_sz=0
-1,0.25192,1.51437,-0.00184846,0,0,0,0,0,0,0,0,0,0,0,traj_sz=0
-1,0.25192,1.51437,-0.00184846,0,0,0,0,0,0,0,0,0,0,0,traj_sz=0
-1,0.25192,1.51437,-0.00184846,0,0,0,0,0,0,0,0,0,0,0,traj_sz=0
-1,0.25192,1.51437,-0.00184846,0,0,0,0,0,0,0,0,0,0,0,traj_sz=0
-1,0.25192,1.51437,-0.00184846,0,0,0,0,0,0,0,0,0,0,0,traj_sz=0
-1,0.25192,1.51437,-0.00184846,0,0,0,0,0,0,0,0,0,0,0,traj_sz=0
-1,0.25192,1.51437,-0.00184846,0,0,0,0,0,0,0,0,0,0,0,traj_sz=0
-1,0.25192,1.51437,-0.00184846,0,0,0,0,0,0,0,0,0,0,0,traj_sz=0
-1,0.25192,1.51437,-0.00184846,0,0,0,0,0,0,0,0,0,0,0,traj_sz=0
-1,0.25192,1.51437,-0.00184846,0,0,0,0,0,0,0,0,0,0,0,traj_sz=0
-1,0.25192,1.51437,-0.00184846,0,0,0,0,0,0,0,0,0,0,0,traj_sz=0
-1,0.25192,1.51437,-0.00184846,0,0,0,0,0,0,0,0,0,0,0,traj_sz=0
-1,0.25192,1.51437,-0.00184846,0,0,0,0,0,0,0,0,0,0,0,traj_sz=0
-1,0.25192,1.51437,-0.00184846,0,0,0,0,0,0,0,0,0,0,0,traj_sz=0
-1,0.25192,1.51437,-0.00184846,0,0,0,0,0,0,0,0,0,0,0,traj_sz=0
-1,0.25192,1.51437,-0.00184846,0,0,0,0,0,0,0,0,0,0,0,traj_sz=0
-1,0.25192,1.51437,-0.00184846,0,0,0,0,0,0,0,0,0,0,0,traj_sz=0
-1,0.25192,1.51437,-0.00184846,0,0,0,0,0,0,0,0,0,0,0,traj_sz=0
-1,0.25192,1.51437,-0.00184846,0,0,0,0,0,0,0,0,0,0,0,traj_sz=0
-1,0.25192,1.51437,-0.00184846,0,0,0,0,0,0,0,0,0,0,0,traj_sz=0
-1,0.25192,1.51437,-0.00184846,0,0,0,0,0,0,0,0,0,0,0,traj_sz=0
-1,0.25192,1.51437,-0.00184846,0,0,0,0,0,0,0,0,0,0,0,traj_sz=0
-1,0.25192,1.51437,-0.00184846,0,0,0,0,0,0,0,0,0,0,0,traj_sz=0
-1,0.25192,1.51437,-0.00184846,0,0,0,0,0,0,0,0,0,0,0,traj_sz=0
-1,0.25192,1.51437,-0.00184846,0,0,0,0,0,0,0,0,0,0,0,traj_sz=0
-1,0.25192,1.51437,-0.00184846,0,0,0,0,0,0,0,0,0,0,0,traj_sz=0
-1,0.25192,1.51437,-0.00184846,0,0,0,0,0,0,0,0,0,0,0,traj_sz=0
-1,0.25192,1.51437,-0.00184846,0,0,0,0,0,0,0,0,0,0,0,traj_sz=0
-1,0.25192,1.51437,-0.00184846,0,0,0,0,0,0,0,0,0,0,0,traj_sz=0
-1,0.25192,1.51437,-0.00184846,0,0,0,0,0,0,0,0,0,0,0,traj_sz=0
-1,0.25192,1.51437,-0.00184846,0,0,0,0,0,0,0,0,0,0,0,traj_sz=0
-1,0.25192,1.51437,-0.00184846,0,0,0,0,0,0,0,0,0,0,0,traj_sz=0
-1,0.25192,1.51437,-0.00184846,0,0,0,0,0,0,0,0,0,0,0,traj_sz=0
-1,0.25192,1.51437,-0.00184846,0,0,0,0,0,0,0,0,0,0,0,traj_sz=0
-1,0.25192,1.51437,-0.00184846,0,0,0,0,0,0,0,0,0,0,0,traj_sz=0
-1,0.25192,1.51437,-0.00184846,0,0,0,0,0,0,0,0,0,0,0,traj_sz=0
-1,0.25192,1.51437,-0.00184846,0,0,0,0,0,0,0,0,0,0,0,traj_sz=0
-1,0.25192,1.51437,-0.00184846,0,0,0,0,0,0,0,0,0,0,0,traj_sz=0
-1,0.25192,1.51437,-0.00184846,0,0,0,0,0,0,0,0,0,0,0,traj_sz=0
-1,0.25192,1.51437,-0.00184846,0,0,0,0,0,0,0,0,0,0,0,traj_sz=0
-1,0.25192,1.51437,-0.00184846,0,0,0,0,0,0,0,0,0,0,0,traj_sz=0
-1,0.25192,1.51437,-0.00184846,0,0,0,0,0,0,0,0,0,0,0,traj_sz=0
-1,0.25192,1.51437,-0.00184846,0,0,0,0,0,0,0,0,0,0,0,traj_sz=0
-1,0.25192,1.51437,-0.00184846,0,0,0,0,0,0,0,0,0,0,0,traj_sz=0
-1,0.25192,1.51437,-0.00184846,0,0,0,0,0,0,0,0,0,0,0,traj_sz=0
-1,0.25192,1.51437,-0.00184846,0,0,0,0,0,0,0,0,0,0,0,traj_sz=0
-1,0.25192,1.51437,-0.00184846,0,0,0,0,0,0,0,0,0,0,0,traj_sz=0
-1,0.25192,1.51437,-0.00184846,0,0,0,0,0,0,0,0,0,0,0,traj_sz=0
-1,0.25192,1.51437,-0.00184846,0,0,0,0,0,0,0,0,0,0,0,traj_sz=0
-1,0.25192,1.51437,-0.00184846,0,0,0,0,0,0,0,0,0,0,0,traj_sz=0
-1,0.25192,1.51437,-0.00184846,0,0,0,0,0,0,0,0,0,0,0,traj_sz=0
-1,0.25192,1.51437,-0.00184846,0,0,0,0,0,0,0,0,0,0,0,traj_sz=0
-1,0.25192,1.51437,-0.00184846,0,0,0,0,0,0,0,0,0,0,0,traj_sz=0
-1,0.25192,1.51437,-0.00184846,0,0,0,0,0,0,0,0,0,0,0,traj_sz=0
-1,0.25192,1.51437,-0.00184846,0,0,0,0,0,0,0,0,0,0,0,traj_sz=0
-1,0.25192,1.51437,-0.00184846,0,0,0,0,0,0,0,0,0,0,0,traj_sz=0
-1,0.25192,1.51437,-0.00184846,0,0,0,0,0,0,0,0,0,0,0,traj_sz=0
-1,0.25192,1.51437,-0.00184846,0,0,0,0,0,0,0,0,0,0,0,traj_sz=0
-1,0.25192,1.51437,-0.00184846,0,0,0,0,0,0,0,0,0,0,0,traj_sz=0
-1,0.25192,1.51437,-0.00184846,0,0,0,0,0,0,0,0,0,0,0,traj_sz=0
-1,0.25192,1.51437,-0.00184846,0,0,0,0,0,0,0,0,0,0,0,traj_sz=0
-1,0.25192,1.51437,-0.00184846,0,0,0,0,0,0,0,0,0,0,0,traj_sz=0
-1,0.25192,1.51437,-0.00184846,0,0,0,0,0,0,0,0,0,0,0,traj_sz=0
-1,0.25192,1.51437,-0.00184846,0,0,0,0,0,0,0,0,0,0,0,traj_sz=0
-1,0.25192,1.51437,-0.00184846,0,0,0,0,0,0,0,0,0,0,0,traj_sz=0
-1,0.25192,1.51437,-0.00184846,0,0,0,0,0,0,0,0,0,0,0,traj_sz=0
-1,0.25192,1.51437,-0.00184846,0,0,0,0,0,0,0,0,0,0,0,traj_sz=0
-1,0.25192,1.51437,-0.00184846,0,0,0,0,0,0,0,0,0,0,0,traj_sz=0
-1,0.25192,1.51437,-0.00184846,0,0,0,0,0,0,0,0,0,0,0,traj_sz=0
-1,0.25192,1.51437,-0.00184846,0,0,0,0,0,0,0,0,0,0,0,traj_sz=0
-1,0.25192,1.51437,-0.00184846,0,0,0,0,0,0,0,0,0,0,0,traj_sz=0
-1,0.25192,1.51437,-0.00184846,0,0,0,0,0,0,0,0,0,0,0,traj_sz=0
-1,0.25192,1.51437,-0.00184846,0,0,0,0,0,0,0,0,0,0,0,traj_sz=0
-1,0.25192,1.51437,-0.00184846,0,0,0,0,0,0,0,0,0,0,0,traj_sz=0
-1,0.25192,1.51437,-0.00184846,0,0,0,0,0,0,0,0,0,0,0,traj_sz=0
-1,0.25192,1.51437,-0.00184846,0,0,0,0,0,0,0,0,0,0,0,traj_sz=0
-1,0.25192,1.51437,-0.00184846,0,0,0,0,0,0,0,0,0,0,0,traj_sz=0
-1,0.25192,1.51437,-0.00184846,0,0,0,0,0,0,0,0,0,0,0,traj_sz=0
-1,0.25192,1.51437,-0.00184846,0,0,0,0,0,0,0,0,0,0,0,traj_sz=0
-1,0.25192,1.51437,-0.00184846,0,0,0,0,0,0,0,0,0,0,0,traj_sz=0
-1,0.25192,1.51437,-0.00184846,0,0,0,0,0,0,0,0,0,0,0,traj_sz=0
-1,0.25192,1.51437,-0.00184846,0,0,0,0,0,0,0,0,0,0,0,traj_sz=0
-1,0.25192,1.51437,-0.00184846,0,0,0,0,0,0,0,0,0,0,0,traj_sz=0
-1,0.25192,1.51437,-0.00184846,0,0,0,0,0,0,0,0,0,0,0,traj_sz=0
-1,0.25192,1.51437,-0.00184846,0,0,0,0,0,0,0,0,0,0,0,traj_sz=0
-1,0.25192,1.51437,-0.00184846,0,0,0,0,0,0,0,0,0,0,0,traj_sz=0
-1,0.25192,1.51437,-0.00184846,0,0,0,0,0,0,0,0,0,0,0,traj_sz=0
-1,0.25192,1.51437,-0.00184846,0,0,0,0,0,0,0,0,0,0,0,traj_sz=0
-1,0.25192,1.51437,-0.00184846,0,0,0,0,0,0,0,0,0,0,0,traj_sz=0
-1,0.25192,1.51437,-0.00184846,0,0,0,0,0,0,0,0,0,0,0,traj_sz=0
-1,0.25192,1.51437,-0.00184846,0,0,0,0,0,0,0,0,0,0,0,traj_sz=0
-1,0.25192,1.51437,-0.00184846,0,0,0,0,0,0,0,0,0,0,0,traj_sz=0
-1,0.25192,1.51437,-0.00184846,0,0,0,0,0,0,0,0,0,0,0,traj_sz=0
-1,0.25192,1.51437,-0.00184846,0,0,0,0,0,0,0,0,0,0,0,traj_sz=0
-1,0.25192,1.51437,-0.00184846,0,0,0,0,0,0,0,0,0,0,0,traj_sz=0
-1,0.25192,1.51437,-0.00184846,0,0,0,0,0,0,0,0,0,0,0,traj_sz=0
-1,0.25192,1.51437,-0.00184846,0,0,0,0,0,0,0,0,0,0,0,traj_sz=0
-1,0.25192,1.51437,-0.00184846,0,0,0,0,0,0,0,0,0,0,0,traj_sz=0
-1,0.25192,1.51437,-0.00184846,0,0,0,0,0,0,0,0,0,0,0,traj_sz=0
-1,0.25192,1.51437,-0.00184846,0,0,0,0,0,0,0,0,0,0,0,traj_sz=0
-1,0.25192,1.51437,-0.00184846,0,0,0,0,0,0,0,0,0,0,0,traj_sz=0
-1,0.25192,1.51437,-0.00184846,0,0,0,0,0,0,0,0,0,0,0,traj_sz=0
-1,0.25192,1.51437,-0.00184846,0,0,0,0,0,0,0,0,0,0,0,traj_sz=0
-1,0.25192,1.51437,-0.00184846,0,0,0,0,0,0,0,0,0,0,0,traj_sz=0
-1,0.25192,1.51437,-0.00184846,0,0,0,0,0,0,0,0,0,0,0,traj_sz=0
-1,0.25192,1.51437,-0.00184846,0,0,0,0,0,0,0,0,0,0,0,traj_sz=0
-1,0.25192,1.51437,-0.00184846,0,0,0,0,0,0,0,0,0,0,0,traj_sz=0
-1,0.25192,1.51437,-0.00184846,0,0,0,0,0,0,0,0,0,0,0,traj_sz=0
-1,0.25192,1.51437,-0.00184846,0,0,0,0,0,0,0,0,0,0,0,traj_sz=0
-1,0.25192,1.51437,-0.00184846,0,0,0,0,0,0,0,0,0,0,0,traj_sz=0
-1,0.25192,1.51437,-0.00184846,0,0,0,0,0,0,0,0,0,0,0,traj_sz=0
-1,0.25192,1.51437,-0.00184846,0,0,0,0,0,0,0,0,0,0,0,traj_sz=0
-1,0.25192,1.51437,-0.00184846,0,0,0,0,0,0,0,0,0,0,0,traj_sz=0
-1,0.25192,1.51437,-0.00184846,0,0,0,0,0,0,0,0,0,0,0,traj_sz=0
-1,0.25192,1.51437,-0.00184846,0,0,0,0,0,0,0,0,0,0,0,traj_sz=0
-1,0.25192,1.51437,-0.00184846,0,0,0,0,0,0,0,0,0,0,0,traj_sz=0
-1,0.25192,1.51437,-0.00184846,0,0,0,0,0,0,0,0,0,0,0,traj_sz=0
-1,0.25192,1.51437,-0.00184846,0,0,0,0,0,0,0,0,0,0,0,traj_sz=0
-1,0.25192,1.51437,-0.00184846,0,0,0,0,0,0,0,0,0,0,0,traj_sz=0
-1,0.25192,1.51437,-0.00184846,0,0,0,0,0,0,0,0,0,0,0,traj_sz=0
-1,0.25192,1.51437,-0.00184846,0,0,0,0,0,0,0,0,0,0,0,traj_sz=0
-1,0.25192,1.51437,-0.00184846,0,0,0,0,0,0,0,0,0,0,0,traj_sz=0
-1,0.25192,1.51437,-0.00184846,0,0,0,0,0,0,0,0,0,0,0,traj_sz=0
-1,0.25192,1.51437,-0.00184846,0,0,0,0,0,0,0,0,0,0,0,traj_sz=0
-1,0.25192,1.51437,-0.00184846,0,0,0,0,0,0,0,0,0,0,0,traj_sz=0
-1,0.25192,1.51437,-0.00184846,0,0,0,0,0,0,0,0,0,0,0,traj_sz=0
-1,0.25192,1.51437,-0.00184846,0,0,0,0,0,0,0,0,0,0,0,traj_sz=0
-1,0.25192,1.51437,-0.00184846,0,0,0,0,0,0,0,0,0,0,0,traj_sz=0
-1,0.25192,1.51437,-0.00184846,0,0,0,0,0,0,0,0,0,0,0,traj_sz=0
-1,0.25192,1.51437,-0.00184846,0,0,0,0,0,0,0,0,0,0,0,traj_sz=0
-1,0.25192,1.51437,-0.00184846,0,0,0,0,0,0,0,0,0,0,0,traj_sz=0
-1,0.25192,1.51437,-0.00184846,0,0,0,0,0,0,0,0,0,0,0,traj_sz=0
-1,0.25192,1.51437,-0.00184846,0,0,0,0,0,0,0,0,0,0,0,traj_sz=0
-1,0.25192,1.51437,-0.00184846,0,0,0,0,0,0,0,0,0,0,0,traj_sz=0
-1,0.25192,1.51437,-0.00184846,0,0,0,0,0,0,0,0,0,0,0,traj_sz=0
-1,0.25192,1.51437,-0.00184846,0,0,0,0,0,0,0,0,0,0,0,traj_sz=0
-1,0.25192,1.51437,-0.00184846,0,0,0,0,0,0,0,0,0,0,0,traj_sz=0
-1,0.25192,1.51437,-0.00184846,0,0,0,0,0,0,0,0,0,0,0,traj_sz=0
-1,0.25192,1.51437,-0.00184846,0,0,0,0,0,0,0,0,0,0,0,traj_sz=0
-1,0.25192,1.51437,-0.00184846,0,0,0,0,0,0,0,0,0,0,0,traj_sz=0
-1,0.25192,1.51437,-0.00184846,0,0,0,0,0,0,0,0,0,0,0,traj_sz=0
-1,0.25192,1.51437,-0.00184846,0,0,0,0,0,0,0,0,0,0,0,traj_sz=0
-1,0.25192,1.51437,-0.00184846,0,0,0,0,0,0,0,0,0,0,0,traj_sz=0
-1,0.25192,1.51437,-0.00184846,0,0,0,0,0,0,0,0,0,0,0,traj_sz=0
-1,0.25192,1.51437,-0.00184846,0,0,0,0,0,0,0,0,0,0,0,traj_sz=0
-1,0.25192,1.51437,-0.00184846,0,0,0,0,0,0,0,0,0,0,0,traj_sz=0
-1,0.25192,1.51437,-0.00184846,0,0,0,0,0,0,0,0,0,0,0,traj_sz=0
-1,0.25192,1.51437,-0.00184846,0,0,0,0,0,0,0,0,0,0,0,traj_sz=0
-1,0.25192,1.51437,-0.00184846,0,0,0,0,0,0,0,0,0,0,0,traj_sz=0
-1,0.25192,1.51437,-0.00184846,0,0,0,0,0,0,0,0,0,0,0,traj_sz=0
-1,0.25192,1.51437,-0.00184846,0,0,0,0,0,0,0,0,0,0,0,traj_sz=0
-1,0.25192,1.51437,-0.00184846,0,0,0,0,0,0,0,0,0,0,0,traj_sz=0
-1,0.25192,1.51437,-0.00184846,0,0,0,0,0,0,0,0,0,0,0,traj_sz=0
-1,0.25192,1.51437,-0.00184846,0,0,0,0,0,0,0,0,0,0,0,traj_sz=0
0.0123971,0.25192,1.51437,-0.00184846,0,0,0,0,0,0,0,0,0,0,0,traj_sz=100
0.0128307,0.25192,1.51437,-0.00184846,0.25,1.52,0,0,0,0,-0.00193034,0,0.0877425,0.00594618,0,0.0128307
0.0324922,0.25192,1.51437,-0.00184846,0,0,0,0,0,0,0,0,0,0,0,traj_sz=100
0.0326331,0.25192,1.51437,-0.00184846,0.366827,1.51413,-0.157841,0.111273,3,9,0.114907,0,0.0201567,2.25408,0,0.0326331
0.0524466,0.25192,1.51437,-0.00184846,0,0,0,0,3,9,0,0,0,0,0,traj_sz=100
0.0525568,0.25192,1.51437,-0.00184846,0.366827,1.51413,-0.157841,0.111273,3,9,0.114907,0,0.0201567,2.25408,0,0.0525568
0.0724461,0.25192,1.51437,-0.00184846,0,0,0,0,3,9,0,0,0,0,0,traj_sz=100
0.0726573,0.25192,1.51437,-0.00184846,0.366827,1.51413,-0.157841,0.111273,3,9,0.114907,0,0.0201567,2.25408,0,0.0726573
0.0923986,0.25192,1.51437,-0.00184846,0,0,0,0,3,9,0,0,0,0,0,traj_sz=100
0.0925066,0.25192,1.51437,-0.00184846,0.366827,1.51413,-0.157841,0.111273,3,9,0.114907,0,0.0201567,2.25408,0,0.0925066
0.112369,0.25192,1.51437,-0.00184846,0,0,0,0,3,9,0,0,0,0,0,traj_sz=100
0.112574,0.25192,1.51437,-0.00184846,0.366827,1.51413,-0.157841,0.111273,3,9,0.114907,0,0.0201567,2.25408,0,0.112574
0.132517,0.25192,1.51437,-0.00184846,0,0,0,0,3,9,0,0,0,0,0,traj_sz=100
0.132604,0.25192,1.51437,-0.00184846,0.366827,1.51413,-0.157841,0.111273,3,9,0.114907,0,0.0201567,2.25408,0,0.132604
0.152478,0.25192,1.51437,-0.00184846,0,0,0,0,3,9,0,0,0,0,0,traj_sz=100
0.152733,0.25192,1.51437,-0.00184846,0.366827,1.51413,-0.157841,0.111273,3,9,0.114907,0,0.0201567,2.25408,0,0.152733
0.172407,0.25192,1.51437,-0.00184846,0,0,0,0,3,9,0,0,0,0,0,traj_sz=100
0.17262,0.25192,1.51437,-0.00184846,0.366827,1.51413,-0.157841,0.111273,3,9,0.114907,0,0.0201567,2.25408,0,0.17262
0.192381,0.25192,1.51437,-0.00184846,0,0,0,0,3,9,0,0,0,0,0,traj_sz=100
0.192558,0.25192,1.51437,-0.00184846,0.366827,1.51413,-0.157841,0.111273,3,9,0.114907,0,0.0201567,2.25408,0,0.192558
0.21252,0.25192,1.51437,-0.00184846,0,0,0,0,3,9,0,0,0,0,0,traj_sz=100
0.212637,0.25192,1.51437,-0.00184846,0.366827,1.51413,-0.157841,0.111273,3,9,0.114907,0,0.0201567,2.25408,0,0.212637
0.232505,0.25192,1.51437,-0.00184846,0,0,0,0,3,9,0,0,0,0,0,traj_sz=100
0.232666,0.25192,1.51437,-0.00184846,0.366827,1.51413,-0.157841,0.111273,3,9,0.114907,0,0.0201567,2.25408,0,0.232666
0.252472,0.25192,1.51437,-0.00184846,0,0,0,0,3,9,0,0,0,0,0,traj_sz=100
0.252557,0.25192,1.51437,-0.00184846,0.366827,1.51413,-0.157841,0.111273,3,9,0.114907,0,0.0201567,2.25408,0,0.252557
0.272451,0.25192,1.51437,-0.00184846,0,0,0,0,3,9,0,0,0,0,0,traj_sz=100
0.272539,0.25192,1.51437,-0.00184846,0.366827,1.51413,-0.157841,0.111273,3,9,0.114907,0,0.0201567,2.25408,0,0.272539
0.292568,0.25192,1.51437,-0.00184846,0,0,0,0,3,9,0,0,0,0,0,traj_sz=100
0.292678,0.25192,1.51437,-0.00184846,0.366827,1.51413,-0.157841,0.111273,3,9,0.114907,0,0.0201567,2.25408,0,0.292678
0.312522,0.25192,1.51437,-0.00184846,0,0,0,0,3,9,0,0,0,0,0,traj_sz=100
0.312611,0.25192,1.51437,-0.00184846,0.366827,1.51413,-0.157841,0.111273,3,9,0.114907,0,0.0201567,2.25408,0,0.312611
0.33233,0.25192,1.51437,-0.00184846,0,0,0,0,3,9,0,0,0,0,0,traj_sz=100
0.332509,0.25192,1.51437,-0.00184846,0.366827,1.51413,-0.157841,0.111273,3,9,0.114907,0,0.0201567,2.25408,0,0.332509
0.352379,0.25192,1.51437,-0.00184846,0,0,0,0,3,9,0,0,0,0,0,traj_sz=100
0.352454,0.25192,1.51437,-0.00184846,0.366827,1.51413,-0.157841,0.111273,3,9,0.114907,0,0.0201567,2.25408,0,0.352454
0.372447,0.25192,1.51437,-0.00184846,0,0,0,0,3,9,0,0,0,0,0,traj_sz=100
0.372569,0.25192,1.51437,-0.00184846,0.366827,1.51413,-0.157841,0.111273,3,9,0.114907,0,0.0201567,2.25408,0,0.372569
0.392414,0.25192,1.51437,-0.00184846,0,0,0,0,3,9,0,0,0,0,0,traj_sz=100
0.392653,0.25192,1.51437,-0.00184846,0.366827,1.51413,-0.157841,0.111273,3,9,0.114907,0,0.0201567,2.25408,0,0.392653
0.412439,0.25192,1.51437,-0.00184846,0,0,0,0,3,9,0,0,0,0,0,traj_sz=100
0.412534,0.25192,1.51437,-0.00184846,0.366827,1.51413,-0.157841,0.111273,3,9,0.114907,0,0.0201567,2.25408,0,0.412534
0.432408,0.25192,1.51437,-0.00184846,0,0,0,0,3,9,0,0,0,0,0,traj_sz=100
0.432522,0.25192,1.51437,-0.00184846,0.366827,1.51413,-0.157841,0.111273,3,9,0.114907,0,0.0201567,2.25408,0,0.432522
0.452494,0.25192,1.51437,-0.00184846,0,0,0,0,3,9,0,0,0,0,0,traj_sz=100
0.452591,0.25192,1.51437,-0.00184846,0.366827,1.51413,-0.157841,0.111273,3,9,0.114907,0,0.0201567,2.25408,0,0.452591
0.472607,0.25192,1.51437,-0.00184846,0,0,0,0,3,9,0,0,0,0,0,traj_sz=100
0.472734,0.25192,1.51437,-0.00184846,0.366827,1.51413,-0.157841,0.111273,3,9,0.114907,0,0.0201567,2.25408,0,0.472734
0.492485,0.25192,1.51437,-0.00184846,0,0,0,0,3,9,0,0,0,0,0,traj_sz=100
0.492611,0.25192,1.51437,-0.00184846,0.366827,1.51413,-0.157841,0.111273,3,9,0.114907,0,0.0201567,2.25408,0,0.492611
0.512341,0.25192,1.51437,-0.00184846,0,0,0,0,3,9,0,0,0,0,0,traj_sz=100
0.512412,0.25192,1.51437,-0.00184846,0.366827,1.51413,-0.157841,0.111273,3,9,0.114907,0,0.0201567,2.25408,0,0.512412
0.532436,0.25192,1.51437,-0.00184846,0,0,0,0,3,9,0,0,0,0,0,traj_sz=100
0.532497,0.25192,1.51437,-0.00184846,0.366827,1.51413,-0.157841,0.111273,3,9,0.114907,0,0.0201567,2.25408,0,0.532497
0.552527,0.25192,1.51437,-0.00184846,0,0,0,0,3,9,0,0,0,0,0,traj_sz=100
0.552698,0.25192,1.51437,-0.00184846,0.366827,1.51413,-0.157841,0.111273,3,9,0.114907,0,0.0201567,2.25408,0,0.552698
0.572374,0.25192,1.51437,-0.00184846,0,0,0,0,3,9,0,0,0,0,0,traj_sz=100
0.572527,0.25192,1.51437,-0.00184846,0.366827,1.51413,-0.157841,0.111273,3,9,0.114907,0,0.0201567,2.25408,0,0.572527
0.592442,0.25192,1.51437,-0.00184846,0,0,0,0,3,9,0,0,0,0,0,traj_sz=100
0.592569,0.25192,1.51437,-0.00184846,0.366827,1.51413,-0.157841,0.111273,3,9,0.114907,0,0.0201567,2.25408,0,0.592569
0.61247,0.25192,1.51437,-0.00184846,0,0,0,0,3,9,0,0,0,0,0,traj_sz=100
0.612543,0.25192,1.51437,-0.00184846,0.366827,1.51413,-0.157841,0.111273,3,9,0.114907,0,0.0201567,2.25408,0,0.612543
0.632308,0.25192,1.51437,-0.00184846,0,0,0,0,3,9,0,0,0,0,0,traj_sz=100
0.632393,0.25192,1.51437,-0.00184846,0.366827,1.51413,-0.157841,0.111273,3,9,0.114907,0,0.0201567,2.25408,0,0.632393
0.652451,0.25192,1.51437,-0.00184846,0,0,0,0,3,9,0,0,0,0,0,traj_sz=100
0.652625,0.25192,1.51437,-0.00184846,0.366827,1.51413,-0.157841,0.111273,3,9,0.114907,0,0.0201567,2.25408,0,0.652625
0.672505,0.25192,1.51437,-0.00184846,0,0,0,0,3,9,0,0,0,0,0,traj_sz=100
0.672596,0.25192,1.51437,-0.00184846,0.366827,1.51413,-0.157841,0.111273,3,9,0.114907,4.73931e-05,0.0201567,2.25408,0,0.672596
0.692353,0.25192,1.51437,-0.00184846,0,0,0,0,3,9,0,0,0,0,0,traj_sz=100
0.692471,0.25192,1.51437,-0.00184846,0.366827,1.51413,-0.157841,0.111273,3,9,0.114907,0.000175283,0.0201567,2.25408,0,0.692471
0.712461,0.25192,1.51437,-0.00184846,0,0,0,0,3,9,0,0,0,0,0,traj_sz=100
0.71254,0.25192,1.51437,-0.00184846,0.366827,1.51413,-0.157841,0.111273,3,9,0.114907,0.000304464,0.0201567,2.25408,0,0.71254
0.73247,0.25192,1.51437,-0.00184846,0,0,0,0,3,9,0,0,0,0,0,traj_sz=100
0.732537,0.25192,1.51437,-0.00184846,0.366827,1.51413,-0.157841,0.111273,3,9,0.114907,0.000433092,0.0201567,2.25408,0,0.732537
0.752348,0.25192,1.51437,-0.00184846,0,0,0,0,3,9,0,0,0,0,0,traj_sz=100
0.752408,0.25192,1.51437,-0.00184846,0.366827,1.51413,-0.157841,0.111273,3,9,0.114907,0.000883778,0.0201567,2.25408,0,0.752408
0.772407,0.25192,1.51437,-0.00184846,0,0,0,0,3,9,0,0,0,0,0,traj_sz=100
0.772491,0.25192,1.51437,-0.00184846,0.366827,1.51413,-0.157841,0.111273,3,9,0.114907,0.00136037,0.0201567,2.25408,0,0.772491
0.792375,0.25192,1.51437,-0.00184846,0,0,0,0,3,9,0,0,0,0,0,traj_sz=100
0.792478,0.25192,1.51437,-0.00184846,0.366827,1.51413,-0.157841,0.111273,3,9,0.114907,0.00183465,0.0201567,2.25408,0,0.792478
0.812445,0.25192,1.51437,-0.00184846,0,0,0,0,3,9,0,0,0,0,0,traj_sz=100
0.812857,0.25192,1.51437,-0.00184846,0.366827,1.51413,-0.157841,0.111273,3,9,0.114907,0.00231476,0.0201567,2.25408,0,0.812857
0.832315,0.25192,1.51437,-0.00184846,0,0,0,0,3,9,0,0,0,0,0,traj_sz=100
0.832398,0.25192,1.51437,-0.00184846,0.366827,1.51413,-0.157841,0.111273,3,9,0.114907,0.00278229,0.0201567,2.25408,0,0.832398
0.852422,0.25192,1.51437,-0.00184846,0,0,0,0,3,9,0,0,0,0,0,traj_sz=100
0.852474,0.25192,1.51437,-0.00184846,0.366827,1.51413,-0.157841,0.111273,3,9,0.114907,0.00325886,0.0201567,2.25408,0,0.852474
0.872461,0.25192,1.51437,-0.00184846,0,0,0,0,3,9,0,0,0,0,0,traj_sz=100
0.872631,0.25192,1.51437,-0.00184846,0.366827,1.51413,-0.157841,0.111273,3,9,0.114907,0.00373633,0.0201567,2.25408,0,0.872631
0.892468,0.25192,1.51437,-0.00184846,0,0,0,0,3,9,0,0,0,0,0,traj_sz=100
0.892578,0.25192,1.51437,-0.00184846,0.366827,1.51413,-0.157841,0.111273,3,9,0.114907,0.0042105,0.0201567,2.25408,0,0.892578
0.912433,0.25192,1.51437,-0.00184846,0,0,0,0,3,9,0,0,0,0,0,traj_sz=100
0.912551,0.25192,1.51437,-0.00184846,0.366827,1.51413,-0.157841,0.111273,3,9,0.114907,0.00468458,0.0201567,2.25408,0,0.912551
0.93239,0.25192,1.51437,-0.00184846,0,0,0,0,3,9,0,0,0,0,0,traj_sz=100
0.932466,0.25192,1.51437,-0.00184846,0.366827,1.51413,-0.157841,0.111273,3,9,0.114907,0.00515739,0.0201567,2.25408,0,0.932466
0.952341,0.25192,1.51437,-0.00184846,0,0,0,0,3,9,0,0,0,0,0,traj_sz=100
0.952424,0.25192,1.51437,-0.00184846,0.366827,1.51413,-0.157841,0.111273,3,9,0.114907,0.00563111,0.0201567,2.25408,0,0.952424
0.972422,0.25192,1.51437,-0.00184846,0,0,0,0,3,9,0,0,0,0,0,traj_sz=100
0.972567,0.25192,1.51437,-0.00184846,0.366827,1.51413,-0.157841,0.111273,3,9,0.114907,0.00610894,0.0201567,2.25408,0,0.972567
0.992429,0.25192,1.51437,-0.00184846,0,0,0,0,3,9,0,0,0,0,0,traj_sz=100
0.992547,0.25192,1.51437,-0.00184846,0.366827,1.51413,-0.157841,0.111273,3,9,0.114907,0.0065832,0.0201567,2.25408,0,0.992547
1.01264,0.25192,1.51437,-0.00184846,0,0,0,0,3,9,0,0,0,0,0,traj_sz=100
1.01278,0.25192,1.51437,-0.00184846,0.366827,1.51413,-0.157841,0.111273,3,9,0.114907,0.00706354,0.0201567,2.25408,0,1.01278
1.03234,0.25192,1.51437,-0.00184846,0,0,0,0,3,9,0,0,0,0,0,traj_sz=100
1.0325,0.25192,1.51437,-0.00184846,0.366827,1.51413,-0.157841,0.111273,3,9,0.114907,0.00753141,0.0201567,2.25408,0,1.0325
1.0525,0.25192,1.51437,-0.00184846,0,0,0,0,3,9,0,0,0,0,0,traj_sz=100
1.05258,0.25192,1.51437,-0.00184846,0.366827,1.51413,-0.157841,0.111273,3,9,0.114907,0.00800824,0.0201567,2.25408,0,1.05258
1.07252,0.25192,1.51437,-0.00184846,0,0,0,0,3,9,0,0,0,0,0,traj_sz=100
1.07273,0.25192,1.51437,-0.00184846,0.366827,1.51413,-0.157841,0.111273,3,9,0.114907,0.00848358,0.0201567,2.25408,0,1.07273
1.09253,0.25192,1.51437,-0.00184846,0,0,0,0,3,9,0,0,0,0,0,traj_sz=100
1.09261,0.25192,1.51437,-0.00184846,0.366827,1.51413,-0.157841,0.111273,3,9,0.114907,0.00895845,0.0201567,2.25408,0,1.09261
1.1124,0.25192,1.51437,-0.00184846,0,0,0,0,3,9,0,0,0,0,0,traj_sz=100
1.11251,0.25192,1.51437,-0.00184846,0.366827,1.51413,-0.157841,0.111273,3,9,0.114907,0.0097099,0.0201567,2.25408,0,1.11251
1.13245,0.25192,1.51437,-0.00184846,0,0,0,0,3,9,0,0,0,0,0,traj_sz=100
1.13254,0.25192,1.51437,-0.00184846,0.366827,1.51413,-0.157841,0.111273,3,9,0.114907,0.0106566,0.0201567,2.25408,0,1.13254
1.15248,0.25192,1.51437,-0.00184846,0,0,0,0,3,9,0,0,0,0,0,traj_sz=100
1.15258,0.25192,1.51437,-0.00184846,0.366827,1.51413,-0.157841,0.111273,3,9,0.114907,0.0116031,0.0201567,2.25408,0,1.15258
1.17254,0.25192,1.51437,-0.00184846,0,0,0,0,3,9,0,0,0,0,0,traj_sz=100
1.17266,0.25192,1.51437,-0.00184846,0.366827,1.51413,-0.157841,0.111273,3,9,0.114907,0.0125523,0.0201567,2.25408,0,1.17266
1.19247,0.25192,1.51437,-0.00184846,0,0,0,0,3,9,0,0,0,0,0,traj_sz=100
1.19267,0.25192,1.51437,-0.00184846,0.366827,1.51413,-0.157841,0.111273,3,9,0.114907,0.0134978,0.0201567,2.25408,0,1.19267
1.2125,0.25192,1.51437,-0.00184846,0,0,0,0,3,9,0,0,0,0,0,traj_sz=100
1.21267,0.25192,1.51437,-0.00184846,0.366827,1.51413,-0.157841,0.111273,3,9,0.114907,0.0144403,0.0201567,2.25408,0,1.21267
1.23247,0.25192,1.51437,-0.00184846,0,0,0,0,3,9,0,0,0,0,0,traj_sz=100
1.23257,0.25192,1.51437,-0.00184846,0.366827,1.51413,-0.157841,0.111273,3,9,0.114907,0.0153844,0.0201567,2.25408,0,1.23257
1.25251,0.25192,1.51437,-0.00184846,0,0,0,0,3,9,0,0,0,0,0,traj_sz=100
1.25258,0.25192,1.51437,-0.00184846,0.366827,1.51413,-0.157841,0.111273,3,9,0.114907,0.0163305,0.0201567,2.25408,0,1.25258
1.27246,0.25192,1.51437,-0.00184846,0,0,0,0,3,9,0,0,0,0,0,traj_sz=100
1.27254,0.25192,1.51437,-0.00184846,0.366827,1.51413,-0.157841,0.111273,3,9,0.114907,0.0172735,0.0201567,2.25408,0,1.27254
1.29249,0.25192,1.51437,-0.00184846,0,0,0,0,3,9,0,0,0,0,0,traj_sz=100
1.29267,0.25192,1.51437,-0.00184846,0.366827,1.51413,-0.157841,0.111273,3,9,0.114907,0.0182237,0.0201567,2.25408,0,1.29267
1.31249,0.25192,1.51437,-0.00184846,0,0,0,0,3,9,0,0,0,0,0,traj_sz=100
1.31257,0.25192,1.51437,-0.00184846,0.366827,1.51413,-0.157841,0.111273,3,9,0.114907,0.0191652,0.0201567,2.25408,0,1.31257
1.33258,0.25192,1.51437,-0.00184846,0,0,0,0,3,9,0,0,0,0,0,traj_sz=100
1.33266,0.25192,1.51437,-0.00184846,0.366827,1.51413,-0.157841,0.111273,3,9,0.114907,0.0201143,0.0201567,2.25408,0,1.33266
1.35247,0.25192,1.51437,-0.00184846,0,0,0,0,3,9,0,0,0,0,0,traj_sz=100
1.35266,0.25192,1.51437,-0.00184846,0.366827,1.51413,-0.157841,0.111273,3,9,0.114907,0.021059,0.0201567,2.25408,0,1.35266
1.37243,0.25192,1.51437,-0.00184846,0,0,0,0,3,9,0,0,0,0,0,traj_sz=100
1.37255,0.25192,1.51437,-0.00184846,0.366827,1.51413,-0.157841,0.111273,3,9,0.114907,0.0219996,0.0201567,2.25408,0,1.37255
1.39263,0.25192,1.51437,-0.00184846,0,0,0,0,3,9,0,0,0,0,0,traj_sz=100
1.39275,0.25192,1.51437,-0.00184846,0.366827,1.51413,-0.157841,0.111273,3,9,0.114907,0.0229542,0.0201567,2.25408,0,1.39275
1.41257,0.25192,1.51437,-0.00184846,0,0,0,0,3,9,0,0,0,0,0,traj_sz=100
1.41267,0.25192,1.51437,-0.00184846,0.366827,1.51413,-0.157841,0.111273,3,9,0.114907,0.0238962,0.0201567,2.25408,0,1.41267
1.43244,0.25192,1.51437,-0.00184846,0,0,0,0,3,9,0,0,0,0,0,traj_sz=100
1.43254,0.25192,1.51437,-0.00184846,0.366827,1.51413,-0.157841,0.111273,3,9,0.114907,0.0248348,0.0201567,2.25408,0,1.43254
1.45247,0.25192,1.51437,-0.00184846,0,0,0,0,3,9,0,0,0,0,0,traj_sz=100
1.45267,0.25192,1.51437,-0.00184846,0.366827,1.51413,-0.157841,0.111273,3,9,0.114907,0.0257852,0.0201567,2.25408,0,1.45267
1.47243,0.25192,1.51437,-0.00184846,0,0,0,0,3,9,0,0,0,0,0,traj_sz=100
1.47253,0.25192,1.51437,-0.00184846,0.366827,1.51413,-0.157841,0.111273,3,9,0.114907,0.0268523,0.0201567,2.25408,0,1.47253
1.49251,0.25192,1.51437,-0.00184846,0,0,0,0,3,9,0,0,0,0,0,traj_sz=100
1.49262,0.25192,1.51437,-0.00184846,0.366827,1.51413,-0.157841,0.111273,3,9,0.114907,0.0283103,0.0201567,2.25408,0,1.49262
1.51253,0.25192,1.51437,-0.00184846,0,0,0,0,3,9,0,0,0,0,0,traj_sz=100
1.51262,0.25192,1.51437,-0.00184846,0.366827,1.51413,-0.157841,0.111273,3,9,0.114907,0.0297611,0.0201567,2.25408,0,1.51262
1.53256,0.25192,1.51437,-0.00184846,0,0,0,0,3,9,0,0,0,0,0,traj_sz=100
1.53266,0.25192,1.51437,-0.00184846,0.366827,1.51413,-0.157841,0.111273,3,9,0.114907,0.0312156,0.0201567,2.25408,0,1.53266
1.55257,0.25192,1.51437,-0.00184846,0,0,0,0,3,9,0,0,0,0,0,traj_sz=100
1.55278,0.25192,1.51437,-0.00184846,0.366827,1.51413,-0.157841,0.111273,3,9,0.114907,0.0326742,0.0201567,2.25408,0,1.55278
1.57252,0.25192,1.51437,-0.00184846,0,0,0,0,3,9,0,0,0,0,0,traj_sz=100
1.57261,0.25192,1.51437,-0.00184846,0.366827,1.51413,-0.157841,0.111273,3,9,0.114907,0.0341145,0.0201567,2.25408,0,1.57261
1.59251,0.25192,1.51437,-0.00184846,0,0,0,0,3,9,0,0,0,0,0,traj_sz=100
1.59264,0.25192,1.51437,-0.00184846,0.366827,1.51413,-0.157841,0.111273,3,9,0.114907,0.0355679,0.0201567,2.25408,0,1.59264
1.6124,0.25192,1.51437,-0.00184846,0,0,0,0,3,9,0,0,0,0,0,traj_sz=100
1.61262,0.25192,1.51437,-0.00184846,0.366827,1.51413,-0.157841,0.111273,3,9,0.114907,0.0370163,0.0201567,2.25408,0,1.61262
1.63245,0.25192,1.51437,-0.00184846,0,0,0,0,3,9,0,0,0,0,0,traj_sz=100
1.63296,0.25192,1.51437,-0.00184846,0.366827,1.51413,-0.157841,0.111273,3,9,0.114907,0.0384928,0.0201567,2.25408,0,1.63296
1.65253,0.25192,1.51437,-0.00184846,0,0,0,0,3,9,0,0,0,0,0,traj_sz=100
1.65262,0.25192,1.51437,-0.00184846,0.366827,1.51413,-0.157841,0.111273,3,9,0.114907,0.0399209,0.0201567,2.25408,0,1.65262
1.67251,0.252044,1.51424,0.000163572,0,0,0,0,3,9,0,0,0,0,0,traj_sz=100
1.67266,0.252044,1.51424,0.000163572,0.366827,1.51413,-0.157841,0.111273,3,9,0.114783,0.0412493,0.0185927,2.25395,0,1.67266
1.69251,0.252135,1.51434,-0.00143756,0,0,0,0,3,9,0,0,0,0,0,traj_sz=100
1.69258,0.252135,1.51434,-0.00143756,0.366827,1.51413,-0.157841,0.111273,3,9,0.114692,0.0426052,0.019843,2.25386,0,1.69258
1.71248,0.252243,1.51434,-0.00135534,0,0,0,0,3,9,0,0,0,0,0,traj_sz=100
1.71256,0.252243,1.51434,-0.00135534,0.366827,1.51413,-0.157841,0.111273,3,9,0.114584,0.0439473,0.0197789,2.25376,0,1.71256
1.7325,0.25259,1.51419,-0.000745899,0,0,0,0,3,9,0,0,0,0,0,traj_sz=100
1.73258,0.25259,1.51419,-0.000745899,0.366827,1.51413,-0.157841,0.111273,3,9,0.114237,0.0450523,0.0209787,2.2534,0,1.73258
1.75251,0.253179,1.51393,0.00303536,0,0,0,0,3,9,0,0,0,0,0,traj_sz=100
1.75263,0.253179,1.51393,0.00303536,0.366827,1.51413,-0.157841,0.111273,4,9,0.113648,0.0459145,-0.0183156,2.25279,0,1.75263
1.7725,0.254,1.51384,0.00587079,0,0,0,0,4,9,0,0,0,0,0,traj_sz=100
1.77266,0.254,1.51384,0.00587079,0.366827,1.51413,-0.157841,0.111273,4,9,0.112826,0.046546,-0.0221037,2.25197,0,1.77266
1.79253,0.254593,1.5141,0.00208489,0,0,0,0,4,9,0,0,0,0,0,traj_sz=100
1.79263,0.254593,1.5141,0.00208489,0.366827,1.51413,-0.157841,0.111273,4,9,0.112234,0.047405,-0.0191716,2.2514,0,1.79263
1.81247,0.255262,1.51385,0.00575463,0,0,0,0,4,9,0,0,0,0,0,traj_sz=100
1.81257,0.255262,1.51385,0.00575463,0.366827,1.51413,-0.157841,0.111273,4,9,0.111565,0.0481808,-0.0220542,2.25071,0,1.81257
1.83244,0.256698,1.5141,0.00207166,0,0,0,0,4,9,0,0,0,0,0,traj_sz=100
1.83261,0.256698,1.5141,0.00207166,0.366827,1.51413,-0.157841,0.111273,4,9,0.110129,0.0482004,-0.0192266,2.2493,0,1.83261
1.85241,0.257891,1.51401,0.00338414,0,0,0,0,4,9,0,0,0,0,0,traj_sz=100
1.85251,0.257891,1.51401,0.00338414,0.366827,1.51413,-0.157841,0.111273,4,9,0.108936,0.0488732,-0.020289,2.2481,0,1.85251
1.8724,0.258921,1.51389,0.00680977,0,0,0,0,4,9,0,0,0,0,0,traj_sz=100
1.87261,0.258921,1.51389,0.00680977,0.366827,1.51413,-0.157841,0.111273,4,9,0.107905,0.0497627,-0.0247451,2.24706,0,1.87261
1.89242,0.259528,1.51392,0.00633095,0,0,0,0,4,9,0,0,0,0,0,traj_sz=100
1.89249,0.259528,1.51392,0.00633095,0.366827,1.51413,-0.157841,0.111273,5,9,0.107298,0.051067,-0.0709049,2.24646,0,1.89249
1.91256,0.260063,1.5141,0.00368176,0,0,0,0,5,9,0,0,0,0,0,traj_sz=100
1.91267,0.260063,1.5141,0.00368176,0.366827,1.51413,-0.157841,0.111273,5,9,0.106764,0.0524683,-0.0689157,2.24594,0,1.91267
1.93262,0.261408,1.5141,0.0038058,0,0,0,0,5,9,0,0,0,0,0,traj_sz=100
1.93272,0.261408,1.5141,0.0038058,0.366827,1.51413,-0.157841,0.111273,5,9,0.105419,0.0530444,-0.0691885,2.2446,0,1.93272
1.95243,0.262348,1.51412,0.00341669,0,0,0,0,5,9,0,0,0,0,0,traj_sz=100
1.95249,0.262348,1.51412,0.00341669,0.366827,1.51413,-0.157841,0.111273,5,9,0.104478,0.0539998,-0.0690402,2.24366,0,1.95249
1.97244,0.263507,1.51395,0.00927274,0,0,0,0,5,9,0,0,0,0,0,traj_sz=100
1.97254,0.263507,1.51395,0.00927274,0.366827,1.51413,-0.157841,0.111273,5,9,0.103317,0.0547587,-0.0771303,2.24249,0,1.97254
1.99254,0.263871,1.51392,0.00978212,0,0,0,0,5,9,0,0,0,0,0,traj_sz=100
1.99268,0.263871,1.51392,0.00978212,0.366827,1.51413,-0.157841,0.111273,5,9,0.102953,0.0563246,-0.0775813,2.24213,0,1.99268
2.01251,0.264463,1.51398,0.00880176,0,0,0,0,5,9,0,0,0,0,0,traj_sz=100
2.01261,0.264463,1.51398,0.00880176,0.366827,1.51413,-0.157841,0.111273,5,9,0.102361,0.0576436,-0.076888,2.24154,0,2.01261
2.03247,0.266205,1.51395,0.00943649,0,0,0,0,5,9,0,0,0,0,0,traj_sz=100
2.03256,0.266205,1.51395,0.00943649,0.366827,1.51413,-0.157841,0.111273,5,9,0.100619,0.0578128,-0.0777448,2.2398,0,2.03256
2.05251,0.26712,1.51404,0.00801636,0,0,0,0,5,9,0,0,0,0,0,traj_sz=100
2.05263,0.26712,1.51404,0.00801636,0.366827,1.51413,-0.157841,0.111273,5,9,0.099704,0.058823,-0.0767609,2.2389,0,2.05263
2.07254,0.268242,1.51388,0.0105231,0,0,0,0,5,9,0,0,0,0,0,traj_sz=100
2.07263,0.268242,1.51388,0.0105231,0.366827,1.51413,-0.157841,0.111273,5,9,0.0985823,0.059615,-0.0790167,2.23777,0,2.07263
2.09247,0.268906,1.51392,0.00999405,0,0,0,0,5,9,0,0,0,0,0,traj_sz=100
2.09278,0.268906,1.51392,0.00999405,0.366827,1.51413,-0.157841,0.111273,5,9,0.0979177,0.0608688,-0.0786969,2.23711,0,2.09278
2.11245,0.269339,1.51394,0.00965013,0,0,0,0,5,9,0,0,0,0,0,traj_sz=100
2.11255,0.269339,1.51394,0.00965013,0.366827,1.51413,-0.157841,0.111273,5,9,0.0974855,0.0623435,-0.0784926,2.23668,0,2.11255
2.13235,0.271115,1.51387,0.0109742,0,0,0,0,5,9,0,0,0,0,0,traj_sz=100
2.13243,0.271115,1.51387,0.0109742,0.366827,1.51413,-0.157841,0.111273,6,9,0.0957096,0.0624726,-0.142309,2.2349,0,2.13243
2.15246,0.272192,1.51397,0.0095164,0,0,0,0,6,9,0,0,0,0,0,traj_sz=100
2.15259,0.272192,1.51397,0.0095164,0.366827,1.51413,-0.157841,0.111273,6,9,0.0946324,0.0633283,-0.141571,2.23383,0,2.15259
2.17243,0.273203,1.51393,0.0100274,0,0,0,0,6,9,0,0,0,0,0,traj_sz=100
2.17254,0.273203,1.51393,0.0100274,0.366827,1.51413,-0.157841,0.111273,6,9,0.0936214,0.0642287,-0.14235,2.23282,0,2.17254
2.1924,0.273993,1.51395,0.00975936,0,0,0,0,6,9,0,0,0,0,0,traj_sz=100
2.19247,0.273993,1.51395,0.00975936,0.366827,1.51413,-0.157841,0.111273,6,9,0.0928315,0.0653499,-0.142426,2.23204,0,2.19247
2.21244,0.274751,1.51394,0.00986365,0,0,0,0,6,9,0,0,0,0,0,traj_sz=100
2.2125,0.274751,1.51394,0.00986365,0.366827,1.51413,-0.157841,0.111273,6,9,0.0920729,0.0667192,-0.14279,2.23128,0,2.2125
2.23243,0.27628,1.51405,0.00836734,0,0,0,0,6,9,0,0,0,0,0,traj_sz=100
2.23248,0.27628,1.51405,0.00836734,0.366827,1.51413,-0.157841,0.111273,6,9,0.0905447,0.0674774,-0.142322,2.22976,0,2.23248
2.25246,0.277819,1.51393,0.010165,0,0,0,0,6,9,0,0,0,0,0,traj_sz=100
2.25259,0.277819,1.51393,0.010165,0.366827,1.51413,-0.157841,0.111273,6,9,0.0890054,0.0682323,-0.144296,2.22822,0,2.25259
2.27247,0.279248,1.51401,0.00893936,0,0,0,0,6,9,0,0,0,0,0,traj_sz=100
2.27257,0.279248,1.51401,0.00893936,0.366827,1.51413,-0.157841,0.111273,6,9,0.0875762,0.0690902,-0.143869,2.2268,0,2.27257
2.29248,0.279915,1.51402,0.00879245,0,0,0,0,6,9,0,0,0,0,0,traj_sz=100
2.29257,0.279915,1.51402,0.00879245,0.366827,1.51413,-0.157841,0.111273,6,9,0.0869092,0.0707099,-0.144,2.22614,0,2.29257
2.31256,0.28063,1.51397,0.00962716,0,0,0,0,6,9,0,0,0,0,0,traj_sz=100
2.31269,0.28063,1.51397,0.00962716,0.366827,1.51413,-0.157841,0.111273,6,9,0.0861944,0.0722923,-0.14492,2.22542,0,2.31269
2.33261,0.282744,1.51402,0.00886257,0,0,0,0,6,9,0,0,0,0,0,traj_sz=100
2.33272,0.282744,1.51402,0.00886257,0.366827,1.51413,-0.157841,0.111273,6,9,0.0840803,0.0724704,-0.145105,2.22331,0,2.33272
2.35244,0.284011,1.51418,0.00653368,0,0,0,0,6,9,0,0,0,0,0,traj_sz=100
2.35263,0.284011,1.51418,0.00653368,0.366827,1.51413,-0.157841,0.111273,6,9,0.0828142,0.0734848,-0.143759,2.22206,0,2.35263
2.37249,0.285677,1.51404,0.00848622,0,0,0,0,6,9,0,0,0,0,0,traj_sz=100
2.37257,0.285677,1.51404,0.00848622,0.366827,1.51413,-0.157841,0.111273,6,9,0.0811478,0.074097,-0.145898,2.22039,0,2.37257
2.39238,0.28651,1.51407,0.00818134,0,0,0,0,6,9,0,0,0,0,0,traj_sz=100
2.39249,0.28651,1.51407,0.00818134,0.366827,1.51413,-0.157841,0.111273,6,9,0.0803144,0.0755405,-0.145971,2.21956,0,2.39249
2.41249,0.287318,1.51407,0.00816222,0,0,0,0,6,9,0,0,0,0,0,traj_sz=100
2.41271,0.287318,1.51407,0.00816222,0.407142,1.50772,-0.229918,0.119998,6,10,0.119768,0.0770434,-0.146254,2.21876,0,2.41271
2.43244,0.289852,1.51414,0.00549471,0,0,0,0,6,10,0,0,0,0,0,traj_sz=100
2.43253,0.289852,1.51414,0.00549471,0.407142,1.50772,-0.229918,0.119998,7,10,0.117253,0.0767827,-0.221947,2.21624,0,2.43253
2.45254,0.291594,1.51407,0.00496271,0,0,0,0,7,10,0,0,0,0,0,traj_sz=100
2.4527,0.291594,1.51407,0.00496271,0.407142,1.50772,-0.229918,0.119998,7,10,0.115515,0.0773406,-0.221308,2.21449,0,2.4527
2.47259,0.293275,1.51408,0.00479969,0,0,0,0,7,10,0,0,0,0,0,traj_sz=100
2.47274,0.293275,1.51408,0.00479969,0.407142,1.50772,-0.229918,0.119998,7,10,0.113835,0.0779562,-0.222542,2.21282,0,2.47274
2.49247,0.294101,1.51442,0.0013951,0,0,0,0,7,10,0,0,0,0,0,traj_sz=100
2.49254,0.294101,1.51442,0.0013951,0.407142,1.50772,-0.229918,0.119998,7,10,0.113031,0.0794113,-0.222121,2.21202,0,2.49254
2.51241,0.294955,1.51441,0.00150485,0,0,0,0,7,10,0,0,0,0,0,traj_sz=100
2.5125,0.294955,1.51441,0.00150485,0.407142,1.50772,-0.229918,0.119998,7,10,0.112177,0.08084,-0.222899,2.21117,0,2.5125
2.53244,0.297553,1.5145,-0.0028594,0,0,0,0,7,10,0,0,0,0,0,traj_sz=100
2.53254,0.297553,1.5145,-0.0028594,0.407142,1.50772,-0.229918,0.119998,7,10,0.109608,0.0805404,-0.218448,2.20858,0,2.53254
2.55266,0.299282,1.51444,-0.00206794,0,0,0,0,7,10,0,0,0,0,0,traj_sz=100
2.55277,0.299282,1.51444,-0.00206794,0.407142,1.50772,-0.229918,0.119998,7,10,0.107874,0.0811243,-0.220468,2.20685,0,2.55277
2.5725,0.301159,1.51447,-0.00248252,0,0,0,0,7,10,0,0,0,0,0,traj_sz=100
2.5727,0.301159,1.51447,-0.00248252,0.407142,1.50772,-0.229918,0.119998,7,10,0.105999,0.0815856,-0.221664,2.20498,0,2.5727
2.59251,0.301942,1.51453,-0.00328077,0,0,0,0,7,10,0,0,0,0,0,traj_sz=100
2.59267,0.301942,1.51453,-0.00328077,0.407142,1.50772,-0.229918,0.119998,7,10,0.105222,0.0833404,-0.221676,2.20421,0,2.59267
2.6125,0.302827,1.5146,-0.00592904,0,0,0,0,7,10,0,0,0,0,0,traj_sz=100
2.61259,0.302827,1.5146,-0.00592904,0.407142,1.50772,-0.229918,0.119998,7,10,0.104354,0.0849915,-0.218754,2.20333,0,2.61259
2.63236,0.305635,1.51455,-0.00829361,0,0,0,0,7,10,0,0,0,0,0,traj_sz=100
2.63249,0.305635,1.51455,-0.00829361,0.407142,1.50772,-0.229918,0.119998,7,10,0.10156,0.0847085,-0.215969,2.20053,0,2.63249
2.65244,0.307471,1.51459,-0.00885917,0,0,0,0,7,10,0,0,0,0,0,traj_sz=100
2.65254,0.307471,1.51459,-0.00885917,0.407142,1.50772,-0.229918,0.119998,7,10,0.0997275,0.0854215,-0.217017,2.1987,0,2.65254
2.67245,0.309297,1.51465,-0.0114735,0,0,0,0,7,10,0,0,0,0,0,traj_sz=100
2.67255,0.309297,1.51465,-0.0114735,0.407142,1.50772,-0.229918,0.119998,7,10,0.0979177,0.0861438,-0.214704,2.19688,0,2.67255
2.69249,0.310295,1.51471,-0.0123964,0,0,0,0,7,10,0,0,0,0,0,traj_sz=100
2.69262,0.310295,1.51471,-0.0123964,0.407142,1.50772,-0.229918,0.119998,7,10,0.096926,0.0876995,-0.214792,2.19589,0,2.69262
2.71244,0.311271,1.51468,-0.0120021,0,0,0,0,7,10,0,0,0,0,0,traj_sz=100
2.71261,0.311271,1.51468,-0.0120021,0.407142,1.50772,-0.229918,0.119998,7,10,0.0959475,0.0892608,-0.21589,2.19492,0,2.71261
2.73238,0.31311,1.51441,-0.0152452,0,0,0,0,7,10,0,0,0,0,0,traj_sz=100
2.73284,0.31311,1.51441,-0.0152452,0.407142,1.50772,-0.229918,0.119998,7,10,0.0941227,0.0899529,-0.207421,2.19306,0,2.73284
2.75232,0.316042,1.51448,-0.0163149,0,0,0,0,7,10,0,0,0,0,0,traj_sz=100
2.75244,0.316042,1.51448,-0.0163149,0.407142,1.50772,-0.229918,0.119998,8,10,0.0911978,0.0895437,-0.302403,2.19014,0,2.75244
2.77245,0.317824,1.51464,-0.0209024,0,0,0,0,8,10,0,0,0,0,0,traj_sz=100
2.77254,0.317824,1.51464,-0.0209024,0.407142,1.50772,-0.229918,0.119998,8,10,0.0894432,0.0903318,-0.299151,2.18838,0,2.77254
2.79236,0.318731,1.51457,-0.0214197,0,0,0,0,8,10,0,0,0,0,0,traj_sz=100
2.7925,0.318731,1.51457,-0.0214197,0.407142,1.50772,-0.229918,0.119998,8,10,0.0885379,0.0919557,-0.298578,2.18747,0,2.7925
2.81243,0.319764,1.51463,-0.0223616,0,0,0,0,8,10,0,0,0,0,0,traj_sz=100
2.81253,0.319764,1.51463,-0.0223616,0.407142,1.50772,-0.229918,0.119998,8,10,0.0875104,0.093473,-0.299191,2.18644,0,2.81253
2.83251,0.322321,1.51455,-0.0264044,0,0,0,0,8,10,0,0,0,0,0,traj_sz=100
2.83259,0.322321,1.51455,-0.0264044,0.407142,1.50772,-0.229918,0.119998,8,10,0.0849718,0.0934673,-0.294507,2.18389,0,2.83259
2.85249,0.323933,1.5145,-0.0273041,0,0,0,0,8,10,0,0,0,0,0,traj_sz=100
2.85259,0.323933,1.5145,-0.0273041,0.407142,1.50772,-0.229918,0.119998,8,10,0.0833628,0.0943951,-0.294491,2.18228,0,2.85259
2.87237,0.325745,1.51455,-0.0312879,0,0,0,0,8,10,0,0,0,0,0,traj_sz=100
2.87253,0.325745,1.51455,-0.0312879,0.407142,1.50772,-0.229918,0.119998,8,10,0.0815707,0.0951247,-0.290733,2.18047,0,2.87253
2.89243,0.326716,1.51447,-0.0317417,0,0,0,0,8,10,0,0,0,0,0,traj_sz=100
2.89264,0.326716,1.51447,-0.0317417,0.407142,1.50772,-0.229918,0.119998,8,10,0.0805994,0.0966998,-0.290214,2.1795,0,2.89264
2.91235,0.327647,1.51435,-0.0315695,0,0,0,0,8,10,0,0,0,0,0,traj_sz=100
2.91242,0.327647,1.51435,-0.0315695,0.450007,1.49768,-0.311589,0.124492,8,11,0.122825,0.098278,-0.290138,2.17856,0,2.91242
2.93237,0.33053,1.51449,-0.0377176,0,0,0,0,8,11,0,0,0,0,0,traj_sz=100
2.93245,0.33053,1.51449,-0.0377176,0.450007,1.49768,-0.311589,0.124492,8,11,0.120026,0.0979656,-0.285355,2.1757,0,2.93245
2.95234,0.332512,1.51442,-0.041596,0,0,0,0,8,11,0,0,0,0,0,traj_sz=100
2.95246,0.332512,1.51442,-0.041596,0.450007,1.49768,-0.311589,0.124492,8,11,0.11809,0.0986385,-0.280274,2.17372,0,2.95246
2.97241,0.334628,1.51445,-0.0466651,0,0,0,0,8,11,0,0,0,0,0,traj_sz=100
2.97252,0.334628,1.51445,-0.0466651,0.450007,1.49768,-0.311589,0.124492,8,11,0.116036,0.0992155,-0.274727,2.17161,0,2.97252
2.99251,0.335557,1.51449,-0.0472868,0,0,0,0,8,11,0,0,0,0,0,traj_sz=100
2.99261,0.335557,1.51449,-0.0472868,0.450007,1.49768,-0.311589,0.124492,8,11,0.115116,0.100978,-0.275614,2.17068,0,2.99261
3.01248,0.33657,1.51429,-0.0474207,0,0,0,0,8,11,0,0,0,0,0,traj_sz=100
3.01258,0.33657,1.51429,-0.0474207,0.450007,1.49768,-0.311589,0.124492,8,11,0.114097,0.102615,-0.273811,2.16966,0,3.01258
3.03245,0.33955,1.51431,-0.0529531,0,0,0,0,8,11,0,0,0,0,0,traj_sz=100
3.03258,0.33955,1.51431,-0.0529531,0.450007,1.49768,-0.311589,0.124492,8,11,0.111182,0.102327,-0.268606,2.16669,0,3.03258
3.05244,0.34163,1.5139,-0.0536978,0,0,0,0,8,11,0,0,0,0,0,traj_sz=100
3.05258,0.34163,1.5139,-0.0536978,0.450007,1.49768,-0.311589,0.124492,8,11,0.109091,0.102882,-0.264264,2.16458,0,3.05258
3.07251,0.343787,1.51402,-0.0590289,0,0,0,0,8,11,0,0,0,0,0,traj_sz=100
3.07259,0.343787,1.51402,-0.0590289,0.450007,1.49768,-0.311589,0.124492,8,11,0.106999,0.103429,-0.259545,2.16244,0,3.07259
3.09244,0.34473,1.51402,-0.0590641,0,0,0,0,8,11,0,0,0,0,0,traj_sz=100
3.09254,0.34473,1.51402,-0.0590641,0.450007,1.49768,-0.311589,0.124492,8,11,0.106058,0.105156,-0.260909,2.1615,0,3.09254
3.11235,0.345801,1.51393,-0.0628288,0,0,0,0,8,11,0,0,0,0,0,traj_sz=100
3.11249,0.345801,1.51393,-0.0628288,0.450007,1.49768,-0.311589,0.124492,8,11,0.10502,0.106746,-0.254301,2.16043,0,3.11249
3.13247,0.349144,1.51394,-0.0686013,0,0,0,0,8,11,0,0,0,0,0,traj_sz=100
3.13257,0.349144,1.51394,-0.0686013,0.450007,1.49768,-0.311589,0.124492,9,11,0.101741,0.106116,-0.3491,2.1571,0,3.13257
3.15259,0.351283,1.51389,-0.0732522,0,0,0,0,9,11,0,0,0,0,0,traj_sz=100
3.15292,0.351283,1.51389,-0.0732522,0.450007,1.49768,-0.311589,0.124492,9,11,0.0996456,0.106684,-0.3491,2.15496,0,3.15292
3.17248,0.353474,1.51392,-0.0779395,0,0,0,0,9,11,0,0,0,0,0,traj_sz=100
3.17258,0.353474,1.51392,-0.0779395,0.450007,1.49768,-0.311589,0.124492,9,11,0.0975043,0.107166,-0.3491,2.15278,0,3.17258
3.19248,0.354694,1.51374,-0.0791361,0,0,0,0,9,11,0,0,0,0,0,traj_sz=100
3.19263,0.354694,1.51374,-0.0791361,0.450007,1.49768,-0.311589,0.124492,9,11,0.0962841,0.108609,-0.3491,2.15155,0,3.19263
3.21241,0.355816,1.51384,-0.0847237,0,0,0,0,9,11,0,0,0,0,0,traj_sz=100
3.21251,0.355816,1.51384,-0.0847237,0.450007,1.49768,-0.311589,0.124492,9,11,0.095221,0.110173,-0.343708,2.15043,0,3.21251
3.23231,0.35929,1.51342,-0.0866909,0,0,0,0,9,11,0,0,0,0,0,traj_sz=100
3.23235,0.35929,1.51342,-0.0866909,0.450007,1.49768,-0.311589,0.124492,9,11,0.0917386,0.109325,-0.342046,2.14694,0,3.23235
3.2525,0.361361,1.51329,-0.0893387,0,0,0,0,9,11,0,0,0,0,0,traj_sz=100
3.25259,0.361361,1.51329,-0.0893387,0.450007,1.49768,-0.311589,0.124492,9,11,0.0896851,0.109961,-0.340264,2.14486,0,3.25259
3.27254,0.363496,1.51331,-0.095523,0,0,0,0,9,11,0,0,0,0,0,traj_sz=100
3.2727,0.363496,1.51331,-0.095523,0.450007,1.49768,-0.311589,0.124492,9,11,0.087607,0.110538,-0.334461,2.14274,0,3.2727
3.29249,0.364783,1.51285,-0.0920404,0,0,0,0,9,11,0,0,0,0,0,traj_sz=100
3.2926,0.364783,1.51285,-0.0920404,0.450007,1.49768,-0.311589,0.124492,9,11,0.0862579,0.111856,-0.336998,2.14142,0,3.2926
3.3125,0.365916,1.51293,-0.0974054,0,0,0,0,9,11,0,0,0,0,0,traj_sz=100
3.31256,0.365916,1.51293,-0.0974054,0.450007,1.49768,-0.311589,0.124492,9,11,0.0851754,0.11343,-0.331141,2.14029,0,3.31256
3.33245,0.369541,1.51281,-0.108384,0,0,0,0,9,11,0,0,0,0,0,traj_sz=100
3.33256,0.369541,1.51281,-0.108384,0.450007,1.49768,-0.311589,0.124492,9,11,0.0816309,0.112528,-0.318272,2.13667,0,3.33256
3.35249,0.372133,1.51231,-0.110645,0,0,0,0,9,11,0,0,0,0,0,traj_sz=100
3.35259,0.372133,1.51231,-0.110645,0.450007,1.49768,-0.311589,0.124492,9,11,0.0790126,0.11259,-0.312786,2.13405,0,3.35259
3.37247,0.37472,1.51216,-0.11598,0,0,0,0,9,11,0,0,0,0,0,traj_sz=100
3.37266,0.37472,1.51216,-0.11598,0.450007,1.49768,-0.311589,0.124492,9,11,0.0764565,0.11272,-0.307052,2.13146,0,3.37266
3.39247,0.375998,1.51211,-0.119226,0,0,0,0,9,11,0,0,0,0,0,traj_sz=100
3.39256,0.375998,1.51211,-0.119226,0.450007,1.49768,-0.311589,0.124492,9,11,0.0752001,0.114141,-0.30359,2.13018,0,3.39256
3.41242,0.377318,1.5116,-0.117296,0,0,0,0,9,11,0,0,0,0,0,traj_sz=100
3.41253,0.377318,1.5116,-0.117296,0.450007,1.49768,-0.311589,0.124492,9,11,0.073818,0.115443,-0.302539,2.12882,0,3.41253
3.43239,0.381122,1.51147,-0.128182,0,0,0,0,9,11,0,0,0,0,0,traj_sz=100
3.43252,0.381122,1.51147,-0.128182,0.450007,1.49768,-0.311589,0.124492,9,11,0.0700836,0.114377,-0.290093,2.12502,0,3.43252
3.45238,0.383706,1.51105,-0.130191,0,0,0,0,9,11,0,0,0,0,0,traj_sz=100
3.4525,0.383706,1.51105,-0.130191,0.450007,1.49768,-0.311589,0.124492,9,11,0.0674756,0.114453,-0.286271,2.12241,0,3.4525
3.47239,0.386404,1.5108,-0.13501,0,0,0,0,9,11,0,0,0,0,0,traj_sz=100
3.47249,0.386404,1.5108,-0.13501,0.450007,1.49768,-0.311589,0.124492,9,11,0.06479,0.114455,-0.280233,2.1197,0,3.47249
3.49236,0.387646,1.51035,-0.136897,0,0,0,0,9,11,0,0,0,0,0,traj_sz=100
3.49241,0.387646,1.51035,-0.136897,0.450007,1.49768,-0.311589,0.124492,10,11,0.063506,0.115838,-0.3491,2.11843,0,3.49241
3.51244,0.388919,1.51026,-0.137302,0,0,0,0,10,11,0,0,0,0,0,traj_sz=100
3.51251,0.388919,1.51026,-0.137302,0.450007,1.49768,-0.311589,0.124492,10,11,0.0622345,0.117284,-0.3491,2.11715,0,3.51251
3.53238,0.39282,1.50972,-0.144368,0,0,0,0,10,11,0,0,0,0,0,traj_sz=100
3.53251,0.39282,1.50972,-0.144368,0.49348,1.48368,-0.399163,0.12563,10,12,0.10336,0.11605,-0.3491,2.11323,0,3.53251
3.55234,0.395232,1.50946,-0.148596,0,0,0,0,10,12,0,0,0,0,0,traj_sz=100
3.55245,0.395232,1.50946,-0.148596,0.49348,1.48368,-0.399163,0.12563,10,12,0.100982,0.116324,-0.3491,2.1108,0,3.55245
3.57251,0.397673,1.50895,-0.14979,0,0,0,0,10,12,0,0,0,0,0,traj_sz=100
3.57259,0.397673,1.50895,-0.14979,0.49348,1.48368,-0.399163,0.12563,10,12,0.0985055,0.116549,-0.3491,2.10833,0,3.57259
3.59247,0.398886,1.50912,-0.154389,0,0,0,0,10,12,0,0,0,0,0,traj_sz=100
3.59265,0.398886,1.50912,-0.154389,0.49348,1.48368,-0.399163,0.12563,10,12,0.09738,0.118099,-0.3491,2.10713,0,3.59265
3.61256,0.400193,1.50855,-0.154596,0,0,0,0,10,12,0,0,0,0,0,traj_sz=100
3.61267,0.400193,1.50855,-0.154596,0.49348,1.48368,-0.399163,0.12563,10,12,0.0960038,0.119405,-0.3491,2.10578,0,3.61267
3.63233,0.403727,1.50815,-0.159035,0,0,0,0,10,12,0,0,0,0,0,traj_sz=100
3.63247,0.403727,1.50815,-0.159035,0.49348,1.48368,-0.399163,0.12563,10,12,0.0924957,0.118534,-0.3491,2.10223,0,3.63247
3.65241,0.406123,1.50794,-0.165072,0,0,0,0,10,12,0,0,0,0,0,traj_sz=100
3.65248,0.406123,1.50794,-0.165072,0.49348,1.48368,-0.399163,0.12563,10,12,0.0901558,0.118853,-0.3491,2.09983,0,3.65248
3.67244,0.408628,1.50743,-0.169369,0,0,0,0,10,12,0,0,0,0,0,traj_sz=100
3.67255,0.408628,1.50743,-0.169369,0.49348,1.48368,-0.399163,0.12563,10,12,0.0876407,0.118992,-0.3491,2.09729,0,3.67255
3.69259,0.409852,1.50733,-0.175676,0,0,0,0,10,12,0,0,0,0,0,traj_sz=100
3.69293,0.409852,1.50733,-0.175676,0.49348,1.48368,-0.399163,0.12563,10,12,0.0864738,0.120448,-0.3491,2.09606,0,3.69293
3.7124,0.411106,1.50746,-0.179349,0,0,0,0,10,12,0,0,0,0,0,traj_sz=100
3.71251,0.411106,1.50746,-0.179349,0.49348,1.48368,-0.399163,0.12563,10,12,0.0852943,0.121876,-0.3491,2.09482,0,3.71251
3.73251,0.414753,1.50645,-0.180957,0,0,0,0,10,12,0,0,0,0,0,traj_sz=100
3.73265,0.414753,1.50645,-0.180957,0.49348,1.48368,-0.399163,0.12563,10,12,0.0815393,0.120759,-0.3491,2.09111,0,3.73265
3.75242,0.417319,1.50603,-0.186785,0,0,0,0,10,12,0,0,0,0,0,traj_sz=100
3.75274,0.417319,1.50603,-0.186785,0.49348,1.48368,-0.399163,0.12563,10,12,0.0789877,0.120805,-0.344071,2.08852,0,3.75274
3.77242,0.419923,1.50588,-0.195148,0,0,0,0,10,12,0,0,0,0,0,traj_sz=100
3.77251,0.419923,1.50588,-0.195148,0.49348,1.48368,-0.399163,0.12563,10,12,0.0764649,0.120887,-0.335619,2.08591,0,3.77251
3.79243,0.421286,1.50569,-0.195997,0,0,0,0,10,12,0,0,0,0,0,traj_sz=100
3.79255,0.421286,1.50569,-0.195997,0.49348,1.48368,-0.399163,0.12563,10,12,0.075099,0.122177,-0.336056,2.08454,0,3.79255
3.81237,0.422646,1.5053,-0.199096,0,0,0,0,10,12,0,0,0,0,0,traj_sz=100
3.8126,0.422646,1.5053,-0.199096,0.49348,1.48368,-0.399163,0.12563,10,12,0.0737102,0.123399,-0.329328,2.08315,0,3.8126
3.83251,0.426898,1.50476,-0.209207,0,0,0,0,10,12,0,0,0,0,0,traj_sz=100
3.83269,0.426898,1.50476,-0.209207,0.49348,1.48368,-0.399163,0.12563,10,12,0.0695088,0.121832,-0.317875,2.07887,0,3.83269
3.85242,0.429535,1.5042,-0.214209,0,0,0,0,10,12,0,0,0,0,0,traj_sz=100
3.85256,0.429535,1.5042,-0.214209,0.49348,1.48368,-0.399163,0.12563,11,12,0.0668449,0.121771,-0.3491,2.0762,0,3.85256
3.87239,0.432375,1.50358,-0.220505,0,0,0,0,11,12,0,0,0,0,0,traj_sz=100
3.8725,0.432375,1.50358,-0.220505,0.49348,1.48368,-0.399163,0.12563,11,12,0.0639777,0.121515,-0.3491,2.07332,0,3.8725
3.89242,0.433755,1.50349,-0.224255,0,0,0,0,11,12,0,0,0,0,0,traj_sz=100
3.89255,0.433755,1.50349,-0.224255,0.49348,1.48368,-0.399163,0.12563,11,12,0.062635,0.122821,-0.3491,2.07194,0,3.89255
3.91247,0.435058,1.50286,-0.224238,0,0,0,0,11,12,0,0,0,0,0,traj_sz=100
3.91263,0.435058,1.50286,-0.224238,0.535947,1.46577,-0.489233,0.124873,11,13,0.10661,0.124053,-0.3491,2.07059,0,3.91263
3.93235,0.439243,1.50206,-0.233034,0,0,0,0,11,13,0,0,0,0,0,traj_sz=100
3.93244,0.439243,1.50206,-0.233034,0.535947,1.46577,-0.489233,0.124873,11,13,0.102472,0.12244,-0.3491,2.06636,0,3.93244
3.95244,0.441913,1.50154,-0.236324,0,0,0,0,11,13,0,0,0,0,0,traj_sz=100
3.9527,0.441913,1.50154,-0.236324,0.535947,1.46577,-0.489233,0.124873,11,13,0.0997955,0.122405,-0.3491,2.06366,0,3.9527
3.97241,0.444567,1.50092,-0.243886,0,0,0,0,11,13,0,0,0,0,0,traj_sz=100
3.97262,0.444567,1.50092,-0.243886,0.535947,1.46577,-0.489233,0.124873,11,13,0.097163,0.12233,-0.3491,2.06097,0,3.97262
3.99236,0.445919,1.50041,-0.245282,0,0,0,0,11,13,0,0,0,0,0,traj_sz=100
3.9925,0.445919,1.50041,-0.245282,0.535947,1.46577,-0.489233,0.124873,11,13,0.0957456,0.123521,-0.3491,2.05958,0,3.9925
4.01237,0.447239,1.50014,-0.248839,0,0,0,0,11,13,0,0,0,0,0,traj_sz=100
4.01253,0.447239,1.50014,-0.248839,0.535947,1.46577,-0.489233,0.124873,11,13,0.0944407,0.124831,-0.3491,2.05824,0,4.01253
4.03233,0.450945,1.49941,-0.257931,0,0,0,0,11,13,0,0,0,0,0,traj_sz=100
4.03242,0.450945,1.49941,-0.257931,0.535947,1.46577,-0.489233,0.124873,11,13,0.0907695,0.12371,-0.3491,2.05449,0,4.03242
4.05257,0.453551,1.49877,-0.263652,0,0,0,0,11,13,0,0,0,0,0,traj_sz=100
4.05263,0.453551,1.49877,-0.263652,0.535947,1.46577,-0.489233,0.124873,11,13,0.0881499,0.123639,-0.3491,2.05185,0,4.05263
4.07246,0.456078,1.49816,-0.269551,0,0,0,0,11,13,0,0,0,0,0,traj_sz=100
4.07253,0.456078,1.49816,-0.269551,0.535947,1.46577,-0.489233,0.124873,11,13,0.0856093,0.123595,-0.3491,2.04928,0,4.07253
4.09235,0.457247,1.49751,-0.268496,0,0,0,0,11,13,0,0,0,0,0,traj_sz=100
4.0924,0.457247,1.49751,-0.268496,0.535947,1.46577,-0.489233,0.124873,11,13,0.0843006,0.124828,-0.3491,2.04807,0,4.0924
4.11241,0.458487,1.49722,-0.27287,0,0,0,0,11,13,0,0,0,0,0,traj_sz=100
4.11251,0.458487,1.49722,-0.27287,0.535947,1.46577,-0.489233,0.124873,11,13,0.0830707,0.126136,-0.3491,2.04681,0,4.11251
4.13246,0.462363,1.49589,-0.277408,0,0,0,0,11,13,0,0,0,0,0,traj_sz=100
4.13252,0.462363,1.49589,-0.277408,0.535947,1.46577,-0.489233,0.124873,11,13,0.0790191,0.124598,-0.3491,2.04285,0,4.13252
4.15242,0.465023,1.49545,-0.282197,0,0,0,0,11,13,0,0,0,0,0,traj_sz=100
4.1527,0.465023,1.49545,-0.282197,0.535947,1.46577,-0.489233,0.124873,11,13,0.0763836,0.124521,-0.3491,2.04017,0,4.1527
4.17237,0.467503,1.49457,-0.288997,0,0,0,0,11,13,0,0,0,0,0,traj_sz=100
4.17255,0.467503,1.49457,-0.288997,0.535947,1.46577,-0.489233,0.124873,11,13,0.0738131,0.124439,-0.343098,2.03763,0,4.17255
4.19248,0.468871,1.49436,-0.294035,0,0,0,0,11,13,0,0,0,0,0,traj_sz=100
4.19262,0.468871,1.49436,-0.294035,0.535947,1.46577,-0.489233,0.124873,11,13,0.0724831,0.125652,-0.33733,2.03625,0,4.19262
4.21246,0.470225,1.4938,-0.295368,0,0,0,0,11,13,0,0,0,0,0,traj_sz=100
4.21258,0.470225,1.4938,-0.295368,0.535947,1.46577,-0.489233,0.124873,11,13,0.071035,0.126745,-0.333139,2.03486,0,4.21258
4.23243,0.474264,1.49297,-0.306293,0,0,0,0,11,13,0,0,0,0,0,traj_sz=100
4.23255,0.474264,1.49297,-0.306293,0.535947,1.46577,-0.489233,0.124873,12,13,0.0670142,0.125231,-0.3491,2.03078,0,4.23255
4.25254,0.476766,1.49228,-0.311776,0,0,0,0,12,13,0,0,0,0,0,traj_sz=100
4.25264,0.476766,1.49228,-0.311776,0.535947,1.46577,-0.489233,0.124873,12,13,0.0644608,0.125221,-0.3491,2.02823,0,4.25264
4.27253,0.479379,1.4916,-0.318995,0,0,0,0,12,13,0,0,0,0,0,traj_sz=100
4.27262,0.479379,1.4916,-0.318995,0.576385,1.44424,-0.579372,0.122757,12,14,0.106965,0.125098,-0.3491,2.02558,0,4.27262
4.29243,0.480681,1.49141,-0.321105,0,0,0,0,12,14,0,0,0,0,0,traj_sz=100
4.29251,0.480681,1.49141,-0.321105,0.576385,1.44424,-0.579372,0.122757,12,14,0.105702,0.126367,-0.3491,2.02427,0,4.29251
4.31243,0.481915,1.49064,-0.321638,0,0,0,0,12,14,0,0,0,0,0,traj_sz=100
4.31255,0.481915,1.49064,-0.321638,0.576385,1.44424,-0.579372,0.122757,12,14,0.104294,0.1275,-0.3491,2.02298,0,4.31255
4.33247,0.485948,1.48966,-0.332498,0,0,0,0,12,14,0,0,0,0,0,traj_sz=100
4.33259,0.485948,1.48966,-0.332498,0.576385,1.44424,-0.579372,0.122757,12,14,0.100308,0.125956,-0.3491,2.01889,0,4.33259
4.35249,0.488684,1.48909,-0.339123,0,0,0,0,12,14,0,0,0,0,0,traj_sz=100
4.35259,0.488684,1.48909,-0.339123,0.576385,1.44424,-0.579372,0.122757,12,14,0.0976257,0.12577,-0.3491,2.01612,0,4.35259
4.37243,0.491102,1.48804,-0.342796,0,0,0,0,12,14,0,0,0,0,0,traj_sz=100
4.37252,0.491102,1.48804,-0.342796,0.576385,1.44424,-0.579372,0.122757,12,14,0.0950423,0.125686,-0.3491,2.01364,0,4.37252
4.39255,0.492388,1.48753,-0.344642,0,0,0,0,12,14,0,0,0,0,0,traj_sz=100
4.3927,0.492388,1.48753,-0.344642,0.576385,1.44424,-0.579372,0.122757,12,14,0.0936834,0.126884,-0.3491,2.01232,0,4.3927
4.41246,0.493684,1.4873,-0.351127,0,0,0,0,12,14,0,0,0,0,0,traj_sz=100
4.41252,0.493684,1.4873,-0.351127,0.576385,1.44424,-0.579372,0.122757,12,14,0.0924666,0.128103,-0.3491,2.01101,0,4.41252
4.43237,0.497488,1.48597,-0.358594,0,0,0,0,12,14,0,0,0,0,0,traj_sz=100
4.43245,0.497488,1.48597,-0.358594,0.576385,1.44424,-0.579372,0.122757,12,14,0.0885228,0.12656,-0.3491,2.00712,0,4.43245
4.45247,0.500067,1.48495,-0.362531,0,0,0,0,12,14,0,0,0,0,0,traj_sz=100
4.45255,0.500067,1.48495,-0.362531,0.576385,1.44424,-0.579372,0.122757,12,14,0.0857952,0.126291,-0.3491,2.00448,0,4.45255
4.47242,0.502624,1.48416,-0.368269,0,0,0,0,12,14,0,0,0,0,0,traj_sz=100
4.4725,0.502624,1.48416,-0.368269,0.576385,1.44424,-0.579372,0.122757,12,14,0.0831866,0.126116,-0.3491,2.00188,0,4.4725
4.49234,0.503894,1.48389,-0.373952,0,0,0,0,12,14,0,0,0,0,0,traj_sz=100
4.49247,0.503894,1.48389,-0.373952,0.576385,1.44424,-0.579372,0.122757,12,14,0.081964,0.12733,-0.3491,2.00059,0,4.49247
4.51233,0.505168,1.48339,-0.375953,0,0,0,0,12,14,0,0,0,0,0,traj_sz=100
4.51243,0.505168,1.48339,-0.375953,0.576385,1.44424,-0.579372,0.122757,12,14,0.0806176,0.128452,-0.3491,1.99929,0,4.51243
4.53241,0.508842,1.48187,-0.382544,0,0,0,0,12,14,0,0,0,0,0,traj_sz=100
4.53248,0.508842,1.48187,-0.382544,0.576385,1.44424,-0.579372,0.122757,12,14,0.0767083,0.126978,-0.3491,1.99552,0,4.53248
4.55241,0.511404,1.48088,-0.389874,0,0,0,0,12,14,0,0,0,0,0,traj_sz=100
4.55254,0.511404,1.48088,-0.389874,0.576385,1.44424,-0.579372,0.122757,12,14,0.0740306,0.126733,-0.3491,1.9929,0,4.55254
4.57234,0.513865,1.47995,-0.394799,0,0,0,0,12,14,0,0,0,0,0,traj_sz=100
4.57248,0.513865,1.47995,-0.394799,0.576385,1.44424,-0.579372,0.122757,12,14,0.0714452,0.126593,-0.348149,1.99038,0,4.57248
4.59241,0.515122,1.47981,-0.399972,0,0,0,0,12,14,0,0,0,0,0,traj_sz=100
4.5926,0.515122,1.47981,-0.399972,0.576385,1.44424,-0.579372,0.122757,12,14,0.0702785,0.127903,-0.34423,1.98912,0,4.5926
4.61245,0.516285,1.47906,-0.400003,0,0,0,0,12,14,0,0,0,0,0,traj_sz=100
4.61256,0.516285,1.47906,-0.400003,0.576385,1.44424,-0.579372,0.122757,12,14,0.0689167,0.129018,-0.340662,1.98791,0,4.61256
4.63235,0.520063,1.47795,-0.411266,0,0,0,0,12,14,0,0,0,0,0,traj_sz=100
4.63244,0.520063,1.47795,-0.411266,0.576385,1.44424,-0.579372,0.122757,13,14,0.0651034,0.127612,-0.3491,1.98407,0,4.63244
4.65243,0.522546,1.47705,-0.420009,0,0,0,0,13,14,0,0,0,0,0,traj_sz=100
4.65257,0.522546,1.47705,-0.420009,0.576385,1.44424,-0.579372,0.122757,13,14,0.0625403,0.127494,-0.3491,1.98153,0,4.65257
4.67254,0.525082,1.47566,-0.42178,0,0,0,0,13,14,0,0,0,0,0,traj_sz=100
4.67263,0.525082,1.47566,-0.42178,0.614071,1.41958,-0.667659,0.119776,13,15,0.104149,0.127103,-0.3491,1.97891,0,4.67263
4.69243,0.526228,1.47541,-0.426294,0,0,0,0,13,15,0,0,0,0,0,traj_sz=100
4.6925,0.526228,1.47541,-0.426294,0.614071,1.41958,-0.667659,0.119776,13,15,0.103067,0.12844,-0.3491,1.97775,0,4.6925
4.71254,0.527387,1.47477,-0.426822,0,0,0,0,13,15,0,0,0,0,0,traj_sz=100
4.71267,0.527387,1.47477,-0.426822,0.614071,1.41958,-0.667659,0.119776,13,15,0.101754,0.129623,-0.3491,1.97655,0,4.71267
4.73232,0.531271,1.47334,-0.437125,0,0,0,0,13,15,0,0,0,0,0,traj_sz=100
4.73249,0.531271,1.47334,-0.437125,0.614071,1.41958,-0.667659,0.119776,13,15,0.0977748,0.127982,-0.3491,1.97259,0,4.73249
4.75243,0.533822,1.47253,-0.444852,0,0,0,0,13,15,0,0,0,0,0,traj_sz=100
4.7526,0.533822,1.47253,-0.444852,0.614071,1.41958,-0.667659,0.119776,13,15,0.0952227,0.127845,-0.3491,1.96999,0,4.7526
4.77245,0.536306,1.47112,-0.450092,0,0,0,0,13,15,0,0,0,0,0,traj_sz=100
4.77254,0.536306,1.47112,-0.450092,0.614071,1.41958,-0.667659,0.119776,13,15,0.0924425,0.127459,-0.3491,1.96743,0,4.77254
4.79241,0.537391,1.47026,-0.450076,0,0,0,0,13,15,0,0,0,0,0,traj_sz=100
4.79248,0.537391,1.47026,-0.450076,0.614071,1.41958,-0.667659,0.119776,13,15,0.0910921,0.128495,-0.3491,1.96629,0,4.79248
4.81251,0.538733,1.46995,-0.454244,0,0,0,0,13,15,0,0,0,0,0,traj_sz=100
4.8127,0.538733,1.46995,-0.454244,0.614071,1.41958,-0.667659,0.119776,13,15,0.0898001,0.129597,-0.3491,1.96493,0,4.8127
4.83242,0.542445,1.46809,-0.463237,0,0,0,0,13,15,0,0,0,0,0,traj_sz=100
4.83259,0.542445,1.46809,-0.463237,0.614071,1.41958,-0.667659,0.119776,13,15,0.0857533,0.127842,-0.3491,1.96111,0,4.83259
4.85243,0.544878,1.46708,-0.469512,0,0,0,0,13,15,0,0,0,0,0,traj_sz=100
4.85249,0.544878,1.46708,-0.469512,0.614071,1.41958,-0.667659,0.119776,13,15,0.0831977,0.127623,-0.3491,1.95862,0,4.85249
4.87252,0.547344,1.46587,-0.475506,0,0,0,0,13,15,0,0,0,0,0,traj_sz=100
4.87266,0.547344,1.46587,-0.475506,0.614071,1.41958,-0.667659,0.119776,13,15,0.0805156,0.127306,-0.3491,1.95609,0,4.87266
4.8925,0.548576,1.46519,-0.477929,0,0,0,0,13,15,0,0,0,0,0,traj_sz=100
4.89263,0.548576,1.46519,-0.477929,0.614071,1.41958,-0.667659,0.119776,13,15,0.0791346,0.128304,-0.3491,1.95482,0,4.89263
4.91244,0.549829,1.46486,-0.483001,0,0,0,0,13,15,0,0,0,0,0,traj_sz=100
4.9126,0.549829,1.46486,-0.483001,0.614071,1.41958,-0.667659,0.119776,13,15,0.0779235,0.129456,-0.3491,1.95355,0,4.9126
4.93241,0.553507,1.46321,-0.494069,0,0,0,0,13,15,0,0,0,0,0,traj_sz=100
4.93248,0.553507,1.46321,-0.494069,0.614071,1.41958,-0.667659,0.119776,13,15,0.0740132,0.127845,-0.3491,1.94978,0,4.93248
4.95239,0.555903,1.46169,-0.495893,0,0,0,0,13,15,0,0,0,0,0,traj_sz=100
4.95248,0.555903,1.46169,-0.495893,0.614071,1.41958,-0.667659,0.119776,13,15,0.0711964,0.127413,-0.3491,1.9473,0,4.95248
4.97235,0.558448,1.46063,-0.504633,0,0,0,0,13,15,0,0,0,0,0,traj_sz=100
4.97253,0.558448,1.46063,-0.504633,0.614071,1.41958,-0.667659,0.119776,13,15,0.0685363,0.127096,-0.339192,1.9447,0,4.97253
4.9924,0.559563,1.45972,-0.505163,0,0,0,0,13,15,0,0,0,0,0,traj_sz=100
4.99247,0.559563,1.45972,-0.505163,0.614071,1.41958,-0.667659,0.119776,14,15,0.0671247,0.128074,-0.3491,1.94354,0,4.99247
5.01243,0.560838,1.45918,-0.509124,0,0,0,0,14,15,0,0,0,0,0,traj_sz=100
5.01252,0.560838,1.45918,-0.509124,0.614071,1.41958,-0.667659,0.119776,14,15,0.0657811,0.129113,-0.3491,1.94223,0,5.01252
5.0324,0.564285,1.45733,-0.517854,0,0,0,0,14,15,0,0,0,0,0,traj_sz=100
5.03253,0.564285,1.45733,-0.517854,0.614071,1.41958,-0.667659,0.119776,14,15,0.061946,0.127615,-0.3491,1.93869,0,5.03253
5.05239,0.566594,1.45599,-0.521397,0,0,0,0,14,15,0,0,0,0,0,traj_sz=100
5.05245,0.566594,1.45599,-0.521397,0.648578,1.39238,-0.752715,0.116427,14,16,0.102772,0.127339,-0.3491,1.93631,0,5.05245
5.07236,0.569158,1.45473,-0.528928,0,0,0,0,14,16,0,0,0,0,0,traj_sz=100
5.07245,0.569158,1.45473,-0.528928,0.648578,1.39238,-0.752715,0.116427,14,16,0.100032,0.126904,-0.3491,1.93368,0,5.07245
5.09242,0.570366,1.45414,-0.532459,0,0,0,0,14,16,0,0,0,0,0,traj_sz=100
5.09249,0.570366,1.45414,-0.532459,0.648578,1.39238,-0.752715,0.116427,14,16,0.0987384,0.127976,-0.3491,1.93244,0,5.09249
5.11234,0.571451,1.45362,-0.536116,0,0,0,0,14,16,0,0,0,0,0,traj_sz=100
5.11242,0.571451,1.45362,-0.536116,0.648578,1.39238,-0.752715,0.116427,14,16,0.0975865,0.129171,-0.3491,1.93133,0,5.11242
5.13244,0.573844,1.45215,-0.543002,0,0,0,0,14,16,0,0,0,0,0,traj_sz=100
5.13265,0.573844,1.45215,-0.543002,0.648578,1.39238,-0.752715,0.116427,14,16,0.0948678,0.128788,-0.3491,1.92886,0,5.13265
5.15244,0.577438,1.45032,-0.551932,0,0,0,0,14,16,0,0,0,0,0,traj_sz=100
5.15255,0.577438,1.45032,-0.551932,0.648578,1.39238,-0.752715,0.116427,14,16,0.0909577,0.127104,-0.3491,1.92518,0,5.15255
5.17233,0.579687,1.449,-0.55836,0,0,0,0,14,16,0,0,0,0,0,traj_sz=100
5.17244,0.579687,1.449,-0.55836,0.648578,1.39238,-0.752715,0.116427,14,16,0.0884244,0.126806,-0.3491,1.92286,0,5.17244
5.19244,0.580899,1.44828,-0.560862,0,0,0,0,14,16,0,0,0,0,0,traj_sz=100
5.19259,0.580899,1.44828,-0.560862,0.648578,1.39238,-0.752715,0.116427,14,16,0.0870425,0.127734,-0.3491,1.92162,0,5.19259
5.21244,0.58213,1.44766,-0.564241,0,0,0,0,14,16,0,0,0,0,0,traj_sz=100
5.21254,0.58213,1.44766,-0.564241,0.648578,1.39238,-0.752715,0.116427,14,16,0.0857083,0.128683,-0.3491,1.92035,0,5.21254
5.23237,0.585581,1.44582,-0.575442,0,0,0,0,14,16,0,0,0,0,0,traj_sz=100
5.23258,0.585581,1.44582,-0.575442,0.648578,1.39238,-0.752715,0.116427,14,16,0.0819363,0.127121,-0.3491,1.91682,0,5.23258
5.25241,0.587884,1.44422,-0.579537,0,0,0,0,14,16,0,0,0,0,0,traj_sz=100
5.25261,0.587884,1.44422,-0.579537,0.648578,1.39238,-0.752715,0.116427,14,16,0.0791731,0.126643,-0.3491,1.91444,0,5.25261
5.27242,0.590372,1.44288,-0.585743,0,0,0,0,14,16,0,0,0,0,0,traj_sz=100
5.27252,0.590372,1.44288,-0.585743,0.648578,1.39238,-0.752715,0.116427,14,16,0.0764225,0.126151,-0.3491,1.91189,0,5.27252
5.29241,0.591737,1.44209,-0.588165,0,0,0,0,14,16,0,0,0,0,0,traj_sz=100
5.29264,0.591737,1.44209,-0.588165,0.648578,1.39238,-0.752715,0.116427,14,16,0.0748714,0.126912,-0.3491,1.91048,0,5.29264
5.31236,0.593084,1.44127,-0.591759,0,0,0,0,14,16,0,0,0,0,0,traj_sz=100
5.31245,0.593084,1.44127,-0.591759,0.648578,1.39238,-0.752715,0.116427,14,16,0.0733305,0.127641,-0.3491,1.9091,0,5.31245
5.33249,0.596528,1.43915,-0.60394,0,0,0,0,14,16,0,0,0,0,0,traj_sz=100
5.33261,0.596528,1.43915,-0.60394,0.648578,1.39238,-0.752715,0.116427,14,16,0.0694047,0.12595,-0.33413,1.90556,0,5.33261
5.35233,0.59901,1.43741,-0.609598,0,0,0,0,14,16,0,0,0,0,0,traj_sz=100
5.35249,0.59901,1.43741,-0.609598,0.648578,1.39238,-0.752715,0.116427,15,16,0.066423,0.125224,-0.3491,1.903,0,5.35249
5.37232,0.601294,1.43588,-0.61388,0,0,0,0,15,16,0,0,0,0,0,traj_sz=100
5.37241,0.601294,1.43588,-0.61388,0.648578,1.39238,-0.752715,0.116427,15,16,0.0637113,0.124789,-0.3491,1.90065,0,5.37241
5.39237,0.602489,1.43518,-0.617953,0,0,0,0,15,16,0,0,0,0,0,traj_sz=100
5.3925,0.602489,1.43518,-0.617953,0.648578,1.39238,-0.752715,0.116427,15,16,0.0623651,0.125741,-0.3491,1.89942,0,5.3925
5.41244,0.603406,1.43447,-0.620585,0,0,0,0,15,16,0,0,0,0,0,traj_sz=100
5.41265,0.603406,1.43447,-0.620585,0.648578,1.39238,-0.752715,0.116427,15,16,0.0612277,0.126912,-0.3491,1.89847,0,5.41265
5.43233,0.606806,1.43209,-0.629837,0,0,0,0,15,16,0,0,0,0,0,traj_sz=100
5.43241,0.606806,1.43209,-0.629837,0.679752,1.36318,-0.833727,0.11315,15,17,0.099538,0.125059,-0.3491,1.89497,0,5.43241
5.45239,0.609092,1.43058,-0.635396,0,0,0,0,15,17,0,0,0,0,0,traj_sz=100
5.45253,0.609092,1.43058,-0.635396,0.679752,1.36318,-0.833727,0.11315,15,17,0.0968712,0.124654,-0.3491,1.89262,0,5.45253
5.47254,0.611211,1.42902,-0.640872,0,0,0,0,15,17,0,0,0,0,0,traj_sz=100
5.47264,0.611211,1.42902,-0.640872,0.679752,1.36318,-0.833727,0.11315,15,17,0.0943057,0.124352,-0.3491,1.89044,0,5.47264
5.49259,0.612321,1.42821,-0.643757,0,0,0,0,15,17,0,0,0,0,0,traj_sz=100
5.49273,0.612321,1.42821,-0.643757,0.679752,1.36318,-0.833727,0.11315,15,17,0.0929673,0.125302,-0.3491,1.8893,0,5.49273
5.51251,0.61338,1.42742,-0.64645,0,0,0,0,15,17,0,0,0,0,0,traj_sz=100
5.51265,0.61338,1.42742,-0.64645,0.679752,1.36318,-0.833727,0.11315,15,17,0.0916735,0.126245,-0.3491,1.88821,0,5.51265
5.53247,0.616754,1.42479,-0.653533,0,0,0,0,15,17,0,0,0,0,0,traj_sz=100
5.53256,0.616754,1.42479,-0.653533,0.679752,1.36318,-0.833727,0.11315,15,17,0.0874761,0.1242,-0.3491,1.88473,0,5.53256
5.55238,0.61906,1.42342,-0.661907,0,0,0,0,15,17,0,0,0,0,0,traj_sz=100
5.55249,0.61906,1.42342,-0.661907,0.679752,1.36318,-0.833727,0.11315,15,17,0.084901,0.123777,-0.3491,1.88237,0,5.55249
5.57242,0.621202,1.42169,-0.666915,0,0,0,0,15,17,0,0,0,0,0,traj_sz=100
5.57248,0.621202,1.42169,-0.666915,0.679752,1.36318,-0.833727,0.11315,15,17,0.0821969,0.123262,-0.3491,1.88017,0,5.57248
5.59234,0.6223,1.42073,-0.668912,0,0,0,0,15,17,0,0,0,0,0,traj_sz=100
5.59247,0.6223,1.42073,-0.668912,0.679752,1.36318,-0.833727,0.11315,15,17,0.0807621,0.124044,-0.3491,1.87903,0,5.59247
5.61236,0.623513,1.42001,-0.672998,0,0,0,0,15,17,0,0,0,0,0,traj_sz=100
5.61258,0.623513,1.42001,-0.672998,0.679752,1.36318,-0.833727,0.11315,15,17,0.0794022,0.124896,-0.3491,1.87779,0,5.61258
5.63235,0.626972,1.41709,-0.679413,0,0,0,0,15,17,0,0,0,0,0,traj_sz=100
5.63248,0.626972,1.41709,-0.679413,0.679752,1.36318,-0.833727,0.11315,15,17,0.0749335,0.122603,-0.343997,1.87423,0,5.63248
5.65241,0.629448,1.41539,-0.68682,0,0,0,0,15,17,0,0,0,0,0,traj_sz=100
5.65261,0.629448,1.41539,-0.68682,0.679752,1.36318,-0.833727,0.11315,15,17,0.0720008,0.121862,-0.333574,1.87169,0,5.65261
5.67234,0.631898,1.41351,-0.692823,0,0,0,0,15,17,0,0,0,0,0,traj_sz=100
5.6725,0.631898,1.41351,-0.692823,0.679752,1.36318,-0.833727,0.11315,15,17,0.0689658,0.121007,-0.323402,1.86918,0,5.6725
5.69236,0.633084,1.4126,-0.696239,0,0,0,0,15,17,0,0,0,0,0,traj_sz=100
5.69251,0.633084,1.4126,-0.696239,0.679752,1.36318,-0.833727,0.11315,15,17,0.0674993,0.121755,-0.317543,1.86797,0,5.69251
5.71241,0.634293,1.41171,-0.700088,0,0,0,0,15,17,0,0,0,0,0,traj_sz=100
5.7126,0.634293,1.41171,-0.700088,0.679752,1.36318,-0.833727,0.11315,15,17,0.0660311,0.122504,-0.311346,1.86673,0,5.7126
5.73247,0.637781,1.40908,-0.712498,0,0,0,0,15,17,0,0,0,0,0,traj_sz=100
5.73253,0.637781,1.40908,-0.712498,0.679752,1.36318,-0.833727,0.11315,16,17,0.0617691,0.120387,-0.3491,1.86316,0,5.73253
5.75253,0.639806,1.40739,-0.720073,0,0,0,0,16,17,0,0,0,0,0,traj_sz=100
5.7526,0.639806,1.40739,-0.720073,0.679752,1.36318,-0.833727,0.11315,16,17,0.0591834,0.119994,-0.3491,1.86108,0,5.7526
5.77234,0.641968,1.40563,-0.726151,0,0,0,0,16,17,0,0,0,0,0,traj_sz=100
5.7725,0.641968,1.40563,-0.726151,0.707652,1.33244,-0.910381,0.110173,16,18,0.0977131,0.119435,-0.3491,1.85886,0,5.7725
5.79233,0.642933,1.40474,-0.728571,0,0,0,0,16,18,0,0,0,0,0,traj_sz=100
5.79244,0.642933,1.40474,-0.728571,0.707652,1.33244,-0.910381,0.110173,16,18,0.0964285,0.120353,-0.3491,1.85787,0,5.79244
5.81244,0.64391,1.40386,-0.729904,0,0,0,0,16,18,0,0,0,0,0,traj_sz=100
5.81253,0.64391,1.40386,-0.729904,0.707652,1.33244,-0.910381,0.110173,16,18,0.0951237,0.121279,-0.3491,1.85687,0,5.81253
5.83233,0.646984,1.40123,-0.73944,0,0,0,0,16,18,0,0,0,0,0,traj_sz=100
5.83244,0.646984,1.40123,-0.73944,0.707652,1.33244,-0.910381,0.110173,16,18,0.0911798,0.119459,-0.3491,1.85372,0,5.83244
5.85247,0.648867,1.39968,-0.745702,0,0,0,0,16,18,0,0,0,0,0,traj_sz=100
5.85254,0.648867,1.39968,-0.745702,0.707652,1.33244,-0.910381,0.110173,16,18,0.0888063,0.11927,-0.3491,1.8518,0,5.85254
5.87236,0.650816,1.39779,-0.751278,0,0,0,0,16,18,0,0,0,0,0,traj_sz=100
5.8725,0.650816,1.39779,-0.751278,0.707652,1.33244,-0.910381,0.110173,16,18,0.0861448,0.118772,-0.3491,1.8498,0,5.8725
5.89246,0.651834,1.39695,-0.753954,0,0,0,0,16,18,0,0,0,0,0,traj_sz=100
5.89257,0.651834,1.39695,-0.753954,0.707652,1.33244,-0.910381,0.110173,16,18,0.084849,0.119637,-0.3491,1.84876,0,5.89257
5.91244,0.652885,1.39612,-0.757956,0,0,0,0,16,18,0,0,0,0,0,traj_sz=100
5.91256,0.652885,1.39612,-0.757956,0.707652,1.33244,-0.910381,0.110173,16,18,0.0835475,0.120474,-0.34604,1.84769,0,5.91256
5.93245,0.65571,1.39355,-0.766944,0,0,0,0,16,18,0,0,0,0,0,traj_sz=100
5.93263,0.65571,1.39355,-0.766944,0.707652,1.33244,-0.910381,0.110173,16,18,0.0798101,0.118843,-0.330774,1.8448,0,5.93263
5.95237,0.657419,1.39208,-0.774433,0,0,0,0,16,18,0,0,0,0,0,traj_sz=100
5.95252,0.657419,1.39208,-0.774433,0.707652,1.33244,-0.910381,0.110173,16,18,0.0776153,0.118754,-0.318694,1.84306,0,5.95252
5.97236,0.659124,1.39049,-0.778974,0,0,0,0,16,18,0,0,0,0,0,traj_sz=100
5.97255,0.659124,1.39049,-0.778974,0.707652,1.33244,-0.910381,0.110173,16,18,0.075318,0.1186,-0.310604,1.84132,0,5.97255
5.99233,0.660038,1.38971,-0.781583,0,0,0,0,16,18,0,0,0,0,0,traj_sz=100
5.99251,0.660038,1.38971,-0.781583,0.707652,1.33244,-0.910381,0.110173,16,18,0.0741392,0.119572,-0.306751,1.84039,0,5.99251
6.01234,0.660758,1.38888,-0.783085,0,0,0,0,16,18,0,0,0,0,0,traj_sz=100
6.01245,0.660758,1.38888,-0.783085,0.707652,1.33244,-0.910381,0.110173,16,18,0.0730508,0.120644,-0.302283,1.83965,0,6.01245
6.03241,0.663454,1.38624,-0.789996,0,0,0,0,16,18,0,0,0,0,0,traj_sz=100
6.03258,0.663454,1.38624,-0.789996,0.707652,1.33244,-0.910381,0.110173,16,18,0.0693293,0.119061,-0.288665,1.8369,0,6.03258
6.05241,0.665253,1.38441,-0.79432,0,0,0,0,16,18,0,0,0,0,0,traj_sz=100
6.05253,0.665253,1.38441,-0.79432,0.707652,1.33244,-0.910381,0.110173,16,18,0.0667887,0.118662,-0.279287,1.83507,0,6.05253
6.07247,0.667149,1.3826,-0.800668,0,0,0,0,16,18,0,0,0,0,0,traj_sz=100
6.07259,0.667149,1.3826,-0.800668,0.707652,1.33244,-0.910381,0.110173,16,18,0.0642028,0.118216,-0.26742,1.83314,0,6.07259
6.09236,0.668111,1.38161,-0.80317,0,0,0,0,16,18,0,0,0,0,0,traj_sz=100
6.09256,0.668111,1.38161,-0.80317,0.707652,1.33244,-0.910381,0.110173,17,18,0.0628376,0.119003,-0.3491,1.83216,0,6.09256
6.11233,0.669098,1.38067,-0.807196,0,0,0,0,17,18,0,0,0,0,0,traj_sz=100
6.11253,0.669098,1.38067,-0.807196,0.707652,1.33244,-0.910381,0.110173,17,18,0.0614999,0.119805,-0.3491,1.83116,0,6.11253
6.13241,0.671848,1.37792,-0.817084,0,0,0,0,17,18,0,0,0,0,0,traj_sz=100
6.13246,0.671848,1.37792,-0.817084,0.707652,1.33244,-0.910381,0.110173,17,18,0.0576657,0.118087,-0.3491,1.82837,0,6.13246
6.15233,0.673685,1.376,-0.820697,0,0,0,0,17,18,0,0,0,0,0,traj_sz=100
6.15242,0.673685,1.376,-0.820697,0.732447,1.30052,-0.982663,0.107673,17,19,0.0952794,0.117588,-0.3491,1.8265,0,6.15242
6.17231,0.675145,1.37461,-0.826513,0,0,0,0,17,19,0,0,0,0,0,traj_sz=100
6.17239,0.675145,1.37461,-0.826513,0.732447,1.30052,-0.982663,0.107673,17,19,0.0933198,0.117743,-0.341457,1.82502,0,6.17239
6.19242,0.675826,1.37386,-0.828237,0,0,0,0,17,19,0,0,0,0,0,traj_sz=100
6.19252,0.675826,1.37386,-0.828237,0.732447,1.30052,-0.982663,0.107673,17,19,0.0923169,0.118907,-0.338312,1.82433,0,6.19252
6.21244,0.676672,1.37303,-0.830322,0,0,0,0,17,19,0,0,0,0,0,traj_sz=100
6.21254,0.676672,1.37303,-0.830322,0.732447,1.30052,-0.982663,0.107673,17,19,0.0911481,0.119889,-0.335562,1.82347,0,6.21254
6.23247,0.679037,1.37041,-0.836073,0,0,0,0,17,19,0,0,0,0,0,traj_sz=100
6.23256,0.679037,1.37041,-0.836073,0.732447,1.30052,-0.982663,0.107673,17,19,0.0876634,0.118526,-0.325088,1.82108,0,6.23256
6.25238,0.68069,1.36876,-0.841319,0,0,0,0,17,19,0,0,0,0,0,traj_sz=100
6.25253,0.68069,1.36876,-0.841319,0.732447,1.30052,-0.982663,0.107673,17,19,0.0853699,0.118319,-0.317396,1.81941,0,6.25253
6.27242,0.682349,1.36714,-0.848544,0,0,0,0,17,19,0,0,0,0,0,traj_sz=100
6.27255,0.682349,1.36714,-0.848544,0.732447,1.30052,-0.982663,0.107673,17,19,0.0831074,0.118129,-0.306515,1.81773,0,6.27255
6.29247,0.683263,1.36618,-0.85036,0,0,0,0,17,19,0,0,0,0,0,traj_sz=100
6.29256,0.683263,1.36618,-0.85036,0.732447,1.30052,-0.982663,0.107673,17,19,0.0817908,0.118922,-0.303664,1.81681,0,6.29256
6.31234,0.684044,1.36526,-0.852775,0,0,0,0,17,19,0,0,0,0,0,traj_sz=100
6.31248,0.684044,1.36526,-0.852775,0.732447,1.30052,-0.982663,0.107673,17,19,0.0806031,0.119829,-0.298775,1.81602,0,6.31248
6.33242,0.686574,1.3624,-0.85837,0,0,0,0,17,19,0,0,0,0,0,traj_sz=100
6.33251,0.686574,1.3624,-0.85837,0.732447,1.30052,-0.982663,0.107673,17,19,0.0768171,0.118133,-0.287958,1.81347,0,6.33251
6.35244,0.688209,1.36061,-0.8641,0,0,0,0,17,19,0,0,0,0,0,traj_sz=100
6.35262,0.688209,1.36061,-0.8641,0.732447,1.30052,-0.982663,0.107673,17,19,0.0744265,0.117839,-0.277758,1.81182,0,6.35262
6.37251,0.68975,1.35874,-0.87,0,0,0,0,17,19,0,0,0,0,0,traj_sz=100
6.37261,0.68975,1.35874,-0.87,0.732447,1.30052,-0.982663,0.107673,17,19,0.0720277,0.117528,-0.265316,1.81027,0,6.37261
6.39237,0.690681,1.3576,-0.869883,0,0,0,0,17,19,0,0,0,0,0,traj_sz=100
6.39247,0.690681,1.3576,-0.869883,0.732447,1.30052,-0.982663,0.107673,17,19,0.0705626,0.118165,-0.264467,1.80934,0,6.39247
6.41241,0.69159,1.35664,-0.87248,0,0,0,0,17,19,0,0,0,0,0,traj_sz=100
6.41265,0.69159,1.35664,-0.87248,0.732447,1.30052,-0.982663,0.107673,17,19,0.0692527,0.118976,-0.260179,1.80842,0,6.41265
6.43233,0.694102,1.35354,-0.879458,0,0,0,0,17,19,0,0,0,0,0,traj_sz=100
6.43241,0.694102,1.35354,-0.879458,0.732447,1.30052,-0.982663,0.107673,17,19,0.0652958,0.117082,-0.244271,1.8059,0,6.43241
6.45242,0.69599,1.35161,-0.885332,0,0,0,0,17,19,0,0,0,0,0,traj_sz=100
6.45252,0.69599,1.35161,-0.885332,0.732447,1.30052,-0.982663,0.107673,17,19,0.0626292,0.116517,-0.235201,1.80401,0,6.45252
6.47248,0.697656,1.34961,-0.889996,0,0,0,0,17,19,0,0,0,0,0,traj_sz=100
6.47263,0.697656,1.34961,-0.889996,0.732447,1.30052,-0.982663,0.107673,18,19,0.0600467,0.116041,-0.33335,1.80234,0,6.47263
6.49242,0.698541,1.34869,-0.895274,0,0,0,0,18,19,0,0,0,0,0,traj_sz=100
6.49253,0.698541,1.34869,-0.895274,0.732447,1.30052,-0.982663,0.107673,18,19,0.0587949,0.116872,-0.325862,1.80146,0,6.49253
6.5125,0.699274,1.34774,-0.8952,0,0,0,0,18,19,0,0,0,0,0,traj_sz=100
6.51264,0.699274,1.34774,-0.8952,0.732447,1.30052,-0.982663,0.107673,18,19,0.0575951,0.117796,-0.325944,1.80073,0,6.51264
6.5325,0.701563,1.34491,-0.900797,0,0,0,0,18,19,0,0,0,0,0,traj_sz=100
6.53261,0.701563,1.34491,-0.900797,0.754363,1.26765,-1.05077,0.10583,18,20,0.0933424,0.116261,-0.316871,1.79844,0,6.53261
6.55251,0.702754,1.34306,-0.900663,0,0,0,0,18,20,0,0,0,0,0,traj_sz=100
6.55261,0.702754,1.34306,-0.900663,0.754363,1.26765,-1.05077,0.10583,18,20,0.0911541,0.116184,-0.314215,1.79726,0,6.55261
6.57245,0.70383,1.34148,-0.902811,0,0,0,0,18,20,0,0,0,0,0,traj_sz=100
6.57267,0.70383,1.34148,-0.902811,0.754363,1.26765,-1.05077,0.10583,18,20,0.0892598,0.116389,-0.308546,1.79619,0,6.57267
6.59236,0.704884,1.34063,-0.90893,0,0,0,0,18,20,0,0,0,0,0,traj_sz=100
6.59247,0.704884,1.34063,-0.90893,0.754363,1.26765,-1.05077,0.10583,18,20,0.0879773,0.117157,-0.302213,1.79514,0,6.59247
6.61242,0.70575,1.33961,-0.909888,0,0,0,0,18,20,0,0,0,0,0,traj_sz=100
6.61251,0.70575,1.33961,-0.909888,0.754363,1.26765,-1.05077,0.10583,18,20,0.0866498,0.117924,-0.301399,1.79428,0,6.61251
6.63251,0.70817,1.33686,-0.918778,0,0,0,0,18,20,0,0,0,0,0,traj_sz=100
6.6326,0.70817,1.33686,-0.918778,0.754363,1.26765,-1.05077,0.10583,18,20,0.0830382,0.116351,-0.288706,1.79188,0,6.6326
6.65236,0.709851,1.33479,-0.925761,0,0,0,0,18,20,0,0,0,0,0,traj_sz=100
6.65244,0.709851,1.33479,-0.925761,0.754363,1.26765,-1.05077,0.10583,18,20,0.0804089,0.115749,-0.277003,1.79021,0,6.65244
6.67238,0.711484,1.3326,-0.926151,0,0,0,0,18,20,0,0,0,0,0,traj_sz=100
6.6726,0.711484,1.3326,-0.926151,0.754363,1.26765,-1.05077,0.10583,18,20,0.0776839,0.115115,-0.275546,1.7886,0,6.6726
6.69242,0.712253,1.33161,-0.928594,0,0,0,0,18,20,0,0,0,0,0,traj_sz=100
6.69256,0.712253,1.33161,-0.928594,0.754363,1.26765,-1.05077,0.10583,18,20,0.0764408,0.115937,-0.271143,1.78784,0,6.69256
6.71257,0.713141,1.33072,-0.933983,0,0,0,0,18,20,0,0,0,0,0,traj_sz=100
6.71271,0.713141,1.33072,-0.933983,0.754363,1.26765,-1.05077,0.10583,18,20,0.0752164,0.116783,-0.26372,1.78696,0,6.71271
6.73239,0.715347,1.32782,-0.939169,0,0,0,0,18,20,0,0,0,0,0,traj_sz=100
6.73255,0.715347,1.32782,-0.939169,0.754363,1.26765,-1.05077,0.10583,18,20,0.0716015,0.115207,-0.253914,1.78479,0,6.73255
6.75242,0.716809,1.32569,-0.941913,0,0,0,0,18,20,0,0,0,0,0,traj_sz=100
6.75251,0.716809,1.32569,-0.941913,0.754363,1.26765,-1.05077,0.10583,18,20,0.0690307,0.114702,-0.246702,1.78336,0,6.75251
6.77248,0.71829,1.32381,-0.94836,0,0,0,0,18,20,0,0,0,0,0,traj_sz=100
6.77257,0.71829,1.32381,-0.94836,0.754363,1.26765,-1.05077,0.10583,18,20,0.0666577,0.11439,-0.235278,1.7819,0,6.77257
6.79254,0.719118,1.32285,-0.952162,0,0,0,0,18,20,0,0,0,0,0,traj_sz=100
6.79267,0.719118,1.32285,-0.952162,0.754363,1.26765,-1.05077,0.10583,18,20,0.0654103,0.115215,-0.229442,1.78109,0,6.79267
6.8124,0.719852,1.3219,-0.953238,0,0,0,0,18,20,0,0,0,0,0,traj_sz=100
6.81249,0.719852,1.3219,-0.953238,0.754363,1.26765,-1.05077,0.10583,18,20,0.0642165,0.116077,-0.227482,1.78037,0,6.81249
6.83251,0.721875,1.31901,-0.958231,0,0,0,0,18,20,0,0,0,0,0,traj_sz=100
6.83262,0.721875,1.31901,-0.958231,0.754363,1.26765,-1.05077,0.10583,18,20,0.0606986,0.114633,-0.215805,1.77839,0,6.83262
6.85251,0.723355,1.31682,-0.961163,0,0,0,0,18,20,0,0,0,0,0,traj_sz=100
6.85262,0.723355,1.31682,-0.961163,0.754363,1.26765,-1.05077,0.10583,19,20,0.0580641,0.114065,-0.30958,1.77696,0,6.85262
6.87244,0.724919,1.31474,-0.965982,0,0,0,0,19,20,0,0,0,0,0,traj_sz=100
6.87263,0.724919,1.31474,-0.965982,0.754363,1.26765,-1.05077,0.10583,19,20,0.0554752,0.113537,-0.303103,1.77543,0,6.87263
6.89247,0.725653,1.31375,-0.969855,0,0,0,0,19,20,0,0,0,0,0,traj_sz=100
6.89268,0.725653,1.31375,-0.969855,0.754363,1.26765,-1.05077,0.10583,19,20,0.0542544,0.114385,-0.297076,1.77472,0,6.89268
6.91246,0.726432,1.31254,-0.969885,0,0,0,0,19,20,0,0,0,0,0,traj_sz=100
6.91255,0.726432,1.31254,-0.969885,0.773656,1.23396,-1.11504,0.104782,19,21,0.0915104,0.115006,-0.296653,1.77396,0,6.91255
6.93245,0.728634,1.30957,-0.9782,0,0,0,0,19,21,0,0,0,0,0,traj_sz=100
6.93255,0.728634,1.30957,-0.9782,0.773656,1.23396,-1.11504,0.104782,19,21,0.0878656,0.113389,-0.284505,1.77183,0,6.93255
6.95242,0.730019,1.30746,-0.9818,0,0,0,0,19,21,0,0,0,0,0,traj_sz=100
6.95255,0.730019,1.30746,-0.9818,0.773656,1.23396,-1.11504,0.104782,19,21,0.0853568,0.112932,-0.277727,1.77049,0,6.95255
6.97245,0.731399,1.30539,-0.985234,0,0,0,0,19,21,0,0,0,0,0,traj_sz=100
6.97265,0.731399,1.30539,-0.985234,0.773656,1.23396,-1.11504,0.104782,19,21,0.082888,0.112526,-0.271587,1.76916,0,6.97265
6.99247,0.732169,1.30435,-0.98598,0,0,0,0,19,21,0,0,0,0,0,traj_sz=100
6.99258,0.732169,1.30435,-0.98598,0.773656,1.23396,-1.11504,0.104782,19,21,0.0815958,0.113286,-0.271174,1.76842,0,6.99258
7.01245,0.732711,1.30347,-0.989776,0,0,0,0,19,21,0,0,0,0,0,traj_sz=100
7.01255,0.732711,1.30347,-0.989776,0.773656,1.23396,-1.11504,0.104782,19,21,0.080578,0.114309,-0.263766,1.7679,0,7.01255
7.03233,0.73488,1.30024,-0.994866,0,0,0,0,19,21,0,0,0,0,0,traj_sz=100
7.03245,0.73488,1.30024,-0.994866,0.773656,1.23396,-1.11504,0.104782,19,21,0.0767053,0.112466,-0.254774,1.76582,0,7.03245
7.05239,0.736202,1.29825,-0.998712,0,0,0,0,19,21,0,0,0,0,0,traj_sz=100
7.05258,0.736202,1.29825,-0.998712,0.773656,1.23396,-1.11504,0.104782,19,21,0.0743332,0.112153,-0.247825,1.76456,0,7.05258
7.07247,0.737457,1.29602,-1.00032,0,0,0,0,19,21,0,0,0,0,0,traj_sz=100
7.07256,0.737457,1.29602,-1.00032,0.773656,1.23396,-1.11504,0.104782,19,21,0.0717849,0.111659,-0.242058,1.76337,0,7.07256
7.09248,0.738387,1.29511,-1.00596,0,0,0,0,19,21,0,0,0,0,0,traj_sz=100
7.09259,0.738387,1.29511,-1.00596,0.773656,1.23396,-1.11504,0.104782,19,21,0.0705328,0.112452,-0.235919,1.76247,0,7.09259
7.11255,0.739063,1.29407,-1.00896,0,0,0,0,19,21,0,0,0,0,0,traj_sz=100
7.11267,0.739063,1.29407,-1.00896,0.773656,1.23396,-1.11504,0.104782,19,21,0.0693003,0.113278,-0.230287,1.76182,0,7.11267
7.13243,0.741009,1.29102,-1.01421,0,0,0,0,19,21,0,0,0,0,0,traj_sz=100
7.13252,0.741009,1.29102,-1.01421,0.773656,1.23396,-1.11504,0.104782,19,21,0.0656958,0.111704,-0.219732,1.75998,0,7.13252
7.15253,0.742631,1.28898,-1.02036,0,0,0,0,19,21,0,0,0,0,0,traj_sz=100
7.15263,0.742631,1.28898,-1.02036,0.773656,1.23396,-1.11504,0.104782,19,21,0.0631255,0.111188,-0.211972,1.75843,0,7.15263
7.17245,0.744088,1.28658,-1.02271,0,0,0,0,19,21,0,0,0,0,0,traj_sz=100
7.17255,0.744088,1.28658,-1.02271,0.773656,1.23396,-1.11504,0.104782,19,21,0.0603181,0.110426,-0.205895,1.75706,0,7.17255
7.19254,0.744812,1.2857,-1.02669,0,0,0,0,19,21,0,0,0,0,0,traj_sz=100
7.19265,0.744812,1.2857,-1.02669,0.773656,1.23396,-1.11504,0.104782,19,21,0.0591981,0.111365,-0.200448,1.75637,0,7.19265
7.21261,0.745607,1.28465,-1.02769,0,0,0,0,19,21,0,0,0,0,0,traj_sz=100
7.21277,0.745607,1.28465,-1.02769,0.773656,1.23396,-1.11504,0.104782,20,21,0.0578947,0.11213,-0.293945,1.75561,0,7.21277
7.23249,0.747498,1.28168,-1.03557,0,0,0,0,20,21,0,0,0,0,0,traj_sz=100
7.23256,0.747498,1.28168,-1.03557,0.773656,1.23396,-1.11504,0.104782,20,21,0.0543914,0.110648,-0.282242,1.75383,0,7.23256
7.2525,0.748881,1.27967,-1.03906,0,0,0,0,20,21,0,0,0,0,0,traj_sz=100
7.25259,0.748881,1.27967,-1.03906,0.790575,1.19944,-1.17588,0.10449,20,22,0.0902951,0.110273,-0.278977,1.75253,0,7.25259
7.27253,0.750065,1.27763,-1.04091,0,0,0,0,20,22,0,0,0,0,0,traj_sz=100
7.27265,0.750065,1.27763,-1.04091,0.790575,1.19944,-1.17588,0.10449,20,22,0.0879387,0.10997,-0.275808,1.75143,0,7.27265
7.2924,0.750505,1.27648,-1.0401,0,0,0,0,20,22,0,0,0,0,0,traj_sz=100
7.29249,0.750505,1.27648,-1.0401,0.790575,1.19944,-1.17588,0.10449,20,22,0.0867276,0.110803,-0.274478,1.75104,0,7.29249
7.31246,0.751315,1.27574,-1.0438,0,0,0,0,20,22,0,0,0,0,0,traj_sz=100
7.31265,0.751315,1.27574,-1.0438,0.790575,1.19944,-1.17588,0.10449,20,22,0.0856895,0.111818,-0.272786,1.75026,0,7.31265
7.3324,0.753218,1.27277,-1.05134,0,0,0,0,20,22,0,0,0,0,0,traj_sz=100
7.33249,0.753218,1.27277,-1.05134,0.790575,1.19944,-1.17588,0.10449,20,22,0.0822051,0.110342,-0.261922,1.74849,0,7.33249
7.35243,0.75464,1.27066,-1.05502,0,0,0,0,20,22,0,0,0,0,0,traj_sz=100
7.35247,0.75464,1.27066,-1.05502,0.790575,1.19944,-1.17588,0.10449,20,22,0.0796756,0.109859,-0.258012,1.74716,0,7.35247
7.37241,0.755957,1.26854,-1.05827,0,0,0,0,20,22,0,0,0,0,0,traj_sz=100
7.37255,0.755957,1.26854,-1.05827,0.790575,1.19944,-1.17588,0.10449,20,22,0.0772002,0.109443,-0.253569,1.74594,0,7.37255
7.39239,0.756553,1.26744,-1.06104,0,0,0,0,20,22,0,0,0,0,0,traj_sz=100
7.3925,0.756553,1.26744,-1.06104,0.790575,1.19944,-1.17588,0.10449,20,22,0.0759528,0.110247,-0.248084,1.7454,0,7.3925
7.41243,0.757369,1.26624,-1.06303,0,0,0,0,20,22,0,0,0,0,0,traj_sz=100
7.41253,0.757369,1.26624,-1.06303,0.790575,1.19944,-1.17588,0.10449,20,22,0.0745204,0.110877,-0.24622,1.74464,0,7.41253
7.43242,0.75935,1.26332,-1.07145,0,0,0,0,20,22,0,0,0,0,0,traj_sz=100
7.43256,0.75935,1.26332,-1.07145,0.790575,1.19944,-1.17588,0.10449,20,22,0.0710301,0.109425,-0.235044,1.74281,0,7.43256
7.45247,0.760507,1.26117,-1.07612,0,0,0,0,20,22,0,0,0,0,0,traj_sz=100
7.45257,0.760507,1.26117,-1.07612,0.790575,1.19944,-1.17588,0.10449,20,22,0.0686066,0.109056,-0.225701,1.74176,0,7.45257
7.47243,0.762028,1.25904,-1.08018,0,0,0,0,20,22,0,0,0,0,0,traj_sz=100
7.47253,0.762028,1.25904,-1.08018,0.790575,1.19944,-1.17588,0.10449,20,22,0.0660224,0.108522,-0.22234,1.74035,0,7.47253
7.49248,0.762512,1.25792,-1.08184,0,0,0,0,20,22,0,0,0,0,0,traj_sz=100
7.49253,0.762512,1.25792,-1.08184,0.790575,1.19944,-1.17588,0.10449,20,22,0.0648044,0.109367,-0.217248,1.73993,0,7.49253
7.51243,0.762991,1.25679,-1.082,0,0,0,0,20,22,0,0,0,0,0,traj_sz=100
7.51248,0.762991,1.25679,-1.082,0.790575,1.19944,-1.17588,0.10449,20,22,0.0635879,0.11021,-0.214825,1.73951,0,7.51248
7.53231,0.764579,1.25388,-1.08906,0,0,0,0,20,22,0,0,0,0,0,traj_sz=100
7.53243,0.764579,1.25388,-1.08906,0.790575,1.19944,-1.17588,0.10449,20,22,0.0602858,0.108949,-0.201055,1.73808,0,7.53243
7.55249,0.765702,1.25194,-1.09177,0,0,0,0,20,22,0,0,0,0,0,traj_sz=100
7.55266,0.765702,1.25194,-1.09177,0.790575,1.19944,-1.17588,0.10449,20,22,0.0580555,0.1088,-0.196363,1.73707,0,7.55266
7.5724,0.76675,1.2499,-1.09496,0,0,0,0,20,22,0,0,0,0,0,traj_sz=100
7.5725,0.76675,1.2499,-1.09496,0.790575,1.19944,-1.17588,0.10449,21,22,0.05577,0.108558,-0.278347,1.73614,0,7.5725
7.59253,0.767302,1.24901,-1.098,0,0,0,0,21,22,0,0,0,0,0,traj_sz=100
7.59269,0.767302,1.24901,-1.098,0.790575,1.19944,-1.17588,0.10449,21,22,0.0547328,0.109595,-0.274433,1.73564,0,7.59269
7.61247,0.767779,1.248,-1.09826,0,0,0,0,21,22,0,0,0,0,0,traj_sz=100
7.61258,0.767779,1.248,-1.09826,0.790575,1.19944,-1.17588,0.10449,21,22,0.0536102,0.110526,-0.273672,1.73522,0,7.61258
7.63235,0.769319,1.24526,-1.10577,0,0,0,0,21,22,0,0,0,0,0,traj_sz=100
7.63245,0.769319,1.24526,-1.10577,0.805324,1.16406,-1.2335,0.104883,21,23,0.088721,0.109436,-0.262812,1.73385,0,7.63245
7.65235,0.770183,1.24315,-1.10546,0,0,0,0,21,23,0,0,0,0,0,traj_sz=100
7.65244,0.770183,1.24315,-1.10546,0.805324,1.16406,-1.2335,0.104883,21,23,0.0864514,0.109228,-0.261104,1.73311,0,7.65244
7.67242,0.771087,1.24118,-1.10687,0,0,0,0,21,23,0,0,0,0,0,traj_sz=100
7.67251,0.771087,1.24118,-1.10687,0.805324,1.16406,-1.2335,0.104883,21,23,0.0842905,0.109129,-0.257734,1.73233,0,7.67251
7.69243,0.771922,1.24028,-1.11415,0,0,0,0,21,23,0,0,0,0,0,traj_sz=100
7.69263,0.771922,1.24028,-1.11415,0.805324,1.16406,-1.2335,0.104883,21,23,0.0831412,0.110023,-0.24996,1.73156,0,7.69263
7.71246,0.772193,1.23891,-1.11066,0,0,0,0,21,23,0,0,0,0,0,traj_sz=100
7.71254,0.772193,1.23891,-1.11066,0.805324,1.16406,-1.2335,0.104883,21,23,0.0817808,0.110737,-0.250847,1.73137,0,7.71254
7.73244,0.774167,1.23591,-1.12332,0,0,0,0,21,23,0,0,0,0,0,traj_sz=100
7.73256,0.774167,1.23591,-1.12332,0.805324,1.16406,-1.2335,0.104883,21,23,0.0782611,0.10926,-0.234827,1.7296,0,7.73256
7.75249,0.775206,1.23372,-1.12701,0,0,0,0,21,23,0,0,0,0,0,traj_sz=100
7.75256,0.775206,1.23372,-1.12701,0.805324,1.16406,-1.2335,0.104883,21,23,0.0758439,0.108918,-0.227717,1.72871,0,7.75256
7.7725,0.776265,1.23138,-1.13026,0,0,0,0,21,23,0,0,0,0,0,traj_sz=100
7.77258,0.776265,1.23138,-1.13026,0.805324,1.16406,-1.2335,0.104883,21,23,0.0732884,0.10844,-0.220686,1.72781,0,7.77258
7.79246,0.7765,1.23009,-1.12894,0,0,0,0,21,23,0,0,0,0,0,traj_sz=100
7.79258,0.7765,1.23009,-1.12894,0.805324,1.16406,-1.2335,0.104883,21,23,0.0720153,0.109252,-0.217692,1.72767,0,7.79258
7.81254,0.777315,1.22906,-1.13413,0,0,0,0,21,23,0,0,0,0,0,traj_sz=100
7.81263,0.777315,1.22906,-1.13413,0.805324,1.16406,-1.2335,0.104883,21,23,0.0707488,0.110063,-0.212544,1.72692,0,7.81263
7.8324,0.778908,1.22601,-1.14066,0,0,0,0,21,23,0,0,0,0,0,traj_sz=100
7.83264,0.778908,1.22601,-1.14066,0.805324,1.16406,-1.2335,0.104883,21,23,0.0673235,0.108697,-0.202095,1.72555,0,7.83264
7.85241,0.77989,1.22402,-1.14403,0,0,0,0,21,23,0,0,0,0,0,traj_sz=100
7.85256,0.77989,1.22402,-1.14403,0.805324,1.16406,-1.2335,0.104883,21,23,0.0651079,0.10856,-0.196095,1.72472,0,7.85256
7.87238,0.780892,1.22199,-1.148,0,0,0,0,21,23,0,0,0,0,0,traj_sz=100
7.87248,0.780892,1.22199,-1.148,0.805324,1.16406,-1.2335,0.104883,21,23,0.0628529,0.108375,-0.189065,1.72387,0,7.87248
7.89266,0.781473,1.22117,-1.15306,0,0,0,0,21,23,0,0,0,0,0,traj_sz=100
7.89278,0.781473,1.22117,-1.15306,0.805324,1.16406,-1.2335,0.104883,21,23,0.0618766,0.109504,-0.18239,1.72335,0,7.89278
7.91245,0.781661,1.22004,-1.14956,0,0,0,0,21,23,0,0,0,0,0,traj_sz=100
7.91258,0.781661,1.22004,-1.14956,0.805324,1.16406,-1.2335,0.104883,21,23,0.0607578,0.11045,-0.183698,1.72325,0,7.91258
7.93248,0.783303,1.21722,-1.15882,0,0,0,0,21,23,0,0,0,0,0,traj_sz=100
7.93259,0.783303,1.21722,-1.15882,0.805324,1.16406,-1.2335,0.104883,22,23,0.0575264,0.109291,-0.252073,1.72182,0,7.93259
7.95237,0.784102,1.2152,-1.16016,0,0,0,0,22,23,0,0,0,0,0,traj_sz=100
7.95255,0.784102,1.2152,-1.16016,0.805324,1.16406,-1.2335,0.104883,22,23,0.0553633,0.109203,-0.249124,1.72118,0,7.95255
7.97244,0.785043,1.21307,-1.16279,0,0,0,0,22,23,0,0,0,0,0,traj_sz=100
7.97252,0.785043,1.21307,-1.16279,0.805324,1.16406,-1.2335,0.104883,22,23,0.0530357,0.108953,-0.245097,1.72042,0,7.97252
7.99236,0.785646,1.21193,-1.16389,0,0,0,0,22,23,0,0,0,0,0,traj_sz=100
7.99245,0.785646,1.21193,-1.16389,0.818058,1.12775,-1.28783,0.105915,22,24,0.0901299,0.109733,-0.244853,1.71991,0,7.99245
8.01244,0.786146,1.21077,-1.16656,0,0,0,0,22,24,0,0,0,0,0,traj_sz=100
8.01252,0.786146,1.21077,-1.16656,0.818058,1.12775,-1.28783,0.105915,22,24,0.0888756,0.110557,-0.240294,1.7195,0,8.01252
8.03256,0.78757,1.20754,-1.17217,0,0,0,0,22,24,0,0,0,0,0,traj_sz=100
8.03261,0.78757,1.20754,-1.17217,0.818058,1.12775,-1.28783,0.105915,22,24,0.0853666,0.109121,-0.231276,1.71835,0,8.03261
8.05239,0.788482,1.20534,-1.1748,0,0,0,0,22,24,0,0,0,0,0,traj_sz=100
8.05249,0.788482,1.20534,-1.1748,0.818058,1.12775,-1.28783,0.105915,22,24,0.0829919,0.108803,-0.226472,1.71762,0,8.05249
8.07247,0.789346,1.20325,-1.17709,0,0,0,0,22,24,0,0,0,0,0,traj_sz=100
8.07258,0.789346,1.20325,-1.17709,0.818058,1.12775,-1.28783,0.105915,22,24,0.0807398,0.108634,-0.222267,1.71694,0,8.07258
8.0924,0.789722,1.2023,-1.17845,0,0,0,0,22,24,0,0,0,0,0,traj_sz=100
8.09249,0.789722,1.2023,-1.17845,0.818058,1.12775,-1.28783,0.105915,22,24,0.0797228,0.109717,-0.219559,1.71664,0,8.09249
8.1124,0.790239,1.20111,-1.17916,0,0,0,0,22,24,0,0,0,0,0,traj_sz=100
8.11249,0.790239,1.20111,-1.17916,0.818058,1.12775,-1.28783,0.105915,22,24,0.0784195,0.110524,-0.218532,1.71623,0,8.11249
8.13246,0.791804,1.19786,-1.18617,0,0,0,0,22,24,0,0,0,0,0,traj_sz=100
8.13254,0.791804,1.19786,-1.18617,0.818058,1.12775,-1.28783,0.105915,22,24,0.0748386,0.109047,-0.208849,1.71496,0,8.13254
8.15241,0.792668,1.19575,-1.19031,0,0,0,0,22,24,0,0,0,0,0,traj_sz=100
8.15253,0.792668,1.19575,-1.19031,0.818058,1.12775,-1.28783,0.105915,22,24,0.0725635,0.108874,-0.201161,1.71429,0,8.15253
8.17244,0.793488,1.19376,-1.19459,0,0,0,0,22,24,0,0,0,0,0,traj_sz=100
8.17264,0.793488,1.19376,-1.19459,0.818058,1.12775,-1.28783,0.105915,22,24,0.0704207,0.108847,-0.193347,1.71365,0,8.17264
8.1925,0.794124,1.19269,-1.19652,0,0,0,0,22,24,0,0,0,0,0,traj_sz=100
8.19257,0.794124,1.19269,-1.19652,0.818058,1.12775,-1.28783,0.105915,22,24,0.0691936,0.109725,-0.192497,1.71311,0,8.19257
8.21247,0.794219,1.1915,-1.19535,0,0,0,0,22,24,0,0,0,0,0,traj_sz=100
8.21257,0.794219,1.1915,-1.19535,0.818058,1.12775,-1.28783,0.105915,22,24,0.0680511,0.110695,-0.189051,1.71313,0,8.21257
8.23259,0.795806,1.18852,-1.20332,0,0,0,0,22,24,0,0,0,0,0,traj_sz=100
8.23272,0.795806,1.18852,-1.20332,0.818058,1.12775,-1.28783,0.105915,22,24,0.064709,0.10947,-0.179492,1.71183,0,8.23272
8.25241,0.796566,1.18647,-1.20501,0,0,0,0,22,24,0,0,0,0,0,traj_sz=100
8.25252,0.796566,1.18647,-1.20501,0.818058,1.12775,-1.28783,0.105915,22,24,0.0625258,0.109376,-0.175149,1.71127,0,8.25252
8.27241,0.797434,1.18436,-1.20772,0,0,0,0,22,24,0,0,0,0,0,traj_sz=100
8.2726,0.797434,1.18436,-1.20772,0.818058,1.12775,-1.28783,0.105915,22,24,0.0602422,0.109208,-0.170085,1.7106,0,8.2726
8.29245,0.79789,1.18321,-1.20992,0,0,0,0,22,24,0,0,0,0,0,traj_sz=100
8.29256,0.79789,1.18321,-1.20992,0.818058,1.12775,-1.28783,0.105915,22,24,0.0590128,0.110086,-0.165843,1.71026,0,8.29256
8.3124,0.798285,1.18197,-1.20917,0,0,0,0,22,24,0,0,0,0,0,traj_sz=100
8.31252,0.798285,1.18197,-1.20917,0.818058,1.12775,-1.28783,0.105915,22,24,0.0577071,0.110886,-0.165457,1.70999,0,8.31252
8.33233,0.799682,1.17855,-1.21447,0,0,0,0,22,24,0,0,0,0,0,traj_sz=100
8.33248,0.799682,1.17855,-1.21447,0.818058,1.12775,-1.28783,0.105915,23,24,0.0540196,0.1093,-0.233974,1.70894,0,8.33248
8.35253,0.800607,1.17626,-1.21774,0,0,0,0,23,24,0,0,0,0,0,traj_sz=100
8.35261,0.800607,1.17626,-1.21774,0.828907,1.09044,-1.33824,0.107574,23,25,0.0903098,0.108955,-0.229822,1.70825,0,8.35261
8.37253,0.801529,1.17411,-1.22295,0,0,0,0,23,25,0,0,0,0,0,traj_sz=100
8.37263,0.801529,1.17411,-1.22295,0.828907,1.09044,-1.33824,0.107574,23,25,0.087989,0.10873,-0.222799,1.70755,0,8.37263
8.39258,0.801854,1.1728,-1.22213,0,0,0,0,23,25,0,0,0,0,0,traj_sz=100
8.39273,0.801854,1.1728,-1.22213,0.828907,1.09044,-1.33824,0.107574,23,25,0.0866508,0.109513,-0.222407,1.70737,0,8.39273
8.41255,0.802381,1.1717,-1.2251,0,0,0,0,23,25,0,0,0,0,0,traj_sz=100
8.41265,0.802381,1.1717,-1.2251,0.828907,1.09044,-1.33824,0.107574,23,25,0.0854414,0.110396,-0.219039,1.70696,0,8.41265
8.43236,0.803396,1.16884,-1.2277,0,0,0,0,23,25,0,0,0,0,0,traj_sz=100
8.43244,0.803396,1.16884,-1.2277,0.828907,1.09044,-1.33824,0.107574,23,25,0.0824129,0.109446,-0.214529,1.70625,0,8.43244
8.45255,0.804151,1.16681,-1.23135,0,0,0,0,23,25,0,0,0,0,0,traj_sz=100
8.45263,0.804151,1.16681,-1.23135,0.828907,1.09044,-1.33824,0.107574,23,25,0.080254,0.109441,-0.208566,1.70572,0,8.45263
8.47253,0.804943,1.16482,-1.23245,0,0,0,0,23,25,0,0,0,0,0,traj_sz=100
8.47263,0.804943,1.16482,-1.23245,0.828907,1.09044,-1.33824,0.107574,23,25,0.0781131,0.10945,-0.207901,1.70514,0,8.47263
8.49245,0.805418,1.16383,-1.23733,0,0,0,0,23,25,0,0,0,0,0,traj_sz=100
8.49265,0.805418,1.16383,-1.23733,0.828907,1.09044,-1.33824,0.107574,23,25,0.0770368,0.11052,-0.200963,1.70478,0,8.49265
8.5125,0.805802,1.16265,-1.23749,0,0,0,0,23,25,0,0,0,0,0,traj_sz=100
8.51261,0.805802,1.16265,-1.23749,0.828907,1.09044,-1.33824,0.107574,23,25,0.0757994,0.111433,-0.200268,1.70452,0,8.51261
8.53254,0.806936,1.1595,-1.24205,0,0,0,0,23,25,0,0,0,0,0,traj_sz=100
8.53262,0.806936,1.1595,-1.24205,0.828907,1.09044,-1.33824,0.107574,23,25,0.0724554,0.110237,-0.192458,1.70375,0,8.53262
8.55249,0.807678,1.15737,-1.24563,0,0,0,0,23,25,0,0,0,0,0,traj_sz=100
8.55266,0.807678,1.15737,-1.24563,0.828907,1.09044,-1.33824,0.107574,23,25,0.0702053,0.110139,-0.185939,1.70325,0,8.55266
8.57246,0.808338,1.15499,-1.24665,0,0,0,0,23,25,0,0,0,0,0,traj_sz=100
8.57262,0.808338,1.15499,-1.24665,0.828907,1.09044,-1.33824,0.107574,23,25,0.0677401,0.10982,-0.181631,1.70287,0,8.57262
8.59248,0.808928,1.15379,-1.24966,0,0,0,0,23,25,0,0,0,0,0,traj_sz=100
8.59267,0.808928,1.15379,-1.24966,0.828907,1.09044,-1.33824,0.107574,23,25,0.0664169,0.110652,-0.178603,1.70242,0,8.59267
8.61255,0.809237,1.15246,-1.24902,0,0,0,0,23,25,0,0,0,0,0,traj_sz=100
8.61266,0.809237,1.15246,-1.24902,0.828907,1.09044,-1.33824,0.107574,23,25,0.0650564,0.111445,-0.177524,1.70226,0,8.61266
8.63264,0.810487,1.14858,-1.25479,0,0,0,0,23,25,0,0,0,0,0,traj_sz=100
8.63277,0.810487,1.14858,-1.25479,0.828907,1.09044,-1.33824,0.107574,23,25,0.060985,0.109532,-0.165575,1.70148,0,8.63277
8.65244,0.811318,1.14607,-1.25751,0,0,0,0,23,25,0,0,0,0,0,traj_sz=100
8.6528,0.811318,1.14607,-1.25751,0.828907,1.09044,-1.33824,0.107574,23,25,0.0583413,0.109023,-0.159963,1.70095,0,8.6528
8.6725,0.812223,1.14369,-1.26324,0,0,0,0,23,25,0,0,0,0,0,traj_sz=100
8.6726,0.812223,1.14369,-1.26324,0.828907,1.09044,-1.33824,0.107574,24,25,0.0558057,0.108637,-0.220324,1.70034,0,8.6726
8.69244,0.812566,1.14249,-1.26288,0,0,0,0,24,25,0,0,0,0,0,traj_sz=100
8.69255,0.812566,1.14249,-1.26288,0.828907,1.09044,-1.33824,0.107574,24,25,0.054554,0.109531,-0.22086,1.70015,0,8.69255
8.71249,0.812977,1.14128,-1.26493,0,0,0,0,24,25,0,0,0,0,0,traj_sz=100
8.71264,0.812977,1.14128,-1.26493,0.828907,1.09044,-1.33824,0.107574,24,25,0.0532782,0.110415,-0.218035,1.69989,0,8.71264
8.73242,0.814179,1.13777,-1.2691,0,0,0,0,24,25,0,0,0,0,0,traj_sz=100
8.7327,0.814179,1.13777,-1.2691,0.838002,1.05204,-1.38313,0.109838,24,26,0.0889362,0.108862,-0.213145,1.69913,0,8.7327
8.75237,0.814689,1.13559,-1.26986,0,0,0,0,24,26,0,0,0,0,0,traj_sz=100
8.75252,0.814689,1.13559,-1.26986,0.838002,1.05204,-1.38313,0.109838,24,26,0.0867009,0.108753,-0.209964,1.6989,0,8.75252
8.77235,0.815582,1.1335,-1.27495,0,0,0,0,24,26,0,0,0,0,0,traj_sz=100
8.77244,0.815582,1.1335,-1.27495,0.838002,1.05204,-1.38313,0.109838,24,26,0.0844537,0.108639,-0.204921,1.69828,0,8.77244
8.79238,0.816021,1.13252,-1.27597,0,0,0,0,24,26,0,0,0,0,0,traj_sz=100
8.79251,0.816021,1.13252,-1.27597,0.838002,1.05204,-1.38313,0.109838,24,26,0.0833951,0.109734,-0.205331,1.69796,0,8.79251
8.8125,0.816288,1.13142,-1.27668,0,0,0,0,24,26,0,0,0,0,0,traj_sz=100
8.81272,0.816288,1.13142,-1.27668,0.838002,1.05204,-1.38313,0.109838,24,26,0.0822642,0.110792,-0.203268,1.69784,0,8.81272
8.8324,0.817392,1.12833,-1.28107,0,0,0,0,24,26,0,0,0,0,0,traj_sz=100
8.83251,0.817392,1.12833,-1.28107,0.838002,1.05204,-1.38313,0.109838,24,26,0.0790028,0.109712,-0.198363,1.69715,0,8.83251
8.85253,0.818073,1.12634,-1.28743,0,0,0,0,24,26,0,0,0,0,0,traj_sz=100
8.8526,0.818073,1.12634,-1.28743,0.838002,1.05204,-1.38313,0.109838,24,26,0.0769073,0.109825,-0.188362,1.69673,0,8.8526
8.87249,0.818826,1.12432,-1.28871,0,0,0,0,24,26,0,0,0,0,0,traj_sz=100
8.87263,0.818826,1.12432,-1.28871,0.838002,1.05204,-1.38313,0.109838,24,26,0.0747579,0.109883,-0.18844,1.69625,0,8.87263
8.89259,0.819031,1.12323,-1.29022,0,0,0,0,24,26,0,0,0,0,0,traj_sz=100
8.89271,0.819031,1.12323,-1.29022,0.838002,1.05204,-1.38313,0.109838,24,26,0.0736579,0.110997,-0.184115,1.6962,0,8.89271
8.91246,0.819549,1.12215,-1.29376,0,0,0,0,24,26,0,0,0,0,0,traj_sz=100
8.91265,0.819549,1.12215,-1.29376,0.838002,1.05204,-1.38313,0.109838,24,26,0.0724819,0.112018,-0.180675,1.69583,0,8.91265
8.93268,0.820596,1.11883,-1.2966,0,0,0,0,24,26,0,0,0,0,0,traj_sz=100
8.93274,0.820596,1.11883,-1.2966,0.838002,1.05204,-1.38313,0.109838,24,26,0.0690041,0.110757,-0.176734,1.69524,0,8.93274
8.95252,0.821056,1.11643,-1.29642,0,0,0,0,24,26,0,0,0,0,0,traj_sz=100
8.95261,0.821056,1.11643,-1.29642,0.838002,1.05204,-1.38313,0.109838,24,26,0.0665771,0.110521,-0.173677,1.69511,0,8.95261
8.97264,0.82185,1.11407,-1.29849,0,0,0,0,24,26,0,0,0,0,0,traj_sz=100
8.97277,0.82185,1.11407,-1.29849,0.838002,1.05204,-1.38313,0.109838,24,26,0.064089,0.110257,-0.171484,1.69465,0,8.97277
8.99237,0.822589,1.11291,-1.30411,0,0,0,0,24,26,0,0,0,0,0,traj_sz=100
8.99248,0.822589,1.11291,-1.30411,0.838002,1.05204,-1.38313,0.109838,24,26,0.0627846,0.111125,-0.167174,1.69408,0,8.99248
9.01258,0.822929,1.11164,-1.30558,0,0,0,0,24,26,0,0,0,0,0,traj_sz=100
9.01272,0.822929,1.11164,-1.30558,0.838002,1.05204,-1.38313,0.109838,24,26,0.0614656,0.11204,-0.164069,1.69393,0,9.01272
9.03249,0.824039,1.10782,-1.30956,0,0,0,0,24,26,0,0,0,0,0,traj_sz=100
9.03262,0.824039,1.10782,-1.30956,0.838002,1.05204,-1.38313,0.109838,25,26,0.0574895,0.110258,-0.214747,1.69337,0,9.03262
9.05255,0.824698,1.10534,-1.31139,0,0,0,0,25,26,0,0,0,0,0,traj_sz=100
9.05261,0.824698,1.10534,-1.31139,0.838002,1.05204,-1.38313,0.109838,25,26,0.054927,0.109902,-0.212495,1.69307,0,9.05261
9.07241,0.825488,1.10289,-1.31686,0,0,0,0,25,26,0,0,0,0,0,traj_sz=100
9.0725,0.825488,1.10289,-1.31686,0.84552,1.01245,-1.4216,0.1126,25,27,0.0925679,0.109526,-0.20572,1.69265,0,9.0725
9.09242,0.825992,1.10178,-1.32001,0,0,0,0,25,27,0,0,0,0,0,traj_sz=100
9.0925,0.825992,1.10178,-1.32001,0.84552,1.01245,-1.4216,0.1126,25,27,0.0913801,0.110536,-0.203562,1.69231,0,9.0925
9.11238,0.826191,1.10058,-1.31797,0,0,0,0,25,27,0,0,0,0,0,traj_sz=100
9.11251,0.826191,1.10058,-1.31797,0.84552,1.01245,-1.4216,0.1126,25,27,0.0901613,0.111532,-0.206004,1.69229,0,9.11251
9.13259,0.827383,1.09717,-1.32477,0,0,0,0,25,27,0,0,0,0,0,traj_sz=100
9.13272,0.827383,1.09717,-1.32477,0.84552,1.01245,-1.4216,0.1126,25,27,0.0865873,0.110169,-0.199376,1.69162,0,9.13272
9.15241,0.827686,1.0951,-1.32629,0,0,0,0,25,27,0,0,0,0,0,traj_sz=100
9.1525,0.827686,1.0951,-1.32629,0.84552,1.01245,-1.4216,0.1126,25,27,0.0845099,0.110269,-0.193906,1.69163,0,9.1525
9.1724,0.828116,1.09303,-1.32912,0,0,0,0,25,27,0,0,0,0,0,traj_sz=100
9.17252,0.828116,1.09303,-1.32912,0.84552,1.01245,-1.4216,0.1126,25,27,0.0824075,0.110367,-0.187955,1.69152,0,9.17252
9.19242,0.828671,1.09194,-1.33246,0,0,0,0,25,27,0,0,0,0,0,traj_sz=100
9.19256,0.828671,1.09194,-1.33246,0.84552,1.01245,-1.4216,0.1126,25,27,0.0812234,0.111457,-0.186262,1.69113,0,9.19256
9.21248,0.828651,1.09075,-1.33036,0,0,0,0,25,27,0,0,0,0,0,traj_sz=100
9.21257,0.828651,1.09075,-1.33036,0.84552,1.01245,-1.4216,0.1126,25,27,0.0800688,0.112581,-0.185639,1.69134,0,9.21257
9.23243,0.829738,1.08722,-1.33765,0,0,0,0,25,27,0,0,0,0,0,traj_sz=100
9.23254,0.829738,1.08722,-1.33765,0.84552,1.01245,-1.4216,0.1126,25,27,0.0763909,0.111162,-0.176157,1.69081,0,9.23254
9.25243,0.830383,1.08475,-1.33833,0,0,0,0,25,27,0,0,0,0,0,traj_sz=100
9.25252,0.830383,1.08475,-1.33833,0.84552,1.01245,-1.4216,0.1126,25,27,0.0738444,0.110887,-0.175818,1.69056,0,9.25252
9.27249,0.831023,1.08253,-1.34418,0,0,0,0,25,27,0,0,0,0,0,traj_sz=100
9.27255,0.831023,1.08253,-1.34418,0.84552,1.01245,-1.4216,0.1126,25,27,0.0715459,0.110859,-0.166967,1.69027,0,9.27255
9.29246,0.831263,1.08143,-1.34592,0,0,0,0,25,27,0,0,0,0,0,traj_sz=100
9.29268,0.831263,1.08143,-1.34592,0.84552,1.01245,-1.4216,0.1126,25,27,0.0704255,0.112019,-0.163533,1.69021,0,9.29268
9.31244,0.831543,1.08018,-1.34845,0,0,0,0,25,27,0,0,0,0,0,traj_sz=100
9.31258,0.831543,1.08018,-1.34845,0.84552,1.01245,-1.4216,0.1126,25,27,0.0691431,0.113,-0.158737,1.69013,0,9.31258
9.33258,0.832452,1.07664,-1.35179,0,0,0,0,25,27,0,0,0,0,0,traj_sz=100
9.33269,0.832452,1.07664,-1.35179,0.84552,1.01245,-1.4216,0.1126,25,27,0.0654936,0.111637,-0.153751,1.68981,0,9.33269
9.35257,0.832753,1.07424,-1.35314,0,0,0,0,25,27,0,0,0,0,0,traj_sz=100
9.35267,0.832753,1.07424,-1.35314,0.84552,1.01245,-1.4216,0.1126,25,27,0.0630859,0.111499,-0.147412,1.6899,0,9.35267
9.37256,0.833534,1.07196,-1.3572,0,0,0,0,25,27,0,0,0,0,0,traj_sz=100
9.37264,0.833534,1.07196,-1.3572,0.84552,1.01245,-1.4216,0.1126,25,27,0.0606939,0.111376,-0.143613,1.6895,0,9.37264
9.39245,0.833975,1.07097,-1.36151,0,0,0,0,25,27,0,0,0,0,0,traj_sz=100
9.39254,0.833975,1.07097,-1.36151,0.84552,1.01245,-1.4216,0.1126,26,27,0.0596448,0.112587,-0.182482,1.68923,0,9.39254
9.41248,0.83403,1.0699,-1.36236,0,0,0,0,26,27,0,0,0,0,0,traj_sz=100
9.41258,0.83403,1.0699,-1.36236,0.84552,1.01245,-1.4216,0.1126,26,27,0.0585798,0.113799,-0.178756,1.68935,0,9.41258
9.43248,0.834887,1.06623,-1.36401,0,0,0,0,26,27,0,0,0,0,0,traj_sz=100
9.43258,0.834887,1.06623,-1.36401,0.85166,0.971596,-1.45304,0.115632,26,28,0.0960595,0.112308,-0.178138,1.68912,0,9.43258
9.45235,0.835258,1.06387,-1.36609,0,0,0,0,26,28,0,0,0,0,0,traj_sz=100
9.4525,0.835258,1.06387,-1.36609,0.85166,0.971596,-1.45304,0.115632,26,28,0.093685,0.112191,-0.173262,1.68915,0,9.4525
9.47233,0.835926,1.06124,-1.36706,0,0,0,0,26,28,0,0,0,0,0,traj_sz=100
9.47242,0.835926,1.06124,-1.36706,0.85166,0.971596,-1.45304,0.115632,26,28,0.0909697,0.111739,-0.173985,1.68894,0,9.47242
9.49242,0.8365,1.06013,-1.37196,0,0,0,0,26,28,0,0,0,0,0,traj_sz=100
9.49251,0.8365,1.06013,-1.37196,0.85166,0.971596,-1.45304,0.115632,26,28,0.0897798,0.112822,-0.170517,1.68857,0,9.49251
9.51246,0.836618,1.05893,-1.37242,0,0,0,0,26,28,0,0,0,0,0,traj_sz=100
9.5126,0.836618,1.05893,-1.37242,0.85166,0.971596,-1.45304,0.115632,26,28,0.0885897,0.113913,-0.168113,1.68866,0,9.5126
9.53241,0.83757,1.05512,-1.37599,0,0,0,0,26,28,0,0,0,0,0,traj_sz=100
9.53258,0.83757,1.05512,-1.37599,0.85166,0.971596,-1.45304,0.115632,26,28,0.0846748,0.11226,-0.165046,1.68838,0,9.53258
9.55241,0.837885,1.05278,-1.37741,0,0,0,0,26,28,0,0,0,0,0,traj_sz=100
9.55259,0.837885,1.05278,-1.37741,0.85166,0.971596,-1.45304,0.115632,26,28,0.0823191,0.112227,-0.160582,1.68848,0,9.55259
9.57232,0.838588,1.05023,-1.37858,0,0,0,0,26,28,0,0,0,0,0,traj_sz=100
9.57239,0.838588,1.05023,-1.37858,0.85166,0.971596,-1.45304,0.115632,26,28,0.0796803,0.111915,-0.161667,1.68824,0,9.57239
9.59248,0.839158,1.04906,-1.38279,0,0,0,0,26,28,0,0,0,0,0,traj_sz=100
9.59267,0.839158,1.04906,-1.38279,0.85166,0.971596,-1.45304,0.115632,26,28,0.0784383,0.113044,-0.159237,1.68789,0,9.59267
9.61239,0.839182,1.04791,-1.38317,0,0,0,0,26,28,0,0,0,0,0,traj_sz=100
9.61253,0.839182,1.04791,-1.38317,0.85166,0.971596,-1.45304,0.115632,26,28,0.0773061,0.114242,-0.155708,1.68807,0,9.61253
9.63233,0.840011,1.04425,-1.38586,0,0,0,0,26,28,0,0,0,0,0,traj_sz=100
9.63244,0.840011,1.04425,-1.38586,0.85166,0.971596,-1.45304,0.115632,26,28,0.0735602,0.11283,-0.152828,1.68791,0,9.63244
9.65248,0.840691,1.04189,-1.39,0,0,0,0,26,28,0,0,0,0,0,traj_sz=100
9.65257,0.840691,1.04189,-1.39,0.85166,0.971596,-1.45304,0.115632,26,28,0.0711209,0.112749,-0.148775,1.68767,0,9.65257
9.67244,0.841019,1.03939,-1.39158,0,0,0,0,26,28,0,0,0,0,0,traj_sz=100
9.67265,0.841019,1.03939,-1.39158,0.85166,0.971596,-1.45304,0.115632,26,28,0.0686073,0.112587,-0.143782,1.68781,0,9.67265
9.69246,0.841357,1.03799,-1.39135,0,0,0,0,26,28,0,0,0,0,0,traj_sz=100
9.69258,0.841357,1.03799,-1.39135,0.85166,0.971596,-1.45304,0.115632,26,28,0.0671685,0.113493,-0.145262,1.68773,0,9.69258
9.71246,0.841428,1.03678,-1.39135,0,0,0,0,26,28,0,0,0,0,0,traj_sz=100
9.71255,0.841428,1.03678,-1.39135,0.85166,0.971596,-1.45304,0.115632,26,28,0.0659597,0.114628,-0.142898,1.68789,0,9.71255
9.73245,0.842048,1.03304,-1.39703,0,0,0,0,26,28,0,0,0,0,0,traj_sz=100
9.73254,0.842048,1.03304,-1.39703,0.85166,0.971596,-1.45304,0.115632,26,28,0.0621841,0.11319,-0.13137,1.68798,0,9.73254
9.75254,0.842698,1.03056,-1.40012,0,0,0,0,26,28,0,0,0,0,0,traj_sz=100
9.75264,0.842698,1.03056,-1.40012,0.85166,0.971596,-1.45304,0.115632,27,28,0.0596307,0.112994,-0.16036,1.68781,0,9.75264
9.77241,0.843103,1.02801,-1.40443,0,0,0,0,27,28,0,0,0,0,0,traj_sz=100
9.77262,0.843103,1.02801,-1.40443,0.85166,0.971596,-1.45304,0.115632,27,28,0.0570481,0.112747,-0.152922,1.68789,0,9.77262
9.79249,0.843068,1.0266,-1.40202,0,0,0,0,27,28,0,0,0,0,0,traj_sz=100
9.79259,0.843068,1.0266,-1.40202,0.856644,0.929468,-1.47687,0.11859,27,29,0.0980301,0.113712,-0.153602,1.6882,0,9.79259
9.81246,0.843576,1.02538,-1.40623,0,0,0,0,27,29,0,0,0,0,0,traj_sz=100
9.81256,0.843576,1.02538,-1.40623,0.856644,0.929468,-1.47687,0.11859,27,29,0.0967599,0.114775,-0.150836,1.68793,0,9.81256
9.83254,0.843858,1.02157,-1.40589,0,0,0,0,27,29,0,0,0,0,0,traj_sz=100
9.8327,0.843858,1.02157,-1.40589,0.856644,0.929468,-1.47687,0.11859,27,29,0.0929518,0.113329,-0.147142,1.68839,0,9.8327
9.85256,0.844527,1.01903,-1.41034,0,0,0,0,27,29,0,0,0,0,0,traj_sz=100
9.85273,0.844527,1.01903,-1.41034,0.856644,0.929468,-1.47687,0.11859,27,29,0.090345,0.113062,-0.143373,1.68823,0,9.85273
9.87238,0.844912,1.0166,-1.41423,0,0,0,0,27,29,0,0,0,0,0,traj_sz=100
9.8725,0.844912,1.0166,-1.41423,0.856644,0.929468,-1.47687,0.11859,27,29,0.0878926,0.112923,-0.136684,1.68833,0,9.8725
9.89245,0.845129,1.01542,-1.41256,0,0,0,0,27,29,0,0,0,0,0,traj_sz=100
9.89255,0.845129,1.01542,-1.41256,0.856644,0.929468,-1.47687,0.11859,27,29,0.0866894,0.114075,-0.14027,1.68836,0,9.89255
9.91261,0.845133,1.01415,-1.41261,0,0,0,0,27,29,0,0,0,0,0,traj_sz=100
9.91272,0.845133,1.01415,-1.41261,0.856644,0.929468,-1.47687,0.11859,27,29,0.0854356,0.115211,-0.137399,1.6886,0,9.91272
9.93233,0.845643,1.01076,-1.41645,0,0,0,0,27,29,0,0,0,0,0,traj_sz=100
9.93278,0.845643,1.01076,-1.41645,0.856644,0.929468,-1.47687,0.11859,27,29,0.0820171,0.114206,-0.130495,1.68878,0,9.93278
9.95245,0.846318,1.00839,-1.4208,0,0,0,0,27,29,0,0,0,0,0,traj_sz=100
9.95254,0.846318,1.00839,-1.4208,0.856644,0.929468,-1.47687,0.11859,27,29,0.0795759,0.114154,-0.127405,1.6886,0,9.95254
9.97245,0.846447,1.00592,-1.41925,0,0,0,0,27,29,0,0,0,0,0,traj_sz=100
9.97253,0.846447,1.00592,-1.41925,0.856644,0.929468,-1.47687,0.11859,27,29,0.0771141,0.114109,-0.126589,1.68897,0,9.97253
9.99255,0.84697,1.0048,-1.4233,0,0,0,0,27,29,0,0,0,0,0,traj_sz=100
9.99269,0.84697,1.0048,-1.4233,0.856644,0.929468,-1.47687,0.11859,27,29,0.0759401,0.115367,-0.12458,1.68869,0,9.99269
10.0125,0.846984,1.00352,-1.42351,0,0,0,0,27,29,0,0,0,0,0,traj_sz=100
10.0127,0.846984,1.00352,-1.42351,0.856644,0.929468,-1.47687,0.11859,27,29,0.0746701,0.11651,-0.121545,1.68894,0,10.0127
10.0324,0.847685,0.999828,-1.42694,0,0,0,0,27,29,0,0,0,0,0,traj_sz=100
10.0325,0.847685,0.999828,-1.42694,0.856644,0.929468,-1.47687,0.11859,27,29,0.0709172,0.115153,-0.117534,1.68901,0,10.0325
10.0525,0.848045,0.997669,-1.43079,0,0,0,0,27,29,0,0,0,0,0,traj_sz=100
10.0526,0.848045,0.997669,-1.43079,0.856644,0.929468,-1.47687,0.11859,27,29,0.0687334,0.115398,-0.111129,1.68911,0,10.0526
10.0724,0.848274,0.995178,-1.43125,0,0,0,0,27,29,0,0,0,0,0,traj_sz=100
10.0725,0.848274,0.995178,-1.43125,0.856644,0.929468,-1.47687,0.11859,27,29,0.0662351,0.115303,-0.10816,1.68941,0,10.0725
10.0925,0.848642,0.994033,-1.43125,0,0,0,0,27,29,0,0,0,0,0,traj_sz=100
10.0926,0.848642,0.994033,-1.43125,0.856644,0.929468,-1.47687,0.11859,27,29,0.0650507,0.116549,-0.111066,1.68929,0,10.0926
10.1125,0.848653,0.992804,-1.43141,0,0,0,0,27,29,0,0,0,0,0,traj_sz=100
10.1126,0.848653,0.992804,-1.43141,0.856644,0.929468,-1.47687,0.11859,27,29,0.063832,0.117742,-0.108189,1.68954,0,10.1126
10.1325,0.849317,0.989041,-1.43588,0,0,0,0,27,29,0,0,0,0,0,traj_sz=100
10.1326,0.849317,0.989041,-1.43588,0.856644,0.929468,-1.47687,0.11859,28,29,0.0600171,0.116344,-0.121844,1.68969,0,10.1326
10.1526,0.849852,0.98651,-1.43922,0,0,0,0,28,29,0,0,0,0,0,traj_sz=100
10.1527,0.849852,0.98651,-1.43922,0.860725,0.886153,-1.49249,0.121082,28,30,0.100916,0.116199,-0.119318,1.68971,0,10.1527
10.1725,0.850086,0.983973,-1.43957,0,0,0,0,28,30,0,0,0,0,0,traj_sz=100
10.1726,0.850086,0.983973,-1.43957,0.860725,0.886153,-1.49249,0.121082,28,30,0.0983712,0.116053,-0.117717,1.69003,0,10.1726
10.1925,0.85022,0.982735,-1.43995,0,0,0,0,28,30,0,0,0,0,0,traj_sz=100
10.1926,0.85022,0.982735,-1.43995,0.860725,0.886153,-1.49249,0.121082,28,30,0.0971267,0.117224,-0.116838,1.69017,0,10.1926
10.2125,0.850457,0.981486,-1.44013,0,0,0,0,28,30,0,0,0,0,0,traj_sz=100
10.2126,0.850457,0.981486,-1.44013,0.860725,0.886153,-1.49249,0.121082,28,30,0.0958581,0.118378,-0.117865,1.69021,0,10.2126
10.2324,0.850861,0.977826,-1.44441,0,0,0,0,28,30,0,0,0,0,0,traj_sz=100
10.2324,0.850861,0.977826,-1.44441,0.860725,0.886153,-1.49249,0.121082,28,30,0.0921852,0.117094,-0.109719,1.69061,0,10.2324
10.2524,0.851124,0.975331,-1.4416,0,0,0,0,28,30,0,0,0,0,0,traj_sz=100
10.2526,0.851124,0.975331,-1.4416,0.860725,0.886153,-1.49249,0.121082,28,30,0.0896718,0.117021,-0.114302,1.69091,0,10.2526
10.2724,0.851435,0.972918,-1.44436,0,0,0,0,28,30,0,0,0,0,0,traj_sz=100
10.2726,0.851435,0.972918,-1.44436,0.860725,0.886153,-1.49249,0.121082,28,30,0.087244,0.117001,-0.109694,1.69114,0,10.2726
10.2924,0.851659,0.971638,-1.44586,0,0,0,0,28,30,0,0,0,0,0,traj_sz=100
10.2925,0.851659,0.971638,-1.44586,0.860725,0.886153,-1.49249,0.121082,28,30,0.0859484,0.118173,-0.108084,1.69121,0,10.2925
10.3125,0.851655,0.970383,-1.4458,0,0,0,0,28,30,0,0,0,0,0,traj_sz=100
10.3127,0.851655,0.970383,-1.4458,0.860725,0.886153,-1.49249,0.121082,28,30,0.0847039,0.119416,-0.105917,1.69149,0,10.3127
10.3324,0.852157,0.966711,-1.44628,0,0,0,0,28,30,0,0,0,0,0,traj_sz=100
10.3325,0.852157,0.966711,-1.44628,0.860725,0.886153,-1.49249,0.121082,28,30,0.0809985,0.118167,-0.106057,1.69183,0,10.3325
10.3524,0.852677,0.96426,-1.45057,0,0,0,0,28,30,0,0,0,0,0,traj_sz=100
10.3526,0.852677,0.96426,-1.45057,0.860725,0.886153,-1.49249,0.121082,28,30,0.078508,0.118154,-0.101774,1.69188,0,10.3526
10.3724,0.852755,0.961847,-1.45021,0,0,0,0,28,30,0,0,0,0,0,traj_sz=100
10.3725,0.852755,0.961847,-1.45021,0.860725,0.886153,-1.49249,0.121082,28,30,0.0761032,0.118208,-0.0993222,1.69236,0,10.3725
10.3924,0.853218,0.960745,-1.45355,0,0,0,0,28,30,0,0,0,0,0,traj_sz=100
10.3925,0.853218,0.960745,-1.45355,0.860725,0.886153,-1.49249,0.121082,28,30,0.0749584,0.119541,-0.09827,1.69216,0,10.3925
10.4124,0.853384,0.959419,-1.45405,0,0,0,0,28,30,0,0,0,0,0,traj_sz=100
10.4127,0.853384,0.959419,-1.45405,0.860725,0.886153,-1.49249,0.121082,28,30,0.0736229,0.120695,-0.0974998,1.69231,0,10.4127
10.4324,0.853867,0.955857,-1.45784,0,0,0,0,28,30,0,0,0,0,0,traj_sz=100
10.4326,0.853867,0.955857,-1.45784,0.860725,0.886153,-1.49249,0.121082,28,30,0.0700324,0.119563,-0.0916078,1.69266,0,10.4326
10.4525,0.854082,0.953305,-1.45601,0,0,0,0,28,30,0,0,0,0,0,traj_sz=100
10.4526,0.854082,0.953305,-1.45601,0.860725,0.886153,-1.49249,0.121082,28,30,0.0674713,0.119479,-0.0936063,1.69305,0,10.4526
10.4724,0.854397,0.950918,-1.45906,0,0,0,0,28,30,0,0,0,0,0,traj_sz=100
10.4725,0.854397,0.950918,-1.45906,0.860725,0.886153,-1.49249,0.121082,28,30,0.0650668,0.119542,-0.0886014,1.6933,0,10.4725
10.4925,0.854474,0.949623,-1.45864,0,0,0,0,28,30,0,0,0,0,0,traj_sz=100
10.4926,0.854474,0.949623,-1.45864,0.860725,0.886153,-1.49249,0.121082,29,30,0.0637713,0.120733,-0.0950034,1.69353,0,10.4926
10.5125,0.85448,0.948266,-1.45873,0,0,0,0,29,30,0,0,0,0,0,traj_sz=100
10.5126,0.85448,0.948266,-1.45873,0.860725,0.886153,-1.49249,0.121082,29,30,0.0624215,0.121854,-0.0930245,1.69385,0,10.5126
10.5323,0.855168,0.944613,-1.46349,0,0,0,0,29,30,0,0,0,0,0,traj_sz=100
10.5324,0.855168,0.944613,-1.46349,0.864199,0.841868,-1.49933,0.12281,29,31,0.103121,0.120602,-0.0895976,1.69405,0,10.5324
10.5525,0.85542,0.942149,-1.464,0,0,0,0,29,31,0,0,0,0,0,traj_sz=100
10.5526,0.85542,0.942149,-1.464,0.864199,0.841868,-1.49933,0.12281,29,31,0.100646,0.120615,-0.0889778,1.6944,0,10.5526
10.5724,0.855766,0.93954,-1.4641,0,0,0,0,29,31,0,0,0,0,0,traj_sz=100
10.5727,0.855766,0.93954,-1.4641,0.864199,0.841868,-1.49933,0.12281,29,31,0.0980142,0.120464,-0.0902833,1.69469,0,10.5727
10.5925,0.855806,0.938157,-1.4647,0,0,0,0,29,31,0,0,0,0,0,traj_sz=100
10.5926,0.855806,0.938157,-1.4647,0.864199,0.841868,-1.49933,0.12281,29,31,0.0966369,0.121555,-0.087862,1.69499,0,10.5926
10.6125,0.856191,0.936863,-1.46835,0,0,0,0,29,31,0,0,0,0,0,traj_sz=100
10.6126,0.856191,0.936863,-1.46835,0.864199,0.841868,-1.49933,0.12281,29,31,0.0953162,0.122707,-0.0852332,1.69493,0,10.6126
10.6325,0.856426,0.932856,-1.46877,0,0,0,0,29,31,0,0,0,0,0,traj_sz=100
10.6326,0.856426,0.932856,-1.46877,0.864199,0.841868,-1.49933,0.12281,29,31,0.0913063,0.121163,-0.0823358,1.69568,0,10.6326
10.6524,0.856875,0.930079,-1.47001,0,0,0,0,29,31,0,0,0,0,0,traj_sz=100
10.6525,0.856875,0.930079,-1.47001,0.864199,0.841868,-1.49933,0.12281,29,31,0.0885005,0.120838,-0.0829046,1.69593,0,10.6525
10.6724,0.857476,0.927433,-1.47529,0,0,0,0,29,31,0,0,0,0,0,traj_sz=100
10.6725,0.857476,0.927433,-1.47529,0.864199,0.841868,-1.49933,0.12281,29,31,0.0858165,0.120657,-0.0786427,1.69601,0,10.6725
10.6925,0.857477,0.926032,-1.47378,0,0,0,0,29,31,0,0,0,0,0,traj_sz=100
10.6926,0.857477,0.926032,-1.47378,0.864199,0.841868,-1.49933,0.12281,29,31,0.0844193,0.121786,-0.079408,1.69636,0,10.6926
10.7124,0.857621,0.924713,-1.47424,0,0,0,0,29,31,0,0,0,0,0,traj_sz=100
10.7125,0.857621,0.924713,-1.47424,0.864199,0.841868,-1.49933,0.12281,29,31,0.0830931,0.122953,-0.0788784,1.69655,0,10.7125
10.7324,0.858077,0.920728,-1.47803,0,0,0,0,29,31,0,0,0,0,0,traj_sz=100
10.7326,0.858077,0.920728,-1.47803,0.864199,0.841868,-1.49933,0.12281,29,31,0.0790882,0.121458,-0.073264,1.69711,0,10.7326
10.7524,0.85816,0.91793,-1.47752,0,0,0,0,29,31,0,0,0,0,0,traj_sz=100
10.7525,0.85816,0.91793,-1.47752,0.864199,0.841868,-1.49933,0.12281,29,31,0.0762937,0.121161,-0.0714831,1.69774,0,10.7525
10.7724,0.858523,0.91533,-1.47916,0,0,0,0,29,31,0,0,0,0,0,traj_sz=100
10.7725,0.858523,0.91533,-1.47916,0.864199,0.841868,-1.49933,0.12281,29,31,0.0736736,0.121054,-0.0702924,1.69805,0,10.7725
10.7926,0.858609,0.913933,-1.4789,0,0,0,0,29,31,0,0,0,0,0,traj_sz=100
10.7927,0.858609,0.913933,-1.4789,0.864199,0.841868,-1.49933,0.12281,29,31,0.0722739,0.122188,-0.0700941,1.69833,0,10.7927
10.8124,0.858836,0.912648,-1.48041,0,0,0,0,29,31,0,0,0,0,0,traj_sz=100
10.8125,0.858836,0.912648,-1.48041,0.864199,0.841868,-1.49933,0.12281,29,31,0.0709747,0.12337,-0.0689392,1.69844,0,10.8125
10.8323,0.859292,0.908811,-1.48498,0,0,0,0,29,31,0,0,0,0,0,traj_sz=100
10.8324,0.859292,0.908811,-1.48498,0.864199,0.841868,-1.49933,0.12281,29,31,0.0671175,0.122007,-0.0621321,1.69899,0,10.8324
10.8524,0.859429,0.906049,-1.4839,0,0,0,0,29,31,0,0,0,0,0,traj_sz=100
10.8525,0.859429,0.906049,-1.4839,0.864199,0.841868,-1.49933,0.12281,30,31,0.0643525,0.121759,-0.0563358,1.69958,0,10.8525
10.8725,0.85955,0.90357,-1.48263,0,0,0,0,30,31,0,0,0,0,0,traj_sz=100
10.8726,0.85955,0.90357,-1.48263,0.864199,0.841868,-1.49933,0.12281,30,31,0.0618722,0.121793,-0.05751,1.70011,0,10.8726
10.8925,0.859885,0.902231,-1.48597,0,0,0,0,30,31,0,0,0,0,0,traj_sz=100
10.8926,0.859885,0.902231,-1.48597,0.867417,0.796928,-1.49689,0.123515,30,32,0.105563,0.122946,-0.0549327,1.70014,0,10.8926
10.9125,0.859927,0.900918,-1.4866,0,0,0,0,30,32,0,0,0,0,0,traj_sz=100
10.9126,0.859927,0.900918,-1.4866,0.867417,0.796928,-1.49689,0.123515,30,32,0.104251,0.124133,-0.0528953,1.70045,0,10.9126
10.9324,0.860242,0.897088,-1.48676,0,0,0,0,30,32,0,0,0,0,0,traj_sz=100
10.9325,0.860242,0.897088,-1.48676,0.867417,0.796928,-1.49689,0.123515,30,32,0.100409,0.122795,-0.0528082,1.70116,0,10.9325
10.9525,0.860647,0.894499,-1.4906,0,0,0,0,30,32,0,0,0,0,0,traj_sz=100
10.9526,0.860647,0.894499,-1.4906,0.867417,0.796928,-1.49689,0.123515,30,32,0.0977998,0.122697,-0.0489204,1.70146,0,10.9526
10.9724,0.860798,0.891918,-1.49139,0,0,0,0,30,32,0,0,0,0,0,traj_sz=100
10.9726,0.860798,0.891918,-1.49139,0.867417,0.796928,-1.49689,0.123515,30,32,0.0952155,0.122617,-0.04673,1.70201,0,10.9726
10.9924,0.860918,0.890696,-1.49151,0,0,0,0,30,32,0,0,0,0,0,traj_sz=100
10.9925,0.860918,0.890696,-1.49151,0.867417,0.796928,-1.49689,0.123515,30,32,0.0939877,0.123887,-0.0468753,1.70222,0,10.9925
11.0124,0.861352,0.889377,-1.49216,0,0,0,0,30,32,0,0,0,0,0,traj_sz=100
11.0125,0.861352,0.889377,-1.49216,0.867417,0.796928,-1.49689,0.123515,30,32,0.0926397,0.125048,-0.0506484,1.70216,0,11.0125
11.0324,0.8615,0.885403,-1.49274,0,0,0,0,30,32,0,0,0,0,0,traj_sz=100
11.0325,0.8615,0.885403,-1.49274,0.867417,0.796928,-1.49689,0.123515,30,32,0.0886671,0.123593,-0.0471577,1.70309,0,11.0325
11.0527,0.861829,0.882772,-1.49601,0,0,0,0,30,32,0,0,0,0,0,traj_sz=100
11.0528,0.861829,0.882772,-1.49601,0.867417,0.796928,-1.49689,0.123515,30,32,0.0860219,0.123499,-0.0431138,1.7035,0,11.0528
11.0724,0.861919,0.880004,-1.49575,0,0,0,0,30,32,0,0,0,0,0,traj_sz=100
11.0725,0.861919,0.880004,-1.49575,0.867417,0.796928,-1.49689,0.123515,30,32,0.0832546,0.123215,-0.041669,1.70417,0,11.0725
11.0925,0.86202,0.87864,-1.49563,0,0,0,0,30,32,0,0,0,0,0,traj_sz=100
11.0926,0.86202,0.87864,-1.49563,0.867417,0.796928,-1.49689,0.123515,30,32,0.0818867,0.124368,-0.041784,1.70445,0,11.0926
11.1125,0.862164,0.877397,-1.49633,0,0,0,0,30,32,0,0,0,0,0,traj_sz=100
11.1126,0.862164,0.877397,-1.49633,0.867417,0.796928,-1.49689,0.123515,30,32,0.080637,0.12564,-0.0412235,1.70466,0,11.1126
11.1323,0.862467,0.873323,-1.49757,0,0,0,0,30,32,0,0,0,0,0,traj_sz=100
11.1325,0.862467,0.873323,-1.49757,0.867417,0.796928,-1.49689,0.123515,30,32,0.076552,0.124051,-0.0387467,1.7055,0,11.1325
11.1525,0.86276,0.870621,-1.49667,0,0,0,0,30,32,0,0,0,0,0,traj_sz=100
11.1528,0.86276,0.870621,-1.49667,0.867417,0.796928,-1.49689,0.123515,30,32,0.0738359,0.123887,-0.0415664,1.70598,0,11.1528
11.1725,0.86272,0.867938,-1.49608,0,0,0,0,30,32,0,0,0,0,0,traj_sz=100
11.1725,0.86272,0.867938,-1.49608,0.867417,0.796928,-1.49689,0.123515,30,32,0.0711621,0.123706,-0.0388849,1.70677,0,11.1725
11.1925,0.863106,0.866635,-1.49828,0,0,0,0,30,32,0,0,0,0,0,traj_sz=100
11.1926,0.863106,0.866635,-1.49828,0.867417,0.796928,-1.49689,0.123515,30,32,0.0698364,0.124906,-0.0391637,1.70677,0,11.1926
11.2124,0.863084,0.865237,-1.49796,0,0,0,0,30,32,0,0,0,0,0,traj_sz=100
11.2126,0.863084,0.865237,-1.49796,0.867417,0.796928,-1.49689,0.123515,30,32,0.0684431,0.126023,-0.0377809,1.70719,0,11.2126
11.2323,0.863371,0.861298,-1.4974,0,0,0,0,30,32,0,0,0,0,0,traj_sz=100
11.2325,0.863371,0.861298,-1.4974,0.867417,0.796928,-1.49689,0.123515,31,32,0.0644934,0.124581,-0.0190079,1.70804,0,11.2325
11.2525,0.863797,0.858693,-1.50174,0,0,0,0,31,32,0,0,0,0,0,traj_sz=100
11.2525,0.863797,0.858693,-1.50174,0.867417,0.796928,-1.49689,0.123515,31,32,0.0618674,0.124473,-0.0147691,1.70837,0,11.2525
11.2725,0.863851,0.855926,-1.49989,0,0,0,0,31,32,0,0,0,0,0,traj_sz=100
11.2727,0.863851,0.855926,-1.49989,0.870763,0.751737,-1.48488,0.123038,31,33,0.104417,0.124241,-0.0159565,1.70912,0,11.2727
11.2924,0.863979,0.854589,-1.49856,0,0,0,0,31,33,0,0,0,0,0,traj_sz=100
11.2928,0.863979,0.854589,-1.49856,0.870763,0.751737,-1.48488,0.123038,31,33,0.103073,0.12541,-0.0188197,1.70939,0,11.2928
11.3124,0.864397,0.853349,-1.50269,0,0,0,0,31,33,0,0,0,0,0,traj_sz=100
11.3125,0.864397,0.853349,-1.50269,0.870763,0.751737,-1.48488,0.123038,31,33,0.10181,0.126648,-0.0163265,1.70934,0,11.3125
11.3324,0.864568,0.849183,-1.50369,0,0,0,0,31,33,0,0,0,0,0,traj_sz=100
11.3327,0.864568,0.849183,-1.50369,0.870763,0.751737,-1.48488,0.123038,31,33,0.0976417,0.124996,-0.0126154,1.7104,0,11.3327
11.3524,0.864926,0.846513,-1.50368,0,0,0,0,31,33,0,0,0,0,0,traj_sz=100
11.3524,0.864926,0.846513,-1.50368,0.870763,0.751737,-1.48488,0.123038,31,33,0.0949541,0.124814,-0.0151161,1.71084,0,11.3524
11.3724,0.865061,0.843804,-1.5035,0,0,0,0,31,33,0,0,0,0,0,traj_sz=100
11.3726,0.865061,0.843804,-1.5035,0.870763,0.751737,-1.48488,0.123038,31,33,0.092242,0.124639,-0.0145635,1.71151,0,11.3726
11.3924,0.865198,0.842518,-1.50374,0,0,0,0,31,33,0,0,0,0,0,traj_sz=100
11.3927,0.865198,0.842518,-1.50374,0.870763,0.751737,-1.48488,0.123038,31,33,0.0909504,0.12585,-0.0148013,1.71176,0,11.3927
11.4125,0.865493,0.841215,-1.50707,0,0,0,0,31,33,0,0,0,0,0,traj_sz=100
11.4126,0.865493,0.841215,-1.50707,0.870763,0.751737,-1.48488,0.123038,31,33,0.0896321,0.127011,-0.0118399,1.71186,0,11.4126
11.4323,0.865783,0.836982,-1.50359,0,0,0,0,31,33,0,0,0,0,0,traj_sz=100
11.4324,0.865783,0.836982,-1.50359,0.870763,0.751737,-1.48488,0.123038,31,33,0.0853871,0.125244,-0.0179081,1.71285,0,11.4324
11.4524,0.866163,0.834076,-1.50711,0,0,0,0,31,33,0,0,0,0,0,traj_sz=100
11.4525,0.866163,0.834076,-1.50711,0.870763,0.751737,-1.48488,0.123038,31,33,0.0824648,0.124818,-0.0141301,1.71336,0,11.4525
11.4723,0.866176,0.831164,-1.50355,0,0,0,0,31,33,0,0,0,0,0,traj_sz=100
11.4724,0.866176,0.831164,-1.50355,0.870763,0.751737,-1.48488,0.123038,31,33,0.0795561,0.124405,-0.0176167,1.71423,0,11.4724
11.4925,0.86643,0.829581,-1.50356,0,0,0,0,31,33,0,0,0,0,0,traj_sz=100
11.4925,0.86643,0.829581,-1.50356,0.870763,0.751737,-1.48488,0.123038,31,33,0.0779589,0.125309,-0.0197025,1.71446,0,11.4925
11.5123,0.866424,0.82811,-1.50348,0,0,0,0,31,33,0,0,0,0,0,traj_sz=100
11.5124,0.866424,0.82811,-1.50348,0.870763,0.751737,-1.48488,0.123038,31,33,0.0764923,0.126327,-0.0181945,1.71492,0,11.5124
11.5323,0.866737,0.823756,-1.50402,0,0,0,0,31,33,0,0,0,0,0,traj_sz=100
11.5325,0.866737,0.823756,-1.50402,0.870763,0.751737,-1.48488,0.123038,31,33,0.072127,0.124459,-0.0172296,1.71595,0,11.5325
11.5524,0.866849,0.820831,-1.50415,0,0,0,0,31,33,0,0,0,0,0,traj_sz=100
11.5525,0.866849,0.820831,-1.50415,0.870763,0.751737,-1.48488,0.123038,31,33,0.0692012,0.124037,-0.0155453,1.71674,0,11.5525
11.5724,0.867425,0.818182,-1.50756,0,0,0,0,31,33,0,0,0,0,0,traj_sz=100
11.5725,0.867425,0.818182,-1.50756,0.870763,0.751737,-1.48488,0.123038,32,33,0.066523,0.123837,0.01864,1.71701,0,11.5725
11.5924,0.867496,0.816946,-1.5086,0,0,0,0,32,33,0,0,0,0,0,traj_sz=100
11.5926,0.867496,0.816946,-1.5086,0.870763,0.751737,-1.48488,0.123038,32,33,0.0652862,0.125108,0.0208372,1.71733,0,11.5926
11.6124,0.867455,0.815577,-1.508,0,0,0,0,32,33,0,0,0,0,0,traj_sz=100
11.6125,0.867455,0.815577,-1.508,0.870763,0.751737,-1.48488,0.123038,32,33,0.063922,0.126228,0.0218735,1.71779,0,11.6125
11.6324,0.867449,0.811285,-1.50453,0,0,0,0,32,33,0,0,0,0,0,traj_sz=100
11.6325,0.867449,0.811285,-1.50453,0.874636,0.706765,-1.46326,0.121328,32,34,0.104766,0.124446,0.0204657,1.71914,0,11.6325
11.6524,0.867676,0.808575,-1.50468,0,0,0,0,32,34,0,0,0,0,0,traj_sz=100
11.6525,0.867676,0.808575,-1.50468,0.874636,0.706765,-1.46326,0.121328,32,34,0.102048,0.124221,0.0203527,1.71977,0,11.6525
11.6725,0.867956,0.805954,-1.50717,0,0,0,0,32,34,0,0,0,0,0,traj_sz=100
11.6726,0.867956,0.805954,-1.50717,0.874636,0.706765,-1.46326,0.121328,32,34,0.0994133,0.124094,0.0235347,1.72033,0,11.6726
11.6925,0.867968,0.804496,-1.50734,0,0,0,0,32,34,0,0,0,0,0,traj_sz=100
11.6928,0.867968,0.804496,-1.50734,0.874636,0.706765,-1.46326,0.121328,32,34,0.0979574,0.12515,0.0252841,1.72079,0,11.6928
11.7124,0.868043,0.803104,-1.5031,0,0,0,0,32,34,0,0,0,0,0,traj_sz=100
11.7126,0.868043,0.803104,-1.5031,0.874636,0.706765,-1.46326,0.121328,32,34,0.0965648,0.126229,0.018072,1.72116,0,11.7126
11.7323,0.868532,0.799073,-1.5067,0,0,0,0,32,34,0,0,0,0,0,traj_sz=100
11.7324,0.868532,0.799073,-1.5067,0.874636,0.706765,-1.46326,0.121328,32,34,0.0925093,0.124652,0.0217096,1.72198,0,11.7324
11.7525,0.868598,0.79627,-1.50421,0,0,0,0,32,34,0,0,0,0,0,traj_sz=100
11.7527,0.868598,0.79627,-1.50421,0.874636,0.706765,-1.46326,0.121328,32,34,0.0897085,0.124347,0.019344,1.72281,0,11.7527
11.7723,0.868747,0.793442,-1.50275,0,0,0,0,32,34,0,0,0,0,0,traj_sz=100
11.7724,0.868747,0.793442,-1.50275,0.874636,0.706765,-1.46326,0.121328,32,34,0.0868772,0.123925,0.0176219,1.72358,0,11.7724
11.7926,0.86906,0.79207,-1.5036,0,0,0,0,32,34,0,0,0,0,0,traj_sz=100
11.7928,0.86906,0.79207,-1.5036,0.874636,0.706765,-1.46326,0.121328,32,34,0.0854865,0.125013,0.015997,1.72373,0,11.7928
11.8127,0.869093,0.790704,-1.50225,0,0,0,0,32,34,0,0,0,0,0,traj_sz=100
11.8128,0.869093,0.790704,-1.50225,0.874636,0.706765,-1.46326,0.121328,32,34,0.084122,0.126097,0.0145678,1.72414,0,11.8128
11.8325,0.869229,0.786626,-1.49965,0,0,0,0,32,34,0,0,0,0,0,traj_sz=100
11.8327,0.869229,0.786626,-1.49965,0.874636,0.706765,-1.46326,0.121328,32,34,0.0800433,0.124447,0.0123878,1.72534,0,11.8327
11.8525,0.869534,0.783846,-1.4995,0,0,0,0,32,34,0,0,0,0,0,traj_sz=100
11.8527,0.869534,0.783846,-1.4995,0.874636,0.706765,-1.46326,0.121328,32,34,0.0772489,0.124103,0.010622,1.72596,0,11.8527
11.8724,0.86977,0.781001,-1.49939,0,0,0,0,32,34,0,0,0,0,0,traj_sz=100
11.8725,0.86977,0.781001,-1.49939,0.874636,0.706765,-1.46326,0.121328,32,34,0.0743938,0.123669,0.010048,1.72668,0,11.8725
11.8926,0.869747,0.779622,-1.49906,0,0,0,0,32,34,0,0,0,0,0,traj_sz=100
11.8927,0.869747,0.779622,-1.49906,0.874636,0.706765,-1.46326,0.121328,32,34,0.0730196,0.124757,0.0113068,1.72715,0,11.8927
11.9125,0.86982,0.778157,-1.49858,0,0,0,0,32,34,0,0,0,0,0,traj_sz=100
11.9127,0.86982,0.778157,-1.49858,0.874636,0.706765,-1.46326,0.121328,32,34,0.0715535,0.125736,0.0109799,1.72757,0,11.9127
11.9324,0.870281,0.773964,-1.49867,0,0,0,0,32,34,0,0,0,0,0,traj_sz=100
11.9325,0.870281,0.773964,-1.49867,0.874636,0.706765,-1.46326,0.121328,33,34,0.0673386,0.123945,0.0570897,1.72853,0,11.9325
11.9525,0.870271,0.771165,-1.49556,0,0,0,0,33,34,0,0,0,0,0,traj_sz=100
11.9526,0.870271,0.771165,-1.49556,0.874636,0.706765,-1.46326,0.121328,33,34,0.064546,0.123603,0.05525,1.72947,0,11.9526
11.9725,0.87075,0.768207,-1.4979,0,0,0,0,33,34,0,0,0,0,0,traj_sz=100
11.9726,0.87075,0.768207,-1.4979,0.874636,0.706765,-1.46326,0.121328,33,34,0.0615623,0.123063,0.0560919,1.73001,0,11.9726
11.9924,0.870725,0.76686,-1.49583,0,0,0,0,33,34,0,0,0,0,0,traj_sz=100
11.9925,0.870725,0.76686,-1.49583,0.879414,0.66251,-1.43236,0.118562,33,35,0.104708,0.124153,0.0544821,1.73049,0,11.9925
12.0124,0.870812,0.765387,-1.49561,0,0,0,0,33,35,0,0,0,0,0,traj_sz=100
12.0126,0.870812,0.765387,-1.49561,0.879414,0.66251,-1.43236,0.118562,33,35,0.103233,0.125129,0.0546798,1.7309,0,12.0126
12.0325,0.871301,0.761168,-1.49459,0,0,0,0,33,35,0,0,0,0,0,traj_sz=100
12.0326,0.871301,0.761168,-1.49459,0.879414,0.66251,-1.43236,0.118562,33,35,0.0989892,0.123329,0.0509656,1.73187,0,12.0326
12.0524,0.871361,0.758238,-1.4938,0,0,0,0,33,35,0,0,0,0,0,traj_sz=100
12.0525,0.871361,0.758238,-1.4938,0.879414,0.66251,-1.43236,0.118562,33,35,0.0960638,0.122842,0.0524211,1.73281,0,12.0525
12.0724,0.871824,0.755511,-1.49379,0,0,0,0,33,35,0,0,0,0,0,traj_sz=100
12.0726,0.871824,0.755511,-1.49379,0.879414,0.66251,-1.43236,0.118562,33,35,0.0933095,0.122535,0.0489905,1.73331,0,12.0726
12.0924,0.871874,0.754102,-1.49301,0,0,0,0,33,35,0,0,0,0,0,traj_sz=100
12.0925,0.871874,0.754102,-1.49301,0.879414,0.66251,-1.43236,0.118562,33,35,0.0919014,0.123566,0.0486582,1.73375,0,12.0925
12.1124,0.871846,0.752668,-1.49061,0,0,0,0,33,35,0,0,0,0,0,traj_sz=100
12.1125,0.871846,0.752668,-1.49061,0.879414,0.66251,-1.43236,0.118562,33,35,0.0904742,0.124559,0.0466017,1.73427,0,12.1125
12.1325,0.872309,0.748448,-1.48903,0,0,0,0,33,35,0,0,0,0,0,traj_sz=100
12.1326,0.872309,0.748448,-1.48903,0.879414,0.66251,-1.43236,0.118562,33,35,0.0862307,0.122692,0.0422645,1.73529,0,12.1326
12.1525,0.872819,0.745801,-1.4919,0,0,0,0,33,35,0,0,0,0,0,traj_sz=100
12.1527,0.872819,0.745801,-1.4919,0.879414,0.66251,-1.43236,0.118562,33,35,0.0835513,0.12238,0.0432238,1.73574,0,12.1527
12.1724,0.87288,0.742968,-1.48776,0,0,0,0,33,35,0,0,0,0,0,traj_sz=100
12.1726,0.87288,0.742968,-1.48776,0.879414,0.66251,-1.43236,0.118562,33,35,0.0807225,0.121908,0.0385012,1.73667,0,12.1726
12.1925,0.873051,0.741613,-1.48833,0,0,0,0,33,35,0,0,0,0,0,traj_sz=100
12.1926,0.873051,0.741613,-1.48833,0.879414,0.66251,-1.43236,0.118562,33,35,0.0793581,0.122921,0.038714,1.73698,0,12.1926
12.2125,0.873324,0.74031,-1.48633,0,0,0,0,33,35,0,0,0,0,0,traj_sz=100
12.2126,0.873324,0.74031,-1.48633,0.879414,0.66251,-1.43236,0.118562,33,35,0.0780364,0.123961,0.0327058,1.73718,0,12.2126
12.2324,0.873506,0.736203,-1.48396,0,0,0,0,33,35,0,0,0,0,0,traj_sz=100
12.2326,0.873506,0.736203,-1.48396,0.879414,0.66251,-1.43236,0.118562,33,35,0.0739281,0.122213,0.0310206,1.73846,0,12.2326
12.2524,0.873957,0.73339,-1.48478,0,0,0,0,33,35,0,0,0,0,0,traj_sz=100
12.2525,0.873957,0.73339,-1.48478,0.879414,0.66251,-1.43236,0.118562,33,35,0.0710869,0.121731,0.0293832,1.73903,0,12.2525
12.2724,0.874369,0.730676,-1.48456,0,0,0,0,33,35,0,0,0,0,0,traj_sz=100
12.2725,0.874369,0.730676,-1.48456,0.879414,0.66251,-1.43236,0.118562,33,35,0.0683468,0.121353,0.0263128,1.73961,0,12.2725
12.2924,0.874382,0.729271,-1.48165,0,0,0,0,33,35,0,0,0,0,0,traj_sz=100
12.2924,0.874382,0.729271,-1.48165,0.879414,0.66251,-1.43236,0.118562,34,35,0.0669437,0.122314,0.0851015,1.7401,0,12.2924
12.3124,0.874388,0.727831,-1.48173,0,0,0,0,34,35,0,0,0,0,0,traj_sz=100
12.3126,0.874388,0.727831,-1.48173,0.879414,0.66251,-1.43236,0.118562,34,35,0.0655087,0.123259,0.0874852,1.74061,0,12.3126
12.3324,0.874939,0.723853,-1.4806,0,0,0,0,34,35,0,0,0,0,0,traj_sz=100
12.3325,0.874939,0.723853,-1.4806,0.879414,0.66251,-1.43236,0.118562,34,35,0.0614972,0.121608,0.0836397,1.74152,0,12.3325
12.3524,0.875041,0.721154,-1.47699,0,0,0,0,34,35,0,0,0,0,0,traj_sz=100
12.3525,0.875041,0.721154,-1.47699,0.885416,0.61943,-1.39284,0.115142,34,36,0.102248,0.121275,0.0799623,1.74239,0,12.3525
12.3724,0.875511,0.718668,-1.48004,0,0,0,0,34,36,0,0,0,0,0,traj_sz=100
12.3725,0.875511,0.718668,-1.48004,0.885416,0.61943,-1.39284,0.115142,34,36,0.0997271,0.121117,0.0824495,1.74286,0,12.3725
12.3924,0.875492,0.717343,-1.47638,0,0,0,0,34,36,0,0,0,0,0,traj_sz=100
12.3925,0.875492,0.717343,-1.47638,0.885416,0.61943,-1.39284,0.115142,34,36,0.0984123,0.122168,0.0782729,1.74335,0,12.3925
12.4124,0.875471,0.715998,-1.47606,0,0,0,0,34,36,0,0,0,0,0,traj_sz=100
12.4124,0.875471,0.715998,-1.47606,0.885416,0.61943,-1.39284,0.115142,34,36,0.097076,0.123194,0.0801831,1.74386,0,12.4124
12.4324,0.875749,0.712078,-1.47331,0,0,0,0,34,36,0,0,0,0,0,traj_sz=100
12.4326,0.875749,0.712078,-1.47331,0.885416,0.61943,-1.39284,0.115142,34,36,0.0931492,0.121651,0.0774001,1.74503,0,12.4326
12.4524,0.876372,0.70953,-1.47467,0,0,0,0,34,36,0,0,0,0,0,traj_sz=100
12.4525,0.876372,0.70953,-1.47467,0.885416,0.61943,-1.39284,0.115142,34,36,0.0905521,0.121404,0.0746462,1.74538,0,12.4525
12.4726,0.876289,0.706826,-1.46997,0,0,0,0,34,36,0,0,0,0,0,traj_sz=100
12.4727,0.876289,0.706826,-1.46997,0.885416,0.61943,-1.39284,0.115142,34,36,0.087871,0.121116,0.0717821,1.74646,0,12.4727
12.4925,0.87653,0.705583,-1.4703,0,0,0,0,34,36,0,0,0,0,0,traj_sz=100
12.4927,0.87653,0.705583,-1.4703,0.885416,0.61943,-1.39284,0.115142,34,36,0.0866098,0.122128,0.070788,1.74669,0,12.4927
12.5126,0.876916,0.704291,-1.4724,0,0,0,0,34,36,0,0,0,0,0,traj_sz=100
12.5127,0.876916,0.704291,-1.4724,0.885416,0.61943,-1.39284,0.115142,34,36,0.085286,0.123077,0.0708976,1.74681,0,12.5127
12.5324,0.87705,0.700131,-1.46525,0,0,0,0,34,36,0,0,0,0,0,traj_sz=100
12.5324,0.87705,0.700131,-1.46525,0.885416,0.61943,-1.39284,0.115142,34,36,0.0811335,0.121169,0.0627317,1.74823,0,12.5324
12.5524,0.877536,0.697576,-1.46578,0,0,0,0,34,36,0,0,0,0,0,traj_sz=100
12.5525,0.877536,0.697576,-1.46578,0.885416,0.61943,-1.39284,0.115142,34,36,0.078542,0.120859,0.0605348,1.74873,0,12.5525
12.5725,0.877582,0.694806,-1.46153,0,0,0,0,34,36,0,0,0,0,0,traj_sz=100
12.5726,0.877582,0.694806,-1.46153,0.885416,0.61943,-1.39284,0.115142,34,36,0.0757809,0.120382,0.0566615,1.74972,0,12.5726
12.5924,0.878229,0.69346,-1.46545,0,0,0,0,34,36,0,0,0,0,0,traj_sz=100
12.5925,0.878229,0.69346,-1.46545,0.885416,0.61943,-1.39284,0.115142,34,36,0.0743758,0.121233,0.0562428,1.74962,0,12.5925
12.6125,0.878181,0.692159,-1.46474,0,0,0,0,34,36,0,0,0,0,0,traj_sz=100
12.6126,0.878181,0.692159,-1.46474,0.885416,0.61943,-1.39284,0.115142,34,36,0.0730861,0.12223,0.0577666,1.75016,0,12.6126
12.6325,0.878582,0.688009,-1.46046,0,0,0,0,34,36,0,0,0,0,0,traj_sz=100
12.6326,0.878582,0.688009,-1.46046,0.885416,0.61943,-1.39284,0.115142,34,36,0.0689144,0.120333,0.0507593,1.75135,0,12.6326
12.6524,0.878867,0.68515,-1.45818,0,0,0,0,34,36,0,0,0,0,0,traj_sz=100
12.6526,0.878867,0.68515,-1.45818,0.885416,0.61943,-1.39284,0.115142,34,36,0.06604,0.119733,0.0470054,1.75217,0,12.6526
12.6724,0.879022,0.682351,-1.45433,0,0,0,0,34,36,0,0,0,0,0,traj_sz=100
12.6726,0.879022,0.682351,-1.45433,0.885416,0.61943,-1.39284,0.115142,35,36,0.0632376,0.119203,0.119428,1.75309,0,12.6726
12.6924,0.879474,0.680954,-1.45689,0,0,0,0,35,36,0,0,0,0,0,traj_sz=100
12.6925,0.879474,0.680954,-1.45689,0.885416,0.61943,-1.39284,0.115142,35,36,0.0618004,0.120027,0.120197,1.7532,0,12.6925
12.7125,0.879497,0.679578,-1.45391,0,0,0,0,35,36,0,0,0,0,0,traj_sz=100
12.7127,0.879497,0.679578,-1.45391,0.885416,0.61943,-1.39284,0.115142,35,36,0.0604279,0.12095,0.117362,1.75371,0,12.7127
12.7325,0.880041,0.67541,-1.45285,0,0,0,0,35,36,0,0,0,0,0,traj_sz=100
12.7326,0.880041,0.67541,-1.45285,0.892893,0.577855,-1.34577,0.111627,35,37,0.0983897,0.119007,0.115992,1.7548,0,12.7326
12.7524,0.880444,0.673074,-1.45259,0,0,0,0,35,37,0,0,0,0,0,traj_sz=100
12.7527,0.880444,0.673074,-1.45259,0.892893,0.577855,-1.34577,0.111627,35,37,0.0960223,0.118919,0.114366,1.75533,0,12.7527
12.7725,0.880676,0.670759,-1.45247,0,0,0,0,35,37,0,0,0,0,0,traj_sz=100
12.7726,0.880676,0.670759,-1.45247,0.892893,0.577855,-1.34577,0.111627,35,37,0.0936963,0.118857,0.115511,1.75601,0,12.7726
12.7924,0.880973,0.669535,-1.44987,0,0,0,0,35,37,0,0,0,0,0,traj_sz=100
12.7925,0.880973,0.669535,-1.44987,0.892893,0.577855,-1.34577,0.111627,35,37,0.0924487,0.119862,0.108942,1.75621,0,12.7925
12.8124,0.880923,0.66822,-1.44913,0,0,0,0,35,37,0,0,0,0,0,traj_sz=100
12.8127,0.880923,0.66822,-1.44913,0.892893,0.577855,-1.34577,0.111627,35,37,0.0911501,0.120856,0.111064,1.75677,0,12.8127
12.8325,0.881469,0.664615,-1.44624,0,0,0,0,35,37,0,0,0,0,0,traj_sz=100
12.8325,0.881469,0.664615,-1.44624,0.892893,0.577855,-1.34577,0.111627,35,37,0.0875069,0.119465,0.105211,1.75767,0,12.8325
12.8525,0.882019,0.662251,-1.44553,0,0,0,0,35,37,0,0,0,0,0,traj_sz=100
12.8526,0.882019,0.662251,-1.44553,0.892893,0.577855,-1.34577,0.111627,35,37,0.085093,0.119268,0.10066,1.75808,0,12.8526
12.8725,0.882077,0.659911,-1.44086,0,0,0,0,35,37,0,0,0,0,0,traj_sz=100
12.8726,0.882077,0.659911,-1.44086,0.892893,0.577855,-1.34577,0.111627,35,37,0.0827657,0.119127,0.0962411,1.75895,0,12.8726
12.8925,0.88224,0.658838,-1.44138,0,0,0,0,35,37,0,0,0,0,0,traj_sz=100
12.8926,0.88224,0.658838,-1.44138,0.892893,0.577855,-1.34577,0.111627,35,37,0.0816809,0.120221,0.0969849,1.75922,0,12.8926
12.9124,0.882623,0.657624,-1.44117,0,0,0,0,35,37,0,0,0,0,0,traj_sz=100
12.9125,0.882623,0.657624,-1.44117,0.892893,0.577855,-1.34577,0.111627,35,37,0.0804273,0.121132,0.093424,1.75934,0,12.9125
12.9324,0.88323,0.654046,-1.43847,0,0,0,0,35,37,0,0,0,0,0,traj_sz=100
12.9325,0.88323,0.654046,-1.43847,0.892893,0.577855,-1.34577,0.111627,35,37,0.0767998,0.119682,0.0869583,1.7602,0,12.9325
12.9523,0.883481,0.651653,-1.43495,0,0,0,0,35,37,0,0,0,0,0,traj_sz=100
12.9524,0.883481,0.651653,-1.43495,0.892893,0.577855,-1.34577,0.111627,35,37,0.0743928,0.119451,0.0818493,1.76092,0,12.9524
12.9723,0.883936,0.649289,-1.43628,0,0,0,0,35,37,0,0,0,0,0,traj_sz=100
12.9725,0.883936,0.649289,-1.43628,0.892893,0.577855,-1.34577,0.111627,35,37,0.0719896,0.119231,0.0823708,1.76144,0,12.9725
12.9925,0.884089,0.648018,-1.43209,0,0,0,0,35,37,0,0,0,0,0,traj_sz=100
12.9926,0.884089,0.648018,-1.43209,0.892893,0.577855,-1.34577,0.111627,35,37,0.070706,0.120141,0.07518,1.7618,0,12.9926
13.0124,0.884345,0.646677,-1.43439,0,0,0,0,35,37,0,0,0,0,0,traj_sz=100
13.0125,0.884345,0.646677,-1.43439,0.892893,0.577855,-1.34577,0.111627,35,37,0.0693452,0.120943,0.0782789,1.7621,0,13.0125
13.0324,0.884584,0.642827,-1.42575,0,0,0,0,35,37,0,0,0,0,0,traj_sz=100
13.0325,0.884584,0.642827,-1.42575,0.892893,0.577855,-1.34577,0.111627,35,37,0.0654906,0.119284,0.0671515,1.76342,0,13.0325
13.0525,0.885199,0.640167,-1.42442,0,0,0,0,35,37,0,0,0,0,0,traj_sz=100
13.0525,0.885199,0.640167,-1.42442,0.892893,0.577855,-1.34577,0.111627,36,37,0.0627675,0.118744,0.149917,1.76393,0,13.0525
13.0724,0.885604,0.637395,-1.42326,0,0,0,0,36,37,0,0,0,0,0,traj_sz=100
13.0726,0.885604,0.637395,-1.42326,0.892893,0.577855,-1.34577,0.111627,36,37,0.059965,0.118122,0.149213,1.76468,0,13.0726
13.0924,0.885706,0.636027,-1.42251,0,0,0,0,36,37,0,0,0,0,0,traj_sz=100
13.0925,0.885706,0.636027,-1.42251,0.892893,0.577855,-1.34577,0.111627,36,37,0.0585951,0.118926,0.149998,1.76514,0,13.0925
13.1123,0.886158,0.634617,-1.421,0,0,0,0,36,37,0,0,0,0,0,traj_sz=100
13.1124,0.886158,0.634617,-1.421,0.902031,0.537935,-1.29264,0.108629,36,38,0.0979683,0.11963,0.144343,1.76529,0,13.1124
13.1324,0.886647,0.630489,-1.41946,0,0,0,0,36,38,0,0,0,0,0,traj_sz=100
13.1327,0.886647,0.630489,-1.41946,0.902031,0.537935,-1.29264,0.108629,36,38,0.0938155,0.117679,0.145316,1.76652,0,13.1327
13.1524,0.886876,0.627789,-1.41755,0,0,0,0,36,38,0,0,0,0,0,traj_sz=100
13.1525,0.886876,0.627789,-1.41755,0.902031,0.537935,-1.29264,0.108629,36,38,0.0911142,0.117146,0.14567,1.76742,0,13.1525
13.1723,0.887401,0.625293,-1.41664,0,0,0,0,36,38,0,0,0,0,0,traj_sz=100
13.1724,0.887401,0.625293,-1.41664,0.902031,0.537935,-1.29264,0.108629,36,38,0.0885682,0.116764,0.142905,1.76796,0,13.1724
13.1925,0.887448,0.623903,-1.41188,0,0,0,0,36,38,0,0,0,0,0,traj_sz=100
13.1927,0.887448,0.623903,-1.41188,0.902031,0.537935,-1.29264,0.108629,36,38,0.0871923,0.117588,0.13733,1.76849,0,13.1927
13.2124,0.887867,0.622777,-1.41479,0,0,0,0,36,38,0,0,0,0,0,traj_sz=100
13.2125,0.887867,0.622777,-1.41479,0.902031,0.537935,-1.29264,0.108629,36,38,0.0860122,0.118545,0.139395,1.76857,0,13.2125
13.2323,0.888448,0.618935,-1.40831,0,0,0,0,36,38,0,0,0,0,0,traj_sz=100
13.2326,0.888448,0.618935,-1.40831,0.902031,0.537935,-1.29264,0.108629,36,38,0.0821306,0.116772,0.129342,1.76962,0,13.2326
13.2524,0.888691,0.616584,-1.40476,0,0,0,0,36,38,0,0,0,0,0,traj_sz=100
13.2525,0.888691,0.616584,-1.40476,0.902031,0.537935,-1.29264,0.108629,36,38,0.0797726,0.116513,0.125602,1.77037,0,13.2525
13.2724,0.889162,0.614287,-1.40238,0,0,0,0,36,38,0,0,0,0,0,traj_sz=100
13.2725,0.889162,0.614287,-1.40238,0.902031,0.537935,-1.29264,0.108629,36,38,0.0774287,0.116276,0.120463,1.7709,0,13.2725
13.2923,0.889144,0.613143,-1.4021,0,0,0,0,36,38,0,0,0,0,0,traj_sz=100
13.2925,0.889144,0.613143,-1.4021,0.902031,0.537935,-1.29264,0.108629,36,38,0.076304,0.117256,0.123273,1.77139,0,13.2925
13.3123,0.889602,0.611924,-1.39991,0,0,0,0,36,38,0,0,0,0,0,traj_sz=100
13.3124,0.889602,0.611924,-1.39991,0.902031,0.537935,-1.29264,0.108629,36,38,0.0750254,0.118075,0.115806,1.77148,0,13.3124
13.3324,0.889683,0.609514,-1.39543,0,0,0,0,36,38,0,0,0,0,0,traj_sz=100
13.3326,0.889683,0.609514,-1.39543,0.902031,0.537935,-1.29264,0.108629,36,38,0.072636,0.117809,0.112945,1.77241,0,13.3326
13.3524,0.890365,0.606093,-1.39449,0,0,0,0,36,38,0,0,0,0,0,traj_sz=100
13.3525,0.890365,0.606093,-1.39449,0.902031,0.537935,-1.29264,0.108629,36,38,0.0691474,0.116418,0.110253,1.77322,0,13.3525
13.3723,0.891017,0.603735,-1.39219,0,0,0,0,36,38,0,0,0,0,0,traj_sz=100
13.3724,0.891017,0.603735,-1.39219,0.902031,0.537935,-1.29264,0.108629,36,38,0.0667102,0.116078,0.102764,1.77362,0,13.3724
13.3925,0.891129,0.602598,-1.3896,0,0,0,0,36,38,0,0,0,0,0,traj_sz=100
13.3926,0.891129,0.602598,-1.3896,0.902031,0.537935,-1.29264,0.108629,36,38,0.0655687,0.117062,0.0994641,1.774,0,13.3926
13.4125,0.891515,0.60146,-1.39012,0,0,0,0,36,38,0,0,0,0,0,traj_sz=100
13.4126,0.891515,0.60146,-1.39012,0.902031,0.537935,-1.29264,0.108629,36,38,0.0643802,0.117971,0.0977125,1.77413,0,13.4126
13.4325,0.892141,0.597997,-1.38765,0,0,0,0,36,38,0,0,0,0,0,traj_sz=100
13.4326,0.892141,0.597997,-1.38765,0.902031,0.537935,-1.29264,0.108629,37,38,0.0608592,0.116561,0.191316,1.77503,0,13.4326
13.4523,0.892346,0.595561,-1.38077,0,0,0,0,37,38,0,0,0,0,0,traj_sz=100
13.4525,0.892346,0.595561,-1.38077,0.902031,0.537935,-1.29264,0.108629,37,38,0.058418,0.116225,0.184087,1.77587,0,13.4525
13.4725,0.892783,0.593334,-1.37852,0,0,0,0,37,38,0,0,0,0,0,traj_sz=100
13.4726,0.892783,0.593334,-1.37852,0.902031,0.537935,-1.29264,0.108629,37,38,0.0561453,0.116067,0.181115,1.77643,0,13.4726
13.4924,0.893035,0.592134,-1.37894,0,0,0,0,37,38,0,0,0,0,0,traj_sz=100
13.4927,0.893035,0.592134,-1.37894,0.912974,0.499614,-1.2357,0.106604,37,39,0.0946244,0.116949,0.182209,1.77671,0,13.4927
13.5124,0.893456,0.590982,-1.37866,0,0,0,0,37,39,0,0,0,0,0,traj_sz=100
13.5125,0.893456,0.590982,-1.37866,0.912974,0.499614,-1.2357,0.106604,37,39,0.0934139,0.117823,0.179384,1.77682,0,13.5125
13.5324,0.89372,0.587345,-1.37101,0,0,0,0,37,39,0,0,0,0,0,traj_sz=100
13.5325,0.89372,0.587345,-1.37101,0.912974,0.499614,-1.2357,0.106604,37,39,0.0898074,0.11632,0.173941,1.77814,0,13.5325
13.5524,0.894296,0.585476,-1.37159,0,0,0,0,37,39,0,0,0,0,0,traj_sz=100
13.5525,0.894296,0.585476,-1.37159,0.912974,0.499614,-1.2357,0.106604,37,39,0.0878602,0.116471,0.172804,1.77842,0,13.5525
13.5723,0.894983,0.583271,-1.37203,0,0,0,0,37,39,0,0,0,0,0,traj_sz=100
13.5724,0.894983,0.583271,-1.37203,0.912974,0.499614,-1.2357,0.106604,37,39,0.0855624,0.116263,0.170929,1.77875,0,13.5724
13.5924,0.895258,0.582102,-1.37059,0,0,0,0,37,39,0,0,0,0,0,traj_sz=100
13.5925,0.895258,0.582102,-1.37059,0.912974,0.499614,-1.2357,0.106604,37,39,0.0843636,0.117136,0.168235,1.77901,0,13.5925
13.6125,0.895082,0.580825,-1.3654,0,0,0,0,37,39,0,0,0,0,0,traj_sz=100
13.6126,0.895082,0.580825,-1.3654,0.912974,0.499614,-1.2357,0.106604,37,39,0.0831532,0.118001,0.165753,1.77972,0,13.6126
13.6324,0.89598,0.577089,-1.3601,0,0,0,0,37,39,0,0,0,0,0,traj_sz=100
13.6326,0.89598,0.577089,-1.3601,0.912974,0.499614,-1.2357,0.106604,37,39,0.0793154,0.116214,0.155572,1.78053,0,13.6326
13.6523,0.896575,0.574619,-1.36029,0,0,0,0,37,39,0,0,0,0,0,traj_sz=100
13.6524,0.896575,0.574619,-1.36029,0.912974,0.499614,-1.2357,0.106604,37,39,0.0767757,0.115719,0.155485,1.78106,0,13.6524
13.6723,0.897188,0.572171,-1.35831,0,0,0,0,37,39,0,0,0,0,0,traj_sz=100
13.6725,0.897188,0.572171,-1.35831,0.912974,0.499614,-1.2357,0.106604,37,39,0.0742544,0.11526,0.151149,1.78158,0,13.6725
13.6925,0.897198,0.570873,-1.35168,0,0,0,0,37,39,0,0,0,0,0,traj_sz=100
13.6927,0.897198,0.570873,-1.35168,0.912974,0.499614,-1.2357,0.106604,37,39,0.0729848,0.116077,0.143419,1.78214,0,13.6927
13.7124,0.897738,0.569783,-1.35589,0,0,0,0,37,39,0,0,0,0,0,traj_sz=100
13.7125,0.897738,0.569783,-1.35589,0.912974,0.499614,-1.2357,0.106604,37,39,0.0718039,0.116935,0.146737,1.78213,0,13.7125
13.7325,0.898349,0.566156,-1.34739,0,0,0,0,37,39,0,0,0,0,0,traj_sz=100
13.7326,0.898349,0.566156,-1.34739,0.912974,0.499614,-1.2357,0.106604,37,39,0.0681282,0.115335,0.134657,1.78317,0,13.7326
13.7524,0.898986,0.563581,-1.34571,0,0,0,0,37,39,0,0,0,0,0,traj_sz=100
13.7526,0.898986,0.563581,-1.34571,0.912974,0.499614,-1.2357,0.106604,37,39,0.0654751,0.114739,0.13093,1.78373,0,13.7526
13.7725,0.899517,0.561084,-1.34015,0,0,0,0,37,39,0,0,0,0,0,traj_sz=100
13.7727,0.899517,0.561084,-1.34015,0.912974,0.499614,-1.2357,0.106604,37,39,0.0629189,0.114258,0.121513,1.78436,0,13.7727
13.7923,0.89969,0.55985,-1.34092,0,0,0,0,37,39,0,0,0,0,0,traj_sz=100
13.7925,0.89969,0.55985,-1.34092,0.912974,0.499614,-1.2357,0.106604,37,39,0.0616783,0.115061,0.12451,1.78475,0,13.7925
13.8125,0.900129,0.558547,-1.33756,0,0,0,0,37,39,0,0,0,0,0,traj_sz=100
13.8126,0.900129,0.558547,-1.33756,0.912974,0.499614,-1.2357,0.106604,37,39,0.0603059,0.11576,0.116399,1.78493,0,13.8126
13.8325,0.901007,0.554719,-1.33287,0,0,0,0,37,39,0,0,0,0,0,traj_sz=100
13.8326,0.901007,0.554719,-1.33287,0.912974,0.499614,-1.2357,0.106604,38,39,0.0563729,0.113895,0.212465,1.78585,0,13.8326
13.8524,0.901778,0.552297,-1.33017,0,0,0,0,38,39,0,0,0,0,0,traj_sz=100
13.8526,0.901778,0.552297,-1.33017,0.925836,0.46268,-1.17559,0.105878,38,40,0.092768,0.113413,0.206475,1.78624,0,13.8526
13.8725,0.902385,0.549845,-1.32949,0,0,0,0,38,40,0,0,0,0,0,traj_sz=100
13.8727,0.902385,0.549845,-1.32949,0.925836,0.46268,-1.17559,0.105878,38,40,0.0902436,0.112954,0.206585,1.78679,0,13.8727
13.8924,0.902357,0.548527,-1.32435,0,0,0,0,38,40,0,0,0,0,0,traj_sz=100
13.8925,0.902357,0.548527,-1.32435,0.925836,0.46268,-1.17559,0.105878,38,40,0.0889813,0.113732,0.203175,1.78741,0,13.8925
13.9123,0.902636,0.54728,-1.32239,0,0,0,0,38,40,0,0,0,0,0,traj_sz=100
13.9124,0.902636,0.54728,-1.32239,0.925836,0.46268,-1.17559,0.105878,38,40,0.0877076,0.114507,0.200748,1.78772,0,13.9124
13.9323,0.903701,0.543919,-1.31937,0,0,0,0,38,40,0,0,0,0,0,traj_sz=100
13.9325,0.903701,0.543919,-1.31937,0.925836,0.46268,-1.17559,0.105878,38,40,0.0841914,0.11305,0.193792,1.78828,0,13.9325
13.9525,0.904361,0.541298,-1.31506,0,0,0,0,38,40,0,0,0,0,0,traj_sz=100
13.9526,0.904361,0.541298,-1.31506,0.925836,0.46268,-1.17559,0.105878,38,40,0.0814935,0.112409,0.187306,1.78887,0,13.9526
13.9725,0.905199,0.538895,-1.31122,0,0,0,0,38,40,0,0,0,0,0,traj_sz=100
13.9726,0.905199,0.538895,-1.31122,0.925836,0.46268,-1.17559,0.105878,38,40,0.0789583,0.111922,0.178211,1.78921,0,13.9726
13.9924,0.905333,0.537593,-1.30964,0,0,0,0,38,40,0,0,0,0,0,traj_sz=100
13.9926,0.905333,0.537593,-1.30964,0.925836,0.46268,-1.17559,0.105878,38,40,0.0776665,0.112686,0.178805,1.78968,0,13.9926
14.0123,0.905803,0.536521,-1.3091,0,0,0,0,38,40,0,0,0,0,0,traj_sz=100
14.0124,0.905803,0.536521,-1.3091,0.925836,0.46268,-1.17559,0.105878,38,40,0.0765094,0.113561,0.175469,1.78975,0,14.0124
14.0324,0.906827,0.532878,-1.30444,0,0,0,0,38,40,0,0,0,0,0,traj_sz=100
14.0326,0.906827,0.532878,-1.30444,0.925836,0.46268,-1.17559,0.105878,38,40,0.0727258,0.11184,0.167318,1.7905,0,14.0326
14.0523,0.907438,0.530356,-1.29853,0,0,0,0,38,40,0,0,0,0,0,traj_sz=100
14.0524,0.907438,0.530356,-1.29853,0.925836,0.46268,-1.17559,0.105878,38,40,0.0701311,0.111288,0.158247,1.79111,0,14.0524
14.0725,0.908172,0.528034,-1.29658,0,0,0,0,38,40,0,0,0,0,0,traj_sz=100
14.0726,0.908172,0.528034,-1.29658,0.925836,0.46268,-1.17559,0.105878,38,40,0.0676952,0.110925,0.153715,1.79152,0,14.0726
14.0924,0.908383,0.526751,-1.29205,0,0,0,0,38,40,0,0,0,0,0,traj_sz=100
14.0926,0.908383,0.526751,-1.29205,0.925836,0.46268,-1.17559,0.105878,38,40,0.0664005,0.111687,0.147809,1.79192,0,14.0926
14.1124,0.908972,0.525609,-1.29201,0,0,0,0,38,40,0,0,0,0,0,traj_sz=100
14.1126,0.908972,0.525609,-1.29201,0.925836,0.46268,-1.17559,0.105878,38,40,0.0651404,0.112469,0.143928,1.79192,0,14.1126
14.1325,0.909809,0.521953,-1.28479,0,0,0,0,38,40,0,0,0,0,0,traj_sz=100
14.1326,0.909809,0.521953,-1.28479,0.925836,0.46268,-1.17559,0.105878,38,40,0.0613864,0.110787,0.13392,1.79287,0,14.1326
14.1525,0.910644,0.519697,-1.28325,0,0,0,0,38,40,0,0,0,0,0,traj_sz=100
14.1527,0.910644,0.519697,-1.28325,0.925836,0.46268,-1.17559,0.105878,38,40,0.058984,0.110438,0.128407,1.79317,0,14.1527
14.1725,0.911341,0.517343,-1.27848,0,0,0,0,38,40,0,0,0,0,0,traj_sz=100
14.1726,0.911341,0.517343,-1.27848,0.925836,0.46268,-1.17559,0.105878,39,40,0.0565207,0.110024,0.223782,1.79364,0,14.1726
14.1925,0.911721,0.51613,-1.27703,0,0,0,0,39,40,0,0,0,0,0,traj_sz=100
14.1927,0.911721,0.51613,-1.27703,0.925836,0.46268,-1.17559,0.105878,39,40,0.0552473,0.110812,0.221773,1.79387,0,14.1927
14.2125,0.911944,0.515004,-1.27808,0,0,0,0,39,40,0,0,0,0,0,traj_sz=100
14.2126,0.911944,0.515004,-1.27808,0.925836,0.46268,-1.17559,0.105878,39,40,0.0541072,0.111713,0.226047,1.7942,0,14.2126
14.2323,0.913187,0.511531,-1.27271,0,0,0,0,39,40,0,0,0,0,0,traj_sz=100
14.2324,0.913187,0.511531,-1.27271,0.94079,0.426831,-1.11196,0.106611,39,41,0.0890719,0.11006,0.21591,1.79472,0,14.2324
14.2524,0.913744,0.50936,-1.26902,0,0,0,0,39,41,0,0,0,0,0,traj_sz=100
14.2525,0.913744,0.50936,-1.26902,0.94079,0.426831,-1.11196,0.106611,39,41,0.086838,0.109882,0.21209,1.79524,0,14.2525
14.2724,0.914488,0.507413,-1.26744,0,0,0,0,39,41,0,0,0,0,0,traj_sz=100
14.2725,0.914488,0.507413,-1.26744,0.94079,0.426831,-1.11196,0.106611,39,41,0.0847597,0.10985,0.208312,1.79549,0,14.2725
14.2923,0.91492,0.506177,-1.26384,0,0,0,0,39,41,0,0,0,0,0,traj_sz=100
14.2924,0.91492,0.506177,-1.26384,0.94079,0.426831,-1.11196,0.106611,39,41,0.0834536,0.110577,0.20181,1.79569,0,14.2924
14.3126,0.915127,0.505151,-1.26535,0,0,0,0,39,41,0,0,0,0,0,traj_sz=100
14.3127,0.915127,0.505151,-1.26535,0.94079,0.426831,-1.11196,0.106611,39,41,0.0824119,0.111621,0.206649,1.79599,0,14.3127
14.3323,0.916564,0.501498,-1.25734,0,0,0,0,39,41,0,0,0,0,0,traj_sz=100
14.3324,0.916564,0.501498,-1.25734,0.94079,0.426831,-1.11196,0.106611,39,41,0.0784984,0.109751,0.189901,1.79645,0,14.3324
14.3523,0.917179,0.499231,-1.2533,0,0,0,0,39,41,0,0,0,0,0,traj_sz=100
14.3525,0.917179,0.499231,-1.2533,0.94079,0.426831,-1.11196,0.106611,39,41,0.0761529,0.109492,0.185102,1.79698,0,14.3525
14.3724,0.917805,0.497039,-1.24961,0,0,0,0,39,41,0,0,0,0,0,traj_sz=100
14.3725,0.917805,0.497039,-1.24961,0.94079,0.426831,-1.11196,0.106611,39,41,0.0738734,0.109296,0.180394,1.79747,0,14.3725
14.3924,0.918254,0.49591,-1.24708,0,0,0,0,39,41,0,0,0,0,0,traj_sz=100
14.3925,0.918254,0.49591,-1.24708,0.94079,0.426831,-1.11196,0.106611,39,41,0.0726596,0.110163,0.175058,1.79761,0,14.3925
14.4124,0.918883,0.494746,-1.2469,0,0,0,0,39,41,0,0,0,0,0,traj_sz=100
14.4125,0.918883,0.494746,-1.2469,0.94079,0.426831,-1.11196,0.106611,39,41,0.0713559,0.110934,0.17155,1.79761,0,14.4125
14.4323,0.91967,0.491529,-1.2395,0,0,0,0,39,41,0,0,0,0,0,traj_sz=100
14.4324,0.91967,0.491529,-1.2395,0.94079,0.426831,-1.11196,0.106611,39,41,0.0680493,0.109712,0.162974,1.79845,0,14.4324
14.4525,0.920345,0.489338,-1.23551,0,0,0,0,39,41,0,0,0,0,0,traj_sz=100
14.4525,0.920345,0.489338,-1.23551,0.94079,0.426831,-1.11196,0.106611,39,41,0.0657539,0.109519,0.157013,1.7989,0,14.4525
14.4725,0.921025,0.487239,-1.23019,0,0,0,0,39,41,0,0,0,0,0,traj_sz=100
14.4726,0.921025,0.487239,-1.23019,0.94079,0.426831,-1.11196,0.106611,39,41,0.0635401,0.109401,0.148168,1.79931,0,14.4726
14.4924,0.921899,0.486331,-1.23641,0,0,0,0,39,41,0,0,0,0,0,traj_sz=100
14.4925,0.921899,0.486331,-1.23641,0.94079,0.426831,-1.11196,0.106611,39,41,0.0624039,0.110309,0.151464,1.79898,0,14.4925
14.5123,0.921847,0.485094,-1.22894,0,0,0,0,39,41,0,0,0,0,0,traj_sz=100
14.5124,0.921847,0.485094,-1.22894,0.94079,0.426831,-1.11196,0.106611,39,41,0.0612424,0.111245,0.144868,1.79962,0,14.5124
14.5324,0.923468,0.481997,-1.22791,0,0,0,0,39,41,0,0,0,0,0,traj_sz=100
14.5325,0.923468,0.481997,-1.22791,0.94079,0.426831,-1.11196,0.106611,40,41,0.0577785,0.109858,0.24097,1.79969,0,14.5325
14.5525,0.92408,0.479933,-1.22318,0,0,0,0,40,41,0,0,0,0,0,traj_sz=100
14.5526,0.92408,0.479933,-1.22318,0.94079,0.426831,-1.11196,0.106611,40,41,0.0556178,0.109796,0.235909,1.80015,0,14.5526
14.5724,0.924849,0.47779,-1.21963,0,0,0,0,40,41,0,0,0,0,0,traj_sz=100
14.5726,0.924849,0.47779,-1.21963,0.94079,0.426831,-1.11196,0.106611,40,41,0.0533325,0.109597,0.23126,1.80051,0,14.5726
14.5924,0.925169,0.476735,-1.21781,0,0,0,0,40,41,0,0,0,0,0,traj_sz=100
14.5926,0.925169,0.476735,-1.21781,0.958113,0.391764,-1.04394,0.108666,40,42,0.0911214,0.110575,0.229641,1.80075,0,14.5926
14.6125,0.925864,0.475637,-1.21757,0,0,0,0,40,42,0,0,0,0,0,traj_sz=100
14.6126,0.925864,0.475637,-1.21757,0.958113,0.391764,-1.04394,0.108666,40,42,0.0898505,0.11137,0.225914,1.80067,0,14.6126
14.6323,0.926557,0.472879,-1.21337,0,0,0,0,40,42,0,0,0,0,0,traj_sz=100
14.6325,0.926557,0.472879,-1.21337,0.958113,0.391764,-1.04394,0.108666,40,42,0.087029,0.110619,0.224702,1.80141,0,14.6325
14.6524,0.927323,0.470859,-1.20932,0,0,0,0,40,42,0,0,0,0,0,traj_sz=100
14.6525,0.927323,0.470859,-1.20932,0.958113,0.391764,-1.04394,0.108666,40,42,0.0848728,0.110536,0.218465,1.80172,0,14.6525
14.6725,0.928208,0.46877,-1.20597,0,0,0,0,40,42,0,0,0,0,0,traj_sz=100
14.6726,0.928208,0.46877,-1.20597,0.958113,0.391764,-1.04394,0.108666,40,42,0.082607,0.110356,0.212242,1.80197,0,14.6726
14.6924,0.928701,0.467599,-1.20233,0,0,0,0,40,42,0,0,0,0,0,traj_sz=100
14.6926,0.928701,0.467599,-1.20233,0.958113,0.391764,-1.04394,0.108666,40,42,0.0813384,0.111215,0.205628,1.80211,0,14.6926
14.7125,0.929406,0.466388,-1.20158,0,0,0,0,40,42,0,0,0,0,0,traj_sz=100
14.7127,0.929406,0.466388,-1.20158,0.958113,0.391764,-1.04394,0.108666,40,42,0.0799555,0.111979,0.201529,1.80209,0,14.7127
14.7323,0.930915,0.462804,-1.1966,0,0,0,0,40,42,0,0,0,0,0,traj_sz=100
14.7325,0.930915,0.462804,-1.1966,0.958113,0.391764,-1.04394,0.108666,40,42,0.0760661,0.110208,0.192359,1.80254,0,14.7325
14.7523,0.93178,0.460222,-1.19089,0,0,0,0,40,42,0,0,0,0,0,traj_sz=100
14.7524,0.93178,0.460222,-1.19089,0.958113,0.391764,-1.04394,0.108666,40,42,0.0733424,0.109632,0.185029,1.80306,0,14.7524
14.7723,0.932507,0.457658,-1.18419,0,0,0,0,40,42,0,0,0,0,0,traj_sz=100
14.7724,0.932507,0.457658,-1.18419,0.958113,0.391764,-1.04394,0.108666,40,42,0.0706851,0.109128,0.177705,1.80369,0,14.7724
14.7924,0.933363,0.456467,-1.18488,0,0,0,0,40,42,0,0,0,0,0,traj_sz=100
14.7926,0.933363,0.456467,-1.18488,0.958113,0.391764,-1.04394,0.108666,40,42,0.0692608,0.109856,0.173963,1.80354,0,14.7926
14.8124,0.933689,0.455172,-1.18135,0,0,0,0,40,42,0,0,0,0,0,traj_sz=100
14.8125,0.933689,0.455172,-1.18135,0.958113,0.391764,-1.04394,0.108666,40,42,0.0679333,0.110677,0.170598,1.8039,0,14.8125
14.8324,0.935439,0.451448,-1.17698,0,0,0,0,40,42,0,0,0,0,0,traj_sz=100
14.8326,0.935439,0.451448,-1.17698,0.958113,0.391764,-1.04394,0.108666,40,42,0.0638162,0.108708,0.160001,1.80423,0,14.8326
14.8524,0.936339,0.449191,-1.1731,0,0,0,0,40,42,0,0,0,0,0,traj_sz=100
14.8524,0.936339,0.449191,-1.1731,0.958113,0.391764,-1.04394,0.108666,40,42,0.0613781,0.10841,0.153577,1.80458,0,14.8524
14.8725,0.937301,0.446953,-1.17083,0,0,0,0,40,42,0,0,0,0,0,traj_sz=100
14.8726,0.937301,0.446953,-1.17083,0.958113,0.391764,-1.04394,0.108666,40,42,0.0589375,0.108132,0.149108,1.80486,0,14.8726
14.8925,0.937845,0.445785,-1.16827,0,0,0,0,40,42,0,0,0,0,0,traj_sz=100
14.8927,0.937845,0.445785,-1.16827,0.958113,0.391764,-1.04394,0.108666,41,42,0.0576434,0.108995,0.254505,1.80497,0,14.8927
14.9125,0.937914,0.444615,-1.16281,0,0,0,0,41,42,0,0,0,0,0,traj_sz=100
14.9125,0.937914,0.444615,-1.16281,0.958113,0.391764,-1.04394,0.108666,41,42,0.0565272,0.110029,0.251514,1.8055,0,14.9125
14.9323,0.939527,0.441478,-1.16143,0,0,0,0,41,42,0,0,0,0,0,traj_sz=100
14.9324,0.939527,0.441478,-1.16143,0.978159,0.357304,-0.970446,0.111763,41,43,0.0925957,0.108632,0.248196,1.80568,0,14.9324
14.9524,0.940506,0.439404,-1.15825,0,0,0,0,41,43,0,0,0,0,0,traj_sz=100
14.9526,0.940506,0.439404,-1.15825,0.978159,0.357304,-0.970446,0.111763,41,43,0.0903087,0.108492,0.243086,1.80588,0,14.9526
14.9724,0.941222,0.437403,-1.15451,0,0,0,0,41,43,0,0,0,0,0,traj_sz=100
14.9725,0.941222,0.437403,-1.15451,0.978159,0.357304,-0.970446,0.111763,41,43,0.0881947,0.108509,0.240012,1.80627,0,14.9725
14.9924,0.941318,0.436413,-1.15128,0,0,0,0,41,43,0,0,0,0,0,traj_sz=100
14.9924,0.941318,0.436413,-1.15128,0.978159,0.357304,-0.970446,0.111763,41,43,0.0872547,0.109708,0.23949,1.80669,0,14.9924
15.0124,0.94191,0.435528,-1.15115,0,0,0,0,41,43,0,0,0,0,0,traj_sz=100
15.0125,0.94191,0.435528,-1.15115,0.978159,0.357304,-0.970446,0.111763,41,43,0.0862058,0.110798,0.237157,1.80663,0,15.0125
15.0324,0.942907,0.433313,-1.15009,0,0,0,0,41,43,0,0,0,0,0,traj_sz=100
15.0325,0.942907,0.433313,-1.15009,0.978159,0.357304,-0.970446,0.111763,41,43,0.0837781,0.11051,0.236564,1.80689,0,15.0325
15.0525,0.943806,0.431286,-1.1455,0,0,0,0,41,43,0,0,0,0,0,traj_sz=100
15.0526,0.943806,0.431286,-1.1455,0.978159,0.357304,-0.970446,0.111763,41,43,0.0815655,0.110496,0.22969,1.80715,0,15.0526
15.0725,0.944763,0.429361,-1.14096,0,0,0,0,41,43,0,0,0,0,0,traj_sz=100
15.0726,0.944763,0.429361,-1.14096,0.978159,0.357304,-0.970446,0.111763,41,43,0.0794191,0.110567,0.221433,1.8073,0,15.0726
15.0925,0.945197,0.428339,-1.13975,0,0,0,0,41,43,0,0,0,0,0,traj_sz=100
15.0926,0.945197,0.428339,-1.13975,0.978159,0.357304,-0.970446,0.111763,41,43,0.0783097,0.111693,0.220212,1.80745,0,15.0926
15.1125,0.945858,0.427186,-1.13789,0,0,0,0,41,43,0,0,0,0,0,traj_sz=100
15.1127,0.945858,0.427186,-1.13789,0.978159,0.357304,-0.970446,0.111763,41,43,0.0769864,0.112592,0.215624,1.80747,0,15.1127
15.1324,0.947401,0.423605,-1.12934,0,0,0,0,41,43,0,0,0,0,0,traj_sz=100
15.1326,0.947401,0.423605,-1.12934,0.978159,0.357304,-0.970446,0.111763,41,43,0.0730862,0.110919,0.203286,1.80797,0,15.1326
15.1525,0.948285,0.421257,-1.12379,0,0,0,0,41,43,0,0,0,0,0,traj_sz=100
15.1526,0.948285,0.421257,-1.12379,0.978159,0.357304,-0.970446,0.111763,41,43,0.0705829,0.110657,0.196993,1.80842,0,15.1526
15.1725,0.949337,0.418995,-1.11928,0,0,0,0,41,43,0,0,0,0,0,traj_sz=100
15.1726,0.949337,0.418995,-1.11928,0.978159,0.357304,-0.970446,0.111763,41,43,0.068085,0.110389,0.189764,1.80868,0,15.1726
15.1925,0.950135,0.417918,-1.11874,0,0,0,0,41,43,0,0,0,0,0,traj_sz=100
15.1926,0.950135,0.417918,-1.11874,0.978159,0.357304,-0.970446,0.111763,41,43,0.0667666,0.111293,0.1852,1.80855,0,15.1926
15.2124,0.950422,0.416622,-1.11365,0,0,0,0,41,43,0,0,0,0,0,traj_sz=100
15.2126,0.950422,0.416622,-1.11365,0.978159,0.357304,-0.970446,0.111763,41,43,0.0654701,0.11224,0.180792,1.80897,0,15.2126
15.2324,0.952303,0.413105,-1.10793,0,0,0,0,41,43,0,0,0,0,0,traj_sz=100
15.2325,0.952303,0.413105,-1.10793,0.978159,0.357304,-0.970446,0.111763,41,43,0.0614743,0.110466,0.168569,1.80918,0,15.2325
15.2524,0.953247,0.410723,-1.10148,0,0,0,0,41,43,0,0,0,0,0,traj_sz=100
15.2525,0.953247,0.410723,-1.10148,0.978159,0.357304,-0.970446,0.111763,42,43,0.0589103,0.110151,0.277149,1.80961,0,15.2525
15.2724,0.954666,0.408538,-1.09906,0,0,0,0,42,43,0,0,0,0,0,traj_sz=100
15.2725,0.954666,0.408538,-1.09906,0.978159,0.357304,-0.970446,0.111763,42,43,0.0563143,0.109787,0.270888,1.80953,0,15.2725
15.2925,0.95529,0.407329,-1.09739,0,0,0,0,42,43,0,0,0,0,0,traj_sz=100
15.2927,0.95529,0.407329,-1.09739,0.978159,0.357304,-0.970446,0.111763,42,43,0.05495,0.110667,0.268907,1.80963,0,15.2927
15.3125,0.955963,0.406165,-1.09568,0,0,0,0,42,43,0,0,0,0,0,traj_sz=100
15.3126,0.955963,0.406165,-1.09568,1.00132,0.323471,-0.890435,0.115506,42,44,0.0942831,0.111537,0.265881,1.80966,0,15.3126
15.3324,0.957554,0.402836,-1.08813,0,0,0,0,42,44,0,0,0,0,0,traj_sz=100
15.3325,0.957554,0.402836,-1.08813,1.00132,0.323471,-0.890435,0.115506,42,44,0.0906119,0.110069,0.256778,1.81004,0,15.3325
15.3526,0.958495,0.400911,-1.08409,0,0,0,0,42,44,0,0,0,0,0,traj_sz=100
15.3527,0.958495,0.400911,-1.08409,1.00132,0.323471,-0.890435,0.115506,42,44,0.0884772,0.110174,0.251823,1.81025,0,15.3527
15.3724,0.95972,0.39886,-1.08183,0,0,0,0,42,44,0,0,0,0,0,traj_sz=100
15.3726,0.95972,0.39886,-1.08183,1.00132,0.323471,-0.890435,0.115506,42,44,0.0860951,0.110005,0.24733,1.81028,0,15.3726
15.3924,0.960229,0.397756,-1.07861,0,0,0,0,42,44,0,0,0,0,0,traj_sz=100
15.3925,0.960229,0.397756,-1.07861,1.00132,0.323471,-0.890435,0.115506,42,44,0.0848855,0.111007,0.243272,1.81043,0,15.3925
15.4125,0.960795,0.396743,-1.07639,0,0,0,0,42,44,0,0,0,0,0,traj_sz=100
15.4126,0.960795,0.396743,-1.07639,1.00132,0.323471,-0.890435,0.115506,42,44,0.0837272,0.112095,0.239577,1.81048,0,15.4126
15.4324,0.962601,0.393465,-1.06875,0,0,0,0,42,44,0,0,0,0,0,traj_sz=100
15.4326,0.962601,0.393465,-1.06875,1.00132,0.323471,-0.890435,0.115506,42,44,0.0799887,0.110673,0.22713,1.81068,0,15.4326
15.4525,0.963818,0.391219,-1.06357,0,0,0,0,42,44,0,0,0,0,0,traj_sz=100
15.4526,0.963818,0.391219,-1.06357,1.00132,0.323471,-0.890435,0.115506,42,44,0.077435,0.110447,0.218957,1.81083,0,15.4526
15.4725,0.964972,0.388975,-1.0574,0,0,0,0,42,44,0,0,0,0,0,traj_sz=100
15.4726,0.964972,0.388975,-1.0574,1.00132,0.323471,-0.890435,0.115506,42,44,0.0749114,0.110256,0.209815,1.81104,0,15.4726
15.4925,0.965582,0.387892,-1.05492,0,0,0,0,42,44,0,0,0,0,0,traj_sz=100
15.4926,0.965582,0.387892,-1.05492,1.00132,0.323471,-0.890435,0.115506,42,44,0.0736667,0.111333,0.205618,1.8111,0,15.4926
15.5124,0.966197,0.386771,-1.05178,0,0,0,0,42,44,0,0,0,0,0,traj_sz=100
15.5125,0.966197,0.386771,-1.05178,1.00132,0.323471,-0.890435,0.115506,42,44,0.0723857,0.112371,0.200445,1.81118,0,15.5125
15.5323,0.967961,0.38353,-1.04337,0,0,0,0,42,44,0,0,0,0,0,traj_sz=100
15.5326,0.967961,0.38353,-1.04337,1.00132,0.323471,-0.890435,0.115506,42,44,0.0686871,0.11101,0.186883,1.81141,0,15.5326
15.5525,0.969284,0.381368,-1.03976,0,0,0,0,42,44,0,0,0,0,0,traj_sz=100
15.5526,0.969284,0.381368,-1.03976,1.00132,0.323471,-0.890435,0.115506,42,44,0.0661478,0.110805,0.179531,1.81145,0,15.5526
15.5724,0.970457,0.37914,-1.03356,0,0,0,0,42,44,0,0,0,0,0,traj_sz=100
15.5725,0.970457,0.37914,-1.03356,1.00132,0.323471,-0.890435,0.115506,42,44,0.0636215,0.110609,0.169963,1.81165,0,15.5725
15.5924,0.971161,0.378078,-1.03122,0,0,0,0,42,44,0,0,0,0,0,traj_sz=100
15.5926,0.971161,0.378078,-1.03122,1.00132,0.323471,-0.890435,0.115506,42,44,0.0623438,0.111662,0.164637,1.81162,0,15.5926
15.6125,0.97184,0.376964,-1.02909,0,0,0,0,42,44,0,0,0,0,0,traj_sz=100
15.6126,0.97184,0.376964,-1.02909,1.00132,0.323471,-0.890435,0.115506,42,44,0.0610341,0.112688,0.160408,1.81165,0,15.6126
15.6324,0.973724,0.373707,-1.02147,0,0,0,0,42,44,0,0,0,0,0,traj_sz=100
15.6326,0.973724,0.373707,-1.02147,1.00132,0.323471,-0.890435,0.115506,43,44,0.0572536,0.111248,0.275613,1.81181,0,15.6326
15.6524,0.975122,0.371542,-1.01799,0,0,0,0,43,44,0,0,0,0,0,traj_sz=100
15.6526,0.975122,0.371542,-1.01799,1.02798,0.290531,-0.803099,0.119279,43,45,0.0966994,0.11099,0.270393,1.8118,0,15.6526
15.6724,0.976455,0.369315,-1.01449,0,0,0,0,43,45,0,0,0,0,0,traj_sz=100
15.6725,0.976455,0.369315,-1.01449,1.02798,0.290531,-0.803099,0.119279,43,45,0.094112,0.110705,0.266465,1.81189,0,15.6725
15.6926,0.977047,0.368304,-1.01195,0,0,0,0,43,45,0,0,0,0,0,traj_sz=100
15.6927,0.977047,0.368304,-1.01195,1.02798,0.290531,-0.803099,0.119279,43,45,0.0929464,0.111879,0.263143,1.81194,0,15.6927
15.7124,0.977672,0.36724,-1.01039,0,0,0,0,43,45,0,0,0,0,0,traj_sz=100
15.7125,0.977672,0.36724,-1.01039,1.02798,0.290531,-0.803099,0.119279,43,45,0.0917156,0.112948,0.261608,1.81199,0,15.7125
15.7323,0.979295,0.364502,-1.0033,0,0,0,0,43,45,0,0,0,0,0,traj_sz=100
15.7324,0.979295,0.364502,-1.0033,1.02798,0.290531,-0.803099,0.119279,43,45,0.0885457,0.112076,0.251952,1.81211,0,15.7324
15.7524,0.98052,0.362454,-1.0007,0,0,0,0,43,45,0,0,0,0,0,traj_sz=100
15.7525,0.98052,0.362454,-1.0007,1.02798,0.290531,-0.803099,0.119279,43,45,0.0861628,0.112026,0.249488,1.8122,0,15.7525
15.7723,0.98148,0.360355,-0.993516,0,0,0,0,43,45,0,0,0,0,0,traj_sz=100
15.7724,0.98148,0.360355,-0.993516,1.02798,0.290531,-0.803099,0.119279,43,45,0.0838863,0.112058,0.242453,1.81254,0,15.7724
15.7924,0.982335,0.359448,-0.993534,0,0,0,0,43,45,0,0,0,0,0,traj_sz=100
15.7925,0.982335,0.359448,-0.993534,1.02798,0.290531,-0.803099,0.119279,43,45,0.0826595,0.113234,0.239582,1.81232,0,15.7925
15.8123,0.983041,0.3584,-0.990864,0,0,0,0,43,45,0,0,0,0,0,traj_sz=100
15.8124,0.983041,0.3584,-0.990864,1.02798,0.290531,-0.803099,0.119279,43,45,0.0813976,0.114382,0.234918,1.8123,0,15.8124
15.8324,0.985081,0.355061,-0.982389,0,0,0,0,43,45,0,0,0,0,0,traj_sz=100
15.8324,0.985081,0.355061,-0.982389,1.02798,0.290531,-0.803099,0.119279,43,45,0.0774882,0.112899,0.222705,1.81242,0,15.8324
15.8524,0.986614,0.353031,-0.97901,0,0,0,0,43,45,0,0,0,0,0,traj_sz=100
15.8526,0.986614,0.353031,-0.97901,1.02798,0.290531,-0.803099,0.119279,43,45,0.0749472,0.112794,0.214853,1.81226,0,15.8526
15.8726,0.988093,0.350728,-0.973605,0,0,0,0,43,45,0,0,0,0,0,traj_sz=100
15.8728,0.988093,0.350728,-0.973605,1.02798,0.290531,-0.803099,0.119279,43,45,0.0722076,0.112501,0.206337,1.81229,0,15.8728
15.8924,0.988901,0.349584,-0.969519,0,0,0,0,43,45,0,0,0,0,0,traj_sz=100
15.8925,0.988901,0.349584,-0.969519,1.02798,0.290531,-0.803099,0.119279,43,45,0.0708027,0.113494,0.198672,1.81225,0,15.8925
15.9123,0.989614,0.348538,-0.967513,0,0,0,0,43,45,0,0,0,0,0,traj_sz=100
15.9125,0.989614,0.348538,-0.967513,1.02798,0.290531,-0.803099,0.119279,43,45,0.069534,0.114643,0.195107,1.81223,0,15.9125
15.9323,0.991828,0.345433,-0.959908,0,0,0,0,43,45,0,0,0,0,0,traj_sz=100
15.9324,0.991828,0.345433,-0.959908,1.02798,0.290531,-0.803099,0.119279,43,45,0.0657087,0.113236,0.180326,1.81211,0,15.9324
15.9524,0.993332,0.34314,-0.95334,0,0,0,0,43,45,0,0,0,0,0,traj_sz=100
15.9525,0.993332,0.34314,-0.95334,1.02798,0.290531,-0.803099,0.119279,43,45,0.0629547,0.11293,0.169321,1.81213,0,15.9525
15.9725,0.99493,0.341075,-0.949084,0,0,0,0,43,45,0,0,0,0,0,traj_sz=100
15.9726,0.99493,0.341075,-0.949084,1.02798,0.290531,-0.803099,0.119279,44,45,0.0603352,0.112745,0.296461,1.81195,0,15.9726
15.9924,0.995611,0.339999,-0.945804,0,0,0,0,44,45,0,0,0,0,0,traj_sz=100
15.9925,0.995611,0.339999,-0.945804,1.02798,0.290531,-0.803099,0.119279,44,45,0.0590561,0.113883,0.292769,1.81198,0,15.9925
16.0124,0.996422,0.338966,-0.944459,0,0,0,0,44,45,0,0,0,0,0,traj_sz=100
16.0126,0.996422,0.338966,-0.944459,1.02798,0.290531,-0.803099,0.119279,44,45,0.0577401,0.115001,0.290632,1.81189,0,16.0126
16.0326,0.998614,0.335941,-0.936807,0,0,0,0,44,45,0,0,0,0,0,traj_sz=100
16.0327,0.998614,0.335941,-0.936807,1.05837,0.259045,-0.708179,0.122489,44,46,0.0973505,0.113692,0.279844,1.81176,0,16.0327
16.0524,0.999906,0.33397,-0.931099,0,0,0,0,44,46,0,0,0,0,0,traj_sz=100
16.0525,0.999906,0.33397,-0.931099,1.05837,0.259045,-0.708179,0.122489,44,46,0.0950106,0.113734,0.273107,1.81179,0,16.0525
16.0724,1.00119,0.332461,-0.927289,0,0,0,0,44,46,0,0,0,0,0,traj_sz=100
16.0725,1.00119,0.332461,-0.927289,1.05837,0.259045,-0.708179,0.122489,44,46,0.0930423,0.114175,0.265543,1.81158,0,16.0725
16.0924,1.0019,0.33159,-0.927137,0,0,0,0,44,46,0,0,0,0,0,traj_sz=100
16.0925,1.0019,0.33159,-0.927137,1.05837,0.259045,-0.708179,0.122489,44,46,0.0919212,0.115458,0.265241,1.81148,0,16.0925
16.1124,1.00262,0.330551,-0.925836,0,0,0,0,44,46,0,0,0,0,0,traj_sz=100
16.1126,1.00262,0.330551,-0.925836,1.05837,0.259045,-0.708179,0.122489,44,46,0.0906566,0.116617,0.264237,1.81147,0,16.1126
16.1325,1.00492,0.327858,-0.920834,0,0,0,0,44,46,0,0,0,0,0,traj_sz=100
16.1326,1.00492,0.327858,-0.920834,1.05837,0.259045,-0.708179,0.122489,44,46,0.0871303,0.115493,0.253878,1.81109,0,16.1326
16.1524,1.00646,0.325736,-0.915151,0,0,0,0,44,46,0,0,0,0,0,traj_sz=100
16.1526,1.00646,0.325736,-0.915151,1.05837,0.259045,-0.708179,0.122489,44,46,0.0845136,0.115322,0.24574,1.81102,0,16.1526
16.1725,1.00812,0.323779,-0.909628,0,0,0,0,44,46,0,0,0,0,0,traj_sz=100
16.1727,1.00812,0.323779,-0.909628,1.05837,0.259045,-0.708179,0.122489,44,46,0.0819455,0.115258,0.234786,1.81075,0,16.1727
16.1924,1.009,0.322841,-0.907512,0,0,0,0,44,46,0,0,0,0,0,traj_sz=100
16.1925,1.009,0.322841,-0.907512,1.05837,0.259045,-0.708179,0.122489,44,46,0.0806678,0.116449,0.22965,1.81056,0,16.1925
16.2123,1.00968,0.321849,-0.904823,0,0,0,0,44,46,0,0,0,0,0,traj_sz=100
16.2124,1.00968,0.321849,-0.904823,1.05837,0.259045,-0.708179,0.122489,44,46,0.0794636,0.117726,0.22618,1.81056,0,16.2124
16.2325,1.01207,0.318938,-0.896758,0,0,0,0,44,46,0,0,0,0,0,traj_sz=100
16.2327,1.01207,0.318938,-0.896758,1.05837,0.259045,-0.708179,0.122489,44,46,0.0756909,0.11647,0.211262,1.81025,0,16.2327
16.2524,1.01374,0.316937,-0.891174,0,0,0,0,44,46,0,0,0,0,0,traj_sz=100
16.2525,1.01374,0.316937,-0.891174,1.05837,0.259045,-0.708179,0.122489,44,46,0.0730788,0.116335,0.200648,1.81002,0,16.2525
16.2724,1.01542,0.314901,-0.885373,0,0,0,0,44,46,0,0,0,0,0,traj_sz=100
16.2725,1.01542,0.314901,-0.885373,1.05837,0.259045,-0.708179,0.122489,44,46,0.0704293,0.116185,0.189861,1.80981,0,16.2725
16.2925,1.01622,0.313939,-0.882714,0,0,0,0,44,46,0,0,0,0,0,traj_sz=100
16.2925,1.01622,0.313939,-0.882714,1.05837,0.259045,-0.708179,0.122489,44,46,0.0691682,0.117428,0.184753,1.8097,0,16.2925
16.3125,1.01713,0.312915,-0.881373,0,0,0,0,44,46,0,0,0,0,0,traj_sz=100
16.3127,1.01713,0.312915,-0.881373,1.05837,0.259045,-0.708179,0.122489,44,46,0.0678008,0.118563,0.181464,1.80955,0,16.3127
16.3324,1.01971,0.309978,-0.875096,0,0,0,0,44,46,0,0,0,0,0,traj_sz=100
16.3325,1.01971,0.309978,-0.875096,1.05837,0.259045,-0.708179,0.122489,45,46,0.0638776,0.117123,0.313296,1.80912,0,16.3325
16.3524,1.0215,0.307972,-0.871745,0,0,0,0,45,46,0,0,0,0,0,traj_sz=100
16.3525,1.0215,0.307972,-0.871745,1.05837,0.259045,-0.708179,0.122489,45,46,0.0611758,0.11691,0.308788,1.80881,0,16.3525
16.3723,1.02319,0.305942,-0.867327,0,0,0,0,45,46,0,0,0,0,0,traj_sz=100
16.3724,1.02319,0.305942,-0.867327,1.0925,0.229816,-0.606101,0.124696,45,47,0.102887,0.116746,0.303742,1.8086,0,16.3724
16.3924,1.02404,0.304966,-0.86525,0,0,0,0,45,47,0,0,0,0,0,traj_sz=100
16.3925,1.02404,0.304966,-0.86525,1.0925,0.229816,-0.606101,0.124696,45,47,0.101602,0.117955,0.301013,1.80847,0,16.3925
16.4124,1.02481,0.303922,-0.862352,0,0,0,0,45,47,0,0,0,0,0,traj_sz=100
16.4126,1.02481,0.303922,-0.862352,1.0925,0.229816,-0.606101,0.124696,45,47,0.100315,0.119149,0.298335,1.80844,0,16.4126
16.4325,1.02714,0.3012,-0.856393,0,0,0,0,45,47,0,0,0,0,0,traj_sz=100
16.4326,1.02714,0.3012,-0.856393,1.0925,0.229816,-0.606101,0.124696,45,47,0.0967492,0.118052,0.290809,1.80812,0,16.4326
16.4525,1.02849,0.299609,-0.854316,0,0,0,0,45,47,0,0,0,0,0,traj_sz=100
16.4526,1.02849,0.299609,-0.854316,1.0925,0.229816,-0.606101,0.124696,45,47,0.0946684,0.118451,0.28908,1.80794,0,16.4526
16.4724,1.03006,0.297773,-0.849956,0,0,0,0,45,47,0,0,0,0,0,traj_sz=100
16.4725,1.03006,0.297773,-0.849956,1.0925,0.229816,-0.606101,0.124696,45,47,0.0922611,0.118504,0.283397,1.80773,0,16.4725
16.4925,1.03078,0.296952,-0.846697,0,0,0,0,45,47,0,0,0,0,0,traj_sz=100
16.4928,1.03078,0.296952,-0.846697,1.0925,0.229816,-0.606101,0.124696,45,47,0.0911765,0.119921,0.278332,1.80763,0,16.4928
16.5124,1.03154,0.296066,-0.843924,0,0,0,0,45,47,0,0,0,0,0,traj_sz=100
16.5125,1.03154,0.296066,-0.843924,1.0925,0.229816,-0.606101,0.124696,45,47,0.0900158,0.121218,0.274393,1.80753,0,16.5125
16.5324,1.03388,0.293378,-0.835439,0,0,0,0,45,47,0,0,0,0,0,traj_sz=100
16.5325,1.03388,0.293378,-0.835439,1.0925,0.229816,-0.606101,0.124696,45,47,0.0864592,0.12018,0.261819,1.80719,0,16.5325
16.5525,1.03556,0.29164,-0.831718,0,0,0,0,45,47,0,0,0,0,0,traj_sz=100
16.5527,1.03556,0.29164,-0.831718,1.0925,0.229816,-0.606101,0.124696,45,47,0.0840474,0.120316,0.255129,1.80685,0,16.5527
16.5724,1.03714,0.289721,-0.825532,0,0,0,0,45,47,0,0,0,0,0,traj_sz=100
16.5725,1.03714,0.289721,-0.825532,1.0925,0.229816,-0.606101,0.124696,45,47,0.0815689,0.12035,0.246969,1.8067,0,16.5725
16.5925,1.03801,0.288914,-0.823309,0,0,0,0,45,47,0,0,0,0,0,traj_sz=100
16.5928,1.03801,0.288914,-0.823309,1.0925,0.229816,-0.606101,0.124696,45,47,0.0803866,0.121719,0.241987,1.80647,0,16.5928
16.6124,1.03889,0.287952,-0.820487,0,0,0,0,45,47,0,0,0,0,0,traj_sz=100
16.6125,1.03889,0.287952,-0.820487,1.0925,0.229816,-0.606101,0.124696,45,47,0.079081,0.122923,0.237425,1.80632,0,16.6125
16.6325,1.04146,0.285096,-0.812623,0,0,0,0,45,47,0,0,0,0,0,traj_sz=100
16.6326,1.04146,0.285096,-0.812623,1.0925,0.229816,-0.606101,0.124696,45,47,0.0752356,0.121625,0.225287,1.80593,0,16.6326
16.6525,1.0433,0.283168,-0.80651,0,0,0,0,45,47,0,0,0,0,0,traj_sz=100
16.6526,1.0433,0.283168,-0.80651,1.0925,0.229816,-0.606101,0.124696,45,47,0.0725625,0.121494,0.214514,1.80558,0,16.6526
16.6725,1.04507,0.281192,-0.799384,0,0,0,0,45,47,0,0,0,0,0,traj_sz=100
16.6727,1.04507,0.281192,-0.799384,1.0925,0.229816,-0.606101,0.124696,45,47,0.0698955,0.121378,0.203085,1.80531,0,16.6727
16.6924,1.04602,0.280408,-0.798691,0,0,0,0,45,47,0,0,0,0,0,traj_sz=100
16.6925,1.04602,0.280408,-0.798691,1.0925,0.229816,-0.606101,0.124696,45,47,0.068672,0.122653,0.19979,1.80502,0,16.6925
16.7125,1.04691,0.279399,-0.795217,0,0,0,0,45,47,0,0,0,0,0,traj_sz=100
16.7126,1.04691,0.279399,-0.795217,1.0925,0.229816,-0.606101,0.124696,45,47,0.0673204,0.123858,0.194428,1.8049,0,16.7126
16.7325,1.04988,0.276485,-0.78636,0,0,0,0,45,47,0,0,0,0,0,traj_sz=100
16.7326,1.04988,0.276485,-0.78636,1.0925,0.229816,-0.606101,0.124696,46,47,0.0631417,0.122226,0.335771,1.80424,0,16.7326
16.7524,1.05182,0.274522,-0.779835,0,0,0,0,46,47,0,0,0,0,0,traj_sz=100
16.7525,1.05182,0.274522,-0.779835,1.1301,0.203755,-0.497972,0.12563,46,48,0.105417,0.12198,0.327399,1.80385,0,16.7525
16.7724,1.05398,0.27259,-0.775366,0,0,0,0,46,48,0,0,0,0,0,traj_sz=100
16.7725,1.05398,0.27259,-0.775366,1.1301,0.203755,-0.497972,0.12563,46,48,0.102545,0.121605,0.320327,1.80327,0,16.7725
16.7924,1.05497,0.271466,-0.771306,0,0,0,0,46,48,0,0,0,0,0,traj_sz=100
16.7926,1.05497,0.271466,-0.771306,1.1301,0.203755,-0.497972,0.12563,46,48,0.101066,0.122652,0.316143,1.80315,0,16.7926
16.8124,1.05599,0.270535,-0.769515,0,0,0,0,46,48,0,0,0,0,0,traj_sz=100
16.8126,1.05599,0.270535,-0.769515,1.1301,0.203755,-0.497972,0.12563,46,48,0.099691,0.123785,0.313571,1.80289,0,16.8126
16.8325,1.05865,0.267681,-0.760326,0,0,0,0,46,48,0,0,0,0,0,traj_sz=100
16.8326,1.05865,0.267681,-0.760326,1.1301,0.203755,-0.497972,0.12563,46,48,0.0958304,0.122427,0.303654,1.80247,0,16.8326
16.8524,1.06038,0.266224,-0.759002,0,0,0,0,46,48,0,0,0,0,0,traj_sz=100
16.8525,1.06038,0.266224,-0.759002,1.1301,0.203755,-0.497972,0.12563,46,48,0.0935725,0.122667,0.300941,1.80196,0,16.8525
16.8725,1.06221,0.264144,-0.753061,0,0,0,0,46,48,0,0,0,0,0,traj_sz=100
16.8727,1.06221,0.264144,-0.753061,1.1301,0.203755,-0.497972,0.12563,46,48,0.090833,0.122468,0.296136,1.80176,0,16.8727
16.8924,1.06337,0.263278,-0.750701,0,0,0,0,46,48,0,0,0,0,0,traj_sz=100
16.8926,1.06337,0.263278,-0.750701,1.1301,0.203755,-0.497972,0.12563,46,48,0.0893972,0.123539,0.290419,1.80135,0,16.8926
16.9125,1.06447,0.262386,-0.747814,0,0,0,0,46,48,0,0,0,0,0,traj_sz=100
16.9126,1.06447,0.262386,-0.747814,1.1301,0.203755,-0.497972,0.12563,46,48,0.0879933,0.124669,0.284688,1.80102,0,16.9126
16.9324,1.06742,0.25911,-0.734168,0,0,0,0,46,48,0,0,0,0,0,traj_sz=100
16.9326,1.06742,0.25911,-0.734168,1.1301,0.203755,-0.497972,0.12563,46,48,0.0836153,0.122825,0.268587,1.80064,0,16.9326
16.9525,1.06959,0.257224,-0.727336,0,0,0,0,46,48,0,0,0,0,0,traj_sz=100
16.9526,1.06959,0.257224,-0.727336,1.1301,0.203755,-0.497972,0.12563,46,48,0.0807489,0.122498,0.256652,1.80007,0,16.9526
16.9725,1.07155,0.255327,-0.719698,0,0,0,0,46,48,0,0,0,0,0,traj_sz=100
16.9727,1.07155,0.255327,-0.719698,1.1301,0.203755,-0.497972,0.12563,46,48,0.0780226,0.122328,0.245372,1.79966,0,16.9727
16.9925,1.07266,0.254547,-0.71755,0,0,0,0,46,48,0,0,0,0,0,traj_sz=100
16.9927,1.07266,0.254547,-0.71755,1.1301,0.203755,-0.497972,0.12563,46,48,0.0766705,0.123506,0.239529,1.79925,0,16.9927
17.0125,1.07361,0.253515,-0.712808,0,0,0,0,46,48,0,0,0,0,0,traj_sz=100
17.0126,1.07361,0.253515,-0.712808,1.1301,0.203755,-0.497972,0.12563,46,48,0.0752783,0.124655,0.233549,1.79913,0,17.0126
17.0324,1.07666,0.250833,-0.701847,0,0,0,0,46,48,0,0,0,0,0,traj_sz=100
17.0328,1.07666,0.250833,-0.701847,1.1301,0.203755,-0.497972,0.12563,46,48,0.0712039,0.123154,0.214596,1.79835,0,17.0328
17.0526,1.07873,0.248996,-0.694523,0,0,0,0,46,48,0,0,0,0,0,traj_sz=100
17.0527,1.07873,0.248996,-0.694523,1.1301,0.203755,-0.497972,0.12563,46,48,0.0684236,0.122921,0.202122,1.79783,0,17.0527
17.0724,1.08074,0.247261,-0.687787,0,0,0,0,46,48,0,0,0,0,0,traj_sz=100
17.0726,1.08074,0.247261,-0.687787,1.1301,0.203755,-0.497972,0.12563,47,48,0.0657584,0.12279,0.3491,1.79731,0,17.0726
17.0924,1.08184,0.246431,-0.686485,0,0,0,0,47,48,0,0,0,0,0,traj_sz=100
17.0926,1.08184,0.246431,-0.686485,1.1301,0.203755,-0.497972,0.12563,47,48,0.0643776,0.123943,0.3491,1.79695,0,17.0926
17.1124,1.08297,0.245645,-0.685107,0,0,0,0,47,48,0,0,0,0,0,traj_sz=100
17.1125,1.08297,0.245645,-0.685107,1.1301,0.203755,-0.497972,0.12563,47,48,0.062998,0.125094,0.3491,1.79654,0,17.1125
17.1324,1.08593,0.242955,-0.673914,0,0,0,0,47,48,0,0,0,0,0,traj_sz=100
17.1326,1.08593,0.242955,-0.673914,1.17059,0.181741,-0.385489,0.12563,47,49,0.104353,0.12366,0.339836,1.79587,0,17.1326
17.1524,1.08802,0.241213,-0.668731,0,0,0,0,47,49,0,0,0,0,0,traj_sz=100
17.1525,1.08802,0.241213,-0.668731,1.17059,0.181741,-0.385489,0.12563,47,49,0.101659,0.12346,0.334133,1.7953,0,17.1525
17.1724,1.08968,0.239829,-0.663573,0,0,0,0,47,49,0,0,0,0,0,traj_sz=100
17.1725,1.08968,0.239829,-0.663573,1.17059,0.181741,-0.385489,0.12563,47,49,0.0995219,0.12384,0.327738,1.79485,0,17.1725
17.1925,1.09049,0.239371,-0.663286,0,0,0,0,47,49,0,0,0,0,0,traj_sz=100
17.1927,1.09049,0.239371,-0.663286,1.17059,0.181741,-0.385489,0.12563,47,49,0.0985974,0.12546,0.325893,1.79449,0,17.1927
17.2125,1.09138,0.238597,-0.662573,0,0,0,0,47,49,0,0,0,0,0,traj_sz=100
17.2126,1.09138,0.238597,-0.662573,1.17059,0.181741,-0.385489,0.12563,47,49,0.0974213,0.126798,0.326531,1.79427,0,17.2126
17.2324,1.09436,0.236015,-0.652787,0,0,0,0,47,49,0,0,0,0,0,traj_sz=100
17.2325,1.09436,0.236015,-0.652787,1.17059,0.181741,-0.385489,0.12563,47,49,0.0935237,0.125392,0.315321,1.79354,0,17.2325
17.2524,1.0965,0.234547,-0.646354,0,0,0,0,47,49,0,0,0,0,0,traj_sz=100
17.2525,1.0965,0.234547,-0.646354,1.17059,0.181741,-0.385489,0.12563,47,49,0.0909525,0.125322,0.303583,1.79278,0,17.2525
17.2724,1.09853,0.232848,-0.638536,0,0,0,0,47,49,0,0,0,0,0,traj_sz=100
17.2725,1.09853,0.232848,-0.638536,1.17059,0.181741,-0.385489,0.12563,47,49,0.0883245,0.125197,0.293088,1.79225,0,17.2725
17.2925,1.09959,0.23206,-0.634804,0,0,0,0,47,49,0,0,0,0,0,traj_sz=100
17.2926,1.09959,0.23206,-0.634804,1.17059,0.181741,-0.385489,0.12563,47,49,0.0870044,0.126387,0.286978,1.79191,0,17.2926
17.3124,1.10067,0.231418,-0.631196,0,0,0,0,47,49,0,0,0,0,0,traj_sz=100
17.3125,1.10067,0.231418,-0.631196,1.17059,0.181741,-0.385489,0.12563,47,49,0.085763,0.127635,0.279205,1.79147,0,17.3125
17.3324,1.10409,0.228705,-0.618515,0,0,0,0,47,49,0,0,0,0,0,traj_sz=100
17.3325,1.10409,0.228705,-0.618515,1.17059,0.181741,-0.385489,0.12563,47,49,0.081412,0.125797,0.26062,1.79049,0,17.3325
17.3525,1.10645,0.227053,-0.610161,0,0,0,0,47,49,0,0,0,0,0,traj_sz=100
17.3527,1.10645,0.227053,-0.610161,1.17059,0.181741,-0.385489,0.12563,47,49,0.0785276,0.125443,0.245746,1.78969,0,17.3527
17.3725,1.10891,0.225422,-0.601868,0,0,0,0,47,49,0,0,0,0,0,traj_sz=100
17.3726,1.10891,0.225422,-0.601868,1.17059,0.181741,-0.385489,0.12563,47,49,0.0755725,0.124998,0.229923,1.7888,0,17.3726
17.3925,1.11016,0.224508,-0.599512,0,0,0,0,47,49,0,0,0,0,0,traj_sz=100
17.3927,1.11016,0.224508,-0.599512,1.17059,0.181741,-0.385489,0.12563,47,49,0.0740199,0.125964,0.226242,1.7884,0,17.3927
17.4125,1.11137,0.223781,-0.595795,0,0,0,0,47,49,0,0,0,0,0,traj_sz=100
17.4126,1.11137,0.223781,-0.595795,1.17059,0.181741,-0.385489,0.12563,47,49,0.072612,0.127068,0.218245,1.78792,0,17.4126
17.4325,1.11493,0.221468,-0.588659,0,0,0,0,47,49,0,0,0,0,0,traj_sz=100
17.4326,1.11493,0.221468,-0.588659,1.17059,0.181741,-0.385489,0.12563,48,49,0.068351,0.125318,0.3491,1.78662,0,17.4326
17.4524,1.11722,0.220047,-0.582666,0,0,0,0,48,49,0,0,0,0,0,traj_sz=100
17.4526,1.11722,0.220047,-0.582666,1.17059,0.181741,-0.385489,0.12563,48,49,0.0656392,0.125123,0.3491,1.78574,0,17.4526
17.4724,1.11956,0.218366,-0.575242,0,0,0,0,48,49,0,0,0,0,0,traj_sz=100
17.4725,1.11956,0.218366,-0.575242,1.2133,0.16441,-0.270356,0.12563,48,50,0.108004,0.124749,0.3491,1.78499,0,17.4725
17.4923,1.12061,0.217951,-0.570956,0,0,0,0,48,50,0,0,0,0,0,traj_sz=100
17.4924,1.12061,0.217951,-0.570956,1.2133,0.16441,-0.270356,0.12563,48,50,0.106921,0.126126,0.346823,1.78444,0,17.4924
17.5124,1.12188,0.217016,-0.570929,0,0,0,0,48,50,0,0,0,0,0,traj_sz=100
17.5125,1.12188,0.217016,-0.570929,1.2133,0.16441,-0.270356,0.12563,48,50,0.105352,0.127069,0.3491,1.78406,0,17.5125
17.5324,1.12469,0.215044,-0.560755,0,0,0,0,48,50,0,0,0,0,0,traj_sz=100
17.5325,1.12469,0.215044,-0.560755,1.2133,0.16441,-0.270356,0.12563,48,50,0.10197,0.12615,0.337583,1.78315,0,17.5325
17.5523,1.12666,0.214164,-0.560409,0,0,0,0,48,50,0,0,0,0,0,traj_sz=100
17.5524,1.12666,0.214164,-0.560409,1.2133,0.16441,-0.270356,0.12563,48,50,0.099831,0.126485,0.334408,1.78218,0,17.5524
17.5723,1.12849,0.212667,-0.552925,0,0,0,0,48,50,0,0,0,0,0,traj_sz=100
17.5724,1.12849,0.212667,-0.552925,1.2133,0.16441,-0.270356,0.12563,48,50,0.0975133,0.126649,0.32755,1.78173,0,17.5724
17.5924,1.1296,0.211934,-0.551217,0,0,0,0,48,50,0,0,0,0,0,traj_sz=100
17.5925,1.1296,0.211934,-0.551217,1.2133,0.16441,-0.270356,0.12563,48,50,0.0961926,0.127834,0.326194,1.78134,0,17.5925
17.6125,1.13069,0.211527,-0.546959,0,0,0,0,48,50,0,0,0,0,0,traj_sz=100
17.6126,1.13069,0.211527,-0.546959,1.2133,0.16441,-0.270356,0.12563,48,50,0.0950625,0.129179,0.316078,1.78077,0,17.6126
17.6323,1.13412,0.209168,-0.534497,0,0,0,0,48,50,0,0,0,0,0,traj_sz=100
17.6324,1.13412,0.209168,-0.534497,1.2133,0.16441,-0.270356,0.12563,48,50,0.0909367,0.127485,0.300176,1.77964,0,17.6324
17.6524,1.13642,0.207853,-0.527696,0,0,0,0,48,50,0,0,0,0,0,traj_sz=100
17.6525,1.13642,0.207853,-0.527696,1.2133,0.16441,-0.270356,0.12563,48,50,0.0882951,0.12732,0.288753,1.77872,0,17.6525
17.6725,1.13891,0.206564,-0.521903,0,0,0,0,48,50,0,0,0,0,0,traj_sz=100
17.6726,1.13891,0.206564,-0.521903,1.2133,0.16441,-0.270356,0.12563,48,50,0.0855023,0.126996,0.277498,1.77764,0,17.6726
17.6924,1.14004,0.205799,-0.515224,0,0,0,0,48,50,0,0,0,0,0,traj_sz=100
17.6925,1.14004,0.205799,-0.515224,1.2133,0.16441,-0.270356,0.12563,48,50,0.0841425,0.128102,0.26745,1.77727,0,17.6925
17.7125,1.14125,0.204906,-0.510097,0,0,0,0,48,50,0,0,0,0,0,traj_sz=100
17.7126,1.14125,0.204906,-0.510097,1.2133,0.16441,-0.270356,0.12563,48,50,0.0826504,0.129103,0.261331,1.77692,0,17.7126
17.7325,1.14522,0.202733,-0.500217,0,0,0,0,48,50,0,0,0,0,0,traj_sz=100
17.7326,1.14522,0.202733,-0.500217,1.2133,0.16441,-0.270356,0.12563,48,50,0.0781183,0.127051,0.243737,1.77529,0,17.7326
17.7524,1.14772,0.2013,-0.489621,0,0,0,0,48,50,0,0,0,0,0,traj_sz=100
17.7525,1.14772,0.2013,-0.489621,1.2133,0.16441,-0.270356,0.12563,48,50,0.0752253,0.126638,0.225647,1.77431,0,17.7525
17.7724,1.15044,0.199852,-0.484812,0,0,0,0,48,50,0,0,0,0,0,traj_sz=100
17.7725,1.15044,0.199852,-0.484812,1.2133,0.16441,-0.270356,0.12563,48,50,0.0721329,0.126025,0.216576,1.77318,0,17.7725
17.7924,1.15183,0.199322,-0.485555,0,0,0,0,48,50,0,0,0,0,0,traj_sz=100
17.7925,1.15183,0.199322,-0.485555,1.2133,0.16441,-0.270356,0.12563,48,50,0.0706571,0.127012,0.214928,1.77246,0,17.7925
17.8124,1.15307,0.198469,-0.478746,0,0,0,0,48,50,0,0,0,0,0,traj_sz=100
17.8125,1.15307,0.198469,-0.478746,1.2133,0.16441,-0.270356,0.12563,48,50,0.0691453,0.12799,0.205016,1.77207,0,17.8125
17.8324,1.15697,0.196749,-0.47311,0,0,0,0,48,50,0,0,0,0,0,traj_sz=100
17.8325,1.15697,0.196749,-0.47311,1.2133,0.16441,-0.270356,0.12563,49,50,0.06488,0.126202,0.3491,1.77023,0,17.8325
17.8524,1.1594,0.195212,-0.465854,0,0,0,0,49,50,0,0,0,0,0,traj_sz=100
17.8525,1.1594,0.195212,-0.465854,1.25772,0.152101,-0.153599,0.12563,49,51,0.107204,0.125813,0.3491,1.76939,0,17.8525
17.8724,1.16198,0.193874,-0.460231,0,0,0,0,49,51,0,0,0,0,0,traj_sz=100
17.8725,1.16198,0.193874,-0.460231,1.25772,0.152101,-0.153599,0.12563,49,51,0.104336,0.125389,0.3491,1.76832,0,17.8725
17.8924,1.16318,0.193439,-0.455729,0,0,0,0,49,51,0,0,0,0,0,traj_sz=100
17.8925,1.16318,0.193439,-0.455729,1.25772,0.152101,-0.153599,0.12563,49,51,0.103082,0.12657,0.348847,1.76769,0,17.8925
17.9126,1.16446,0.192659,-0.454899,0,0,0,0,49,51,0,0,0,0,0,traj_sz=100
17.9127,1.16446,0.192659,-0.454899,1.25772,0.152101,-0.153599,0.12563,49,51,0.101594,0.127567,0.3491,1.76723,0,17.9127
17.9324,1.16662,0.191456,-0.44719,0,0,0,0,49,51,0,0,0,0,0,traj_sz=100
17.9325,1.16662,0.191456,-0.44719,1.25772,0.152101,-0.153599,0.12563,49,51,0.099163,0.127549,0.341675,1.76639,0,17.9325
17.9524,1.16941,0.190459,-0.442627,0,0,0,0,49,51,0,0,0,0,0,traj_sz=100
17.9525,1.16941,0.190459,-0.442627,1.25772,0.152101,-0.153599,0.12563,49,51,0.0962329,0.12705,0.331587,1.76494,0,17.9525
17.9723,1.17155,0.188875,-0.436569,0,0,0,0,49,51,0,0,0,0,0,traj_sz=100
17.9724,1.17155,0.188875,-0.436569,1.25772,0.152101,-0.153599,0.12563,49,51,0.0936388,0.126908,0.330613,1.76437,0,17.9724
17.9926,1.17274,0.188422,-0.432778,0,0,0,0,49,51,0,0,0,0,0,traj_sz=100
17.9927,1.17274,0.188422,-0.432778,1.25772,0.152101,-0.153599,0.12563,49,51,0.0923769,0.128133,0.323352,1.76377,0,17.9927
18.0124,1.17406,0.187841,-0.431168,0,0,0,0,49,51,0,0,0,0,0,traj_sz=100
18.0126,1.17406,0.187841,-0.431168,1.25772,0.152101,-0.153599,0.12563,49,51,0.0909407,0.129147,0.321099,1.76316,0,18.0126
18.0324,1.17784,0.186253,-0.418894,0,0,0,0,49,51,0,0,0,0,0,traj_sz=100
18.0325,1.17784,0.186253,-0.418894,1.25772,0.152101,-0.153599,0.12563,49,51,0.0868609,0.127501,0.299736,1.76136,0,18.0325
18.0524,1.18036,0.185056,-0.412141,0,0,0,0,49,51,0,0,0,0,0,traj_sz=100
18.0525,1.18036,0.185056,-0.412141,1.25772,0.152101,-0.153599,0.12563,49,51,0.0840851,0.127203,0.290028,1.76027,0,18.0525
18.0724,1.18296,0.183921,-0.402043,0,0,0,0,49,51,0,0,0,0,0,traj_sz=100
18.0725,1.18296,0.183921,-0.402043,1.25772,0.152101,-0.153599,0.12563,49,51,0.0812459,0.126834,0.272923,1.75907,0,18.0725
18.0924,1.18433,0.183548,-0.400841,0,0,0,0,49,51,0,0,0,0,0,traj_sz=100
18.0927,1.18433,0.183548,-0.400841,1.25772,0.152101,-0.153599,0.12563,49,51,0.0798427,0.127904,0.268246,1.75829,0,18.0927
18.1125,1.18563,0.182731,-0.393257,0,0,0,0,49,51,0,0,0,0,0,traj_sz=100
18.1126,1.18563,0.182731,-0.393257,1.25772,0.152101,-0.153599,0.12563,49,51,0.07832,0.12886,0.258602,1.75786,0,18.1126
18.1324,1.18974,0.181042,-0.380471,0,0,0,0,49,51,0,0,0,0,0,traj_sz=100
18.1325,1.18974,0.181042,-0.380471,1.25772,0.152101,-0.153599,0.12563,49,51,0.0738664,0.126884,0.235905,1.75592,0,18.1325
18.1524,1.19248,0.180292,-0.376199,0,0,0,0,49,51,0,0,0,0,0,traj_sz=100
18.1526,1.19248,0.180292,-0.376199,1.25772,0.152101,-0.153599,0.12563,49,51,0.0710354,0.126531,0.223191,1.75437,0,18.1526
18.1724,1.19497,0.179155,-0.368846,0,0,0,0,49,51,0,0,0,0,0,traj_sz=100
18.1725,1.19497,0.179155,-0.368846,1.25772,0.152101,-0.153599,0.12563,50,51,0.0682865,0.126267,0.3491,1.75328,0,18.1725
18.1925,1.19625,0.178626,-0.365088,0,0,0,0,50,51,0,0,0,0,0,traj_sz=100
18.1926,1.19625,0.178626,-0.365088,1.25772,0.152101,-0.153599,0.12563,50,51,0.0668868,0.127361,0.3491,1.75268,0,18.1926
18.2125,1.19755,0.178246,-0.362854,0,0,0,0,50,51,0,0,0,0,0,traj_sz=100
18.2126,1.19755,0.178246,-0.362854,1.25772,0.152101,-0.153599,0.12563,50,51,0.0655359,0.128469,0.3491,1.75197,0,18.2126
18.2323,1.20161,0.176711,-0.351477,0,0,0,0,50,51,0,0,0,0,0,traj_sz=100
18.2324,1.20161,0.176711,-0.351477,1.30326,0.145049,-0.0362771,0.12563,50,52,0.106339,0.126573,0.3491,1.74998,0,18.2324
18.2525,1.20394,0.17607,-0.34863,0,0,0,0,50,52,0,0,0,0,0,traj_sz=100
18.2526,1.20394,0.17607,-0.34863,1.30326,0.145049,-0.0362771,0.12563,50,52,0.103945,0.126643,0.3491,1.74868,0,18.2526
18.2725,1.20598,0.17543,-0.342984,0,0,0,0,50,52,0,0,0,0,0,traj_sz=100
18.2725,1.20598,0.17543,-0.342984,1.30326,0.145049,-0.0362771,0.12563,50,52,0.101833,0.126951,0.3491,1.7476,0,18.2725
18.2925,1.20702,0.17498,-0.339826,0,0,0,0,50,52,0,0,0,0,0,traj_sz=100
18.2926,1.20702,0.17498,-0.339826,1.30326,0.145049,-0.0362771,0.12563,50,52,0.100714,0.128287,0.346596,1.74713,0,18.2926
18.3125,1.20812,0.174695,-0.342023,0,0,0,0,50,52,0,0,0,0,0,traj_sz=100
18.3127,1.20812,0.174695,-0.342023,1.30326,0.145049,-0.0362771,0.12563,50,52,0.0995722,0.129606,0.3491,1.74651,0,18.3127
18.3324,1.212,0.173226,-0.330552,0,0,0,0,50,52,0,0,0,0,0,traj_sz=100
18.3325,1.212,0.173226,-0.330552,1.30326,0.145049,-0.0362771,0.12563,50,52,0.0954676,0.127905,0.335302,1.74463,0,18.3325
18.3526,1.21451,0.172522,-0.323468,0,0,0,0,50,52,0,0,0,0,0,traj_sz=100
18.3529,1.21451,0.172522,-0.323468,1.30326,0.145049,-0.0362771,0.12563,50,52,0.092884,0.127776,0.322682,1.74326,0,18.3529
18.3724,1.2172,0.171595,-0.316411,0,0,0,0,50,52,0,0,0,0,0,traj_sz=100
18.3725,1.2172,0.171595,-0.316411,1.30326,0.145049,-0.0362771,0.12563,50,52,0.0900505,0.127374,0.312596,1.7419,0,18.3725
18.3925,1.21849,0.17107,-0.310861,0,0,0,0,50,52,0,0,0,0,0,traj_sz=100
18.3926,1.21849,0.17107,-0.310861,1.30326,0.145049,-0.0362771,0.12563,50,52,0.0886682,0.128462,0.305027,1.74131,0,18.3926
18.4124,1.21983,0.170792,-0.309983,0,0,0,0,50,52,0,0,0,0,0,traj_sz=100
18.4125,1.21983,0.170792,-0.309983,1.30326,0.145049,-0.0362771,0.12563,50,52,0.0873075,0.129551,0.302096,1.74051,0,18.4125
18.4325,1.22358,0.169472,-0.295369,0,0,0,0,50,52,0,0,0,0,0,traj_sz=100
18.4328,1.22358,0.169472,-0.295369,1.30326,0.145049,-0.0362771,0.12563,50,52,0.0833343,0.128057,0.279821,1.73864,0,18.4328
18.4525,1.22632,0.168477,-0.286765,0,0,0,0,50,52,0,0,0,0,0,traj_sz=100
18.4526,1.22632,0.168477,-0.286765,1.30326,0.145049,-0.0362771,0.12563,50,52,0.0804271,0.127629,0.267759,1.73731,0,18.4526
18.4725,1.22892,0.167741,-0.28032,0,0,0,0,50,52,0,0,0,0,0,traj_sz=100
18.4727,1.22892,0.167741,-0.28032,1.30326,0.145049,-0.0362771,0.12563,50,52,0.0777142,0.127394,0.256367,1.73591,0,18.4727
18.4926,1.23035,0.167562,-0.27935,0,0,0,0,50,52,0,0,0,0,0,traj_sz=100
18.4927,1.23035,0.167562,-0.27935,1.30326,0.145049,-0.0362771,0.12563,50,52,0.0762877,0.128432,0.251474,1.73498,0,18.4927
18.5125,1.23165,0.166891,-0.271601,0,0,0,0,50,52,0,0,0,0,0,traj_sz=100
18.5126,1.23165,0.166891,-0.271601,1.30326,0.145049,-0.0362771,0.12563,50,52,0.0748473,0.129465,0.242045,1.73449,0,18.5126
18.5325,1.23563,0.166356,-0.265356,0,0,0,0,50,52,0,0,0,0,0,traj_sz=100
18.5327,1.23563,0.166356,-0.265356,1.30326,0.145049,-0.0362771,0.12563,50,52,0.0708492,0.127929,0.222569,1.73195,0,18.5327
18.5526,1.23823,0.16548,-0.258651,0,0,0,0,50,52,0,0,0,0,0,traj_sz=100
18.5527,1.23823,0.16548,-0.258651,1.30326,0.145049,-0.0362771,0.12563,51,52,0.0680878,0.127663,0.3491,1.73065,0,18.5527
18.5725,1.2408,0.164987,-0.251887,0,0,0,0,51,52,0,0,0,0,0,traj_sz=100
18.5727,1.2408,0.164987,-0.251887,1.30326,0.145049,-0.0362771,0.12563,51,52,0.0654544,0.127498,0.3491,1.72911,0,18.5727
18.5924,1.24211,0.164339,-0.246187,0,0,0,0,51,52,0,0,0,0,0,traj_sz=100
18.5925,1.24211,0.164339,-0.246187,1.30326,0.145049,-0.0362771,0.12563,51,52,0.0640088,0.128526,0.3491,1.72861,0,18.5925
18.6124,1.2434,0.164095,-0.244621,0,0,0,0,51,52,0,0,0,0,0,traj_sz=100
18.6126,1.2434,0.164095,-0.244621,1.30326,0.145049,-0.0362771,0.12563,51,52,0.0626923,0.129682,0.3491,1.72784,0,18.6126
18.6326,1.24712,0.162904,-0.234413,0,0,0,0,51,52,0,0,0,0,0,traj_sz=100
18.6327,1.24712,0.162904,-0.234413,1.34932,0.143378,0.0807032,0.12563,51,53,0.103939,0.128269,0.3491,1.72595,0,18.6327
18.6524,1.24912,0.162423,-0.23061,0,0,0,0,51,53,0,0,0,0,0,traj_sz=100
18.6524,1.24912,0.162423,-0.23061,1.34932,0.143378,0.0807032,0.12563,51,53,0.101905,0.12864,0.3491,1.72483,0,18.6524
18.6724,1.25116,0.162179,-0.230121,0,0,0,0,51,53,0,0,0,0,0,traj_sz=100
18.6726,1.25116,0.162179,-0.230121,1.34932,0.143378,0.0807032,0.12563,51,53,0.0998611,0.129051,0.3491,1.72352,0,18.6726
18.6924,1.2523,0.161711,-0.226242,0,0,0,0,51,53,0,0,0,0,0,traj_sz=100
18.6925,1.2523,0.161711,-0.226242,1.34932,0.143378,0.0807032,0.12563,51,53,0.0986632,0.130282,0.3491,1.72302,0,18.6925
18.7125,1.25361,0.161507,-0.224808,0,0,0,0,51,53,0,0,0,0,0,traj_sz=100
18.7126,1.25361,0.161507,-0.224808,1.34932,0.143378,0.0807032,0.12563,51,53,0.0973392,0.131404,0.3491,1.72221,0,18.7126
18.7324,1.25629,0.160941,-0.218586,0,0,0,0,51,53,0,0,0,0,0,traj_sz=100
18.7326,1.25629,0.160941,-0.218586,1.34932,0.143378,0.0807032,0.12563,51,53,0.0946262,0.131135,0.34147,1.72066,0,18.7326
18.7525,1.26023,0.159858,-0.206036,0,0,0,0,51,53,0,0,0,0,0,traj_sz=100
18.7525,1.26023,0.159858,-0.206036,1.34932,0.143378,0.0807032,0.12563,51,53,0.0905733,0.129526,0.325884,1.71856,0,18.7525
18.7724,1.26293,0.159599,-0.20047,0,0,0,0,51,53,0,0,0,0,0,traj_sz=100
18.7725,1.26293,0.159599,-0.20047,1.34932,0.143378,0.0807032,0.12563,51,53,0.0878916,0.129278,0.313515,1.7168,0,18.7725
18.7926,1.26436,0.159077,-0.195142,0,0,0,0,51,53,0,0,0,0,0,traj_sz=100
18.7927,1.26436,0.159077,-0.195142,1.34932,0.143378,0.0807032,0.12563,51,53,0.0863947,0.130277,0.308379,1.71613,0,18.7927
18.8124,1.26591,0.158915,-0.191268,0,0,0,0,51,53,0,0,0,0,0,traj_sz=100
18.8126,1.26591,0.158915,-0.191268,1.34932,0.143378,0.0807032,0.12563,51,53,0.084841,0.131147,0.300254,1.71513,0,18.8126
18.8324,1.27007,0.158211,-0.18118,0,0,0,0,51,53,0,0,0,0,0,traj_sz=100
18.8325,1.27007,0.158211,-0.18118,1.34932,0.143378,0.0807032,0.12563,51,53,0.0806296,0.129399,0.282995,1.71263,0,18.8325
18.8524,1.27291,0.157616,-0.171329,0,0,0,0,51,53,0,0,0,0,0,traj_sz=100
18.8525,1.27291,0.157616,-0.171329,1.34932,0.143378,0.0807032,0.12563,51,53,0.0777144,0.128965,0.267535,1.711,0,18.8525
18.8725,1.27584,0.157062,-0.163092,0,0,0,0,51,53,0,0,0,0,0,traj_sz=100
18.8726,1.27584,0.157062,-0.163092,1.34932,0.143378,0.0807032,0.12563,51,53,0.0747224,0.128462,0.254201,1.70929,0,18.8726
18.8924,1.27726,0.156967,-0.1617,0,0,0,0,51,53,0,0,0,0,0,traj_sz=100
18.8927,1.27726,0.156967,-0.1617,1.34932,0.143378,0.0807032,0.12563,51,53,0.0733113,0.129504,0.249859,1.70834,0,18.8927
18.9124,1.27866,0.156494,-0.154721,0,0,0,0,51,53,0,0,0,0,0,traj_sz=100
18.9125,1.27866,0.156494,-0.154721,1.34932,0.143378,0.0807032,0.12563,51,53,0.0718417,0.130508,0.241101,1.70767,0,18.9125
18.9324,1.28295,0.15587,-0.143942,0,0,0,0,51,53,0,0,0,0,0,traj_sz=100
18.9325,1.28295,0.15587,-0.143942,1.34932,0.143378,0.0807032,0.12563,52,53,0.0674752,0.128629,0.3491,1.70504,0,18.9325
18.9524,1.28579,0.155617,-0.138491,0,0,0,0,52,53,0,0,0,0,0,traj_sz=100
18.9525,1.28579,0.155617,-0.138491,1.34932,0.143378,0.0807032,0.12563,52,53,0.0646156,0.128238,0.3491,1.70319,0,18.9525
18.9723,1.28848,0.155112,-0.131147,0,0,0,0,52,53,0,0,0,0,0,traj_sz=100
18.9724,1.28848,0.155112,-0.131147,1.39526,0.147093,0.195903,0.12563,52,54,0.106911,0.127956,0.3491,1.70163,0,18.9724
18.9924,1.28988,0.155081,-0.130685,0,0,0,0,52,54,0,0,0,0,0,traj_sz=100
18.9925,1.28988,0.155081,-0.130685,1.39526,0.147093,0.195903,0.12563,52,54,0.10552,0.129015,0.3491,1.70065,0,18.9925
19.0124,1.29117,0.154708,-0.12672,0,0,0,0,52,54,0,0,0,0,0,traj_sz=100
19.0124,1.29117,0.154708,-0.12672,1.39526,0.147093,0.195903,0.12563,52,54,0.104222,0.130154,0.3491,1.7,0,19.0124
19.0324,1.29492,0.154229,-0.11454,0,0,0,0,52,54,0,0,0,0,0,traj_sz=100
19.0325,1.29492,0.154229,-0.11454,1.39526,0.147093,0.195903,0.12563,52,54,0.100503,0.128836,0.3491,1.69767,0,19.0325
19.0524,1.29736,0.15413,-0.113075,0,0,0,0,52,54,0,0,0,0,0,traj_sz=100
19.0525,1.29736,0.15413,-0.113075,1.39526,0.147093,0.195903,0.12563,52,54,0.0980639,0.128836,0.3491,1.69601,0,19.0525
19.0724,1.29994,0.154012,-0.111354,0,0,0,0,52,54,0,0,0,0,0,traj_sz=100
19.0725,1.29994,0.154012,-0.111354,1.39526,0.147093,0.195903,0.12563,52,54,0.0954957,0.128693,0.3491,1.69426,0,19.0725
19.0924,1.30131,0.153541,-0.104618,0,0,0,0,52,54,0,0,0,0,0,traj_sz=100
19.0925,1.30131,0.153541,-0.104618,1.39526,0.147093,0.195903,0.12563,52,54,0.0941065,0.129757,0.3491,1.69362,0,19.0925
19.1124,1.30267,0.153415,-0.102784,0,0,0,0,52,54,0,0,0,0,0,traj_sz=100
19.1125,1.30267,0.153415,-0.102784,1.39526,0.147093,0.195903,0.12563,52,54,0.0927459,0.130859,0.347193,1.69275,0,19.1125
19.1324,1.30695,0.153211,-0.0917216,0,0,0,0,52,54,0,0,0,0,0,traj_sz=100
19.1326,1.30695,0.153211,-0.0917216,1.39526,0.147093,0.195903,0.12563,52,54,0.0885039,0.129049,0.328023,1.68988,0,19.1326
19.1524,1.30968,0.152786,-0.081559,0,0,0,0,52,54,0,0,0,0,0,traj_sz=100
19.1526,1.30968,0.152786,-0.081559,1.39526,0.147093,0.195903,0.12563,52,54,0.0857621,0.128768,0.314606,1.68825,0,19.1526
19.1724,1.3125,0.152641,-0.0753638,0,0,0,0,52,54,0,0,0,0,0,traj_sz=100
19.1724,1.3125,0.152641,-0.0753638,1.39526,0.147093,0.195903,0.12563,52,54,0.0829454,0.128396,0.304095,1.68637,0,19.1724
19.1924,1.31393,0.152782,-0.0742821,0,0,0,0,52,54,0,0,0,0,0,traj_sz=100
19.1925,1.31393,0.152782,-0.0742821,1.39526,0.147093,0.195903,0.12563,52,54,0.0815256,0.129436,0.299259,1.68526,0,19.1925
19.2125,1.31532,0.152618,-0.0694912,0,0,0,0,52,54,0,0,0,0,0,traj_sz=100
19.2127,1.31532,0.152618,-0.0694912,1.39526,0.147093,0.195903,0.12563,52,54,0.0801292,0.130522,0.292338,1.6844,0,19.2127
19.2324,1.3195,0.152215,-0.0582683,0,0,0,0,52,54,0,0,0,0,0,traj_sz=100
19.2325,1.3195,0.152215,-0.0582683,1.39526,0.147093,0.195903,0.12563,52,54,0.0759301,0.128785,0.275906,1.68175,0,19.2325
19.2524,1.32222,0.15212,-0.0499032,0,0,0,0,52,54,0,0,0,0,0,traj_sz=100
19.2525,1.32222,0.15212,-0.0499032,1.39526,0.147093,0.195903,0.12563,52,54,0.0732015,0.128525,0.26079,1.67991,0,19.2525
19.2725,1.3251,0.152251,-0.0444582,0,0,0,0,52,54,0,0,0,0,0,traj_sz=100
19.2726,1.3251,0.152251,-0.0444582,1.39526,0.147093,0.195903,0.12563,52,54,0.0703163,0.128113,0.247454,1.67779,0,19.2726
19.2924,1.3264,0.151954,-0.0382714,0,0,0,0,52,54,0,0,0,0,0,traj_sz=100
19.2925,1.3264,0.151954,-0.0382714,1.39526,0.147093,0.195903,0.12563,52,54,0.0689965,0.129268,0.240065,1.6771,0,19.2925
19.3124,1.3278,0.151934,-0.0373731,0,0,0,0,52,54,0,0,0,0,0,traj_sz=100
19.3126,1.3278,0.151934,-0.0373731,1.39526,0.147093,0.195903,0.12563,53,54,0.0675909,0.130329,0.3491,1.67613,0,19.3126
19.3325,1.33221,0.151363,-0.0214119,0,0,0,0,53,54,0,0,0,0,0,traj_sz=100
19.3325,1.33221,0.151363,-0.0214119,1.39526,0.147093,0.195903,0.12563,53,54,0.0631235,0.128398,0.3491,1.67346,0,19.3325
19.3525,1.33505,0.15128,-0.0141416,0,0,0,0,53,54,0,0,0,0,0,traj_sz=100
19.3526,1.33505,0.15128,-0.0141416,1.44047,0.156065,0.307557,0.12469,53,55,0.105347,0.128041,0.3491,1.67154,0,19.3526
19.3724,1.33798,0.151409,-0.00852962,0,0,0,0,53,55,0,0,0,0,0,traj_sz=100
19.3727,1.33798,0.151409,-0.00852962,1.44047,0.156065,0.307557,0.12469,53,55,0.102444,0.127555,0.3491,1.6694,0,19.3727
19.3925,1.33936,0.151322,-0.00577566,0,0,0,0,53,55,0,0,0,0,0,traj_sz=100
19.3926,1.33936,0.151322,-0.00577566,1.44047,0.156065,0.307557,0.12469,53,55,0.101079,0.128629,0.3491,1.66851,0,19.3926
19.4125,1.34072,0.151239,-0.00455786,0,0,0,0,53,55,0,0,0,0,0,traj_sz=100
19.4126,1.34072,0.151239,-0.00455786,1.44047,0.156065,0.307557,0.12469,53,55,0.0997291,0.129729,0.3491,1.66762,0,19.4126
19.4323,1.34432,0.151302,0.00715743,0,0,0,0,53,55,0,0,0,0,0,traj_sz=100
19.4325,1.34432,0.151302,0.00715743,1.44047,0.156065,0.307557,0.12469,53,55,0.0961855,0.128567,0.3491,1.66508,0,19.4325
19.4525,1.34663,0.151399,0.00916817,0,0,0,0,53,55,0,0,0,0,0,traj_sz=100
19.4527,1.34663,0.151399,0.00916817,1.44047,0.156065,0.307557,0.12469,53,55,0.0938771,0.128728,0.3491,1.6634,0,19.4527
19.4725,1.34923,0.151316,0.0157483,0,0,0,0,53,55,0,0,0,0,0,traj_sz=100
19.4727,1.34923,0.151316,0.0157483,1.44047,0.156065,0.307557,0.12469,53,55,0.0913079,0.128607,0.347726,1.66166,0,19.4727
19.4925,1.35059,0.151297,0.0194465,0,0,0,0,53,55,0,0,0,0,0,traj_sz=100
19.4926,1.35059,0.151297,0.0194465,1.44047,0.156065,0.307557,0.12469,53,55,0.0899572,0.129708,0.343,1.66073,0,19.4926
19.5125,1.35194,0.151414,0.023612,0,0,0,0,53,55,0,0,0,0,0,traj_sz=100
19.5126,1.35194,0.151414,0.023612,1.44047,0.156065,0.307557,0.12469,53,55,0.0886124,0.130812,0.335392,1.65971,0,19.5126
19.5324,1.35605,0.151514,0.0334134,0,0,0,0,53,55,0,0,0,0,0,traj_sz=100
19.5326,1.35605,0.151514,0.0334134,1.44047,0.156065,0.307557,0.12469,53,55,0.0845206,0.129175,0.321228,1.6568,0,19.5326
19.5524,1.35887,0.151371,0.0438698,0,0,0,0,53,55,0,0,0,0,0,traj_sz=100
19.5525,1.35887,0.151371,0.0438698,1.44047,0.156065,0.307557,0.12469,53,55,0.0817256,0.128846,0.307947,1.65496,0,19.5525
19.5725,1.36165,0.151454,0.0543835,0,0,0,0,53,55,0,0,0,0,0,traj_sz=100
19.5726,1.36165,0.151454,0.0543835,1.44047,0.156065,0.307557,0.12469,53,55,0.0789532,0.128555,0.291145,1.65298,0,19.5726
19.5925,1.36306,0.151628,0.0556058,0,0,0,0,53,55,0,0,0,0,0,traj_sz=100
19.5927,1.36306,0.151628,0.0556058,1.44047,0.156065,0.307557,0.12469,53,55,0.0775397,0.129607,0.288046,1.65189,0,19.5927
19.6125,1.36455,0.151565,0.0629123,0,0,0,0,53,55,0,0,0,0,0,traj_sz=100
19.6126,1.36455,0.151565,0.0629123,1.44047,0.156065,0.307557,0.12469,53,55,0.0760507,0.130586,0.277649,1.65091,0,19.6126
19.6324,1.36892,0.152071,0.0737866,0,0,0,0,53,55,0,0,0,0,0,traj_sz=100
19.6325,1.36892,0.152071,0.0737866,1.44047,0.156065,0.307557,0.12469,53,55,0.0716531,0.12865,0.255777,1.64754,0,19.6325
19.6523,1.37186,0.152125,0.0847002,0,0,0,0,53,55,0,0,0,0,0,traj_sz=100
19.6524,1.37186,0.152125,0.0847002,1.44047,0.156065,0.307557,0.12469,54,55,0.0686928,0.128175,0.3491,1.64548,0,19.6524
19.6725,1.3747,0.152602,0.0900446,0,0,0,0,54,55,0,0,0,0,0,traj_sz=100
19.6727,1.3747,0.152602,0.0900446,1.44047,0.156065,0.307557,0.12469,54,55,0.065819,0.127794,0.3491,1.64319,0,19.6727
19.6925,1.37602,0.152595,0.0924901,0,0,0,0,54,55,0,0,0,0,0,traj_sz=100
19.6926,1.37602,0.152595,0.0924901,1.44047,0.156065,0.307557,0.12469,54,55,0.064494,0.128941,0.3491,1.64229,0,19.6926
19.7124,1.37748,0.152661,0.0983872,0,0,0,0,54,55,0,0,0,0,0,traj_sz=100
19.7125,1.37748,0.152661,0.0983872,1.44047,0.156065,0.307557,0.12469,54,55,0.0630226,0.12994,0.3491,1.64124,0,19.7125
19.7326,1.38179,0.152752,0.111429,0,0,0,0,54,55,0,0,0,0,0,traj_sz=100
19.7328,1.38179,0.152752,0.111429,1.48407,0.169913,0.412957,0.120722,54,56,0.103554,0.128161,0.3491,1.63823,0,19.7328
19.7525,1.38396,0.152914,0.11716,0,0,0,0,54,56,0,0,0,0,0,traj_sz=100
19.7527,1.38396,0.152914,0.11716,1.48407,0.169913,0.412957,0.120722,54,56,0.101412,0.128441,0.3491,1.63663,0,19.7527
19.7726,1.38646,0.153312,0.120626,0,0,0,0,54,56,0,0,0,0,0,traj_sz=100
19.7727,1.38646,0.153312,0.120626,1.48407,0.169913,0.412957,0.120722,54,56,0.0988998,0.128369,0.3491,1.63464,0,19.7727
19.7925,1.38778,0.153507,0.121739,0,0,0,0,54,56,0,0,0,0,0,traj_sz=100
19.7926,1.38778,0.153507,0.121739,1.48407,0.169913,0.412957,0.120722,54,56,0.0975688,0.129472,0.3491,1.63359,0,19.7926
19.8124,1.38895,0.153446,0.128074,0,0,0,0,54,56,0,0,0,0,0,traj_sz=100
19.8125,1.38895,0.153446,0.128074,1.48407,0.169913,0.412957,0.120722,54,56,0.0964465,0.130775,0.3491,1.63284,0,19.8125
19.8325,1.39315,0.153984,0.140102,0,0,0,0,54,56,0,0,0,0,0,traj_sz=100
19.8326,1.39315,0.153984,0.140102,1.48407,0.169913,0.412957,0.120722,54,56,0.0922558,0.128983,0.335068,1.62959,0,19.8326
19.8526,1.39586,0.154333,0.149134,0,0,0,0,54,56,0,0,0,0,0,traj_sz=100
19.8528,1.39586,0.154333,0.149134,1.48407,0.169913,0.412957,0.120722,54,56,0.0895456,0.128693,0.3216,1.6275,0,19.8528
19.8724,1.39878,0.154645,0.159404,0,0,0,0,54,56,0,0,0,0,0,traj_sz=100
19.8725,1.39878,0.154645,0.159404,1.48407,0.169913,0.412957,0.120722,54,56,0.0866351,0.128156,0.307046,1.62529,0,19.8725
19.8926,1.40019,0.154878,0.161681,0,0,0,0,54,56,0,0,0,0,0,traj_sz=100
19.8927,1.40019,0.154878,0.161681,1.48407,0.169913,0.412957,0.120722,54,56,0.0852023,0.129176,0.303651,1.62416,0,19.8927
19.9126,1.40164,0.15511,0.167863,0,0,0,0,54,56,0,0,0,0,0,traj_sz=100
19.9127,1.40164,0.15511,0.167863,1.48407,0.169913,0.412957,0.120722,54,56,0.083741,0.130124,0.293341,1.62301,0,19.9127
19.9325,1.40587,0.155723,0.180781,0,0,0,0,54,56,0,0,0,0,0,traj_sz=100
19.9326,1.40587,0.155723,0.180781,1.48407,0.169913,0.412957,0.120722,54,56,0.0794745,0.128278,0.273413,1.6197,0,19.9326
19.9525,1.40861,0.156337,0.1875,0,0,0,0,54,56,0,0,0,0,0,traj_sz=100
19.9526,1.40861,0.156337,0.1875,1.48407,0.169913,0.412957,0.120722,54,56,0.0766665,0.127884,0.26028,1.61739,0,19.9526
19.9725,1.41132,0.156897,0.193479,0,0,0,0,54,56,0,0,0,0,0,traj_sz=100
19.9726,1.41132,0.156897,0.193479,1.48407,0.169913,0.412957,0.120722,54,56,0.0738986,0.127546,0.24919,1.61516,0,19.9726
19.9926,1.41264,0.157098,0.196274,0,0,0,0,54,56,0,0,0,0,0,traj_sz=100
19.9927,1.41264,0.157098,0.196274,1.48407,0.169913,0.412957,0.120722,54,56,0.0725606,0.128649,0.24505,1.61412,0,19.9927
20.0125,1.41414,0.157222,0.203025,0,0,0,0,54,56,0,0,0,0,0,traj_sz=100
20.0127,1.41414,0.157222,0.203025,1.48407,0.169913,0.412957,0.120722,54,56,0.0710573,0.129577,0.23545,1.61302,0,20.0127
20.0324,1.41814,0.158508,0.211621,0,0,0,0,54,56,0,0,0,0,0,traj_sz=100
20.0325,1.41814,0.158508,0.211621,1.48407,0.169913,0.412957,0.120722,55,56,0.0668534,0.127769,0.3491,1.60937,0,20.0325
20.0525,1.42094,0.158914,0.219196,0,0,0,0,55,56,0,0,0,0,0,traj_sz=100
20.0525,1.42094,0.158914,0.219196,1.48407,0.169913,0.412957,0.120722,55,56,0.0640079,0.12738,0.3491,1.60719,0,20.0525
20.0726,1.42357,0.159441,0.224421,0,0,0,0,55,56,0,0,0,0,0,traj_sz=100
20.0727,1.42357,0.159441,0.224421,1.52463,0.187687,0.507946,0.113196,55,57,0.104812,0.12714,0.3491,1.60503,0,20.0727
20.0924,1.42492,0.15982,0.228524,0,0,0,0,55,57,0,0,0,0,0,traj_sz=100
20.0925,1.42492,0.15982,0.228524,1.52463,0.187687,0.507946,0.113196,55,57,0.103426,0.128124,0.347559,1.60384,0,20.0925
20.1124,1.42621,0.160181,0.230524,0,0,0,0,55,57,0,0,0,0,0,traj_sz=100
20.1126,1.42621,0.160181,0.230524,1.52463,0.187687,0.507946,0.113196,55,57,0.102103,0.129205,0.344632,1.60272,0,20.1126
20.1324,1.42964,0.16094,0.241716,0,0,0,0,55,57,0,0,0,0,0,traj_sz=100
20.1325,1.42964,0.16094,0.241716,1.52463,0.187687,0.507946,0.113196,55,57,0.0986333,0.128097,0.329207,1.59986,0,20.1325
20.1524,1.43178,0.161539,0.243484,0,0,0,0,55,57,0,0,0,0,0,traj_sz=100
20.1525,1.43178,0.161539,0.243484,1.52463,0.187687,0.507946,0.113196,55,57,0.0964108,0.128277,0.327209,1.59797,0,20.1525
20.1724,1.43451,0.162199,0.248037,0,0,0,0,55,57,0,0,0,0,0,traj_sz=100
20.1726,1.43451,0.162199,0.248037,1.52463,0.187687,0.507946,0.113196,55,57,0.0936201,0.127882,0.321948,1.59566,0,20.1726
20.1925,1.43576,0.162505,0.253617,0,0,0,0,55,57,0,0,0,0,0,traj_sz=100
20.1926,1.43576,0.162505,0.253617,1.52463,0.187687,0.507946,0.113196,55,57,0.092344,0.128876,0.313215,1.5946,0,20.1926
20.2124,1.43713,0.163128,0.255619,0,0,0,0,55,57,0,0,0,0,0,traj_sz=100
20.2125,1.43713,0.163128,0.255619,1.52463,0.187687,0.507946,0.113196,55,57,0.0908704,0.129615,0.306907,1.59323,0,20.2125
20.2324,1.4414,0.163878,0.271293,0,0,0,0,55,57,0,0,0,0,0,traj_sz=100
20.2325,1.4414,0.163878,0.271293,1.52463,0.187687,0.507946,0.113196,55,57,0.0865689,0.127559,0.287357,1.58982,0,20.2325
20.2525,1.44385,0.164615,0.27773,0,0,0,0,55,57,0,0,0,0,0,traj_sz=100
20.2526,1.44385,0.164615,0.27773,1.52463,0.187687,0.507946,0.113196,55,57,0.0840133,0.127241,0.276362,1.58764,0,20.2526
20.2725,1.44654,0.165527,0.283564,0,0,0,0,55,57,0,0,0,0,0,traj_sz=100
20.2726,1.44654,0.165527,0.283564,1.52463,0.187687,0.507946,0.113196,55,57,0.0811686,0.126631,0.265069,1.58517,0,20.2726
20.2924,1.44789,0.166288,0.284713,0,0,0,0,55,57,0,0,0,0,0,traj_sz=100
20.2925,1.44789,0.166288,0.284713,1.52463,0.187687,0.507946,0.113196,55,57,0.079664,0.127338,0.25823,1.5837,0,20.2925
20.3124,1.4493,0.166461,0.290418,0,0,0,0,55,57,0,0,0,0,0,traj_sz=100
20.3126,1.4493,0.166461,0.290418,1.52463,0.187687,0.507946,0.113196,55,57,0.0782509,0.128181,0.251917,1.58263,0,20.3126
20.3323,1.45309,0.167915,0.296673,0,0,0,0,55,57,0,0,0,0,0,traj_sz=100
20.3325,1.45309,0.167915,0.296673,1.52463,0.187687,0.507946,0.113196,55,57,0.0741985,0.126355,0.237045,1.57904,0,20.3325
20.3524,1.45575,0.168525,0.303421,0,0,0,0,55,57,0,0,0,0,0,traj_sz=100
20.3525,1.45575,0.168525,0.303421,1.52463,0.187687,0.507946,0.113196,55,57,0.0714633,0.12588,0.22826,1.57682,0,20.3525
20.3724,1.45831,0.169466,0.309564,0,0,0,0,55,57,0,0,0,0,0,traj_sz=100
20.3725,1.45831,0.169466,0.309564,1.52463,0.187687,0.507946,0.113196,55,57,0.0687185,0.125385,0.215389,1.57441,0,20.3725
20.3925,1.45964,0.169739,0.314362,0,0,0,0,55,57,0,0,0,0,0,traj_sz=100
20.3926,1.45964,0.169739,0.314362,1.52463,0.187687,0.507946,0.113196,55,57,0.0673503,0.126278,0.208906,1.57333,0,20.3926
20.4124,1.46099,0.170268,0.315628,0,0,0,0,55,57,0,0,0,0,0,traj_sz=100
20.4124,1.46099,0.170268,0.315628,1.52463,0.187687,0.507946,0.113196,56,57,0.0658991,0.12704,0.342986,1.57204,0,20.4124
20.4325,1.46513,0.1714,0.325934,0,0,0,0,56,57,0,0,0,0,0,traj_sz=100
20.4326,1.46513,0.1714,0.325934,1.52463,0.187687,0.507946,0.113196,56,57,0.0615834,0.125024,0.333779,1.56846,0,20.4326
20.4525,1.4677,0.17244,0.328178,0,0,0,0,56,57,0,0,0,0,0,traj_sz=100
20.4526,1.4677,0.17244,0.328178,1.56092,0.207886,0.588907,0.102933,56,58,0.0996727,0.12448,0.330912,1.56598,0,20.4526
20.4724,1.47039,0.173386,0.333547,0,0,0,0,56,58,0,0,0,0,0,traj_sz=100
20.4725,1.47039,0.173386,0.333547,1.56092,0.207886,0.588907,0.102933,56,58,0.0968331,0.123847,0.324482,1.56349,0,20.4725
20.4923,1.4716,0.173912,0.334235,0,0,0,0,56,58,0,0,0,0,0,traj_sz=100
20.4925,1.4716,0.173912,0.334235,1.56092,0.207886,0.588907,0.102933,56,58,0.0955266,0.12475,0.323253,1.56231,0,20.4925
20.5125,1.47288,0.174232,0.339334,0,0,0,0,56,58,0,0,0,0,0,traj_sz=100
20.5126,1.47288,0.174232,0.339334,1.56092,0.207886,0.588907,0.102933,56,58,0.0942219,0.125675,0.317409,1.56122,0,20.5126
20.5324,1.47598,0.175381,0.342126,0,0,0,0,56,58,0,0,0,0,0,traj_sz=100
20.5325,1.47598,0.175381,0.342126,1.56092,0.207886,0.588907,0.102933,56,58,0.0909204,0.124578,0.315268,1.55831,0,20.5325
20.5524,1.47836,0.176345,0.347635,0,0,0,0,56,58,0,0,0,0,0,traj_sz=100
20.5525,1.47836,0.176345,0.347635,1.56092,0.207886,0.588907,0.102933,56,58,0.0883701,0.124138,0.306398,1.55603,0,20.5525
20.5724,1.48072,0.17741,0.353638,0,0,0,0,56,58,0,0,0,0,0,traj_sz=100
20.5725,1.48072,0.17741,0.353638,1.56092,0.207886,0.588907,0.102933,56,58,0.0857922,0.123512,0.295187,1.55367,0,20.5725
20.5924,1.48203,0.177704,0.358821,0,0,0,0,56,58,0,0,0,0,0,traj_sz=100
20.5927,1.48203,0.177704,0.358821,1.56092,0.207886,0.588907,0.102933,56,58,0.0844634,0.124163,0.289713,1.55259,0,20.5927
20.6123,1.48333,0.178376,0.360365,0,0,0,0,56,58,0,0,0,0,0,traj_sz=100
20.6124,1.48333,0.178376,0.360365,1.56092,0.207886,0.588907,0.102933,56,58,0.0830129,0.124645,0.28551,1.55123,0,20.6124
20.6324,1.48713,0.180058,0.368686,0,0,0,0,56,58,0,0,0,0,0,traj_sz=100
20.6325,1.48713,0.180058,0.368686,1.56092,0.207886,0.588907,0.102933,56,58,0.0788624,0.12246,0.270291,1.54747,0,20.6325
20.6524,1.48986,0.181089,0.376728,0,0,0,0,56,58,0,0,0,0,0,traj_sz=100
20.6526,1.48986,0.181089,0.376728,1.56092,0.207886,0.588907,0.102933,56,58,0.0759334,0.121518,0.258107,1.54491,0,20.6526
20.6724,1.49258,0.182202,0.383297,0,0,0,0,56,58,0,0,0,0,0,traj_sz=100
20.6725,1.49258,0.182202,0.383297,1.56092,0.207886,0.588907,0.102933,56,58,0.0729897,0.120544,0.247339,1.54229,0,20.6725
20.6925,1.49398,0.182491,0.388149,0,0,0,0,56,58,0,0,0,0,0,traj_sz=100
20.6925,1.49398,0.182491,0.388149,1.56092,0.207886,0.588907,0.102933,56,58,0.0715693,0.121118,0.24311,1.54115,0,20.6925
20.7125,1.49527,0.183332,0.388326,0,0,0,0,56,58,0,0,0,0,0,traj_sz=100
20.7126,1.49527,0.183332,0.388326,1.56092,0.207886,0.588907,0.102933,56,58,0.070061,0.121561,0.23897,1.53968,0,20.7126
20.7323,1.49917,0.184558,0.400793,0,0,0,0,56,58,0,0,0,0,0,traj_sz=100
20.7324,1.49917,0.184558,0.400793,1.56092,0.207886,0.588907,0.102933,56,58,0.0659535,0.119458,0.223198,1.5362,0,20.7324
20.7523,1.50178,0.18566,0.406802,0,0,0,0,56,58,0,0,0,0,0,traj_sz=100
20.7524,1.50178,0.18566,0.406802,1.56092,0.207886,0.588907,0.102933,57,58,0.0631072,0.118599,0.330262,1.53367,0,20.7524
20.7723,1.5042,0.186913,0.410598,0,0,0,0,57,58,0,0,0,0,0,traj_sz=100
20.7724,1.5042,0.186913,0.410598,1.56092,0.207886,0.588907,0.102933,57,58,0.0603771,0.117836,0.32466,1.53114,0,20.7724
20.7924,1.50554,0.187421,0.413466,0,0,0,0,57,58,0,0,0,0,0,traj_sz=100
20.7925,1.50554,0.187421,0.413466,1.56092,0.207886,0.588907,0.102933,57,58,0.058937,0.118381,0.322602,1.52988,0,20.7925
20.8124,1.50676,0.188069,0.415371,0,0,0,0,57,58,0,0,0,0,0,traj_sz=100
20.8126,1.50676,0.188069,0.415371,1.56092,0.207886,0.588907,0.102933,57,58,0.0575514,0.118963,0.319597,1.5286,0,20.8126
20.8325,1.51038,0.189181,0.427077,0,0,0,0,57,58,0,0,0,0,0,traj_sz=100
20.8328,1.51038,0.189181,0.427077,1.59232,0.228861,0.654207,0.091664,57,59,0.0910187,0.117208,0.310334,1.5254,0,20.8328
20.8524,1.51236,0.190195,0.430896,0,0,0,0,57,59,0,0,0,0,0,traj_sz=100
20.8525,1.51236,0.190195,0.430896,1.59232,0.228861,0.654207,0.091664,57,59,0.0888022,0.11693,0.304622,1.52335,0,20.8525
20.8724,1.51453,0.191446,0.433062,0,0,0,0,57,59,0,0,0,0,0,traj_sz=100
20.8725,1.51453,0.191446,0.433062,1.59232,0.228861,0.654207,0.091664,57,59,0.0863129,0.116387,0.300147,1.52099,0,20.8725
20.8926,1.51578,0.191722,0.437725,0,0,0,0,57,59,0,0,0,0,0,traj_sz=100
20.8927,1.51578,0.191722,0.437725,1.59232,0.228861,0.654207,0.091664,57,59,0.0850682,0.11713,0.297276,1.51997,0,20.8927
20.9124,1.51691,0.19246,0.439747,0,0,0,0,57,59,0,0,0,0,0,traj_sz=100
20.9125,1.51691,0.19246,0.439747,1.59232,0.228861,0.654207,0.091664,57,59,0.0837353,0.117707,0.292194,1.51867,0,20.9125
20.9323,1.52029,0.193812,0.44959,0,0,0,0,57,59,0,0,0,0,0,traj_sz=100
20.9324,1.52029,0.193812,0.44959,1.59232,0.228861,0.654207,0.091664,57,59,0.0801027,0.115755,0.281452,1.51545,0,20.9324
20.9524,1.52249,0.194941,0.454448,0,0,0,0,57,59,0,0,0,0,0,traj_sz=100
20.9526,1.52249,0.194941,0.454448,1.59232,0.228861,0.654207,0.091664,57,59,0.0776337,0.114972,0.273934,1.51317,0,20.9526
20.9724,1.5246,0.1959,0.461791,0,0,0,0,57,59,0,0,0,0,0,traj_sz=100
20.9728,1.5246,0.1959,0.461791,1.59232,0.228861,0.654207,0.091664,57,59,0.0753158,0.114337,0.263528,1.51108,0,20.9728
20.9924,1.52562,0.19668,0.462555,0,0,0,0,57,59,0,0,0,0,0,traj_sz=100
20.9925,1.52562,0.19668,0.462555,1.59232,0.228861,0.654207,0.091664,57,59,0.0740516,0.114726,0.2594,1.50982,0,20.9925
21.0124,1.52675,0.197323,0.465307,0,0,0,0,57,59,0,0,0,0,0,traj_sz=100
21.0126,1.52675,0.197323,0.465307,1.59232,0.228861,0.654207,0.091664,57,59,0.07275,0.1151,0.254269,1.5086,0,21.0126
21.0323,1.53009,0.19895,0.47567,0,0,0,0,57,59,0,0,0,0,0,traj_sz=100
21.0325,1.53009,0.19895,0.47567,1.59232,0.228861,0.654207,0.091664,57,59,0.0690182,0.113062,0.238668,1.5052,0,21.0325
21.0524,1.53233,0.20013,0.481388,0,0,0,0,57,59,0,0,0,0,0,traj_sz=100
21.0525,1.53233,0.20013,0.481388,1.59232,0.228861,0.654207,0.091664,57,59,0.0664768,0.11221,0.229223,1.50286,0,21.0525
21.0725,1.53457,0.201285,0.488588,0,0,0,0,57,59,0,0,0,0,0,traj_sz=100
21.0726,1.53457,0.201285,0.488588,1.59232,0.228861,0.654207,0.091664,57,59,0.0639365,0.111371,0.217492,1.50053,0,21.0726
21.0924,1.53563,0.201883,0.490786,0,0,0,0,57,59,0,0,0,0,0,traj_sz=100
21.0925,1.53563,0.201883,0.490786,1.59232,0.228861,0.654207,0.091664,57,59,0.0627154,0.111823,0.213417,1.4994,0,21.0925
21.1124,1.53668,0.202446,0.49285,0,0,0,0,57,59,0,0,0,0,0,traj_sz=100
21.1125,1.53668,0.202446,0.49285,1.59232,0.228861,0.654207,0.091664,57,59,0.0615159,0.112304,0.209985,1.49829,0,21.1125
21.1324,1.54006,0.204087,0.503648,0,0,0,0,57,59,0,0,0,0,0,traj_sz=100
21.1325,1.54006,0.204087,0.503648,1.59232,0.228861,0.654207,0.091664,58,59,0.0577275,0.110237,0.287728,1.49486,0,21.1325
21.1525,1.54236,0.205468,0.506374,0,0,0,0,58,59,0,0,0,0,0,traj_sz=100
21.1526,1.54236,0.205468,0.506374,1.59232,0.228861,0.654207,0.091664,58,59,0.0550349,0.109231,0.284782,1.49232,0,21.1526
21.1724,1.5446,0.206749,0.511387,0,0,0,0,58,59,0,0,0,0,0,traj_sz=100
21.1726,1.5446,0.206749,0.511387,1.59232,0.228861,0.654207,0.091664,58,59,0.0524361,0.108317,0.278425,1.4899,0,21.1726
21.1925,1.5457,0.207297,0.513973,0,0,0,0,58,59,0,0,0,0,0,traj_sz=100
21.1926,1.5457,0.207297,0.513973,1.61901,0.249325,0.704714,0.0813587,58,60,0.0845036,0.108775,0.276074,1.48878,0,21.1926
21.2124,1.54675,0.207947,0.515116,0,0,0,0,58,60,0,0,0,0,0,traj_sz=100
21.2125,1.54675,0.207947,0.515116,1.61901,0.249325,0.704714,0.0813587,58,60,0.0832704,0.1092,0.27466,1.48761,0,21.2125
21.2323,1.54995,0.209765,0.522304,0,0,0,0,58,60,0,0,0,0,0,traj_sz=100
21.2325,1.54995,0.209765,0.522304,1.61901,0.249325,0.704714,0.0813587,58,60,0.0795868,0.107187,0.265746,1.48416,0,21.2325
21.2524,1.55194,0.21083,0.52588,0,0,0,0,58,60,0,0,0,0,0,traj_sz=100
21.2525,1.55194,0.21083,0.52588,1.61901,0.249325,0.704714,0.0813587,58,60,0.0773306,0.1066,0.262596,1.48207,0,21.2525
21.2724,1.55396,0.211946,0.530602,0,0,0,0,58,60,0,0,0,0,0,traj_sz=100
21.2725,1.55396,0.211946,0.530602,1.61901,0.249325,0.704714,0.0813587,58,60,0.0750191,0.105967,0.257024,1.47992,0,21.2725
21.2925,1.55493,0.212261,0.535376,0,0,0,0,58,60,0,0,0,0,0,traj_sz=100
21.2926,1.55493,0.212261,0.535376,1.61901,0.249325,0.704714,0.0813587,58,60,0.0740183,0.106485,0.252599,1.47905,0,21.2926
21.3124,1.55582,0.212963,0.536794,0,0,0,0,58,60,0,0,0,0,0,traj_sz=100
21.3126,1.55582,0.212963,0.536794,1.61901,0.249325,0.704714,0.0813587,58,60,0.0728973,0.106772,0.248676,1.47795,0,21.3126
21.3324,1.55868,0.214682,0.543018,0,0,0,0,58,60,0,0,0,0,0,traj_sz=100
21.3325,1.55868,0.214682,0.543018,1.61901,0.249325,0.704714,0.0813587,58,60,0.0695534,0.104863,0.239838,1.4748,0,21.3325
21.3525,1.56059,0.21584,0.547523,0,0,0,0,58,60,0,0,0,0,0,traj_sz=100
21.3526,1.56059,0.21584,0.547523,1.61901,0.249325,0.704714,0.0813587,58,60,0.0673106,0.104056,0.233217,1.47269,0,21.3526
21.3725,1.56257,0.216761,0.554651,0,0,0,0,58,60,0,0,0,0,0,traj_sz=100
21.3726,1.56257,0.216761,0.554651,1.61901,0.249325,0.704714,0.0813587,58,60,0.0651265,0.103321,0.225417,1.47071,0,21.3726
21.3924,1.56347,0.217562,0.555629,0,0,0,0,58,60,0,0,0,0,0,traj_sz=100
21.3926,1.56347,0.217562,0.555629,1.61901,0.249325,0.704714,0.0813587,58,60,0.0639417,0.103548,0.221112,1.46953,0,21.3926
21.4123,1.5645,0.21793,0.558874,0,0,0,0,58,60,0,0,0,0,0,traj_sz=100
21.4125,1.5645,0.21793,0.558874,1.61901,0.249325,0.704714,0.0813587,58,60,0.0628623,0.103901,0.219299,1.46858,0,21.4125
21.4323,1.56731,0.220019,0.563523,0,0,0,0,58,60,0,0,0,0,0,traj_sz=100
21.4325,1.56731,0.220019,0.563523,1.61901,0.249325,0.704714,0.0813587,58,60,0.0593601,0.101824,0.208275,1.46518,0,21.4325
21.4524,1.56919,0.221155,0.568664,0,0,0,0,58,60,0,0,0,0,0,traj_sz=100
21.4525,1.56919,0.221155,0.568664,1.61901,0.249325,0.704714,0.0813587,58,60,0.0571484,0.101053,0.200532,1.46311,0,21.4525
21.4723,1.57108,0.222445,0.572068,0,0,0,0,58,60,0,0,0,0,0,traj_sz=100
21.4724,1.57108,0.222445,0.572068,1.61901,0.249325,0.704714,0.0813587,58,60,0.0548532,0.100182,0.194017,1.46092,0,21.4724
21.4925,1.57202,0.223099,0.573957,0,0,0,0,58,60,0,0,0,0,0,traj_sz=100
21.4926,1.57202,0.223099,0.573957,1.61901,0.249325,0.704714,0.0813587,58,60,0.0536975,0.100468,0.190348,1.45981,0,21.4926
21.5124,1.57312,0.223369,0.579383,0,0,0,0,58,60,0,0,0,0,0,traj_sz=100
21.5126,1.57312,0.223369,0.579383,1.61901,0.249325,0.704714,0.0813587,58,60,0.0526108,0.100834,0.186358,1.4589,0,21.5126
21.5324,1.57586,0.225588,0.583391,0,0,0,0,58,60,0,0,0,0,0,traj_sz=100
21.5325,1.57586,0.225588,0.583391,1.66168,0.286988,0.775003,0.0700587,59,62,0.105446,0.09873,0.24655,1.45545,0,21.5325
21.5524,1.57779,0.226745,0.58864,0,0,0,0,59,62,0,0,0,0,0,traj_sz=100
21.5525,1.57779,0.226745,0.58864,1.66168,0.286988,0.775003,0.0700587,59,62,0.103222,0.0979093,0.240905,1.45333,0,21.5525
21.5723,1.57975,0.228044,0.592515,0,0,0,0,59,62,0,0,0,0,0,traj_sz=100
21.5724,1.57975,0.228044,0.592515,1.66168,0.286988,0.775003,0.0700587,59,62,0.100878,0.0969668,0.236418,1.45108,0,21.5724
21.5926,1.58056,0.22875,0.592699,0,0,0,0,59,62,0,0,0,0,0,traj_sz=100
21.5927,1.58056,0.22875,0.592699,1.66168,0.286988,0.775003,0.0700587,59,62,0.0998144,0.0973383,0.23506,1.45002,0,21.5927
21.6124,1.58157,0.229304,0.596011,0,0,0,0,59,62,0,0,0,0,0,traj_sz=100
21.6125,1.58157,0.229304,0.596011,1.66168,0.286988,0.775003,0.0700587,59,62,0.0986765,0.0975988,0.231719,1.44895,0,21.6125
21.6325,1.58431,0.230685,0.604216,0,0,0,0,59,62,0,0,0,0,0,traj_sz=100
21.6326,1.58431,0.230685,0.604216,1.66168,0.286988,0.775003,0.0700587,59,62,0.0956583,0.0960069,0.225505,1.44615,0,21.6326
21.6523,1.58602,0.231827,0.608533,0,0,0,0,59,62,0,0,0,0,0,traj_sz=100
21.6524,1.58602,0.231827,0.608533,1.66168,0.286988,0.775003,0.0700587,59,62,0.0936128,0.0953055,0.219748,1.44419,0,21.6524
21.6725,1.58757,0.233222,0.609132,0,0,0,0,59,62,0,0,0,0,0,traj_sz=100
21.6726,1.58757,0.233222,0.609132,1.66168,0.286988,0.775003,0.0700587,59,62,0.0915452,0.0944928,0.216203,1.44213,0,21.6726
21.6923,1.58836,0.233977,0.608844,0,0,0,0,59,62,0,0,0,0,0,traj_sz=100
21.6924,1.58836,0.233977,0.608844,1.66168,0.286988,0.775003,0.0700587,59,62,0.0904672,0.0946521,0.214927,1.44104,0,21.6924
21.7123,1.58924,0.234302,0.612733,0,0,0,0,59,62,0,0,0,0,0,traj_sz=100
21.7125,1.58924,0.234302,0.612733,1.66168,0.286988,0.775003,0.0700587,59,62,0.0895628,0.0950103,0.212125,1.44023,0,21.7125
21.7324,1.59139,0.236199,0.61641,0,0,0,0,59,62,0,0,0,0,0,traj_sz=100
21.7324,1.59139,0.236199,0.61641,1.66168,0.286988,0.775003,0.0700587,59,62,0.0867123,0.0933967,0.202587,1.4374,0,21.7324
21.7523,1.59299,0.237303,0.620389,0,0,0,0,59,62,0,0,0,0,0,traj_sz=100
21.7524,1.59299,0.237303,0.620389,1.66168,0.286988,0.775003,0.0700587,59,62,0.0847712,0.0927095,0.196884,1.43553,0,21.7524
21.7723,1.59453,0.238231,0.624284,0,0,0,0,59,62,0,0,0,0,0,traj_sz=100
21.7725,1.59453,0.238231,0.624284,1.66168,0.286988,0.775003,0.0700587,59,62,0.0829827,0.0921865,0.192858,1.43384,0,21.7725
21.7925,1.59537,0.238846,0.62728,0,0,0,0,59,62,0,0,0,0,0,traj_sz=100
21.7926,1.59537,0.238846,0.62728,1.66168,0.286988,0.775003,0.0700587,59,62,0.0819446,0.0924116,0.187794,1.43284,0,21.7926
21.8124,1.59611,0.239548,0.627547,0,0,0,0,59,62,0,0,0,0,0,traj_sz=100
21.8125,1.59611,0.239548,0.627547,1.66168,0.286988,0.775003,0.0700587,59,62,0.080935,0.0926475,0.18569,1.43183,0,21.8125
21.8323,1.5982,0.241214,0.630448,0,0,0,0,59,62,0,0,0,0,0,traj_sz=100
21.8325,1.5982,0.241214,0.630448,1.68004,0.304972,0.808348,0.069991,59,63,0.103694,0.0912199,0.179747,1.42921,0,21.8325
21.8524,1.59993,0.242525,0.633583,0,0,0,0,59,63,0,0,0,0,0,traj_sz=100
21.8525,1.59993,0.242525,0.633583,1.68004,0.304972,0.808348,0.069991,59,63,0.101536,0.0903096,0.17426,1.42711,0,21.8525
21.8724,1.60162,0.243717,0.63849,0,0,0,0,59,63,0,0,0,0,0,traj_sz=100
21.8726,1.60162,0.243717,0.63849,1.68004,0.304972,0.808348,0.069991,59,63,0.0994764,0.0895007,0.166717,1.42511,0,21.8726
21.8923,1.60245,0.24399,0.642762,0,0,0,0,59,63,0,0,0,0,0,traj_sz=100
21.8924,1.60245,0.24399,0.642762,1.68004,0.304972,0.808348,0.069991,60,63,0.0986579,0.0899314,0.212051,1.42438,0,21.8924
21.9124,1.60316,0.244884,0.641924,0,0,0,0,60,63,0,0,0,0,0,traj_sz=100
21.9125,1.60316,0.244884,0.641924,1.68004,0.304972,0.808348,0.069991,60,63,0.0975567,0.0900784,0.210174,1.42324,0,21.9125
21.9324,1.60555,0.24643,0.647018,0,0,0,0,60,63,0,0,0,0,0,traj_sz=100
21.9325,1.60555,0.24643,0.647018,1.68004,0.304972,0.808348,0.069991,60,63,0.0947206,0.0884962,0.206662,1.42053,0,21.9325
21.9523,1.60709,0.247482,0.651854,0,0,0,0,60,63,0,0,0,0,0,traj_sz=100
21.9524,1.60709,0.247482,0.651854,1.68004,0.304972,0.808348,0.069991,60,63,0.0928705,0.0878904,0.200829,1.41874,0,21.9524
21.9723,1.60857,0.248587,0.655311,0,0,0,0,60,63,0,0,0,0,0,traj_sz=100
21.9724,1.60857,0.248587,0.655311,1.68004,0.304972,0.808348,0.069991,60,63,0.0910307,0.0873034,0.196341,1.41696,0,21.9724
21.9923,1.60939,0.249079,0.657193,0,0,0,0,60,63,0,0,0,0,0,traj_sz=100
21.9924,1.60939,0.249079,0.657193,1.68004,0.304972,0.808348,0.069991,60,63,0.0900777,0.0876084,0.195362,1.41605,0,21.9924
22.0124,1.61018,0.249986,0.656101,0,0,0,0,60,63,0,0,0,0,0,traj_sz=100
22.0125,1.61018,0.249986,0.656101,1.68004,0.304972,0.808348,0.069991,60,63,0.0888951,0.0876784,0.194654,1.41485,0,22.0125
22.0323,1.61245,0.251291,0.662013,0,0,0,0,60,63,0,0,0,0,0,traj_sz=100
22.0324,1.61245,0.251291,0.662013,1.68004,0.304972,0.808348,0.069991,60,63,0.0863101,0.0863021,0.19113,1.41241,0,22.0324
22.0523,1.61381,0.252422,0.661244,0,0,0,0,60,63,0,0,0,0,0,traj_sz=100
22.0523,1.61381,0.252422,0.661244,1.68004,0.304972,0.808348,0.069991,60,63,0.08454,0.0857321,0.19282,1.41068,0,22.0523
22.0724,1.61505,0.253175,0.665945,0,0,0,0,60,63,0,0,0,0,0,traj_sz=100
22.0725,1.61505,0.253175,0.665945,1.68004,0.304972,0.808348,0.069991,60,63,0.0831031,0.08551,0.187789,1.40931,0,22.0725
22.0925,1.61561,0.254031,0.664277,0,0,0,0,60,63,0,0,0,0,0,traj_sz=100
22.0926,1.61561,0.254031,0.664277,1.68004,0.304972,0.808348,0.069991,60,63,0.0821334,0.0857396,0.186447,1.40829,0,22.0926
22.1124,1.61622,0.254276,0.666287,0,0,0,0,60,63,0,0,0,0,0,traj_sz=100
22.1125,1.61622,0.254276,0.666287,1.68004,0.304972,0.808348,0.069991,60,63,0.0815058,0.0863193,0.185937,1.40772,0,22.1125
22.1325,1.61844,0.256279,0.66903,0,0,0,0,60,63,0,0,0,0,0,traj_sz=100
22.1326,1.61844,0.256279,0.66903,1.69777,0.323541,0.84166,0.0734641,60,64,0.103942,0.0845332,0.179747,1.40477,0,22.1326
22.1525,1.61994,0.257437,0.670512,0,0,0,0,60,64,0,0,0,0,0,traj_sz=100
22.1527,1.61994,0.257437,0.670512,1.69777,0.323541,0.84166,0.0734641,60,64,0.102054,0.0838459,0.178397,1.40292,0,22.1527
22.1724,1.62131,0.258645,0.672528,0,0,0,0,60,64,0,0,0,0,0,traj_sz=100
22.1725,1.62131,0.258645,0.672528,1.69777,0.323541,0.84166,0.0734641,60,64,0.100238,0.0832131,0.174266,1.40112,0,22.1725
22.1924,1.62225,0.259081,0.676485,0,0,0,0,60,64,0,0,0,0,0,traj_sz=100
22.1924,1.62225,0.259081,0.676485,1.69777,0.323541,0.84166,0.0734641,60,64,0.0992426,0.0834211,0.171314,1.40019,0,22.1924
22.2124,1.62291,0.259777,0.676448,0,0,0,0,60,64,0,0,0,0,0,traj_sz=100
22.2124,1.62291,0.259777,0.676448,1.69777,0.323541,0.84166,0.0734641,60,64,0.0982926,0.083667,0.169824,1.39924,0,22.2124
22.2324,1.62509,0.261472,0.678996,0,0,0,0,60,64,0,0,0,0,0,traj_sz=100
22.2324,1.62509,0.261472,0.678996,1.69777,0.323541,0.84166,0.0734641,60,64,0.0955433,0.0821202,0.16699,1.39656,0,22.2324
22.2525,1.6264,0.262865,0.679618,0,0,0,0,60,64,0,0,0,0,0,traj_sz=100
22.2525,1.6264,0.262865,0.679618,1.69777,0.323541,0.84166,0.0734641,60,64,0.0936479,0.0814221,0.162731,1.39465,0,22.2525
22.2724,1.62772,0.264011,0.681684,0,0,0,0,60,64,0,0,0,0,0,traj_sz=100
22.2724,1.62772,0.264011,0.681684,1.69777,0.323541,0.84166,0.0734641,61,64,0.0919022,0.0808682,0.196797,1.39292,0,22.2724
22.2924,1.62859,0.264423,0.684314,0,0,0,0,61,64,0,0,0,0,0,traj_sz=100
22.2925,1.62859,0.264423,0.684314,1.69777,0.323541,0.84166,0.0734641,61,64,0.0909778,0.0811542,0.196276,1.39206,0,22.2925
22.3124,1.62924,0.265274,0.683953,0,0,0,0,61,64,0,0,0,0,0,traj_sz=100
22.3125,1.62924,0.265274,0.683953,1.69777,0.323541,0.84166,0.0734641,61,64,0.0899344,0.0813029,0.19415,1.39099,0,22.3125
22.3324,1.63114,0.26687,0.686127,0,0,0,0,61,64,0,0,0,0,0,traj_sz=100
22.3325,1.63114,0.26687,0.686127,1.69777,0.323541,0.84166,0.0734641,61,64,0.0874581,0.0800282,0.19189,1.38856,0,22.3325
22.3523,1.63264,0.268209,0.68936,0,0,0,0,61,64,0,0,0,0,0,traj_sz=100
22.3524,1.63264,0.268209,0.68936,1.69777,0.323541,0.84166,0.0734641,61,64,0.0854536,0.0792134,0.186512,1.38657,0,22.3524
22.3724,1.63395,0.269513,0.690346,0,0,0,0,61,64,0,0,0,0,0,traj_sz=100
22.3724,1.63395,0.269513,0.690346,1.69777,0.323541,0.84166,0.0734641,61,64,0.0836089,0.0785645,0.183706,1.38473,0,22.3724
22.3924,1.63461,0.269921,0.692164,0,0,0,0,61,64,0,0,0,0,0,traj_sz=100
22.3925,1.63461,0.269921,0.692164,1.69777,0.323541,0.84166,0.0734641,61,64,0.0828426,0.0790472,0.182621,1.384,0,22.3925
22.4125,1.63524,0.270607,0.692536,0,0,0,0,61,64,0,0,0,0,0,traj_sz=100
22.4126,1.63524,0.270607,0.692536,1.69777,0.323541,0.84166,0.0734641,61,64,0.0819251,0.0793945,0.180713,1.38308,0,22.4126
22.4324,1.63713,0.272644,0.693291,0,0,0,0,61,64,0,0,0,0,0,traj_sz=100
22.4325,1.63713,0.272644,0.693291,1.71573,0.34364,0.87308,0.0804185,61,65,0.10583,0.0778797,0.176026,1.38031,0,22.4325
22.4524,1.63839,0.273325,0.698321,0,0,0,0,61,65,0,0,0,0,0,traj_sz=100
22.4525,1.63839,0.273325,0.698321,1.71573,0.34364,0.87308,0.0804185,61,65,0.104447,0.0777573,0.172259,1.37899,0,22.4525
22.4726,1.63972,0.274653,0.700566,0,0,0,0,61,65,0,0,0,0,0,traj_sz=100
22.4727,1.63972,0.274653,0.700566,1.71573,0.34364,0.87308,0.0804185,61,65,0.10258,0.0771496,0.167101,1.37712,0,22.4727
22.4925,1.6404,0.275167,0.700951,0,0,0,0,61,65,0,0,0,0,0,traj_sz=100
22.4926,1.6404,0.275167,0.700951,1.71573,0.34364,0.87308,0.0804185,61,65,0.10173,0.0775569,0.167637,1.37629,0,22.4926
22.5125,1.641,0.275861,0.702662,0,0,0,0,61,65,0,0,0,0,0,traj_sz=100
22.5126,1.641,0.275861,0.702662,1.71573,0.34364,0.87308,0.0804185,61,65,0.100829,0.0779057,0.162995,1.37537,0,22.5126
22.5325,1.64283,0.277369,0.708064,0,0,0,0,61,65,0,0,0,0,0,traj_sz=100
22.5326,1.64283,0.277369,0.708064,1.71573,0.34364,0.87308,0.0804185,61,65,0.0984763,0.0768005,0.155187,1.37305,0,22.5326
22.5525,1.64404,0.277967,0.712914,0,0,0,0,61,65,0,0,0,0,0,traj_sz=100
22.5526,1.64404,0.277967,0.712914,1.71573,0.34364,0.87308,0.0804185,61,65,0.097183,0.076775,0.152128,1.37183,0,22.5526
22.5725,1.64529,0.279252,0.713793,0,0,0,0,61,65,0,0,0,0,0,traj_sz=100
22.5727,1.64529,0.279252,0.713793,1.71573,0.34364,0.87308,0.0804185,61,65,0.0953975,0.0762494,0.149079,1.37005,0,22.5727
22.5925,1.64575,0.279882,0.712101,0,0,0,0,61,65,0,0,0,0,0,traj_sz=100
22.5927,1.64575,0.279882,0.712101,1.71573,0.34364,0.87308,0.0804185,61,65,0.0946333,0.0767374,0.149832,1.36927,0,22.5927
22.6126,1.6464,0.280494,0.713856,0,0,0,0,61,65,0,0,0,0,0,traj_sz=100
22.6127,1.6464,0.280494,0.713856,1.71573,0.34364,0.87308,0.0804185,61,65,0.0937476,0.077114,0.146485,1.36838,0,22.6127
22.6325,1.64819,0.28194,0.714412,0,0,0,0,61,65,0,0,0,0,0,traj_sz=100
22.6326,1.64819,0.28194,0.714412,1.71573,0.34364,0.87308,0.0804185,62,65,0.09145,0.0760819,0.197447,1.36614,0,22.6326
22.6525,1.6494,0.282929,0.717173,0,0,0,0,62,65,0,0,0,0,0,traj_sz=100
22.6526,1.6494,0.282929,0.717173,1.71573,0.34364,0.87308,0.0804185,62,65,0.0898912,0.0757847,0.194626,1.36461,0,22.6526
22.6726,1.65047,0.284084,0.718886,0,0,0,0,62,65,0,0,0,0,0,traj_sz=100
22.6727,1.65047,0.284084,0.718886,1.71573,0.34364,0.87308,0.0804185,62,65,0.0883301,0.0754787,0.190381,1.36304,0,22.6727
22.6926,1.65111,0.284674,0.719665,0,0,0,0,62,65,0,0,0,0,0,traj_sz=100
22.6927,1.65111,0.284674,0.719665,1.71573,0.34364,0.87308,0.0804185,62,65,0.0874596,0.0758672,0.189387,1.36218,0,22.6927
22.7126,1.6516,0.285188,0.718406,0,0,0,0,62,65,0,0,0,0,0,traj_sz=100
22.7127,1.6516,0.285188,0.718406,1.71573,0.34364,0.87308,0.0804185,62,65,0.086756,0.0764295,0.191217,1.36148,0,22.7127
22.7326,1.65317,0.286515,0.721274,0,0,0,0,62,65,0,0,0,0,0,traj_sz=100
22.7327,1.65317,0.286515,0.721274,1.71573,0.34364,0.87308,0.0804185,62,65,0.0847047,0.0756373,0.18832,1.35946,0,22.7327
22.7525,1.65428,0.287481,0.725635,0,0,0,0,62,65,0,0,0,0,0,traj_sz=100
22.7526,1.65428,0.287481,0.725635,1.71573,0.34364,0.87308,0.0804185,62,65,0.0832342,0.0754631,0.181838,1.35801,0,22.7526
22.7725,1.65556,0.288395,0.725298,0,0,0,0,62,65,0,0,0,0,0,traj_sz=100
22.7726,1.65556,0.288395,0.725298,1.71573,0.34364,0.87308,0.0804185,62,65,0.081672,0.075295,0.186044,1.3565,0,22.7726
22.7924,1.656,0.289129,0.725605,0,0,0,0,62,65,0,0,0,0,0,traj_sz=100
22.7926,1.656,0.289129,0.725605,1.71573,0.34364,0.87308,0.0804185,62,65,0.0808568,0.0758544,0.182245,1.35565,0,22.7926
22.8125,1.65685,0.289816,0.726856,0,0,0,0,62,65,0,0,0,0,0,traj_sz=100
22.8126,1.65685,0.289816,0.726856,1.73469,0.366249,0.911356,0.0899453,62,66,0.108961,0.0761619,0.181535,1.35458,0,22.8126
22.8324,1.65797,0.290687,0.730933,0,0,0,0,62,66,0,0,0,0,0,traj_sz=100
22.8326,1.65797,0.290687,0.730933,1.73469,0.366249,0.911356,0.0899453,62,66,0.107562,0.0761351,0.176664,1.3532,0,22.8326
22.8526,1.65927,0.29228,0.729577,0,0,0,0,62,66,0,0,0,0,0,traj_sz=100
22.8527,1.65927,0.29228,0.729577,1.73469,0.366249,0.911356,0.0899453,62,66,0.105525,0.0754857,0.17566,1.35115,0,22.8527
22.8726,1.66071,0.293096,0.736265,0,0,0,0,62,66,0,0,0,0,0,traj_sz=100
22.8728,1.66071,0.293096,0.736265,1.73469,0.366249,0.911356,0.0899453,62,66,0.10394,0.0752796,0.17001,1.34961,0,22.8728
22.8925,1.66113,0.293815,0.733206,0,0,0,0,62,66,0,0,0,0,0,traj_sz=100
22.8927,1.66113,0.293815,0.733206,1.73469,0.366249,0.911356,0.0899453,62,66,0.103136,0.0758598,0.172159,1.34879,0,22.8927
22.9124,1.6615,0.294296,0.73488,0,0,0,0,62,66,0,0,0,0,0,traj_sz=100
22.9126,1.6615,0.294296,0.73488,1.73469,0.366249,0.911356,0.0899453,62,66,0.102547,0.0766388,0.167876,1.34818,0,22.9126
22.9325,1.66348,0.295843,0.739983,0,0,0,0,62,66,0,0,0,0,0,traj_sz=100
22.9326,1.66348,0.295843,0.739983,1.73469,0.366249,0.911356,0.0899453,62,66,0.100059,0.0755317,0.162949,1.34574,0,22.9326
22.9525,1.66456,0.297049,0.737401,0,0,0,0,62,66,0,0,0,0,0,traj_sz=100
22.9527,1.66456,0.297049,0.737401,1.73469,0.366249,0.911356,0.0899453,62,66,0.0984364,0.0753073,0.166031,1.34412,0,22.9527
22.9725,1.66586,0.297971,0.743054,0,0,0,0,62,66,0,0,0,0,0,traj_sz=100
22.9726,1.66586,0.297971,0.743054,1.73469,0.366249,0.911356,0.0899453,62,66,0.0968808,0.075125,0.15955,1.34259,0,22.9726
22.9924,1.6665,0.298714,0.743369,0,0,0,0,62,66,0,0,0,0,0,traj_sz=100
22.9925,1.6665,0.298714,0.743369,1.73469,0.366249,0.911356,0.0899453,62,66,0.0959061,0.0755255,0.157771,1.34161,0,22.9925
23.0124,1.66692,0.299217,0.745068,0,0,0,0,62,66,0,0,0,0,0,traj_sz=100
23.0125,1.66692,0.299217,0.745068,1.73469,0.366249,0.911356,0.0899453,62,66,0.0952628,0.0762596,0.153716,1.34096,0,23.0125
23.0325,1.66874,0.300994,0.746556,0,0,0,0,62,66,0,0,0,0,0,traj_sz=100
23.0327,1.66874,0.300994,0.746556,1.73469,0.366249,0.911356,0.0899453,63,66,0.0927239,0.0751174,0.215244,1.33843,0,23.0327
23.0525,1.66968,0.302094,0.747662,0,0,0,0,63,66,0,0,0,0,0,traj_sz=100
23.0526,1.66968,0.302094,0.747662,1.73469,0.366249,0.911356,0.0899453,63,66,0.0912928,0.0750574,0.21201,1.33699,0,23.0526
23.0724,1.671,0.302922,0.752765,0,0,0,0,63,66,0,0,0,0,0,traj_sz=100
23.0725,1.671,0.302922,0.752765,1.73469,0.366249,0.911356,0.0899453,63,66,0.089775,0.0749261,0.208597,1.33552,0,23.0725
23.0925,1.67158,0.303549,0.753617,0,0,0,0,63,66,0,0,0,0,0,traj_sz=100
23.0926,1.67158,0.303549,0.753617,1.73469,0.366249,0.911356,0.0899453,63,66,0.0889236,0.0754641,0.206874,1.33467,0,23.0926
23.1124,1.67203,0.303874,0.756072,0,0,0,0,63,66,0,0,0,0,0,traj_sz=100
23.1125,1.67203,0.303874,0.756072,1.73469,0.366249,0.911356,0.0899453,63,66,0.0883784,0.0762991,0.20398,1.33413,0,23.1125
23.1325,1.67366,0.305302,0.757153,0,0,0,0,63,66,0,0,0,0,0,traj_sz=100
23.1326,1.67366,0.305302,0.757153,1.73469,0.366249,0.911356,0.0899453,63,66,0.0862174,0.0757323,0.204885,1.332,0,23.1326
23.1524,1.67509,0.306835,0.758863,0,0,0,0,63,66,0,0,0,0,0,traj_sz=100
23.1525,1.67509,0.306835,0.758863,1.73469,0.366249,0.911356,0.0899453,63,66,0.0841289,0.0752072,0.201437,1.32991,0,23.1525
23.1725,1.67601,0.307753,0.761765,0,0,0,0,63,66,0,0,0,0,0,traj_sz=100
23.1726,1.67601,0.307753,0.761765,1.73469,0.366249,0.911356,0.0899453,63,66,0.0828376,0.0754948,0.196658,1.32862,0,23.1726
23.1926,1.67656,0.308314,0.762644,0,0,0,0,63,66,0,0,0,0,0,traj_sz=100
23.1927,1.67656,0.308314,0.762644,1.73469,0.366249,0.911356,0.0899453,63,66,0.082052,0.0762935,0.195246,1.32784,0,23.1927
23.2127,1.67743,0.308741,0.766052,0,0,0,0,63,66,0,0,0,0,0,traj_sz=100
23.2129,1.67743,0.308741,0.766052,1.73469,0.366249,0.911356,0.0899453,63,66,0.081135,0.0769834,0.194117,1.32697,0,23.2129
23.2323,1.67868,0.310443,0.763499,0,0,0,0,63,66,0,0,0,0,0,traj_sz=100
23.2324,1.67868,0.310443,0.763499,1.7549,0.392328,0.954166,0.10115,63,67,0.111679,0.0764302,0.194697,1.32485,0,23.2324
23.2524,1.67996,0.311582,0.769842,0,0,0,0,63,67,0,0,0,0,0,traj_sz=100
23.2525,1.67996,0.311582,0.769842,1.7549,0.392328,0.954166,0.10115,63,67,0.110009,0.0763107,0.185331,1.32317,0,23.2525
23.2725,1.68107,0.312551,0.772779,0,0,0,0,63,67,0,0,0,0,0,traj_sz=100
23.2727,1.68107,0.312551,0.772779,1.7549,0.392328,0.954166,0.10115,63,67,0.108558,0.0764424,0.181984,1.32172,0,23.2727
23.2925,1.68153,0.313397,0.770177,0,0,0,0,63,67,0,0,0,0,0,traj_sz=100
23.2926,1.68153,0.313397,0.770177,1.7549,0.392328,0.954166,0.10115,63,67,0.107621,0.0770807,0.182933,1.32077,0,23.2926
23.3125,1.68242,0.313457,0.778592,0,0,0,0,63,67,0,0,0,0,0,traj_sz=100
23.3126,1.68242,0.313457,0.778592,1.7549,0.392328,0.954166,0.10115,63,67,0.106986,0.0780102,0.176843,1.32017,0,23.3126
23.3324,1.68379,0.31535,0.778137,0,0,0,0,63,67,0,0,0,0,0,traj_sz=100
23.3326,1.68379,0.31535,0.778137,1.7549,0.392328,0.954166,0.10115,63,67,0.104683,0.0772736,0.172872,1.31784,0,23.3326
23.3525,1.68497,0.316647,0.777869,0,0,0,0,63,67,0,0,0,0,0,traj_sz=100
23.3526,1.68497,0.316647,0.777869,1.7549,0.392328,0.954166,0.10115,63,67,0.102927,0.0770966,0.172783,1.31609,0,23.3526
23.3725,1.68627,0.317572,0.782962,0,0,0,0,63,67,0,0,0,0,0,traj_sz=100
23.3727,1.68627,0.317572,0.782962,1.7549,0.392328,0.954166,0.10115,64,67,0.101377,0.0771243,0.212608,1.31456,0,23.3727
23.3924,1.68658,0.318428,0.780063,0,0,0,0,64,67,0,0,0,0,0,traj_sz=100
23.3925,1.68658,0.318428,0.780063,1.7549,0.392328,0.954166,0.10115,64,67,0.10054,0.0778523,0.21275,1.31369,0,23.3925
23.4124,1.68716,0.318868,0.784408,0,0,0,0,64,67,0,0,0,0,0,traj_sz=100
23.4124,1.68716,0.318868,0.784408,1.7549,0.392328,0.954166,0.10115,64,67,0.0998427,0.0787135,0.206937,1.31299,0,23.4124
23.4326,1.68883,0.320236,0.788363,0,0,0,0,64,67,0,0,0,0,0,traj_sz=100
23.4327,1.68883,0.320236,0.788363,1.7549,0.392328,0.954166,0.10115,64,67,0.0977099,0.0781771,0.204832,1.31088,0,23.4327
23.4524,1.69,0.321464,0.790755,0,0,0,0,64,67,0,0,0,0,0,traj_sz=100
23.4525,1.69,0.321464,0.790755,1.7549,0.392328,0.954166,0.10115,64,67,0.0960182,0.0780441,0.201428,1.30919,0,23.4525
23.4724,1.69112,0.322811,0.7913,0,0,0,0,64,67,0,0,0,0,0,traj_sz=100
23.4726,1.69112,0.322811,0.7913,1.7549,0.392328,0.954166,0.10115,64,67,0.0942786,0.0778797,0.199459,1.30744,0,23.4726
23.4925,1.69135,0.323363,0.789561,0,0,0,0,64,67,0,0,0,0,0,traj_sz=100
23.4925,1.69135,0.323363,0.789561,1.7549,0.392328,0.954166,0.10115,64,67,0.093721,0.0790667,0.199607,1.30687,0,23.4925
23.5124,1.69184,0.323513,0.790435,0,0,0,0,64,67,0,0,0,0,0,traj_sz=100
23.5125,1.69184,0.323513,0.790435,1.7549,0.392328,0.954166,0.10115,64,67,0.0932681,0.0804585,0.202081,1.30644,0,23.5125
23.5324,1.69359,0.325128,0.79685,0,0,0,0,64,67,0,0,0,0,0,traj_sz=100
23.5328,1.69359,0.325128,0.79685,1.7549,0.392328,0.954166,0.10115,64,67,0.0909154,0.0799592,0.193905,1.3041,0,23.5328
23.5525,1.69442,0.326552,0.796386,0,0,0,0,64,67,0,0,0,0,0,traj_sz=100
23.5527,1.69442,0.326552,0.796386,1.7549,0.392328,0.954166,0.10115,64,67,0.0893098,0.0801693,0.189886,1.30246,0,23.5527
23.5724,1.69543,0.327755,0.796403,0,0,0,0,64,67,0,0,0,0,0,traj_sz=100
23.5725,1.69543,0.327755,0.796403,1.7549,0.392328,0.954166,0.10115,64,67,0.0877469,0.0804275,0.18909,1.30089,0,23.5725
23.5925,1.6962,0.327759,0.801653,0,0,0,0,64,67,0,0,0,0,0,traj_sz=100
23.5926,1.6962,0.327759,0.801653,1.7549,0.392328,0.954166,0.10115,64,67,0.087217,0.0817613,0.188276,1.30041,0,23.5926
23.6124,1.69677,0.328478,0.801998,0,0,0,0,64,67,0,0,0,0,0,traj_sz=100
23.6125,1.69677,0.328478,0.801998,1.7549,0.392328,0.954166,0.10115,64,67,0.086306,0.0826771,0.186812,1.29949,0,23.6125
23.6324,1.69839,0.330488,0.805215,0,0,0,0,64,67,0,0,0,0,0,traj_sz=100
23.6325,1.69839,0.330488,0.805215,1.7549,0.392328,0.954166,0.10115,64,67,0.0837448,0.0819447,0.179024,1.29691,0,23.6325
23.6524,1.69985,0.331799,0.809398,0,0,0,0,64,67,0,0,0,0,0,traj_sz=100
23.6525,1.69985,0.331799,0.809398,1.7549,0.392328,0.954166,0.10115,64,67,0.0817933,0.0818372,0.174789,1.29498,0,23.6525
23.6723,1.70132,0.333251,0.811613,0,0,0,0,64,67,0,0,0,0,0,traj_sz=100
23.6724,1.70132,0.333251,0.811613,1.77636,0.422603,0.997427,0.1128,64,68,0.11647,0.0816123,0.172635,1.29293,0,23.6724
23.6925,1.70165,0.333911,0.815225,0,0,0,0,64,68,0,0,0,0,0,traj_sz=100
23.6925,1.70165,0.333911,0.815225,1.77636,0.422603,0.997427,0.1128,64,68,0.115789,0.0827522,0.163239,1.29221,0,23.6925
23.7124,1.70264,0.334434,0.816194,0,0,0,0,64,68,0,0,0,0,0,traj_sz=100
23.7126,1.70264,0.334434,0.816194,1.77636,0.422603,0.997427,0.1128,64,68,0.114734,0.0835511,0.167355,1.29119,0,23.7126
23.7324,1.70427,0.336833,0.818977,0,0,0,0,64,68,0,0,0,0,0,traj_sz=100
23.7325,1.70427,0.336833,0.818977,1.77636,0.422603,0.997427,0.1128,65,68,0.111886,0.0825056,0.207779,1.28829,0,23.7325
23.7525,1.70533,0.338088,0.820534,0,0,0,0,65,68,0,0,0,0,0,traj_sz=100
23.7526,1.70533,0.338088,0.820534,1.77636,0.422603,0.997427,0.1128,65,68,0.110255,0.0827122,0.205066,1.28665,0,23.7526
23.7725,1.70678,0.339109,0.825885,0,0,0,0,65,68,0,0,0,0,0,traj_sz=100
23.7725,1.70678,0.339109,0.825885,1.77636,0.422603,0.997427,0.1128,65,68,0.108546,0.0828266,0.202318,1.28495,0,23.7725
23.7924,1.70742,0.340049,0.823931,0,0,0,0,65,68,0,0,0,0,0,traj_sz=100
23.7925,1.70742,0.340049,0.823931,1.77636,0.422603,0.997427,0.1128,65,68,0.107411,0.0835384,0.20412,1.28381,0,23.7925
23.8124,1.70794,0.340702,0.82668,0,0,0,0,65,68,0,0,0,0,0,traj_sz=100
23.8124,1.70794,0.340702,0.82668,1.77636,0.422603,0.997427,0.1128,65,68,0.106597,0.0845373,0.198807,1.28298,0,23.8124
23.8323,1.70954,0.342794,0.826138,0,0,0,0,65,68,0,0,0,0,0,traj_sz=100
23.8325,1.70954,0.342794,0.826138,1.77636,0.422603,0.997427,0.1128,65,68,0.103973,0.0837518,0.197991,1.28035,0,23.8325
23.8525,1.71065,0.344061,0.829176,0,0,0,0,65,68,0,0,0,0,0,traj_sz=100
23.8526,1.71065,0.344061,0.829176,1.77636,0.422603,0.997427,0.1128,65,68,0.102299,0.0839977,0.193145,1.27866,0,23.8526
23.8725,1.71197,0.345397,0.830097,0,0,0,0,65,68,0,0,0,0,0,traj_sz=100
23.8726,1.71197,0.345397,0.830097,1.77636,0.422603,0.997427,0.1128,65,68,0.100429,0.0842536,0.19375,1.2768,0,23.8726
23.8925,1.71269,0.345997,0.834309,0,0,0,0,65,68,0,0,0,0,0,traj_sz=100
23.8927,1.71269,0.345997,0.834309,1.77636,0.422603,0.997427,0.1128,65,68,0.099521,0.0854579,0.188629,1.27589,0,23.8927
23.9125,1.71322,0.346588,0.834578,0,0,0,0,65,68,0,0,0,0,0,traj_sz=100
23.9126,1.71322,0.346588,0.834578,1.77636,0.422603,0.997427,0.1128,65,68,0.0987267,0.0867737,0.188563,1.27509,0,23.9126
23.9323,1.71497,0.348624,0.83743,0,0,0,0,65,68,0,0,0,0,0,traj_sz=100
23.9324,1.71497,0.348624,0.83743,1.77636,0.422603,0.997427,0.1128,65,68,0.0960564,0.0861974,0.183888,1.27241,0,23.9324
23.9525,1.716,0.349778,0.840548,0,0,0,0,65,68,0,0,0,0,0,traj_sz=100
23.9526,1.716,0.349778,0.840548,1.77636,0.422603,0.997427,0.1128,65,68,0.0945216,0.0867952,0.179001,1.27087,0,23.9526
23.9724,1.71739,0.351133,0.841719,0,0,0,0,65,68,0,0,0,0,0,traj_sz=100
23.9726,1.71739,0.351133,0.841719,1.77636,0.422603,0.997427,0.1128,65,68,0.0925831,0.08697,0.179902,1.26894,0,23.9726
23.9924,1.71784,0.351859,0.84332,0,0,0,0,65,68,0,0,0,0,0,traj_sz=100
23.9925,1.71784,0.351859,0.84332,1.77636,0.422603,0.997427,0.1128,65,68,0.0917507,0.0882446,0.17514,1.26809,0,23.9925
24.0125,1.71861,0.352515,0.845903,0,0,0,0,65,68,0,0,0,0,0,traj_sz=100
24.0126,1.71861,0.352515,0.845903,1.77636,0.422603,0.997427,0.1128,65,68,0.0907602,0.0893844,0.172987,1.2671,0,24.0126
24.0326,1.7204,0.354558,0.848197,0,0,0,0,65,68,0,0,0,0,0,traj_sz=100
24.0328,1.7204,0.354558,0.848197,1.77636,0.422603,0.997427,0.1128,65,68,0.0880494,0.0888043,0.169768,1.26439,0,24.0328
24.0524,1.72151,0.3559,0.850445,0,0,0,0,65,68,0,0,0,0,0,traj_sz=100
24.0525,1.72151,0.3559,0.850445,1.77636,0.422603,0.997427,0.1128,65,68,0.0863135,0.0891534,0.165566,1.26265,0,24.0525
24.0724,1.7222,0.357202,0.849933,0,0,0,0,65,68,0,0,0,0,0,traj_sz=100
24.0725,1.7222,0.357202,0.849933,1.77636,0.422603,0.997427,0.1128,65,68,0.0848787,0.0898269,0.161872,1.2612,0,24.0725
24.0924,1.72322,0.357778,0.854121,0,0,0,0,65,68,0,0,0,0,0,traj_sz=100
24.0925,1.72322,0.357778,0.854121,1.77636,0.422603,0.997427,0.1128,66,68,0.0837818,0.0908544,0.230301,1.26011,0,24.0925
24.1123,1.72354,0.358503,0.854431,0,0,0,0,66,68,0,0,0,0,0,traj_sz=100
24.1124,1.72354,0.358503,0.854431,1.77636,0.422603,0.997427,0.1128,66,68,0.0830286,0.0922075,0.226811,1.25935,0,24.1124
24.1324,1.72501,0.360498,0.852961,0,0,0,0,66,68,0,0,0,0,0,traj_sz=100
24.1324,1.72501,0.360498,0.852961,1.77636,0.422603,0.997427,0.1128,66,68,0.0805537,0.091849,0.228595,1.25687,0,24.1324
24.1524,1.72635,0.361549,0.857587,0,0,0,0,66,68,0,0,0,0,0,traj_sz=100
24.1525,1.72635,0.361549,0.857587,1.79881,0.457368,1.05111,0.122114,66,69,0.119872,0.0923249,0.226465,1.25522,0,24.1525
24.1725,1.72755,0.363016,0.862292,0,0,0,0,66,69,0,0,0,0,0,traj_sz=100
24.1726,1.72755,0.363016,0.862292,1.79881,0.457368,1.05111,0.122114,66,69,0.118017,0.0925644,0.218685,1.25333,0,24.1726
24.1924,1.72829,0.363625,0.863818,0,0,0,0,66,69,0,0,0,0,0,traj_sz=100
24.1925,1.72829,0.363625,0.863818,1.79881,0.457368,1.05111,0.122114,66,69,0.117079,0.0937326,0.219195,1.25238,0,24.1925
24.2124,1.72883,0.364589,0.862155,0,0,0,0,66,69,0,0,0,0,0,traj_sz=100
24.2125,1.72883,0.364589,0.862155,1.79881,0.457368,1.05111,0.122114,66,69,0.115983,0.094755,0.219749,1.25129,0,24.2125
24.2324,1.73102,0.367034,0.868289,0,0,0,0,66,69,0,0,0,0,0,traj_sz=100
24.2326,1.73102,0.367034,0.868289,1.79881,0.457368,1.05111,0.122114,66,69,0.112744,0.0938807,0.212208,1.24802,0,24.2326
24.2524,1.73246,0.368579,0.871215,0,0,0,0,66,69,0,0,0,0,0,traj_sz=100
24.2525,1.73246,0.368579,0.871215,1.79881,0.457368,1.05111,0.122114,66,69,0.110659,0.0941734,0.209704,1.24592,0,24.2525
24.2724,1.73381,0.370245,0.876384,0,0,0,0,66,69,0,0,0,0,0,traj_sz=100
24.2726,1.73381,0.370245,0.876384,1.79881,0.457368,1.05111,0.122114,66,69,0.108545,0.0944438,0.201127,1.24377,0,24.2726
24.2923,1.7346,0.371119,0.87744,0,0,0,0,66,69,0,0,0,0,0,traj_sz=100
24.2924,1.7346,0.371119,0.87744,1.79881,0.457368,1.05111,0.122114,66,69,0.107371,0.0956502,0.200593,1.2426,0,24.2924
24.3124,1.73514,0.372023,0.878164,0,0,0,0,66,69,0,0,0,0,0,traj_sz=100
24.3126,1.73514,0.372023,0.878164,1.79881,0.457368,1.05111,0.122114,66,69,0.106335,0.0970247,0.197407,1.24155,0,24.3126
24.3324,1.73732,0.374509,0.884587,0,0,0,0,66,69,0,0,0,0,0,traj_sz=100
24.3326,1.73732,0.374509,0.884587,1.79881,0.457368,1.05111,0.122114,66,69,0.103064,0.0961232,0.188807,1.23825,0,24.3326
24.3524,1.73845,0.376218,0.883868,0,0,0,0,66,69,0,0,0,0,0,traj_sz=100
24.3525,1.73845,0.376218,0.883868,1.79881,0.457368,1.05111,0.122114,66,69,0.101022,0.096476,0.187814,1.23621,0,24.3525
24.3724,1.73966,0.377627,0.886147,0,0,0,0,66,69,0,0,0,0,0,traj_sz=100
24.3725,1.73966,0.377627,0.886147,1.79881,0.457368,1.05111,0.122114,66,69,0.099176,0.0970266,0.185112,1.23435,0,24.3725
24.3926,1.74057,0.378407,0.888076,0,0,0,0,66,69,0,0,0,0,0,traj_sz=100
24.3928,1.74057,0.378407,0.888076,1.79881,0.457368,1.05111,0.122114,66,69,0.098006,0.0982887,0.185234,1.23318,0,24.3928
24.4124,1.74092,0.379338,0.888035,0,0,0,0,66,69,0,0,0,0,0,traj_sz=100
24.4125,1.74092,0.379338,0.888035,1.79881,0.457368,1.05111,0.122114,66,69,0.0970617,0.0997027,0.180938,1.23223,0,24.4125
24.4324,1.74317,0.381698,0.895287,0,0,0,0,66,69,0,0,0,0,0,traj_sz=100
24.4325,1.74317,0.381698,0.895287,1.79881,0.457368,1.05111,0.122114,67,69,0.0938413,0.0988704,0.230317,1.22898,0,24.4325
24.4525,1.74448,0.383295,0.897923,0,0,0,0,67,69,0,0,0,0,0,traj_sz=100
24.4526,1.74448,0.383295,0.897923,1.79881,0.457368,1.05111,0.122114,67,69,0.0917911,0.0992255,0.227654,1.22692,0,24.4526
24.4725,1.74591,0.38501,0.900175,0,0,0,0,67,69,0,0,0,0,0,traj_sz=100
24.4726,1.74591,0.38501,0.900175,1.79881,0.457368,1.05111,0.122114,67,69,0.0895612,0.0993948,0.226334,1.22468,0,24.4726
24.4924,1.74657,0.385973,0.900598,0,0,0,0,67,69,0,0,0,0,0,traj_sz=100
24.4926,1.74657,0.385973,0.900598,1.79881,0.457368,1.05111,0.122114,67,69,0.0884021,0.100633,0.225194,1.22352,0,24.4926
24.5125,1.74723,0.386852,0.90207,0,0,0,0,67,69,0,0,0,0,0,traj_sz=100
24.5126,1.74723,0.386852,0.90207,1.79881,0.457368,1.05111,0.122114,67,69,0.0873073,0.101934,0.223021,1.22242,0,24.5126
24.5326,1.74906,0.389284,0.905669,0,0,0,0,67,69,0,0,0,0,0,traj_sz=100
24.5326,1.74906,0.389284,0.905669,1.79881,0.457368,1.05111,0.122114,67,69,0.0842773,0.1013,0.217812,1.21938,0,24.5326
24.5525,1.75002,0.390861,0.907378,0,0,0,0,67,69,0,0,0,0,0,traj_sz=100
24.5526,1.75002,0.390861,0.907378,1.79881,0.457368,1.05111,0.122114,67,69,0.0824436,0.101853,0.212895,1.21754,0,24.5526
24.5725,1.75161,0.392299,0.912844,0,0,0,0,67,69,0,0,0,0,0,traj_sz=100
24.5726,1.75161,0.392299,0.912844,1.79881,0.457368,1.05111,0.122114,67,69,0.0803482,0.102163,0.209994,1.21543,0,24.5726
24.5925,1.75214,0.393232,0.911667,0,0,0,0,67,69,0,0,0,0,0,traj_sz=100
24.5926,1.75214,0.393232,0.911667,1.79881,0.457368,1.05111,0.122114,67,69,0.0792858,0.103652,0.21046,1.21437,0,24.5926
24.6125,1.75291,0.39404,0.915435,0,0,0,0,67,69,0,0,0,0,0,traj_sz=100
24.6126,1.75291,0.39404,0.915435,1.79881,0.457368,1.05111,0.122114,67,69,0.078181,0.10519,0.206153,1.21326,0,24.6126
24.6327,1.75486,0.396657,0.921295,0,0,0,0,67,69,0,0,0,0,0,traj_sz=100
24.6328,1.75486,0.396657,0.921295,1.79881,0.457368,1.05111,0.122114,67,69,0.0749281,0.104606,0.196791,1.21,0,24.6328
24.6524,1.75621,0.398547,0.922538,0,0,0,0,67,69,0,0,0,0,0,traj_sz=100
24.6525,1.75621,0.398547,0.922538,1.79881,0.457368,1.05111,0.122114,67,69,0.0726101,0.104908,0.194632,1.20768,0,24.6525
24.6724,1.75761,0.400402,0.927686,0,0,0,0,67,69,0,0,0,0,0,traj_sz=100
24.6725,1.75761,0.400402,0.927686,1.79881,0.457368,1.05111,0.122114,67,69,0.0702907,0.105228,0.18646,1.20535,0,24.6725
24.6924,1.75811,0.401291,0.928704,0,0,0,0,67,69,0,0,0,0,0,traj_sz=100
24.6925,1.75811,0.401291,0.928704,1.79881,0.457368,1.05111,0.122114,67,69,0.0692826,0.106872,0.183007,1.20435,0,24.6925
24.7125,1.75892,0.402205,0.931058,0,0,0,0,67,69,0,0,0,0,0,traj_sz=100
24.7126,1.75892,0.402205,0.931058,1.79881,0.457368,1.05111,0.122114,67,69,0.0680698,0.108327,0.180699,1.20313,0,24.7126
24.7324,1.76098,0.405172,0.93526,0,0,0,0,67,69,0,0,0,0,0,traj_sz=100
24.7325,1.76098,0.405172,0.93526,1.79881,0.457368,1.05111,0.122114,67,69,0.0644625,0.107352,0.172614,1.19952,0,24.7325
24.7525,1.76217,0.407121,0.938167,0,0,0,0,67,69,0,0,0,0,0,traj_sz=100
24.7526,1.76217,0.407121,0.938167,1.79881,0.457368,1.05111,0.122114,67,69,0.0621869,0.107732,0.165085,1.19725,0,24.7526
24.7724,1.76369,0.408996,0.942032,0,0,0,0,67,69,0,0,0,0,0,traj_sz=100
24.7725,1.76369,0.408996,0.942032,1.79881,0.457368,1.05111,0.122114,68,69,0.0597749,0.107969,0.227453,1.19484,0,24.7725
24.7924,1.76428,0.409803,0.946614,0,0,0,0,68,69,0,0,0,0,0,traj_sz=100
24.7925,1.76428,0.409803,0.946614,1.79881,0.457368,1.05111,0.122114,68,69,0.0587767,0.109622,0.220038,1.19384,0,24.7925
24.8126,1.76496,0.410748,0.945337,0,0,0,0,68,69,0,0,0,0,0,traj_sz=100
24.8128,1.76496,0.410748,0.945337,1.79881,0.457368,1.05111,0.122114,68,69,0.0576151,0.111146,0.223165,1.19268,0,24.8128
24.8324,1.76688,0.413729,0.950523,0,0,0,0,68,69,0,0,0,0,0,traj_sz=100
24.8325,1.76688,0.413729,0.950523,1.82106,0.496253,1.10923,0.128346,68,70,0.0986444,0.110217,0.213802,1.18915,0,24.8325
24.8524,1.76839,0.415413,0.955258,0,0,0,0,68,70,0,0,0,0,0,traj_sz=100
24.8524,1.76839,0.415413,0.955258,1.82106,0.496253,1.10923,0.128346,68,70,0.0964165,0.11062,0.210579,1.18689,0,24.8524
24.8725,1.76981,0.417399,0.956677,0,0,0,0,68,70,0,0,0,0,0,traj_sz=100
24.8727,1.76981,0.417399,0.956677,1.82106,0.496253,1.10923,0.128346,68,70,0.0939779,0.110856,0.209802,1.18445,0,24.8727
24.8924,1.77047,0.418395,0.957228,0,0,0,0,68,70,0,0,0,0,0,traj_sz=100
24.8925,1.77047,0.418395,0.957228,1.82106,0.496253,1.10923,0.128346,68,70,0.0927882,0.1123,0.208961,1.18326,0,24.8925
24.9125,1.77128,0.419398,0.959964,0,0,0,0,68,70,0,0,0,0,0,traj_sz=100
24.9126,1.77128,0.419398,0.959964,1.82106,0.496253,1.10923,0.128346,68,70,0.0915108,0.113678,0.20611,1.18197,0,24.9126
24.9325,1.77322,0.422296,0.965953,0,0,0,0,68,70,0,0,0,0,0,traj_sz=100
24.9326,1.77322,0.422296,0.965953,1.82106,0.496253,1.10923,0.128346,68,70,0.0880381,0.11284,0.196268,1.17849,0,24.9326
24.9525,1.77479,0.424388,0.969808,0,0,0,0,68,70,0,0,0,0,0,traj_sz=100
24.9526,1.77479,0.424388,0.969808,1.82106,0.496253,1.10923,0.128346,68,70,0.0854357,0.112903,0.192078,1.17588,0,24.9526
24.9724,1.77621,0.426495,0.975304,0,0,0,0,68,70,0,0,0,0,0,traj_sz=100
24.9726,1.77621,0.426495,0.975304,1.82106,0.496253,1.10923,0.128346,68,70,0.0829073,0.113118,0.182927,1.17334,0,24.9726
24.9925,1.77682,0.427562,0.975825,0,0,0,0,68,70,0,0,0,0,0,traj_sz=100
24.9925,1.77682,0.427562,0.975825,1.82106,0.496253,1.10923,0.128346,68,70,0.0816809,0.114643,0.18104,1.17212,0,24.9925
25.0125,1.77765,0.428509,0.979404,0,0,0,0,68,70,0,0,0,0,0,traj_sz=100
25.0126,1.77765,0.428509,0.979404,1.82106,0.496253,1.10923,0.128346,68,70,0.0804426,0.116168,0.177231,1.17087,0,25.0126
25.0323,1.77978,0.431652,0.987484,0,0,0,0,68,70,0,0,0,0,0,traj_sz=100
25.0332,1.77978,0.431652,0.987484,1.82106,0.496253,1.10923,0.128346,68,70,0.0766528,0.11511,0.164056,1.16708,0,25.0332
25.0524,1.7813,0.433808,0.99086,0,0,0,0,68,70,0,0,0,0,0,traj_sz=100
25.0525,1.7813,0.433808,0.99086,1.82106,0.496253,1.10923,0.128346,68,70,0.0740244,0.115247,0.159497,1.16445,0,25.0525
25.0723,1.78225,0.436113,0.989179,0,0,0,0,68,70,0,0,0,0,0,traj_sz=100
25.0724,1.78225,0.436113,0.989179,1.82106,0.496253,1.10923,0.128346,68,70,0.0715743,0.115533,0.155747,1.16205,0,25.0724
25.0925,1.78308,0.436947,0.995605,0,0,0,0,68,70,0,0,0,0,0,traj_sz=100
25.0925,1.78308,0.436947,0.995605,1.82106,0.496253,1.10923,0.128346,68,70,0.0704232,0.117159,0.147908,1.16088,0,25.0925
25.1124,1.78384,0.437896,0.995603,0,0,0,0,68,70,0,0,0,0,0,traj_sz=100
25.1125,1.78384,0.437896,0.995603,1.82106,0.496253,1.10923,0.128346,68,70,0.0692118,0.118705,0.149793,1.15966,0,25.1125
25.1323,1.78551,0.441189,0.998601,0,0,0,0,68,70,0,0,0,0,0,traj_sz=100
25.1324,1.78551,0.441189,0.998601,1.82106,0.496253,1.10923,0.128346,68,70,0.0655405,0.117771,0.138652,1.15604,0,25.1324
25.1524,1.78705,0.443335,1.00396,0,0,0,0,68,70,0,0,0,0,0,traj_sz=100
25.1524,1.78705,0.443335,1.00396,1.82106,0.496253,1.10923,0.128346,69,70,0.0629037,0.117893,0.221657,1.1534,0,25.1524
25.1723,1.78834,0.445498,1.00859,0,0,0,0,69,70,0,0,0,0,0,traj_sz=100
25.1724,1.78834,0.445498,1.00859,1.84203,0.538412,1.16413,0.131707,69,71,0.107235,0.118131,0.213962,1.15091,0,25.1724
25.1924,1.78895,0.446591,1.01058,0,0,0,0,69,71,0,0,0,0,0,traj_sz=100
25.1925,1.78895,0.446591,1.01058,1.84203,0.538412,1.16413,0.131707,69,71,0.105991,0.119649,0.210226,1.14967,0,25.1925
25.2124,1.78976,0.447731,1.01192,0,0,0,0,69,71,0,0,0,0,0,traj_sz=100
25.2125,1.78976,0.447731,1.01192,1.84203,0.538412,1.16413,0.131707,69,71,0.104598,0.121005,0.209899,1.14827,0,25.2125
25.2325,1.79171,0.450975,1.01687,0,0,0,0,69,71,0,0,0,0,0,traj_sz=100
25.2326,1.79171,0.450975,1.01687,1.84203,0.538412,1.16413,0.131707,69,71,0.100832,0.119995,0.202189,1.14452,0,25.2326
25.2524,1.79259,0.453069,1.01795,0,0,0,0,69,71,0,0,0,0,0,traj_sz=100
25.2525,1.79259,0.453069,1.01795,1.84203,0.538412,1.16413,0.131707,69,71,0.0985921,0.120482,0.196091,1.14233,0,25.2525
25.2723,1.79415,0.455277,1.02141,0,0,0,0,69,71,0,0,0,0,0,traj_sz=100
25.2724,1.79415,0.455277,1.02141,1.84203,0.538412,1.16413,0.131707,69,71,0.095902,0.120532,0.193746,1.13963,0,25.2724
25.2924,1.79481,0.456451,1.02393,0,0,0,0,69,71,0,0,0,0,0,traj_sz=100
25.2927,1.79481,0.456451,1.02393,1.84203,0.538412,1.16413,0.131707,69,71,0.0945629,0.12197,0.189039,1.1383,0,25.2927
25.3125,1.79582,0.457574,1.02816,0,0,0,0,69,71,0,0,0,0,0,traj_sz=100
25.3126,1.79582,0.457574,1.02816,1.84203,0.538412,1.16413,0.131707,69,71,0.0930898,0.123242,0.186168,1.13679,0,25.3126
25.3324,1.79776,0.460968,1.03235,0,0,0,0,69,71,0,0,0,0,0,traj_sz=100
25.3325,1.79776,0.460968,1.03235,1.84203,0.538412,1.16413,0.131707,69,71,0.0891879,0.12209,0.178645,1.13292,0,25.3325
25.3523,1.79916,0.463444,1.03656,0,0,0,0,69,71,0,0,0,0,0,traj_sz=100
25.3524,1.79916,0.463444,1.03656,1.84203,0.538412,1.16413,0.131707,69,71,0.0863495,0.122007,0.17089,1.13011,0,25.3524
25.3725,1.80057,0.465743,1.04172,0,0,0,0,69,71,0,0,0,0,0,traj_sz=100
25.3726,1.80057,0.465743,1.04172,1.84203,0.538412,1.16413,0.131707,69,71,0.0836578,0.122105,0.16284,1.12743,0,25.3726
25.3925,1.80131,0.46692,1.04326,0,0,0,0,69,71,0,0,0,0,0,traj_sz=100
25.3926,1.80131,0.46692,1.04326,1.84203,0.538412,1.16413,0.131707,69,71,0.0822727,0.123492,0.160855,1.12606,0,25.3926
25.4124,1.80185,0.468149,1.04828,0,0,0,0,69,71,0,0,0,0,0,traj_sz=100
25.4125,1.80185,0.468149,1.04828,1.84203,0.538412,1.16413,0.131707,69,71,0.0809391,0.124917,0.149755,1.12475,0,25.4125
25.4325,1.80399,0.471644,1.05375,0,0,0,0,69,71,0,0,0,0,0,traj_sz=100
25.4327,1.80399,0.471644,1.05375,1.84203,0.538412,1.16413,0.131707,69,71,0.0768419,0.123615,0.141766,1.12068,0,25.4327
25.4525,1.80532,0.474026,1.05847,0,0,0,0,69,71,0,0,0,0,0,traj_sz=100
25.4526,1.80532,0.474026,1.05847,1.84203,0.538412,1.16413,0.131707,69,71,0.0741157,0.123659,0.132761,1.118,0,25.4526
25.4725,1.80675,0.476535,1.06189,0,0,0,0,69,71,0,0,0,0,0,traj_sz=100
25.4726,1.80675,0.476535,1.06189,1.84203,0.538412,1.16413,0.131707,69,71,0.0712266,0.123536,0.126541,1.11514,0,25.4726
25.4925,1.80758,0.477795,1.0642,0,0,0,0,69,71,0,0,0,0,0,traj_sz=100
25.4926,1.80758,0.477795,1.0642,1.84203,0.538412,1.16413,0.131707,69,71,0.069719,0.124805,0.123833,1.11364,0,25.4926
25.5124,1.80816,0.479002,1.06668,0,0,0,0,69,71,0,0,0,0,0,traj_sz=100
25.5126,1.80816,0.479002,1.06668,1.84203,0.538412,1.16413,0.131707,70,71,0.0683789,0.126239,0.194573,1.11233,0,25.5126
25.5325,1.81017,0.482577,1.07149,0,0,0,0,70,71,0,0,0,0,0,traj_sz=100
25.5326,1.81017,0.482577,1.07149,1.84203,0.538412,1.16413,0.131707,70,71,0.064274,0.124913,0.188986,1.10828,0,25.5326
25.5525,1.81119,0.484787,1.07479,0,0,0,0,70,71,0,0,0,0,0,traj_sz=100
25.5526,1.81119,0.484787,1.07479,1.86114,0.58279,1.21269,0.132753,70,72,0.109966,0.125261,0.181981,1.10592,0,25.5526
25.5725,1.81253,0.487024,1.07704,0,0,0,0,70,72,0,0,0,0,0,traj_sz=100
25.5726,1.81253,0.487024,1.07704,1.86114,0.58279,1.21269,0.132753,70,72,0.107365,0.125426,0.181023,1.10333,0,25.5726
25.5924,1.81284,0.488291,1.07725,0,0,0,0,70,72,0,0,0,0,0,traj_sz=100
25.5926,1.81284,0.488291,1.07725,1.86114,0.58279,1.21269,0.132753,70,72,0.106105,0.126926,0.176273,1.10215,0,25.5926
25.6125,1.81375,0.489377,1.08096,0,0,0,0,70,72,0,0,0,0,0,traj_sz=100
25.6127,1.81375,0.489377,1.08096,1.86114,0.58279,1.21269,0.132753,70,72,0.104725,0.12832,0.174611,1.10073,0,25.6127
25.6324,1.81563,0.49294,1.08672,0,0,0,0,70,72,0,0,0,0,0,traj_sz=100
25.6325,1.81563,0.49294,1.08672,1.86114,0.58279,1.21269,0.132753,70,72,0.100708,0.127038,0.165663,1.09678,0,25.6325
25.6524,1.81693,0.495541,1.0896,0,0,0,0,70,72,0,0,0,0,0,traj_sz=100
25.6525,1.81693,0.495541,1.0896,1.86114,0.58279,1.21269,0.132753,70,72,0.0978043,0.126901,0.16056,1.09393,0,25.6525
25.6724,1.81792,0.497916,1.09102,0,0,0,0,70,72,0,0,0,0,0,traj_sz=100
25.6725,1.81792,0.497916,1.09102,1.86114,0.58279,1.21269,0.132753,70,72,0.0952411,0.12711,0.155467,1.09146,0,25.6725
25.6924,1.81888,0.49912,1.09467,0,0,0,0,70,72,0,0,0,0,0,traj_sz=100
25.6924,1.81888,0.49912,1.09467,1.86114,0.58279,1.21269,0.132753,70,72,0.0937329,0.128341,0.153771,1.08992,0,25.6924
25.7123,1.81938,0.500298,1.09777,0,0,0,0,70,72,0,0,0,0,0,traj_sz=100
25.7124,1.81938,0.500298,1.09777,1.86114,0.58279,1.21269,0.132753,70,72,0.0924608,0.129802,0.146964,1.08869,0,25.7124
25.7323,1.82121,0.504163,1.09956,0,0,0,0,70,72,0,0,0,0,0,traj_sz=100
25.7324,1.82121,0.504163,1.09956,1.86114,0.58279,1.21269,0.132753,70,72,0.0881845,0.128261,0.142554,1.08453,0,25.7324
25.7523,1.82259,0.506507,1.10605,0,0,0,0,70,72,0,0,0,0,0,traj_sz=100
25.7524,1.82259,0.506507,1.10605,1.86114,0.58279,1.21269,0.132753,70,72,0.0854706,0.128295,0.133704,1.08183,0,25.7524
25.7724,1.82384,0.508948,1.1092,0,0,0,0,70,72,0,0,0,0,0,traj_sz=100
25.7725,1.82384,0.508948,1.1092,1.86114,0.58279,1.21269,0.132753,70,72,0.0827263,0.128307,0.128559,1.07915,0,25.7725
25.7924,1.82436,0.510145,1.11272,0,0,0,0,70,72,0,0,0,0,0,traj_sz=100
25.7925,1.82436,0.510145,1.11272,1.86114,0.58279,1.21269,0.132753,70,72,0.0814218,0.12974,0.121173,1.07789,0,25.7925
25.8124,1.82494,0.511406,1.11232,0,0,0,0,70,72,0,0,0,0,0,traj_sz=100
25.8125,1.82494,0.511406,1.11232,1.86114,0.58279,1.21269,0.132753,70,72,0.0800326,0.131097,0.121318,1.07654,0,25.8125
25.8323,1.8264,0.514765,1.11879,0,0,0,0,70,72,0,0,0,0,0,traj_sz=100
25.8325,1.8264,0.514765,1.11879,1.86114,0.58279,1.21269,0.132753,70,72,0.0763663,0.130161,0.106817,1.07301,0,25.8325
25.8524,1.82763,0.517236,1.12275,0,0,0,0,70,72,0,0,0,0,0,traj_sz=100
25.8525,1.82763,0.517236,1.12275,1.86114,0.58279,1.21269,0.132753,70,72,0.0736006,0.130151,0.0996754,1.07032,0,25.8525
25.8724,1.82869,0.519673,1.12266,0,0,0,0,70,72,0,0,0,0,0,traj_sz=100
25.8725,1.82869,0.519673,1.12266,1.86114,0.58279,1.21269,0.132753,71,72,0.0709428,0.130231,0.157601,1.06775,0,25.8725
25.8925,1.82938,0.520924,1.12594,0,0,0,0,71,72,0,0,0,0,0,traj_sz=100
25.8925,1.82938,0.520924,1.12594,1.86114,0.58279,1.21269,0.132753,71,72,0.0695098,0.131543,0.153783,1.06635,0,25.8925
25.9126,1.82997,0.522186,1.12636,0,0,0,0,71,72,0,0,0,0,0,traj_sz=100
25.9128,1.82997,0.522186,1.12636,1.86114,0.58279,1.21269,0.132753,71,72,0.0681171,0.132923,0.153649,1.06499,0,25.9128
25.9324,1.83191,0.525994,1.13315,0,0,0,0,71,72,0,0,0,0,0,traj_sz=100
25.9328,1.83191,0.525994,1.13315,1.87821,0.628403,1.25261,0.132183,71,73,0.112378,0.131394,0.145577,1.06081,0,25.9328
25.9525,1.83292,0.528617,1.13533,0,0,0,0,71,73,0,0,0,0,0,traj_sz=100
25.9526,1.83292,0.528617,1.13533,1.87821,0.628403,1.25261,0.132183,71,73,0.10958,0.131306,0.139879,1.05815,0,25.9526
25.9725,1.8345,0.531353,1.13929,0,0,0,0,71,73,0,0,0,0,0,traj_sz=100
25.9727,1.8345,0.531353,1.13929,1.87821,0.628403,1.25261,0.132183,71,73,0.106433,0.1309,0.138413,1.05502,0,25.9727
25.9926,1.83513,0.532788,1.1388,0,0,0,0,71,73,0,0,0,0,0,traj_sz=100
25.9927,1.83513,0.532788,1.1388,1.87821,0.628403,1.25261,0.132183,71,73,0.104869,0.132084,0.139401,1.05351,0,25.9927
26.0124,1.83552,0.53411,1.14137,0,0,0,0,71,73,0,0,0,0,0,traj_sz=100
26.0126,1.83552,0.53411,1.14137,1.87821,0.628403,1.25261,0.132183,71,73,0.103504,0.133428,0.132343,1.05224,0,26.0126
26.0325,1.83769,0.538239,1.1449,0,0,0,0,71,73,0,0,0,0,0,traj_sz=100
26.0326,1.83769,0.538239,1.1449,1.87821,0.628403,1.25261,0.132183,71,73,0.0988484,0.131517,0.131386,1.04767,0,26.0326
26.0523,1.83892,0.541058,1.14681,0,0,0,0,71,73,0,0,0,0,0,traj_sz=100
26.0524,1.83892,0.541058,1.14681,1.87821,0.628403,1.25261,0.132183,71,73,0.0957747,0.131134,0.128134,1.04471,0,26.0524
26.0725,1.84039,0.543877,1.15314,0,0,0,0,71,73,0,0,0,0,0,traj_sz=100
26.0726,1.84039,0.543877,1.15314,1.87821,0.628403,1.25261,0.132183,71,73,0.0926004,0.130668,0.12027,1.04159,0,26.0726
26.0925,1.84107,0.54544,1.15375,0,0,0,0,71,73,0,0,0,0,0,traj_sz=100
26.0926,1.84107,0.54544,1.15375,1.87821,0.628403,1.25261,0.132183,71,73,0.0908973,0.131654,0.119205,1.03996,0,26.0926
26.1125,1.84156,0.546882,1.15341,0,0,0,0,71,73,0,0,0,0,0,traj_sz=100
26.1126,1.84156,0.546882,1.15341,1.87821,0.628403,1.25261,0.132183,71,73,0.0893791,0.132804,0.118067,1.03853,0,26.1126
26.1324,1.84319,0.551106,1.15427,0,0,0,0,71,73,0,0,0,0,0,traj_sz=100
26.1325,1.84319,0.551106,1.15427,1.87821,0.628403,1.25261,0.132183,71,73,0.0848581,0.130954,0.113838,1.03423,0,26.1325
26.1524,1.84426,0.553563,1.15725,0,0,0,0,71,73,0,0,0,0,0,traj_sz=100
26.1526,1.84426,0.553563,1.15725,1.87821,0.628403,1.25261,0.132183,71,73,0.0821756,0.130962,0.108653,1.03165,0,26.1526
26.1724,1.84552,0.556008,1.1634,0,0,0,0,71,73,0,0,0,0,0,traj_sz=100
26.1725,1.84552,0.556008,1.1634,1.87821,0.628403,1.25261,0.132183,71,73,0.0794216,0.130889,0.100524,1.02896,0,26.1725
26.1925,1.84587,0.557283,1.16377,0,0,0,0,71,73,0,0,0,0,0,traj_sz=100
26.1928,1.84587,0.557283,1.16377,1.87821,0.628403,1.25261,0.132183,71,73,0.078113,0.132292,0.0970383,1.02776,0,26.1928
26.2125,1.84664,0.558668,1.16548,0,0,0,0,71,73,0,0,0,0,0,traj_sz=100
26.2126,1.84664,0.558668,1.16548,1.87821,0.628403,1.25261,0.132183,71,73,0.0765347,0.133387,0.0963387,1.0262,0,26.2126
26.2325,1.84833,0.562786,1.17061,0,0,0,0,71,73,0,0,0,0,0,traj_sz=100
26.2326,1.84833,0.562786,1.17061,1.87821,0.628403,1.25261,0.132183,72,73,0.0720717,0.131608,0.132057,1.02195,0,26.2326
26.2524,1.84928,0.565585,1.17194,0,0,0,0,72,73,0,0,0,0,0,traj_sz=100
26.2526,1.84928,0.565585,1.17194,1.87821,0.628403,1.25261,0.132183,72,73,0.0691248,0.131338,0.128184,1.01919,0,26.2526
26.2725,1.85039,0.568458,1.17272,0,0,0,0,72,73,0,0,0,0,0,traj_sz=100
26.2726,1.85039,0.568458,1.17272,1.89338,0.674463,1.28241,0.130748,72,74,0.11438,0.130934,0.127351,1.01627,0,26.2726
26.2923,1.85073,0.569827,1.17629,0,0,0,0,72,74,0,0,0,0,0,traj_sz=100
26.2924,1.85073,0.569827,1.17629,1.89338,0.674463,1.28241,0.130748,72,74,0.112989,0.132189,0.118556,1.015,0,26.2924
26.3123,1.85155,0.571204,1.17722,0,0,0,0,72,74,0,0,0,0,0,traj_sz=100
26.3125,1.85155,0.571204,1.17722,1.89338,0.674463,1.28241,0.130748,72,74,0.111407,0.133295,0.121082,1.01342,0,26.3125
26.3325,1.8528,0.575682,1.17786,0,0,0,0,72,74,0,0,0,0,0,traj_sz=100
26.3326,1.8528,0.575682,1.17786,1.89338,0.674463,1.28241,0.130748,72,74,0.106793,0.131364,0.113893,1.00918,0,26.3326
26.3524,1.85443,0.578493,1.18304,0,0,0,0,72,74,0,0,0,0,0,traj_sz=100
26.3526,1.85443,0.578493,1.18304,1.89338,0.674463,1.28241,0.130748,72,74,0.103571,0.13083,0.11279,1.00597,0,26.3526
26.3725,1.85555,0.581357,1.18509,0,0,0,0,72,74,0,0,0,0,0,traj_sz=100
26.3726,1.85555,0.581357,1.18509,1.89338,0.674463,1.28241,0.130748,72,74,0.100496,0.130427,0.109808,1.00306,0,26.3726
26.3925,1.85608,0.582757,1.1871,0,0,0,0,72,74,0,0,0,0,0,traj_sz=100
26.3926,1.85608,0.582757,1.1871,1.89338,0.674463,1.28241,0.130748,72,74,0.0990024,0.131612,0.106175,1.00165,0,26.3926
26.4124,1.85656,0.584125,1.18793,0,0,0,0,72,74,0,0,0,0,0,traj_sz=100
26.4126,1.85656,0.584125,1.18793,1.89338,0.674463,1.28241,0.130748,72,74,0.0975515,0.132837,0.104288,1.00029,0,26.4126
26.4325,1.85832,0.588313,1.19321,0,0,0,0,72,74,0,0,0,0,0,traj_sz=100
26.4326,1.85832,0.588313,1.19321,1.89338,0.674463,1.28241,0.130748,72,74,0.0930078,0.130924,0.0974522,0.995953,0,26.4326
26.4525,1.85942,0.590782,1.19681,0,0,0,0,72,74,0,0,0,0,0,traj_sz=100
26.4526,1.85942,0.590782,1.19681,1.89338,0.674463,1.28241,0.130748,72,74,0.0903026,0.130835,0.0934928,0.993354,0,26.4526
26.4726,1.86017,0.593412,1.1959,0,0,0,0,72,74,0,0,0,0,0,traj_sz=100
26.4727,1.86017,0.593412,1.1959,1.89338,0.674463,1.28241,0.130748,72,74,0.0875825,0.13074,0.0917944,0.990863,0,26.4727
26.4924,1.86109,0.594707,1.19712,0,0,0,0,72,74,0,0,0,0,0,traj_sz=100
26.4925,1.86109,0.594707,1.19712,1.89338,0.674463,1.28241,0.130748,72,74,0.0860404,0.131798,0.0956902,0.989281,0,26.4925
26.5123,1.86152,0.596011,1.20029,0,0,0,0,72,74,0,0,0,0,0,traj_sz=100
26.5124,1.86152,0.596011,1.20029,1.89338,0.674463,1.28241,0.130748,72,74,0.0846646,0.133027,0.0892085,0.988006,0,26.5124
26.5323,1.86309,0.600077,1.20248,0,0,0,0,72,74,0,0,0,0,0,traj_sz=100
26.5324,1.86309,0.600077,1.20248,1.89338,0.674463,1.28241,0.130748,72,74,0.080304,0.131281,0.0858903,0.983892,0,26.5324
26.5524,1.86409,0.602864,1.20354,0,0,0,0,72,74,0,0,0,0,0,traj_sz=100
26.5526,1.86409,0.602864,1.20354,1.89338,0.674463,1.28241,0.130748,72,74,0.0773424,0.130957,0.0833983,0.98112,0,26.5526
26.5724,1.86534,0.605748,1.20708,0,0,0,0,72,74,0,0,0,0,0,traj_sz=100
26.5726,1.86534,0.605748,1.20708,1.89338,0.674463,1.28241,0.130748,72,74,0.0741935,0.130432,0.079526,0.97811,0,26.5726
26.5925,1.86567,0.607204,1.20756,0,0,0,0,72,74,0,0,0,0,0,traj_sz=100
26.5926,1.86567,0.607204,1.20756,1.89338,0.674463,1.28241,0.130748,73,74,0.0727171,0.131568,0.105169,0.976793,0,26.5926
26.6126,1.86646,0.608513,1.20936,0,0,0,0,73,74,0,0,0,0,0,traj_sz=100
26.6128,1.86646,0.608513,1.20936,1.89338,0.674463,1.28241,0.130748,73,74,0.07121,0.132712,0.107041,0.975285,0,26.6128
26.6324,1.86813,0.612834,1.21455,0,0,0,0,73,74,0,0,0,0,0,traj_sz=100
26.6326,1.86813,0.612834,1.21455,1.89338,0.674463,1.28241,0.130748,73,74,0.0665659,0.130672,0.101242,0.970914,0,26.6326
26.6524,1.86923,0.615641,1.21538,0,0,0,0,73,74,0,0,0,0,0,traj_sz=100
26.6524,1.86923,0.615641,1.21538,1.90702,0.72045,1.30131,0.129076,73,75,0.111409,0.130258,0.10226,0.968068,0,26.6524
26.6723,1.87017,0.618287,1.21752,0,0,0,0,73,75,0,0,0,0,0,traj_sz=100
26.6724,1.87017,0.618287,1.21752,1.90702,0.72045,1.30131,0.129076,73,75,0.108604,0.130063,0.0993556,0.96545,0,26.6724
26.6924,1.87062,0.61984,1.21721,0,0,0,0,73,75,0,0,0,0,0,traj_sz=100
26.6924,1.87062,0.61984,1.21721,1.90702,0.72045,1.30131,0.129076,73,75,0.106989,0.131063,0.0991209,0.963976,0,26.6924
26.7125,1.87115,0.621272,1.21909,0,0,0,0,73,75,0,0,0,0,0,traj_sz=100
26.7126,1.87115,0.621272,1.21909,1.90702,0.72045,1.30131,0.129076,73,75,0.105464,0.132174,0.0965114,0.962547,0,26.7126
26.7324,1.87233,0.625664,1.21772,0,0,0,0,73,75,0,0,0,0,0,traj_sz=100
26.7327,1.87233,0.625664,1.21772,1.90702,0.72045,1.30131,0.129076,73,75,0.100934,0.130257,0.0952212,0.958452,0,26.7327
26.7524,1.87361,0.628294,1.22227,0,0,0,0,73,75,0,0,0,0,0,traj_sz=100
26.7525,1.87361,0.628294,1.22227,1.90702,0.72045,1.30131,0.129076,73,75,0.0980266,0.129951,0.0928296,0.95563,0,26.7525
26.7724,1.87437,0.631236,1.22245,0,0,0,0,73,75,0,0,0,0,0,traj_sz=100
26.7725,1.87437,0.631236,1.22245,1.90702,0.72045,1.30131,0.129076,73,75,0.094999,0.129527,0.089651,0.952906,0,26.7725
26.7924,1.87503,0.632573,1.22723,0,0,0,0,73,75,0,0,0,0,0,traj_sz=100
26.7926,1.87503,0.632573,1.22723,1.90702,0.72045,1.30131,0.129076,73,75,0.0935191,0.130644,0.0840533,0.95147,0,26.7926
26.8123,1.87563,0.634112,1.22613,0,0,0,0,73,75,0,0,0,0,0,traj_sz=100
26.8124,1.87563,0.634112,1.22613,1.90702,0.72045,1.30131,0.129076,73,75,0.0918669,0.131528,0.0873968,0.949914,0,26.8124
26.8323,1.87676,0.638215,1.22924,0,0,0,0,73,75,0,0,0,0,0,traj_sz=100
26.8324,1.87676,0.638215,1.22924,1.90702,0.72045,1.30131,0.129076,73,75,0.0876215,0.129836,0.0785955,0.946082,0,26.8324
26.8523,1.87789,0.640871,1.23297,0,0,0,0,73,75,0,0,0,0,0,traj_sz=100
26.8524,1.87789,0.640871,1.23297,1.90702,0.72045,1.30131,0.129076,73,75,0.084737,0.129518,0.0755353,0.943339,0,26.8524
26.8723,1.87855,0.64345,1.23256,0,0,0,0,73,75,0,0,0,0,0,traj_sz=100
26.8724,1.87855,0.64345,1.23256,1.90702,0.72045,1.30131,0.129076,73,75,0.0820841,0.12942,0.0736432,0.940963,0,26.8724
26.8923,1.87911,0.644725,1.23274,0,0,0,0,73,75,0,0,0,0,0,traj_sz=100
26.8925,1.87911,0.644725,1.23274,1.90702,0.72045,1.30131,0.129076,73,75,0.0806952,0.130606,0.0753005,0.939636,0,26.8925
26.9124,1.8793,0.646049,1.233,0,0,0,0,73,75,0,0,0,0,0,traj_sz=100
26.9124,1.8793,0.646049,1.233,1.90702,0.72045,1.30131,0.129076,73,75,0.0793834,0.13184,0.0713002,0.938518,0,26.9124
26.9323,1.88063,0.649832,1.23471,0,0,0,0,73,75,0,0,0,0,0,traj_sz=100
26.9324,1.88063,0.649832,1.23471,1.90702,0.72045,1.30131,0.129076,73,75,0.0753718,0.130381,0.0693702,0.934805,0,26.9324
26.9525,1.88159,0.652406,1.23897,0,0,0,0,73,75,0,0,0,0,0,traj_sz=100
26.9525,1.88159,0.652406,1.23897,1.90702,0.72045,1.30131,0.129076,73,75,0.0726158,0.130216,0.0634005,0.932237,0,26.9525
26.9723,1.88231,0.655156,1.23904,0,0,0,0,73,75,0,0,0,0,0,traj_sz=100
26.9724,1.88231,0.655156,1.23904,1.90702,0.72045,1.30131,0.129076,74,75,0.0697837,0.129916,0.0740123,0.929707,0,26.9724
26.9923,1.88307,0.6565,1.24153,0,0,0,0,74,75,0,0,0,0,0,traj_sz=100
26.9924,1.88307,0.6565,1.24153,1.90702,0.72045,1.30131,0.129076,74,75,0.0682583,0.130961,0.0748051,0.928193,0,26.9924
27.0123,1.88311,0.657865,1.24014,0,0,0,0,74,75,0,0,0,0,0,traj_sz=100
27.0124,1.88311,0.657865,1.24014,1.90702,0.72045,1.30131,0.129076,74,75,0.0669569,0.132204,0.0720768,0.927147,0,27.0124
27.0324,1.88469,0.662158,1.24392,0,0,0,0,74,75,0,0,0,0,0,traj_sz=100
27.0325,1.88469,0.662158,1.24392,1.91963,0.766095,1.30894,0.127646,74,76,0.109654,0.130209,0.0695741,0.922897,0,27.0325
27.0525,1.88537,0.664798,1.24461,0,0,0,0,74,76,0,0,0,0,0,traj_sz=100
27.0527,1.88537,0.664798,1.24461,1.91963,0.766095,1.30894,0.127646,74,76,0.106932,0.130058,0.0669638,0.920471,0,27.0527
27.0724,1.88643,0.667376,1.24634,0,0,0,0,74,76,0,0,0,0,0,traj_sz=100
27.0725,1.88643,0.667376,1.24634,1.91963,0.766095,1.30894,0.127646,74,76,0.104152,0.129823,0.0680725,0.917846,0,27.0725
27.0924,1.88669,0.668814,1.24586,0,0,0,0,74,76,0,0,0,0,0,traj_sz=100
27.0925,1.88669,0.668814,1.24586,1.91963,0.766095,1.30894,0.127646,74,76,0.102706,0.130929,0.0665321,0.916604,0,27.0925
27.1125,1.88746,0.670222,1.24875,0,0,0,0,74,76,0,0,0,0,0,traj_sz=100
27.1126,1.88746,0.670222,1.24875,1.91963,0.766095,1.30894,0.127646,74,76,0.101126,0.131928,0.0663708,0.915043,0,27.1126
27.1324,1.88846,0.674345,1.24935,0,0,0,0,74,76,0,0,0,0,0,traj_sz=100
27.1325,1.88846,0.674345,1.24935,1.91963,0.766095,1.30894,0.127646,74,76,0.0968976,0.13024,0.0621094,0.911312,0,27.1325
27.1524,1.88941,0.677046,1.25126,0,0,0,0,74,76,0,0,0,0,0,traj_sz=100
27.1525,1.88941,0.677046,1.25126,1.91963,0.766095,1.30894,0.127646,74,76,0.0940333,0.129927,0.060857,0.908671,0,27.1525
27.1725,1.89025,0.679528,1.25115,0,0,0,0,74,76,0,0,0,0,0,traj_sz=100
27.1725,1.89025,0.679528,1.25115,1.91963,0.766095,1.30894,0.127646,74,76,0.0914134,0.129832,0.0625006,0.90627,0,27.1725
27.1923,1.89099,0.680866,1.25473,0,0,0,0,74,76,0,0,0,0,0,traj_sz=100
27.1925,1.89099,0.680866,1.25473,1.91963,0.766095,1.30894,0.127646,74,76,0.0899094,0.130848,0.0609803,0.904784,0,27.1925
27.2124,1.89131,0.682297,1.25385,0,0,0,0,74,76,0,0,0,0,0,traj_sz=100
27.2126,1.89131,0.682297,1.25385,1.91963,0.766095,1.30894,0.127646,74,76,0.088451,0.131925,0.0610511,0.903511,0,27.2126
27.2324,1.89244,0.686338,1.25546,0,0,0,0,74,76,0,0,0,0,0,traj_sz=100
27.2324,1.89244,0.686338,1.25546,1.91963,0.766095,1.30894,0.127646,74,76,0.0842559,0.130223,0.0571925,0.899763,0,27.2324
27.2523,1.89339,0.688782,1.2586,0,0,0,0,74,76,0,0,0,0,0,traj_sz=100
27.2524,1.89339,0.688782,1.2586,1.91963,0.766095,1.30894,0.127646,74,76,0.081635,0.130125,0.0547888,0.89732,0,27.2524
27.2727,1.89425,0.691513,1.26052,0,0,0,0,74,76,0,0,0,0,0,traj_sz=100
27.273,1.89425,0.691513,1.26052,1.91963,0.766095,1.30894,0.127646,74,76,0.0787705,0.129835,0.0519482,0.89473,0,27.273
27.2924,1.89458,0.692969,1.25676,0,0,0,0,74,76,0,0,0,0,0,traj_sz=100
27.2926,1.89458,0.692969,1.25676,1.91963,0.766095,1.30894,0.127646,74,76,0.0772885,0.130835,0.0572759,0.893435,0,27.2926
27.3124,1.89505,0.694378,1.26109,0,0,0,0,74,76,0,0,0,0,0,traj_sz=100
27.3126,1.89505,0.694378,1.26109,1.91963,0.766095,1.30894,0.127646,74,76,0.0757976,0.131872,0.0502203,0.892081,0,27.3126
27.3324,1.89629,0.698754,1.26246,0,0,0,0,74,76,0,0,0,0,0,traj_sz=100
27.3324,1.89629,0.698754,1.26246,1.91963,0.766095,1.30894,0.127646,75,76,0.0712471,0.129823,0.0416895,0.888022,0,27.3324
27.3524,1.897,0.701389,1.26183,0,0,0,0,75,76,0,0,0,0,0,traj_sz=100
27.3525,1.897,0.701389,1.26183,1.91963,0.766095,1.30894,0.127646,75,76,0.0685235,0.129618,0.042499,0.885611,0,27.3525
27.3724,1.89816,0.703961,1.26672,0,0,0,0,75,76,0,0,0,0,0,traj_sz=100
27.3727,1.89816,0.703961,1.26672,1.91963,0.766095,1.30894,0.127646,75,76,0.0657113,0.129358,0.040236,0.882936,0,27.3727
27.3925,1.89826,0.705418,1.26452,0,0,0,0,75,76,0,0,0,0,0,traj_sz=100
27.3926,1.89826,0.705418,1.26452,1.93176,0.811328,1.30519,0.126669,75,77,0.11108,0.130449,0.0398688,0.8818,0,27.3926
27.4125,1.89902,0.706818,1.26888,0,0,0,0,75,77,0,0,0,0,0,traj_sz=100
27.4126,1.89902,0.706818,1.26888,1.93176,0.811328,1.30519,0.126669,75,77,0.10952,0.131418,0.0372901,0.880264,0,27.4126
27.4325,1.89982,0.710886,1.26665,0,0,0,0,75,77,0,0,0,0,0,traj_sz=100
27.4327,1.89982,0.710886,1.26665,1.93176,0.811328,1.30519,0.126669,75,77,0.105399,0.129815,0.0366251,0.876748,0,27.4327
27.4524,1.90096,0.713408,1.2702,0,0,0,0,75,77,0,0,0,0,0,traj_sz=100
27.4525,1.90096,0.713408,1.2702,1.93176,0.811328,1.30519,0.126669,75,77,0.102648,0.129576,0.0367546,0.874125,0,27.4525
27.4724,1.90184,0.71629,1.27193,0,0,0,0,75,77,0,0,0,0,0,traj_sz=100
27.4726,1.90184,0.71629,1.27193,1.93176,0.811328,1.30519,0.126669,75,77,0.099634,0.129095,0.0348291,0.871425,0,27.4726
27.4924,1.90208,0.717599,1.27305,0,0,0,0,75,77,0,0,0,0,0,traj_sz=100
27.4925,1.90208,0.717599,1.27305,1.93176,0.811328,1.30519,0.126669,75,77,0.0983113,0.130273,0.0310364,0.870309,0,27.4925
27.5125,1.90273,0.719032,1.27307,0,0,0,0,75,77,0,0,0,0,0,traj_sz=100
27.5126,1.90273,0.719032,1.27307,1.93176,0.811328,1.30519,0.126669,75,77,0.0967513,0.131254,0.034701,0.868821,0,27.5126
27.5324,1.90379,0.723279,1.27524,0,0,0,0,75,77,0,0,0,0,0,traj_sz=100
27.5325,1.90379,0.723279,1.27524,1.93176,0.811328,1.30519,0.126669,75,77,0.0923799,0.129373,0.0290586,0.865016,0,27.5325
27.5524,1.90491,0.72597,1.27913,0,0,0,0,75,77,0,0,0,0,0,traj_sz=100
27.5524,1.90491,0.72597,1.27913,1.93176,0.811328,1.30519,0.126669,75,77,0.0894747,0.128973,0.0275245,0.862293,0,27.5524
27.5723,1.90577,0.728792,1.27977,0,0,0,0,75,77,0,0,0,0,0,traj_sz=100
27.5724,1.90577,0.728792,1.27977,1.93176,0.811328,1.30519,0.126669,75,77,0.0865229,0.12852,0.0275642,0.859657,0,27.5724
27.5925,1.90602,0.730319,1.27684,0,0,0,0,75,77,0,0,0,0,0,traj_sz=100
27.5927,1.90602,0.730319,1.27684,1.93176,0.811328,1.30519,0.126669,75,77,0.0849922,0.129522,0.0303565,0.858381,0,27.5927
27.6126,1.90666,0.731591,1.28164,0,0,0,0,75,77,0,0,0,0,0,traj_sz=100
27.6127,1.90666,0.731591,1.28164,1.93176,0.811328,1.30519,0.126669,75,77,0.0835826,0.130633,0.0259582,0.857017,0,27.6127
27.6324,1.90786,0.735802,1.282,0,0,0,0,75,77,0,0,0,0,0,traj_sz=100
27.6325,1.90786,0.735802,1.282,1.93176,0.811328,1.30519,0.126669,75,77,0.0792063,0.128733,0.0257304,0.853155,0,27.6325
27.6525,1.90859,0.738425,1.28344,0,0,0,0,75,77,0,0,0,0,0,traj_sz=100
27.6526,1.90859,0.738425,1.28344,1.93176,0.811328,1.30519,0.126669,75,77,0.07648,0.128521,0.0233297,0.850756,0,27.6526
27.6724,1.90927,0.740995,1.28342,0,0,0,0,75,77,0,0,0,0,0,traj_sz=100
27.6725,1.90927,0.740995,1.28342,1.93176,0.811328,1.30519,0.126669,75,77,0.0738216,0.12835,0.0229548,0.848436,0,27.6725
27.6924,1.90954,0.742316,1.28178,0,0,0,0,75,77,0,0,0,0,0,traj_sz=100
27.6925,1.90954,0.742316,1.28178,1.93176,0.811328,1.30519,0.126669,75,77,0.0724816,0.129511,0.0244839,0.847302,0,27.6925
27.7124,1.91014,0.743581,1.28605,0,0,0,0,75,77,0,0,0,0,0,traj_sz=100
27.7125,1.91014,0.743581,1.28605,1.93176,0.811328,1.30519,0.126669,75,77,0.071091,0.130631,0.0204411,0.845975,0,27.7125
27.7324,1.91112,0.747707,1.28349,0,0,0,0,75,77,0,0,0,0,0,traj_sz=100
27.7325,1.91112,0.747707,1.28349,1.93176,0.811328,1.30519,0.126669,76,77,0.0668629,0.128897,-0.000171353,0.842342,0,27.7325
27.7523,1.91165,0.750278,1.28345,0,0,0,0,76,77,0,0,0,0,0,traj_sz=100
27.7524,1.91165,0.750278,1.28345,1.93176,0.811328,1.30519,0.126669,76,77,0.0642471,0.128777,-0.00241686,0.840134,0,27.7524
27.7723,1.91239,0.753071,1.28517,0,0,0,0,76,77,0,0,0,0,0,traj_sz=100
27.7724,1.91239,0.753071,1.28517,1.94395,0.856169,1.28997,0.126136,76,78,0.107813,0.12838,-0.00557686,0.837621,0,27.7724
27.7925,1.91293,0.754443,1.28901,0,0,0,0,76,78,0,0,0,0,0,traj_sz=100
27.7926,1.91293,0.754443,1.28901,1.94395,0.856169,1.28997,0.126136,76,78,0.10634,0.129449,-0.0100358,0.836267,0,27.7926
27.8123,1.91304,0.755813,1.28674,0,0,0,0,76,78,0,0,0,0,0,traj_sz=100
27.8124,1.91304,0.755813,1.28674,1.94395,0.856169,1.28997,0.126136,76,78,0.104997,0.130575,-0.00962335,0.835212,0,27.8124
27.8324,1.91443,0.760249,1.28968,0,0,0,0,76,78,0,0,0,0,0,traj_sz=100
27.8325,1.91443,0.760249,1.28968,1.94395,0.856169,1.28997,0.126136,76,78,0.100346,0.128441,-0.0120643,0.831085,0,27.8325
27.8524,1.91521,0.763141,1.29138,0,0,0,0,76,78,0,0,0,0,0,traj_sz=100
27.8526,1.91521,0.763141,1.29138,1.94395,0.856169,1.28997,0.126136,76,78,0.0973449,0.127957,-0.0149458,0.828479,0,27.8526
27.8725,1.916,0.766084,1.29084,0,0,0,0,76,78,0,0,0,0,0,traj_sz=100
27.8725,1.916,0.766084,1.29084,1.94395,0.856169,1.28997,0.126136,76,78,0.0943017,0.127411,-0.0140665,0.825844,0,27.8725
27.8925,1.91627,0.767751,1.28857,0,0,0,0,76,78,0,0,0,0,0,traj_sz=100
27.8926,1.91627,0.767751,1.28857,1.94395,0.856169,1.28997,0.126136,76,78,0.0926275,0.128238,-0.0124294,0.824469,0,27.8926
27.9124,1.91685,0.769161,1.29236,0,0,0,0,76,78,0,0,0,0,0,traj_sz=100
27.9126,1.91685,0.769161,1.29236,1.94395,0.856169,1.28997,0.126136,76,78,0.0911048,0.129221,-0.0163519,0.823064,0,27.9126
27.9324,1.91803,0.773537,1.28997,0,0,0,0,76,78,0,0,0,0,0,traj_sz=100
27.9325,1.91803,0.773537,1.28997,1.94395,0.856169,1.28997,0.126136,76,78,0.0865782,0.127184,-0.0119453,0.819144,0,27.9325
27.9525,1.91878,0.77615,1.29035,0,0,0,0,76,78,0,0,0,0,0,traj_sz=100
27.9526,1.91878,0.77615,1.29035,1.94395,0.856169,1.28997,0.126136,76,78,0.0838586,0.126974,-0.0118962,0.816772,0,27.9526
27.9724,1.91961,0.778957,1.29055,0,0,0,0,76,78,0,0,0,0,0,traj_sz=100
27.9725,1.91961,0.778957,1.29055,1.94395,0.856169,1.28997,0.126136,76,78,0.0809334,0.126539,-0.011247,0.814216,0,27.9725
27.9924,1.91995,0.780294,1.29193,0,0,0,0,76,78,0,0,0,0,0,traj_sz=100
27.9925,1.91995,0.780294,1.29193,1.94395,0.856169,1.28997,0.126136,76,78,0.0795511,0.127655,-0.0139725,0.813036,0,27.9925
28.0124,1.92025,0.781625,1.29078,0,0,0,0,76,78,0,0,0,0,0,traj_sz=100
28.0125,1.92025,0.781625,1.29078,1.94395,0.856169,1.28997,0.126136,76,78,0.0781914,0.128797,-0.0127149,0.811889,0,28.0125
28.0324,1.92158,0.785536,1.29372,0,0,0,0,76,78,0,0,0,0,0,traj_sz=100
28.0326,1.92158,0.785536,1.29372,1.94395,0.856169,1.28997,0.126136,76,78,0.0740571,0.127168,-0.0138367,0.808199,0,28.0326
28.0526,1.92226,0.788168,1.2932,0,0,0,0,76,78,0,0,0,0,0,traj_sz=100
28.0528,1.92226,0.788168,1.2932,1.94395,0.856169,1.28997,0.126136,76,78,0.0713434,0.126989,-0.0133778,0.805881,0,28.0528
28.0725,1.92319,0.790759,1.29456,0,0,0,0,76,78,0,0,0,0,0,traj_sz=100
28.0726,1.92319,0.790759,1.29456,1.94395,0.856169,1.28997,0.126136,77,78,0.0685929,0.126724,-0.0533277,0.803407,0,28.0726
28.0925,1.92333,0.792191,1.29452,0,0,0,0,77,78,0,0,0,0,0,traj_sz=100
28.0926,1.92333,0.792191,1.29452,1.94395,0.856169,1.28997,0.126136,77,78,0.0671762,0.127805,-0.0568078,0.802307,0,28.0926
28.1124,1.92385,0.793699,1.2959,0,0,0,0,77,78,0,0,0,0,0,traj_sz=100
28.1125,1.92385,0.793699,1.2959,1.94395,0.856169,1.28997,0.126136,77,78,0.0655802,0.128697,-0.0577223,0.800886,0,28.1125
28.1325,1.92511,0.797966,1.2969,0,0,0,0,77,78,0,0,0,0,0,traj_sz=100
28.1326,1.92511,0.797966,1.2969,1.95678,0.900632,1.26323,0.12591,77,79,0.107405,0.126769,-0.0580602,0.797018,0,28.1326
28.1524,1.92597,0.800803,1.29631,0,0,0,0,77,79,0,0,0,0,0,traj_sz=100
28.1526,1.92597,0.800803,1.29631,1.95678,0.900632,1.26323,0.12591,77,79,0.104442,0.126299,-0.0557012,0.794433,0,28.1526
28.1724,1.92684,0.803557,1.30039,0,0,0,0,77,79,0,0,0,0,0,traj_sz=100
28.1726,1.92684,0.803557,1.30039,1.95678,0.900632,1.26323,0.12591,77,79,0.101545,0.125911,-0.0613368,0.791903,0,28.1726
28.1925,1.92701,0.804932,1.29657,0,0,0,0,77,79,0,0,0,0,0,traj_sz=100
28.1925,1.92701,0.804932,1.29657,1.95678,0.900632,1.26323,0.12591,77,79,0.100185,0.127039,-0.0573603,0.79083,0,28.1925
28.2125,1.92768,0.806362,1.30134,0,0,0,0,77,79,0,0,0,0,0,traj_sz=100
28.2126,1.92768,0.806362,1.30134,1.95678,0.900632,1.26323,0.12591,77,79,0.0986157,0.127991,-0.0619883,0.789364,0,28.2126
28.2324,1.9286,0.810593,1.29655,0,0,0,0,77,79,0,0,0,0,0,traj_sz=100
28.2326,1.9286,0.810593,1.29655,1.95678,0.900632,1.26323,0.12591,77,79,0.0943044,0.12616,-0.0565946,0.785781,0,28.2326
28.2525,1.92933,0.813373,1.29541,0,0,0,0,77,79,0,0,0,0,0,traj_sz=100
28.2527,1.92933,0.813373,1.29541,1.95678,0.900632,1.26323,0.12591,77,79,0.0914357,0.125799,-0.0550064,0.783348,0,28.2527
28.2724,1.93012,0.816126,1.29635,0,0,0,0,77,79,0,0,0,0,0,traj_sz=100
28.2726,1.93012,0.816126,1.29635,1.95678,0.900632,1.26323,0.12591,77,79,0.0885698,0.125437,-0.0561415,0.78089,0,28.2726
28.2925,1.9308,0.81751,1.29905,0,0,0,0,77,79,0,0,0,0,0,traj_sz=100
28.2926,1.9308,0.81751,1.29905,1.95678,0.900632,1.26323,0.12591,77,79,0.0870446,0.126423,-0.0565403,0.779444,0,28.2926
28.3124,1.93072,0.81883,1.29572,0,0,0,0,77,79,0,0,0,0,0,traj_sz=100
28.3125,1.93072,0.81883,1.29572,1.95678,0.900632,1.26323,0.12591,77,79,0.0858044,0.127671,-0.0568798,0.778601,0,28.3125
28.3324,1.93184,0.82295,1.29364,0,0,0,0,77,79,0,0,0,0,0,traj_sz=100
28.3325,1.93184,0.82295,1.29364,1.95678,0.900632,1.26323,0.12591,77,79,0.081541,0.125911,-0.0531478,0.774974,0,28.3325
28.3524,1.93266,0.825656,1.29291,0,0,0,0,77,79,0,0,0,0,0,traj_sz=100
28.3525,1.93266,0.825656,1.29291,1.95678,0.900632,1.26323,0.12591,77,79,0.0787165,0.125586,-0.0506707,0.772536,0,28.3525
28.3724,1.93349,0.828342,1.29521,0,0,0,0,77,79,0,0,0,0,0,traj_sz=100
28.3725,1.93349,0.828342,1.29521,1.95678,0.900632,1.26323,0.12591,77,79,0.0758985,0.125278,-0.0533258,0.770102,0,28.3725
28.3925,1.93376,0.82971,1.29373,0,0,0,0,77,79,0,0,0,0,0,traj_sz=100
28.3926,1.93376,0.82971,1.29373,1.95678,0.900632,1.26323,0.12591,77,79,0.0745133,0.12641,-0.052111,0.768977,0,28.3926
28.4124,1.93424,0.831001,1.29531,0,0,0,0,77,79,0,0,0,0,0,traj_sz=100
28.4125,1.93424,0.831001,1.29531,1.95678,0.900632,1.26323,0.12591,77,79,0.0731362,0.127534,-0.0531158,0.767751,0,28.4125
28.4324,1.93502,0.835073,1.29075,0,0,0,0,77,79,0,0,0,0,0,traj_sz=100
28.4325,1.93502,0.835073,1.29075,1.95678,0.900632,1.26323,0.12591,78,79,0.0690189,0.125905,-0.107633,0.764427,0,28.4325
28.4524,1.93597,0.837753,1.29217,0,0,0,0,78,79,0,0,0,0,0,traj_sz=100
28.4525,1.93597,0.837753,1.29217,1.95678,0.900632,1.26323,0.12591,78,79,0.0661776,0.125577,-0.107689,0.761923,0,28.4525
28.4723,1.9366,0.840442,1.29151,0,0,0,0,78,79,0,0,0,0,0,traj_sz=100
28.4724,1.9366,0.840442,1.29151,1.95678,0.900632,1.26323,0.12591,78,79,0.0634222,0.125318,-0.108668,0.759654,0,28.4724
28.4925,1.93679,0.841772,1.28902,0,0,0,0,78,79,0,0,0,0,0,traj_sz=100
28.4926,1.93679,0.841772,1.28902,1.97076,0.944656,1.225,0.125779,78,80,0.108272,0.126508,-0.106857,0.758616,0,28.4926
28.5124,1.93729,0.842976,1.29171,0,0,0,0,78,80,0,0,0,0,0,traj_sz=100
28.5124,1.93729,0.842976,1.29171,1.97076,0.944656,1.225,0.125779,78,80,0.106966,0.127701,-0.109563,0.757441,0,28.5124
28.5324,1.93821,0.846686,1.28847,0,0,0,0,78,80,0,0,0,0,0,traj_sz=100
28.5325,1.93821,0.846686,1.28847,1.97076,0.944656,1.225,0.125779,78,80,0.103159,0.126394,-0.105888,0.754276,0,28.5325
28.5525,1.93892,0.849134,1.28869,0,0,0,0,78,80,0,0,0,0,0,traj_sz=100
28.5526,1.93892,0.849134,1.28869,1.97076,0.944656,1.225,0.125779,78,80,0.10061,0.126364,-0.106268,0.752117,0,28.5526
28.5724,1.93966,0.851826,1.28767,0,0,0,0,78,80,0,0,0,0,0,traj_sz=100
28.5725,1.93966,0.851826,1.28767,1.97076,0.944656,1.225,0.125779,78,80,0.0978227,0.126069,-0.104946,0.749774,0,28.5725
28.5924,1.94005,0.853149,1.28638,0,0,0,0,78,80,0,0,0,0,0,traj_sz=100
28.5925,1.94005,0.853149,1.28638,1.97076,0.944656,1.225,0.125779,78,80,0.0964482,0.127197,-0.102473,0.748602,0,28.5925
28.6124,1.9403,0.854415,1.28645,0,0,0,0,78,80,0,0,0,0,0,traj_sz=100
28.6126,1.9403,0.854415,1.28645,1.97076,0.944656,1.225,0.125779,78,80,0.0951626,0.128432,-0.104276,0.747576,0,28.6126
28.6325,1.94157,0.858329,1.28539,0,0,0,0,78,80,0,0,0,0,0,traj_sz=100
28.6326,1.94157,0.858329,1.28539,1.97076,0.944656,1.225,0.125779,78,80,0.0910535,0.126824,-0.100354,0.744034,0,28.6326
28.6524,1.94239,0.860831,1.28345,0,0,0,0,78,80,0,0,0,0,0,traj_sz=100
28.6527,1.94239,0.860831,1.28345,1.97076,0.944656,1.225,0.125779,78,80,0.0884281,0.126715,-0.0954018,0.741765,0,28.6527
28.6725,1.94313,0.86323,1.28234,0,0,0,0,78,80,0,0,0,0,0,traj_sz=100
28.6725,1.94313,0.86323,1.28234,1.97076,0.944656,1.225,0.125779,78,80,0.0859229,0.126713,-0.0927764,0.739631,0,28.6725
28.6923,1.94305,0.864577,1.277,0,0,0,0,78,80,0,0,0,0,0,traj_sz=100
28.6924,1.94305,0.864577,1.277,1.97076,0.944656,1.225,0.125779,78,80,0.0846718,0.127943,-0.0898439,0.738801,0,28.6924
28.7124,1.94372,0.865774,1.28095,0,0,0,0,78,80,0,0,0,0,0,traj_sz=100
28.7125,1.94372,0.865774,1.28095,1.97076,0.944656,1.225,0.125779,78,80,0.0833205,0.129128,-0.0923185,0.737513,0,28.7125
28.7323,1.94455,0.869682,1.27599,0,0,0,0,78,80,0,0,0,0,0,traj_sz=100
28.7324,1.94455,0.869682,1.27599,1.97076,0.944656,1.225,0.125779,78,80,0.0793555,0.127648,-0.0876967,0.734325,0,28.7324
28.7524,1.94531,0.872253,1.27531,0,0,0,0,78,80,0,0,0,0,0,traj_sz=100
28.7525,1.94531,0.872253,1.27531,1.97076,0.944656,1.225,0.125779,78,80,0.0766776,0.127497,-0.0862193,0.732071,0,28.7525
28.7723,1.94596,0.874769,1.27354,0,0,0,0,78,80,0,0,0,0,0,traj_sz=100
28.7724,1.94596,0.874769,1.27354,1.97076,0.944656,1.225,0.125779,78,80,0.0740852,0.127404,-0.0840114,0.729932,0,28.7724
28.7924,1.94676,0.876051,1.27416,0,0,0,0,78,80,0,0,0,0,0,traj_sz=100
28.7925,1.94676,0.876051,1.27416,1.97076,0.944656,1.225,0.125779,78,80,0.0726234,0.128468,-0.0789655,0.728492,0,28.7925
28.8125,1.94685,0.877398,1.27344,0,0,0,0,78,80,0,0,0,0,0,traj_sz=100
28.8127,1.94685,0.877398,1.27344,1.97076,0.944656,1.225,0.125779,78,80,0.0713128,0.129693,-0.0820413,0.727552,0,28.8127
28.8324,1.94837,0.881237,1.27152,0,0,0,0,78,80,0,0,0,0,0,traj_sz=100
28.8325,1.94837,0.881237,1.27152,1.97076,0.944656,1.225,0.125779,79,80,0.0672009,0.128075,-0.148271,0.723902,0,28.8325
28.8524,1.94894,0.883764,1.26837,0,0,0,0,79,80,0,0,0,0,0,traj_sz=100
28.8525,1.94894,0.883764,1.26837,1.97076,0.944656,1.225,0.125779,79,80,0.064628,0.128003,-0.145971,0.721836,0,28.8525
28.8724,1.94977,0.886368,1.26837,0,0,0,0,79,80,0,0,0,0,0,traj_sz=100
28.8725,1.94977,0.886368,1.26837,1.9864,0.988069,1.17559,0.125636,79,81,0.107995,0.12779,-0.145863,0.719518,0,28.8725
28.8924,1.94978,0.887745,1.26474,0,0,0,0,79,81,0,0,0,0,0,traj_sz=100
28.8925,1.94978,0.887745,1.26474,1.9864,0.988069,1.17559,0.125636,79,81,0.106695,0.128978,-0.145419,0.718623,0,28.8925
28.9125,1.95044,0.888885,1.26672,0,0,0,0,79,81,0,0,0,0,0,traj_sz=100
28.9126,1.95044,0.888885,1.26672,1.9864,0.988069,1.17559,0.125636,79,81,0.105401,0.130223,-0.144774,0.717387,0,28.9126
28.9324,1.95145,0.8925,1.2664,0,0,0,0,79,81,0,0,0,0,0,traj_sz=100
28.9325,1.95145,0.8925,1.2664,1.9864,0.988069,1.17559,0.125636,79,81,0.101652,0.128976,-0.146206,0.714295,0,28.9325
28.9524,1.95217,0.895038,1.26593,0,0,0,0,79,81,0,0,0,0,0,traj_sz=100
28.9525,1.95217,0.895038,1.26593,1.9864,0.988069,1.17559,0.125636,79,81,0.0990149,0.12885,-0.146513,0.712113,0,28.9525
28.9724,1.9528,0.897735,1.25962,0,0,0,0,79,81,0,0,0,0,0,traj_sz=100
28.9726,1.9528,0.897735,1.25962,1.9864,0.988069,1.17559,0.125636,79,81,0.0962824,0.128608,-0.138371,0.709907,0,28.9726
28.9925,1.95318,0.899077,1.25724,0,0,0,0,79,81,0,0,0,0,0,traj_sz=100
28.9926,1.95318,0.899077,1.25724,1.9864,0.988069,1.17559,0.125636,79,81,0.0949006,0.129735,-0.134842,0.708764,0,28.9926
29.0126,1.95369,0.900317,1.26173,0,0,0,0,79,81,0,0,0,0,0,traj_sz=100
29.0127,1.95369,0.900317,1.26173,1.9864,0.988069,1.17559,0.125636,79,81,0.093543,0.130934,-0.141225,0.707579,0,29.0127
29.0327,1.95447,0.904375,1.25313,0,0,0,0,79,81,0,0,0,0,0,traj_sz=100
29.0328,1.95447,0.904375,1.25313,1.9864,0.988069,1.17559,0.125636,79,81,0.0894795,0.129362,-0.133004,0.704403,0,29.0328
29.0525,1.95574,0.906919,1.25598,0,0,0,0,79,81,0,0,0,0,0,traj_sz=100
29.0526,1.95574,0.906919,1.25598,1.9864,0.988069,1.17559,0.125636,79,81,0.0866553,0.129042,-0.131559,0.701811,0,29.0526
29.0724,1.95662,0.909507,1.2541,0,0,0,0,79,81,0,0,0,0,0,traj_sz=100
29.0725,1.95662,0.909507,1.2541,1.9864,0.988069,1.17559,0.125636,79,81,0.0839298,0.128805,-0.127348,0.699497,0,29.0725
29.0924,1.95682,0.910922,1.25209,0,0,0,0,79,81,0,0,0,0,0,traj_sz=100
29.0925,1.95682,0.910922,1.25209,1.9864,0.988069,1.17559,0.125636,79,81,0.0825299,0.129914,-0.127268,0.69845,0,29.0925
29.1124,1.95722,0.912334,1.24832,0,0,0,0,79,81,0,0,0,0,0,traj_sz=100
29.1126,1.95722,0.912334,1.24832,1.9864,0.988069,1.17559,0.125636,79,81,0.0810794,0.130979,-0.121253,0.697255,0,29.1126
29.1324,1.95846,0.916279,1.24662,0,0,0,0,79,81,0,0,0,0,0,traj_sz=100
29.1326,1.95846,0.916279,1.24662,1.9864,0.988069,1.17559,0.125636,79,81,0.0769496,0.129362,-0.118271,0.693813,0,29.1326
29.1524,1.9596,0.918874,1.24454,0,0,0,0,79,81,0,0,0,0,0,traj_sz=100
29.1525,1.9596,0.918874,1.24454,1.9864,0.988069,1.17559,0.125636,79,81,0.0741353,0.129053,-0.110101,0.691307,0,29.1525
29.1725,1.96057,0.921478,1.24386,0,0,0,0,79,81,0,0,0,0,0,traj_sz=100
29.1726,1.96057,0.921478,1.24386,1.9864,0.988069,1.17559,0.125636,79,81,0.0713576,0.1288,-0.106779,0.688921,0,29.1726
29.1925,1.96087,0.922954,1.24059,0,0,0,0,79,81,0,0,0,0,0,traj_sz=100
29.1926,1.96087,0.922954,1.24059,1.9864,0.988069,1.17559,0.125636,79,81,0.0698743,0.129823,-0.103299,0.68777,0,29.1926
29.2124,1.96133,0.924244,1.24184,0,0,0,0,79,81,0,0,0,0,0,traj_sz=100
29.2125,1.96133,0.924244,1.24184,1.9864,0.988069,1.17559,0.125636,80,81,0.068503,0.130952,-0.195987,0.686613,0,29.2125
29.2324,1.96294,0.928357,1.23793,0,0,0,0,80,81,0,0,0,0,0,traj_sz=100
29.2325,1.96294,0.928357,1.23793,1.9864,0.988069,1.17559,0.125636,80,81,0.0641017,0.129058,-0.187156,0.682804,0,29.2325
29.2524,1.96352,0.931037,1.23412,0,0,0,0,80,81,0,0,0,0,0,traj_sz=100
29.2525,1.96352,0.931037,1.23412,2.00415,1.03061,1.1158,0.125631,80,82,0.107403,0.128848,-0.1856,0.680687,0,29.2525
29.2725,1.96469,0.933582,1.23645,0,0,0,0,80,82,0,0,0,0,0,traj_sz=100
29.2726,1.96469,0.933582,1.23645,2.00415,1.03061,1.1158,0.125631,80,82,0.104606,0.128588,-0.186357,0.678207,0,29.2726
29.2924,1.965,0.935021,1.23133,0,0,0,0,80,82,0,0,0,0,0,traj_sz=100
29.2926,1.965,0.935021,1.23133,2.00415,1.03061,1.1158,0.125631,80,82,0.103169,0.129638,-0.179965,0.677074,0,29.2926
29.3124,1.9657,0.93729,1.23163,0,0,0,0,80,82,0,0,0,0,0,traj_sz=100
29.3126,1.9657,0.93729,1.23163,2.00415,1.03061,1.1158,0.125631,80,82,0.100795,0.129779,-0.182174,0.675132,0,29.3126
29.3324,1.96671,0.939638,1.22861,0,0,0,0,80,82,0,0,0,0,0,traj_sz=100
29.3325,1.96671,0.939638,1.22861,2.00415,1.03061,1.1158,0.125631,80,82,0.0982606,0.129729,-0.174465,0.672901,0,29.3325
29.3524,1.96752,0.942201,1.22502,0,0,0,0,80,82,0,0,0,0,0,traj_sz=100
29.3526,1.96752,0.942201,1.22502,2.00415,1.03061,1.1158,0.125631,80,82,0.0955922,0.129574,-0.169636,0.670699,0,29.3526
29.3725,1.96825,0.944795,1.22093,0,0,0,0,80,82,0,0,0,0,0,traj_sz=100
29.3725,1.96825,0.944795,1.22093,2.00415,1.03061,1.1158,0.125631,80,82,0.0929206,0.129392,-0.1651,0.66854,0,29.3725
29.3924,1.96858,0.946075,1.21758,0,0,0,0,80,82,0,0,0,0,0,traj_sz=100
29.3925,1.96858,0.946075,1.21758,2.00415,1.03061,1.1158,0.125631,80,82,0.0916206,0.13059,-0.160938,0.667505,0,29.3925
29.4124,1.96896,0.947276,1.21757,0,0,0,0,80,82,0,0,0,0,0,traj_sz=100
29.4125,1.96896,0.947276,1.21757,2.00415,1.03061,1.1158,0.125631,80,82,0.0903631,0.131848,-0.161723,0.666478,0,29.4125
29.4325,1.97035,0.951022,1.21303,0,0,0,0,80,82,0,0,0,0,0,traj_sz=100
29.4326,1.97035,0.951022,1.21303,2.00415,1.03061,1.1158,0.125631,80,82,0.0863832,0.130369,-0.152869,0.663105,0,29.4326
29.4524,1.97115,0.953658,1.20943,0,0,0,0,80,82,0,0,0,0,0,traj_sz=100
29.4525,1.97115,0.953658,1.20943,2.00415,1.03061,1.1158,0.125631,80,82,0.0836489,0.130129,-0.148554,0.660884,0,29.4525
29.4724,1.97201,0.956146,1.20642,0,0,0,0,80,82,0,0,0,0,0,traj_sz=100
29.4725,1.97201,0.956146,1.20642,2.00415,1.03061,1.1158,0.125631,80,82,0.0810275,0.130005,-0.1436,0.658703,0,29.4725
29.4924,1.97218,0.957539,1.20282,0,0,0,0,80,82,0,0,0,0,0,traj_sz=100
29.4924,1.97218,0.957539,1.20282,2.00415,1.03061,1.1158,0.125631,80,82,0.0796805,0.131155,-0.141874,0.657739,0,29.4924
29.5124,1.97299,0.958918,1.20349,0,0,0,0,80,82,0,0,0,0,0,traj_sz=100
29.5125,1.97299,0.958918,1.20349,2.00415,1.03061,1.1158,0.125631,80,82,0.078099,0.132096,-0.138615,0.656264,0,29.5125
29.5324,1.97441,0.963149,1.2,0,0,0,0,80,82,0,0,0,0,0,traj_sz=100
29.5325,1.97441,0.963149,1.2,2.00415,1.03061,1.1158,0.125631,80,82,0.0736528,0.130159,-0.133862,0.65261,0,29.5325
29.5523,1.97564,0.966026,1.19724,0,0,0,0,80,82,0,0,0,0,0,traj_sz=100
29.5524,1.97564,0.966026,1.19724,2.00415,1.03061,1.1158,0.125631,80,82,0.0705344,0.12953,-0.12615,0.649916,0,29.5524
29.5723,1.97673,0.969023,1.19435,0,0,0,0,80,82,0,0,0,0,0,traj_sz=100
29.5724,1.97673,0.969023,1.19435,2.00415,1.03061,1.1158,0.125631,81,82,0.0673537,0.128855,-0.227116,0.647266,0,29.5724
29.5923,1.97731,0.970405,1.19363,0,0,0,0,81,82,0,0,0,0,0,traj_sz=100
29.5925,1.97731,0.970405,1.19363,2.00415,1.03061,1.1158,0.125631,81,82,0.0658594,0.129875,-0.225822,0.645988,0,29.5925
29.6123,1.97797,0.971846,1.19238,0,0,0,0,81,82,0,0,0,0,0,traj_sz=100
29.6124,1.97797,0.971846,1.19238,2.00415,1.03061,1.1158,0.125631,81,82,0.064278,0.130799,-0.222716,0.644604,0,29.6124
29.6324,1.97911,0.976047,1.18489,0,0,0,0,81,82,0,0,0,0,0,traj_sz=100
29.6325,1.97911,0.976047,1.18489,2.0244,1.07201,1.04715,0.125631,81,83,0.105952,0.128996,-0.217675,0.641221,0,29.6325
29.6524,1.9805,0.97828,1.18894,0,0,0,0,81,83,0,0,0,0,0,traj_sz=100
29.6525,1.9805,0.97828,1.18894,2.0244,1.07201,1.04715,0.125631,81,83,0.103338,0.128917,-0.218659,0.638793,0,29.6525
29.6724,1.98131,0.980574,1.18487,0,0,0,0,81,83,0,0,0,0,0,traj_sz=100
29.6725,1.98131,0.980574,1.18487,2.0244,1.07201,1.04715,0.125631,81,83,0.10093,0.129001,-0.213344,0.636799,0,29.6725
29.6924,1.98183,0.981725,1.1825,0,0,0,0,81,83,0,0,0,0,0,traj_sz=100
29.6925,1.98183,0.981725,1.1825,2.0244,1.07201,1.04715,0.125631,81,83,0.0996822,0.130252,-0.208572,0.635711,0,29.6925
29.7125,1.98243,0.983047,1.18067,0,0,0,0,81,83,0,0,0,0,0,traj_sz=100
29.7126,1.98243,0.983047,1.18067,2.0244,1.07201,1.04715,0.125631,81,83,0.0982405,0.131321,-0.204628,0.634457,0,29.7126
29.7325,1.98395,0.98668,1.17543,0,0,0,0,81,83,0,0,0,0,0,traj_sz=100
29.7326,1.98395,0.98668,1.17543,2.0244,1.07201,1.04715,0.125631,81,83,0.0943263,0.129897,-0.195092,0.631117,0,29.7326
29.7526,1.98484,0.989303,1.16949,0,0,0,0,81,83,0,0,0,0,0,traj_sz=100
29.7527,1.98484,0.989303,1.16949,2.0244,1.07201,1.04715,0.125631,81,83,0.0915879,0.129665,-0.187172,0.628879,0,29.7527
29.7725,1.98621,0.991977,1.1682,0,0,0,0,81,83,0,0,0,0,0,traj_sz=100
29.7726,1.98621,0.991977,1.1682,2.0244,1.07201,1.04715,0.125631,81,83,0.0885965,0.129175,-0.181361,0.626226,0,29.7726
29.7924,1.98677,0.993384,1.16649,0,0,0,0,81,83,0,0,0,0,0,traj_sz=100
29.7924,1.98677,0.993384,1.16649,2.0244,1.07201,1.04715,0.125631,81,83,0.0870884,0.130158,-0.178605,0.624961,0,29.7924
29.8124,1.98738,0.994772,1.16595,0,0,0,0,81,83,0,0,0,0,0,traj_sz=100
29.8125,1.98738,0.994772,1.16595,2.0244,1.07201,1.04715,0.125631,81,83,0.085577,0.131171,-0.177306,0.623674,0,29.8125
29.8324,1.98886,0.998701,1.15734,0,0,0,0,81,83,0,0,0,0,0,traj_sz=100
29.8325,1.98886,0.998701,1.15734,2.0244,1.07201,1.04715,0.125631,81,83,0.0814096,0.129494,-0.163916,0.620219,0,29.8325
29.8524,1.98997,1.00124,1.15402,0,0,0,0,81,83,0,0,0,0,0,traj_sz=100
29.8525,1.98997,1.00124,1.15402,2.0244,1.07201,1.04715,0.125631,81,83,0.0786451,0.129233,-0.15725,0.617865,0,29.8525
29.8724,1.991,1.00404,1.14962,0,0,0,0,81,83,0,0,0,0,0,traj_sz=100
29.8726,1.991,1.00404,1.14962,2.0244,1.07201,1.04715,0.125631,81,83,0.0756865,0.128794,-0.151295,0.615444,0,29.8726
29.8926,1.99158,1.00537,1.14912,0,0,0,0,81,83,0,0,0,0,0,traj_sz=100
29.8927,1.99158,1.00537,1.14912,2.0244,1.07201,1.04715,0.125631,81,83,0.0742376,0.129876,-0.149994,0.614216,0,29.8927
29.9125,1.99221,1.00669,1.14651,0,0,0,0,81,83,0,0,0,0,0,traj_sz=100
29.9126,1.99221,1.00669,1.14651,2.0244,1.07201,1.04715,0.125631,81,83,0.072779,0.130925,-0.144234,0.612953,0,29.9126
29.9325,1.99311,1.00934,1.14253,0,0,0,0,81,83,0,0,0,0,0,traj_sz=100
29.9328,1.99311,1.00934,1.14253,2.0244,1.07201,1.04715,0.125631,81,83,0.0700019,0.130665,-0.139963,0.610726,0,29.9328
29.9525,1.99503,1.01312,1.14046,0,0,0,0,81,83,0,0,0,0,0,traj_sz=100
29.9526,1.99503,1.01312,1.14046,2.0244,1.07201,1.04715,0.125631,82,83,0.0657717,0.128927,-0.250677,0.607024,0,29.9526
29.9724,1.99606,1.01575,1.13687,0,0,0,0,82,83,0,0,0,0,0,traj_sz=100
29.9725,1.99606,1.01575,1.13687,2.0244,1.07201,1.04715,0.125631,82,83,0.0629665,0.128629,-0.247761,0.604719,0,29.9725
29.9924,1.99669,1.01706,1.13601,0,0,0,0,82,83,0,0,0,0,0,traj_sz=100
29.9925,1.99669,1.01706,1.13601,2.04745,1.11192,0.970749,0.12563,82,84,0.107415,0.129682,-0.246308,0.603464,0,29.9925
30.0125,1.99731,1.01846,1.1344,0,0,0,0,82,84,0,0,0,0,0,traj_sz=100
30.0127,1.99731,1.01846,1.1344,2.04745,1.11192,0.970749,0.12563,82,84,0.105892,0.130681,-0.244339,0.602175,0,30.0127
30.0324,1.99878,1.02233,1.1287,0,0,0,0,82,84,0,0,0,0,0,traj_sz=100
30.0326,1.99878,1.02233,1.1287,2.04745,1.11192,0.970749,0.12563,82,84,0.101803,0.12907,-0.239826,0.598828,0,30.0326
30.0525,1.99979,1.02442,1.12799,0,0,0,0,82,84,0,0,0,0,0,traj_sz=100
30.0526,1.99979,1.02442,1.12799,2.04745,1.11192,0.970749,0.12563,82,84,0.0994843,0.129255,-0.238667,0.596838,0,30.0526
30.0725,2.00091,1.02682,1.12458,0,0,0,0,82,84,0,0,0,0,0,traj_sz=100
30.0727,2.00091,1.02682,1.12458,2.04745,1.11192,0.970749,0.12563,82,84,0.096848,0.129126,-0.233259,0.594586,0,30.0727
30.0924,2.00156,1.02807,1.12329,0,0,0,0,82,84,0,0,0,0,0,traj_sz=100
30.0927,2.00156,1.02807,1.12329,2.04745,1.11192,0.970749,0.12563,82,84,0.0954535,0.130247,-0.230456,0.593369,0,30.0927
30.1125,2.00178,1.02943,1.11765,0,0,0,0,82,84,0,0,0,0,0,traj_sz=100
30.1126,2.00178,1.02943,1.11765,2.04745,1.11192,0.970749,0.12563,82,84,0.0941649,0.131439,-0.226287,0.592449,0,30.1126
30.1324,2.00369,1.03323,1.11256,0,0,0,0,82,84,0,0,0,0,0,traj_sz=100
30.1325,2.00369,1.03323,1.11256,2.04745,1.11192,0.970749,0.12563,82,84,0.0899325,0.129688,-0.216432,0.588787,0,30.1325
30.1525,2.00487,1.03566,1.1094,0,0,0,0,82,84,0,0,0,0,0,traj_sz=100
30.1526,2.00487,1.03566,1.1094,2.04745,1.11192,0.970749,0.12563,82,84,0.0872472,0.129519,-0.210827,0.586488,0,30.1526
30.1725,2.00631,1.03827,1.10651,0,0,0,0,82,84,0,0,0,0,0,traj_sz=100
30.1726,2.00631,1.03827,1.10651,2.04745,1.11192,0.970749,0.12563,82,84,0.084279,0.129056,-0.203493,0.583876,0,30.1726
30.1925,2.00693,1.03949,1.10378,0,0,0,0,82,84,0,0,0,0,0,traj_sz=100
30.1927,2.00693,1.03949,1.10378,2.04745,1.11192,0.970749,0.12563,82,84,0.0829184,0.13021,-0.198212,0.582697,0,30.1927
30.2123,2.00751,1.04089,1.10093,0,0,0,0,82,84,0,0,0,0,0,traj_sz=100
30.2124,2.00751,1.04089,1.10093,2.04745,1.11192,0.970749,0.12563,82,84,0.0814095,0.131176,-0.194465,0.581453,0,30.2124
30.2324,2.00938,1.04478,1.09475,0,0,0,0,82,84,0,0,0,0,0,traj_sz=100
30.2325,2.00938,1.04478,1.09475,2.04745,1.11192,0.970749,0.12563,82,84,0.0771218,0.129395,-0.18379,0.577812,0,30.2325
30.2524,2.01063,1.04715,1.09115,0,0,0,0,82,84,0,0,0,0,0,traj_sz=100
30.2527,2.01063,1.04715,1.09115,2.04745,1.11192,0.970749,0.12563,82,84,0.0744471,0.129244,-0.176108,0.575496,0,30.2527
30.2724,2.01186,1.0497,1.08622,0,0,0,0,82,84,0,0,0,0,0,traj_sz=100
30.2726,2.01186,1.0497,1.08622,2.04745,1.11192,0.970749,0.12563,82,84,0.0716369,0.12893,-0.167495,0.573116,0,30.2726
30.2924,2.01258,1.05093,1.08502,0,0,0,0,82,84,0,0,0,0,0,traj_sz=100
30.2925,2.01258,1.05093,1.08502,2.04745,1.11192,0.970749,0.12563,82,84,0.0702145,0.130017,-0.163649,0.571855,0,30.2925
30.3123,2.01323,1.05233,1.08248,0,0,0,0,82,84,0,0,0,0,0,traj_sz=100
30.3125,2.01323,1.05233,1.08248,2.04745,1.11192,0.970749,0.12563,83,84,0.06868,0.130985,-0.284755,0.570571,0,30.3125
30.3325,2.01514,1.05584,1.07773,0,0,0,0,83,84,0,0,0,0,0,traj_sz=100
30.3326,2.01514,1.05584,1.07773,2.04745,1.11192,0.970749,0.12563,83,84,0.064691,0.129507,-0.27783,0.567115,0,30.3326
30.3524,2.01649,1.05843,1.07428,0,0,0,0,83,84,0,0,0,0,0,traj_sz=100
30.3525,2.01649,1.05843,1.07428,2.07348,1.14996,0.88752,0.12563,83,85,0.107625,0.129097,-0.273371,0.564616,0,30.3525
30.3724,2.01742,1.06099,1.06767,0,0,0,0,83,85,0,0,0,0,0,traj_sz=100
30.3725,2.01742,1.06099,1.06767,2.07348,1.14996,0.88752,0.12563,83,85,0.104975,0.128923,-0.268606,0.562501,0,30.3725
30.3925,2.01847,1.06208,1.06998,0,0,0,0,83,85,0,0,0,0,0,traj_sz=100
30.3926,2.01847,1.06208,1.06998,2.07348,1.14996,0.88752,0.12563,83,85,0.103502,0.129987,-0.267401,0.561046,0,30.3926
30.4124,2.01907,1.06328,1.0689,0,0,0,0,83,85,0,0,0,0,0,traj_sz=100
30.4126,2.01907,1.06328,1.0689,2.07348,1.14996,0.88752,0.12563,83,85,0.102167,0.131145,-0.266579,0.559912,0,30.4126
30.4324,2.02071,1.06639,1.06525,0,0,0,0,83,85,0,0,0,0,0,traj_sz=100
30.4324,2.02071,1.06639,1.06525,2.07348,1.14996,0.88752,0.12563,83,85,0.098667,0.130123,-0.262067,0.55691,0,30.4324
30.4524,2.02215,1.06903,1.06176,0,0,0,0,83,85,0,0,0,0,0,traj_sz=100
30.4525,2.02215,1.06903,1.06176,2.07348,1.14996,0.88752,0.12563,83,85,0.095684,0.129638,-0.256912,0.554333,0,30.4525
30.4724,2.02334,1.07153,1.05595,0,0,0,0,83,85,0,0,0,0,0,traj_sz=100
30.4725,2.02334,1.07153,1.05595,2.07348,1.14996,0.88752,0.12563,83,85,0.0929524,0.129394,-0.249757,0.552043,0,30.4725
30.4925,2.02401,1.0728,1.05317,0,0,0,0,83,85,0,0,0,0,0,traj_sz=100
30.4926,2.02401,1.0728,1.05317,2.07348,1.14996,0.88752,0.12563,83,85,0.0915266,0.130482,-0.245544,0.55082,0,30.4926
30.5124,2.02485,1.07413,1.05197,0,0,0,0,83,85,0,0,0,0,0,traj_sz=100
30.5125,2.02485,1.07413,1.05197,2.07348,1.14996,0.88752,0.12563,83,85,0.0899677,0.131418,-0.242436,0.549431,0,30.5125
30.5325,2.02682,1.07798,1.04451,0,0,0,0,83,85,0,0,0,0,0,traj_sz=100
30.5326,2.02682,1.07798,1.04451,2.07348,1.14996,0.88752,0.12563,83,85,0.0856785,0.129632,-0.232374,0.545799,0,30.5326
30.5523,2.02816,1.08032,1.03975,0,0,0,0,83,85,0,0,0,0,0,traj_sz=100
30.5524,2.02816,1.08032,1.03975,2.07348,1.14996,0.88752,0.12563,83,85,0.0829994,0.129425,-0.223967,0.543472,0,30.5524
30.5726,2.02949,1.08274,1.035,0,0,0,0,83,85,0,0,0,0,0,traj_sz=100
30.5728,2.02949,1.08274,1.035,2.07348,1.14996,0.88752,0.12563,83,85,0.0802564,0.129217,-0.21618,0.541115,0,30.5728
30.5925,2.03024,1.084,1.03266,0,0,0,0,83,85,0,0,0,0,0,traj_sz=100
30.5927,2.03024,1.084,1.03266,2.07348,1.14996,0.88752,0.12563,83,85,0.0787949,0.13025,-0.211678,0.539838,0,30.5927
30.6125,2.03102,1.08526,1.0315,0,0,0,0,83,85,0,0,0,0,0,traj_sz=100
30.6126,2.03102,1.08526,1.0315,2.07348,1.14996,0.88752,0.12563,83,85,0.0773233,0.131282,-0.209004,0.538547,0,30.6126
30.6324,2.03313,1.08887,1.02434,0,0,0,0,83,85,0,0,0,0,0,traj_sz=100
30.6326,2.03313,1.08887,1.02434,2.07348,1.14996,0.88752,0.12563,83,85,0.0731616,0.129613,-0.195804,0.534938,0,30.6326
30.6525,2.03454,1.0912,1.0202,0,0,0,0,83,85,0,0,0,0,0,traj_sz=100
30.6526,2.03454,1.0912,1.0202,2.07348,1.14996,0.88752,0.12563,83,85,0.0704536,0.12941,-0.187405,0.532573,0,30.6526
30.6724,2.0358,1.09354,1.01507,0,0,0,0,83,85,0,0,0,0,0,traj_sz=100
30.6725,2.0358,1.09354,1.01507,2.07348,1.14996,0.88752,0.12563,84,85,0.0678026,0.129256,-0.313695,0.530328,0,30.6725
30.6924,2.03653,1.09467,1.01285,0,0,0,0,84,85,0,0,0,0,0,traj_sz=100
30.6925,2.03653,1.09467,1.01285,2.07348,1.14996,0.88752,0.12563,84,85,0.0664639,0.130421,-0.310254,0.529145,0,30.6925
30.7124,2.03731,1.09599,1.01115,0,0,0,0,84,85,0,0,0,0,0,traj_sz=100
30.7126,2.03731,1.09599,1.01115,2.07348,1.14996,0.88752,0.12563,84,85,0.064935,0.131408,-0.308702,0.527826,0,30.7126
30.7323,2.03935,1.09947,1.00445,0,0,0,0,84,85,0,0,0,0,0,traj_sz=100
30.7325,2.03935,1.09947,1.00445,2.10257,1.1857,0.798442,0.12563,84,86,0.106686,0.129879,-0.300793,0.524366,0,30.7325
30.7524,2.04095,1.10177,1.00438,0,0,0,0,84,86,0,0,0,0,0,traj_sz=100
30.7525,2.04095,1.10177,1.00438,2.10257,1.1857,0.798442,0.12563,84,86,0.10389,0.129588,-0.300365,0.521867,0,30.7525
30.7725,2.04178,1.10381,1.00408,0,0,0,0,84,86,0,0,0,0,0,traj_sz=100
30.7726,2.04178,1.10381,1.00408,2.10257,1.1857,0.798442,0.12563,84,86,0.101727,0.129962,-0.30685,0.52017,0,30.7726
30.7924,2.04257,1.1049,1.00142,0,0,0,0,84,86,0,0,0,0,0,traj_sz=100
30.7925,2.04257,1.1049,1.00142,2.10257,1.1857,0.798442,0.12563,84,86,0.100401,0.131114,-0.301526,0.518959,0,30.7925
30.8125,2.04339,1.106,0.999187,0,0,0,0,84,86,0,0,0,0,0,traj_sz=100
30.8126,2.04339,1.106,0.999187,2.10257,1.1857,0.798442,0.12563,84,86,0.0990408,0.13225,-0.296644,0.51771,0,30.8126
30.8324,2.04544,1.10974,0.988797,0,0,0,0,84,86,0,0,0,0,0,traj_sz=100
30.8325,2.04544,1.10974,0.988797,2.10257,1.1857,0.798442,0.12563,84,86,0.0948559,0.130513,-0.284207,0.514145,0,30.8325
30.8525,2.04697,1.11204,0.983451,0,0,0,0,84,86,0,0,0,0,0,traj_sz=100
30.8526,2.04697,1.11204,0.983451,2.10257,1.1857,0.798442,0.12563,84,86,0.092132,0.130282,-0.27522,0.51173,0,30.8526
30.8724,2.04858,1.11455,0.978714,0,0,0,0,84,86,0,0,0,0,0,traj_sz=100
30.8727,2.04858,1.11455,0.978714,2.10257,1.1857,0.798442,0.12563,84,86,0.0891744,0.129813,-0.26802,0.509138,0,30.8727
30.8924,2.04944,1.11577,0.976675,0,0,0,0,84,86,0,0,0,0,0,traj_sz=100
30.8926,2.04944,1.11577,0.976675,2.10257,1.1857,0.798442,0.12563,84,86,0.0876893,0.130829,-0.264035,0.507809,0,30.8926
30.9125,2.05011,1.11715,0.972867,0,0,0,0,84,86,0,0,0,0,0,traj_sz=100
30.9126,2.05011,1.11715,0.972867,2.10257,1.1857,0.798442,0.12563,84,86,0.0861896,0.131833,-0.260559,0.506578,0,30.9126
30.9325,2.05259,1.12072,0.965779,0,0,0,0,84,86,0,0,0,0,0,traj_sz=100
30.9326,2.05259,1.12072,0.965779,2.10257,1.1857,0.798442,0.12563,84,86,0.0818736,0.130006,-0.247243,0.502735,0,30.9326
30.9524,2.05443,1.12323,0.961648,0,0,0,0,84,86,0,0,0,0,0,traj_sz=100
30.9525,2.05443,1.12323,0.961648,2.10257,1.1857,0.798442,0.12563,84,86,0.0787773,0.129401,-0.238453,0.499959,0,30.9525
30.9724,2.05604,1.12565,0.956783,0,0,0,0,84,86,0,0,0,0,0,traj_sz=100
30.9725,2.05604,1.12565,0.956783,2.10257,1.1857,0.798442,0.12563,84,86,0.0758891,0.129009,-0.230251,0.497428,0,30.9725
30.9925,2.05695,1.1269,0.952584,0,0,0,0,84,86,0,0,0,0,0,traj_sz=100
30.9926,2.05695,1.1269,0.952584,2.10257,1.1857,0.798442,0.12563,84,86,0.0743584,0.129992,-0.221942,0.496052,0,30.9926
31.0124,2.05789,1.12818,0.950682,0,0,0,0,84,86,0,0,0,0,0,traj_sz=100
31.0125,2.05789,1.12818,0.950682,2.10257,1.1857,0.798442,0.12563,84,86,0.0727705,0.130895,-0.217734,0.494633,0,31.0125
31.0325,2.06036,1.13196,0.942631,0,0,0,0,84,86,0,0,0,0,0,traj_sz=100
31.0326,2.06036,1.13196,0.942631,2.10257,1.1857,0.798442,0.12563,85,86,0.0682863,0.128917,-0.345445,0.49074,0,31.0326
31.0524,2.062,1.1342,0.938849,0,0,0,0,85,86,0,0,0,0,0,traj_sz=100
31.0525,2.062,1.1342,0.938849,2.10257,1.1857,0.798442,0.12563,85,86,0.0655234,0.128646,-0.340773,0.488281,0,31.0525
31.0724,2.06367,1.13635,0.934884,0,0,0,0,85,86,0,0,0,0,0,traj_sz=100
31.0725,2.06367,1.13635,0.934884,2.10257,1.1857,0.798442,0.12563,85,86,0.0628044,0.12843,-0.334553,0.485828,0,31.0725
31.0925,2.06457,1.13745,0.932958,0,0,0,0,85,86,0,0,0,0,0,traj_sz=100
31.0926,2.06457,1.13745,0.932958,2.13474,1.21872,0.70467,0.12563,85,87,0.107072,0.129531,-0.331075,0.484537,0,31.0926
31.1124,2.06539,1.13874,0.930096,0,0,0,0,85,87,0,0,0,0,0,traj_sz=100
31.1126,2.06539,1.13874,0.930096,2.13474,1.21872,0.70467,0.12563,85,87,0.105576,0.130522,-0.328543,0.483239,0,31.1126
31.1324,2.06749,1.14145,0.928185,0,0,0,0,85,87,0,0,0,0,0,traj_sz=100
31.1326,2.06749,1.14145,0.928185,2.13474,1.21872,0.70467,0.12563,85,87,0.102161,0.129595,-0.326388,0.480168,0,31.1326
31.1525,2.0688,1.14334,0.92422,0,0,0,0,85,87,0,0,0,0,0,traj_sz=100
31.1525,2.0688,1.14334,0.92422,2.13474,1.21872,0.70467,0.12563,85,87,0.0998844,0.129798,-0.32183,0.478159,0,31.1525
31.1725,2.07058,1.14575,0.918205,0,0,0,0,85,87,0,0,0,0,0,traj_sz=100
31.1726,2.07058,1.14575,0.918205,2.13474,1.21872,0.70467,0.12563,85,87,0.0969376,0.129319,-0.313189,0.475523,0,31.1726
31.1924,2.07142,1.14709,0.915141,0,0,0,0,85,87,0,0,0,0,0,traj_sz=100
31.1925,2.07142,1.14709,0.915141,2.13474,1.21872,0.70467,0.12563,85,87,0.0953791,0.130241,-0.31053,0.474184,0,31.1925
31.2124,2.07227,1.14833,0.910307,0,0,0,0,85,87,0,0,0,0,0,traj_sz=100
31.2126,2.07227,1.14833,0.910307,2.13474,1.21872,0.70467,0.12563,85,87,0.0939153,0.131274,-0.30372,0.472892,0,31.2126
31.2324,2.07476,1.15196,0.90002,0,0,0,0,85,87,0,0,0,0,0,traj_sz=100
31.2325,2.07476,1.15196,0.90002,2.13474,1.21872,0.70467,0.12563,85,87,0.0895792,0.129385,-0.290619,0.469095,0,31.2325
31.2524,2.07642,1.1541,0.895926,0,0,0,0,85,87,0,0,0,0,0,traj_sz=100
31.2526,2.07642,1.1541,0.895926,2.13474,1.21872,0.70467,0.12563,85,87,0.0868982,0.129208,-0.284204,0.466693,0,31.2526
31.2724,2.0781,1.1565,0.890664,0,0,0,0,85,87,0,0,0,0,0,traj_sz=100
31.2725,2.0781,1.1565,0.890664,2.13474,1.21872,0.70467,0.12563,85,87,0.0839939,0.128791,-0.277967,0.464157,0,31.2725
31.2925,2.07899,1.15787,0.886645,0,0,0,0,85,87,0,0,0,0,0,traj_sz=100
31.2927,2.07899,1.15787,0.886645,2.13474,1.21872,0.70467,0.12563,85,87,0.0823914,0.129704,-0.273299,0.462779,0,31.2927
31.3125,2.07985,1.15901,0.883871,0,0,0,0,85,87,0,0,0,0,0,traj_sz=100
31.3127,2.07985,1.15901,0.883871,2.13474,1.21872,0.70467,0.12563,85,87,0.0809772,0.130796,-0.269112,0.461524,0,31.3127
31.3325,2.08245,1.16252,0.873845,0,0,0,0,85,87,0,0,0,0,0,traj_sz=100
31.3326,2.08245,1.16252,0.873845,2.13474,1.21872,0.70467,0.12563,85,87,0.0766535,0.128938,-0.254042,0.457704,0,31.3326
31.3524,2.08404,1.16474,0.868612,0,0,0,0,85,87,0,0,0,0,0,traj_sz=100
31.3525,2.08404,1.16474,0.868612,2.13474,1.21872,0.70467,0.12563,85,87,0.0739567,0.128728,-0.247226,0.455353,0,31.3525
31.3724,2.08577,1.16705,0.861705,0,0,0,0,85,87,0,0,0,0,0,traj_sz=100
31.3726,2.08577,1.16705,0.861705,2.13474,1.21872,0.70467,0.12563,85,87,0.071104,0.128385,-0.236519,0.452836,0,31.3726
31.3925,2.08672,1.16818,0.859697,0,0,0,0,85,87,0,0,0,0,0,traj_sz=100
31.3926,2.08672,1.16818,0.859697,2.13474,1.21872,0.70467,0.12563,85,87,0.0696322,0.129421,-0.232487,0.451507,0,31.3926
31.4125,2.08759,1.16927,0.856512,0,0,0,0,85,87,0,0,0,0,0,traj_sz=100
31.4126,2.08759,1.16927,0.856512,2.13474,1.21872,0.70467,0.12563,86,87,0.0682461,0.130543,-0.3491,0.450269,0,31.4126
31.4325,2.09023,1.1724,0.847612,0,0,0,0,86,87,0,0,0,0,0,traj_sz=100
31.4326,2.09023,1.1724,0.847612,2.13474,1.21872,0.70467,0.12563,86,87,0.0641819,0.128961,-0.3491,0.446601,0,31.4326
31.4526,2.09189,1.17437,0.84382,0,0,0,0,86,87,0,0,0,0,0,traj_sz=100
31.4527,2.09189,1.17437,0.84382,2.16985,1.24857,0.607622,0.12563,86,88,0.107255,0.128912,-0.3491,0.444298,0,31.4527
31.4725,2.09364,1.17655,0.839567,0,0,0,0,86,88,0,0,0,0,0,traj_sz=100
31.4727,2.09364,1.17655,0.839567,2.16985,1.24857,0.607622,0.12563,86,88,0.104498,0.128625,-0.3491,0.441827,0,31.4727
31.4924,2.0945,1.17736,0.838979,0,0,0,0,86,88,0,0,0,0,0,traj_sz=100
31.4924,2.0945,1.17736,0.838979,2.16985,1.24857,0.607622,0.12563,86,88,0.103323,0.129931,-0.3491,0.440716,0,31.4924
31.5125,2.09536,1.1782,0.837662,0,0,0,0,86,88,0,0,0,0,0,traj_sz=100
31.5126,2.09536,1.1782,0.837662,2.16985,1.24857,0.607622,0.12563,86,88,0.102142,0.131263,-0.349008,0.439604,0,31.5126
31.5325,2.09732,1.18071,0.829036,0,0,0,0,86,88,0,0,0,0,0,traj_sz=100
31.5327,2.09732,1.18071,0.829036,2.16985,1.24857,0.607622,0.12563,86,88,0.099032,0.13061,-0.338738,0.436821,0,31.5327
31.5525,2.09935,1.1827,0.825105,0,0,0,0,86,88,0,0,0,0,0,traj_sz=100
31.5526,2.09935,1.1827,0.825105,2.16985,1.24857,0.607622,0.12563,86,88,0.09622,0.130263,-0.330621,0.434176,0,31.5526
31.5725,2.10112,1.18491,0.81899,0,0,0,0,86,88,0,0,0,0,0,traj_sz=100
31.5726,2.10112,1.18491,0.81899,2.16985,1.24857,0.607622,0.12563,86,88,0.093439,0.129959,-0.323697,0.431693,0,31.5726
31.5925,2.10206,1.18593,0.814688,0,0,0,0,86,88,0,0,0,0,0,traj_sz=100
31.5927,2.10206,1.18593,0.814688,2.16985,1.24857,0.607622,0.12563,86,88,0.0920812,0.131097,-0.316608,0.430438,0,31.5927
31.6124,2.10316,1.1869,0.813114,0,0,0,0,86,88,0,0,0,0,0,traj_sz=100
31.6125,2.10316,1.1869,0.813114,2.16985,1.24857,0.607622,0.12563,86,88,0.0906324,0.132123,-0.312093,0.429052,0,31.6125
31.6324,2.10596,1.19017,0.803212,0,0,0,0,86,88,0,0,0,0,0,traj_sz=100
31.6324,2.10596,1.19017,0.803212,2.16985,1.24857,0.607622,0.12563,86,88,0.0863829,0.130338,-0.298364,0.425216,0,31.6324
31.6524,2.10798,1.19222,0.796921,0,0,0,0,86,88,0,0,0,0,0,traj_sz=100
31.6525,2.10798,1.19222,0.796921,2.16985,1.24857,0.607622,0.12563,86,88,0.0835415,0.129985,-0.286811,0.422579,0,31.6525
31.6724,2.1099,1.19428,0.790639,0,0,0,0,86,88,0,0,0,0,0,traj_sz=100
31.6725,2.1099,1.19428,0.790639,2.16985,1.24857,0.607622,0.12563,86,88,0.0807602,0.129697,-0.276435,0.420034,0,31.6725
31.6925,2.1108,1.19537,0.785924,0,0,0,0,86,88,0,0,0,0,0,traj_sz=100
31.6926,2.1108,1.19537,0.785924,2.16985,1.24857,0.607622,0.12563,86,88,0.0793741,0.130824,-0.269692,0.418796,0,31.6926
31.7125,2.11189,1.19642,0.783992,0,0,0,0,86,88,0,0,0,0,0,traj_sz=100
31.7125,2.11189,1.19642,0.783992,2.16985,1.24857,0.607622,0.12563,86,88,0.0778657,0.13181,-0.265404,0.417391,0,31.7125
31.7324,2.1149,1.19955,0.776249,0,0,0,0,86,88,0,0,0,0,0,traj_sz=100
31.7325,2.1149,1.19955,0.776249,2.16985,1.24857,0.607622,0.12563,86,88,0.0735587,0.129981,-0.251939,0.41345,0,31.7325
31.7525,2.11679,1.20142,0.769512,0,0,0,0,86,88,0,0,0,0,0,traj_sz=100
31.7526,2.11679,1.20142,0.769512,2.16985,1.24857,0.607622,0.12563,86,88,0.0709142,0.129844,-0.23908,0.411003,0,31.7526
31.7724,2.11888,1.20348,0.765804,0,0,0,0,86,88,0,0,0,0,0,traj_sz=100
31.7724,2.11888,1.20348,0.765804,2.16985,1.24857,0.607622,0.12563,87,88,0.0679944,0.129407,-0.3491,0.408316,0,31.7724
31.7923,2.11986,1.20455,0.761833,0,0,0,0,87,88,0,0,0,0,0,traj_sz=100
31.7924,2.11986,1.20455,0.761833,2.16985,1.24857,0.607622,0.12563,87,88,0.06656,0.130474,-0.3491,0.407021,0,31.7924
31.8124,2.12093,1.20563,0.759614,0,0,0,0,87,88,0,0,0,0,0,traj_sz=100
31.8124,2.12093,1.20563,0.759614,2.16985,1.24857,0.607622,0.12563,87,88,0.0650422,0.131464,-0.3491,0.405629,0,31.8124
31.8323,2.12388,1.20851,0.752373,0,0,0,0,87,88,0,0,0,0,0,traj_sz=100
31.8324,2.12388,1.20851,0.752373,2.20769,1.27489,0.50903,0.12563,87,89,0.106547,0.129848,-0.3491,0.401851,0,31.8324
31.8524,2.12613,1.21027,0.751783,0,0,0,0,87,89,0,0,0,0,0,traj_sz=100
31.8526,2.12613,1.21027,0.751783,2.20769,1.27489,0.50903,0.12563,87,89,0.103706,0.129518,-0.3491,0.399125,0,31.8526
31.8725,2.1278,1.2119,0.750216,0,0,0,0,87,89,0,0,0,0,0,traj_sz=100
31.8726,2.1278,1.2119,0.750216,2.20769,1.27489,0.50903,0.12563,87,89,0.101388,0.129701,-0.3491,0.396993,0,31.8726
31.8925,2.12856,1.21287,0.743806,0,0,0,0,87,89,0,0,0,0,0,traj_sz=100
31.8927,2.12856,1.21287,0.743806,2.20769,1.27489,0.50903,0.12563,87,89,0.100224,0.131001,-0.3491,0.395943,0,31.8927
31.9125,2.12976,1.21396,0.742751,0,0,0,0,87,89,0,0,0,0,0,traj_sz=100
31.9127,2.12976,1.21396,0.742751,2.20769,1.27489,0.50903,0.12563,87,89,0.0986157,0.131892,-0.3491,0.394446,0,31.9127
31.9324,2.13258,1.21686,0.728772,0,0,0,0,87,89,0,0,0,0,0,traj_sz=100
31.9325,2.13258,1.21686,0.728772,2.20769,1.27489,0.50903,0.12563,87,89,0.0946746,0.130348,-0.334065,0.390797,0,31.9325
31.9524,2.13468,1.21877,0.723706,0,0,0,0,87,89,0,0,0,0,0,traj_sz=100
31.9527,2.13468,1.21877,0.723706,2.20769,1.27489,0.50903,0.12563,87,89,0.0918741,0.130038,-0.326424,0.388179,0,31.9527
31.9724,2.13681,1.22071,0.719294,0,0,0,0,87,89,0,0,0,0,0,traj_sz=100
31.9725,2.13681,1.22071,0.719294,2.20769,1.27489,0.50903,0.12563,87,89,0.089017,0.129663,-0.319905,0.385516,0,31.9725
31.9924,2.13786,1.22166,0.716555,0,0,0,0,87,89,0,0,0,0,0,traj_sz=100
31.9925,2.13786,1.22166,0.716555,2.20769,1.27489,0.50903,0.12563,87,89,0.0876222,0.130759,-0.315629,0.384213,0,31.9925
32.0125,2.1389,1.22263,0.712331,0,0,0,0,87,89,0,0,0,0,0,traj_sz=100
32.0127,2.1389,1.22263,0.712331,2.20769,1.27489,0.50903,0.12563,87,89,0.0862231,0.131869,-0.308939,0.382907,0,32.0127
32.0324,2.14211,1.22564,0.699309,0,0,0,0,87,89,0,0,0,0,0,traj_sz=100
32.0326,2.14211,1.22564,0.699309,2.20769,1.27489,0.50903,0.12563,87,89,0.0818929,0.129987,-0.288784,0.378885,0,32.0326
32.0525,2.14444,1.22753,0.696017,0,0,0,0,87,89,0,0,0,0,0,traj_sz=100
32.0526,2.14444,1.22753,0.696017,2.20769,1.27489,0.50903,0.12563,87,89,0.0789042,0.129499,-0.28173,0.37606,0,32.0526
32.0724,2.14678,1.22939,0.691537,0,0,0,0,87,89,0,0,0,0,0,traj_sz=100
32.0727,2.14678,1.22939,0.691537,2.20769,1.27489,0.50903,0.12563,87,89,0.0759308,0.129014,-0.272175,0.37324,0,32.0727
32.0925,2.14785,1.2304,0.687199,0,0,0,0,87,89,0,0,0,0,0,traj_sz=100
32.0927,2.14785,1.2304,0.687199,2.20769,1.27489,0.50903,0.12563,87,89,0.0744762,0.130077,-0.265606,0.371902,0,32.0927
32.1125,2.14885,1.23142,0.682689,0,0,0,0,87,89,0,0,0,0,0,traj_sz=100
32.1126,2.14885,1.23142,0.682689,2.20769,1.27489,0.50903,0.12563,87,89,0.0730727,0.131155,-0.259407,0.370627,0,32.1126
32.1325,2.15202,1.23394,0.674369,0,0,0,0,87,89,0,0,0,0,0,traj_sz=100
32.1326,2.15202,1.23394,0.674369,2.20769,1.27489,0.50903,0.12563,87,89,0.069051,0.129622,-0.242359,0.366821,0,32.1326
32.1524,2.1544,1.2357,0.672093,0,0,0,0,87,89,0,0,0,0,0,traj_sz=100
32.1525,2.1544,1.2357,0.672093,2.20769,1.27489,0.50903,0.12563,88,89,0.0661017,0.129164,-0.3491,0.364013,0,32.1525
32.1723,2.15641,1.2375,0.665714,0,0,0,0,88,89,0,0,0,0,0,traj_sz=100
32.1724,2.15641,1.2375,0.665714,2.20769,1.27489,0.50903,0.12563,88,89,0.0634258,0.128974,-0.3491,0.361541,0,32.1724
32.1924,2.15769,1.2383,0.664585,0,0,0,0,88,89,0,0,0,0,0,traj_sz=100
32.1926,2.15769,1.2383,0.664585,2.24794,1.29735,0.410949,0.12563,88,90,0.107466,0.129991,-0.3491,0.360078,0,32.1926
32.2123,2.15883,1.23925,0.660772,0,0,0,0,88,90,0,0,0,0,0,traj_sz=100
32.2124,2.15883,1.23925,0.660772,2.24794,1.29735,0.410949,0.12563,88,90,0.106013,0.130993,-0.3491,0.358697,0,32.2124
32.2324,2.16193,1.24181,0.655003,0,0,0,0,88,90,0,0,0,0,0,traj_sz=100
32.2324,2.16193,1.24181,0.655003,2.24794,1.29735,0.410949,0.12563,88,90,0.102042,0.129486,-0.3491,0.354957,0,32.2324
32.2524,2.16363,1.2432,0.649585,0,0,0,0,88,90,0,0,0,0,0,traj_sz=100
32.2525,2.16363,1.2432,0.649585,2.24794,1.29735,0.410949,0.12563,88,90,0.0998864,0.1298,-0.3491,0.352913,0,32.2525
32.2725,2.16528,1.24473,0.643338,0,0,0,0,88,90,0,0,0,0,0,traj_sz=100
32.2726,2.16528,1.24473,0.643338,2.24794,1.29735,0.410949,0.12563,88,90,0.0977048,0.130091,-0.3491,0.350887,0,32.2726
32.2924,2.16676,1.24552,0.643435,0,0,0,0,88,90,0,0,0,0,0,traj_sz=100
32.2926,2.16676,1.24552,0.643435,2.24794,1.29735,0.410949,0.12563,88,90,0.096045,0.130919,-0.3491,0.349239,0,32.2926
32.3123,2.16794,1.2465,0.641056,0,0,0,0,88,90,0,0,0,0,0,traj_sz=100
32.3125,2.16794,1.2465,0.641056,2.24794,1.29735,0.410949,0.12563,88,90,0.0945297,0.131887,-0.348893,0.347817,0,32.3125
32.3324,2.17127,1.24941,0.629372,0,0,0,0,88,90,0,0,0,0,0,traj_sz=100
32.3325,2.17127,1.24941,0.629372,2.24794,1.29735,0.410949,0.12563,88,90,0.0901997,0.130014,-0.335203,0.343775,0,32.3325
32.3524,2.17382,1.25111,0.625505,0,0,0,0,88,90,0,0,0,0,0,traj_sz=100
32.3524,2.17382,1.25111,0.625505,2.24794,1.29735,0.410949,0.12563,88,90,0.0871588,0.129447,-0.327301,0.340838,0,32.3524
32.3723,2.17624,1.25305,0.619663,0,0,0,0,88,90,0,0,0,0,0,traj_sz=100
32.3724,2.17624,1.25305,0.619663,2.24794,1.29735,0.410949,0.12563,88,90,0.0841002,0.128876,-0.320084,0.337969,0,32.3724
32.3924,2.17738,1.25386,0.615577,0,0,0,0,88,90,0,0,0,0,0,traj_sz=100
32.3925,2.17738,1.25386,0.615577,2.24794,1.29735,0.410949,0.12563,88,90,0.082718,0.129995,-0.312872,0.336637,0,32.3925
32.4124,2.17874,1.25482,0.613879,0,0,0,0,88,90,0,0,0,0,0,traj_sz=100
32.4126,2.17874,1.25482,0.613879,2.24794,1.29735,0.410949,0.12563,88,90,0.0810645,0.130851,-0.310103,0.335065,0,32.4126
32.4324,2.18215,1.25738,0.603469,0,0,0,0,88,90,0,0,0,0,0,traj_sz=100
32.4325,2.18215,1.25738,0.603469,2.24794,1.29735,0.410949,0.12563,88,90,0.076858,0.129112,-0.293566,0.331074,0,32.4325
32.4524,2.18448,1.25895,0.599019,0,0,0,0,88,90,0,0,0,0,0,traj_sz=100
32.4525,2.18448,1.25895,0.599019,2.24794,1.29735,0.410949,0.12563,88,90,0.0740612,0.12881,-0.284944,0.328393,0,32.4525
32.4726,2.18672,1.26047,0.592446,0,0,0,0,88,90,0,0,0,0,0,traj_sz=100
32.4727,2.18672,1.26047,0.592446,2.24794,1.29735,0.410949,0.12563,88,90,0.0713847,0.128637,-0.272703,0.325827,0,32.4727
32.4924,2.1879,1.2613,0.591684,0,0,0,0,88,90,0,0,0,0,0,traj_sz=100
32.4926,2.1879,1.2613,0.591684,2.24794,1.29735,0.410949,0.12563,88,90,0.0699416,0.129691,-0.271466,0.324462,0,32.4926
32.5124,2.18913,1.2621,0.589439,0,0,0,0,88,90,0,0,0,0,0,traj_sz=100
32.5125,2.18913,1.2621,0.589439,2.24794,1.29735,0.410949,0.12563,89,90,0.0684857,0.130726,-0.3491,0.323063,0,32.5125
32.5323,2.19246,1.26427,0.582152,0,0,0,0,89,90,0,0,0,0,0,traj_sz=100
32.5324,2.19246,1.26427,0.582152,2.24794,1.29735,0.410949,0.12563,89,90,0.0645307,0.129245,-0.3491,0.319266,0,32.5324
32.5525,2.19457,1.26576,0.575731,0,0,0,0,89,90,0,0,0,0,0,traj_sz=100
32.5525,2.19457,1.26576,0.575731,2.29019,1.31576,0.315719,0.12563,89,91,0.10743,0.129194,-0.3491,0.316835,0,32.5525
32.5724,2.19688,1.26722,0.572631,0,0,0,0,89,91,0,0,0,0,0,traj_sz=100
32.5725,2.19688,1.26722,0.572631,2.29019,1.31576,0.315719,0.12563,89,91,0.104728,0.128959,-0.3491,0.314223,0,32.5725
32.5924,2.19785,1.26804,0.568485,0,0,0,0,89,91,0,0,0,0,0,traj_sz=100
32.5925,2.19785,1.26804,0.568485,2.29019,1.31576,0.315719,0.12563,89,91,0.103507,0.130208,-0.3491,0.313067,0,32.5925
32.6124,2.19896,1.26881,0.569058,0,0,0,0,89,91,0,0,0,0,0,traj_sz=100
32.6124,2.19896,1.26881,0.569058,2.29019,1.31576,0.315719,0.12563,89,91,0.102156,0.131362,-0.3491,0.3118,0,32.6124
32.6323,2.20202,1.27083,0.561078,0,0,0,0,89,91,0,0,0,0,0,traj_sz=100
32.6324,2.20202,1.27083,0.561078,2.29019,1.31576,0.315719,0.12563,89,91,0.0985624,0.130203,-0.3491,0.308321,0,32.6324
32.6523,2.20436,1.27244,0.553811,0,0,0,0,89,91,0,0,0,0,0,traj_sz=100
32.6525,2.20436,1.27244,0.553811,2.29019,1.31576,0.315719,0.12563,89,91,0.0957804,0.129871,-0.3491,0.305642,0,32.6525
32.6723,2.20675,1.27402,0.548364,0,0,0,0,89,91,0,0,0,0,0,traj_sz=100
32.6724,2.20675,1.27402,0.548364,2.29019,1.31576,0.315719,0.12563,89,91,0.0929628,0.129518,-0.3491,0.30293,0,32.6724
32.6923,2.20812,1.27489,0.546643,0,0,0,0,89,91,0,0,0,0,0,traj_sz=100
32.6924,2.20812,1.27489,0.546643,2.29019,1.31576,0.315719,0.12563,89,91,0.0913574,0.130417,-0.3491,0.301391,0,32.6924
32.7123,2.20915,1.27576,0.539775,0,0,0,0,89,91,0,0,0,0,0,traj_sz=100
32.7124,2.20915,1.27576,0.539775,2.29019,1.31576,0.315719,0.12563,89,91,0.0900758,0.131604,-0.3491,0.300177,0,32.7124
32.7323,2.21307,1.27839,0.531663,0,0,0,0,89,91,0,0,0,0,0,traj_sz=100
32.7324,2.21307,1.27839,0.531663,2.29019,1.31576,0.315719,0.12563,89,91,0.0854206,0.129417,-0.346579,0.29573,0,32.7324
32.7525,2.21577,1.27995,0.524112,0,0,0,0,89,91,0,0,0,0,0,traj_sz=100
32.7527,2.21577,1.27995,0.524112,2.29019,1.31576,0.315719,0.12563,89,91,0.082349,0.128845,-0.333775,0.292733,0,32.7527
32.7723,2.21847,1.28169,0.519047,0,0,0,0,89,91,0,0,0,0,0,traj_sz=100
32.7724,2.21847,1.28169,0.519047,2.29019,1.31576,0.315719,0.12563,89,91,0.0791765,0.128139,-0.32775,0.289702,0,32.7724
32.7924,2.21974,1.28254,0.514851,0,0,0,0,89,91,0,0,0,0,0,traj_sz=100
32.7925,2.21974,1.28254,0.514851,2.29019,1.31576,0.315719,0.12563,89,91,0.0776795,0.129149,-0.321989,0.288269,0,32.7925
32.8126,2.2211,1.28317,0.511633,0,0,0,0,89,91,0,0,0,0,0,traj_sz=100
32.8127,2.2211,1.28317,0.511633,2.29019,1.31576,0.315719,0.12563,89,91,0.0761972,0.130179,-0.314528,0.286794,0,32.8127
32.8323,2.22486,1.28587,0.496091,0,0,0,0,89,91,0,0,0,0,0,traj_sz=100
32.8324,2.22486,1.28587,0.496091,2.29019,1.31576,0.315719,0.12563,89,91,0.0716826,0.128094,-0.294398,0.282516,0,32.8324
32.8524,2.22711,1.2872,0.488585,0,0,0,0,89,91,0,0,0,0,0,traj_sz=100
32.8524,2.22711,1.2872,0.488585,2.29019,1.31576,0.315719,0.12563,89,91,0.069101,0.128002,-0.281828,0.280018,0,32.8524
32.8725,2.22954,1.28854,0.483086,0,0,0,0,89,91,0,0,0,0,0,traj_sz=100
32.8726,2.22954,1.28854,0.483086,2.29019,1.31576,0.315719,0.12563,90,91,0.0663569,0.127773,-0.3491,0.277358,0,32.8726
32.8926,2.23049,1.28923,0.478774,0,0,0,0,90,91,0,0,0,0,0,traj_sz=100
32.8927,2.23049,1.28923,0.478774,2.29019,1.31576,0.315719,0.12563,90,91,0.0652081,0.129133,-0.3491,0.276275,0,32.8927
32.9124,2.23192,1.28943,0.481342,0,0,0,0,90,91,0,0,0,0,0,traj_sz=100
32.9125,2.23192,1.28943,0.481342,2.29019,1.31576,0.315719,0.12563,90,91,0.0638389,0.130244,-0.3491,0.274839,0,32.9125
32.9324,2.2353,1.29166,0.470128,0,0,0,0,90,91,0,0,0,0,0,traj_sz=100
32.9325,2.2353,1.29166,0.470128,2.334,1.33007,0.225883,0.120914,90,92,0.105391,0.128749,-0.3491,0.271051,0,32.9325
32.9525,2.23756,1.29252,0.46814,0,0,0,0,90,92,0,0,0,0,0,traj_sz=100
32.9526,2.23756,1.29252,0.46814,2.334,1.33007,0.225883,0.120914,90,92,0.103007,0.12886,-0.3491,0.268659,0,32.9526
32.9725,2.23962,1.29415,0.458745,0,0,0,0,90,92,0,0,0,0,0,traj_sz=100
32.9726,2.23962,1.29415,0.458745,2.334,1.33007,0.225883,0.120914,90,92,0.100526,0.128818,-0.3491,0.266299,0,32.9726
32.9924,2.24075,1.2945,0.454508,0,0,0,0,90,92,0,0,0,0,0,traj_sz=100
32.9925,2.24075,1.2945,0.454508,2.334,1.33007,0.225883,0.120914,90,92,0.0993954,0.130136,-0.3491,0.26512,0,32.9925
33.0124,2.24216,1.29533,0.453526,0,0,0,0,90,92,0,0,0,0,0,traj_sz=100
33.0125,2.24216,1.29533,0.453526,2.334,1.33007,0.225883,0.120914,90,92,0.0977806,0.13102,-0.3491,0.263576,0,33.0125
33.0324,2.24588,1.29701,0.445451,0,0,0,0,90,92,0,0,0,0,0,traj_sz=100
33.0325,2.24588,1.29701,0.445451,2.334,1.33007,0.225883,0.120914,90,92,0.0937669,0.129454,-0.3491,0.259588,0,33.0325
33.0525,2.24827,1.29857,0.437515,0,0,0,0,90,92,0,0,0,0,0,traj_sz=100
33.0526,2.24827,1.29857,0.437515,2.334,1.33007,0.225883,0.120914,90,92,0.0909987,0.129167,-0.3491,0.256928,0,33.0526
33.0725,2.25059,1.29965,0.430809,0,0,0,0,90,92,0,0,0,0,0,traj_sz=100
33.0726,2.25059,1.29965,0.430809,2.334,1.33007,0.225883,0.120914,90,92,0.0884953,0.129129,-0.346008,0.254444,0,33.0726
33.0925,2.25182,1.30045,0.427471,0,0,0,0,90,92,0,0,0,0,0,traj_sz=100
33.0926,2.25182,1.30045,0.427471,2.334,1.33007,0.225883,0.120914,90,92,0.0870664,0.130203,-0.343644,0.253079,0,33.0926
33.1125,2.25318,1.30113,0.424048,0,0,0,0,90,92,0,0,0,0,0,traj_sz=100
33.1126,2.25318,1.30113,0.424048,2.334,1.33007,0.225883,0.120914,90,92,0.0855741,0.131204,-0.338688,0.251616,0,33.1126
33.1325,2.25682,1.303,0.412757,0,0,0,0,90,92,0,0,0,0,0,traj_sz=100
33.1326,2.25682,1.303,0.412757,2.334,1.33007,0.225883,0.120914,90,92,0.0815581,0.12965,-0.322253,0.24768,0,33.1326
33.1526,2.25923,1.30397,0.408423,0,0,0,0,90,92,0,0,0,0,0,traj_sz=100
33.1526,2.25923,1.30397,0.408423,2.334,1.33007,0.225883,0.120914,90,92,0.0789853,0.129572,-0.313329,0.245129,0,33.1526
33.1725,2.26168,1.30523,0.399634,0,0,0,0,90,92,0,0,0,0,0,traj_sz=100
33.1726,2.26168,1.30523,0.399634,2.334,1.33007,0.225883,0.120914,90,92,0.0762875,0.129342,-0.300253,0.24249,0,33.1726
33.1926,2.26329,1.30543,0.402255,0,0,0,0,90,92,0,0,0,0,0,traj_sz=100
33.1927,2.26329,1.30543,0.402255,2.334,1.33007,0.225883,0.120914,90,92,0.0747166,0.130305,-0.298043,0.240873,0,33.1927
33.2125,2.26435,1.30651,0.393978,0,0,0,0,90,92,0,0,0,0,0,traj_sz=100
33.2126,2.26435,1.30651,0.393978,2.334,1.33007,0.225883,0.120914,90,92,0.0733589,0.131427,-0.291688,0.239631,0,33.2126
33.2325,2.26793,1.30813,0.386697,0,0,0,0,90,92,0,0,0,0,0,traj_sz=100
33.2326,2.26793,1.30813,0.386697,2.334,1.33007,0.225883,0.120914,90,92,0.0694634,0.130023,-0.279311,0.235814,0,33.2326
33.2525,2.27049,1.30932,0.379072,0,0,0,0,90,92,0,0,0,0,0,traj_sz=100
33.2526,2.27049,1.30932,0.379072,2.334,1.33007,0.225883,0.120914,91,92,0.0666834,0.12973,-0.3491,0.23309,0,33.2526
33.2725,2.2729,1.31036,0.373708,0,0,0,0,91,92,0,0,0,0,0,traj_sz=100
33.2726,2.2729,1.31036,0.373708,2.334,1.33007,0.225883,0.120914,91,92,0.064077,0.129625,-0.3491,0.230532,0,33.2726
33.2925,2.27418,1.31095,0.368443,0,0,0,0,91,92,0,0,0,0,0,traj_sz=100
33.2926,2.27418,1.31095,0.368443,2.37723,1.34001,0.147081,0.109024,91,93,0.106604,0.130742,-0.3491,0.229175,0,33.2926
33.3125,2.2757,1.31142,0.367678,0,0,0,0,91,93,0,0,0,0,0,traj_sz=100
33.3126,2.2757,1.31142,0.367678,2.37723,1.34001,0.147081,0.109024,91,93,0.105018,0.131652,-0.3491,0.227592,0,33.3126
33.3325,2.27951,1.31327,0.357979,0,0,0,0,91,93,0,0,0,0,0,traj_sz=100
33.3326,2.27951,1.31327,0.357979,2.37723,1.34001,0.147081,0.109024,91,93,0.10089,0.129956,-0.3491,0.223524,0,33.3326
33.3524,2.28175,1.31414,0.353554,0,0,0,0,91,93,0,0,0,0,0,traj_sz=100
33.3525,2.28175,1.31414,0.353554,2.37723,1.34001,0.147081,0.109024,91,93,0.0985278,0.130065,-0.3491,0.221172,0,33.3525
33.3724,2.28466,1.31513,0.349627,0,0,0,0,91,93,0,0,0,0,0,traj_sz=100
33.3725,2.28466,1.31513,0.349627,2.37723,1.34001,0.147081,0.109024,91,93,0.0954955,0.129505,-0.3491,0.218148,0,33.3725
33.3924,2.28604,1.31591,0.345419,0,0,0,0,91,93,0,0,0,0,0,traj_sz=100
33.3924,2.28604,1.31591,0.345419,2.37723,1.34001,0.147081,0.109024,91,93,0.0939643,0.130358,-0.3491,0.216658,0,33.3924
33.4124,2.2874,1.31623,0.341781,0,0,0,0,91,93,0,0,0,0,0,traj_sz=100
33.4125,2.2874,1.31623,0.341781,2.37723,1.34001,0.147081,0.109024,91,93,0.0926051,0.13123,-0.3491,0.215267,0,33.4125
33.4324,2.29172,1.31798,0.332288,0,0,0,0,91,93,0,0,0,0,0,traj_sz=100
33.4325,2.29172,1.31798,0.332288,2.37723,1.34001,0.147081,0.109024,91,93,0.0880173,0.12885,-0.337026,0.210725,0,33.4325
33.4523,2.29444,1.31896,0.325761,0,0,0,0,91,93,0,0,0,0,0,traj_sz=100
33.4525,2.29444,1.31896,0.325761,2.37723,1.34001,0.147081,0.109024,91,93,0.0851729,0.128224,-0.326546,0.20789,0,33.4525
33.4724,2.29714,1.31986,0.316717,0,0,0,0,91,93,0,0,0,0,0,traj_sz=100
33.4725,2.29714,1.31986,0.316717,2.37723,1.34001,0.147081,0.109024,91,93,0.0823849,0.127642,-0.310507,0.205089,0,33.4725
33.4925,2.29864,1.32002,0.316319,0,0,0,0,91,93,0,0,0,0,0,traj_sz=100
33.4926,2.29864,1.32002,0.316319,2.37723,1.34001,0.147081,0.109024,91,93,0.0809073,0.128436,-0.305117,0.203577,0,33.4926
33.5126,2.29992,1.32088,0.312648,0,0,0,0,91,93,0,0,0,0,0,traj_sz=100
33.5127,2.29992,1.32088,0.312648,2.37723,1.34001,0.147081,0.109024,91,93,0.0794507,0.129244,-0.304817,0.202192,0,33.5127
33.5325,2.30389,1.32192,0.305205,0,0,0,0,91,93,0,0,0,0,0,traj_sz=100
33.5326,2.30389,1.32192,0.305205,2.37723,1.34001,0.147081,0.109024,91,93,0.0753849,0.12738,-0.287743,0.198108,0,33.5326
33.5525,2.30643,1.32271,0.301214,0,0,0,0,91,93,0,0,0,0,0,traj_sz=100
33.5527,2.30643,1.32271,0.301214,2.37723,1.34001,0.147081,0.109024,91,93,0.0727464,0.126994,-0.280007,0.195486,0,33.5527
33.5725,2.30911,1.32337,0.297321,0,0,0,0,91,93,0,0,0,0,0,traj_sz=100
33.5726,2.30911,1.32337,0.297321,2.37723,1.34001,0.147081,0.109024,91,93,0.0700104,0.126494,-0.269957,0.192743,0,33.5726
33.5925,2.31015,1.32425,0.290161,0,0,0,0,91,93,0,0,0,0,0,traj_sz=100
33.5926,2.31015,1.32425,0.290161,2.37723,1.34001,0.147081,0.109024,91,93,0.0687833,0.127511,-0.264798,0.191587,0,33.5926
33.6125,2.31161,1.32431,0.291008,0,0,0,0,91,93,0,0,0,0,0,traj_sz=100
33.6126,2.31161,1.32431,0.291008,2.37723,1.34001,0.147081,0.109024,91,93,0.0673676,0.128348,-0.26043,0.190136,0,33.6126
33.6324,2.31531,1.32575,0.280484,0,0,0,0,91,93,0,0,0,0,0,traj_sz=100
33.6326,2.31531,1.32575,0.280484,2.37723,1.34001,0.147081,0.109024,92,93,0.0634462,0.126657,-0.3491,0.186274,0,33.6326
33.6523,2.31798,1.32657,0.276362,0,0,0,0,92,93,0,0,0,0,0,traj_sz=100
33.6524,2.31798,1.32657,0.276362,2.37723,1.34001,0.147081,0.109024,92,93,0.0606689,0.126103,-0.3491,0.183522,0,33.6524
33.6723,2.32062,1.32724,0.271682,0,0,0,0,92,93,0,0,0,0,0,traj_sz=100
33.6725,2.32062,1.32724,0.271682,2.4168,1.34587,0.0849195,0.0902084,92,94,0.0976556,0.125646,-0.3491,0.180822,0,33.6725
33.6924,2.32203,1.32745,0.271267,0,0,0,0,92,94,0,0,0,0,0,traj_sz=100
33.6925,2.32203,1.32745,0.271267,2.4168,1.34587,0.0849195,0.0902084,92,94,0.0962451,0.126487,-0.347004,0.179398,0,33.6925
33.7124,2.32338,1.32813,0.269125,0,0,0,0,92,94,0,0,0,0,0,traj_sz=100
33.7125,2.32338,1.32813,0.269125,2.4168,1.34587,0.0849195,0.0902084,92,94,0.094774,0.127263,-0.348507,0.177968,0,33.7125
33.7323,2.32708,1.32918,0.260834,0,0,0,0,92,94,0,0,0,0,0,traj_sz=100
33.7324,2.32708,1.32918,0.260834,2.4168,1.34587,0.0849195,0.0902084,92,94,0.0909871,0.125662,-0.336569,0.174167,0,33.7324
33.7524,2.32958,1.32985,0.255794,0,0,0,0,92,94,0,0,0,0,0,traj_sz=100
33.7525,2.32958,1.32985,0.255794,2.4168,1.34587,0.0849195,0.0902084,92,94,0.0884313,0.125317,-0.328958,0.171604,0,33.7525
33.7726,2.33201,1.33058,0.249769,0,0,0,0,92,94,0,0,0,0,0,traj_sz=100
33.7727,2.33201,1.33058,0.249769,2.4168,1.34587,0.0849195,0.0902084,92,94,0.0859386,0.124584,-0.320546,0.169109,0,33.7727
33.7924,2.33336,1.33087,0.247464,0,0,0,0,92,94,0,0,0,0,0,traj_sz=100
33.7925,2.33336,1.33087,0.247464,2.4168,1.34587,0.0849195,0.0902084,92,94,0.0845691,0.124953,-0.316155,0.167732,0,33.7925
33.8124,2.33468,1.33129,0.245302,0,0,0,0,92,94,0,0,0,0,0,traj_sz=100
33.8125,2.33468,1.33129,0.245302,2.4168,1.34587,0.0849195,0.0902084,92,94,0.0832005,0.125351,-0.313882,0.166373,0,33.8125
33.8324,2.33886,1.33208,0.240823,0,0,0,0,92,94,0,0,0,0,0,traj_sz=100
33.8325,2.33886,1.33208,0.240823,2.4168,1.34587,0.0849195,0.0902084,92,94,0.0789813,0.122875,-0.303353,0.162135,0,33.8325
33.8524,2.34151,1.33315,0.231757,0,0,0,0,92,94,0,0,0,0,0,traj_sz=100
33.8525,2.34151,1.33315,0.231757,2.4168,1.34587,0.0849195,0.0902084,92,94,0.0761951,0.12183,-0.293724,0.159379,0,33.8525
33.8724,2.34413,1.33386,0.226494,0,0,0,0,92,94,0,0,0,0,0,traj_sz=100
33.8725,2.34413,1.33386,0.226494,2.4168,1.34587,0.0849195,0.0902084,92,94,0.0735091,0.120896,-0.285952,0.156702,0,33.8725
33.8924,2.34553,1.33394,0.225327,0,0,0,0,92,94,0,0,0,0,0,traj_sz=100
33.8924,2.34553,1.33394,0.225327,2.4168,1.34587,0.0849195,0.0902084,92,94,0.0721337,0.121279,-0.280255,0.155302,0,33.8924
33.9125,2.34686,1.33422,0.222608,0,0,0,0,92,94,0,0,0,0,0,traj_sz=100
33.9126,2.34686,1.33422,0.222608,2.4168,1.34587,0.0849195,0.0902084,92,94,0.0707871,0.121708,-0.274999,0.153952,0,33.9126
33.9324,2.35092,1.33503,0.217253,0,0,0,0,92,94,0,0,0,0,0,traj_sz=100
33.9326,2.35092,1.33503,0.217253,2.4168,1.34587,0.0849195,0.0902084,92,94,0.066664,0.11933,-0.263608,0.149826,0,33.9326
33.9524,2.35368,1.33568,0.211244,0,0,0,0,92,94,0,0,0,0,0,traj_sz=100
33.9525,2.35368,1.33568,0.211244,2.4168,1.34587,0.0849195,0.0902084,92,94,0.0638508,0.118264,-0.252939,0.147016,0,33.9525
33.9724,2.35654,1.33621,0.206896,0,0,0,0,92,94,0,0,0,0,0,traj_sz=100
33.9725,2.35654,1.33621,0.206896,2.4168,1.34587,0.0849195,0.0902084,93,94,0.0609591,0.117135,-0.33394,0.144122,0,33.9725
33.9924,2.35781,1.33686,0.201171,0,0,0,0,93,94,0,0,0,0,0,traj_sz=100
33.9925,2.35781,1.33686,0.201171,2.4168,1.34587,0.0849195,0.0902084,93,94,0.0595996,0.117536,-0.330365,0.142794,0,33.9925
34.0124,2.3592,1.33687,0.200925,0,0,0,0,93,94,0,0,0,0,0,traj_sz=100
34.0125,2.3592,1.33687,0.200925,2.4168,1.34587,0.0849195,0.0902084,93,94,0.0582407,0.117944,-0.327119,0.141415,0,34.0125
34.0323,2.36292,1.33811,0.192024,0,0,0,0,93,94,0,0,0,0,0,traj_sz=100
34.0325,2.36292,1.33811,0.192024,2.44977,1.34867,0.0419845,0.0668114,93,95,0.0872744,0.115835,-0.321213,0.1376,0,34.0325
34.0524,2.36554,1.33823,0.190131,0,0,0,0,93,95,0,0,0,0,0,traj_sz=100
34.0525,2.36554,1.33823,0.190131,2.44977,1.34867,0.0419845,0.0668114,93,95,0.0846803,0.114991,-0.313865,0.134969,0,34.0525
34.0724,2.36767,1.33898,0.184532,0,0,0,0,93,95,0,0,0,0,0,traj_sz=100
34.0725,2.36767,1.33898,0.184532,2.44977,1.34867,0.0419845,0.0668114,93,95,0.082483,0.114542,-0.310196,0.132787,0,34.0725
34.0924,2.36887,1.33903,0.183747,0,0,0,0,93,95,0,0,0,0,0,traj_sz=100
34.0926,2.36887,1.33903,0.183747,2.44977,1.34867,0.0419845,0.0668114,93,95,0.0812975,0.115118,-0.306909,0.131586,0,34.0926
34.1124,2.36997,1.33944,0.179586,0,0,0,0,93,95,0,0,0,0,0,traj_sz=100
34.1125,2.36997,1.33944,0.179586,2.44977,1.34867,0.0419845,0.0668114,93,95,0.0801655,0.115731,-0.303096,0.130458,0,34.1125
34.1324,2.3739,1.34011,0.175117,0,0,0,0,93,95,0,0,0,0,0,traj_sz=100
34.1325,2.3739,1.34011,0.175117,2.44977,1.34867,0.0419845,0.0668114,93,95,0.0761987,0.113093,-0.296404,0.126485,0,34.1325
34.1525,2.37628,1.341,0.166164,0,0,0,0,93,95,0,0,0,0,0,traj_sz=100
34.1526,2.37628,1.341,0.166164,2.44977,1.34867,0.0419845,0.0668114,93,95,0.0737461,0.111777,-0.288295,0.124047,0,34.1526
34.1724,2.37889,1.34116,0.163745,0,0,0,0,93,95,0,0,0,0,0,traj_sz=100
34.1725,2.37889,1.34116,0.163745,2.44977,1.34867,0.0419845,0.0668114,93,95,0.0711522,0.110318,-0.280564,0.121429,0,34.1725
34.1925,2.38008,1.34174,0.160156,0,0,0,0,93,95,0,0,0,0,0,traj_sz=100
34.1926,2.38008,1.34174,0.160156,2.44977,1.34867,0.0419845,0.0668114,93,95,0.0699079,0.110233,-0.280015,0.120209,0,34.1926
34.2125,2.38145,1.34177,0.159652,0,0,0,0,93,95,0,0,0,0,0,traj_sz=100
34.2127,2.38145,1.34177,0.159652,2.44977,1.34867,0.0419845,0.0668114,93,95,0.0685516,0.110032,-0.276589,0.118839,0,34.2127
34.2325,2.38484,1.34248,0.150531,0,0,0,0,93,95,0,0,0,0,0,traj_sz=100
34.2326,2.38484,1.34248,0.150531,2.44977,1.34867,0.0419845,0.0668114,93,95,0.0651207,0.107724,-0.263157,0.115402,0,34.2326
34.2524,2.38735,1.34293,0.145646,0,0,0,0,93,95,0,0,0,0,0,traj_sz=100
34.2525,2.38735,1.34293,0.145646,2.44977,1.34867,0.0419845,0.0668114,93,95,0.0625916,0.106337,-0.255598,0.112871,0,34.2525
34.2724,2.38993,1.34316,0.144294,0,0,0,0,93,95,0,0,0,0,0,traj_sz=100
34.2725,2.38993,1.34316,0.144294,2.44977,1.34867,0.0419845,0.0668114,93,95,0.0600103,0.104905,-0.250923,0.110282,0,34.2725
34.2924,2.39098,1.34387,0.138014,0,0,0,0,93,95,0,0,0,0,0,traj_sz=100
34.2925,2.39098,1.34387,0.138014,2.44977,1.34867,0.0419845,0.0668114,93,95,0.0588912,0.104939,-0.247848,0.109192,0,34.2925
34.3123,2.39212,1.34375,0.13862,0,0,0,0,93,95,0,0,0,0,0,traj_sz=100
34.3125,2.39212,1.34375,0.13862,2.44977,1.34867,0.0419845,0.0668114,93,95,0.0577788,0.104978,-0.244617,0.108063,0,34.3125
34.3323,2.39545,1.34425,0.131291,0,0,0,0,93,95,0,0,0,0,0,traj_sz=100
34.3324,2.39545,1.34425,0.131291,2.47426,1.3497,0.016649,0.0424653,93,96,0.0788482,0.102768,-0.231575,0.104711,0,34.3324
34.3524,2.39771,1.34432,0.130304,0,0,0,0,93,96,0,0,0,0,0,traj_sz=100
34.3526,2.39771,1.34432,0.130304,2.48984,1.34996,0.00460975,0.0212049,94,97,0.092078,0.101674,-0.28773,0.102444,0,34.3526
34.3724,2.39973,1.34495,0.122781,0,0,0,0,94,97,0,0,0,0,0,traj_sz=100
34.3724,2.39973,1.34495,0.122781,2.48984,1.34996,0.00460975,0.0212049,94,97,0.0900437,0.10075,-0.28106,0.100395,0,34.3724
34.3925,2.4009,1.34504,0.121453,0,0,0,0,94,97,0,0,0,0,0,traj_sz=100
34.3926,2.4009,1.34504,0.121453,2.48984,1.34996,0.00460975,0.0212049,94,97,0.0888818,0.100745,-0.278505,0.0992248,0,34.3926
34.4124,2.40192,1.34554,0.117089,0,0,0,0,94,97,0,0,0,0,0,traj_sz=100
34.4126,2.40192,1.34554,0.117089,2.48984,1.34996,0.00460975,0.0212049,94,97,0.0878352,0.100839,-0.276927,0.0981825,0,34.4126
34.4324,2.40518,1.3455,0.117088,0,0,0,0,94,97,0,0,0,0,0,traj_sz=100
34.4326,2.40518,1.3455,0.117088,2.48984,1.34996,0.00460975,0.0212049,94,97,0.0846021,0.0987515,-0.272128,0.0949275,0,34.4326
34.4524,2.40716,1.34633,0.106892,0,0,0,0,94,97,0,0,0,0,0,traj_sz=100
34.4526,2.40716,1.34633,0.106892,2.48984,1.34996,0.00460975,0.0212049,94,97,0.0825952,0.0978557,-0.263718,0.0929127,0,34.4526
34.4726,2.40935,1.34639,0.106117,0,0,0,0,94,97,0,0,0,0,0,traj_sz=100
34.4727,2.40935,1.34639,0.106117,2.48984,1.34996,0.00460975,0.0212049,94,97,0.0804135,0.0968344,-0.260308,0.0907197,0,34.4727
34.4925,2.41052,1.34643,0.105418,0,0,0,0,94,97,0,0,0,0,0,traj_sz=100
34.4926,2.41052,1.34643,0.105418,2.49762,1.35,0.000610924,0.00648794,94,98,0.0869896,0.0965984,-0.258259,0.0895488,0,34.4926
34.5125,2.41154,1.34651,0.102513,0,0,0,0,94,98,0,0,0,0,0,traj_sz=100
34.5126,2.41154,1.34651,0.102513,2.49762,1.35,0.000610924,0.00648794,94,98,0.0859875,0.0961112,-0.252935,0.0885313,0,34.5126
34.5325,2.4144,1.34722,0.095934,0,0,0,0,94,98,0,0,0,0,0,traj_sz=100
34.5325,2.4144,1.34722,0.095934,2.49762,1.35,0.000610924,0.00648794,94,98,0.0831078,0.0937351,-0.247991,0.0856492,0,34.5325
34.5525,2.41632,1.34727,0.0951644,0,0,0,0,94,98,0,0,0,0,0,traj_sz=100
34.5526,2.41632,1.34727,0.0951644,2.49762,1.35,0.000610924,0.00648794,94,98,0.0811881,0.0923425,-0.244924,0.083721,0,34.5526
34.5726,2.41844,1.3477,0.0904799,0,0,0,0,94,98,0,0,0,0,0,traj_sz=100
34.5728,2.41844,1.3477,0.0904799,2.5,1.35,0,0,94,99,0.0814378,0.0907397,-0.240259,0.0815961,0,34.5728
34.5925,2.41923,1.34777,0.0878151,0,0,0,0,94,99,0,0,0,0,0,traj_sz=100
34.5926,2.41923,1.34777,0.0878151,2.5,1.35,0,0,94,99,0.0806538,0.0904704,-0.235491,0.0808003,0,34.5926
34.6126,2.42018,1.34782,0.0871102,0,0,0,0,94,99,0,0,0,0,0,traj_sz=100
34.6127,2.42018,1.34782,0.0871102,2.5,1.35,0,0,94,99,0.0797061,0.0900535,-0.233778,0.079849,0,34.6127
34.6325,2.42311,1.34794,0.0819384,0,0,0,0,94,99,0,0,0,0,0,traj_sz=100
34.6327,2.42311,1.34794,0.0819384,2.5,1.35,0,0,94,99,0.0767989,0.0876518,-0.222449,0.0769156,0,34.6327
34.6525,2.42504,1.3483,0.078142,0,0,0,0,94,99,0,0,0,0,0,traj_sz=100
34.6526,2.42504,1.3483,0.078142,2.5,1.35,0,0,94,99,0.0748587,0.0862282,-0.218655,0.0749743,0,34.6526
34.6727,2.42712,1.34842,0.074708,0,0,0,0,94,99,0,0,0,0,0,traj_sz=100
34.6728,2.42712,1.34842,0.074708,2.5,1.35,0,0,94,99,0.0727993,0.0846923,-0.211586,0.0729019,0,34.6728
34.6924,2.42819,1.34845,0.0742846,0,0,0,0,94,99,0,0,0,0,0,traj_sz=100
34.6925,2.42819,1.34845,0.0742846,2.5,1.35,0,0,94,99,0.0717319,0.0841456,-0.209886,0.0718317,0,34.6925
34.7124,2.42926,1.34847,0.0739662,0,0,0,0,94,99,0,0,0,0,0,traj_sz=100
34.7127,2.42926,1.34847,0.0739662,2.5,1.35,0,0,94,99,0.0706588,0.0836051,-0.208266,0.0707558,0,34.7127
34.7325,2.4322,1.34852,0.0698413,0,0,0,0,94,99,0,0,0,0,0,traj_sz=100
34.7326,2.4322,1.34852,0.0698413,2.5,1.35,0,0,94,99,0.0677399,0.0812011,-0.1979,0.0678183,0,34.7326
34.7524,2.43424,1.34894,0.0653269,0,0,0,0,94,99,0,0,0,0,0,traj_sz=100
34.7525,2.43424,1.34894,0.0653269,2.5,1.35,0,0,95,99,0.0656881,0.0796648,-0.22552,0.0657678,0,34.7525
34.7725,2.43613,1.34899,0.0644058,0,0,0,0,95,99,0,0,0,0,0,traj_sz=100
34.7726,2.43613,1.34899,0.0644058,2.5,1.35,0,0,95,99,0.0638004,0.0783058,-0.223366,0.0638757,0,34.7726
34.7924,2.43702,1.349,0.0641592,0,0,0,0,95,99,0,0,0,0,0,traj_sz=100
34.7925,2.43702,1.349,0.0641592,2.5,1.35,0,0,95,99,0.0629137,0.0779474,-0.222612,0.0629874,0,34.7925
34.8125,2.43796,1.34895,0.062833,0,0,0,0,95,99,0,0,0,0,0,traj_sz=100
34.8126,2.43796,1.34895,0.062833,2.5,1.35,0,0,95,99,0.0619848,0.0775439,-0.218817,0.0620501,0,34.8126
34.8325,2.4407,1.34932,0.057089,0,0,0,0,95,99,0,0,0,0,0,traj_sz=100
34.8326,2.4407,1.34932,0.057089,2.5,1.35,0,0,95,99,0.0592377,0.0753134,-0.212338,0.0592995,0,34.8326
34.8525,2.44245,1.34937,0.0564548,0,0,0,0,95,99,0,0,0,0,0,traj_sz=100
34.8526,2.44245,1.34937,0.0564548,2.5,1.35,0,0,95,99,0.057492,0.0740936,-0.210736,0.0575513,0,34.8526
34.8724,2.44407,1.34982,0.0493785,0,0,0,0,95,99,0,0,0,0,0,traj_sz=100
34.8726,2.44407,1.34982,0.0493785,2.5,1.35,0,0,95,99,0.0558674,0.0724658,-0.203811,0.055927,0,34.8726
34.8924,2.44495,1.34986,0.0488492,0,0,0,0,95,99,0,0,0,0,0,traj_sz=100
34.8926,2.44495,1.34986,0.0488492,2.5,1.35,0,0,95,99,0.0549884,0.0715963,-0.20284,0.0550473,0,34.8926
34.9125,2.44578,1.34987,0.0490695,0,0,0,0,95,99,0,0,0,0,0,traj_sz=100
34.9126,2.44578,1.34987,0.0490695,2.5,1.35,0,0,95,99,0.0541601,0.0707793,-0.202979,0.0542194,0,34.9126
34.9324,2.44809,1.34996,0.0477488,0,0,0,0,95,99,0,0,0,0,0,traj_sz=100
34.9325,2.44809,1.34996,0.0477488,2.5,1.35,0,0,95,99,0.0518494,0.0684759,-0.200441,0.0519068,0,34.9325
34.9527,2.44956,1.35006,0.0447988,0,0,0,0,95,99,0,0,0,0,0,traj_sz=100
34.9528,2.44956,1.35006,0.0447988,2.5,1.35,0,0,95,99,0.0503873,0.0670182,-0.195631,0.0504405,0,34.9528
34.9725,2.45118,1.35,0.0439571,0,0,0,0,95,99,0,0,0,0,0,traj_sz=100
34.9726,2.45118,1.35,0.0439571,2.5,1.35,0,0,95,99,0.0487723,0.0654108,-0.192307,0.0488196,0,34.9726
34.9925,2.45192,1.35004,0.0433857,0,0,0,0,95,99,0,0,0,0,0,traj_sz=100
34.9926,2.45192,1.35004,0.0433857,2.5,1.35,0,0,95,99,0.0480298,0.0646779,-0.191389,0.0480769,0,34.9926
35.0125,2.45265,1.35041,0.0398342,0,0,0,0,95,99,0,0,0,0,0,traj_sz=100
35.0126,2.45265,1.35041,0.0398342,2.5,1.35,0,0,95,99,0.0472972,0.0639516,-0.190059,0.0473529,0,35.0126
35.0324,2.45449,1.35052,0.0367649,0,0,0,0,95,99,0,0,0,0,0,traj_sz=100
35.0325,2.45449,1.35052,0.0367649,2.5,1.35,0,0,95,99,0.0454605,0.0621194,-0.184991,0.0455132,0,35.0325
35.0524,2.45532,1.35058,0.0359194,0,0,0,0,95,99,0,0,0,0,0,traj_sz=100
35.0526,2.45532,1.35058,0.0359194,2.5,1.35,0,0,95,99,0.0446265,0.0612949,-0.183805,0.0446797,0,35.0526
35.0724,2.45682,1.35049,0.0356104,0,0,0,0,95,99,0,0,0,0,0,traj_sz=100
35.0725,2.45682,1.35049,0.0356104,2.5,1.35,0,0,95,99,0.043134,0.0598116,-0.181065,0.0431818,0,35.0725
35.0924,2.45758,1.35051,0.0353674,0,0,0,0,95,99,0,0,0,0,0,traj_sz=100
35.0925,2.45758,1.35051,0.0353674,2.5,1.35,0,0,95,99,0.0423793,0.0590671,-0.180399,0.0424269,0,35.0925
35.1126,2.45794,1.35053,0.0350075,0,0,0,0,95,99,0,0,0,0,0,traj_sz=100
35.1127,2.45794,1.35053,0.0350075,2.5,1.35,0,0,95,99,0.0420149,0.0587129,-0.179886,0.0420627,0,35.1127
35.1325,2.45978,1.35064,0.0319088,0,0,0,0,95,99,0,0,0,0,0,traj_sz=100
35.1326,2.45978,1.35064,0.0319088,2.5,1.35,0,0,95,99,0.0401821,0.0568852,-0.174681,0.0402279,0,35.1326
35.1524,2.46088,1.35075,0.0287046,0,0,0,0,95,99,0,0,0,0,0,traj_sz=100
35.1525,2.46088,1.35075,0.0287046,2.5,1.35,0,0,95,99,0.0390805,0.0557888,-0.169967,0.0391254,0,35.1525
35.1725,2.46214,1.35057,0.0313274,0,0,0,0,95,99,0,0,0,0,0,traj_sz=100
35.1726,2.46214,1.35057,0.0313274,2.5,1.35,0,0,96,99,0.0378226,0.0545442,-0.176328,0.0378631,0,35.1726
35.1925,2.46238,1.35076,0.028471,0,0,0,0,96,99,0,0,0,0,0,traj_sz=100
35.1926,2.46238,1.35076,0.028471,2.5,1.35,0,0,96,99,0.0375872,0.0543161,-0.174032,0.0376317,0,35.1926
35.2125,2.46322,1.35069,0.0294215,0,0,0,0,96,99,0,0,0,0,0,traj_sz=100
35.2127,2.46322,1.35069,0.0294215,2.5,1.35,0,0,96,99,0.0367466,0.0534867,-0.174567,0.0367895,0,35.2127
35.2324,2.46475,1.35083,0.0259004,0,0,0,0,96,99,0,0,0,0,0,traj_sz=100
35.2325,2.46475,1.35083,0.0259004,2.5,1.35,0,0,96,99,0.0352155,0.0517514,-0.169873,0.0352585,0,35.2325
35.2525,2.46576,1.35069,0.027937,0,0,0,0,96,99,0,0,0,0,0,traj_sz=100
35.2526,2.46576,1.35069,0.027937,2.5,1.35,0,0,96,99,0.0342046,0.0504322,-0.171214,0.0342443,0,35.2526
35.2726,2.4668,1.35083,0.0242801,0,0,0,0,96,99,0,0,0,0,0,traj_sz=100
35.2727,2.4668,1.35083,0.0242801,2.5,1.35,0,0,96,99,0.0331677,0.0490804,-0.166514,0.0332082,0,35.2727
35.2925,2.46727,1.35068,0.0264802,0,0,0,0,96,99,0,0,0,0,0,traj_sz=100
35.2926,2.46727,1.35068,0.0264802,2.5,1.35,0,0,96,99,0.0327016,0.0483097,-0.168115,0.0327384,0,35.2926
35.3124,2.46777,1.35091,0.0232181,0,0,0,0,96,99,0,0,0,0,0,traj_sz=100
35.3125,2.46777,1.35091,0.0232181,2.5,1.35,0,0,96,99,0.0322032,0.0475007,-0.16544,0.0322456,0,35.3125
35.3324,2.46925,1.35094,0.0210486,0,0,0,0,96,99,0,0,0,0,0,traj_sz=100
35.3324,2.46925,1.35094,0.0210486,2.5,1.35,0,0,96,99,0.0307211,0.0457071,-0.161603,0.0307618,0,35.3324
35.3524,2.47021,1.35107,0.0191497,0,0,0,0,96,99,0,0,0,0,0,traj_sz=100
35.3525,2.47021,1.35107,0.0191497,2.5,1.35,0,0,96,99,0.029764,0.0444389,-0.160029,0.0298094,0,35.3525
35.3725,2.47078,1.35113,0.0183319,0,0,0,0,96,99,0,0,0,0,0,traj_sz=100
35.3726,2.47078,1.35113,0.0183319,2.5,1.35,0,0,96,99,0.0291911,0.0435547,-0.159269,0.0292387,0,35.3726
35.3925,2.47123,1.35113,0.0182982,0,0,0,0,96,99,0,0,0,0,0,traj_sz=100
35.3926,2.47123,1.35113,0.0182982,2.5,1.35,0,0,96,99,0.0287479,0.042802,-0.159123,0.0287957,0,35.3926
35.4125,2.47149,1.35117,0.0177764,0,0,0,0,96,99,0,0,0,0,0,traj_sz=100
35.4126,2.47149,1.35117,0.0177764,2.5,1.35,0,0,96,99,0.0284859,0.0422321,-0.158655,0.0285352,0,35.4126
35.4325,2.47235,1.35131,0.0156337,0,0,0,0,96,99,0,0,0,0,0,traj_sz=100
35.4326,2.47235,1.35131,0.0156337,2.5,1.35,0,0,96,99,0.0276226,0.041057,-0.156757,0.0276777,0,35.4326
35.4524,2.47319,1.35128,0.0161167,0,0,0,0,96,99,0,0,0,0,0,traj_sz=100
35.4525,2.47319,1.35128,0.0161167,2.5,1.35,0,0,96,99,0.0267893,0.0399173,-0.156928,0.0268441,0,35.4525
35.4724,2.47389,1.3513,0.0143998,0,0,0,0,96,99,0,0,0,0,0,traj_sz=100
35.4726,2.47389,1.3513,0.0143998,2.5,1.35,0,0,96,99,0.0260934,0.0389085,-0.153912,0.026147,0,35.4726
35.4925,2.47463,1.35132,0.0140275,0,0,0,0,96,99,0,0,0,0,0,traj_sz=100
35.4926,2.47463,1.35132,0.0140275,2.5,1.35,0,0,96,99,0.0253508,0.0378563,-0.153434,0.0254063,0,35.4926
35.5124,2.47474,1.35129,0.0127448,0,0,0,0,96,99,0,0,0,0,0,traj_sz=100
35.5125,2.47474,1.35129,0.0127448,2.5,1.35,0,0,96,99,0.0252437,0.0374393,-0.150665,0.0252953,0,35.5125
35.5324,2.47621,1.35123,0.0136627,0,0,0,0,96,99,0,0,0,0,0,traj_sz=100
35.5326,2.47621,1.35123,0.0136627,2.5,1.35,0,0,96,99,0.0237734,0.0356607,-0.151013,0.0238243,0,35.5326
35.5524,2.47686,1.3513,0.0126977,0,0,0,0,96,99,0,0,0,0,0,traj_sz=100
35.5526,2.47686,1.3513,0.0126977,2.5,1.35,0,0,96,99,0.0231225,0.0347002,-0.150095,0.0231772,0,35.5526
35.5724,2.47749,1.35121,0.0124184,0,0,0,0,96,99,0,0,0,0,0,traj_sz=100
35.5725,2.47749,1.35121,0.0124184,2.5,1.35,0,0,96,99,0.022492,0.0337616,-0.148107,0.0225412,0,35.5725
35.5923,2.47762,1.35127,0.0114552,0,0,0,0,96,99,0,0,0,0,0,traj_sz=100
35.5925,2.47762,1.35127,0.0114552,2.5,1.35,0,0,96,99,0.0223594,0.0332981,-0.147323,0.0224117,0,35.5925
35.6123,2.47812,1.3512,0.012598,0,0,0,0,96,99,0,0,0,0,0,traj_sz=100
35.6124,2.47812,1.3512,0.012598,2.5,1.35,0,0,96,99,0.0218614,0.0324236,-0.148091,0.0219109,0,35.6124
35.6324,2.4789,1.35144,0.00716562,0,0,0,0,96,99,0,0,0,0,0,traj_sz=100
35.6325,2.4789,1.35144,0.00716562,2.5,1.35,0,0,96,99,0.0210866,0.0312629,-0.141708,0.0211462,0,35.6325
35.6524,2.47959,1.35139,0.00786191,0,0,0,0,96,99,0,0,0,0,0,traj_sz=100
35.6525,2.47959,1.35139,0.00786191,2.5,1.35,0,0,96,99,0.0203969,0.0301965,-0.142079,0.0204556,0,35.6525
35.6724,2.47997,1.35149,0.00639556,0,0,0,0,96,99,0,0,0,0,0,traj_sz=100
35.6726,2.47997,1.35149,0.00639556,2.5,1.35,0,0,96,99,0.020025,0.029443,-0.140842,0.0200901,0,35.6726
35.6925,2.48022,1.3514,0.00763435,0,0,0,0,96,99,0,0,0,0,0,traj_sz=100
35.6927,2.48022,1.3514,0.00763435,2.5,1.35,0,0,96,99,0.0197731,0.0288131,-0.141746,0.0198342,0,35.6927
35.7124,2.48035,1.3514,0.00770885,0,0,0,0,96,99,0,0,0,0,0,traj_sz=100
35.7125,2.48035,1.3514,0.00770885,2.5,1.35,0,0,96,99,0.0196405,0.0283057,-0.141772,0.0197016,0,35.7125
35.7325,2.48139,1.35147,0.00660618,0,0,0,0,96,99,0,0,0,0,0,traj_sz=100
35.7325,2.48139,1.35147,0.00660618,2.5,1.35,0,0,96,99,0.0186046,0.0268899,-0.140651,0.018673,0,35.7325
35.7525,2.48197,1.35148,0.00644401,0,0,0,0,96,99,0,0,0,0,0,traj_sz=100
35.7526,2.48197,1.35148,0.00644401,2.5,1.35,0,0,96,99,0.0180184,0.0259238,-0.140379,0.0180894,0,35.7526
35.7725,2.48264,1.35187,0.00257713,0,0,0,0,96,99,0,0,0,0,0,traj_sz=100
35.7726,2.48264,1.35187,0.00257713,2.5,1.35,0,0,97,99,0.017353,0.0248751,-0.12433,0.0174581,0,35.7726
35.7925,2.48273,1.35193,6.10569e-05,0,0,0,0,97,99,0,0,0,0,0,traj_sz=100
35.7926,2.48273,1.35193,6.10569e-05,2.5,1.35,0,0,97,99,0.0172733,0.0244125,-0.120658,0.0173804,0,35.7926
35.8125,2.48298,1.3518,0.00194623,0,0,0,0,97,99,0,0,0,0,0,traj_sz=100
35.8125,2.48298,1.3518,0.00194623,2.5,1.35,0,0,97,99,0.0170121,0.0237784,-0.122111,0.0171103,0,35.8125
35.8324,2.48331,1.35188,0.000664977,0,0,0,0,97,99,0,0,0,0,0,traj_sz=100
35.8324,2.48331,1.35188,0.000664977,2.5,1.35,0,0,97,99,0.0166853,0.0230734,-0.121087,0.0167925,0,35.8324
35.8524,2.48356,1.35182,0.00160941,0,0,0,0,97,99,0,0,0,0,0,traj_sz=100
35.8526,2.48356,1.35182,0.00160941,2.5,1.35,0,0,97,99,0.016438,0.0224469,-0.121809,0.0165413,0,35.8526
35.8724,2.48381,1.35184,-0.000421581,0,0,0,0,97,99,0,0,0,0,0,traj_sz=100
35.8725,2.48381,1.35184,-0.000421581,2.5,1.35,0,0,97,99,0.0161941,0.0218229,-0.118407,0.0162973,0,35.8725
35.8925,2.48381,1.35184,-0.000421581,0,0,0,0,97,99,0,0,0,0,0,traj_sz=100
35.8926,2.48381,1.35184,-0.000421581,2.5,1.35,0,0,97,99,0.0161941,0.0214438,-0.118407,0.0162973,0,35.8926
35.9124,2.48381,1.35184,-0.000421581,0,0,0,0,97,99,0,0,0,0,0,traj_sz=100
35.9126,2.48381,1.35184,-0.000421581,2.5,1.35,0,0,97,99,0.0161941,0.0210665,-0.118407,0.0162973,0,35.9126
35.9325,2.48401,1.35188,-0.0010299,0,0,0,0,97,99,0,0,0,0,0,traj_sz=100
35.9326,2.48401,1.35188,-0.0010299,2.5,1.35,0,0,97,99,0.0159946,0.0204872,-0.117921,0.0161027,0,35.9326
35.9525,2.48422,1.35185,-0.000611275,0,0,0,0,97,99,0,0,0,0,0,traj_sz=100
35.9526,2.48422,1.35185,-0.000611275,2.5,1.35,0,0,97,99,0.0157821,0.0198978,-0.118228,0.0158892,0,35.9526
35.9724,2.48494,1.35194,-0.00189524,0,0,0,0,97,99,0,0,0,0,0,traj_sz=100
35.9725,2.48494,1.35194,-0.00189524,2.5,1.35,0,0,97,99,0.0150635,0.0189495,-0.117174,0.015184,0,35.9725
35.9924,2.48507,1.35192,-0.0015648,0,0,0,0,97,99,0,0,0,0,0,traj_sz=100
35.9925,2.48507,1.35192,-0.0015648,2.5,1.35,0,0,97,99,0.0149373,0.0186001,-0.117427,0.0150567,0,35.9925
36.0125,2.4853,1.35182,-0.00167722,0,0,0,0,97,99,0,0,0,0,0,traj_sz=100
36.0126,2.4853,1.35182,-0.00167722,2.5,1.35,0,0,97,99,0.0147018,0.0181393,-0.115804,0.0148112,0,36.0126
36.0325,2.48599,1.35176,-0.0022464,0,0,0,0,97,99,0,0,0,0,0,traj_sz=100
36.0326,2.48599,1.35176,-0.0022464,2.5,1.35,0,0,97,99,0.0140178,0.017231,-0.113798,0.014124,0,36.0326
36.0526,2.48622,1.3519,-0.0042962,0,0,0,0,97,99,0,0,0,0,0,traj_sz=100
36.0527,2.48622,1.3519,-0.0042962,2.5,1.35,0,0,97,99,0.0137832,0.0167673,-0.112181,0.0139054,0,36.0527
36.0725,2.48622,1.3519,-0.0042962,0,0,0,0,97,99,0,0,0,0,0,traj_sz=100
36.0726,2.48622,1.3519,-0.0042962,2.5,1.35,0,0,97,99,0.0137832,0.0165446,-0.112181,0.0139054,0,36.0726
36.0925,2.48633,1.35195,-0.00505754,0,0,0,0,97,99,0,0,0,0,0,traj_sz=100
36.0926,2.48633,1.35195,-0.00505754,2.5,1.35,0,0,97,99,0.0136779,0.0162136,-0.111583,0.0138068,0,36.0926
36.1125,2.48644,1.35195,-0.00497007,0,0,0,0,97,99,0,0,0,0,0,traj_sz=100
36.1127,2.48644,1.35195,-0.00497007,2.5,1.35,0,0,97,99,0.0135744,0.0158861,-0.111644,0.0137037,0,36.1127
36.1325,2.48644,1.35195,-0.00497007,0,0,0,0,97,99,0,0,0,0,0,traj_sz=100
36.1326,2.48644,1.35195,-0.00497007,2.5,1.35,0,0,97,99,0.0135744,0.0156624,-0.111644,0.0137037,0,36.1326
36.1526,2.48644,1.35195,-0.00497007,0,0,0,0,97,99,0,0,0,0,0,traj_sz=100
36.1527,2.48644,1.35195,-0.00497007,2.5,1.35,0,0,97,99,0.0135744,0.0154374,-0.111644,0.0137037,0,36.1527
36.1724,2.48644,1.35195,-0.00497007,0,0,0,0,97,99,0,0,0,0,0,traj_sz=100
36.1725,2.48644,1.35195,-0.00497007,2.5,1.35,0,0,97,99,0.0135744,0.0152159,-0.111644,0.0137037,0,36.1725
36.1924,2.48644,1.35195,-0.00497007,0,0,0,0,97,99,0,0,0,0,0,traj_sz=100
36.1924,2.48644,1.35195,-0.00497007,2.5,1.35,0,0,97,99,0.0135744,0.0149931,-0.111644,0.0137037,0,36.1924
36.2124,2.48644,1.35195,-0.00497007,0,0,0,0,97,99,0,0,0,0,0,traj_sz=100
36.2125,2.48644,1.35195,-0.00497007,2.5,1.35,0,0,97,99,0.0135744,0.0147688,-0.111644,0.0137037,0,36.2125
36.2325,2.48644,1.35195,-0.00497007,0,0,0,0,97,99,0,0,0,0,0,traj_sz=100
36.2326,2.48644,1.35195,-0.00497007,2.5,1.35,0,0,97,99,0.0135744,0.0145434,-0.111644,0.0137037,0,36.2326
36.2524,2.48644,1.35195,-0.00497007,0,0,0,0,97,99,0,0,0,0,0,traj_sz=100
36.2526,2.48644,1.35195,-0.00497007,2.5,1.35,0,0,97,99,0.0135744,0.0143202,-0.111644,0.0137037,0,36.2526
36.2724,2.48644,1.35195,-0.00497007,0,0,0,0,97,99,0,0,0,0,0,traj_sz=100
36.2725,2.48644,1.35195,-0.00497007,2.5,1.35,0,0,97,99,0.0135744,0.014097,-0.111644,0.0137037,0,36.2725
36.2924,2.48644,1.35195,-0.00497007,0,0,0,0,97,99,0,0,0,0,0,traj_sz=100
36.2924,2.48644,1.35195,-0.00497007,2.5,1.35,0,0,97,99,0.0135744,0.0138735,-0.111644,0.0137037,0,36.2924
36.3124,2.48644,1.35195,-0.00497007,0,0,0,0,97,99,0,0,0,0,0,traj_sz=100
36.3125,2.48644,1.35195,-0.00497007,2.5,1.35,0,0,97,99,0.0135744,0.0136489,-0.111644,0.0137037,0,36.3125
36.3324,2.48644,1.35195,-0.00497007,0,0,0,0,97,99,0,0,0,0,0,traj_sz=100
36.3326,2.48644,1.35195,-0.00497007,2.5,1.35,0,0,97,99,0.0135744,0.0135649,-0.111644,0.0137037,0,36.3326
36.3524,2.48644,1.35195,-0.00497007,0,0,0,0,97,99,0,0,0,0,0,traj_sz=100
36.3524,2.48644,1.35195,-0.00497007,2.5,1.35,0,0,97,99,0.0135744,0.0135649,-0.111644,0.0137037,0,36.3524
36.3724,2.48644,1.35195,-0.00497007,0,0,0,0,97,99,0,0,0,0,0,traj_sz=100
36.3725,2.48644,1.35195,-0.00497007,2.5,1.35,0,0,97,99,0.0135744,0.0135649,-0.111644,0.0137037,0,36.3725
36.3925,2.48644,1.35195,-0.00497007,0,0,0,0,97,99,0,0,0,0,0,traj_sz=100
36.3926,2.48644,1.35195,-0.00497007,2.5,1.35,0,0,97,99,0.0135744,0.0135649,-0.111644,0.0137037,0,36.3926
36.4125,2.48644,1.35195,-0.00497007,0,0,0,0,97,99,0,0,0,0,0,traj_sz=100
36.4127,2.48644,1.35195,-0.00497007,2.5,1.35,0,0,97,99,0.0135744,0.0135649,-0.111644,0.0137037,0,36.4127
36.4324,2.48644,1.35195,-0.00497007,0,0,0,0,97,99,0,0,0,0,0,traj_sz=100
36.4326,2.48644,1.35195,-0.00497007,2.5,1.35,0,0,97,99,0.0135744,0.0135649,-0.111644,0.0137037,0,36.4326
36.4525,2.48652,1.35205,-0.00649083,0,0,0,0,97,99,0,0,0,0,0,traj_sz=100
36.4525,2.48652,1.35205,-0.00649083,2.5,1.35,0,0,97,99,0.0134903,0.0134773,-0.11045,0.0136321,0,36.4525
36.4726,2.48652,1.35205,-0.00649083,0,0,0,0,97,99,0,0,0,0,0,traj_sz=100
36.4727,2.48652,1.35205,-0.00649083,2.5,1.35,0,0,97,99,0.0134903,0.0134773,-0.11045,0.0136321,0,36.4727
36.4926,2.48652,1.35205,-0.00649083,0,0,0,0,97,99,0,0,0,0,0,traj_sz=100
36.4927,2.48652,1.35205,-0.00649083,2.5,1.35,0,0,97,99,0.0134903,0.0134773,-0.11045,0.0136321,0,36.4927
36.5125,2.48652,1.35205,-0.00649083,0,0,0,0,97,99,0,0,0,0,0,traj_sz=100
36.5125,2.48652,1.35205,-0.00649083,2.5,1.35,0,0,97,99,0.0134903,0.0134773,-0.11045,0.0136321,0,36.5125
36.5324,2.48652,1.35205,-0.00649083,0,0,0,0,97,99,0,0,0,0,0,traj_sz=100
36.5325,2.48652,1.35205,-0.00649083,2.5,1.35,0,0,97,99,0.0134903,0.0134773,-0.11045,0.0136321,0,36.5325
36.5526,2.48652,1.35205,-0.00649083,0,0,0,0,97,99,0,0,0,0,0,traj_sz=100
36.5527,2.48652,1.35205,-0.00649083,2.5,1.35,0,0,97,99,0.0134903,0.0134773,-0.11045,0.0136321,0,36.5527
36.5724,2.48652,1.35205,-0.00649083,0,0,0,0,97,99,0,0,0,0,0,traj_sz=100
36.5725,2.48652,1.35205,-0.00649083,2.5,1.35,0,0,97,99,0.0134903,0.0134773,-0.11045,0.0136321,0,36.5725
36.5925,2.48652,1.35205,-0.00649083,0,0,0,0,97,99,0,0,0,0,0,traj_sz=100
36.5927,2.48652,1.35205,-0.00649083,2.5,1.35,0,0,97,99,0.0134903,0.0134773,-0.11045,0.0136321,0,36.5927
36.6125,2.48652,1.35205,-0.00649083,0,0,0,0,97,99,0,0,0,0,0,traj_sz=100
36.6126,2.48652,1.35205,-0.00649083,2.5,1.35,0,0,97,99,0.0134903,0.0134773,-0.11045,0.0136321,0,36.6126
36.6325,2.48664,1.35203,-0.00619862,0,0,0,0,97,99,0,0,0,0,0,traj_sz=100
36.6326,2.48664,1.35203,-0.00619862,2.5,1.35,0,0,97,99,0.0133736,0.0133613,-0.110673,0.0135145,0,36.6326
36.6524,2.48723,1.35206,-0.00826983,0,0,0,0,97,99,0,0,0,0,0,traj_sz=100
36.6526,2.48723,1.35206,-0.00826983,2.5,1.35,0,0,97,99,0.0127878,0.0127712,-0.107385,0.0129364,0,36.6526
36.6724,2.48744,1.35223,-0.0107237,0,0,0,0,97,99,0,0,0,0,0,traj_sz=100
36.6725,2.48744,1.35223,-0.0107237,2.5,1.35,0,0,97,99,0.0125803,0.0125571,-0.105457,0.0127532,0,36.6725
36.6925,2.48778,1.35206,-0.00824641,0,0,0,0,97,99,0,0,0,0,0,traj_sz=100
36.6926,2.48778,1.35206,-0.00824641,2.5,1.35,0,0,97,99,0.0122346,0.012218,-0.107365,0.0123903,0,36.6926
36.7124,2.48778,1.35206,-0.00824641,0,0,0,0,97,99,0,0,0,0,0,traj_sz=100
36.7126,2.48778,1.35206,-0.00824641,2.5,1.35,0,0,97,99,0.0122346,0.012218,-0.107365,0.0123903,0,36.7126
36.7324,2.4879,1.35212,-0.00907419,0,0,0,0,97,99,0,0,0,0,0,traj_sz=100
36.7325,2.4879,1.35212,-0.00907419,2.5,1.35,0,0,97,99,0.0121198,0.0121011,-0.106715,0.0122846,0,36.7325
36.7524,2.48839,1.35209,-0.00863833,0,0,0,0,97,99,0,0,0,0,0,traj_sz=100
36.7524,2.48839,1.35209,-0.00863833,2.5,1.35,0,0,97,99,0.0116272,0.0116096,-0.107015,0.0117955,0,36.7524
36.7724,2.48849,1.35213,-0.00935092,0,0,0,0,97,99,0,0,0,0,0,traj_sz=100
36.7725,2.48849,1.35213,-0.00935092,2.5,1.35,0,0,97,99,0.0115282,0.0115088,-0.106456,0.011705,0,36.7725
36.7924,2.48869,1.35223,-0.010815,0,0,0,0,97,99,0,0,0,0,0,traj_sz=100
36.7924,2.48869,1.35223,-0.010815,2.5,1.35,0,0,97,99,0.0113384,0.0113149,-0.105298,0.0115333,0,36.7924
36.8124,2.48879,1.35222,-0.0105559,0,0,0,0,97,99,0,0,0,0,0,traj_sz=100
36.8126,2.48879,1.35222,-0.0105559,2.5,1.35,0,0,97,99,0.0112305,0.0112078,-0.105495,0.0114248,0,36.8126
36.8325,2.48914,1.35251,-0.0132898,0,0,0,0,97,99,0,0,0,0,0,traj_sz=100
36.8325,2.48914,1.35251,-0.0132898,2.5,1.35,0,0,97,99,0.0108938,0.0108613,-0.105014,0.0111485,0,36.8325
36.8523,2.48946,1.35248,-0.0127781,0,0,0,0,97,99,0,0,0,0,0,traj_sz=100
36.8525,2.48946,1.35248,-0.0127781,2.5,1.35,0,0,97,99,0.0105721,0.0105413,-0.105395,0.0108289,0,36.8525
36.8725,2.48946,1.35248,-0.0127781,0,0,0,0,97,99,0,0,0,0,0,traj_sz=100
36.8726,2.48946,1.35248,-0.0127781,2.5,1.35,0,0,97,99,0.0105721,0.0105413,-0.105395,0.0108289,0,36.8726
36.8926,2.48981,1.35245,-0.0140409,0,0,0,0,97,99,0,0,0,0,0,traj_sz=100
36.8928,2.48981,1.35245,-0.0140409,2.5,1.35,0,0,97,99,0.0102273,0.0101938,-0.102711,0.010485,0,36.8928
36.9125,2.48992,1.35244,-0.013777,0,0,0,0,97,99,0,0,0,0,0,traj_sz=100
36.9126,2.48992,1.35244,-0.013777,2.5,1.35,0,0,97,99,0.0101139,0.0100813,-0.102913,0.0103714,0,36.9126
36.9324,2.49002,1.35243,-0.013669,0,0,0,0,97,99,0,0,0,0,0,traj_sz=100
36.9325,2.49002,1.35243,-0.013669,2.5,1.35,0,0,97,99,0.0100103,0.00997803,-0.102991,0.0102693,0,36.9325
36.9524,2.49033,1.35245,-0.0140134,0,0,0,0,97,99,0,0,0,0,0,traj_sz=100
36.9525,2.49033,1.35245,-0.0140134,2.5,1.35,0,0,97,99,0.0097004,0.00966699,-0.102697,0.00997306,1,36.9525
36.9724,2.49045,1.35243,-0.013747,0,0,0,0,97,99,0,0,0,0,1,traj_sz=100
36.9924,2.49043,1.35249,-0.0160512,0,0,0,0,97,99,0,0,0,0,1,traj_sz=100
37.0123,2.49066,1.3524,-0.0176578,0,0,0,0,97,99,0,0,0,0,1,traj_sz=100
37.0325,2.4909,1.35231,-0.0163162,0,0,0,0,97,99,0,0,0,0,1,traj_sz=100
37.0525,2.4909,1.35231,-0.0163162,0,0,0,0,97,99,0,0,0,0,1,traj_sz=100
37.0724,2.491,1.35229,-0.0160798,0,0,0,0,97,99,0,0,0,0,1,traj_sz=100
37.0924,2.491,1.35229,-0.0160798,0,0,0,0,97,99,0,0,0,0,1,traj_sz=100
37.1125,2.491,1.35229,-0.0160798,0,0,0,0,97,99,0,0,0,0,1,traj_sz=100
37.1324,2.491,1.35229,-0.0160798,0,0,0,0,97,99,0,0,0,0,1,traj_sz=100
37.1525,2.4912,1.35239,-0.017517,0,0,0,0,97,99,0,0,0,0,1,traj_sz=100
37.1723,2.4912,1.35239,-0.017517,0,0,0,0,97,99,0,0,0,0,1,traj_sz=100
37.1926,2.4912,1.35239,-0.017517,0,0,0,0,97,99,0,0,0,0,1,traj_sz=100
37.2124,2.4912,1.35239,-0.017517,0,0,0,0,97,99,0,0,0,0,1,traj_sz=100
37.2324,2.4912,1.35239,-0.017517,0,0,0,0,97,99,0,0,0,0,1,traj_sz=100
37.2524,2.4912,1.35239,-0.017517,0,0,0,0,97,99,0,0,0,0,1,traj_sz=100
37.2724,2.4912,1.35239,-0.017517,0,0,0,0,97,99,0,0,0,0,1,traj_sz=100
37.2926,2.4912,1.35239,-0.017517,0,0,0,0,97,99,0,0,0,0,1,traj_sz=100
37.3124,2.4912,1.35239,-0.017517,0,0,0,0,97,99,0,0,0,0,1,traj_sz=100
37.3324,2.4912,1.35239,-0.017517,0,0,0,0,97,99,0,0,0,0,1,traj_sz=100
37.3526,2.4912,1.35239,-0.017517,0,0,0,0,97,99,0,0,0,0,1,traj_sz=100
37.3725,2.4912,1.35239,-0.017517,0,0,0,0,97,99,0,0,0,0,1,traj_sz=100
37.3925,2.4912,1.35239,-0.017517,0,0,0,0,97,99,0,0,0,0,1,traj_sz=100
37.4125,2.4912,1.35239,-0.017517,0,0,0,0,97,99,0,0,0,0,1,traj_sz=100
37.4324,2.4912,1.35239,-0.017517,0,0,0,0,97,99,0,0,0,0,1,traj_sz=100
37.4524,2.4912,1.35239,-0.017517,0,0,0,0,97,99,0,0,0,0,1,traj_sz=100
37.4724,2.4912,1.35239,-0.017517,0,0,0,0,97,99,0,0,0,0,1,traj_sz=100
37.4924,2.4912,1.35239,-0.017517,0,0,0,0,97,99,0,0,0,0,1,traj_sz=100
37.5124,2.4912,1.35239,-0.017517,0,0,0,0,97,99,0,0,0,0,1,traj_sz=100
37.5324,2.4912,1.35239,-0.017517,0,0,0,0,97,99,0,0,0,0,1,traj_sz=100
37.5524,2.4912,1.35239,-0.017517,0,0,0,0,97,99,0,0,0,0,1,traj_sz=100
37.5724,2.4912,1.35239,-0.017517,0,0,0,0,97,99,0,0,0,0,1,traj_sz=100
37.5925,2.4912,1.35239,-0.017517,0,0,0,0,97,99,0,0,0,0,1,traj_sz=100
37.6124,2.4912,1.35239,-0.017517,0,0,0,0,97,99,0,0,0,0,1,traj_sz=100
37.6325,2.4912,1.35239,-0.017517,0,0,0,0,97,99,0,0,0,0,1,traj_sz=100
37.6524,2.4912,1.35239,-0.017517,0,0,0,0,97,99,0,0,0,0,1,traj_sz=100
37.6724,2.4912,1.35239,-0.017517,0,0,0,0,97,99,0,0,0,0,1,traj_sz=100
37.6924,2.4912,1.35239,-0.017517,0,0,0,0,97,99,0,0,0,0,1,traj_sz=100
37.7125,2.4912,1.35239,-0.017517,0,0,0,0,97,99,0,0,0,0,1,traj_sz=100
37.7325,2.4912,1.35239,-0.017517,0,0,0,0,97,99,0,0,0,0,1,traj_sz=100
37.7524,2.4912,1.35239,-0.017517,0,0,0,0,97,99,0,0,0,0,1,traj_sz=100
37.7726,2.4912,1.35239,-0.017517,0,0,0,0,97,99,0,0,0,0,1,traj_sz=100
37.7925,2.4912,1.35239,-0.017517,0,0,0,0,97,99,0,0,0,0,1,traj_sz=100
37.8125,2.4912,1.35239,-0.017517,0,0,0,0,97,99,0,0,0,0,1,traj_sz=100
37.8324,2.4912,1.35239,-0.017517,0,0,0,0,97,99,0,0,0,0,1,traj_sz=100
37.8524,2.4912,1.35239,-0.017517,0,0,0,0,97,99,0,0,0,0,1,traj_sz=100
37.8723,2.4912,1.35239,-0.017517,0,0,0,0,97,99,0,0,0,0,1,traj_sz=100
37.8925,2.4912,1.35239,-0.017517,0,0,0,0,97,99,0,0,0,0,1,traj_sz=100
37.9124,2.4912,1.35239,-0.017517,0,0,0,0,97,99,0,0,0,0,1,traj_sz=100
37.9323,2.4912,1.35239,-0.017517,0,0,0,0,97,99,0,0,0,0,1,traj_sz=100
37.9524,2.4912,1.35239,-0.017517,0,0,0,0,97,99,0,0,0,0,1,traj_sz=100
37.9724,2.4912,1.35239,-0.017517,0,0,0,0,97,99,0,0,0,0,1,traj_sz=100
37.9925,2.4912,1.35239,-0.017517,0,0,0,0,97,99,0,0,0,0,1,traj_sz=100
38.0125,2.4912,1.35239,-0.017517,0,0,0,0,97,99,0,0,0,0,1,traj_sz=100
38.0324,2.4912,1.35239,-0.017517,0,0,0,0,97,99,0,0,0,0,1,traj_sz=100
38.0525,2.4912,1.35239,-0.017517,0,0,0,0,97,99,0,0,0,0,1,traj_sz=100
38.0724,2.4912,1.35239,-0.017517,0,0,0,0,97,99,0,0,0,0,1,traj_sz=100
38.0925,2.4912,1.35239,-0.017517,0,0,0,0,97,99,0,0,0,0,1,traj_sz=100
38.1124,2.4912,1.35239,-0.017517,0,0,0,0,97,99,0,0,0,0,1,traj_sz=100
38.1324,2.4912,1.35239,-0.017517,0,0,0,0,97,99,0,0,0,0,1,traj_sz=100
38.1524,2.4912,1.35239,-0.017517,0,0,0,0,97,99,0,0,0,0,1,traj_sz=100
38.1725,2.49118,1.35245,-0.0200035,0,0,0,0,97,99,0,0,0,0,1,traj_sz=100
38.1925,2.49118,1.35245,-0.0200035,0,0,0,0,97,99,0,0,0,0,1,traj_sz=100
38.2125,2.49118,1.35245,-0.0200035,0,0,0,0,97,99,0,0,0,0,1,traj_sz=100
38.2324,2.49118,1.35245,-0.0200035,0,0,0,0,97,99,0,0,0,0,1,traj_sz=100
38.2525,2.49118,1.35245,-0.0200035,0,0,0,0,97,99,0,0,0,0,1,traj_sz=100
38.2724,2.49118,1.35245,-0.0200035,0,0,0,0,97,99,0,0,0,0,1,traj_sz=100
38.2925,2.49118,1.35245,-0.0200035,0,0,0,0,97,99,0,0,0,0,1,traj_sz=100
38.3125,2.49118,1.35245,-0.0200035,0,0,0,0,97,99,0,0,0,0,1,traj_sz=100
38.3325,2.49118,1.35245,-0.0200035,0,0,0,0,97,99,0,0,0,0,1,traj_sz=100
38.3524,2.49118,1.35245,-0.0200035,0,0,0,0,97,99,0,0,0,0,1,traj_sz=100
38.3724,2.49118,1.35245,-0.0200035,0,0,0,0,97,99,0,0,0,0,1,traj_sz=100
38.3925,2.49118,1.35245,-0.0200035,0,0,0,0,97,99,0,0,0,0,1,traj_sz=100
38.4124,2.49128,1.3525,-0.0206958,0,0,0,0,97,99,0,0,0,0,1,traj_sz=100
38.4324,2.49128,1.3525,-0.0206958,0,0,0,0,97,99,0,0,0,0,1,traj_sz=100
38.4525,2.49128,1.3525,-0.0206958,0,0,0,0,97,99,0,0,0,0,1,traj_sz=100
38.4725,2.49128,1.3525,-0.0206958,0,0,0,0,97,99,0,0,0,0,1,traj_sz=100
38.4924,2.49128,1.3525,-0.0206958,0,0,0,0,97,99,0,0,0,0,1,traj_sz=100
38.5125,2.49128,1.3525,-0.0206958,0,0,0,0,97,99,0,0,0,0,1,traj_sz=100
38.5324,2.49139,1.35249,-0.020569,0,0,0,0,97,99,0,0,0,0,1,traj_sz=100
38.5524,2.49139,1.35249,-0.020569,0,0,0,0,97,99,0,0,0,0,1,traj_sz=100
38.5724,2.49139,1.35249,-0.020569,0,0,0,0,97,99,0,0,0,0,1,traj_sz=100
38.5925,2.49139,1.35249,-0.020569,0,0,0,0,97,99,0,0,0,0,1,traj_sz=100
38.6125,2.49139,1.35249,-0.020569,0,0,0,0,97,99,0,0,0,0,1,traj_sz=100
38.6326,2.49139,1.35249,-0.020569,0,0,0,0,97,99,0,0,0,0,1,traj_sz=100
38.6524,2.49139,1.35249,-0.020569,0,0,0,0,97,99,0,0,0,0,1,traj_sz=100
38.6724,2.49139,1.35249,-0.020569,0,0,0,0,97,99,0,0,0,0,1,traj_sz=100
38.6925,2.49139,1.35249,-0.020569,0,0,0,0,97,99,0,0,0,0,1,traj_sz=100
38.7125,2.49139,1.35249,-0.020569,0,0,0,0,97,99,0,0,0,0,1,traj_sz=100
38.7325,2.49139,1.35249,-0.020569,0,0,0,0,97,99,0,0,0,0,1,traj_sz=100
38.7524,2.49139,1.35249,-0.020569,0,0,0,0,97,99,0,0,0,0,1,traj_sz=100
38.7724,2.49139,1.35249,-0.020569,0,0,0,0,97,99,0,0,0,0,1,traj_sz=100
38.7925,2.49139,1.35249,-0.020569,0,0,0,0,97,99,0,0,0,0,1,traj_sz=100
38.8124,2.49139,1.35249,-0.020569,0,0,0,0,97,99,0,0,0,0,1,traj_sz=100
38.8324,2.49139,1.35249,-0.020569,0,0,0,0,97,99,0,0,0,0,1,traj_sz=100
38.8523,2.49139,1.35249,-0.020569,0,0,0,0,97,99,0,0,0,0,1,traj_sz=100
38.8724,2.49139,1.35249,-0.020569,0,0,0,0,97,99,0,0,0,0,1,traj_sz=100
38.8924,2.49139,1.35249,-0.020569,0,0,0,0,97,99,0,0,0,0,1,traj_sz=100
38.9123,2.49139,1.35249,-0.020569,0,0,0,0,97,99,0,0,0,0,1,traj_sz=100
38.9323,2.49139,1.35249,-0.020569,0,0,0,0,97,99,0,0,0,0,1,traj_sz=100
38.9526,2.49139,1.35249,-0.020569,0,0,0,0,97,99,0,0,0,0,1,traj_sz=100
38.9725,2.49139,1.35249,-0.020569,0,0,0,0,97,99,0,0,0,0,1,traj_sz=100
38.9925,2.49139,1.35249,-0.020569,0,0,0,0,97,99,0,0,0,0,1,traj_sz=100
39.0125,2.49139,1.35249,-0.020569,0,0,0,0,97,99,0,0,0,0,1,traj_sz=100
39.0324,2.49139,1.35249,-0.020569,0,0,0,0,97,99,0,0,0,0,1,traj_sz=100
39.0524,2.49139,1.35249,-0.020569,0,0,0,0,97,99,0,0,0,0,1,traj_sz=100
39.0723,2.49139,1.35249,-0.020569,0,0,0,0,97,99,0,0,0,0,1,traj_sz=100
39.0924,2.49139,1.35249,-0.020569,0,0,0,0,97,99,0,0,0,0,1,traj_sz=100
39.1125,2.49139,1.35249,-0.020569,0,0,0,0,97,99,0,0,0,0,1,traj_sz=100
39.1323,2.49139,1.35249,-0.020569,0,0,0,0,97,99,0,0,0,0,1,traj_sz=100
39.1523,2.49139,1.35249,-0.020569,0,0,0,0,97,99,0,0,0,0,1,traj_sz=100
39.1724,2.49139,1.35249,-0.020569,0,0,0,0,97,99,0,0,0,0,1,traj_sz=100
39.1924,2.49139,1.35249,-0.020569,0,0,0,0,97,99,0,0,0,0,1,traj_sz=100
39.2125,2.49139,1.35249,-0.020569,0,0,0,0,97,99,0,0,0,0,1,traj_sz=100
39.2323,2.49139,1.35249,-0.020569,0,0,0,0,97,99,0,0,0,0,1,traj_sz=100
39.2523,2.49139,1.35249,-0.020569,0,0,0,0,97,99,0,0,0,0,1,traj_sz=100
39.2724,2.49139,1.35249,-0.020569,0,0,0,0,97,99,0,0,0,0,1,traj_sz=100
39.2925,2.49139,1.35249,-0.020569,0,0,0,0,97,99,0,0,0,0,1,traj_sz=100
39.3124,2.49139,1.35249,-0.020569,0,0,0,0,97,99,0,0,0,0,1,traj_sz=100
39.3324,2.49139,1.35249,-0.020569,0,0,0,0,97,99,0,0,0,0,1,traj_sz=100
39.3524,2.49139,1.35249,-0.020569,0,0,0,0,97,99,0,0,0,0,1,traj_sz=100
39.3725,2.49139,1.35249,-0.020569,0,0,0,0,97,99,0,0,0,0,1,traj_sz=100
39.3924,2.49139,1.35249,-0.020569,0,0,0,0,97,99,0,0,0,0,1,traj_sz=100
39.4124,2.49139,1.35249,-0.020569,0,0,0,0,97,99,0,0,0,0,1,traj_sz=100
39.4323,2.49139,1.35249,-0.020569,0,0,0,0,97,99,0,0,0,0,1,traj_sz=100
39.4524,2.49139,1.35249,-0.020569,0,0,0,0,97,99,0,0,0,0,1,traj_sz=100
39.4724,2.49139,1.35249,-0.020569,0,0,0,0,97,99,0,0,0,0,1,traj_sz=100
39.4925,2.49139,1.35249,-0.020569,0,0,0,0,97,99,0,0,0,0,1,traj_sz=100
39.5125,2.49139,1.35249,-0.020569,0,0,0,0,97,99,0,0,0,0,1,traj_sz=100
39.5324,2.49139,1.35249,-0.020569,0,0,0,0,97,99,0,0,0,0,1,traj_sz=100
39.5525,2.49139,1.35249,-0.020569,0,0,0,0,97,99,0,0,0,0,1,traj_sz=100
39.5723,2.49139,1.35249,-0.020569,0,0,0,0,97,99,0,0,0,0,1,traj_sz=100
39.5924,2.49139,1.35249,-0.020569,0,0,0,0,97,99,0,0,0,0,1,traj_sz=100
39.6123,2.49139,1.35249,-0.020569,0,0,0,0,97,99,0,0,0,0,1,traj_sz=100
39.6323,2.49139,1.35249,-0.020569,0,0,0,0,97,99,0,0,0,0,1,traj_sz=100
39.6525,2.49139,1.35249,-0.020569,0,0,0,0,97,99,0,0,0,0,1,traj_sz=100
39.6724,2.49139,1.35249,-0.020569,0,0,0,0,97,99,0,0,0,0,1,traj_sz=100
39.6925,2.49139,1.35249,-0.020569,0,0,0,0,97,99,0,0,0,0,1,traj_sz=100
39.7124,2.49139,1.35249,-0.020569,0,0,0,0,97,99,0,0,0,0,1,traj_sz=100
39.7325,2.49139,1.35249,-0.020569,0,0,0,0,97,99,0,0,0,0,1,traj_sz=100
39.7525,2.49139,1.35249,-0.020569,0,0,0,0,97,99,0,0,0,0,1,traj_sz=100
39.7723,2.49139,1.35249,-0.020569,0,0,0,0,97,99,0,0,0,0,1,traj_sz=100
39.7923,2.49139,1.35249,-0.020569,0,0,0,0,97,99,0,0,0,0,1,traj_sz=100
39.8124,2.49139,1.35249,-0.020569,0,0,0,0,97,99,0,0,0,0,1,traj_sz=100
39.8324,2.49139,1.35249,-0.020569,0,0,0,0,97,99,0,0,0,0,1,traj_sz=100
39.8523,2.49139,1.35249,-0.020569,0,0,0,0,97,99,0,0,0,0,1,traj_sz=100
39.8723,2.49139,1.35249,-0.020569,0,0,0,0,97,99,0,0,0,0,1,traj_sz=100
39.8924,2.49139,1.35249,-0.020569,0,0,0,0,97,99,0,0,0,0,1,traj_sz=100
39.9124,2.49139,1.35249,-0.020569,0,0,0,0,97,99,0,0,0,0,1,traj_sz=100
39.9324,2.49139,1.35249,-0.020569,0,0,0,0,97,99,0,0,0,0,1,traj_sz=100
39.9524,2.49139,1.35249,-0.020569,0,0,0,0,97,99,0,0,0,0,1,traj_sz=100
39.9725,2.49139,1.35249,-0.020569,0,0,0,0,97,99,0,0,0,0,1,traj_sz=100
39.9926,2.49139,1.35249,-0.020569,0,0,0,0,97,99,0,0,0,0,1,traj_sz=100
40.0126,2.49139,1.35249,-0.020569,0,0,0,0,97,99,0,0,0,0,1,traj_sz=100
40.0324,2.49139,1.35249,-0.020569,0,0,0,0,97,99,0,0,0,0,1,traj_sz=100
40.0524,2.49139,1.35249,-0.020569,0,0,0,0,97,99,0,0,0,0,1,traj_sz=100
40.0723,2.49139,1.35249,-0.020569,0,0,0,0,97,99,0,0,0,0,1,traj_sz=100
40.0924,2.49139,1.35249,-0.020569,0,0,0,0,97,99,0,0,0,0,1,traj_sz=100
40.1124,2.49139,1.35249,-0.020569,0,0,0,0,97,99,0,0,0,0,1,traj_sz=100
40.1324,2.49139,1.35249,-0.020569,0,0,0,0,97,99,0,0,0,0,1,traj_sz=100
40.1524,2.49139,1.35249,-0.020569,0,0,0,0,97,99,0,0,0,0,1,traj_sz=100
40.1724,2.49139,1.35249,-0.020569,0,0,0,0,97,99,0,0,0,0,1,traj_sz=100
40.1924,2.49139,1.35249,-0.020569,0,0,0,0,97,99,0,0,0,0,1,traj_sz=100
40.2124,2.49139,1.35249,-0.020569,0,0,0,0,97,99,0,0,0,0,1,traj_sz=100
40.2325,2.49139,1.35249,-0.020569,0,0,0,0,97,99,0,0,0,0,1,traj_sz=100
40.2524,2.49139,1.35249,-0.020569,0,0,0,0,97,99,0,0,0,0,1,traj_sz=100
40.2724,2.49139,1.35249,-0.020569,0,0,0,0,97,99,0,0,0,0,1,traj_sz=100
40.2924,2.49139,1.35249,-0.020569,0,0,0,0,97,99,0,0,0,0,1,traj_sz=100
40.3125,2.49139,1.35249,-0.020569,0,0,0,0,97,99,0,0,0,0,1,traj_sz=100
40.3324,2.49139,1.35249,-0.020569,0,0,0,0,97,99,0,0,0,0,1,traj_sz=100
40.3524,2.49139,1.35249,-0.020569,0,0,0,0,97,99,0,0,0,0,1,traj_sz=100
40.3724,2.49139,1.35249,-0.020569,0,0,0,0,97,99,0,0,0,0,1,traj_sz=100
40.3925,2.49139,1.35249,-0.020569,0,0,0,0,97,99,0,0,0,0,1,traj_sz=100
40.4125,2.49139,1.35249,-0.020569,0,0,0,0,97,99,0,0,0,0,1,traj_sz=100
40.4324,2.49139,1.35249,-0.020569,0,0,0,0,97,99,0,0,0,0,1,traj_sz=100
40.4524,2.49139,1.35249,-0.020569,0,0,0,0,97,99,0,0,0,0,1,traj_sz=100
40.4724,2.49139,1.35249,-0.020569,0,0,0,0,97,99,0,0,0,0,1,traj_sz=100
40.4926,2.49139,1.35249,-0.020569,0,0,0,0,97,99,0,0,0,0,1,traj_sz=100
40.5124,2.49139,1.35249,-0.020569,0,0,0,0,97,99,0,0,0,0,1,traj_sz=100
40.5324,2.49139,1.35249,-0.020569,0,0,0,0,97,99,0,0,0,0,1,traj_sz=100
40.5525,2.49139,1.35249,-0.020569,0,0,0,0,97,99,0,0,0,0,1,traj_sz=100
40.5724,2.49139,1.35249,-0.020569,0,0,0,0,97,99,0,0,0,0,1,traj_sz=100
40.5925,2.49139,1.35249,-0.020569,0,0,0,0,97,99,0,0,0,0,1,traj_sz=100
40.6124,2.49139,1.35249,-0.020569,0,0,0,0,97,99,0,0,0,0,1,traj_sz=100
40.6326,2.49139,1.35249,-0.020569,0,0,0,0,97,99,0,0,0,0,1,traj_sz=100
40.6524,2.49139,1.35249,-0.020569,0,0,0,0,97,99,0,0,0,0,1,traj_sz=100
40.6725,2.49139,1.35249,-0.020569,0,0,0,0,97,99,0,0,0,0,1,traj_sz=100
40.6924,2.49139,1.35249,-0.020569,0,0,0,0,97,99,0,0,0,0,1,traj_sz=100
40.7126,2.49139,1.35249,-0.020569,0,0,0,0,97,99,0,0,0,0,1,traj_sz=100
40.7325,2.49139,1.35249,-0.020569,0,0,0,0,97,99,0,0,0,0,1,traj_sz=100
40.7524,2.49139,1.35249,-0.020569,0,0,0,0,97,99,0,0,0,0,1,traj_sz=100
40.7725,2.49139,1.35249,-0.020569,0,0,0,0,97,99,0,0,0,0,1,traj_sz=100
40.7926,2.49139,1.35249,-0.020569,0,0,0,0,97,99,0,0,0,0,1,traj_sz=100
40.8125,2.49139,1.35249,-0.020569,0,0,0,0,97,99,0,0,0,0,1,traj_sz=100
40.8324,2.49139,1.35249,-0.020569,0,0,0,0,97,99,0,0,0,0,1,traj_sz=100
40.8523,2.49139,1.35249,-0.020569,0,0,0,0,97,99,0,0,0,0,1,traj_sz=100
40.8724,2.49139,1.35249,-0.020569,0,0,0,0,97,99,0,0,0,0,1,traj_sz=100
40.8925,2.49139,1.35249,-0.020569,0,0,0,0,97,99,0,0,0,0,1,traj_sz=100
40.9124,2.49139,1.35249,-0.020569,0,0,0,0,97,99,0,0,0,0,1,traj_sz=100
40.9324,2.49139,1.35249,-0.020569,0,0,0,0,97,99,0,0,0,0,1,traj_sz=100
40.9524,2.49139,1.35249,-0.020569,0,0,0,0,97,99,0,0,0,0,1,traj_sz=100
40.9724,2.49139,1.35249,-0.020569,0,0,0,0,97,99,0,0,0,0,1,traj_sz=100
40.9925,2.49139,1.35249,-0.020569,0,0,0,0,97,99,0,0,0,0,1,traj_sz=100
41.0126,2.49139,1.35249,-0.020569,0,0,0,0,97,99,0,0,0,0,1,traj_sz=100
41.0326,2.49139,1.35249,-0.020569,0,0,0,0,97,99,0,0,0,0,1,traj_sz=100
41.0525,2.49139,1.35249,-0.020569,0,0,0,0,97,99,0,0,0,0,1,traj_sz=100
41.0725,2.49139,1.35249,-0.020569,0,0,0,0,97,99,0,0,0,0,1,traj_sz=100
41.0925,2.49139,1.35249,-0.020569,0,0,0,0,97,99,0,0,0,0,1,traj_sz=100
41.1126,2.49139,1.35249,-0.020569,0,0,0,0,97,99,0,0,0,0,1,traj_sz=100
41.1324,2.49139,1.35249,-0.020569,0,0,0,0,97,99,0,0,0,0,1,traj_sz=100
41.1524,2.49139,1.35249,-0.020569,0,0,0,0,97,99,0,0,0,0,1,traj_sz=100
41.1724,2.49139,1.35249,-0.020569,0,0,0,0,97,99,0,0,0,0,1,traj_sz=100
41.1926,2.49139,1.35249,-0.020569,0,0,0,0,97,99,0,0,0,0,1,traj_sz=100
41.2125,2.49139,1.35249,-0.020569,0,0,0,0,97,99,0,0,0,0,1,traj_sz=100
41.2324,2.49139,1.35249,-0.020569,0,0,0,0,97,99,0,0,0,0,1,traj_sz=100
41.2524,2.49139,1.35249,-0.020569,0,0,0,0,97,99,0,0,0,0,1,traj_sz=100
41.2724,2.49139,1.35249,-0.020569,0,0,0,0,97,99,0,0,0,0,1,traj_sz=100
41.2927,2.49139,1.35249,-0.020569,0,0,0,0,97,99,0,0,0,0,1,traj_sz=100
41.3125,2.49139,1.35249,-0.020569,0,0,0,0,97,99,0,0,0,0,1,traj_sz=100
41.3323,2.49139,1.35249,-0.020569,0,0,0,0,97,99,0,0,0,0,1,traj_sz=100
41.3523,2.49139,1.35249,-0.020569,0,0,0,0,97,99,0,0,0,0,1,traj_sz=100
41.3724,2.49139,1.35249,-0.020569,0,0,0,0,97,99,0,0,0,0,1,traj_sz=100
41.3925,2.49139,1.35249,-0.020569,0,0,0,0,97,99,0,0,0,0,1,traj_sz=100
41.4124,2.49139,1.35249,-0.020569,0,0,0,0,97,99,0,0,0,0,1,traj_sz=100
41.4325,2.49139,1.35249,-0.020569,0,0,0,0,97,99,0,0,0,0,1,traj_sz=100
41.4523,2.49139,1.35249,-0.020569,0,0,0,0,97,99,0,0,0,0,1,traj_sz=100
41.4724,2.49139,1.35249,-0.020569,0,0,0,0,97,99,0,0,0,0,1,traj_sz=100
41.4924,2.49139,1.35249,-0.020569,0,0,0,0,97,99,0,0,0,0,1,traj_sz=100
41.5124,2.49139,1.35249,-0.020569,0,0,0,0,97,99,0,0,0,0,1,traj_sz=100
41.5324,2.49139,1.35249,-0.020569,0,0,0,0,97,99,0,0,0,0,1,traj_sz=100
41.5525,2.49139,1.35249,-0.020569,0,0,0,0,97,99,0,0,0,0,1,traj_sz=100
41.5725,2.49139,1.35249,-0.020569,0,0,0,0,97,99,0,0,0,0,1,traj_sz=100
41.5926,2.49139,1.35249,-0.020569,0,0,0,0,97,99,0,0,0,0,1,traj_sz=100
41.6125,2.49139,1.35249,-0.020569,0,0,0,0,97,99,0,0,0,0,1,traj_sz=100
41.6326,2.49139,1.35249,-0.020569,0,0,0,0,97,99,0,0,0,0,1,traj_sz=100
41.6525,2.49139,1.35249,-0.020569,0,0,0,0,97,99,0,0,0,0,1,traj_sz=100
41.6724,2.49139,1.35249,-0.020569,0,0,0,0,97,99,0,0,0,0,1,traj_sz=100
41.6923,2.49139,1.35249,-0.020569,0,0,0,0,97,99,0,0,0,0,1,traj_sz=100
41.7124,2.49139,1.35249,-0.020569,0,0,0,0,97,99,0,0,0,0,1,traj_sz=100
41.7323,2.49139,1.35249,-0.020569,0,0,0,0,97,99,0,0,0,0,1,traj_sz=100
41.7523,2.49139,1.35249,-0.020569,0,0,0,0,97,99,0,0,0,0,1,traj_sz=100
41.7725,2.49139,1.35249,-0.020569,0,0,0,0,97,99,0,0,0,0,1,traj_sz=100
41.7923,2.49139,1.35249,-0.020569,0,0,0,0,97,99,0,0,0,0,1,traj_sz=100
41.8125,2.49139,1.35249,-0.020569,0,0,0,0,97,99,0,0,0,0,1,traj_sz=100
41.8323,2.49139,1.35249,-0.020569,0,0,0,0,97,99,0,0,0,0,1,traj_sz=100
41.8523,2.49139,1.35249,-0.020569,0,0,0,0,97,99,0,0,0,0,1,traj_sz=100
41.8724,2.49139,1.35249,-0.020569,0,0,0,0,97,99,0,0,0,0,1,traj_sz=100
41.8924,2.49139,1.35249,-0.020569,0,0,0,0,97,99,0,0,0,0,1,traj_sz=100
41.9124,2.49139,1.35249,-0.020569,0,0,0,0,97,99,0,0,0,0,1,traj_sz=100
41.9323,2.49139,1.35249,-0.020569,0,0,0,0,97,99,0,0,0,0,1,traj_sz=100
41.9524,2.49139,1.35249,-0.020569,0,0,0,0,97,99,0,0,0,0,1,traj_sz=100
41.9723,2.49139,1.35249,-0.020569,0,0,0,0,97,99,0,0,0,0,1,traj_sz=100
41.9923,2.49139,1.35249,-0.020569,0,0,0,0,97,99,0,0,0,0,1,traj_sz=100
42.0123,2.49139,1.35249,-0.020569,0,0,0,0,97,99,0,0,0,0,1,traj_sz=100
42.0325,2.49139,1.35249,-0.020569,0,0,0,0,97,99,0,0,0,0,1,traj_sz=100
42.0524,2.49139,1.35249,-0.020569,0,0,0,0,97,99,0,0,0,0,1,traj_sz=100
42.0725,2.49139,1.35249,-0.020569,0,0,0,0,97,99,0,0,0,0,1,traj_sz=100
42.0923,2.49139,1.35249,-0.020569,0,0,0,0,97,99,0,0,0,0,1,traj_sz=100
42.1124,2.49139,1.35249,-0.020569,0,0,0,0,97,99,0,0,0,0,1,traj_sz=100
42.1325,2.49139,1.35249,-0.020569,0,0,0,0,97,99,0,0,0,0,1,traj_sz=100
42.1524,2.49139,1.35249,-0.020569,0,0,0,0,97,99,0,0,0,0,1,traj_sz=100
42.1723,2.49139,1.35249,-0.020569,0,0,0,0,97,99,0,0,0,0,1,traj_sz=100
42.1923,2.49139,1.35249,-0.020569,0,0,0,0,97,99,0,0,0,0,1,traj_sz=100
42.2124,2.49139,1.35249,-0.020569,0,0,0,0,97,99,0,0,0,0,1,traj_sz=100
42.2324,2.49139,1.35249,-0.020569,0,0,0,0,97,99,0,0,0,0,1,traj_sz=100
42.2524,2.49139,1.35249,-0.020569,0,0,0,0,97,99,0,0,0,0,1,traj_sz=100
42.2725,2.49139,1.35249,-0.020569,0,0,0,0,97,99,0,0,0,0,1,traj_sz=100
42.2924,2.49139,1.35249,-0.020569,0,0,0,0,97,99,0,0,0,0,1,traj_sz=100
42.3124,2.49139,1.35249,-0.020569,0,0,0,0,97,99,0,0,0,0,1,traj_sz=100
42.3324,2.49139,1.35249,-0.020569,0,0,0,0,97,99,0,0,0,0,1,traj_sz=100
42.3524,2.49139,1.35249,-0.020569,0,0,0,0,97,99,0,0,0,0,1,traj_sz=100
42.3725,2.49139,1.35249,-0.020569,0,0,0,0,97,99,0,0,0,0,1,traj_sz=100
42.3925,2.49139,1.35249,-0.020569,0,0,0,0,97,99,0,0,0,0,1,traj_sz=100
42.4125,2.49139,1.35249,-0.020569,0,0,0,0,97,99,0,0,0,0,1,traj_sz=100
42.4325,2.49139,1.35249,-0.020569,0,0,0,0,97,99,0,0,0,0,1,traj_sz=100
42.4525,2.49139,1.35249,-0.020569,0,0,0,0,97,99,0,0,0,0,1,traj_sz=100
42.4724,2.49139,1.35249,-0.020569,0,0,0,0,97,99,0,0,0,0,1,traj_sz=100
42.4926,2.49139,1.35249,-0.020569,0,0,0,0,97,99,0,0,0,0,1,traj_sz=100
42.5124,2.49139,1.35249,-0.020569,0,0,0,0,97,99,0,0,0,0,1,traj_sz=100
42.5324,2.49139,1.35249,-0.020569,0,0,0,0,97,99,0,0,0,0,1,traj_sz=100
42.5525,2.49139,1.35249,-0.020569,0,0,0,0,97,99,0,0,0,0,1,traj_sz=100
42.5725,2.49139,1.35249,-0.020569,0,0,0,0,97,99,0,0,0,0,1,traj_sz=100
42.5926,2.49139,1.35249,-0.020569,0,0,0,0,97,99,0,0,0,0,1,traj_sz=100
42.6124,2.49139,1.35249,-0.020569,0,0,0,0,97,99,0,0,0,0,1,traj_sz=100
42.6326,2.49139,1.35249,-0.020569,0,0,0,0,97,99,0,0,0,0,1,traj_sz=100
42.6526,2.49139,1.35249,-0.020569,0,0,0,0,97,99,0,0,0,0,1,traj_sz=100
42.6726,2.49139,1.35249,-0.020569,0,0,0,0,97,99,0,0,0,0,1,traj_sz=100
42.6925,2.49139,1.35249,-0.020569,0,0,0,0,97,99,0,0,0,0,1,traj_sz=100
42.7125,2.49139,1.35249,-0.020569,0,0,0,0,97,99,0,0,0,0,1,traj_sz=100
42.7324,2.49139,1.35249,-0.020569,0,0,0,0,97,99,0,0,0,0,1,traj_sz=100
42.7524,2.49139,1.35249,-0.020569,0,0,0,0,97,99,0,0,0,0,1,traj_sz=100
42.7725,2.49139,1.35249,-0.020569,0,0,0,0,97,99,0,0,0,0,1,traj_sz=100
42.7925,2.49139,1.35249,-0.020569,0,0,0,0,97,99,0,0,0,0,1,traj_sz=100
42.8124,2.49139,1.35249,-0.020569,0,0,0,0,97,99,0,0,0,0,1,traj_sz=100
42.8324,2.49139,1.35249,-0.020569,0,0,0,0,97,99,0,0,0,0,1,traj_sz=100
42.8523,2.49139,1.35249,-0.020569,0,0,0,0,97,99,0,0,0,0,1,traj_sz=100
42.8725,2.49139,1.35249,-0.020569,0,0,0,0,97,99,0,0,0,0,1,traj_sz=100
42.8925,2.49139,1.35249,-0.020569,0,0,0,0,97,99,0,0,0,0,1,traj_sz=100
42.9124,2.49139,1.35249,-0.020569,0,0,0,0,97,99,0,0,0,0,1,traj_sz=100
42.9324,2.49139,1.35249,-0.020569,0,0,0,0,97,99,0,0,0,0,1,traj_sz=100
42.9524,2.49139,1.35249,-0.020569,0,0,0,0,97,99,0,0,0,0,1,traj_sz=100
42.9725,2.49139,1.35249,-0.020569,0,0,0,0,97,99,0,0,0,0,1,traj_sz=100
42.9924,2.49139,1.35249,-0.020569,0,0,0,0,97,99,0,0,0,0,1,traj_sz=100
43.0124,2.49139,1.35249,-0.020569,0,0,0,0,97,99,0,0,0,0,1,traj_sz=100
43.0323,2.49139,1.35249,-0.020569,0,0,0,0,97,99,0,0,0,0,1,traj_sz=100
43.0524,2.49139,1.35249,-0.020569,0,0,0,0,97,99,0,0,0,0,1,traj_sz=100
43.0724,2.49139,1.35249,-0.020569,0,0,0,0,97,99,0,0,0,0,1,traj_sz=100
43.0923,2.49139,1.35249,-0.020569,0,0,0,0,97,99,0,0,0,0,1,traj_sz=100
43.1123,2.49139,1.35249,-0.020569,0,0,0,0,97,99,0,0,0,0,1,traj_sz=100
43.1323,2.49139,1.35249,-0.020569,0,0,0,0,97,99,0,0,0,0,1,traj_sz=100
43.1524,2.49139,1.35249,-0.020569,0,0,0,0,97,99,0,0,0,0,1,traj_sz=100
43.1725,2.49139,1.35249,-0.020569,0,0,0,0,97,99,0,0,0,0,1,traj_sz=100
43.1925,2.49139,1.35249,-0.020569,0,0,0,0,97,99,0,0,0,0,1,traj_sz=100
43.2124,2.49139,1.35249,-0.020569,0,0,0,0,97,99,0,0,0,0,1,traj_sz=100
43.2325,2.49139,1.35249,-0.020569,0,0,0,0,97,99,0,0,0,0,1,traj_sz=100
43.2524,2.49139,1.35249,-0.020569,0,0,0,0,97,99,0,0,0,0,1,traj_sz=100
43.2725,2.49139,1.35249,-0.020569,0,0,0,0,97,99,0,0,0,0,1,traj_sz=100
43.2925,2.49139,1.35249,-0.020569,0,0,0,0,97,99,0,0,0,0,1,traj_sz=100
43.3124,2.49139,1.35249,-0.020569,0,0,0,0,97,99,0,0,0,0,1,traj_sz=100
43.3324,2.49139,1.35249,-0.020569,0,0,0,0,97,99,0,0,0,0,1,traj_sz=100
43.3524,2.49139,1.35249,-0.020569,0,0,0,0,97,99,0,0,0,0,1,traj_sz=100
43.3725,2.49139,1.35249,-0.020569,0,0,0,0,97,99,0,0,0,0,1,traj_sz=100
43.3923,2.49139,1.35249,-0.020569,0,0,0,0,97,99,0,0,0,0,1,traj_sz=100
43.4124,2.49139,1.35249,-0.020569,0,0,0,0,97,99,0,0,0,0,1,traj_sz=100
43.4325,2.49139,1.35249,-0.020569,0,0,0,0,97,99,0,0,0,0,1,traj_sz=100
43.4525,2.49139,1.35249,-0.020569,0,0,0,0,97,99,0,0,0,0,1,traj_sz=100
43.4724,2.49139,1.35249,-0.020569,0,0,0,0,97,99,0,0,0,0,1,traj_sz=100
43.4924,2.49139,1.35249,-0.020569,0,0,0,0,97,99,0,0,0,0,1,traj_sz=100
43.5124,2.49139,1.35249,-0.020569,0,0,0,0,97,99,0,0,0,0,1,traj_sz=100
43.5325,2.49139,1.35249,-0.020569,0,0,0,0,97,99,0,0,0,0,1,traj_sz=100
43.5525,2.49139,1.35249,-0.020569,0,0,0,0,97,99,0,0,0,0,1,traj_sz=100
43.5725,2.49139,1.35248,-0.0206017,0,0,0,0,97,99,0,0,0,0,1,traj_sz=100
43.5926,2.49139,1.35248,-0.0206017,0,0,0,0,97,99,0,0,0,0,1,traj_sz=100
43.6126,2.49139,1.35248,-0.0206017,0,0,0,0,97,99,0,0,0,0,1,traj_sz=100
43.6324,2.49139,1.35248,-0.0206017,0,0,0,0,97,99,0,0,0,0,1,traj_sz=100
43.6526,2.49139,1.35248,-0.0206017,0,0,0,0,97,99,0,0,0,0,1,traj_sz=100
43.6725,2.49139,1.35248,-0.0206017,0,0,0,0,97,99,0,0,0,0,1,traj_sz=100
43.6924,2.49149,1.35247,-0.0203748,0,0,0,0,97,99,0,0,0,0,1,traj_sz=100
43.7125,2.49149,1.35247,-0.0203748,0,0,0,0,97,99,0,0,0,0,1,traj_sz=100
43.7323,2.49149,1.35247,-0.0203748,0,0,0,0,97,99,0,0,0,0,1,traj_sz=100
43.7524,2.49149,1.35247,-0.0203748,0,0,0,0,97,99,0,0,0,0,1,traj_sz=100
43.7723,2.49149,1.35247,-0.0203748,0,0,0,0,97,99,0,0,0,0,1,traj_sz=100
43.7923,2.49149,1.35247,-0.0203748,0,0,0,0,97,99,0,0,0,0,1,traj_sz=100
43.8124,2.49149,1.35247,-0.0203748,0,0,0,0,97,99,0,0,0,0,1,traj_sz=100
43.8325,2.49149,1.35247,-0.0203748,0,0,0,0,97,99,0,0,0,0,1,traj_sz=100
43.8524,2.49149,1.35247,-0.0203748,0,0,0,0,97,99,0,0,0,0,1,traj_sz=100
43.8726,2.49149,1.35247,-0.0203748,0,0,0,0,97,99,0,0,0,0,1,traj_sz=100
43.8924,2.49149,1.35247,-0.0203748,0,0,0,0,97,99,0,0,0,0,1,traj_sz=100
43.9128,2.49149,1.35247,-0.0203748,0,0,0,0,97,99,0,0,0,0,1,traj_sz=100
43.9324,2.49149,1.35247,-0.0203748,0,0,0,0,97,99,0,0,0,0,1,traj_sz=100
43.9525,2.49149,1.35247,-0.0203748,0,0,0,0,97,99,0,0,0,0,1,traj_sz=100
43.9726,2.49149,1.35247,-0.0203748,0,0,0,0,97,99,0,0,0,0,1,traj_sz=100
43.9925,2.49149,1.35247,-0.0203748,0,0,0,0,97,99,0,0,0,0,1,traj_sz=100
44.0124,2.49149,1.35247,-0.0203748,0,0,0,0,97,99,0,0,0,0,1,traj_sz=100
44.0324,2.49149,1.35247,-0.0203748,0,0,0,0,97,99,0,0,0,0,1,traj_sz=100
44.0525,2.49149,1.35247,-0.0203748,0,0,0,0,97,99,0,0,0,0,1,traj_sz=100
44.0725,2.49149,1.35247,-0.0203748,0,0,0,0,97,99,0,0,0,0,1,traj_sz=100
44.0924,2.49149,1.35247,-0.0203748,0,0,0,0,97,99,0,0,0,0,1,traj_sz=100
44.1125,2.49149,1.35247,-0.0203748,0,0,0,0,97,99,0,0,0,0,1,traj_sz=100
44.1325,2.49149,1.35247,-0.0203748,0,0,0,0,97,99,0,0,0,0,1,traj_sz=100
44.1525,2.49149,1.35247,-0.0203748,0,0,0,0,97,99,0,0,0,0,1,traj_sz=100
44.1724,2.49149,1.35247,-0.0203748,0,0,0,0,97,99,0,0,0,0,1,traj_sz=100
44.1925,2.49149,1.35247,-0.0203748,0,0,0,0,97,99,0,0,0,0,1,traj_sz=100
44.2124,2.49149,1.35247,-0.0203748,0,0,0,0,97,99,0,0,0,0,1,traj_sz=100
44.2324,2.49149,1.35247,-0.0203748,0,0,0,0,97,99,0,0,0,0,1,traj_sz=100
44.2524,2.49149,1.35247,-0.0203748,0,0,0,0,97,99,0,0,0,0,1,traj_sz=100
44.2724,2.49149,1.35247,-0.0203748,0,0,0,0,97,99,0,0,0,0,1,traj_sz=100
44.2925,2.49149,1.35247,-0.0203748,0,0,0,0,97,99,0,0,0,0,1,traj_sz=100
44.3126,2.49149,1.35247,-0.0203748,0,0,0,0,97,99,0,0,0,0,1,traj_sz=100
44.3324,2.49149,1.35247,-0.0203748,0,0,0,0,97,99,0,0,0,0,1,traj_sz=100
44.3525,2.49149,1.35247,-0.0203748,0,0,0,0,97,99,0,0,0,0,1,traj_sz=100
44.3725,2.49149,1.35247,-0.0203748,0,0,0,0,97,99,0,0,0,0,1,traj_sz=100
44.3925,2.49149,1.35247,-0.0203748,0,0,0,0,97,99,0,0,0,0,1,traj_sz=100
44.4124,2.49149,1.35247,-0.0203748,0,0,0,0,97,99,0,0,0,0,1,traj_sz=100
44.4325,2.49149,1.35247,-0.0203748,0,0,0,0,97,99,0,0,0,0,1,traj_sz=100
44.4525,2.49149,1.35247,-0.0203748,0,0,0,0,97,99,0,0,0,0,1,traj_sz=100
44.4725,2.49149,1.35247,-0.0203748,0,0,0,0,97,99,0,0,0,0,1,traj_sz=100
44.4924,2.49149,1.35247,-0.0203748,0,0,0,0,97,99,0,0,0,0,1,traj_sz=100
44.5125,2.49149,1.35247,-0.0203748,0,0,0,0,97,99,0,0,0,0,1,traj_sz=100
44.5324,2.49149,1.35247,-0.0203748,0,0,0,0,97,99,0,0,0,0,1,traj_sz=100
44.5525,2.49149,1.35247,-0.0203748,0,0,0,0,97,99,0,0,0,0,1,traj_sz=100
44.5724,2.49149,1.35247,-0.0203748,0,0,0,0,97,99,0,0,0,0,1,traj_sz=100
44.5924,2.49149,1.35247,-0.0203748,0,0,0,0,97,99,0,0,0,0,1,traj_sz=100
44.6124,2.49149,1.35247,-0.0203748,0,0,0,0,97,99,0,0,0,0,1,traj_sz=100
44.6324,2.49149,1.35247,-0.0203748,0,0,0,0,97,99,0,0,0,0,1,traj_sz=100
44.6524,2.49149,1.35247,-0.0203748,0,0,0,0,97,99,0,0,0,0,1,traj_sz=100
44.6723,2.49149,1.35247,-0.0203748,0,0,0,0,97,99,0,0,0,0,1,traj_sz=100
44.6923,2.49149,1.35247,-0.0203748,0,0,0,0,97,99,0,0,0,0,1,traj_sz=100
44.7124,2.49149,1.35247,-0.0203748,0,0,0,0,97,99,0,0,0,0,1,traj_sz=100
44.7323,2.49149,1.35247,-0.0203748,0,0,0,0,97,99,0,0,0,0,1,traj_sz=100
44.7524,2.49149,1.35247,-0.0203748,0,0,0,0,97,99,0,0,0,0,1,traj_sz=100
44.7723,2.49149,1.35247,-0.0203748,0,0,0,0,97,99,0,0,0,0,1,traj_sz=100
44.7924,2.49149,1.35247,-0.0203748,0,0,0,0,97,99,0,0,0,0,1,traj_sz=100
44.8126,2.49149,1.35247,-0.0203748,0,0,0,0,97,99,0,0,0,0,1,traj_sz=100
44.8325,2.49149,1.35247,-0.0203748,0,0,0,0,97,99,0,0,0,0,1,traj_sz=100
44.8525,2.49149,1.35247,-0.0203748,0,0,0,0,97,99,0,0,0,0,1,traj_sz=100
44.8724,2.49149,1.35247,-0.0203748,0,0,0,0,97,99,0,0,0,0,1,traj_sz=100
44.8923,2.49149,1.35247,-0.0203748,0,0,0,0,97,99,0,0,0,0,1,traj_sz=100
44.9123,2.49149,1.35247,-0.0203748,0,0,0,0,97,99,0,0,0,0,1,traj_sz=100
44.9324,2.49149,1.35247,-0.0203748,0,0,0,0,97,99,0,0,0,0,1,traj_sz=100
44.9525,2.49149,1.35247,-0.0203748,0,0,0,0,97,99,0,0,0,0,1,traj_sz=100
44.9725,2.49149,1.35247,-0.0203748,0,0,0,0,97,99,0,0,0,0,1,traj_sz=100
44.9926,2.49149,1.35247,-0.0203748,0,0,0,0,97,99,0,0,0,0,1,traj_sz=100
45.0126,2.49149,1.35247,-0.0203748,0,0,0,0,97,99,0,0,0,0,1,traj_sz=100
45.0323,2.49149,1.35247,-0.0203748,0,0,0,0,97,99,0,0,0,0,1,traj_sz=100
45.0524,2.49149,1.35247,-0.0203748,0,0,0,0,97,99,0,0,0,0,1,traj_sz=100
45.0725,2.49149,1.35247,-0.0203748,0,0,0,0,97,99,0,0,0,0,1,traj_sz=100
45.0925,2.49149,1.35247,-0.0203748,0,0,0,0,97,99,0,0,0,0,1,traj_sz=100
45.1125,2.49149,1.35247,-0.0203748,0,0,0,0,97,99,0,0,0,0,1,traj_sz=100
45.1324,2.49149,1.35247,-0.0203748,0,0,0,0,97,99,0,0,0,0,1,traj_sz=100
45.1523,2.49149,1.35247,-0.0203748,0,0,0,0,97,99,0,0,0,0,1,traj_sz=100
45.1724,2.49149,1.35247,-0.0203748,0,0,0,0,97,99,0,0,0,0,1,traj_sz=100
45.1925,2.49149,1.35247,-0.0203748,0,0,0,0,97,99,0,0,0,0,1,traj_sz=100
45.2123,2.49149,1.35247,-0.0203748,0,0,0,0,97,99,0,0,0,0,1,traj_sz=100
45.2323,2.49149,1.35247,-0.0203748,0,0,0,0,97,99,0,0,0,0,1,traj_sz=100
45.2524,2.49149,1.35247,-0.0203748,0,0,0,0,97,99,0,0,0,0,1,traj_sz=100
45.2724,2.49149,1.35247,-0.0203748,0,0,0,0,97,99,0,0,0,0,1,traj_sz=100
45.2925,2.49149,1.35247,-0.0203748,0,0,0,0,97,99,0,0,0,0,1,traj_sz=100
45.3126,2.49149,1.35247,-0.0203748,0,0,0,0,97,99,0,0,0,0,1,traj_sz=100
45.3325,2.49149,1.35247,-0.0203748,0,0,0,0,97,99,0,0,0,0,1,traj_sz=100
45.3523,2.49149,1.35247,-0.0203748,0,0,0,0,97,99,0,0,0,0,1,traj_sz=100
45.3726,2.49149,1.35247,-0.0203748,0,0,0,0,97,99,0,0,0,0,1,traj_sz=100
45.3925,2.49149,1.35247,-0.0203748,0,0,0,0,97,99,0,0,0,0,1,traj_sz=100
45.4125,2.49149,1.35247,-0.0203748,0,0,0,0,97,99,0,0,0,0,1,traj_sz=100
45.4323,2.49149,1.35247,-0.0203748,0,0,0,0,97,99,0,0,0,0,1,traj_sz=100
45.4525,2.49149,1.35247,-0.0203748,0,0,0,0,97,99,0,0,0,0,1,traj_sz=100
45.4724,2.49149,1.35247,-0.0203748,0,0,0,0,97,99,0,0,0,0,1,traj_sz=100
45.4924,2.49149,1.35247,-0.0203748,0,0,0,0,97,99,0,0,0,0,1,traj_sz=100
45.5126,2.49149,1.35247,-0.0203748,0,0,0,0,97,99,0,0,0,0,1,traj_sz=100
45.5325,2.49149,1.35247,-0.0203748,0,0,0,0,97,99,0,0,0,0,1,traj_sz=100
45.5525,2.49149,1.35247,-0.0203748,0,0,0,0,97,99,0,0,0,0,1,traj_sz=100
45.5725,2.49149,1.35247,-0.0203748,0,0,0,0,97,99,0,0,0,0,1,traj_sz=100
45.5925,2.49149,1.35247,-0.0203748,0,0,0,0,97,99,0,0,0,0,1,traj_sz=100
45.6124,2.49149,1.35247,-0.0203748,0,0,0,0,97,99,0,0,0,0,1,traj_sz=100
45.6324,2.49149,1.35247,-0.0203748,0,0,0,0,97,99,0,0,0,0,1,traj_sz=100
45.6523,2.49149,1.35247,-0.0203748,0,0,0,0,97,99,0,0,0,0,1,traj_sz=100
45.6724,2.49149,1.35247,-0.0203748,0,0,0,0,97,99,0,0,0,0,1,traj_sz=100
45.6923,2.49149,1.35247,-0.0203748,0,0,0,0,97,99,0,0,0,0,1,traj_sz=100
45.7124,2.49149,1.35247,-0.0203748,0,0,0,0,97,99,0,0,0,0,1,traj_sz=100
45.7323,2.49149,1.35247,-0.0203748,0,0,0,0,97,99,0,0,0,0,1,traj_sz=100
45.7524,2.49149,1.35247,-0.0203748,0,0,0,0,97,99,0,0,0,0,1,traj_sz=100
45.7725,2.49149,1.35247,-0.0203748,0,0,0,0,97,99,0,0,0,0,1,traj_sz=100
45.7924,2.49149,1.35247,-0.0203748,0,0,0,0,97,99,0,0,0,0,1,traj_sz=100
45.8125,2.49149,1.35247,-0.0203748,0,0,0,0,97,99,0,0,0,0,1,traj_sz=100
45.8326,2.49149,1.35247,-0.0203748,0,0,0,0,97,99,0,0,0,0,1,traj_sz=100
45.8524,2.49149,1.35247,-0.0203748,0,0,0,0,97,99,0,0,0,0,1,traj_sz=100
45.8724,2.49149,1.35247,-0.0203748,0,0,0,0,97,99,0,0,0,0,1,traj_sz=100
